ID,質問日時,カテゴリ,投稿者名,経過時間,回答数,閲覧数,回答難易度,共感数,回答リアクション総数,注目度,回答競争率,注目/競争比,ランキングポテンシャル,受付終了まで,URL,本文冒頭,マイフラグ,ベストアンサーフラグ
1,2026/2/1 19:56,携帯型ゲーム全般,さえ,4時間58分,1,17,17.0,0,2,0.057,5.88,0.01,0.42,あと3日,https://detail.chiebukuro.yahoo.co.jp/qa/question_detail/q11324907921,崩壊スターレイルについて質問です。 先日始めたばっかりの初心者です！おすすめ編成を教えてください！ 後サンデー引くつもりで30連分集めました間に合うと思いますか？,0,0
2,2026/2/1 19:56,卓球,c2ebd5434,4時間58分,0,14,14.0,0,0,0.047,0.0,0.0,0.05,あと3日,https://detail.chiebukuro.yahoo.co.jp/qa/question_detail/q10324907920,卓球部中学生です。 今ラザンターの45を使用していて、ドライブのしやすさを求めてラクザ7にしようと考えています。どのような使い心地なのかと、ラクザ7ソフトの差を教えて欲しいです。お願いします,0,0
3,2026/2/1 19:56,恋愛相談,bkf********,4時間58分,3,34,11.3,0,0,0.114,8.82,0.01,0.61,あと3日,https://detail.chiebukuro.yahoo.co.jp/qa/question_detail/q14324907919,これっきりこれっきりもうこれっきりですか？,0,0
4,2026/2/1 19:56,英語,1153030506,4時間58分,1,18,18.0,0,0,0.06,5.56,0.01,0.23,あと3日,https://detail.chiebukuro.yahoo.co.jp/qa/question_detail/q12324907917,画像の関係代名詞の問題が合ってるか確認をしてほしいです！また、下のチャレンジも教えてほしいです！,0,0
5,2026/2/1 19:56,大学受験,adf87fc2e,4時間58分,0,10,10.0,0,0,0.034,0.0,0.0,0.03,あと3日,https://detail.chiebukuro.yahoo.co.jp/qa/question_detail/q11324907916,関東圏で日本文化を学べる大学を探しています。日本文化といっても明治や大正の大衆文化や、生活について学びたいです。偏差値は55以下くらいの所ってないですか？,0,0
6,2026/2/1 19:56,恋愛相談、人間関係の悩み,********,4時間58分,4,18,4.5,0,0,0.06,22.22,0.0,0.73,あと3日,https://detail.chiebukuro.yahoo.co.jp/qa/question_detail/q10324907915,28歳女ですが、彼氏と一緒にいたいから付き合っています 結婚するために付き合ってるわけじゃないのですがおかしいですか？,0,0
7,2026/2/1 19:56,話題の人物,ID 非公開,4時間58分,1,22,22.0,0,0,0.074,4.55,0.02,0.24,あと3日,https://detail.chiebukuro.yahoo.co.jp/qa/question_detail/q12324907912,黒田朝日はイケメンですか？,0,0
8,2026/2/1 19:56,高校,bb62ecf6a,4時間58分,2,21,10.5,0,0,0.07,9.52,0.01,0.4,あと3日,https://detail.chiebukuro.yahoo.co.jp/qa/question_detail/q14324907914,皆さんに質問です。 今年高校に入学します！それで友達作りたいと考えているのですが、話題づくりのために筆箱をちょっとでも可愛くしたいです！普通の可愛い筆箱かぬいぐるみの筆箱どっちが受けがいいんですか？？,0,0
9,2026/2/1 19:56,オーディオ,b48e88f53,4時間58分,1,4,4.0,0,0,0.013,25.0,0.0,0.18,あと3日,https://detail.chiebukuro.yahoo.co.jp/qa/question_detail/q13324907913,大至急 スピーカーについて質問です AnkerのSoundCore3のイコライザーを低音強めにして教えてほしいです。画像だしてくれるとありがたいです。,0,0
10,2026/2/1 19:56,菓子、スイーツ,1152428415,4時間58分,1,25,25.0,0,0,0.084,4.0,0.02,0.25,あと3日,https://detail.chiebukuro.yahoo.co.jp/qa/question_detail/q11324907911,私は今年54歳になるおっさんです。生まれてこの方どら焼きとメロンパンは一つ食べ切った事がありません。 メロンパンに至ってはどんな味なのかイメージ出来ません。 皆さんに質問です。身近な食べ物でほとんど食...,0,0
11,2026/2/1 19:56,ライブ、コンサート,1150252675,4時間58分,0,6,6.0,0,0,0.02,0.0,0.0,0.02,あと3日,https://detail.chiebukuro.yahoo.co.jp/qa/question_detail/q10324907910,ソンムル交換について教えてください 今度ライブに行くのですが同じリスナーさんの制作したステッカーを頂くことになりました。 私はお返しにギフトカードを渡そうと思うのですが500〜1000円にしようと思い...,0,0
12,2026/2/1 19:56,バイク,qqv********,4時間58分,2,24,12.0,0,1,0.08,8.33,0.01,0.51,不明,https://detail.chiebukuro.yahoo.co.jp/qa/question_detail/q14324907909,ブレーキフルードについて質問です バイクに使用しますが、2輪用と4輪用では違いはあるんでしょうか？,0,0
13,2026/2/1 19:56,オンラインゲーム,みかん,4時間58分,1,23,23.0,0,3,0.077,4.35,0.02,0.54,不明,https://detail.chiebukuro.yahoo.co.jp/qa/question_detail/q13324907908,ポケットWi-Fiのレンタルについて質問です。 容量？が多いもの、かつ無制限のものを探しています!（用語が間違っていたらすみません、、、） 弟とディズニーに行くため、ポケットWi-Fiを使って弟がSw...,0,0
14,2026/2/1 19:56,料理、食材,auc********,4時間58分,3,55,18.3,0,1,0.184,5.45,0.03,0.78,あと3日,https://detail.chiebukuro.yahoo.co.jp/qa/question_detail/q12324907907,この精肉、本当に見切り品ですかね？ スーパーでよくお肉が割引価格で販売されています。元の価格1000円以上のところが300円です。それも大量にあります。 これって割引表示する事によって購入させる気だっ...,0,0
15,2026/2/1 19:55,シニアライフ、シルバーライフ,スコール,4時間59分,7,44,6.3,0,4,0.147,15.91,0.01,1.71,あと3日,https://detail.chiebukuro.yahoo.co.jp/qa/question_detail/q11324907906,冬の楽しみは何ですか？ ('ω'),0,0
16,2026/2/1 19:55,ダイエット,*****,5時間0分,3,14,4.7,0,3,0.047,21.43,0.0,0.84,あと3日,https://detail.chiebukuro.yahoo.co.jp/qa/question_detail/q13324907903,20代から30代前半と同じ体重でも、60代70代のほうが太って見えるのは何故ですか。,0,0
17,2026/2/1 19:55,大学受験,c88406cc3,5時間0分,3,43,14.3,0,0,0.143,6.98,0.02,0.64,あと3日,https://detail.chiebukuro.yahoo.co.jp/qa/question_detail/q10324907905,focus goldについて質問です。東大志望の高1なのですが、どこまでやるべきでしょうか？例題のみ、練習問題まで、ステップアップまで、章末まで、レベルアップまで、実践編まで、どれがいいでしょう？,0,0
18,2026/2/1 19:55,恋愛相談、人間関係の悩み,匿名,5時間0分,0,0,0.0,0,0,0.0,0.0,0.0,0.0,あと3日,https://detail.chiebukuro.yahoo.co.jp/qa/question_detail/q12324907902,若い男性で、他人に話している時に、｢妻｣を｢家内｣と言っている人は、少ないですか？,0,0
19,2026/2/1 19:55,政治、社会問題,@mgjjj8,5時間0分,12,74,6.2,0,13,0.246,16.22,0.02,3.53,あと3日,https://detail.chiebukuro.yahoo.co.jp/qa/question_detail/q10324907900,2月8日の選挙についてです 今回の選挙では自民党に票を入れても大丈夫でしょうか？ 夏の選挙では参政党に入れました。 ですが、高市総理には総理をぜひ続けて欲しいと思っています。そのため、自民党に票を入れ...,0,0
20,2026/2/1 19:55,ファッション,a32888196,5時間0分,1,19,19.0,0,0,0.063,5.26,0.01,0.23,不明,https://detail.chiebukuro.yahoo.co.jp/qa/question_detail/q11324907901,学校の行事で私服を着ます。 華美な服装はダメらしいのですが、この服は華美に入りますか？,0,0
21,2026/2/1 19:55,職場の悩み,ID,5時間0分,2,27,13.5,0,0,0.09,7.41,0.01,0.42,あと3日,https://detail.chiebukuro.yahoo.co.jp/qa/question_detail/q14324907899,退職を伝えた人に質問です この日に退職したいと伝えて その退職日まで人間関係どうでしたか？ 自分は30代独身女です 実家暮らしです とばっちりで部署変わってから約1年 この1年生き地獄でした 一緒にや...,0,0
22,2026/2/1 19:55,恋愛相談、人間関係の悩み,1051559179,5時間0分,0,5,5.0,0,0,0.017,0.0,0.0,0.02,あと3日,https://detail.chiebukuro.yahoo.co.jp/qa/question_detail/q12324907897,遠距離の相手にバレンタインを渡したいのですが 私自身遠距離が初めてなのでどんなものを作って渡す方がいいのか 郵便局でどう発送すればいいのか 冷蔵なのか冷凍なのか等分からなくて経験ある方 教えて頂きたい...,0,0
23,2026/2/1 19:55,大学受験,秘密,5時間0分,2,18,9.0,0,1,0.06,11.11,0.01,0.49,あと3日,https://detail.chiebukuro.yahoo.co.jp/qa/question_detail/q13324907898,科目選択について質問です・ 工業高校（デザイン科）の1年です。 私の将来の夢は、漫画の編集者になることです。 進路希望調査で科目選択をしなければならない時期なので質問させていただきます。 まず、出版社...,0,0
24,2026/2/1 19:55,メイク、コスメ,***,5時間0分,0,44,44.0,0,0,0.146,0.0,0.0,0.15,あと3日,https://detail.chiebukuro.yahoo.co.jp/qa/question_detail/q11324907896,梅田駅(〜中津)徒歩圏内で ・16タイプパーソナルカラー診断 ・顔診断 ・骨格診断(できれば7タイプ) 上記3種をしてくれるお店を教えていただきたいです。,0,0
25,2026/2/1 19:55,邦楽,bkf********,5時間0分,0,11,11.0,0,0,0.037,0.0,0.0,0.04,あと3日,https://detail.chiebukuro.yahoo.co.jp/qa/question_detail/q10324907895,NHKはテレビ離れや視聴者層の高齢化などから「NHKのど自慢」の視聴率が低下していることを懸念してMCを男女アナウンサー交互担当にしたり、中学生も出場できるようにとテコ入れをしています。 「のど自慢」...,0,0
26,2026/2/1 19:55,麻雀,Light2020,5時間0分,1,20,20.0,1,0,0.067,5.0,0.01,0.56,あと3日,https://detail.chiebukuro.yahoo.co.jp/qa/question_detail/q13324907893,これは避けようのないラスですか？ 訳:牌譜検討お願いします 雀魂牌譜: https://game.mahjongsoul.com/?paipu=260201-982a08dd-0481-4dca-88...,0,0
27,2026/2/1 19:55,レディース全般,aa9c99c64,5時間0分,1,60,60.0,1,1,0.199,1.67,0.12,0.8,不明,https://detail.chiebukuro.yahoo.co.jp/qa/question_detail/q14324907894,セーラー服のここって無いほうが可愛いですか？,0,0
28,2026/2/1 19:55,物理学,a9e2b8f5e,5時間0分,1,14,14.0,0,1,0.047,7.14,0.01,0.31,あと3日,https://detail.chiebukuro.yahoo.co.jp/qa/question_detail/q12324907892,画像の問題の（2）から全部教えてほしいです。 解説を読んだんですが全然理解できませんでした。 そもそも、棒が動くのもどういう力が働いているから動くのかあまりわかりません。 答えは上から順に、 ア、オ、...,0,0
29,2026/2/1 19:55,メイク、コスメ,a3ded2c16,5時間0分,3,27,9.0,1,0,0.09,11.11,0.01,0.92,あと3日,https://detail.chiebukuro.yahoo.co.jp/qa/question_detail/q11324907891,至急お願います！ まつ毛が全然上がらないのですがどうしたらいいでしょうか？また、他に改善点などあれば教えていただきたいですよろしくお願いします。,0,0
30,2026/2/1 19:55,世界史,猫,5時間0分,3,12,4.0,0,0,0.04,25.0,0.0,0.54,あと3日,https://detail.chiebukuro.yahoo.co.jp/qa/question_detail/q10324907890,グプタ朝って何ですか？,0,0
31,2026/2/1 19:55,ボクシング,xz********,5時間1分,1,11,11.0,0,0,0.037,9.09,0.0,0.2,あと3日,https://detail.chiebukuro.yahoo.co.jp/qa/question_detail/q14324907889,ジェシー・ロドリゲスがバンタム級に上がってきたら 今の世界王者は、みんな対戦を拒否しますか？,0,0
32,2026/2/1 19:55,住宅,1149811770,5時間1分,0,9,9.0,0,0,0.03,0.0,0.0,0.03,あと3日,https://detail.chiebukuro.yahoo.co.jp/qa/question_detail/q12324907887,至急！！！ 築25年以上、住んでからまだ1年経っていませんが掃除してて気づいたら床剥げていました。経年劣化で何とかなりませんかね、剥がれた部分は粉々になってしまいました。住む前からところどころ沈んでた...,0,0
33,2026/2/1 19:55,法律相談,チェリアン,5時間1分,0,5,5.0,0,0,0.017,0.0,0.0,0.02,あと3日,https://detail.chiebukuro.yahoo.co.jp/qa/question_detail/q11324907886,性加害者は刑務所に服役しても自分の衝動を抑えられるようになる人は少ないですか？,0,0
34,2026/2/1 19:55,税金、年金,aromof,5時間1分,3,24,8.0,0,3,0.08,12.5,0.01,0.87,あと3日,https://detail.chiebukuro.yahoo.co.jp/qa/question_detail/q10324907885,アメリカは消費税ないからインボイスがない。 EUはインボイスがある ↑あってます？おおまかでええです！,0,0
35,2026/2/1 19:55,家具、インテリア,1151463012,5時間1分,3,12,4.0,0,0,0.04,25.0,0.0,0.54,あと3日,https://detail.chiebukuro.yahoo.co.jp/qa/question_detail/q14324907884,ワンルームで18.02㎡とは何畳でしょうか？,0,0
36,2026/2/1 19:55,数学,1152745305,5時間1分,1,25,25.0,0,0,0.083,4.0,0.02,0.25,あと3日,https://detail.chiebukuro.yahoo.co.jp/qa/question_detail/q13324907883,数学について質問です。281の解き方がわかりません答えを見てもよくわからないのでやり方を簡単に教えてくれませんか？回答お願いします,0,0
37,2026/2/1 19:55,政治、社会問題,lD非公開,5時間1分,2,10,5.0,0,1,0.033,20.0,0.0,0.46,あと3日,https://detail.chiebukuro.yahoo.co.jp/qa/question_detail/q12324907882,選挙などの街頭演説。ああいうの聞いてる人（関係者除く）ってどんな連中かわかりますか？,0,0
38,2026/2/1 19:55,バス、タクシー,こいのぼり,5時間1分,0,9,9.0,0,0,0.03,0.0,0.0,0.03,あと3日,https://detail.chiebukuro.yahoo.co.jp/qa/question_detail/q11324907881,大阪シティバスの電気バスは現在はどの路線で動いていますか？ 去年まではこのマークをつけて走っていましたが、現在ではなくなっています。,0,0
40,2026/2/1 19:55,ゲーム,匿名,5時間1分,0,5,5.0,0,0,0.017,0.0,0.0,0.02,あと3日,https://detail.chiebukuro.yahoo.co.jp/qa/question_detail/q14324907879,東ディバについて質問です、 学園７９Lvで、怪異事件62が勝てません( ; ; ) やはり火力不足なのでしょうか、相性悪いのでしょうか(>_<)アドバイスお願い致します,0,0
41,2026/1/28 18:14,K-POP、アジア,tap********,102時間42分,2,25382,12691.0,6,65,4.119,0.01,411.9,4.55,回答受付が終了しました,https://detail.chiebukuro.yahoo.co.jp/qa/question_detail/q12324769677,"ENHYPENのニキ、何があったんですか？ X見てたら""ENHYPENは7人、ニキが脱退するなんて反対""""みんな離れていった""みたいなのが流れてきて。 なぜそんな流れになってるんですか？ 事務所がマス...",0,0
42,2026/1/31 10:10,ゲーム,UK,38時間46分,2,7410,3705.0,8,12,3.185,0.03,106.17,3.72,不明,https://detail.chiebukuro.yahoo.co.jp/qa/question_detail/q10324854485,ハートピアスローライフで開催中のイベントで、オーロラディナーのレシピの入手方法がわかりません。どうやって手に入れるんでしょうか?教えてくださいm(*_ _)m,0,0
43,2026/1/31 8:56,インターネット接続,a3b6c235f,40時間0分,2,37609,18804.5,3,71,15.665,0.01,1566.5,16.71,不明,https://detail.chiebukuro.yahoo.co.jp/qa/question_detail/q11324852806,85xo 85poってもう見れなくなりました、？？ 全く開かなくて困ってるんですけど 接続できないと表示されます,0,0
44,2026/1/31 21:47,大学受験,一般,27時間9分,1,3969,3969.0,2,0,2.435,0.03,81.17,2.59,あと2日,https://detail.chiebukuro.yahoo.co.jp/qa/question_detail/q11324875846,河合塾からの関西大学解答速報は試験日の何日後に出ますか,0,0
45,2023/12/13 18:22,料理、食材,lot********,18750時間35分,1,108041,108041.0,9,71,0.096,0.0,0.0,0.1,不明,https://detail.chiebukuro.yahoo.co.jp/qa/question_detail/q12290305162,ジャガイモの緑色について これくらいの緑は食べられるのでしょうか？ (写真左側のジャガイモ),0,0
46,2026/1/28 17:10,iPhone,hid********,103時間47分,23,47348,2058.6,59,523,7.604,0.05,152.08,11.25,回答受付が終了しました,https://detail.chiebukuro.yahoo.co.jp/qa/question_detail/q13324767573,iPhone8＋をiOS16.7.13にアップデートしようとダウンロード を終えてインストールしようとしたらこんな表示が出てきて出来ません。 暫くすれば通知が来てインストール出来るのでしょうか？詳しい...,0,0
47,2026/1/27 15:56,ライブ、コンサート,c1dc8e2c0,129時間1分,3,9462,3154.0,0,12,1.222,0.03,40.73,1.29,不明,https://detail.chiebukuro.yahoo.co.jp/qa/question_detail/q14324732159,なにわ男子の京セラ1月30日にいかせていただくのですが、ゲート案内は何日くらいにきますか？,0,0
48,2026/2/1 15:08,大学受験,a5b5f4dae,9時間49分,1,2126,2126.0,1,4,3.607,0.05,72.14,4.06,あと3日,https://detail.chiebukuro.yahoo.co.jp/qa/question_detail/q14324897819,東北学院大学の一般入試についてです。 今日試験があったのですが、解答はいつ分かるのでしょうか。,0,0
49,2026/1/31 12:50,アニメ,ロボット玩具大好きMK-2,36時間7分,2,8655,4327.5,1,8,3.993,0.02,199.65,4.19,不明,https://detail.chiebukuro.yahoo.co.jp/qa/question_detail/q14324858794,閃光のハサウェイ・キルケーの魔女 ネタバレあり ↓ ↓ ↓ ↓ ↓ ↓ ↓ ↓ ↓ ↓ ↓ 終盤でハサウェイがレーン・エイムとの戦いで アムロとνガンダムの幻覚を見ていたのは レーン・エイムが搭乗して...,0,0
50,2026/1/30 13:24,アニメ,ロボット玩具大好きMK-2,59時間33分,1,12838,12838.0,0,27,3.593,0.01,359.3,3.83,不明,https://detail.chiebukuro.yahoo.co.jp/qa/question_detail/q11324826791,閃光のハサウェイ・キルケーの魔女 ネタバレ注意 ↓ ↓ ↓ ↓ ↓ ↓ ↓ エンディングでクスィーガンダムとギギが 向かいあってるシーンで クスィーガンダムの顔から何か剥がれてましたが あれ何か分かり...,0,0
51,2026/2/1 19:55,サッカー,11502053I9,5時間2分,5,32,6.4,0,0,0.106,15.62,0.01,0.93,あと3日,https://detail.chiebukuro.yahoo.co.jp/qa/question_detail/q13324907878,Jリーグ発足当時はジーコやリトバルスキーなど世界トップ選手が複数いたみたいです しかし当時の日本はレベルが低かった そんな中で世界トップ選手が複数いたのは、どんな状況だったのですか？ 差が大き過ぎて見...,0,0
52,2026/2/1 19:55,スノーボード,ad5168d32,5時間2分,2,21,10.5,0,1,0.069,9.52,0.01,0.5,あと3日,https://detail.chiebukuro.yahoo.co.jp/qa/question_detail/q11324907876,スノーボードのリーマンスティック、フォレストについて質問です。カービング性能が高いようですが実際どのくらいカービングできるのでしょうか。私はいわゆる深堀りが好きなのですがフォレストでできるでしょうか。,0,0
54,2026/2/1 19:55,恋愛相談、人間関係の悩み,該当なし,5時間2分,2,19,9.5,0,0,0.063,10.53,0.01,0.39,あと3日,https://detail.chiebukuro.yahoo.co.jp/qa/question_detail/q10324907875,相手は異性です。女性 自分は連絡の干し癖が異常でメンタルが病むと全く返せなくなります(精神病とかではなく持病で発病するとスマホなどに制限しなければならない) 仕事が超多忙もあって頻度も多く、それでも連...,0,0
55,2026/2/1 19:55,iPhone,a10b86229,5時間2分,0,24,24.0,0,0,0.079,0.0,0.0,0.08,あと3日,https://detail.chiebukuro.yahoo.co.jp/qa/question_detail/q14324907874,ios16.7.13はどのくらいで出来る様になりますか？,0,0
56,2026/2/1 19:55,生き方、人生相談,努力する凡才,5時間2分,3,8,2.7,0,0,0.026,37.5,0.0,0.52,あと3日,https://detail.chiebukuro.yahoo.co.jp/qa/question_detail/q13324907873,涙もろくて泣き虫なのをなおすにはどうしたらいいですか？,0,0
57,2026/2/1 19:55,恋愛相談、人間関係の悩み,非公開,5時間2分,0,15,15.0,0,0,0.05,0.0,0.0,0.05,あと3日,https://detail.chiebukuro.yahoo.co.jp/qa/question_detail/q12324907872,30代の方にお聞きします。インスタって周りはほぼやってないですか？ また、大学卒業後からどのように減ってきたのでしょうか？ 23あたりで少し減り始め、25あたりにガクンと投稿する人が減ってきているよう...,0,0
59,2026/2/1 19:54,職場の悩み,sys********,5時間4分,1,28,28.0,0,1,0.092,3.57,0.03,0.35,不明,https://detail.chiebukuro.yahoo.co.jp/qa/question_detail/q10324907870,育児休職などの権利と評価についてですが、もちろん取得できるものはしていけばいいと思います。 法的には、育児休職を理由に評価を下げるような不利益はダメとありますが、経営側からすると、その期間業績もあげて...,0,0
60,2026/2/1 19:54,大学受験,1152164481,5時間4分,1,54,54.0,0,0,0.178,1.85,0.1,0.34,不明,https://detail.chiebukuro.yahoo.co.jp/qa/question_detail/q14324907869,関学の問題に慣れていたら甲南の問題は簡単に感じるのですかね。,0,0
61,2026/2/1 19:54,テーマパーク,vcm********,5時間4分,1,35,35.0,0,1,0.115,2.86,0.04,0.38,あと3日,https://detail.chiebukuro.yahoo.co.jp/qa/question_detail/q13324907868,2月28日ディズニーシーのオチェーアノのブッフェを予約したいのですがどこ調べても予約できるところがありません。どこから予約できますか？,0,0
62,2026/2/1 19:54,フィギュアスケート,**********,5時間4分,0,28,28.0,0,0,0.092,0.0,0.0,0.09,あと3日,https://detail.chiebukuro.yahoo.co.jp/qa/question_detail/q12324907867,高橋大輔君は羽生結弦君の捻挫からの復活劇とは比較できないほど1シーズンを棒にするというとてつもない大怪我を負ったにも拘わらず必死のリハビリで奇跡の男子アジア人初五輪メダリストになりました。 なのに何故...,0,0
63,2026/2/1 19:54,YouTube,ebi********,5時間4分,0,6,6.0,0,0,0.02,0.0,0.0,0.02,あと3日,https://detail.chiebukuro.yahoo.co.jp/qa/question_detail/q11324907866,長時間撮影をするためにおすすめの方法を教えてください。 音声を後から聞き返せるように記録しておきたいと思っています。 利用するのは私のみで、YouTubeに自分だけ聞ける設定でアップして聞きたいと思っ...,0,0
64,2026/2/1 19:54,バラエティ、お笑い,日大法学部法律学科卒,5時間4分,0,1,1.0,0,0,0.003,0.0,0.0,0.0,あと3日,https://detail.chiebukuro.yahoo.co.jp/qa/question_detail/q10324907865,ペマ・ギャルポに「♪ペマ・ギャルポ ギャルポ ギャルポ トゥナイト♪」って矢沢の止まらないha～haの音楽で歌ったら、ギャルポ・パンチが飛んで来ますかｗ？,0,0
65,2026/2/1 19:54,アニメ,ラブリーlovely,5時間4分,2,50,25.0,0,2,0.164,4.0,0.04,0.69,不明,https://detail.chiebukuro.yahoo.co.jp/qa/question_detail/q14324907864,アニメが好きで毎日見てる方に質問です アニメが好きで推しができて その日によって変わるんですが 皆さんも同じ人居ますか？,0,0
66,2026/2/1 19:54,資格,1253072951,5時間4分,0,20,20.0,1,0,0.066,0.0,0.0,0.39,あと3日,https://detail.chiebukuro.yahoo.co.jp/qa/question_detail/q13324907863,美容師国家試験衛生分野についての質問です 準備時間中に物を落としてしまった場合消毒して衛生員に申請しないとダメなのでしょうか？ 要項に⬇️のように書かれています。 準備時間中の落下用具類の消毒や使用許...,0,0
67,2026/2/1 19:54,アルバイト、フリーター,匿名,5時間4分,1,0,0.0,0,0,0.0,0.0,0.0,0.16,あと3日,https://detail.chiebukuro.yahoo.co.jp/qa/question_detail/q12324907862,警備のバイトをしている女性は月給だと15万円くらいですか？,0,0
68,2026/2/1 19:54,インフルエンザ,a6e152edf,5時間4分,1,22,22.0,0,0,0.072,4.55,0.02,0.24,あと3日,https://detail.chiebukuro.yahoo.co.jp/qa/question_detail/q11324907861,24歳のインフルエンザ罹患後の体力の戻し方についてアドバイスをください；； 数日前にB型インフルエンザを発症しました。 38.5度以上の高熱が6日間続き、ピーク時は39~40度が2日間ほど続きました。...,0,0
69,2026/2/1 19:54,大学受験,1152026202,5時間4分,0,17,17.0,0,0,0.056,0.0,0.0,0.06,あと3日,https://detail.chiebukuro.yahoo.co.jp/qa/question_detail/q10324907860,至急です！UCAROの学習院大学の受験票の印刷の仕方がわかりません。どなたか教えてください！,0,0
70,2026/2/1 19:54,日本語,col********,5時間4分,1,35,35.0,0,1,0.115,2.86,0.04,0.38,あと3日,https://detail.chiebukuro.yahoo.co.jp/qa/question_detail/q14324907859,至急です。以下の文章は棘がありますか？穏便な言い方をするとしたらどうしたらいいでしょうか。 「少し お伝えしづらいんですが私がAさんに嫌われているという話を聞くのが正直なところ辛いです。 前回お聞きし...,0,0
71,2026/2/1 19:54,情報番組、ワイドショー,skb********,5時間4分,0,2,2.0,0,0,0.007,0.0,0.0,0.01,あと3日,https://detail.chiebukuro.yahoo.co.jp/qa/question_detail/q12324907857,今週のZIPのプレゼントキーワードがわかるかたよろしくお願いします,0,0
72,2026/2/1 19:54,Windows 10,1051578613,5時間4分,1,10,10.0,0,0,0.033,10.0,0.0,0.2,あと3日,https://detail.chiebukuro.yahoo.co.jp/qa/question_detail/q13324907858,大至急【オンラインコード版の場合】 ①USBメモリーを挿す ②MS公式サイトからインストールメディアのアシスタントを利用して、USBメモリーに書き込んで作成する。 ③UEFI(BIOS)を開いて、bo...,0,0
73,2026/2/1 19:54,Windows 全般,ba7bafe08,5時間4分,1,15,15.0,0,0,0.049,6.67,0.01,0.21,あと3日,https://detail.chiebukuro.yahoo.co.jp/qa/question_detail/q11324907856,大学でパソコンが必要になるのですが、 この条件で安く買えるパソコンなどはありますか？パソコンの知識が全く無いのである方に教えて頂きたいです。,0,0
74,2026/2/1 19:54,バドミントン,a31aa455d,5時間5分,3,21,7.0,0,0,0.069,14.29,0.0,0.56,あと3日,https://detail.chiebukuro.yahoo.co.jp/qa/question_detail/q14324907854,中学生バドミントン部の女子です。 先日団体戦の大会があり、シードを決める予選では全敗でしたがトーナメント戦の時、私は1ダブで、コート3面を使い、1ダブ、シングル、2ダブ全て同時に行う形で、シングルと2...,0,0
75,2026/2/1 19:54,恋愛相談,a88973703,5時間5分,1,25,25.0,0,1,0.082,4.0,0.02,0.34,あと3日,https://detail.chiebukuro.yahoo.co.jp/qa/question_detail/q10324907855,女性って身長低い人は恋愛対象じゃないのに 車椅子の人は恋愛対象ですか？,0,0
76,2026/2/1 19:54,Yahoo!知恵袋,ねこ,5時間5分,1,24,24.0,0,0,0.079,4.17,0.02,0.24,あと3日,https://detail.chiebukuro.yahoo.co.jp/qa/question_detail/q12324907852,誰か分かりますか？,0,0
77,2026/2/1 19:54,コンタクトレンズ、視力矯正,れー,5時間5分,1,13,13.0,0,0,0.043,7.69,0.01,0.21,あと3日,https://detail.chiebukuro.yahoo.co.jp/qa/question_detail/q11324907851,普段乱視用コンタクトを使用しており、乱視用カラコンを購入したのですが度が合っていないのか若干ぼやけます。 目がゴロゴロしているのだと思い毎回目薬をさすのですが一瞬見えるようになりますがまたすぐぼやけま...,0,0
78,2026/2/1 19:54,大学受験,奏推し,5時間5分,1,6,6.0,0,0,0.02,16.67,0.0,0.18,あと3日,https://detail.chiebukuro.yahoo.co.jp/qa/question_detail/q10324907850,八澤の古典文法が終わりました。この後は読解でいいですか？またおすすめの参考書教えてください,0,0
79,2026/2/1 19:54,株式,1052185255,5時間5分,1,22,22.0,0,0,0.072,4.55,0.02,0.24,あと3日,https://detail.chiebukuro.yahoo.co.jp/qa/question_detail/q14324907849,sbi証券の口座を作ったのですが、各種アプリへのログインができません。 電話番号認証も問題なくしております。 考えられる原因はなんですか？,0,0
80,2026/2/1 19:54,ゲーム,☆,5時間5分,2,22,11.0,0,0,0.072,9.09,0.01,0.4,あと3日,https://detail.chiebukuro.yahoo.co.jp/qa/question_detail/q13324907848,最近薄桜鬼を見ていてゲームもしたいなと思うようになりました！！そこで、スマホでするか3DSでするかSwitchでするか迷うのですが、どれの方がいいでしょうか？ お金のこと考えたら中古で3DSの方を買い...,0,0
81,2026/2/1 19:54,海外,a8b8ec661,5時間5分,1,175,175.0,1,0,0.573,0.57,1.01,1.06,あと3日,https://detail.chiebukuro.yahoo.co.jp/qa/question_detail/q12324907847,2/1(日)現在、ミセスグリーンアップルの大森元貴さんは海外の ロサンゼルスに行かれていますか？分かる範囲で教えてください,0,0
82,2026/2/1 19:54,観光地、行楽地,非公開ID,5時間5分,3,31,10.3,0,5,0.101,9.68,0.01,1.08,あと3日,https://detail.chiebukuro.yahoo.co.jp/qa/question_detail/q11324907846,知床でも鹿が増えているのだから、熊は鹿を食べていれば良いのでは？,0,0
83,2026/2/1 19:54,世界史,猫,5時間5分,3,11,3.7,1,0,0.036,27.27,0.0,0.85,不明,https://detail.chiebukuro.yahoo.co.jp/qa/question_detail/q10324907845,アメリカ南部連合って何ですか？,0,0
84,2026/2/1 19:54,手芸,swc********,5時間5分,3,44,14.7,0,1,0.144,6.82,0.02,0.73,不明,https://detail.chiebukuro.yahoo.co.jp/qa/question_detail/q14324907844,棒編み 編み図について 18目１柄の模様編みですが 最後は二目一度が3回で終わっていますが 実際に編むと3個目の掛け目で終わってしまいます。 二目一度×3=6目 表目、掛け目×6=12目 二目一度×3...,0,0
86,2026/2/1 19:54,労働条件、給与、残業,匿名,5時間5分,4,29,7.2,0,0,0.095,13.79,0.01,0.75,あと3日,https://detail.chiebukuro.yahoo.co.jp/qa/question_detail/q14324907839,月給が15万円の女性は安月給ですか？,0,0
87,2026/2/1 19:54,英語,can********,5時間5分,2,17,8.5,0,3,0.056,11.76,0.0,0.67,あと3日,https://detail.chiebukuro.yahoo.co.jp/qa/question_detail/q10324907840,お尋ねします。 But as Mrs Saint Clair had seen him at the foot of the stairs only a few seconds after her h...,0,0
88,2026/2/1 19:54,香水,ata********,5時間5分,0,11,11.0,0,0,0.036,0.0,0.0,0.04,あと3日,https://detail.chiebukuro.yahoo.co.jp/qa/question_detail/q11324907841,香水について。 エリザベスアーデンのグリーンティーを愛用していますが、すぐに香りが飛んでしまうのが悩みです。 似た系統の香りでもっと持ちが良い香水（EDPなど）を探しています。 特にミドル〜ラストの香...,0,0
89,2026/2/1 19:54,自動車,mid********,5時間5分,0,5,5.0,0,0,0.016,0.0,0.0,0.02,あと3日,https://detail.chiebukuro.yahoo.co.jp/qa/question_detail/q13324907838,ダイハツ NORIORI（ノリオリ）、発売開始時期、カラー、価格を教えて下さい。,0,0
90,2026/2/1 19:54,恋愛相談、人間関係の悩み,5181g,5時間6分,2,46,23.0,0,0,0.15,4.35,0.03,0.48,あと3日,https://detail.chiebukuro.yahoo.co.jp/qa/question_detail/q12324907837,現在18の男です。 前付き合ってた女の子は僕と付き合う前に デートすることになっても『友達と遊んでくるわ』と言って親に言いませんでしたが、今好きな子は親に『今度男の子と映画見てくる！』と親に言ったそう...,0,0
91,2026/2/1 19:54,メルカリ,acfcd3969,5時間6分,1,12,12.0,0,1,0.039,8.33,0.0,0.3,あと3日,https://detail.chiebukuro.yahoo.co.jp/qa/question_detail/q11324907836,メルカリでプレイコムデギャルソンを買おうと思ってるんですけど偽物ですか？,0,0
92,2026/2/1 19:54,政治、社会問題,リルちゃん,5時間6分,0,5,5.0,0,0,0.016,0.0,0.0,0.02,あと3日,https://detail.chiebukuro.yahoo.co.jp/qa/question_detail/q10324907835,日本で 2008年から 2025年に 一年間で 亡くなった人は 何万人いますか？,0,0
93,2026/2/1 19:54,福祉、介護,xz********,5時間6分,2,40,20.0,0,1,0.131,5.0,0.03,0.55,あと3日,https://detail.chiebukuro.yahoo.co.jp/qa/question_detail/q14324907834,50代の女性は「熟女」という枠で人気がありますが 50代の男性は「介護」を意識して 女性は付き合いません。 このあたりは恋愛では男女差はありますか？,0,0
94,2026/2/1 19:54,高校受験,1052338984,5時間6分,1,23,23.0,0,0,0.075,4.35,0.02,0.24,あと3日,https://detail.chiebukuro.yahoo.co.jp/qa/question_detail/q13324907833,内申120なんですけど、今年の倍率とか考えて入試で最低限何点取れれば大和高校に受かるでしょうか。,0,0
95,2026/2/1 19:54,家具、インテリア,、。,5時間6分,2,12,6.0,0,0,0.039,16.67,0.0,0.36,あと3日,https://detail.chiebukuro.yahoo.co.jp/qa/question_detail/q12324907832,お部屋の消臭力とトイレの消臭力ってどうして形状が異なるのですか？,0,0
96,2026/2/1 19:54,恋愛相談、人間関係の悩み,1053054955,5時間6分,2,10,5.0,0,0,0.033,20.0,0.0,0.36,あと3日,https://detail.chiebukuro.yahoo.co.jp/qa/question_detail/q11324907831,新横浜スケボーパークに行くのが怖いです。 実際に行っている人感想や空気感などを教えてください。また、話しかけられるかを教えてください,0,0
97,2026/2/1 19:54,農学、バイオテクノロジー,1051822891,5時間6分,4,18,4.5,0,2,0.059,22.22,0.0,0.9,あと3日,https://detail.chiebukuro.yahoo.co.jp/qa/question_detail/q10324907830,農業には参入障壁がありますよね?土地は持っている上に農業に興味があるのですが、育てられる知識も技能もありません。結局、土地を手放すしかないです。こういう人は少なくないのではないですか?,0,0
98,2026/2/1 19:54,ライブ、コンサート,shs********,5時間6分,0,9,9.0,0,0,0.029,0.0,0.0,0.03,あと3日,https://detail.chiebukuro.yahoo.co.jp/qa/question_detail/q14324907829,e+について よく先着チケットのときに、5分前にログインしておくなどを見かけます。 アプリやwebに限らず、常にログインしっぱなしですが、申し込みの度にログインする必要があります。（メアドとパスワード...,0,0
99,2026/2/1 19:54,情報番組、ワイドショー,skb********,5時間6分,0,4,4.0,0,0,0.013,0.0,0.0,0.01,あと3日,https://detail.chiebukuro.yahoo.co.jp/qa/question_detail/q13324907828,今週のめざましテレビのプレゼントキーワードがわかるかたよろしくお願いします,0,0
100,2026/2/1 19:54,男性の病気,vkw********,5時間6分,2,29,14.5,0,1,0.095,6.9,0.01,0.52,あと3日,https://detail.chiebukuro.yahoo.co.jp/qa/question_detail/q12324907827,包茎に関する質問です。 今18歳で手術を考えています。 通常時は簡単にむけますが先細りのせいかカリに引っかかる感じ（皮余り）になります。 勃った際には亀頭はギリ露出できますがカリの下でかなり締め付けま...,0,0
101,2026/2/1 19:54,恋愛相談、人間関係の悩み,a88973703,5時間6分,1,15,15.0,0,4,0.049,6.67,0.01,0.6,あと3日,https://detail.chiebukuro.yahoo.co.jp/qa/question_detail/q11324907826,女性って身長低い人は恋愛対象じゃないのに 車椅子の人は恋愛対象ですか？,0,0
102,2026/2/1 19:53,不動産,c963c2179,5時間7分,4,44,11.0,0,2,0.143,9.09,0.02,0.98,あと3日,https://detail.chiebukuro.yahoo.co.jp/qa/question_detail/q10324907825,仲介手数料についてですが アットホームで探した物件で中古住宅を購入したのですが 住宅会社のホームページへは仲介手数料無料と記載がありました。 住宅を見学した際に住宅会社に仲介手数料がない事を確認しまし...,0,0
103,2026/2/1 19:53,スマホアプリ,1252289009,5時間7分,1,20,20.0,0,0,0.065,5.0,0.01,0.23,不明,https://detail.chiebukuro.yahoo.co.jp/qa/question_detail/q14324907824,あるゲームアプリを探しています。 ねこを集めるじゃないけど、そんな感じです。でも｢ねこあつめ｣ではないです。青いちょうちょとか金のちょうちょとかをタップして獲得？します。軒下等が変えられます、わかる方...,0,0
104,2026/2/1 19:53,携帯型ゲーム全般,ade120b15,5時間7分,1,28,28.0,0,0,0.091,3.57,0.03,0.25,あと3日,https://detail.chiebukuro.yahoo.co.jp/qa/question_detail/q13324907823,バウンティラッシュについて質問です 正月の10日頃に白ニカでリセマラして現在64レベルです 後はクマボニーが60レベで昨日ダイヤ1700個使って黒ひげガチャしたのですがクマボニだけでした 現在A-とB...,0,0
105,2026/2/1 19:53,メガネ、サングラス,lfo********,5時間7分,0,2,2.0,0,0,0.006,0.0,0.0,0.01,あと3日,https://detail.chiebukuro.yahoo.co.jp/qa/question_detail/q11324907821,レイバンのクラブマイスター RB3016なのですが、 テンプルの長さの印字があるのとないものがありますが、なぜなのでしょうか？,0,0
106,2026/2/1 19:53,恋愛相談、人間関係の悩み,1253119313,5時間7分,1,9,9.0,0,0,0.029,11.11,0.0,0.19,あと3日,https://detail.chiebukuro.yahoo.co.jp/qa/question_detail/q12324907822,女子高生です。男子高校生は毎日ちょっと知り合い程度の女子から毎日DMが来たら嫌ですか？ 直接話しかけてもDM送っても、一言返ってくるだけなので、そっけなく感じてしまいます。 しかしどんな内容でもDMを...,0,0
107,2026/2/1 19:53,カスタマイズ,zvb********,5時間8分,1,15,15.0,0,0,0.049,6.67,0.01,0.21,あと3日,https://detail.chiebukuro.yahoo.co.jp/qa/question_detail/q10324907820,本日、リヤスピーカーをケンウッドスピーカー に替えて、ヘッドユニット、フロントセパレートスピーカー、すべてケンウッドになりました。素晴らしい音場感で満足してますが、 更に良くしたいです。 考えられる方...,0,0
108,2026/2/1 19:53,恋愛相談,cut********,5時間8分,1,12,12.0,0,0,0.039,8.33,0.0,0.2,あと3日,https://detail.chiebukuro.yahoo.co.jp/qa/question_detail/q14324907819,僕は1995年生まれの30歳ですけど、30歳のおっさんが2つ年下の28歳の女の子と付き合いたいと思ってるのはやはり気持ち悪いと思われるのでしょうか？？ よく分かりません。,0,0
109,2026/2/1 19:53,病気、症状,b60780a5d,5時間8分,0,7,7.0,0,0,0.023,0.0,0.0,0.02,あと3日,https://detail.chiebukuro.yahoo.co.jp/qa/question_detail/q13324907818,熱は無いのに顔が熱っぽくてだるくて頭も少し痛いです。 これなんの病気でしょうか,0,0
110,2026/2/1 19:53,恋愛相談、人間関係の悩み,c185de762,5時間8分,0,12,12.0,0,0,0.039,0.0,0.0,0.04,あと3日,https://detail.chiebukuro.yahoo.co.jp/qa/question_detail/q12324907817,インスタでよく繋がっているオタク垢の子が自分をメンションして推しのストーリー上げたりすると思うのですが経緯ってなんですか？もしメンションされたら自分はどうするべきですか？,0,0
112,2026/2/1 19:53,クレジットカード,あかざ,5時間8分,1,20,20.0,0,0,0.065,5.0,0.01,0.23,あと3日,https://detail.chiebukuro.yahoo.co.jp/qa/question_detail/q10324907815,初めてクレジットカード高額支払い時に持ちたいので作りたいと思ってるんですが、なんのカードがおすすめですか？ 基本現金で支払いで高額な時はカードで払いたいと思ってます,0,0
113,2026/2/1 19:53,政治、社会問題,1150330018,5時間8分,1,7,7.0,0,0,0.023,14.29,0.0,0.18,あと3日,https://detail.chiebukuro.yahoo.co.jp/qa/question_detail/q14324907814,いよちよ解散総選挙もあと一週間になりましたね。皆さんはどの党が1位になると思いますか？,0,0
114,2026/2/1 19:53,海外サッカー,man********,5時間8分,0,10,10.0,0,0,0.032,0.0,0.0,0.03,あと3日,https://detail.chiebukuro.yahoo.co.jp/qa/question_detail/q13324907813,レアルがシーズン後半戦で逆転するためにはどうすれば良いでしょうか。 自分はベリンガムを偽9番で起用すると良いと思います,0,0
115,2026/2/1 19:53,女性アイドル,ななし,5時間8分,1,9,9.0,0,0,0.029,11.11,0.0,0.19,あと3日,https://detail.chiebukuro.yahoo.co.jp/qa/question_detail/q12324907812,イコラブの生写真についての質問です！ 貴族衣装とレコ大衣装の生写真っていつ販売されると思いますか？どちらともとても好きな衣装なので絶対手に入れたいです( ; ; ),0,0
116,2026/2/1 19:53,アルバイト、フリーター,1052696899,5時間8分,1,25,25.0,0,0,0.081,4.0,0.02,0.24,あと3日,https://detail.chiebukuro.yahoo.co.jp/qa/question_detail/q11324907811,また風俗嬢です。 今仕事をどちらにするかで悩んでいます。 昼の仕事を始めようとアパレルの派遣社員とシーシャのアルバイトの面接を受けました。 結果どちらも受かりましたがシーシャは夜勤があり時給1400円...,0,0
117,2026/2/1 19:53,ヘアスタイル,c3be3d646,5時間8分,0,2,2.0,0,0,0.006,0.0,0.0,0.01,あと3日,https://detail.chiebukuro.yahoo.co.jp/qa/question_detail/q10324907810,マッシュから髪を伸ばしていて、現在もう少し伸びたらミディアムって言えるかなってくらいの長さなんですけど、ツーブロを入れるのはあまりオススメしませんかね、、？ （どういう髪にしたいとかどういう目的があっ...,0,0
118,2026/2/1 19:53,YouTube,非公開,5時間8分,1,15,15.0,0,1,0.049,6.67,0.01,0.31,あと3日,https://detail.chiebukuro.yahoo.co.jp/qa/question_detail/q13324907808,動画作って公開とかして無いのに自分のYouTubeのアカウントにチャンネル登録する人がいるのですがこれって何でチャンネル登録するんですか？,0,0
119,2026/2/1 19:53,LINE,。,5時間8分,1,190,190.0,2,3,0.615,0.53,1.16,1.71,不明,https://detail.chiebukuro.yahoo.co.jp/qa/question_detail/q14324907809,至急！！！オープンチャットのノートのみが見れないです。個チャやグループLINEのノートは見れるのですがオープンチャットのみが見れないです。。何回も携帯の電源を落としたりもしました。。,0,0
120,2026/2/1 19:53,職場の悩み,匿名,5時間8分,1,38,38.0,0,0,0.123,2.63,0.05,0.28,あと3日,https://detail.chiebukuro.yahoo.co.jp/qa/question_detail/q12324907807,裏で自分の事をめっちゃ褒める先輩？ 職場で私の事を裏で褒めるリーダー的な存在の先輩（同性）がいるんですけど、何故かモヤモヤする...あんまりいい気持ちにならないんです。 私が職場で理不尽な扱いを受けて...,0,0
121,2026/2/1 19:53,生き方、人生相談,カルマ,5時間8分,2,15,7.5,0,2,0.049,13.33,0.0,0.56,あと3日,https://detail.chiebukuro.yahoo.co.jp/qa/question_detail/q10324907805,18歳女です 最近何をしても満たされません テレビを見る絵を描く音楽を聴く勉強料理などとにかく色んなことをやってますがまじで満足できません まあ多分理由としてはなんかみんな生きててすごいなぁ自分なんて...,0,0
122,2026/2/1 19:53,格闘技、武術全般,bvc********,5時間8分,3,33,11.0,0,0,0.107,9.09,0.01,0.59,あと3日,https://detail.chiebukuro.yahoo.co.jp/qa/question_detail/q14324907804,ある合気道系のYouTubeチャンネルで見つけた杖術の動画ですがこの杖術は使えますか？ https://youtu.be/SVjUm7gIvvk,0,0
123,2026/2/1 19:53,iPhone,あ,5時間9分,1,25,25.0,0,0,0.081,4.0,0.02,0.24,あと3日,https://detail.chiebukuro.yahoo.co.jp/qa/question_detail/q13324907803,今iPhoneSEでスマホを機種変更しようと思っているのですが、中古でiPhone12を買うかiPhone16を2年契約で買うのだったら、どっちの方がいいですかね？,0,0
124,2026/2/1 19:53,大学受験,c88406cc3,5時間9分,3,24,8.0,0,0,0.078,12.5,0.01,0.56,あと3日,https://detail.chiebukuro.yahoo.co.jp/qa/question_detail/q12324907802,focus goldはいつ頃までに終わらせるべきですか？今高一です。1Aをやっていて、東大志望です。,0,0
125,2026/2/1 19:53,中古車,@,5時間9分,3,25,8.3,0,1,0.081,12.0,0.01,0.66,不明,https://detail.chiebukuro.yahoo.co.jp/qa/question_detail/q10324907800,2014年式JH1のN-WGNのセルの部品交換について伺いたいです。 娘の乗るN-WGNのセルが故障して部品交換が必要だと言われました。 ただ、部品が９万円くらいするらしく15万キロ越えの車への修理は...,0,0
126,2026/2/1 19:53,企業と経営,この世は奇跡しかない,5時間9分,1,5,5.0,0,0,0.016,20.0,0.0,0.18,あと3日,https://detail.chiebukuro.yahoo.co.jp/qa/question_detail/q14324907799,要らない物を売るのと日払いのアルバイト以外に何か副業は無いですか？ 努力してやればちゃんとお金になるものを教えて下さい。,0,0
127,2026/2/1 19:53,政治、社会問題,19731022（。）（。）,5時間9分,9,59,6.6,2,6,0.191,15.25,0.01,2.86,あと3日,https://detail.chiebukuro.yahoo.co.jp/qa/question_detail/q13324907798,10代20代からの支持率が高い高市政権。 その10代20代の人は本当に食品消費税０にしてくれると思っるとの記事を見たのですがマジですか？ やるわけないのに。,0,0
128,2026/2/1 19:53,男性アイドル,1052932681,5時間9分,0,2,2.0,0,0,0.006,0.0,0.0,0.01,あと3日,https://detail.chiebukuro.yahoo.co.jp/qa/question_detail/q12324907797,今度、SUPER★DRAGONのBreak offのリリースイベントに行こうと思っているのですが、リリイベ自体に初めて行くので分からない点がいくつかあり質問させて頂きます 1つ目、特典会の中の「お見送...,0,0
129,2026/2/1 19:53,ライブ、コンサート,ana********,5時間9分,1,25,25.0,0,0,0.081,4.0,0.02,0.24,あと3日,https://detail.chiebukuro.yahoo.co.jp/qa/question_detail/q11324907796,timeleszのドームツアーに参戦することになりました！元々同行者登録していた方が急遽参戦できなくなったため、代わりに行くことになりました。 同行者登録の変更は不可のようなのですが、そのまま入場して...,0,0
130,2026/2/1 19:53,労働条件、給与、残業,1150335849,5時間9分,1,22,22.0,0,0,0.071,4.55,0.02,0.23,あと3日,https://detail.chiebukuro.yahoo.co.jp/qa/question_detail/q13324907793,同棲をしています。転職を考えているのですが、内定を貰ったのが以下の2つの歯科クリニックです。(歯科助手、受付) Aクリニック 月給29万円(固定残業代7万円、基本給21万円) 勤務時間 9時30分〜2...,0,0
131,2026/2/1 19:53,オーディオ,sak********,5時間9分,1,36,36.0,0,0,0.116,2.78,0.04,0.28,あと3日,https://detail.chiebukuro.yahoo.co.jp/qa/question_detail/q12324907792,レコードプレーヤーの購入を検討しているのですが、 TEAC(ティアック) TN-180BT-B オーディオテクニカ AT-LP60XBT どちらの方がおすすめですか？？ また他におすすめあれば教えてく...,0,0
132,2026/2/1 19:53,競馬,tlc********,5時間9分,3,38,12.7,0,0,0.123,7.89,0.02,0.61,あと3日,https://detail.chiebukuro.yahoo.co.jp/qa/question_detail/q11324907791,エンペラーワケアの敗因を教えてください 競馬,0,0
133,2026/2/1 19:53,携帯型ゲーム全般,. __,5時間9分,1,16,16.0,0,0,0.052,6.25,0.01,0.21,あと3日,https://detail.chiebukuro.yahoo.co.jp/qa/question_detail/q14324907789,質問失礼致します 。 原神を始めたばかりで 、 まだまだ分かっていない事が沢山あるのですが どのキャラクターでチーム編成をしたら良いや このキャラクターは強くするべき等 教えて下さったら幸いです > ...,0,0
134,2026/2/1 19:53,経済、景気,cen********,5時間9分,1,15,15.0,0,0,0.048,6.67,0.01,0.21,あと3日,https://detail.chiebukuro.yahoo.co.jp/qa/question_detail/q13324907788,国債の格付けとは、誰が何を目的としたものですか？ 格付けが低いと、その金額を払ってもらえなくなる可能性があるということですか？,0,0
135,2026/2/1 19:53,iPhone,sho********,5時間9分,0,7,7.0,0,0,0.023,0.0,0.0,0.02,あと3日,https://detail.chiebukuro.yahoo.co.jp/qa/question_detail/q12324907787,１２月に機種変しました。１２月分を今までの口座から引き落としがありました。 次からはソフトバンクのカードからの支払いにしたんですが、そちらの方も手数料の4950円プラスメリハリ無制限のデータ代金の引き...,0,0
136,2026/2/1 19:53,X（旧Twitter）,。,5時間9分,1,57,57.0,1,0,0.184,1.75,0.11,0.67,あと3日,https://detail.chiebukuro.yahoo.co.jp/qa/question_detail/q11324907786,Xのアカウントが凍結されました。 異議申し立てを送り、アカウントが復活したというメールをいただいたのですが、解除されません。 これは時間が立てば解決するのでしょうか。,0,0
137,2026/2/1 19:53,恋愛相談、人間関係の悩み,1251895280,5時間9分,4,105,26.2,1,0,0.339,3.81,0.09,1.3,あと3日,https://detail.chiebukuro.yahoo.co.jp/qa/question_detail/q10324907785,誰か俺の心を温めてください。 社会人の男です。 社会人サークルに入り、初めて本気で好きになった女の子ができました。 食事や映画に行き、勇気を出して告白したら、付き合うイメージが湧かない、ごめんなさい、...,0,0
138,2026/2/1 19:53,遊戯王,polyxena,5時間10分,1,11,11.0,1,0,0.035,9.09,0.0,0.52,あと3日,https://detail.chiebukuro.yahoo.co.jp/qa/question_detail/q14324907784,遊戯王のマスターデュエルは普通にプレイしていてジェムが貯まるし、被りのカードをポイントに変えて違うカードを取得できるので、課金の必要って無いと思うのですがどうなんでしょうか？,0,0
139,2026/2/1 19:53,恋愛相談、人間関係の悩み,レブロン,5時間10分,0,4,4.0,0,0,0.013,0.0,0.0,0.01,あと3日,https://detail.chiebukuro.yahoo.co.jp/qa/question_detail/q13324907783,質問です 個別塾で後ろに知り合いの人がいたんですけど その斜め前の席に座って少し寝てたら いなくなっていました帰ったのかなって思ったんですけどあとで帰り際に他の席で自習してるのを見ました嫌われてるので...,0,0
140,2026/2/1 19:53,YouTube,oew********,5時間10分,0,3,3.0,0,0,0.01,0.0,0.0,0.01,あと3日,https://detail.chiebukuro.yahoo.co.jp/qa/question_detail/q11324907781,ホロライブ、ぺこらとヴィヴィが仲良くなるフラグとなったアーカイブとかありますか？,0,0
141,2026/2/1 19:53,携帯型ゲーム全般,もっちー,5時間10分,0,3,3.0,0,0,0.01,0.0,0.0,0.01,あと3日,https://detail.chiebukuro.yahoo.co.jp/qa/question_detail/q12324907782,zetaでキャラを作ろうとしたら画像のようなマークが出て作れません。下の方を見てもそのマークが出てる箇所がなくてなぜ出てるのか教えて欲しいです！,0,0
142,2026/2/1 19:53,サッカー,1151327001,5時間10分,0,2,2.0,0,0,0.006,0.0,0.0,0.01,あと3日,https://detail.chiebukuro.yahoo.co.jp/qa/question_detail/q10324907780,イーフットボールで２つくらい前のフェノミナルフィニッシュ持ちのベリンガムを、フォワードで使うならCFかSTどちらが良いですか？,0,0
143,2026/2/1 19:53,数学,1152041328,5時間10分,3,16,5.3,0,0,0.052,18.75,0.0,0.53,あと3日,https://detail.chiebukuro.yahoo.co.jp/qa/question_detail/q14324907779,整数のmodについて質問です modの計算式の書き方なのですが、途中で等式変形をするときにも≡で式を繋げていいのでしょうか？ また合同式の変形の最後に=0となったときに、その式の後ろにも(mod〜)と...,0,0
144,2026/2/1 19:53,政治、社会問題,lD非公開,5時間10分,1,20,20.0,0,1,0.064,5.0,0.01,0.32,あと3日,https://detail.chiebukuro.yahoo.co.jp/qa/question_detail/q13324907778,幸福実現党って今もあるのですか？,0,0
145,2026/2/1 19:53,資格,1051915756,5時間10分,0,7,7.0,0,0,0.023,0.0,0.0,0.02,あと3日,https://detail.chiebukuro.yahoo.co.jp/qa/question_detail/q12324907777,機械保全技能士3級の電気系保全作業の実技試験について質問があります。 学生時代に、シーケンス制御は少しかじったことがあるレベルでリレーやタイマースイッチ等の知識は最低限レベルだと思っています。 調べる...,0,0
147,2026/2/1 19:52,職場の悩み,mei********,5時間11分,0,8,8.0,0,0,0.026,0.0,0.0,0.03,あと3日,https://detail.chiebukuro.yahoo.co.jp/qa/question_detail/q14324907774,最近、物静かと言われることが多いのですが、どういう意味でしょうか？ 20代の会社員の者です,0,0
148,2026/2/1 19:52,家族関係の悩み,1252324370,5時間11分,0,13,13.0,0,0,0.042,0.0,0.0,0.04,あと3日,https://detail.chiebukuro.yahoo.co.jp/qa/question_detail/q13324907773,母に銭湯行ってきたと言うと、バカじゃないの？ていわれます。自分の物差しでしか発言出来ないんですかね,0,0
149,2026/2/1 19:52,一人暮らし、シングルライフ,匿名,5時間11分,3,16,5.3,0,0,0.051,18.75,0.0,0.53,あと3日,https://detail.chiebukuro.yahoo.co.jp/qa/question_detail/q12324907772,1人暮らしの女性は、月給が15万円で、生活出来ますか？,0,0
150,2026/2/1 19:52,ダイエット,ad156f37,5時間11分,3,37,12.3,1,0,0.119,8.11,0.01,0.92,あと3日,https://detail.chiebukuro.yahoo.co.jp/qa/question_detail/q11324907771,この脚だけを見たら体重何kg位だと思いますか？ 女です,0,0
151,2026/2/1 19:52,宗教,c2jm5dj8gptaj,5時間11分,3,35,11.7,0,1,0.112,8.57,0.01,0.69,あと3日,https://detail.chiebukuro.yahoo.co.jp/qa/question_detail/q10324907770,よく結婚相手は生まれる前から決まっていると言いますが、生涯独身の人は、そういう人を決めてこなかったのでしょうか？,0,0
152,2026/2/1 19:52,ファイナルファンタジー,a5f7224f8,5時間11分,1,25,25.0,0,1,0.08,4.0,0.02,0.34,不明,https://detail.chiebukuro.yahoo.co.jp/qa/question_detail/q14324907769,スクウェアエニクスアカウントでID入力内容またはパスワードが間違っています。というエラーが突然発生するようになりました。 PCではエラーが出てしまうのですが スマホでwi-fi接続だとエラー、5Gにす...,0,0
153,2026/2/1 19:52,高校受験,mai********,5時間11分,0,13,13.0,0,0,0.042,0.0,0.0,0.04,あと3日,https://detail.chiebukuro.yahoo.co.jp/qa/question_detail/q12324907767,今の時代は、昔と違って、私立高校を受験する際は、少子化なので、人を確保するために、落ちる人は少ないという話を知人がされていたのですが、本当なのでしょうか？ 私は昔も今も同じように、学力などが足りない場...,0,0
154,2026/2/1 19:52,メルカリ,1252547222,5時間12分,1,13,13.0,0,1,0.042,7.69,0.01,0.3,あと3日,https://detail.chiebukuro.yahoo.co.jp/qa/question_detail/q14324907764,メルカリでカード、しおりを売ろうと思っています 梱包は スリーブ▶︎OPP▶︎ダンボール▶︎封筒 で大丈夫でしょうか！？ 出品も購入もしたことがないので他に気をつけることがあったら教えて欲しいです(；...,0,0
155,2026/2/1 19:52,恋愛相談、人間関係の悩み,1152198741,5時間12分,0,15,15.0,0,0,0.048,0.0,0.0,0.05,あと3日,https://detail.chiebukuro.yahoo.co.jp/qa/question_detail/q12324907762,インスタで知らない人からDMが来ました。 どうやら部活のインスタから私を探し出して来たみたいです。私の写真を送ってきてかわいいからDMしましょみたいなこと抜かしてきました。学校名も顔も名前もバレてしま...,0,0
156,2026/2/1 19:52,カスタマイズ,shi********,5時間12分,1,9,9.0,0,0,0.029,11.11,0.0,0.19,あと3日,https://detail.chiebukuro.yahoo.co.jp/qa/question_detail/q13324907763,HA24Sアルトに、Keiワークスの純正レカロシートを流用する予定です。フロア形状は異なると思いますが、穴開けなり、溶接なり、加工すれば装着できますかね？ こんなところで聞いてないで店に聞けとかは求め...,0,0
158,2026/2/1 19:52,ここ、探してます,__,5時間12分,0,17,17.0,0,0,0.054,0.0,0.0,0.05,あと3日,https://detail.chiebukuro.yahoo.co.jp/qa/question_detail/q10324907760,大阪梅田のこの場所どこかわかる方いますか！ 多分西梅田の方だとは思うんですが、、聖地巡礼したいので教えてくださいお願いします,0,0
159,2026/2/1 19:52,恋愛相談、人間関係の悩み,1151588175,5時間12分,2,33,16.5,0,0,0.106,6.06,0.02,0.42,あと3日,https://detail.chiebukuro.yahoo.co.jp/qa/question_detail/q14324907759,大至急！助けてください 私25歳、彼26歳、交際2年、同棲3ヶ月 ～先週の土曜日～ ・21時に布団に一緒に行くのが私たちのいつもの流れにあり、その日は彼が布団に行くと寝てしまう、ゲームがしたいと断って...,0,0
160,2026/2/1 19:52,邦楽,短い,5時間12分,0,12,12.0,0,0,0.038,0.0,0.0,0.04,あと3日,https://detail.chiebukuro.yahoo.co.jp/qa/question_detail/q13324907758,B'zや倉木麻衣よりラルクやミスチルのほうがコナンに合ってると思います。異常ですか？,0,0
161,2026/2/1 19:52,マインクラフト,1053259681,5時間12分,0,3,3.0,0,0,0.01,0.0,0.0,0.01,あと3日,https://detail.chiebukuro.yahoo.co.jp/qa/question_detail/q12324907757,Minecraft java版のバニラでマウスカーソルが表示されません。対処方法わかる方いませんか？MODなどは使用していません,0,0
162,2026/2/1 19:52,郵便、宅配,b3760ec68,5時間12分,3,8,2.7,0,0,0.026,37.5,0.0,0.5,あと3日,https://detail.chiebukuro.yahoo.co.jp/qa/question_detail/q11324907756,サイトによる海外からの購入品について質問です‼️ ドラッグエクスプレスという個人輸入サイトで商品を頼んだのですが、写真のように｢税関から名宛人に照会中｣から進みません…。 色々調べてみたところ、税関で...,0,0
163,2026/2/1 19:52,鉄道、列車、駅,上野東京ライン常磐線直通仙台行き,5時間12分,2,15,7.5,0,0,0.048,13.33,0.0,0.37,あと3日,https://detail.chiebukuro.yahoo.co.jp/qa/question_detail/q10324907755,JR四国の新型車両3600系はJR四国の非電化区間全部が走行範囲になる予定ですか?,0,0
165,2026/2/1 19:52,音楽,1150099626,5時間12分,0,14,14.0,0,0,0.045,0.0,0.0,0.04,あと3日,https://detail.chiebukuro.yahoo.co.jp/qa/question_detail/q13324907753,すみません。 今鬼連チャン見てて、よよよさんが歌った5回目？の早口の女性の曲名を知りたいです。 わかる方いたらお願いします。,0,0
166,2026/2/1 19:52,生き方、人生相談,匿名希望,5時間12分,1,7,7.0,0,0,0.022,14.29,0.0,0.18,あと3日,https://detail.chiebukuro.yahoo.co.jp/qa/question_detail/q12324907752,年収400万で独身の方、もっと欲しいなぁと思いますか？それとも充分だなぁと思いますか？,0,0
167,2026/2/1 19:52,文房具,1152966276,5時間12分,2,34,17.0,0,6,0.109,5.88,0.02,1.0,あと3日,https://detail.chiebukuro.yahoo.co.jp/qa/question_detail/q11324907751,このサイトって危ないですか？平成で流行った？筆箱を買いたいんですがどこにも売ってなくてやっと見つけました良かったら教えてください,0,0
168,2026/2/1 19:52,学校の悩み,まろ,5時間12分,3,32,10.7,0,0,0.102,9.38,0.01,0.58,あと3日,https://detail.chiebukuro.yahoo.co.jp/qa/question_detail/q10324907750,至急お願いします。学校のスカートについてです。 私のスカートはサイズを間違えて、膝下10cm程の長い丈で、切るまではスカートベルトを付けていたのですが、先週生徒指導を受けてしまい、スカートベルトがバレ...,0,0
169,2026/2/1 19:52,Yahoo!ショッピング,1050704894,5時間12分,1,27,27.0,0,1,0.086,3.7,0.02,0.34,不明,https://detail.chiebukuro.yahoo.co.jp/qa/question_detail/q14324907749,Yahooショッピングの今日は爆買いウィークデーですが、5の日とどちらがお得でしょうか？？,0,0
170,2026/2/1 19:52,小・中学校、高校,ゆみ,5時間13分,0,4,4.0,0,0,0.013,0.0,0.0,0.01,あと3日,https://detail.chiebukuro.yahoo.co.jp/qa/question_detail/q13324907748,至急 大村市の向陽高校エステ科に行く中3です。 向陽高校のレビューをみると悪いのばっかりで不安です笑 色々知ってる方にレビューしてほしいです！ 校則やいじめ、ピアスは卒業したらすぐ開ける予定だけどいい...,0,0
171,2026/2/1 19:52,派遣、アルバイト、パート,1052623420,5時間13分,1,14,14.0,0,0,0.045,7.14,0.01,0.2,あと3日,https://detail.chiebukuro.yahoo.co.jp/qa/question_detail/q12324907747,スターバックスのアルバイトについてです。 私は進学先が決まり、先日スターバックスのアルバイト面接を受けました。その際に何日までに採用の連絡が来るかということを言われませんでした。私も緊張していてすっか...,0,0
172,2026/2/1 19:52,職場の悩み,まままま,5時間13分,1,19,19.0,0,0,0.061,5.26,0.01,0.22,あと3日,https://detail.chiebukuro.yahoo.co.jp/qa/question_detail/q11324907746,前に座ってる後輩が会社休んだのですが、前日に上司としてたこの会話は原因になりますか？ 上司「私もう帰るよ、それもうちょっと早く行ってほしいんだけど。遅いよ。もっと早めに言ってくんないかな」 部下「すみ...,0,0
173,2026/2/1 19:52,iPhone,非公開,5時間13分,0,10,10.0,0,0,0.032,0.0,0.0,0.03,あと3日,https://detail.chiebukuro.yahoo.co.jp/qa/question_detail/q10324907745,Apple Storeで頼んだiPhone17が届きました。休みの日にゆっくりデータ移行したいので明後日しようと思っています。 ですが一応iPhoneに不備がないか、長押しして電源を入れちゃんとつくか...,0,0
174,2026/2/1 19:52,大学受験,cabca84dd,5時間13分,0,109,109.0,0,0,0.348,0.0,0.0,0.35,あと3日,https://detail.chiebukuro.yahoo.co.jp/qa/question_detail/q13324907743,獨協大学の答えってみんなどこで確認してるんですか？,0,0
175,2026/2/1 19:52,恋愛相談、人間関係の悩み,aaaaaa,5時間13分,3,20,6.7,0,0,0.064,15.0,0.0,0.54,あと3日,https://detail.chiebukuro.yahoo.co.jp/qa/question_detail/q14324907744,高二男子は高１女子のこと恋愛対象に入りますか？！？！？！,0,0
176,2026/2/1 19:52,園芸、ガーデニング,honeybee38,5時間13分,1,30,30.0,0,5,0.096,3.33,0.03,0.73,あと3日,https://detail.chiebukuro.yahoo.co.jp/qa/question_detail/q12324907742,画像に写っているお花の名前を教えていただきたいです。 好きなキャラクターをモチーフにした刺繍をしたいだと考えているのですが、周囲にある花の名前がわかりません。 写っている女神アストライアはよく麦の穂が...,0,0
177,2026/2/1 19:52,大学受験,猿,5時間13分,0,20,20.0,0,0,0.064,0.0,0.0,0.06,あと3日,https://detail.chiebukuro.yahoo.co.jp/qa/question_detail/q11324907741,【至急】 佐賀大学に出願するですが 出願連絡票の個別学力検査・事前選択科目の欄が空欄なんですが、それは大丈夫なのでしょうか？,0,0
178,2026/2/1 19:52,学校の悩み,c57c70bc0,5時間13分,1,15,15.0,0,0,0.048,6.67,0.01,0.21,あと3日,https://detail.chiebukuro.yahoo.co.jp/qa/question_detail/q10324907740,至急お願いします。体育のバレーがものすごく嫌です。 私は運動神経が悪くて、運動全般できません。バレーは男3女3（私含めて）なんですが、チームの人たちが本当に嫌です。男子たちは体育ガチ勢なので私がミスし...,0,0
179,2026/2/1 19:52,画像処理、制作,ajh********,5時間13分,1,3,3.0,0,0,0.01,33.33,0.0,0.17,あと3日,https://detail.chiebukuro.yahoo.co.jp/qa/question_detail/q14324907739,こんなかんじに字から影が出ているような文字は クリップスタジオだとどのようにして作れますか？ 簡単にできる方法があったら教えてください,0,0
180,2026/2/1 19:52,郵便、宅配,クロスワード,5時間13分,1,17,17.0,0,0,0.054,5.88,0.01,0.21,不明,https://detail.chiebukuro.yahoo.co.jp/qa/question_detail/q13324907738,郵便物に貼る切手について質問 最近はシール式を貼るから剥がれる心配はないのですが 昔の切手→水に濡らすタイプや1円切手等のシール式がない切手 の時に水で濡らさずに両面テープ付けて 剥がれる心配があった...,0,0
181,2026/2/1 19:52,メイク、コスメ,目安箱,5時間13分,1,10,10.0,0,2,0.032,10.0,0.0,0.38,あと3日,https://detail.chiebukuro.yahoo.co.jp/qa/question_detail/q12324907737,ブルベ冬の女性です。 手持ちの真っ赤なチークを使って自分に似合うメイクをしたいんですが、どんなメイクをすると浮かずに丁度よく馴染みますかね？ チークをリップがわりに使う、全パーツ赤で統一したメイク、チ...,0,0
182,2026/2/1 19:52,職場の悩み,1151289118,5時間13分,0,13,13.0,0,0,0.041,0.0,0.0,0.04,あと3日,https://detail.chiebukuro.yahoo.co.jp/qa/question_detail/q11324907736,石油ストーブの上に薬缶を置いて、湯を温めているのですが、 最近湯呑みやマグカップを置く社員がいます。 割れるかもしれないので、やめて欲しいのですが、 ｢そう簡単に割れないよ｣とか、言われてしまいます。...,0,0
183,2026/2/1 19:52,恋愛相談、人間関係の悩み,c2jm5dj8gptaj,5時間13分,4,19,4.8,0,0,0.061,21.05,0.0,0.7,あと3日,https://detail.chiebukuro.yahoo.co.jp/qa/question_detail/q14324907734,よく結婚相手は生まれる前から決まっていると言いますが、生涯独身の人は、そういう人を決めてこなかったのでしょうか?,0,0
185,2026/2/1 19:51,サッカー,nori********,5時間14分,1,9,9.0,0,2,0.029,11.11,0.0,0.38,不明,https://detail.chiebukuro.yahoo.co.jp/qa/question_detail/q11324907731,ガンバ大阪サポの方に質問です。選手達が乗ったバスっていつも試合開始のどれくらい前に入場してるんでしょうか？ 例えば16時開始であれば、〇〇時に〇〇辺りで待機しておけばいいってのがあれば教えてください。,0,0
186,2026/2/1 19:51,映画,ミニドラ救助隊,5時間15分,1,44,44.0,0,0,0.14,2.27,0.06,0.3,不明,https://detail.chiebukuro.yahoo.co.jp/qa/question_detail/q10324907730,2026年のコナンの映画の前売り券のムビチケって まだ販売日決まってないですか？？,0,0
187,2026/2/1 19:51,メイク、コスメ,a226ac2d1,5時間15分,0,8,8.0,0,0,0.025,0.0,0.0,0.03,あと3日,https://detail.chiebukuro.yahoo.co.jp/qa/question_detail/q14324907729,現在、コスメデコルテのゼンウェアグロウN22を使っています。 仕上がり(ほどよい艶感？)とても気に入っているのですが、カバー力が物足りなく、コスメデコルテに似ててカバー力がもう少し高いファンデーション...,0,0
188,2026/2/1 19:51,家族関係の悩み,a2ef51a29,5時間15分,1,27,27.0,0,0,0.086,3.7,0.02,0.24,あと3日,https://detail.chiebukuro.yahoo.co.jp/qa/question_detail/q13324907728,私は高一女です。 今は学校貸与のパソコンを授業で使っているのですが、高二に上がると各自タブレットやパソコンを購入する必要があり、自分は夏や冬にバイトしていてある程度貯金があったので、親にiPad等を自...,0,0
189,2026/2/1 19:51,恋愛相談、人間関係の悩み,oto********,5時間15分,4,23,5.8,0,4,0.073,17.39,0.0,1.08,あと3日,https://detail.chiebukuro.yahoo.co.jp/qa/question_detail/q12324907727,アプリで会った人から解散後、お礼ラインが来て返信したら、返信に困るラインが来たんですが、こういう場合返します？スルーします？ アプリの人と初面接しました。 会うまでは毎日ラインと通話してて、楽しみにし...,0,0
190,2026/2/1 19:51,携帯型ゲーム全般,gbg********,5時間15分,1,19,19.0,0,0,0.06,5.26,0.01,0.22,あと3日,https://detail.chiebukuro.yahoo.co.jp/qa/question_detail/q11324907726,ツムツム 今月ナミネ復刻はあると思いますか？,0,0
191,2026/2/1 19:51,恋愛相談、人間関係の悩み,1153179615,5時間15分,0,9,9.0,0,0,0.029,0.0,0.0,0.03,あと3日,https://detail.chiebukuro.yahoo.co.jp/qa/question_detail/q10324907725,決断が苦手です。意見がコロコロ変わってしまいます。 ふざけてるんじゃなくて時間かけて悩んで答えを出して、一方の意見のときは他方の意見だった自分がありえないくらいになるのに、また翌朝起きた瞬間、ふとした...,0,0
192,2026/2/1 19:51,結婚,非公開,5時間15分,1,8,8.0,0,0,0.025,12.5,0.0,0.18,あと3日,https://detail.chiebukuro.yahoo.co.jp/qa/question_detail/q14324907724,結婚相談所ibjを通じてプレ交際に発展した人がいます。 夕方18:00に今日か明日の夜いつ電話したらいいかを尋ねたら、明日の夜がいいと言われました。 これはもうすでに脈無し、キープ扱いですかね？泣,0,0
193,2026/2/1 19:51,英語,あ,5時間15分,2,34,17.0,0,0,0.108,5.88,0.02,0.42,あと3日,https://detail.chiebukuro.yahoo.co.jp/qa/question_detail/q13324907723,第1志望の二次試験が英語で、イディオムが頻出なのですが、無知すぎて困ってます。 例えば、their children isn't quite the respectful tribute (ア) fa...,0,0
194,2026/2/1 19:51,生き方、人生相談,ked********,5時間15分,3,16,5.3,0,9,0.051,18.75,0.0,1.38,あと3日,https://detail.chiebukuro.yahoo.co.jp/qa/question_detail/q12324907722,Nintendo Switch2を買うために お金を少しずつ貯めてます 一万円札が1枚あります 買い物欲が出てきてしまい スーパーに行きたくなるのですが 皆さんはこういう時 どのようにして 使わないよ...,0,0
195,2026/2/1 19:51,政治、社会問題,xz********,5時間15分,13,138,10.6,1,76,0.437,9.42,0.05,10.01,あと3日,https://detail.chiebukuro.yahoo.co.jp/qa/question_detail/q11324907721,高市早苗さんは中国との関係を悪化させておいて 「安全保障」を語る資格はないということでしょうか？,0,0
196,2026/2/1 19:51,恋愛相談、人間関係の悩み,すたー,5時間15分,1,21,21.0,0,1,0.067,4.76,0.01,0.32,あと3日,https://detail.chiebukuro.yahoo.co.jp/qa/question_detail/q10324907720,付き合ってないのにHしたらもう友達にはなれませんか？ この前初めてHしたのですが、付き合ってない人としてしまいました。あとあと付き合ってないのにHするなんて、なんだか不誠実っていうか不健全だと思うよう...,0,0
197,2026/2/1 19:51,バイク,ba6075197,5時間15分,3,33,11.0,1,4,0.104,9.09,0.01,1.27,あと3日,https://detail.chiebukuro.yahoo.co.jp/qa/question_detail/q14324907719,YB-1のエンジンをオークションで落札して中古で買ったんですけどエンジン交換、キャブ清掃、オイル交換も含めて修理代の費用って何万くらいになるんですかね,0,0
198,2026/2/1 19:51,デンタルケア,このユーザーは存在しません,5時間15分,3,49,16.3,0,0,0.155,6.12,0.03,0.63,あと3日,https://detail.chiebukuro.yahoo.co.jp/qa/question_detail/q13324907718,歯周病に悩んでいます。 見て下さりありがとうございます。私は今歯周病、歯周病による口臭に悩んでいます。15歳です。小学生の頃歯磨きをサボっていた時期があり、歯茎に炎症が起きてしまい都合上歯医者に行くこ...,0,0
199,2026/2/1 19:51,トレーディングカード,musimusi,5時間15分,2,7,3.5,0,0,0.022,28.57,0.0,0.34,あと3日,https://detail.chiebukuro.yahoo.co.jp/qa/question_detail/q12324907717,遊戯王で、モンスターの召喚や反転召喚、特殊召喚を無効にして破壊するカードの効果は、効果による特殊召喚は無効にできませんか？,0,0
200,2026/2/1 19:51,恋愛相談、人間関係の悩み,1253112566,5時間15分,0,9,9.0,0,0,0.028,0.0,0.0,0.03,あと3日,https://detail.chiebukuro.yahoo.co.jp/qa/question_detail/q11324907716,面白い優しい168センチイケメンかおもん無い175センチイケメンどっちがモテる？,0,0
201,2026/2/1 19:51,資格,1250638446,5時間16分,2,7,3.5,0,0,0.022,28.57,0.0,0.34,あと3日,https://detail.chiebukuro.yahoo.co.jp/qa/question_detail/q10324907715,司法書士合格者または勉強中の方、独学でVマジック、ケイタイ、六法で合格レベルいきますか？ Vマジック講座ではなくて。,0,0
202,2026/2/1 19:51,ファミリーレストラン,1053209866,5時間16分,1,22,22.0,0,1,0.07,4.55,0.02,0.32,不明,https://detail.chiebukuro.yahoo.co.jp/qa/question_detail/q14324907714,神戸駅近く（徒歩で行けるところ）にファミレスはありますか？ 初めて行くので土地勘がありません。わかりやすく教えてくださると助かります。,0,0
203,2026/2/1 19:51,一般教養,、。,5時間16分,1,5,5.0,0,0,0.016,20.0,0.0,0.17,あと3日,https://detail.chiebukuro.yahoo.co.jp/qa/question_detail/q13324907713,特徴とは、長所と短所、いい点と悪い点、すべてまとめたものですか？,0,0
204,2026/2/1 19:51,プレイステーション4,1251751994,5時間16分,1,4,4.0,0,1,0.013,25.0,0.0,0.26,不明,https://detail.chiebukuro.yahoo.co.jp/qa/question_detail/q12324907712,dbdで自分の選んだステージのオファリングが採用されてなくて他の人の見たらステージのオファリング誰もつけてなかったんですがステージが選ばれないのはなぜですか？,0,0
205,2026/2/1 19:51,パチンコ,1150602158,5時間16分,0,13,13.0,0,0,0.041,0.0,0.0,0.04,あと3日,https://detail.chiebukuro.yahoo.co.jp/qa/question_detail/q11324907711,オススメの東京喰種のオカルト打法について教えてください。なんとなくでも個人的なカスタムでもいいです。,0,0
206,2026/2/1 19:51,性の悩み、相談,ste********,5時間16分,1,58,58.0,0,0,0.183,1.72,0.11,0.34,あと3日,https://detail.chiebukuro.yahoo.co.jp/qa/question_detail/q10324907710,女性で学生時代に自転車で通学をなさっていた方に質問です。 率直にお尋ねします。 「毎日自転車にのってサドルに圧迫される生活を送っているとあそ こが黒ずむ」と聞きました。実際どうなんでしょうか？ 以前付...,0,0
207,2026/2/1 19:51,家族関係の悩み,a,5時間16分,3,18,6.0,0,0,0.057,16.67,0.0,0.53,あと3日,https://detail.chiebukuro.yahoo.co.jp/qa/question_detail/q14324907709,家族に対する思いやりとは一緒にいた年月の長さに比例して強くなりますか？それとも血の繋がりでしょうか？養子や義理の親に対する思いやりは血が繋がっていない家族の何割程度と思いやりなのでしょうか？,0,0
208,2026/2/1 19:51,ドラマ,horizon,5時間16分,13,77,5.9,2,0,0.243,16.88,0.01,2.92,あと3日,https://detail.chiebukuro.yahoo.co.jp/qa/question_detail/q13324907708,主題歌も最高！！ドラマも最高！！ どんなドラマでしたか？ 宇多田ヒカル‐First Love https://youtu.be/rRhfpdyvQ5Y?si=D2tRkXKTxtfKuP7o,0,0
209,2026/2/1 19:51,C言語関連,1151370719,5時間16分,0,3,3.0,0,0,0.009,0.0,0.0,0.01,あと3日,https://detail.chiebukuro.yahoo.co.jp/qa/question_detail/q12324907707,Unity（Unity 6）で Meta Quest 2 を使ったVR環境を作っています。 現在のシーン構成は、画像のとおり ・XR Origin (VR) ・Camera Offset ・Left ...,0,0
210,2026/2/1 19:51,邦楽,短い,5時間16分,0,18,18.0,0,0,0.057,0.0,0.0,0.06,あと3日,https://detail.chiebukuro.yahoo.co.jp/qa/question_detail/q10324907705,悩み事について質問です。 私は非常に拘りが強い性格なのですが、L'Arc~en~Ciel（ラルク）の「flower」という曲が名探偵コナンのエンディングに起用されてないことが非常に悔やまれます。 もし...,0,0
211,2026/2/1 19:51,アニメ、コミック,あゆ,5時間16分,1,13,13.0,0,0,0.041,7.69,0.01,0.2,あと3日,https://detail.chiebukuro.yahoo.co.jp/qa/question_detail/q11324907706,質問です あの妖はじ（妖怪学校の先生はじめました!）で質問です 妖怪学校の生徒初めましたの2巻の表紙って誰と誰なのでしょうか⁉️ ぜひ教えてくれると嬉しいです,0,0
212,2026/2/1 19:51,税金,boc********,5時間16分,3,25,8.3,0,0,0.079,12.0,0.01,0.55,あと3日,https://detail.chiebukuro.yahoo.co.jp/qa/question_detail/q13324907703,ふるさと納税でワンストップ特例申請を全て終わらせているものです。医療費が10万超えてることに気づきました。確定申告すると全てリセットされるとのことで、ゼロから手続きすれば良いみたいですが、 ①マイナン...,0,0
213,2026/2/1 19:51,ゲーム,1252785650,5時間16分,3,29,9.7,0,0,0.092,10.34,0.01,0.56,あと3日,https://detail.chiebukuro.yahoo.co.jp/qa/question_detail/q12324907702,皆さんはSwitch版新作トモコレはパッケージとダウンロードどちらにしますか？任意で大丈夫なので理由も教えてください。,0,0
214,2026/2/1 19:51,クレジットカード,1151044146,5時間16分,1,11,11.0,0,0,0.035,9.09,0.0,0.19,あと3日,https://detail.chiebukuro.yahoo.co.jp/qa/question_detail/q11324907701,エポスカードのデンタルローンについてです。 エポスカードはゴールド会員のものを持っているのですがエポスのデンタルローンの審査の時通りやすいでしょうか？,0,0
215,2026/2/1 19:51,レディース全般,vel********,5時間16分,2,23,11.5,0,0,0.073,8.7,0.01,0.39,あと3日,https://detail.chiebukuro.yahoo.co.jp/qa/question_detail/q10324907700,この花柄ニットはおばさんぽいですか？,0,0
216,2026/2/1 19:51,パソコン,b3ead88b7,5時間17分,5,57,11.4,0,0,0.18,8.77,0.02,0.97,あと3日,https://detail.chiebukuro.yahoo.co.jp/qa/question_detail/q14324907699,近々ゲーミングPC（NEXTGEAR）をマウスコンピュータにて購入したいと考えているのですが、VRchat、blender、Unityが問題なく快適に動くスペックを教えてください。,0,0
217,2026/2/1 19:51,工芸,nou********,5時間17分,1,19,19.0,0,1,0.06,5.26,0.01,0.31,あと3日,https://detail.chiebukuro.yahoo.co.jp/qa/question_detail/q13324907698,漆塗りの食器ですが、赤いもの、黒いもの，木の木目が見えるものとあります。漆は透明なんでしょうか？赤や黒は何かで色づけているんですか？,0,0
218,2026/2/1 19:50,コミック,きりと,5時間18分,3,43,14.3,0,3,0.135,6.98,0.02,0.89,不明,https://detail.chiebukuro.yahoo.co.jp/qa/question_detail/q11324907696,呪術廻戦の夜蛾とパンダの関係についての質問です 死ぬ直前に息子に会いにって言ってたと思うんですけどパンダの3つ魂の1つが夜蛾の息子の魂って可能性ってありますかね？ ただ夜蛾がパンダを息子みたいに思って...,0,0
219,2026/2/1 19:50,専門学校、職業訓練,fujiko_0223,5時間18分,0,5,5.0,0,0,0.016,0.0,0.0,0.02,あと3日,https://detail.chiebukuro.yahoo.co.jp/qa/question_detail/q12324907697,ST国試過去問です。 「大脳基底核に関連の低いものはどれか。」 1．黒質 2．尾状核 3．視床下核 4．偏桃体 5. 淡蒼球 正答は4ですが、偏桃体は大脳基底核に分類されないのは何故ですか？大脳辺縁系...,0,0
220,2026/2/1 19:50,化学,b48d54339,5時間18分,3,18,6.0,0,1,0.057,16.67,0.0,0.62,あと3日,https://detail.chiebukuro.yahoo.co.jp/qa/question_detail/q10324907695,質問です。 1.0mol/LのH2SO4 15.0㎖とNH3 (0.90g/㎖)20.0㎖が過不足なく反応したとする。このとき、NH3の濃度は何％か。 (NH3:17) ってあるんですが、答えが28....,0,0
221,2026/2/1 19:50,日本語,非公開,5時間18分,0,4,4.0,0,0,0.013,0.0,0.0,0.01,あと3日,https://detail.chiebukuro.yahoo.co.jp/qa/question_detail/q14324907694,なぜ関東はだ、で 関西はや、になりますか？ 語尾が、です。 だ、のほうが聞きやすいからですか？ 東の方は雪が降るとかで聞こえさすさ重視だったからですかね？ 由来が知りたいのです。,0,0
222,2026/2/1 19:50,温泉,1252128494,5時間18分,0,6,6.0,0,0,0.019,0.0,0.0,0.02,あと3日,https://detail.chiebukuro.yahoo.co.jp/qa/question_detail/q13324907693,温泉施設に行くと朝風呂とそれ以降で値段違ったりしますが、あれって朝風呂の時に入って長時間入浴したりしてもいいんですか？それとも出る時間でまた追加料金発生しますか？,0,0
223,2026/2/1 19:50,一人暮らし、シングルライフ,匿名,5時間18分,3,17,5.7,0,0,0.053,17.65,0.0,0.52,あと3日,https://detail.chiebukuro.yahoo.co.jp/qa/question_detail/q11324907691,1人暮らしの女性は、月給が16万円で、生活出来ますか？,0,0
224,2026/2/1 19:50,事件、事故,***********,5時間18分,0,73,73.0,0,0,0.229,0.0,0.0,0.23,あと3日,https://detail.chiebukuro.yahoo.co.jp/qa/question_detail/q10324907690,宇都宮市の河川敷で少年を囲み暴行した周りの奴らの個人情報は特定されましたか？,0,0
225,2026/2/1 19:50,貯金,James1950s,5時間18分,1,19,19.0,0,3,0.06,5.26,0.01,0.5,あと3日,https://detail.chiebukuro.yahoo.co.jp/qa/question_detail/q14324907689,豚の貯金箱に全財産を入れている人をどう思いますか?,0,0
227,2026/2/1 19:50,福祉、介護,a88973703,5時間18分,2,32,16.0,0,0,0.1,6.25,0.02,0.41,あと3日,https://detail.chiebukuro.yahoo.co.jp/qa/question_detail/q12324907687,車椅子の人でも恋愛して結婚してますよね？ 女性車椅子 男性健常者 同士の結婚はわかるかもしれませんけど 男性車椅子 女性健常者同士の結婚って 世界中に見ても 事例ってありますか？,0,0
228,2026/2/1 19:50,パソコン,たこちゃん,5時間18分,0,7,7.0,0,0,0.022,0.0,0.0,0.02,あと3日,https://detail.chiebukuro.yahoo.co.jp/qa/question_detail/q11324907686,ノートパソコン（VAIO）の本体に電源線を指す丸い端子があります。 最近その端子をUSB-Cの端子に切り替えるものが売っていましたがSONY用（VAIO用）というのが見当たりませんでした。 どなかた知...,0,0
229,2026/2/1 19:50,健康、病気、病院,ban********,5時間18分,1,11,11.0,0,0,0.034,9.09,0.0,0.19,あと3日,https://detail.chiebukuro.yahoo.co.jp/qa/question_detail/q10324907685,人間の汗には臭いはなく、時間が経って菌が繁殖したりすることで臭いがしてくると聞きました。ということは、シャワーを浴びたりして身体を綺麗にした直後に出てきた汗は、全く臭わないのでしょうか？,0,0
230,2026/2/1 19:50,iPhone,hjmまっすぐみ,5時間18分,1,23,23.0,0,0,0.072,4.35,0.02,0.23,あと3日,https://detail.chiebukuro.yahoo.co.jp/qa/question_detail/q13324907683,至急！iPhoneって機種変しても、ラインとかのメッセージアプリとかゲームのデータとか、写真や動画全て受け継ぐことできるんですか！？,0,0
231,2026/2/1 19:50,Instagram,a3a17f20f,5時間18分,0,5,5.0,0,0,0.016,0.0,0.0,0.02,あと3日,https://detail.chiebukuro.yahoo.co.jp/qa/question_detail/q14324907684,Instagramでおそらく端末バンをされてしまったのですが、今のスマホのままで新しいアカウントを使う方法はありますか？教えていただきたいです。,0,0
232,2026/2/1 19:50,恋愛相談,ぱちこ,5時間19分,2,40,20.0,0,0,0.125,5.0,0.03,0.44,あと3日,https://detail.chiebukuro.yahoo.co.jp/qa/question_detail/q12324907682,女磨きをした方がいい理由はなんですか？ たぶん私の旦那が女らしい格好（メイクや巻き髪ミニスカート）が苦手なので素で居る事を褒めてくれるので今までしてこなかったです。 ネイルは好きでしてます。 デートの...,0,0
233,2026/2/1 19:50,ヘアケア,1053081475,5時間19分,0,6,6.0,0,0,0.019,0.0,0.0,0.02,あと3日,https://detail.chiebukuro.yahoo.co.jp/qa/question_detail/q11324907681,１ヶ月前に髪を染めたのですが、また染めたくなってきました。染めていいと思いますか？,0,0
234,2026/2/1 19:50,病気、症状,gia********,5時間19分,2,14,7.0,0,0,0.044,14.29,0.0,0.36,あと3日,https://detail.chiebukuro.yahoo.co.jp/qa/question_detail/q10324907680,食べる量を減らしたら急にたまにたくさん食べようと思っても胃が小さくなってるのか一般的には入らないことが多いですか？,0,0
235,2026/2/1 19:50,自転車、サイクリング,a3d253452,5時間19分,2,14,7.0,0,0,0.044,14.29,0.0,0.36,あと3日,https://detail.chiebukuro.yahoo.co.jp/qa/question_detail/q14324907679,現在中古で購入したパナソニックのビビsxという電動自転車に乗ってるのですが新しい自転車を購入しようか迷っています。一様2020年くらいに新品で購入しました。 バッテリーは確認したところまだ劣化してなく...,0,0
236,2026/2/1 19:50,電池,カワサキ、オーテック大好きッ,5時間19分,1,23,23.0,1,0,0.072,4.35,0.02,0.54,あと3日,https://detail.chiebukuro.yahoo.co.jp/qa/question_detail/q13324907678,５０歳代の男です。。 笑わないで読んで?下さい。 家電品です。電池内蔵の充電可能なバッテリ(リチウムイオン電池？とか) 搭載機器。電池が膨らんでしまった場合。保証がもうだいぶ前に切れてる場合(そもそも...,0,0
237,2026/2/1 19:50,妊娠、出産,非公開,5時間19分,0,7,7.0,0,0,0.022,0.0,0.0,0.02,あと3日,https://detail.chiebukuro.yahoo.co.jp/qa/question_detail/q12324907677,妊娠6ヶ月です。 毎日ではないですが最近、水っぽいおりものと粘り気のあるおりものが一緒に少し多く出てきます。 普通のことでしょうか。,0,0
238,2026/2/1 19:50,サッカー,mar********,5時間19分,1,8,8.0,0,1,0.025,12.5,0.0,0.27,あと3日,https://detail.chiebukuro.yahoo.co.jp/qa/question_detail/q11324907676,試合前のウォームアップでは上手なタッチでボール回しをしているのに、試合中はトラップミスしたりパスカットされたり慌ててボールを失うのはなぜか？,0,0
239,2026/2/1 19:50,スマートフォンアクセサリー,匿名,5時間19分,1,9,9.0,0,0,0.028,11.11,0.0,0.18,あと3日,https://detail.chiebukuro.yahoo.co.jp/qa/question_detail/q10324907675,スマホに保護フィルムや保護ガラスってつけていますか？ 家の中で使うタブレットなら尚更、ケースだけでいいのかなと最近思っています。,0,0
240,2026/2/1 19:50,大学受験,a54f1025c,5時間19分,1,17,17.0,0,0,0.053,5.88,0.01,0.21,あと3日,https://detail.chiebukuro.yahoo.co.jp/qa/question_detail/q14324907674,高2文系日本史選択です。共テ社会で「地理」か「日本史」か「公共・政経」のうち１つを選択しないといけないのですが、迷っています。アドバイスください。また、勉強法も教えていただけたら嬉しいです。 （私の情...,0,0
241,2026/2/1 19:50,デンタルケア,非公開,5時間19分,1,9,9.0,0,0,0.028,11.11,0.0,0.18,あと3日,https://detail.chiebukuro.yahoo.co.jp/qa/question_detail/q13324907673,今日朝左下の親知らず一本だけ抜歯してきたんですけど３日後の夕方商店街の食べ歩きしても大丈夫だと思いますか？,0,0
242,2026/2/1 19:50,料理、食材,ID 非公開,5時間19分,6,18,3.0,0,0,0.056,33.33,0.0,0.99,あと3日,https://detail.chiebukuro.yahoo.co.jp/qa/question_detail/q12324907672,夕ご飯は何食べますか？,0,0
243,2026/2/1 19:50,職場の悩み,1149900203,5時間19分,1,35,35.0,0,1,0.109,2.86,0.04,0.36,あと3日,https://detail.chiebukuro.yahoo.co.jp/qa/question_detail/q11324907671,仕事での悩み。 新卒で入社したのですが、もうすでに辞めたいです。 最初は優しかったのですが、上司が私にきつく当たるようになってきました。不機嫌な時や怒った時は態度に出るので本当に怖いです。そのせいでメ...,0,0
244,2026/2/1 19:50,麻雀,うに,5時間19分,3,22,7.3,0,2,0.069,13.64,0.01,0.72,あと3日,https://detail.chiebukuro.yahoo.co.jp/qa/question_detail/q14324907669,誰が和了るかのシーンでカレーで噎せて雀卓にすべて吹きこぼしてしまいました。 生理現象だから仕方がないのに、チョンボ扱いになりさらに出禁になりました。 致し方ないことでしょうか？ 麻雀ハートフルポンチ勝...,0,0
246,2026/2/1 19:50,イヌ,lD非公開,5時間19分,2,12,6.0,0,0,0.038,16.67,0.0,0.35,あと3日,https://detail.chiebukuro.yahoo.co.jp/qa/question_detail/q11324907666,耳を塞いでコミュニケーション取れば、犬や猫の気持ちに共感できる気がします。 僕も耳にイヤホンしてるとき親に話しかけられることがありますが、怒ってるか褒めているかはわかります。犬や猫の気持ちがわかる気が...,0,0
247,2026/2/1 19:50,邦楽,知恵袋盛り上げ隊,5時間20分,11,45,4.1,0,1,0.141,24.44,0.01,1.95,あと3日,https://detail.chiebukuro.yahoo.co.jp/qa/question_detail/q14324907664,終わり で思い浮かぶ曲は？,0,0
248,2026/2/1 19:50,法律相談,a6d03cc2c,5時間20分,1,7,7.0,0,0,0.022,14.29,0.0,0.18,不明,https://detail.chiebukuro.yahoo.co.jp/qa/question_detail/q13324907663,国会議員は著作権の暗黙の了解を知っているはずなのになぜ著作権法を改正しないのですか,0,0
249,2026/2/1 19:50,恋愛相談,sst********,5時間20分,3,90,30.0,0,0,0.281,3.33,0.08,0.75,あと3日,https://detail.chiebukuro.yahoo.co.jp/qa/question_detail/q12324907662,恋愛に関する質問です。 30歳独身女性です。 私は｢好きになった人が好き！｣と、その時の感情から恋愛が始まるタイプです。 また、優しくされただけで異性を好きになりやすい、自己肯定感が低い、自分を守りた...,0,0
250,2026/2/1 19:50,アニメ、コミック,1052633149,5時間20分,1,11,11.0,0,0,0.034,9.09,0.0,0.19,あと3日,https://detail.chiebukuro.yahoo.co.jp/qa/question_detail/q11324907661,検索避けされた作品名について質問です。 【ピューと吹くジャガー！】はなんと言われている(いた)のでしょうか？ 【ホイッスル！】が【笛！】だったので、連載当時被っていなかったのだろうか？と気になっていま...,0,0
251,2026/2/1 19:50,大学受験,匿名,5時間20分,0,172,172.0,0,0,0.537,0.0,0.0,0.54,あと3日,https://detail.chiebukuro.yahoo.co.jp/qa/question_detail/q10324907660,今日東北学院大学 法学部A日程を受けました 得点率が 国語 5割 （主に読解で失点） 英語 5.5割（主に文法で外す） 日本史 7.5割 （主に歴史総合で失点） なのですがこの結果だとやはり厳しいです...,0,0
252,2026/2/1 19:50,生き方、人生相談,c6b17e02c,5時間20分,5,27,5.4,0,1,0.084,18.52,0.0,0.96,あと3日,https://detail.chiebukuro.yahoo.co.jp/qa/question_detail/q14324907659,あなたが人生で経験した 1番理不尽で許せなかったこと、悲しかったことを教えて下さい。,0,0
253,2026/2/1 19:49,ダイエット,tio********,5時間21分,4,21,5.2,0,0,0.065,19.05,0.0,0.69,あと3日,https://detail.chiebukuro.yahoo.co.jp/qa/question_detail/q13324907658,体重50キロの時の基礎代謝と、体重80キロのときの基礎代謝は変わってくるんですか。運動はせず筋肉がついてないとします。,0,0
254,2026/2/1 19:49,病気、症状,nan********,5時間21分,0,8,8.0,0,0,0.025,0.0,0.0,0.02,あと3日,https://detail.chiebukuro.yahoo.co.jp/qa/question_detail/q11324907656,バセドウ病になっていて、お医者さんから「すぐに手術をしないと心不全になる」と言われた場合、すでに心不全になっている可能性もあるのでしょうか？ ７０代の祖父は昨年から頻脈とか息切れなどの症状があったそう...,0,0
255,2026/2/1 19:49,恋愛相談、人間関係の悩み,ID 非公開,5時間21分,1,20,20.0,0,0,0.062,5.0,0.01,0.22,あと3日,https://detail.chiebukuro.yahoo.co.jp/qa/question_detail/q12324907657,友達の女性が付き合って8年の彼氏と別れました。 20代中盤です。 理由を聞いたら恋人じゃなくて家族みたいだからとのことでした。 高校から付き合い始めていたのですが、そんな長い期間付き合ったらそりゃ家族...,0,0
256,2026/2/1 19:49,YouTube,1053342580,5時間21分,0,9,9.0,0,0,0.028,0.0,0.0,0.03,あと3日,https://detail.chiebukuro.yahoo.co.jp/qa/question_detail/q10324907655,ぐっちの部屋（ミラクルぐっち）を昔から見ている方に質問です。昔ぐっちさんがマイクラをやりながら最近の愚痴を言うという動画を見たのですが、調べても出てこず何の動画か教えて欲しいです。 画像のように、マイ...,0,0
257,2026/2/1 19:49,ライブ、コンサート,金山竜介,5時間21分,0,6,6.0,0,0,0.019,0.0,0.0,0.02,あと3日,https://detail.chiebukuro.yahoo.co.jp/qa/question_detail/q14324907654,"すいません2月14日（土曜日）にKアリーナでKAWAIILABのLIVE観に行くんですけど、近くに10,000円以下で納まるコインパーキングって何箇所有りますか？ 因みに前回行った時はタイムズMMオー...",0,0
258,2026/2/1 19:49,将棋、囲碁,b67f21cf5,5時間21分,0,20,20.0,0,0,0.062,0.0,0.0,0.06,あと3日,https://detail.chiebukuro.yahoo.co.jp/qa/question_detail/q13324907653,将棋ウォーズについて質問です。 私は興味半分で棋神解析券を使って精密を試したんですけど。 これってどれくらい正確ですか。 先に自分の級or段位を言うとそれに応じて答えられそうなので今は言いません,0,0
259,2026/2/1 19:49,メルカリ,b2970ad5,5時間21分,4,29,7.2,0,3,0.09,13.79,0.01,0.99,あと3日,https://detail.chiebukuro.yahoo.co.jp/qa/question_detail/q12324907652,メルカリポイントは振込申請することは可能ですか？,0,0
260,2026/2/1 19:49,ライトノベル,1152622428,5時間21分,0,3,3.0,0,0,0.009,0.0,0.0,0.01,あと3日,https://detail.chiebukuro.yahoo.co.jp/qa/question_detail/q11324907651,よう実の2年生編について質問です。 ラノベの2巻目を読んでるんですけどルールが複雑で分かりにくいんですけどどういうことなんですか？ 教えて欲しいです,0,0
261,2026/2/1 19:49,小学校,t*******,5時間21分,3,30,10.0,0,2,0.093,10.0,0.01,0.74,あと3日,https://detail.chiebukuro.yahoo.co.jp/qa/question_detail/q10324907650,息子小学4年生男子 身長132センチしかなく、１年生で3センチや4センチしか伸びません。 小さいですよね、父169.母155 中学で伸びるかな 何cmになりそうでしょうか？,0,0
262,2026/2/1 19:49,テレビゲーム全般,非公開,5時間21分,0,8,8.0,0,0,0.025,0.0,0.0,0.02,あと3日,https://detail.chiebukuro.yahoo.co.jp/qa/question_detail/q14324907649,至急です！！原神についてです！！ ネフェル無凸餅武器無し、ラウマ無凸餅武器無し、珊瑚宮心海無凸餅武器あり、コロンビーナ無凸餅武器無しのパーティーを使っているのですが、コロンビーナを1凸しようか餅武器を...,0,0
263,2026/2/1 19:49,資産運用、投資信託、NISA,メディカルオタク,5時間22分,1,32,32.0,0,1,0.099,3.12,0.03,0.35,あと3日,https://detail.chiebukuro.yahoo.co.jp/qa/question_detail/q13324907648,ビットコインブームは終了の気配ですか？,0,0
264,2026/2/1 19:49,ライブ、コンサート,ce1bb0ade,5時間22分,2,17,8.5,0,0,0.053,11.76,0.0,0.36,あと3日,https://detail.chiebukuro.yahoo.co.jp/qa/question_detail/q11324907646,最近友達とKPOPにハマっています！ そこで、treasureのLIVEをチケットぴあで 一般先着のチケットを2枚購入したのですが 2人ともtreasureのファンクラブに入っていません。 ファンクラ...,0,0
265,2026/2/1 19:49,家具、インテリア,b73daac5d,5時間22分,1,8,8.0,0,0,0.025,12.5,0.0,0.18,あと3日,https://detail.chiebukuro.yahoo.co.jp/qa/question_detail/q12324907647,布団セット(枕カバー、布団カバー、敷布団カバー)を模様替えしたいからって理由で変えるのってアリですか？ 今のカバーは5年くらい使ってて汚れたりボロボロになっている訳ではなくこれからも充分使えます。,0,0
267,2026/2/1 19:49,病気、症状,1151435865,5時間22分,0,3,3.0,0,0,0.009,0.0,0.0,0.01,あと3日,https://detail.chiebukuro.yahoo.co.jp/qa/question_detail/q14324907644,テタニーについてです。 テタニーの治療はどういう感じですか？ 薬とかで治るんですか,0,0
268,2026/2/1 19:49,iPhone,n2268rs,5時間22分,1,16,16.0,0,0,0.05,6.25,0.01,0.2,あと3日,https://detail.chiebukuro.yahoo.co.jp/qa/question_detail/q12324907642,楽天モバイル買い替え超トクプログラムについて質問です。 私は2023年にiPhone13Promaxをネットで（eSIM）を購入しました。今年になり機種変更が出来るようになったので、iPhone17P...,0,0
269,2026/2/1 19:49,恋愛相談、人間関係の悩み,非公開,5時間22分,2,44,22.0,0,0,0.136,4.55,0.03,0.45,あと3日,https://detail.chiebukuro.yahoo.co.jp/qa/question_detail/q11324907641,好きな人が諦められないです。バイト先の人で一回デートは行き、新年も向こうからラインしてくれたりしてましたが数日後の2回目のデートを体調不良でドタキャンされてしまいました。 それ以降リスケもなくて、私か...,0,0
270,2026/2/1 19:49,Yahoo!知恵袋,rot********,5時間22分,7,47,6.7,0,3,0.146,14.89,0.01,1.51,あと3日,https://detail.chiebukuro.yahoo.co.jp/qa/question_detail/q10324907640,知恵袋に何を聞いたらええんかいのぅ？,0,0
271,2026/2/1 19:49,農学、バイオテクノロジー,1051822891,5時間22分,0,6,6.0,0,0,0.019,0.0,0.0,0.02,あと3日,https://detail.chiebukuro.yahoo.co.jp/qa/question_detail/q14324907639,最も楽に育てられる農作物は何だと思いますか? ドクダミ茶などの用途のためにドクダミの農家があるそうです。ドクダミは駆除が難しい雑草なのですから枯らすほうが難しいと思います。ドクダミ農家なら素人の私でも...,0,0
273,2026/2/1 19:49,ダイエット,匿名希望,5時間22分,0,3,3.0,0,0,0.009,0.0,0.0,0.01,あと3日,https://detail.chiebukuro.yahoo.co.jp/qa/question_detail/q12324907637,甘いものが食べたい時，こんにゃくみそ田楽に変えたら痩せますか？,0,0
274,2026/2/1 19:49,アニメ,非公開,5時間22分,1,25,25.0,0,0,0.077,4.0,0.02,0.23,あと3日,https://detail.chiebukuro.yahoo.co.jp/qa/question_detail/q10324907635,Netflixで見れるアニメのおすすめがあれば教えてください！ 薬屋のひとりごと、ホリミヤ、SPY×FAMILY、鬼灯の冷徹、マッシュル、悪役令嬢転生おじさん、新しい上司はど天然、江戸前ウルフ などな...,0,0
275,2026/2/1 19:49,手芸,な,5時間22分,3,18,6.0,0,0,0.056,16.67,0.0,0.52,あと3日,https://detail.chiebukuro.yahoo.co.jp/qa/question_detail/q11324907636,ぬいを作りたいのですが好みの色合いの布が無く、近い色の布を染めようと思っているのですが、自宅で染められてなおかつ落ちにくい方法はありますか？ 薄茶色の布を少し赤みがかった濃い茶色にしたいです,0,0
276,2026/2/1 19:49,決済、ポイントサービス,pex********,5時間22分,0,1,1.0,0,0,0.003,0.0,0.0,0.0,あと3日,https://detail.chiebukuro.yahoo.co.jp/qa/question_detail/q14324907634,セイムスアプリの使い方がよくわかりません 入り口付近にあるセイムスタッチ？には会員証をかざしてから入店しています。 会計時には楽天ポイント提示してポイント付けてもらってるんですが、セイムスタッチをして...,0,0
277,2026/2/1 19:49,デンタルケア,1150772289,5時間22分,0,17,17.0,0,0,0.053,0.0,0.0,0.05,あと3日,https://detail.chiebukuro.yahoo.co.jp/qa/question_detail/q13324907633,現在23歳女です。 高校卒業後すぐ歯並びが悪い、ガミースマイル、歯が2本多いということでセラミック矯正をしました。 そのことについて最近すごく気になっていることがありまして。 セラミックの歯を作った際...,0,0
278,2026/2/1 19:49,超常現象、オカルト,cc27de21e,5時間23分,0,3,3.0,0,0,0.009,0.0,0.0,0.01,あと3日,https://detail.chiebukuro.yahoo.co.jp/qa/question_detail/q12324907632,怖い話 伊集院光の「空脳アワー」、ネオホラーラジオの「気味の悪い勘違い」みたいな話が好きです。 おすすめのチャンネルなど教えてください,0,0
279,2026/2/1 19:49,大学受験,非公開,5時間23分,1,47,47.0,0,0,0.145,2.13,0.07,0.3,あと3日,https://detail.chiebukuro.yahoo.co.jp/qa/question_detail/q11324907631,大至急お願いします 大学の出願書類を送りたいんですが、1つ私の学部は送らなければならないのか送らなくていいのかよくわからないものがあります。この場合、いらないのに入れてしまったら、不合格になりますか？...,0,0
280,2026/2/1 19:49,ダイエット,1052269051,5時間23分,0,9,9.0,0,0,0.028,0.0,0.0,0.03,あと3日,https://detail.chiebukuro.yahoo.co.jp/qa/question_detail/q10324907630,顔のヒートショックプロテインを増やすためにやり方説明記事に書いてあった50度くらいの蒸しタオルを5分顔に当てるというのを、50度の湯たんぽを蒸しタオル代わりに5分くらい顔に当ててやってみたら、 目周り...,0,0
281,2026/2/1 19:49,恋愛相談、人間関係の悩み,a169ca99f,5時間23分,3,53,17.7,0,0,0.164,5.66,0.03,0.63,あと3日,https://detail.chiebukuro.yahoo.co.jp/qa/question_detail/q13324907628,顔評価お願いいたします,0,0
282,2026/2/1 19:49,アニメ,ltn********,5時間23分,1,9,9.0,0,0,0.028,11.11,0.0,0.18,あと3日,https://detail.chiebukuro.yahoo.co.jp/qa/question_detail/q14324907629,ハイキューについてです。 田中が影山のことで「あいつのハイスペックマジ腹立つ」的なこと言ってたのって何話のどこの場面でしたっけ？,0,0
283,2026/2/1 19:49,鉄道、列車、駅,beaddae83,5時間23分,4,55,13.8,0,5,0.17,7.27,0.02,1.25,あと3日,https://detail.chiebukuro.yahoo.co.jp/qa/question_detail/q12324907627,JRの入場券などの切符は使わなければ大人が子供用を購入してもいいんですか？,0,0
284,2026/2/1 19:49,男性アイドル,Nagonagonagoya,5時間23分,0,16,16.0,0,0,0.049,0.0,0.0,0.05,あと3日,https://detail.chiebukuro.yahoo.co.jp/qa/question_detail/q11324907626,SixTONESの曲のパート割りについての質問です。 『Boom-Pow-Wow!』の 「Move your body Everybody 吐き出せ Stress Shake your body Ev...,0,0
285,2026/2/1 19:49,ダイエット,gia********,5時間23分,1,15,15.0,0,0,0.046,6.67,0.01,0.2,あと3日,https://detail.chiebukuro.yahoo.co.jp/qa/question_detail/q14324907624,普段運動しない人が痩せるために有酸素運動するなら暑い時期よりは寒い時期ですか？ さすがに暑い時期は熱中症の危険もあるので難しいと個人的には思ってます,0,0
286,2026/2/1 19:49,飛行機、空港,1150648371,5時間23分,3,53,17.7,0,1,0.164,5.66,0.03,0.72,あと3日,https://detail.chiebukuro.yahoo.co.jp/qa/question_detail/q13324907623,3月末に彼女と福岡に旅行に行くのですが飛行機で行こうと思っていて自分で飛行機のチケットを買うのが初めてなのでチケットの買い方をわかりやすく教えてもらいたいです！ 行きは小松空港から乗ります！,0,0
287,2026/2/1 19:49,クレジットカード,ang********,5時間23分,2,14,7.0,0,0,0.043,14.29,0.0,0.35,あと3日,https://detail.chiebukuro.yahoo.co.jp/qa/question_detail/q12324907622,自分で作っていながらですが…ドコモゴールドカードですが下部にVISAとロゴはなく赤とオレンジの丸いマークだけのはマスターカードですか？,0,0
288,2026/2/1 19:49,アナウンサー,bkf********,5時間23分,0,7,7.0,0,0,0.022,0.0,0.0,0.02,あと3日,https://detail.chiebukuro.yahoo.co.jp/qa/question_detail/q11324907621,石井亮次さんがMCをされるCBCの午後のワイドショーにコメンテーターとしてアナウンサーの先輩である古舘伊知郎さんが出演し、 時にこのつながりでNHKの古舘さんのMC番組に石井さんがゲスト出演するのも良...,0,0
290,2026/2/1 19:48,大学受験,cdafd8856,5時間24分,0,45,45.0,0,0,0.139,0.0,0.0,0.14,あと3日,https://detail.chiebukuro.yahoo.co.jp/qa/question_detail/q14324907619,今日九州産業大学を受験しに行きました。自己採点したいのですが、解答分かる方いたら教えていただきたいです。 観光学科なら最低何割取ればいいですか？？,0,0
291,2026/2/1 19:48,観光地、行楽地,pik********,5時間24分,0,9,9.0,0,0,0.028,0.0,0.0,0.03,あと3日,https://detail.chiebukuro.yahoo.co.jp/qa/question_detail/q12324907617,2月の平日の蔵王ロープウェイ昼間はかなり混みますか？夕方はいくらか空いてきますか？,0,0
292,2026/2/1 19:48,哲学、倫理,ぴか,5時間24分,1,69,69.0,1,5,0.212,1.45,0.15,1.13,あと3日,https://detail.chiebukuro.yahoo.co.jp/qa/question_detail/q13324907618,日本を震撼させる様な犯罪を起こした者の親にも、なにか「罰金刑」程度の刑罰を与えるべきでは？ 例えば、秋葉原事件・安倍総理事件・地下鉄サリン事件などを指します。 それら、日本を震撼させる犯罪を犯した人た...,0,0
293,2026/2/1 19:48,飲食店,ずんどこべろんちょ,5時間24分,0,27,27.0,0,0,0.083,0.0,0.0,0.08,あと3日,https://detail.chiebukuro.yahoo.co.jp/qa/question_detail/q11324907616,丸亀製麺での話。私の先頭に並んでいた方が野菜天ぷらをご所望で切らしていて5分時間がかかるからということで精算後の提供だった。たまたま隣に座った途端動画見ながら無線型のイヤホン？ をして動画熱中しながら...,0,0
294,2026/2/1 19:48,家族関係の悩み,********,5時間25分,1,10,10.0,0,0,0.031,10.0,0.0,0.18,あと3日,https://detail.chiebukuro.yahoo.co.jp/qa/question_detail/q14324907614,シングルの人に質問ですが、新しいパートナー探しの時って子どもどうしてますか？一緒に連れていく？それとも一時的に実家等に預ける？,0,0
295,2026/2/1 19:48,スマートフォン,1053246310,5時間25分,0,4,4.0,0,0,0.012,0.0,0.0,0.01,あと3日,https://detail.chiebukuro.yahoo.co.jp/qa/question_detail/q10324907615,エレコム Galaxy A25 5G (SC-53F) ケースのライトブルーについてなのですが、誰かこのケースを持っている方いらっしゃらないでしょうか…よろしければ写真を見せていただきたいなと、！ ど...,0,0
296,2026/2/1 19:48,政治、社会問題,1121049324,5時間25分,5,18,3.6,0,0,0.055,27.78,0.0,0.82,あと3日,https://detail.chiebukuro.yahoo.co.jp/qa/question_detail/q12324907612,衆院選で消費税廃止と言っている所がありますが実際に廃止したらどうなりますか？ 何年くらい持ちそうですか？,0,0
297,2026/2/1 19:48,高校受験,mja********,5時間25分,2,42,21.0,0,1,0.129,4.76,0.03,0.53,あと3日,https://detail.chiebukuro.yahoo.co.jp/qa/question_detail/q13324907613,私立高校無償化について。 ぼやきです。 現在公立高校２年生がいるため、ここ数年は毎年倍率を見ていますが今年から急に定員割れしました。 うちが中三の年も定員割れしていたら良かったのに。 それは過去の話だ...,0,0
298,2026/2/1 19:48,コンビニ,1152237222,5時間25分,0,7,7.0,0,0,0.022,0.0,0.0,0.02,あと3日,https://detail.chiebukuro.yahoo.co.jp/qa/question_detail/q11324907611,セブンイレブンの「サクなげ(チーズ味)」は薄めの味ですか？ サクなげ自体を初めて食べたのですが、「言われてみればかすかに乳っぽい味がするような…？」程度の味で。一緒に食べた家族は、チーズの味とか全く分...,0,0
299,2026/2/1 19:48,パソコン,b4443c392,5時間25分,1,27,27.0,0,0,0.083,3.7,0.02,0.24,不明,https://detail.chiebukuro.yahoo.co.jp/qa/question_detail/q10324907610,ゲーミングPC初めて買おうとしてるんですが https://www.mouse-jp.co.jp/store/g/ggtune-dga5g60b5badw101decal/ こういうセットみたいなのっ...,0,0
300,2026/2/1 19:48,ポケットモンスター,tod********,5時間25分,1,18,18.0,0,0,0.055,5.56,0.01,0.21,あと3日,https://detail.chiebukuro.yahoo.co.jp/qa/question_detail/q14324907609,ポケモンGOでリモート交換用の色違い背景つきロコンがいるんですがこれって進化させた方がいいんですか？ 特別な技があるので貰った人が使うことを考えると進化させた方がいい or 観賞用の可能性が高いのでノ...,0,0
301,2026/2/1 19:48,鉄道、列車、駅,上野東京ライン常磐線直通仙台行き,5時間25分,3,29,9.7,0,2,0.089,10.34,0.01,0.73,あと3日,https://detail.chiebukuro.yahoo.co.jp/qa/question_detail/q13324907608,なぜJR西日本の直流電化区間は全部223系にならなかったのでしょうか?,0,0
302,2026/2/1 19:48,コミック,fes*******,5時間25分,0,12,12.0,0,0,0.037,0.0,0.0,0.04,あと3日,https://detail.chiebukuro.yahoo.co.jp/qa/question_detail/q12324907607,ゲットパッカーズという漫画があります 主人公は本物の天使の化身と対決します 一応、主役だから勝ちますが、別に天使を否定しているわけではありません ちゃんと落ちが用意してあり 「確かに大天使に俺の邪眼の...,0,0
303,2026/2/1 19:48,福祉、介護,xz********,5時間25分,7,26,3.7,0,12,0.08,26.92,0.0,2.25,あと3日,https://detail.chiebukuro.yahoo.co.jp/qa/question_detail/q11324907606,「うどん」「ラーメン」「パスタ」なら何が美味しいですか？,0,0
304,2026/2/1 19:48,政治、社会問題,ドラえもん,5時間25分,5,18,3.6,0,4,0.055,27.78,0.0,1.19,あと3日,https://detail.chiebukuro.yahoo.co.jp/qa/question_detail/q13324907603,なぜ犯罪者は懲役ではなく死刑なら更生教育も生活指導もされずに済むのですか？,0,0
305,2026/2/1 19:48,ファイナルファンタジー,Alex,5時間25分,0,11,11.0,0,0,0.034,0.0,0.0,0.03,あと3日,https://detail.chiebukuro.yahoo.co.jp/qa/question_detail/q10324907605,スクエニ・FF 任天堂に擦り寄るこの人達は哀れなのでしょうか？ 皆さんの意見を聞きたいと思います。 https://youtu.be/qZTIXKM7Uo4?si=mciynkeBjZluw1rY,0,0
306,2026/2/1 19:48,特撮,オーレッド,5時間25分,11,77,7.0,0,11,0.236,14.29,0.02,2.93,あと3日,https://detail.chiebukuro.yahoo.co.jp/qa/question_detail/q14324907604,あなたが、次の言葉で思い浮かべるアニメや特撮(作品やキャラクター)は？ 「鳥人（背中に翼がある）」,0,0
307,2026/2/1 19:48,生き方、人生相談,非公開,5時間25分,0,38,38.0,0,0,0.117,0.0,0.0,0.12,あと3日,https://detail.chiebukuro.yahoo.co.jp/qa/question_detail/q12324907602,友達と音信不通になりました。 先日友達と会う約束をしていたのですが、相手が3日前くらいから病みはじめ、毎日していたLINEが昨日から途切れ、当日朝確認の連絡を入れても未読スルー。 電話も出ず諦めて帰っ...,0,0
308,2026/2/1 19:48,高校数学,やほ,5時間25分,0,7,7.0,0,0,0.021,0.0,0.0,0.02,あと3日,https://detail.chiebukuro.yahoo.co.jp/qa/question_detail/q11324907601,理系プラチカ3訂版の51問目の問題を教えてほしいです。,0,0
309,2026/2/1 19:48,生き方、人生相談,c6b17e02c,5時間26分,2,19,9.5,0,0,0.058,10.53,0.01,0.36,あと3日,https://detail.chiebukuro.yahoo.co.jp/qa/question_detail/q10324907600,人生で1番、お金で損をしてしまったと思う経験を教えてください。 私は ・カードを不正利用されてしまったこと ・お財布を落としたこと です。 皆さんの経験談も知りたいです。 また、その経験をしたあと｢良...,0,0
310,2026/2/1 19:48,物理学,あ,5時間26分,1,15,15.0,0,0,0.046,6.67,0.01,0.2,あと3日,https://detail.chiebukuro.yahoo.co.jp/qa/question_detail/q13324907598,床の上にある物体にひもをつけ、3.0Nの力で引いた この物体が受ける重力の大きさが8.0Nのとき 床から受ける垂直抗力は何Nか なぜ画像の解き方がダメなのか教えてください まじで馬鹿すぎて申し訳ないで...,0,0
311,2026/2/1 19:48,スロット,rtx********,5時間26分,0,6,6.0,0,0,0.018,0.0,0.0,0.02,あと3日,https://detail.chiebukuro.yahoo.co.jp/qa/question_detail/q14324907599,パチスロ（スマスロ）の ルパン三世 大航海者の秘宝で使用されている曲を探しています。 AT中にデフォルトの曲で獲得枚数が1500枚を超えるとルパン三世 愛のテーマのアレンジバージョンが流れますがこの曲...,0,0
312,2026/2/1 19:48,薄毛、抜け毛,cced0f0e2,5時間26分,0,13,13.0,0,0,0.04,0.0,0.0,0.04,あと3日,https://detail.chiebukuro.yahoo.co.jp/qa/question_detail/q12324907597,高校生です。前髪の横がこのようにスカスカでおでこ見えるんですけど原因ってなんですか？はげてます？,0,0
314,2026/2/1 19:48,ギター、ベース,bb1b2744,5時間26分,3,29,9.7,0,0,0.089,10.34,0.01,0.55,あと3日,https://detail.chiebukuro.yahoo.co.jp/qa/question_detail/q10324907595,初めてエフェクターを買います。 BOSSのDS1かOS2で迷ってます。今回使いたいのは歪みだけど、ODが付いてると今後も使いやすいかなという点で迷っています。 それぞれのデメリットメリットを教えてくだ...,0,0
315,2026/2/1 19:48,政治、社会問題,1253120321,5時間26分,3,46,15.3,0,1,0.141,6.52,0.02,0.69,あと3日,https://detail.chiebukuro.yahoo.co.jp/qa/question_detail/q14324907594,なんでチームみらいってあんな異様に叩かれてるんですか？ やっぱり幹事長のせいですか？,0,0
316,2026/2/1 19:48,幼児教育、幼稚園、保育園,りぃ,5時間26分,2,29,14.5,0,0,0.089,6.9,0.01,0.39,あと3日,https://detail.chiebukuro.yahoo.co.jp/qa/question_detail/q13324907593,保育の専門学校を卒業して児童養護施設の職員として働くのは難しいですか？保育の専門学校の募集では保育園しかないですか？文章が下手でごめんなさい。,0,0
317,2026/2/1 19:48,携帯型ゲーム全般,ab556674a,5時間26分,1,12,12.0,0,0,0.037,8.33,0.0,0.19,あと3日,https://detail.chiebukuro.yahoo.co.jp/qa/question_detail/q12324907592,プロスピAについての質問です。 先月間違えて年齢確認を17歳なのに18歳以上を選んでしまいました。 そのためパワスピポイントクラブからの購入が以下の写真の通りできなくなってしまいました。 また、１ヶ月...,0,0
318,2026/2/1 19:48,麻雀,うに,5時間26分,1,22,22.0,0,0,0.067,4.55,0.01,0.22,あと3日,https://detail.chiebukuro.yahoo.co.jp/qa/question_detail/q11324907591,雀荘で溜めロンしたら出禁になりました。当然の報いでしょうか？,0,0
319,2026/2/1 19:48,数学,mgjpdgtgmpwg,5時間26分,0,23,23.0,0,0,0.07,0.0,0.0,0.07,あと3日,https://detail.chiebukuro.yahoo.co.jp/qa/question_detail/q10324907590,至急、高1です。次の学年末で25位/100位とったらスマホ買ってもらえるので死ぬ気で頑張りたいです。 2週間前なのですが数Aの確率と数1の二次関数が特に苦手で（数Aは得意なやつがない）、どうやって勉強...,0,0
320,2026/2/1 19:48,遊戯王,musimusi,5時間26分,2,6,3.0,0,0,0.018,33.33,0.0,0.32,あと3日,https://detail.chiebukuro.yahoo.co.jp/qa/question_detail/q13324907588,遊戯王で、儀式モンスターの、～により降臨とあるのは、その儀式魔法で儀式召喚できるという例で、他の儀式魔法（高等儀式術など、儀式モンスターの名前やカテゴリを指定せず、 儀式モンスターの降臨に必要とある儀...,0,0
321,2026/2/1 19:48,恋愛相談、人間関係の悩み,匿名,5時間26分,2,10,5.0,0,0,0.031,20.0,0.0,0.34,あと3日,https://detail.chiebukuro.yahoo.co.jp/qa/question_detail/q14324907589,男性は、他人に、妻の事を言う時は、｢奥さん｣ではなく、｢妻｣と言うほうがいいですか？,0,0
322,2026/2/1 19:48,クレジットカード,yam********,5時間26分,0,1,1.0,0,0,0.003,0.0,0.0,0.0,あと3日,https://detail.chiebukuro.yahoo.co.jp/qa/question_detail/q12324907587,ufjカードのポイントについて 明細をみると ショッピング1ポイントとありました。 1000円で1ポイントつきます。 それはいいのですが。 私は還元率が11%なんですがどういう計算で11%ついたとなる...,0,0
323,2026/2/1 19:48,パソコン,名探偵コーナン,5時間26分,0,12,12.0,0,0,0.037,0.0,0.0,0.04,あと3日,https://detail.chiebukuro.yahoo.co.jp/qa/question_detail/q11324907586,5000円以下で買えるPCのガジェットを探してます。 小さいけどよく使えるもの。キーボード・マウス・USB拡張するやつはもう持ってます,0,0
324,2026/2/1 19:48,資格,＿＿03,5時間27分,0,22,22.0,0,0,0.067,0.0,0.0,0.07,あと3日,https://detail.chiebukuro.yahoo.co.jp/qa/question_detail/q10324907585,今日美容師国家試験を受けた者です。 カットで残り1分になったタイミングでしっかりめに頭髪を濡らしたのですが、逆に濡らしすぎてしまったかもしれません。顔面拭き取りはしっかりしましたが、首から水が流れてシ...,0,0
325,2026/2/1 19:48,恋愛相談、人間関係の悩み,acd20b9,5時間27分,0,6,6.0,0,0,0.018,0.0,0.0,0.02,あと3日,https://detail.chiebukuro.yahoo.co.jp/qa/question_detail/q14324907584,マッチングアプリで子供は相手と相談して決める、は子供望んでないですよね？普通に考えて相手が欲しいと言えば絶対産むのか？→別れる→時間の無駄。 正直に欲しくないと書くとイメージ悪くするから。 特に教師保...,0,0
326,2026/2/1 19:48,自動車,lD非公開,5時間27分,2,7,3.5,0,0,0.021,28.57,0.0,0.33,あと3日,https://detail.chiebukuro.yahoo.co.jp/qa/question_detail/q13324907583,https://carview.yahoo.co.jp/ncar/catalog/nissan/roox/ 日産ルークスはドア数５、とありますが2ドア/4ドアの分類は最早時代遅れですか？,0,0
328,2026/2/1 19:48,トレーニング,1152876042,5時間27分,3,23,7.7,0,0,0.07,13.04,0.01,0.53,あと3日,https://detail.chiebukuro.yahoo.co.jp/qa/question_detail/q10324907580,運動を全くと行って良いほどやってこなかった男子がまずは1ヶ月間毎日チョコザップや自宅で筋トレを始めたら、どの位変わりますか？ 顔とかも少しは変わりますか？,0,0
329,2026/2/1 19:48,お酒、ドリンク,1150254021,5時間27分,0,24,24.0,1,0,0.073,0.0,0.0,0.38,あと3日,https://detail.chiebukuro.yahoo.co.jp/qa/question_detail/q11324907581,鹿児島県がお茶の生産量で静岡県を抜きましたが1人当たりのお茶の消費量という面ではまだまだ静岡県に及びません 静岡ではそんなにお茶っ葉から淹れてお茶を飲む文化が根付いていますか？？ 若い方達もお茶を飲ん...,0,0
330,2026/2/1 19:48,恋愛相談、人間関係の悩み,a88973703,5時間27分,0,1,1.0,0,0,0.003,0.0,0.0,0.0,あと3日,https://detail.chiebukuro.yahoo.co.jp/qa/question_detail/q14324907579,身長150cmの人が恋愛対象じゃないのに 車椅子の人は恋愛対象ですか？,0,0
331,2026/2/1 19:48,公務員試験,cf083cb07,5時間27分,2,26,13.0,1,0,0.079,7.69,0.01,0.69,あと3日,https://detail.chiebukuro.yahoo.co.jp/qa/question_detail/q13324907578,40年引きこもり無職男(私)が公務員になれる方法を教えてください,0,0
332,2026/2/1 19:48,ダイエット,SafetyNet,5時間27分,2,9,4.5,0,0,0.027,22.22,0.0,0.33,あと3日,https://detail.chiebukuro.yahoo.co.jp/qa/question_detail/q11324907576,19歳の男です、顔、腹を痩せたいです 高校2年生後半までは、少食でガリガリでした でも最近は唐揚げ、ポテトなど好きなもの、美味しいもの、太りやすいものしか食べてなくて、顔とお腹だけだらしなくなってきま...,0,0
333,2026/2/1 19:48,シニアライフ、シルバーライフ,バリィ＆あかべこ,5時間27分,2,7,3.5,0,0,0.021,28.57,0.0,0.33,あと3日,https://detail.chiebukuro.yahoo.co.jp/qa/question_detail/q14324907574,^( 'Θ' )^ 鼻水ズゴーズゴー会の会長をしているバリィパパは、お味噌汁やコーヒー飲む時にも鼻水垂らしてます。 バリィママが鼻かむように勧めても鼻水かんだら負けと思ってます。 バリィパパは汚いです...,0,0
334,2026/2/1 19:48,ライブ、コンサート,fqb********,5時間27分,0,66,66.0,0,0,0.201,0.0,0.0,0.2,あと3日,https://detail.chiebukuro.yahoo.co.jp/qa/question_detail/q10324907575,HANAファンクラブ会員でホールツアー最終先行に申し込みたいんですけど、アプリからリンクに飛んでもウェブサイトから飛んでも、 何回やっても辿り着けません（ ; ; ） 申し込み期限も今日までなのでわか...,0,0
335,2026/2/1 19:48,K-POP、アジア,あーちゃん,5時間27分,1,22,22.0,0,0,0.067,4.55,0.01,0.22,あと3日,https://detail.chiebukuro.yahoo.co.jp/qa/question_detail/q13324907573,BTSファンクラブについてです！ WeverseshopのJAPAN会員で継続し続けてるんですけど、 毎回更新する日から1年がスタートしてしまい、残ってる日数が消えます。 これが普通ですか？ 例）有効...,0,0
336,2026/2/1 19:48,ニキビケア,1153174560,5時間27分,0,6,6.0,0,0,0.018,0.0,0.0,0.02,あと3日,https://detail.chiebukuro.yahoo.co.jp/qa/question_detail/q12324907572,ニキビを大きくするにはどうすればいいですか？ニキビを大きくしてその中にできた臭い膿を嗅ぐのが夢なんですが大抵ニキビが出来て育てようと放置しても翌朝には小さくなったり治ったりしてます,0,0
337,2026/2/1 19:48,Yahoo!知恵袋,○,5時間27分,0,4,4.0,0,0,0.012,0.0,0.0,0.01,あと3日,https://detail.chiebukuro.yahoo.co.jp/qa/question_detail/q11324907571,これって乾燥毛ですか？,0,0
338,2026/2/1 19:48,格安スマホ,Pwpwgzgw46467,5時間27分,5,51,10.2,0,0,0.156,9.8,0.02,0.92,あと3日,https://detail.chiebukuro.yahoo.co.jp/qa/question_detail/q10324907570,楽天モバイルはそんなに回線速度悪いんですか？ 東京には年に2回ほど旅行に行きます。 普段は四国の田舎に住んでいます。 今はどこものギガホを使っていて、アハモか楽天モバイルを検討しています。,0,0
339,2026/2/1 19:48,飛行機、空港,ちゃねーふけ,5時間27分,6,60,10.0,0,11,0.183,10.0,0.02,2.1,あと3日,https://detail.chiebukuro.yahoo.co.jp/qa/question_detail/q14324907569,入国審査はありますか？ 日本→X国の空港→A国 このようにX国を経由した場合でもX国で入国審査はありますか？,0,0
340,2026/2/1 19:48,税金,t08********,5時間28分,5,24,4.8,0,2,0.073,20.83,0.0,1.02,あと3日,https://detail.chiebukuro.yahoo.co.jp/qa/question_detail/q13324907568,主人が去年非課税で医療費は10万以上行ってるんですが 私の確定申告で控除できるのでしょうか？ 本当に分からないので上から目線の回答は やめて いただきたいと思います,0,0
341,2026/2/1 19:48,大学受験,1152431643,5時間28分,0,24,24.0,0,0,0.073,0.0,0.0,0.07,あと3日,https://detail.chiebukuro.yahoo.co.jp/qa/question_detail/q12324907567,東北学院大学の一般入試の文系数学は難易度どんな感じでしたか？,0,0
342,2026/2/1 19:48,資格,たまごかけごはん,5時間28分,2,27,13.5,0,0,0.082,7.41,0.01,0.39,あと3日,https://detail.chiebukuro.yahoo.co.jp/qa/question_detail/q11324907566,至急 漢検3級あと1週間必死に勉強すれば受かるのか。 今のいままで、英検や他のテストが複数重なって漢検の勉強をしてきませんでした。 中1の漢字までしか頭に入ってません。（中1なので。） 実際漢検受ける...,0,0
343,2026/2/1 19:48,Google Chrome,jav********,5時間28分,1,8,8.0,0,0,0.024,12.5,0.0,0.18,あと3日,https://detail.chiebukuro.yahoo.co.jp/qa/question_detail/q10324907565,Mac版Chromeの検索動作が遅いです。 文字を選択し、コンテキストメニューから「Googleで検索」を選んでも、数秒待たないと検索が実行されません。 同様の症状が起きたことのある方や、改善方法をご...,0,0
345,2026/2/1 19:48,英語,1253308487,5時間28分,0,1,1.0,0,0,0.003,0.0,0.0,0.0,あと3日,https://detail.chiebukuro.yahoo.co.jp/qa/question_detail/q12324907562,東大阪市立日新高校を受験しようとかんがえてるんですけど、指定校推薦をもらいたくて、 でも英語が苦手なんですけど好きだから得意になりたいので(もうほんまにthatとthisとかから分かりません)英語科が...,0,0
346,2026/2/1 19:48,決済、ポイントサービス,90098333,5時間28分,0,8,8.0,0,0,0.024,0.0,0.0,0.02,あと3日,https://detail.chiebukuro.yahoo.co.jp/qa/question_detail/q13324907563,あなたの考える最強ポイ活ランキングは？ 1位 TikTokライト 2位 モアクト 3位 マクロミル 4位 キャッシュウォーク 5位 モッピー,0,0
347,2026/2/1 19:47,ヘアケア,1151984031,5時間29分,2,8,4.0,0,0,0.024,25.0,0.0,0.33,あと3日,https://detail.chiebukuro.yahoo.co.jp/qa/question_detail/q10324907560,明日縮毛矯正しに行くんですけど、何か気をつけた方がいいこととかありますか？あとストレートアイロンとかしていかない方がいいですか？ すごくくせっ毛でアイロンしないと外出れないぐらいなんですけど我慢した方...,0,0
348,2026/2/1 19:47,プロ野球,cd37770a5,5時間29分,0,10,10.0,0,0,0.03,0.0,0.0,0.03,あと3日,https://detail.chiebukuro.yahoo.co.jp/qa/question_detail/q11324907561,3/6の甲子園で行われる、阪神対ソフトバンクの観戦を考えているのですが、平日のデイゲーム、オープン戦なのですが、全体的な混み具合や、観客数の予想などを教えていただきたいです。 グリーンシート予定なので...,0,0
349,2026/2/1 19:47,高校,こつぶ,5時間29分,3,17,5.7,0,0,0.052,17.65,0.0,0.51,あと3日,https://detail.chiebukuro.yahoo.co.jp/qa/question_detail/q14324907559,高校の卒業式に担任の先生にクラスのみんなでプレゼント渡しましたか？ また、何を渡しましたか？,0,0
350,2026/2/1 19:47,家族関係の悩み,1252412747,5時間29分,1,28,28.0,0,0,0.085,3.57,0.02,0.24,あと3日,https://detail.chiebukuro.yahoo.co.jp/qa/question_detail/q13324907558,親に貸したお金が返ってきません。 わたしの家は母子家庭で、母と住んでいるのですが、離婚した父が多額の借金があり、父と母はまだ連絡をおそらく取り合っていて、母に貸したお金が父に渡っていて中々返ってきませ...,0,0
351,2026/2/1 19:47,麻雀,うに,5時間29分,3,12,4.0,0,0,0.036,25.0,0.0,0.49,あと3日,https://detail.chiebukuro.yahoo.co.jp/qa/question_detail/q12324907557,"東風三麻は、親番35,000スタート、南家は25,000スタート、西家は15,000スタートぐらいじゃないとバランス悪いですよね？",0,0
352,2026/2/1 19:47,家族関係の悩み,非公開,5時間29分,2,94,47.0,0,0,0.285,2.13,0.13,0.59,不明,https://detail.chiebukuro.yahoo.co.jp/qa/question_detail/q11324907556,離婚を考えているのですが、旦那から「離婚したら今の苗字は名乗らないで変えてください」と言われました。変えなきゃいけない理由はありますか？なんでそんなこと言われなきゃいけないんでしょうか？ 私は手続き面...,0,0
353,2026/2/1 19:47,恋愛相談、人間関係の悩み,＾,5時間29分,2,14,7.0,0,0,0.042,14.29,0.0,0.34,あと3日,https://detail.chiebukuro.yahoo.co.jp/qa/question_detail/q10324907555,結婚や付き合っている人は自分と似ているなとやはり思いますか？,0,0
354,2026/2/1 19:47,自動車,ba93f4614,5時間29分,0,5,5.0,0,0,0.015,0.0,0.0,0.02,あと3日,https://detail.chiebukuro.yahoo.co.jp/qa/question_detail/q13324907553,z33のこのニーパッドってオプションですか？ 裏にはF7500-CD000って書いてます。 どう調べても出てきません。 これはセンターコンソールのあたりについてるもので、ドアにも別のニーパッドがついて...,0,0
355,2026/2/1 19:47,政治、社会問題,万博のユスリカ,5時間29分,2,65,32.5,0,0,0.197,3.08,0.06,0.5,あと3日,https://detail.chiebukuro.yahoo.co.jp/qa/question_detail/q12324907552,ハイタッチで全部の指負傷で、党首討論に出ることすら邪魔されたってことは、これ、傷害事件どころか、政治テロだったんじゃないんですか？現役総理ですよ？ 元じゃなく。。犯人逮捕に向けて警察は全力で犯人を追跡...,0,0
356,2026/2/1 19:47,カードゲーム,匿名,5時間30分,0,8,8.0,0,0,0.024,0.0,0.0,0.02,あと3日,https://detail.chiebukuro.yahoo.co.jp/qa/question_detail/q10324907550,飲みゲー カードゲームについて。 私はお酒が強いので、手っ取り早く酔えて楽しい飲み用のカードゲームはありませんか？ 今のところ『記憶無くしちゃダメですか？』が気になっているのですが、それより鬼畜なのが...,0,0
357,2026/2/1 19:47,資格,ugk********,5時間30分,3,14,4.7,0,0,0.042,21.43,0.0,0.5,あと3日,https://detail.chiebukuro.yahoo.co.jp/qa/question_detail/q11324907551,弁護士資格を取得しても事件を受任できる保証はありません。法律事務所で弁護士を始めたらボス弁は事件受任のノウハウを伝授してくれるのでしょうか。,0,0
358,2026/2/1 19:47,プロ野球,iyr********,5時間30分,6,21,3.5,0,0,0.064,28.57,0.0,0.97,あと3日,https://detail.chiebukuro.yahoo.co.jp/qa/question_detail/q14324907549,今年こそはパリーグは日ハム優勝の確率高いと思いますか！？ それともライバル、ソフトバンク、あるいは他のチームも何か起こると思いますか？,0,0
359,2026/2/1 19:47,病気、症状,gre********,5時間30分,0,1,1.0,0,0,0.003,0.0,0.0,0.0,あと3日,https://detail.chiebukuro.yahoo.co.jp/qa/question_detail/q13324907548,ストレスによる下痢、吐き気、めまいがあります。 少しでも緩和させたいんですが、市販薬やサプリメント、食べ物や飲み物があれば教えてください。,0,0
360,2026/2/1 19:47,メール,GA GA,5時間30分,1,10,10.0,0,0,0.03,10.0,0.0,0.18,あと3日,https://detail.chiebukuro.yahoo.co.jp/qa/question_detail/q12324907547,前、ここのYahoo!知恵袋で役所からのメールが詐欺か本物かの見分け方法教えてもらったんですが、たしか後ろがjpになってたらいいとかだったかなと思います。 そのメールが個人の名前のメールで怪しいと私が...,0,0
361,2026/2/1 19:47,メンズ全般,b96b03930,5時間30分,2,7,3.5,0,0,0.021,28.57,0.0,0.32,あと3日,https://detail.chiebukuro.yahoo.co.jp/qa/question_detail/q11324907546,90s ma1で 身長167センチ体重64で身幅62だったらインナー何着たらいいですか,0,0
362,2026/2/1 19:47,法律相談,sjt********,5時間30分,0,2,2.0,0,0,0.006,0.0,0.0,0.01,あと3日,https://detail.chiebukuro.yahoo.co.jp/qa/question_detail/q10324907545,動物取扱業実務従事証明書についてです。 オーナーが何かと理由をつけて押印をしてくれません。 記入はしてもらったのですが、ハンコは本社にあるから〜、本社には人がいないから〜月1でしか行かないしすぐには無...,0,0
363,2026/2/1 19:47,マインクラフト,c7d02bbcb,5時間30分,1,25,25.0,0,0,0.076,4.0,0.02,0.23,あと3日,https://detail.chiebukuro.yahoo.co.jp/qa/question_detail/q14324907544,マイクラの装置について質問です。 レイドファームを作ったのですが1ウェーブが終了したらそのまま襲撃が終わってしまいます。村判定に問題があるのでしょうか。,0,0
364,2026/2/1 19:47,K-POP、アジア,a6192d32a,5時間30分,0,17,17.0,0,0,0.051,0.0,0.0,0.05,あと3日,https://detail.chiebukuro.yahoo.co.jp/qa/question_detail/q12324907542,わたしにおすすめのナムジャドルの曲を教えてください。 シズニです。 以下が好きな曲です •irreplaceable ／nct dream •life is still going on ／nct d...,0,0
365,2026/2/1 19:47,家族関係の悩み,1151750874,5時間30分,5,87,17.4,0,6,0.263,5.75,0.05,1.56,あと3日,https://detail.chiebukuro.yahoo.co.jp/qa/question_detail/q11324907541,全く家事をしないでスマホばかり見ている妻に対して、ホントに腹を割って話し合おうと思って 「世間一般的に妻は家事をしているとは言えないと思うんだよね。共働きなら、普通は家事を分担しているよね？でも妻は…...,0,0
367,2026/2/1 19:47,日本語,非公開,5時間30分,1,19,19.0,0,0,0.057,5.26,0.01,0.21,あと3日,https://detail.chiebukuro.yahoo.co.jp/qa/question_detail/q13324907538,当 立 太子。 これの当、はどのように読みますか？ まさに？ですか？ まさに立つ王子様？,0,0
368,2026/2/1 19:47,バラエティ、お笑い,1151826999,5時間30分,1,2,2.0,0,0,0.006,50.0,0.0,0.16,あと3日,https://detail.chiebukuro.yahoo.co.jp/qa/question_detail/q11324907536,さらばとチョコプラとかまいたちの中でならどのコンビがとても面白そうなのですか？,0,0
369,2026/2/1 19:47,喫煙マナー,otd********,5時間30分,1,26,26.0,0,3,0.079,3.85,0.02,0.5,不明,https://detail.chiebukuro.yahoo.co.jp/qa/question_detail/q10324907535,コンビニのタバコは廃止したら良いのにと思われる方はいらっしゃるでしょうか？電子タバコだけにしたら良いのにと思われる方はいらっしゃるでしょうか？,0,0
370,2026/2/1 19:47,福祉、介護,xz********,5時間30分,3,10,3.3,0,1,0.03,30.0,0.0,0.57,あと3日,https://detail.chiebukuro.yahoo.co.jp/qa/question_detail/q14324907534,B型事業所への参加はサービス受給者証は絶対に必要なのでしょうか？,0,0
371,2026/2/1 19:47,掃除機、洗濯機,chi********,5時間30分,1,14,14.0,0,0,0.042,7.14,0.01,0.19,あと3日,https://detail.chiebukuro.yahoo.co.jp/qa/question_detail/q13324907533,縦型の洗濯乾燥機買おうかなと思ってるのですが。 洗濯乾燥機よりも洗濯機は洗濯機、乾燥機は乾燥機で別々に買った方がよく乾くとかありますか？,0,0
372,2026/2/1 19:47,英語,1252436945,5時間31分,3,30,10.0,0,1,0.091,10.0,0.01,0.63,不明,https://detail.chiebukuro.yahoo.co.jp/qa/question_detail/q12324907532,英語について 発音する時に子音で終わる単語→母音で始まる単語 の時は最後の子音と母音を繋げて発音することが多いと思いますが、例えばMom isという文のときに、 完全にマミズというのか、 マﾑイズとい...,0,0
373,2026/2/1 19:47,ポケットモンスター,bf3ae3fbb,5時間31分,1,6,6.0,0,0,0.018,16.67,0.0,0.17,あと3日,https://detail.chiebukuro.yahoo.co.jp/qa/question_detail/q11324907531,ポケモンカードについてです 将来まで取っておくときは マグネットローダーやスクリューダウンの方が良いのでしょうか？ 詳しい方お願いします,0,0
374,2026/2/1 19:47,音楽,猫,5時間31分,4,36,9.0,1,0,0.109,11.11,0.01,1.01,あと3日,https://detail.chiebukuro.yahoo.co.jp/qa/question_detail/q10324907530,罪と罰、右肩の蝶、ヒビカセ、威風堂々、え？あぁ、そう。 のような、セクシーでかっこいい強い女性って感じの雰囲気の曲が知りたいです！できればハイテンポのボカロが良いのですが、そうでなくても雰囲気が合って...,0,0
375,2026/2/1 19:47,レディースシューズ,わわわ,5時間31分,0,6,6.0,0,0,0.018,0.0,0.0,0.02,あと3日,https://detail.chiebukuro.yahoo.co.jp/qa/question_detail/q14324907529,写真のヨースケの靴ってどう違うんですか？厚底の高さ同じですか？,0,0
376,2026/2/1 19:47,ゲーム,ぴーす,5時間31分,1,5,5.0,0,0,0.015,20.0,0.0,0.17,あと3日,https://detail.chiebukuro.yahoo.co.jp/qa/question_detail/q13324907528,原神、武器について。 リネを強く使う為に他の子の武器を変えようと 思ってます。 片手剣の子がふたり、法器がひとりです リネに好影響がある武器を教えて欲しいです 課金はできないので紀行武器以外で お願い...,0,0
377,2026/2/1 19:47,俳優、女優,T181cm,5時間31分,1,21,21.0,0,3,0.063,4.76,0.01,0.48,不明,https://detail.chiebukuro.yahoo.co.jp/qa/question_detail/q12324907527,朝ドラ「ばけばけ」の出演俳優名とこの画像の関係作品は？,0,0
378,2026/2/1 19:46,病気、症状,匿名希望,5時間32分,1,43,43.0,0,1,0.129,2.33,0.06,0.37,不明,https://detail.chiebukuro.yahoo.co.jp/qa/question_detail/q11324907526,走りたいけれど膝への負担、ガリガリになるのが怖いです。どうするのがベストですか？ ※そのためフォアフット走行を徹底しています。 仕事で毎日8キロ歩いています。（カレンダー通りの休み） 2日に1度8キロ...,0,0
379,2026/2/1 19:46,大学受験,1152107979,5時間32分,4,46,11.5,0,1,0.138,8.7,0.02,0.83,あと3日,https://detail.chiebukuro.yahoo.co.jp/qa/question_detail/q14324907524,金沢大学文系一括入試についてです 去年の共テの合格者平均点が326.7で、今年私は315.5点でした。バンザイシステムがAよりのBで、去年の2次の英語は7割いって総合問題も平均以上は書けたので出願した...,0,0
380,2026/2/1 19:46,賃貸物件,匿名,5時間32分,1,7,7.0,0,0,0.021,14.29,0.0,0.17,あと3日,https://detail.chiebukuro.yahoo.co.jp/qa/question_detail/q10324907525,県営住宅の毎月の家賃の相場はいくらですか？,0,0
381,2026/2/1 19:46,大学受験,1152069072,5時間32分,0,29,29.0,0,0,0.087,0.0,0.0,0.09,あと3日,https://detail.chiebukuro.yahoo.co.jp/qa/question_detail/q13324907523,東京電機大学電気電子工学科の共テ利用についてなのですが、私の得点は393点で塾の予想ボーダーは390点です。去年の合格最低点が396点でしたが合格は見込めないでしょうか? あとリーディング易化とはいえ...,0,0
382,2026/2/1 19:46,テレビ、ラジオ,b1aa3b5a4,5時間32分,0,1,1.0,0,0,0.003,0.0,0.0,0.0,あと3日,https://detail.chiebukuro.yahoo.co.jp/qa/question_detail/q12324907522,わかってTVのタイトルコールは、あのちゃん？,0,0
383,2026/2/1 19:46,アニメ,1252130171,5時間32分,1,56,56.0,0,4,0.168,1.79,0.09,0.68,不明,https://detail.chiebukuro.yahoo.co.jp/qa/question_detail/q11324907521,昔のアニメのタイトルが思い出せません。 昔のアニメのタイトルが思い出せません。 序盤で、魔族（？）で、露出の多いビキニアーマーのような服を着た女の子が、男の兵士たちを剣で次々と斬り倒します。そこそこ残...,0,0
384,2026/2/1 19:46,貯金,1152250749,5時間32分,1,22,22.0,0,0,0.066,4.55,0.01,0.22,あと3日,https://detail.chiebukuro.yahoo.co.jp/qa/question_detail/q10324907520,今月24歳になったのですが、この歳で貯金額500万って普通ですか？多いですか？少ないですか？まだほぼ利益はないですが、半年ほど前から月3万の積立も始めました。 大学生の頃から貯金をしていてようやく50...,0,0
385,2026/2/1 19:46,労働条件、給与、残業,tts********,5時間32分,1,15,15.0,0,0,0.045,6.67,0.01,0.19,あと3日,https://detail.chiebukuro.yahoo.co.jp/qa/question_detail/q14324907519,昨年、資格を取得したのですが、会社に報告していません。 何となく報告しずらなかったので。 資格を取れば手当も付きますし、これから昇給などもあるので報告しようと思いましたが、 遅れて報告しても良いもので...,0,0
386,2026/2/1 19:46,アニメ,1052830657,5時間32分,0,1,1.0,0,0,0.003,0.0,0.0,0.0,あと3日,https://detail.chiebukuro.yahoo.co.jp/qa/question_detail/q13324907518,D.Gray-manの1/8スケールフィギュアがあると思うのですが、再販は有り得ると思いますか？ 再販が望めなそうであれば、フリマアプリなどで中古の物を買おうと思っているのですが、再販の可能性が少しで...,0,0
387,2026/2/1 19:46,邦楽,アクア,5時間32分,18,114,6.3,0,0,0.342,15.79,0.02,3.04,あと3日,https://detail.chiebukuro.yahoo.co.jp/qa/question_detail/q11324907516,【優しい】【優しさ】【親切】【カインド】等が歌われてる、お好きな１曲を教えて下さい♪︎ ジャンル問いません。,0,0
388,2026/2/1 19:46,バスケットボール,1052981833,5時間33分,0,3,3.0,0,0,0.009,0.0,0.0,0.01,あと3日,https://detail.chiebukuro.yahoo.co.jp/qa/question_detail/q10324907515,バスケ バッシュでジャンプ力増加が好ましいのはどのような性質を重視している奴ですか？,0,0
389,2026/2/1 19:46,郵便、宅配,bf36507d0,5時間33分,3,15,5.0,0,0,0.045,20.0,0.0,0.49,あと3日,https://detail.chiebukuro.yahoo.co.jp/qa/question_detail/q14324907514,Yahooフリマで買い物して1月29日に発送され 今日の午後持ち出し中になったのですが、配達予定日が2月9日になりました。これってどういうことですか？わかる人いたら教えてください。,0,0
390,2026/2/1 19:46,ドラゴンクエスト,とまた,5時間33分,3,25,8.3,0,1,0.075,12.0,0.01,0.61,不明,https://detail.chiebukuro.yahoo.co.jp/qa/question_detail/q13324907513,ドラクエウォークについての質問です。 ロトの竜剣2本ゲットできたのですが、あと20連で確定です。回す必要はないですよね？,0,0
391,2026/2/1 19:46,ライブ、コンサート,c76c99891,5時間33分,0,2,2.0,0,0,0.006,0.0,0.0,0.01,あと3日,https://detail.chiebukuro.yahoo.co.jp/qa/question_detail/q12324907512,武道館ライブのアリーナA10ブロック 8列 7番 ってどうですかね？？銀テとか飛んできたりしますか？ 教えて欲しいです,0,0
392,2026/2/1 19:46,政治、社会問題,abc775,5時間33分,6,92,15.3,0,5,0.276,6.52,0.04,1.62,あと3日,https://detail.chiebukuro.yahoo.co.jp/qa/question_detail/q11324907511,選択的夫婦別姓についての質問です 個人的にはどうなっても良いのですが、別姓賛成派と反対派の意見を聞いた時に 賛成派は「選択肢が増えるだけ」 反対派は「家族という繋がりが弱くなる」「戸籍がめちゃくちゃに...,0,0
393,2026/2/1 19:46,携帯型ゲーム全般,ゆき,5時間33分,0,24,24.0,0,0,0.072,0.0,0.0,0.07,あと3日,https://detail.chiebukuro.yahoo.co.jp/qa/question_detail/q10324907510,原神のパーティー編成と開催中の海灯祭で選ぶ星4キャラについて質問です。 初心者で未課金の状態で、現在の所持キャラは画像の通りです。 ①海灯祭で選ぶべきキャラ ②選んだキャラを含めたおすすめの編成 を教...,0,0
394,2026/2/1 19:46,麻雀,ごるふぁー,5時間33分,1,12,12.0,0,0,0.036,8.33,0.0,0.19,あと3日,https://detail.chiebukuro.yahoo.co.jp/qa/question_detail/q14324907509,雀魂と鷲魂は似ているサービスですか？,0,0
395,2026/2/1 19:46,女性アイドル,非公開,5時間33分,0,4,4.0,0,0,0.012,0.0,0.0,0.01,あと3日,https://detail.chiebukuro.yahoo.co.jp/qa/question_detail/q13324907508,Leminoの日向坂パックはクレジットカードからではないと支払いできないのでしょうか？ 初めてLeminoに登録します。日向坂パックの登録をしようとすると、決済手段がクレジットカードしか出てきません。,0,0
396,2026/2/1 19:46,日本語,James1950s,5時間33分,1,10,10.0,0,3,0.03,10.0,0.0,0.45,あと3日,https://detail.chiebukuro.yahoo.co.jp/qa/question_detail/q11324907506,『自分で買ってくればいいのに』これはどういう状況での台詞でしょうか?,0,0
397,2026/2/1 19:46,ゲーム,のわーる,5時間33分,0,11,11.0,0,0,0.033,0.0,0.0,0.03,あと3日,https://detail.chiebukuro.yahoo.co.jp/qa/question_detail/q10324907505,ゲーム｢グノーシア｣についての質問です。できたら真エンドをクリアした方にお聞きしたいです。 セツと主人公は銀の鍵によってループをしていますが、Day0では主人公だけが二重存在の問題に直面しますよね？ ...,0,0
398,2026/2/1 19:46,家族関係の悩み,わーい,5時間33分,0,8,8.0,0,0,0.024,0.0,0.0,0.02,あと3日,https://detail.chiebukuro.yahoo.co.jp/qa/question_detail/q14324907504,撮影スタジオを借りたいのですが、未成年でも親が予約すれば未成年だけで利用する事は可能なのでしょうか？この場合親が当日も立ち会わなければいけないのでしょうか？ 未成年の高校生です。 どのサイトで予約する...,0,0
399,2026/2/1 19:46,大学受験,1150271220,5時間33分,0,21,21.0,0,0,0.063,0.0,0.0,0.06,あと3日,https://detail.chiebukuro.yahoo.co.jp/qa/question_detail/q13324907503,今年の福岡大学倍率たかくないですか！？！ 理学部の化学科受験なのですが、7割くらいでいいのかなと思っていたら600人ほど志願者がいて 単純に考えたら倍率17倍ってことです？それともかなり多めにとるんで...,0,0
400,2026/2/1 19:46,恋愛相談、人間関係の悩み,1153051212,5時間33分,1,4,4.0,0,0,0.012,25.0,0.0,0.16,あと3日,https://detail.chiebukuro.yahoo.co.jp/qa/question_detail/q12324907502,至急です‼️ 調べても出てこなかったので教えて欲しいのですが オプの也 で 表借ります と言ってる人がいたのですが 表を借りるとは なんですか ？？？？,0,0
401,2026/2/1 19:46,料理、食材,plh********,5時間34分,2,16,8.0,0,0,0.048,12.5,0.0,0.35,あと3日,https://detail.chiebukuro.yahoo.co.jp/qa/question_detail/q11324907501,焼肉でホルモンがあります。 焼肉屋でなくてももつ煮とかで 名古屋では子供も普通に食べますが、 関東・関西では子供はあまり食べない のですか。,0,0
402,2026/2/1 19:46,スロット,1150180188,5時間34分,2,24,12.0,0,0,0.072,8.33,0.01,0.37,あと3日,https://detail.chiebukuro.yahoo.co.jp/qa/question_detail/q10324907500,戦国乙女4スマスロで打っているのですが、これはエンディングに入らないのですか？,0,0
403,2026/2/1 19:46,iPhone,らむ,5時間34分,0,3,3.0,0,0,0.009,0.0,0.0,0.01,あと3日,https://detail.chiebukuro.yahoo.co.jp/qa/question_detail/q14324907499,バッテリー容量を考えてiphone16plusを買うか、最新のiphone 17を買うか悩んでいます iphone 15を使っていて充電は2日に1回くらいのペースですが、15は旅行中地図アプリを使って...,0,0
404,2026/2/1 19:46,大学受験,たなぼ,5時間34分,0,9,9.0,0,0,0.027,0.0,0.0,0.03,あと3日,https://detail.chiebukuro.yahoo.co.jp/qa/question_detail/q13324907498,神戸大経営学部志望です 共テの点数が傾斜で84.9パーセントなのですが、共テ優先で受かるでしょうか,0,0
405,2026/2/1 19:46,コスメ、美容,あ,5時間34分,0,1,1.0,0,0,0.003,0.0,0.0,0.0,あと3日,https://detail.chiebukuro.yahoo.co.jp/qa/question_detail/q12324907497,おすすめの手汗止めクリームを教えてください！値段も教えてくれるとありがたいです,0,0
406,2026/2/1 19:46,アルバイト、フリーター,匿名,5時間34分,0,8,8.0,0,0,0.024,0.0,0.0,0.02,あと3日,https://detail.chiebukuro.yahoo.co.jp/qa/question_detail/q11324907496,4月から高校生なのですが、エネオスでバイトしたいと思っています。平日は月、水、金曜日の3日、一日約3時間ほど、土曜日と日曜日はそれぞれ約6時間ほど働こうと思っています。月何円くらい行きますかね。 面識...,0,0
407,2026/2/1 19:46,バイク,krx********,5時間34分,4,40,10.0,0,0,0.12,10.0,0.01,0.72,あと3日,https://detail.chiebukuro.yahoo.co.jp/qa/question_detail/q10324907495,バイクの正常なクラッチだったらワイヤーの根元(赤丸の部分)を手で引っ張ってもクラッチ切れますよね？↓↓↓ エンジン下ろしてあるのでちゃんとクラッチ切れるか確認したくて･･･,0,0
408,2026/2/1 19:46,飛行機、空港,k_t********,5時間34分,3,30,10.0,0,0,0.09,10.0,0.01,0.54,あと3日,https://detail.chiebukuro.yahoo.co.jp/qa/question_detail/q14324907494,飛行機のチケットって比較サイトで比べて最終的には航空会社のサイトから予約するのがいちばん安く済みますか？,0,0
409,2026/2/1 19:46,恋愛相談、人間関係の悩み,a88973703,5時間34分,1,24,24.0,0,0,0.072,4.17,0.02,0.22,あと3日,https://detail.chiebukuro.yahoo.co.jp/qa/question_detail/q13324907493,女性って身長低い人は恋愛対象じゃないのに 車椅子の人は恋愛対象ですか？,0,0
410,2026/2/1 19:46,生き方、人生相談,Userr,5時間34分,2,30,15.0,1,0,0.09,6.67,0.01,0.69,不明,https://detail.chiebukuro.yahoo.co.jp/qa/question_detail/q12324907492,なんかおもろい話教えてください。 体験した事でも、聞いた事でも何でも大丈夫です。 私を笑わせてください。,0,0
412,2026/2/1 19:46,病気、症状,po_********,5時間34分,2,40,20.0,0,0,0.119,5.0,0.02,0.42,あと3日,https://detail.chiebukuro.yahoo.co.jp/qa/question_detail/q10324907490,剣道としもやけについて 冬になると毎年のように足がしもやけになっていたんですけど、高校で剣道を始めて以来、一度もなってません。 血行が良くなったのかなーって思ってるんですけど同じような人いますか？ ち...,0,0
413,2026/2/1 19:46,ゲームセンター,スイダ,5時間34分,0,7,7.0,0,0,0.021,0.0,0.0,0.02,あと3日,https://detail.chiebukuro.yahoo.co.jp/qa/question_detail/q13324907488,イニシャルdアーケードについてです。今ホームのゲーセンが100円2クレを期間限定(1〜2/15くらい)でやってるんですが結構珍しいんですかね？,0,0
414,2026/2/1 19:46,家族関係の悩み,非公開,5時間34分,2,23,11.5,0,0,0.069,8.7,0.01,0.37,あと3日,https://detail.chiebukuro.yahoo.co.jp/qa/question_detail/q11324907486,薬屋のひとりごとについての質問です。 猫猫の実家のおじさんや花街のやり手ババアや姉ちゃんとか呼んでる連中はみんな血縁者ですか？母親がいないですが、母親はいるのですか？（アニメシーズン1までしか見てない...,0,0
415,2026/2/1 19:46,麻雀,ごるふぁー,5時間34分,2,10,5.0,0,0,0.03,20.0,0.0,0.33,あと3日,https://detail.chiebukuro.yahoo.co.jp/qa/question_detail/q12324907487,麻雀０番街の抜きドラは１００翻ですか？,0,0
416,2026/2/1 19:46,恋愛相談、人間関係の悩み,非公開,5時間34分,7,68,9.7,0,0,0.203,10.29,0.02,1.24,あと3日,https://detail.chiebukuro.yahoo.co.jp/qa/question_detail/q10324907485,彼氏が浮気をしているかもしれません。 遠距離恋愛の彼氏が先日家に来たのですが向こうがお風呂に入っていた時通知音がなり少し覗いて見たら女性らしい名前の人からメッセージが来ていました。 良くないことですが...,0,0
417,2026/2/1 19:45,メンズ腕時計、アクセサリー,cf9823787,5時間36分,2,9,4.5,0,2,0.027,22.22,0.0,0.5,あと3日,https://detail.chiebukuro.yahoo.co.jp/qa/question_detail/q14324907484,僕は中学三年生です。修学旅行の時計って何がいいですかね、何かおすすめとかあれば教えていただけると嬉しいです。これからも修学旅行だけじゃなくずっと使っていきたいので それも考慮して答えてくれますと幸いで...,0,0
418,2026/2/1 19:45,化学,be0ab1429,5時間36分,0,17,17.0,0,0,0.051,0.0,0.0,0.05,あと3日,https://detail.chiebukuro.yahoo.co.jp/qa/question_detail/q13324907483,これの計算の解説お願いします,0,0
419,2026/2/1 19:45,うつ病,おでん,5時間36分,6,93,15.5,1,12,0.277,6.45,0.04,2.53,あと3日,https://detail.chiebukuro.yahoo.co.jp/qa/question_detail/q11324907481,鬱病もしくは双極性障害の方に質問です。 友達が今、鬱なのですが、LINEを既読無視します。 そこまでは、良いのですが⋯ 既読無視はするのに、プロフィールを変えたりするのです。 自分としては、「先にメッ...,0,0
420,2026/2/1 19:45,交通、運転マナー,非公開,5時間36分,2,33,16.5,1,0,0.098,6.06,0.02,0.69,あと3日,https://detail.chiebukuro.yahoo.co.jp/qa/question_detail/q10324907480,信号なしの横断歩道で歩行者が渡ろうとしてるのに「そんなこと知るか」みたいな感じで突っ込んでくる車が多いと思いませんか？,0,0
421,2026/2/1 19:45,中学数学,そら,5時間36分,2,16,8.0,0,0,0.048,12.5,0.0,0.34,あと3日,https://detail.chiebukuro.yahoo.co.jp/qa/question_detail/q14324907479,3の2番教えてほしいです,0,0
422,2026/2/1 19:45,大学受験,1252164137,5時間36分,2,127,63.5,0,0,0.377,1.57,0.24,0.67,あと3日,https://detail.chiebukuro.yahoo.co.jp/qa/question_detail/q13324907478,今日明治学院の全学部受けてきました。 自己採点したところ素点では、日本史61%、英語100%+記述、国語95%でした。 経済学部で出願したのですが受かる可能性はあるでしょうか？,0,0
423,2026/2/1 19:45,映画,チェリアン,5時間36分,2,15,7.5,0,0,0.045,13.33,0.0,0.34,あと3日,https://detail.chiebukuro.yahoo.co.jp/qa/question_detail/q12324907477,生きる価値の無い男だと思う人物が出てくる映画作品教えてください。,0,0
424,2026/2/1 19:45,福祉、介護,xz********,5時間36分,4,25,6.2,0,0,0.074,16.0,0.0,0.67,あと3日,https://detail.chiebukuro.yahoo.co.jp/qa/question_detail/q10324907475,生活保護の質問を何度も繰り返して バッシングをしている人は 自分の生活水準が低いのは、あたかも生活保護を 受給している人が悪い、との誤った認識があるのでしょうか？ 自分の努力が足りないとは考えないので...,0,0
425,2026/2/1 19:45,ゲーム,ll,5時間36分,1,16,16.0,0,0,0.048,6.25,0.01,0.2,あと3日,https://detail.chiebukuro.yahoo.co.jp/qa/question_detail/q14324907474,ゲオでの買取についてなのですが、午前中買取に出したゲームを夜、同じ店舗でもう一度買取の出した場合断られるのでしょうか？,0,0
426,2026/2/1 19:45,ストレス,maron55,5時間36分,1,21,21.0,0,0,0.062,4.76,0.01,0.21,あと3日,https://detail.chiebukuro.yahoo.co.jp/qa/question_detail/q12324907472,なぜかすごいイライラしています。誰に何かされた、言われたとかは特にないです。周りの物事に対して打ちひしがれているような気持ちになり、イライラしています。 ストレス発散するようなことは何もなく、いつも1...,0,0
427,2026/2/1 19:45,高校,あいうえお,5時間36分,0,2,2.0,0,0,0.006,0.0,0.0,0.01,あと3日,https://detail.chiebukuro.yahoo.co.jp/qa/question_detail/q13324907473,府中の明星高校を一般で受ける人っていたりしますか‼️‼️,0,0
428,2026/2/1 19:45,ゲーム,り,5時間36分,1,10,10.0,1,0,0.03,10.0,0.0,0.47,あと3日,https://detail.chiebukuro.yahoo.co.jp/qa/question_detail/q11324907471,discordでSwitch2の画面をGoLiveしたいのですが、何か方法はありますか？ 金欠なので機材を買うとしてもなるべく安めのを買いたいです,0,0
429,2026/2/1 19:45,インターネット接続,か,5時間36分,2,18,9.0,0,0,0.053,11.11,0.0,0.35,あと3日,https://detail.chiebukuro.yahoo.co.jp/qa/question_detail/q14324907469,インターネット無料賃貸で、個人契約してたWiFiルーターを解約して、無料のネットに接続しようとしたら繋がりません。 なぜかわかりますか？,0,0
430,2026/2/1 19:45,家具、インテリア,1152129960,5時間37分,2,13,6.5,0,0,0.039,15.38,0.0,0.33,あと3日,https://detail.chiebukuro.yahoo.co.jp/qa/question_detail/q13324907468,B2サイズのポスターを額縁に飾りたいのですが B2サイズの額縁が買えるオススメのお店を教えて下さい。 全国チェーン店で教えていただけると嬉しいです。,0,0
431,2026/2/1 19:45,職場の悩み,非公開,5時間37分,0,9,9.0,0,0,0.027,0.0,0.0,0.03,あと3日,https://detail.chiebukuro.yahoo.co.jp/qa/question_detail/q12324907467,体調不良で、職場に連絡をしなければならない時、勿論、基本的には電話連絡だとは思うのですが、その電話連絡をするのに物凄く緊張するタイプです。 言うならば、好きな人に電話をかける時にドキドキして相手が出る...,0,0
432,2026/2/1 19:45,恋愛相談、人間関係の悩み,目安箱,5時間37分,0,13,13.0,0,0,0.039,0.0,0.0,0.04,あと3日,https://detail.chiebukuro.yahoo.co.jp/qa/question_detail/q10324907465,女子大生です。中国人彼氏の母親が、彼氏づてに私にコスメをくれました。 パウダータイプ(多分)のファンデーションと赤いチークです。 物を頂くことは嬉しいんですが、私が普段使うコスメと形状が大幅に違う/自...,0,0
433,2026/2/1 19:45,ファッション,1151680554,5時間37分,1,16,16.0,0,0,0.047,6.25,0.01,0.2,あと3日,https://detail.chiebukuro.yahoo.co.jp/qa/question_detail/q14324907464,上がタトゥーを入れたばかりの写真で 下が半年後の写真です。 半年にしては滲みすぎでしょうか？このようなものでしょうか？ また、タトゥーの滲みについて、 アフターケアの問題もありますが、彫り師さんの技量...,0,0
434,2026/2/1 19:45,恋愛相談、人間関係の悩み,匿名,5時間37分,1,3,3.0,0,0,0.009,33.33,0.0,0.16,あと3日,https://detail.chiebukuro.yahoo.co.jp/qa/question_detail/q13324907463,学校100個分ある家に住んでいる、中学生の女子は、いるのですか？,0,0
435,2026/2/1 19:45,飲食店,delta,5時間37分,0,11,11.0,0,0,0.033,0.0,0.0,0.03,あと3日,https://detail.chiebukuro.yahoo.co.jp/qa/question_detail/q11324907461,東京駅の近くのモナリザというフランス料理屋さんに行ったことのある方に質問します。 単純に美味しいですか？,0,0
436,2026/2/1 19:45,音楽,qwertyhogehoge,5時間37分,0,8,8.0,0,0,0.024,0.0,0.0,0.02,あと3日,https://detail.chiebukuro.yahoo.co.jp/qa/question_detail/q12324907462,YOASOBIのモノトーンのラスサビ前の「ずっと」のところのように、一瞬だけアカペラ(？)になるのはどういった手法なのですか？？ また、他にYOASOBIでこういったラスサビの入り方をしている曲はあり...,0,0
437,2026/2/1 19:45,ホテル、旅館,rhn,5時間37分,2,13,6.5,0,0,0.039,15.38,0.0,0.33,あと3日,https://detail.chiebukuro.yahoo.co.jp/qa/question_detail/q10324907460,スーパーホテル品川・新馬場の利用を考えています。このホテルのチェックインはセルフでしょうか？ また、部屋おまかせのプランを利用したことがある方いませんか？ 大人2名で予約したいのですがどんな部屋だった...,0,0
438,2026/2/1 19:45,麻雀,ごるふぁー,5時間37分,6,29,4.8,0,1,0.086,20.69,0.0,1.06,あと3日,https://detail.chiebukuro.yahoo.co.jp/qa/question_detail/q14324907459,三麻のうまい人の牌譜を見ても私と差があるとは思えないのに勝てないです。 その人は半荘です。私は東風しかしません。半荘は面倒くさい。 その差でしょうか？ 親番２回とか辛気臭くてやってられない。,0,0
439,2026/2/1 19:45,恋愛相談、人間関係の悩み,a88973703,5時間37分,0,1,1.0,0,0,0.003,0.0,0.0,0.0,あと3日,https://detail.chiebukuro.yahoo.co.jp/qa/question_detail/q13324907458,女性って身長低い人は恋愛対象じゃないのに 車椅子の人は恋愛対象ですか？,0,0
440,2026/2/1 19:45,政治、社会問題,man********,5時間37分,2,29,14.5,0,1,0.086,6.9,0.01,0.47,あと3日,https://detail.chiebukuro.yahoo.co.jp/qa/question_detail/q12324907457,消費税減税ってホントに正しいのでしょうか。,0,0
441,2026/2/1 19:45,ヘアケア,1053155491,5時間37分,0,7,7.0,0,0,0.021,0.0,0.0,0.02,あと3日,https://detail.chiebukuro.yahoo.co.jp/qa/question_detail/q10324907455,ロレアルパリのヘアオイルを購入したのですが、 くぼみに合わせ何度プッシュしても中身が出ません。 自分なりに解決方法を調べたのですがどうしても 出てこないのでお力添えいただければと思います。,0,0
442,2026/2/1 19:45,賃貸物件,匿名,5時間37分,2,24,12.0,0,0,0.071,8.33,0.01,0.37,不明,https://detail.chiebukuro.yahoo.co.jp/qa/question_detail/q11324907456,賃貸の契約書って受け取る時に受領印を押したりしますか？,0,0
443,2026/2/1 19:45,飲食店,ce379b045,5時間37分,3,17,5.7,0,0,0.05,17.65,0.0,0.49,あと3日,https://detail.chiebukuro.yahoo.co.jp/qa/question_detail/q14324907454,回転寿司チェーン店の大トロが1番美味しいのはどこですか？,0,0
444,2026/2/1 19:45,DIY,owj********,5時間37分,0,7,7.0,1,0,0.021,0.0,0.0,0.32,あと3日,https://detail.chiebukuro.yahoo.co.jp/qa/question_detail/q12324907452,パーテーションのコの字の連結ジョイントをパーテーションの上に付ける時に届かない人が使うコの字専用(?)のマジックハンドのような物の名前を教えてください。,0,0
445,2026/2/1 19:45,ゲーム,非公開,5時間38分,1,23,23.0,0,0,0.068,4.35,0.02,0.22,あと3日,https://detail.chiebukuro.yahoo.co.jp/qa/question_detail/q13324907453,あんさんぶるスターズ、海外版について質問です。 当方、白鳥くんを押しております。 海外版（中国限定？）の白鳥くんが欲しいので、海外版のあんスタを始めたいと思っています。 そこで、海外版にも国ごとに違い...,0,0
446,2026/2/1 19:45,自動車,goo********,5時間38分,1,23,23.0,0,0,0.068,4.35,0.02,0.22,あと3日,https://detail.chiebukuro.yahoo.co.jp/qa/question_detail/q11324907451,ダイハツ タント。キーレスでの開閉時のアンサーバック。ハザードの点滅や サウンドを オフにするやり方を教えてください LA650S グレードLです ステアリングにボタンは、ありません,0,0
447,2026/2/1 19:45,絵画,1252095482,5時間38分,0,23,23.0,0,0,0.068,0.0,0.0,0.07,あと3日,https://detail.chiebukuro.yahoo.co.jp/qa/question_detail/q10324907450,デフォルメキャライラストのお仕事を個人様を中心に受けたいです。 このイラストのクオリティであればおいくらが妥当でしょうか？ なかなか決められず、困っています。 直感でいいので教えていただけますと幸いで...,0,0
448,2026/2/1 19:45,YouTube,Alex,5時間38分,2,29,14.5,0,2,0.086,6.9,0.01,0.56,あと3日,https://detail.chiebukuro.yahoo.co.jp/qa/question_detail/q14324907449,YouTubeで収益停止が相次いでいるようですね。 まあ、真面目に働いて楽をせずお金を稼ぎなさいということなのでしょうか？ 皆さんの意見を聞きたいと思います。,0,0
449,2026/2/1 19:45,高校受験,Y.D.S,5時間38分,2,19,9.5,0,0,0.056,10.53,0.01,0.35,あと3日,https://detail.chiebukuro.yahoo.co.jp/qa/question_detail/q13324907448,〈大至急〉 浜松学芸高校を受ける者です。内申点36点で特進コース併願です。当日何点（何割）取れたら受かりそうですか？,0,0
450,2026/2/1 19:44,恋愛相談、人間関係の悩み,ad80d801a,5時間39分,0,6,6.0,0,0,0.018,0.0,0.0,0.02,あと3日,https://detail.chiebukuro.yahoo.co.jp/qa/question_detail/q12324907447,私には好きな人がいて、元々は仲が良い友達！だったのですが、最近になってはクラスも離れてしまい、話す機会が消えました 多分好きバレもしています、どうすればいいですか！,0,0
451,2026/2/1 19:44,模型、プラモデル、ラジコン,1150178190,5時間39分,1,17,17.0,0,0,0.05,5.88,0.01,0.2,あと3日,https://detail.chiebukuro.yahoo.co.jp/qa/question_detail/q11324907446,KATOのＨＯのキハ５８は、製品化した時期に於いて車体の色合いや、モーターの違いがあるんでしょうか？ 違うなら同じ色合いで出来れば、同じロッドで揃えたいのですが,0,0
452,2026/2/1 19:44,アニメ,auf********,5時間39分,0,1,1.0,0,0,0.003,0.0,0.0,0.0,あと3日,https://detail.chiebukuro.yahoo.co.jp/qa/question_detail/q10324907445,羅小黒戦記II映画の終盤で、 シャオヘイがムゲンにアイスをねだるシーン ルーイエがそれを眺めていて、シャオヘイを自身の幼少期に重ね合わせていますが あれってどういう意味なんでしょうか？あの年齢の時はま...,0,0
453,2026/2/1 19:44,フィギュアスケート,我々のコリブリ,5時間39分,3,59,19.7,1,1,0.174,5.08,0.03,1.0,あと3日,https://detail.chiebukuro.yahoo.co.jp/qa/question_detail/q14324907444,フィギュアスケート 人類の限界到達点はジャンプで有れば5回転なのではないか？と考えていますが おかしいのでしょうか？ これは競技の質問と言うより人間の身体構造の質問に近いと思います。 他の競技で言えば...,0,0
454,2026/2/1 19:44,X（旧Twitter）,匿名,5時間39分,0,7,7.0,0,0,0.021,0.0,0.0,0.02,あと3日,https://detail.chiebukuro.yahoo.co.jp/qa/question_detail/q13324907443,Xについて質問です サブ垢では右のように今まで通りなのに本垢だと左のようなレイアウトになってしまいます 右のレイアウトの方が使いやすかったので戻したいのですがどうすればいいのでしょうか？,0,0
455,2026/2/1 19:44,生き方、人生相談,ななし,5時間39分,2,12,6.0,0,0,0.035,16.67,0.0,0.33,あと3日,https://detail.chiebukuro.yahoo.co.jp/qa/question_detail/q11324907441,皆さんは、時間を忘れるほどなにかに没頭した経験はありますか？ なぜ時間を忘れて没頭したのか理由も込みで教えてください！,0,0
456,2026/2/1 19:44,政治、社会問題,b4d157b87,5時間39分,0,7,7.0,0,0,0.021,0.0,0.0,0.02,あと3日,https://detail.chiebukuro.yahoo.co.jp/qa/question_detail/q12324907442,東京都のベッドタウン山梨県上野原市は 田舎暮らしにはいいと思いますか？,0,0
457,2026/2/1 19:44,バイク,James1950s,5時間39分,1,13,13.0,0,3,0.038,7.69,0.0,0.45,あと3日,https://detail.chiebukuro.yahoo.co.jp/qa/question_detail/q10324907440,モーガンのプラス4とバイクならどちらの方が安全性は高いですか?,0,0
458,2026/2/1 19:44,ゲーム,1053255937,5時間39分,0,3,3.0,0,0,0.009,0.0,0.0,0.01,あと3日,https://detail.chiebukuro.yahoo.co.jp/qa/question_detail/q13324907438,スマホゲームの「ハリー･ポッター:ホグワーツの謎」は、J.K.ローリングはストーリーに関わってますか？,0,0
459,2026/2/1 19:44,お酒、ドリンク,1150956369,5時間39分,1,5,5.0,0,0,0.015,20.0,0.0,0.16,あと3日,https://detail.chiebukuro.yahoo.co.jp/qa/question_detail/q12324907437,第一興商で販売されている果茶果茶という商品のいちごがとても好きで個人的に開ける前のパックを購入したいと思ったのですが、 私の探した限りでは販売はされていなくて似たようなものでもいいので売ってる情報知っ...,0,0
460,2026/2/1 19:44,ゲーム,agx********,5時間39分,0,23,23.0,0,0,0.068,0.0,0.0,0.07,あと3日,https://detail.chiebukuro.yahoo.co.jp/qa/question_detail/q11324907436,最近ダンガンロンパシリーズを好きになった新参者です。 この画像の3人のことが大好きでちびちびトランプ風カードを集めているのですが、先程届いて確認してみたところ王馬くんのもののみスパイク・チュンソフトの...,0,0
461,2026/2/1 19:44,ファーストフード,gptddximt,5時間40分,2,28,14.0,0,0,0.082,7.14,0.01,0.38,あと3日,https://detail.chiebukuro.yahoo.co.jp/qa/question_detail/q14324907434,なぜファストフード業界は「天丼」だけはてんやの一人勝ちにさせているのですか？ ハンバーガー、パスタ、うどん、そば、カツ丼、牛丼、カレー 全てライバル店が鎬を、削っているのに 天丼だけはてんや以外ほぼ存...,0,0
462,2026/2/1 19:44,iPhone,bot,5時間40分,0,11,11.0,0,0,0.032,0.0,0.0,0.03,あと3日,https://detail.chiebukuro.yahoo.co.jp/qa/question_detail/q10324907435,iOSを26.2.1にアップデートしたら共有アルバムに保存した動画を見ようとしたらエラーで見れないんですが直す方法はありますか？,0,0
463,2026/2/1 19:44,高校受験,b22b437c5,5時間40分,2,11,5.5,0,0,0.032,18.18,0.0,0.33,あと3日,https://detail.chiebukuro.yahoo.co.jp/qa/question_detail/q13324907433,至急！！！ 高校の面接（美術科）では何が聞かれやすいんですか？ あと試験まで2週間もないんです（ ; ; ） でもある程度答えられます。 ある程度答えられるけど思ってもない質問が来たら戸惑ってしまって...,0,0
464,2026/2/1 19:44,アニメ,推しが太陽なら私は月,5時間40分,0,3,3.0,0,0,0.009,0.0,0.0,0.01,あと3日,https://detail.chiebukuro.yahoo.co.jp/qa/question_detail/q11324907431,質問失礼します｡ヒーリングっとプリキュアの､感謝祭はどこで見れますか｡知ってる方は回答を是非お願いします｡,0,0
465,2026/2/1 19:44,自動車,あかのん,5時間40分,0,1,1.0,0,0,0.003,0.0,0.0,0.0,あと3日,https://detail.chiebukuro.yahoo.co.jp/qa/question_detail/q12324907432,カーエックスドリフトで建物の上に乗っている人がいるのですがあれのやり方を教えて頂きたいです。,0,0
466,2026/2/1 19:44,コミック,rewens2659,5時間40分,1,16,16.0,0,1,0.047,6.25,0.01,0.28,不明,https://detail.chiebukuro.yahoo.co.jp/qa/question_detail/q10324907430,今年５月８日にコミックの弱虫ペダル１００巻が、発売されるそうですが 早めに書店に予約して置かなくても、購入する事が出来ますか？ 書店に予約しなくても、漫画弱虫ペダル１００巻を手に入れる事 は出来ますよ...,0,0
467,2026/2/1 19:44,動物,1153251318,5時間40分,5,29,5.8,0,0,0.085,17.24,0.0,0.82,あと3日,https://detail.chiebukuro.yahoo.co.jp/qa/question_detail/q14324907429,鶏が先か卵が先かどっちだと思いますか？ ちなみに自分は卵を鶏と認識出来無いので鶏が先だと思います,0,0
468,2026/2/1 19:44,テーマパーク,ねこ,5時間40分,1,24,24.0,0,0,0.07,4.17,0.02,0.22,あと3日,https://detail.chiebukuro.yahoo.co.jp/qa/question_detail/q13324907428,今度ディズニーランドに行くのですが欲しいバケットがないので2〜3年前にディズニーシーで買ったダッフィーフレンズのやつを持っていくか迷ってます。 ディズニーシーで買ったのを持ってくのはなしですか？ありで...,0,0
469,2026/2/1 19:44,邦楽,非公開,5時間40分,1,16,16.0,0,0,0.047,6.25,0.01,0.19,あと3日,https://detail.chiebukuro.yahoo.co.jp/qa/question_detail/q12324907427,松田聖子さん初期の楽曲 清純派の曲ばかりですが お父様のご意向もあったのですか？ 山口百恵さんとかは ひと夏の経験とか歌ってましたが 聖子さんはああいう性的な感じな歌ないですよね,0,0
470,2026/2/1 19:44,ゲーム,匿名,5時間40分,1,8,8.0,0,0,0.023,12.5,0.0,0.17,あと3日,https://detail.chiebukuro.yahoo.co.jp/qa/question_detail/q11324907426,ハートピアスローライフについての質問です 音楽商店はランダムで表示された音楽しか購入できませんか? 選択したプレイヤーが公開したもの一覧などは見られませんか？,0,0
471,2026/2/1 19:44,タブレット端末,キムちゅう,5時間40分,2,20,10.0,0,2,0.059,10.0,0.01,0.53,不明,https://detail.chiebukuro.yahoo.co.jp/qa/question_detail/q14324907424,iPadのパスコード毎回忘れるんですけどやばいですかね？,0,0
472,2026/2/1 19:44,恋愛相談、人間関係の悩み,1051549927,5時間40分,0,9,9.0,0,0,0.026,0.0,0.0,0.03,あと3日,https://detail.chiebukuro.yahoo.co.jp/qa/question_detail/q10324907425,バイト先に気になる人が出来たかもしれません。 仕事内容的に、始まっちゃうと1人なので業務中に話すことは厳しいです。なのでいつも遠目で見てる感じです。 私は高3(もう卒業ですが)で相手は大一です。 ほと...,0,0
473,2026/2/1 19:44,Amazon,han********,5時間40分,1,28,28.0,0,0,0.082,3.57,0.02,0.23,あと3日,https://detail.chiebukuro.yahoo.co.jp/qa/question_detail/q13324907423,amazonでMP3の曲を購入（ダウンロード）しました。 amazon music にも、amazon prime にも加入せずに、 echo popで聴くことは可能でしょうか？ いろいろやってみたの...,0,0
474,2026/2/1 19:44,ポケットモンスター,非公開,5時間40分,0,2,2.0,0,0,0.006,0.0,0.0,0.01,あと3日,https://detail.chiebukuro.yahoo.co.jp/qa/question_detail/q12324907422,ジムリーダーの技構成について質問します。 ジムリーダーを倒すとジムバッジと一緒にわざマシンとかを貰えますが… 歴代のジムリーダーで【わざマシン】の技を1匹も覚えていない例って何かありましたか？ ある限...,0,0
475,2026/2/1 19:44,カフェ、喫茶,min********,5時間40分,0,13,13.0,0,0,0.038,0.0,0.0,0.04,あと3日,https://detail.chiebukuro.yahoo.co.jp/qa/question_detail/q11324907421,今日スタバでほうじ茶クラシックティーラテを頼みました。 テイクアウトしてすぐ飲んだのですが、いつもと違い、シロップ？がところどころ固まってつぶつぶになっていて、ジェルような… 初めて行った店舗で頼んだ...,0,0
476,2026/2/1 19:44,税金,jac********,5時間40分,2,30,15.0,0,1,0.088,6.67,0.01,0.47,あと3日,https://detail.chiebukuro.yahoo.co.jp/qa/question_detail/q10324907420,去年採用された市町村職員ですが確定申告の受付が初めてで不安です。今まで確定申告に縁がなかったので、どのような手順で受付を進めたらいいかイマイチ分かりません。 税務署で研修はありましたが、概論的で役に立...,0,0
477,2026/2/1 19:44,プレイステーション4,cb32fe6ee,5時間41分,0,4,4.0,0,0,0.012,0.0,0.0,0.01,あと3日,https://detail.chiebukuro.yahoo.co.jp/qa/question_detail/q14324907419,apexで移動するためにキーボード押したら左上に文字入力みたいな欄になってしまいますどうやったら解除できますか キャップスロックです,0,0
478,2026/2/1 19:44,病気、症状,c857c7b85,5時間41分,0,6,6.0,0,0,0.018,0.0,0.0,0.02,あと3日,https://detail.chiebukuro.yahoo.co.jp/qa/question_detail/q13324907418,【至急】足を動かさないと、腰が震えてしまいます。僕は、今中３なのですが、貧乏ゆすりをずっとしてきたのですが、最近卒業式も近いのでやめようかなと思って止めてみたら腰が震えてしまいました。 (ビクッビクッ...,0,0
479,2026/2/1 19:44,アニメ,1052718832,5時間41分,1,34,34.0,0,6,0.1,2.94,0.03,0.77,あと3日,https://detail.chiebukuro.yahoo.co.jp/qa/question_detail/q11324907416,Fate/strange fakeのリチャードって汎用性高めのサーヴァントですか？マスターが男でもあのくらいフレンドリーですかね？魔力量さえあればなんとかなるタイプですか？,0,0
480,2026/2/1 19:44,マインクラフト,c84737998,5時間41分,0,7,7.0,0,0,0.021,0.0,0.0,0.02,あと3日,https://detail.chiebukuro.yahoo.co.jp/qa/question_detail/q10324907415,マイクラ マインクラフト 統合版 ブリーズトラップについて質問です マイクラに詳しくはないものの色々な装置を放置したいなと思い、色んなものを作ってます。 ブリーズトラップも放置したいのですが調べたとこ...,0,0
481,2026/2/1 19:44,家族関係の悩み,nch********,5時間41分,0,4,4.0,0,0,0.012,0.0,0.0,0.01,あと3日,https://detail.chiebukuro.yahoo.co.jp/qa/question_detail/q12324907417,靴下嫌いは遺伝しましたか？,0,0
482,2026/2/1 19:44,コミック,bea********,5時間41分,1,30,30.0,1,0,0.088,3.33,0.03,0.53,あと3日,https://detail.chiebukuro.yahoo.co.jp/qa/question_detail/q14324907414,探してる漫画があります 魔法少女ものの漫画で闇深い百合って感じです 主人公はボブカットの女の子で劣等生って感じでした あとは担任の先生が黒髪にメガネでした 最初主人公の同室の子が戦いで死ぬところから始...,0,0
483,2026/2/1 19:44,ゲーム,ivano1840,5時間41分,0,2,2.0,0,0,0.006,0.0,0.0,0.01,あと3日,https://detail.chiebukuro.yahoo.co.jp/qa/question_detail/q13324907413,第五人格のオフラインパック キャンセル分の再販について オフラインパックの復刻や再販はないが、発送前の決済が行われる時期にキャンセル分が少数放出される事がある、とほかの方の質問を通して知りました。 「...,0,0
484,2026/2/1 19:44,ホテル、旅館,sup********,5時間41分,5,51,10.2,0,0,0.149,9.8,0.02,0.88,あと3日,https://detail.chiebukuro.yahoo.co.jp/qa/question_detail/q12324907412,ホテルより自宅のほうが綺麗だし快適で、ホテルには抵抗がある方っていますか？ もともと旅行が好きなので、年に数回行っていました。ホテルはビジネスホテル、もしくは1人1万〜2万程度のホテルで十分だったので...,0,0
485,2026/2/1 19:44,Amazon,zme********,5時間41分,2,20,10.0,1,0,0.059,10.0,0.01,0.64,あと3日,https://detail.chiebukuro.yahoo.co.jp/qa/question_detail/q11324907411,Amazonの配送って雑ですよね？ 今ちょうど宅配来たのですが、玄関先でダンボールが落ちる音(恐らく投げた)がしました。 時間に追われてるとは思いますが、こんなもんですかね笑,0,0
486,2026/2/1 19:44,メルカリ,minto,5時間41分,2,49,24.5,0,2,0.143,4.08,0.04,0.61,不明,https://detail.chiebukuro.yahoo.co.jp/qa/question_detail/q10324907410,メルカリでゆうちょ銀行の支払いってできますか？ 今メルカリで欲しいものがあり、PayPayで支払おうとしたら支払い項目になかったため、メルカリとゆうちょ銀行を連携しました。 その後、支払い項目画面に、...,0,0
487,2026/2/1 19:44,季節のおでかけ,ID 非公開,5時間41分,1,10,10.0,0,0,0.029,10.0,0.0,0.18,不明,https://detail.chiebukuro.yahoo.co.jp/qa/question_detail/q14324907409,伊豆高原（静岡県）で犬と自然を楽しむとき、持っていくと便利な持ち物には何がありますか？,0,0
488,2026/2/1 19:44,テーマパーク,1051631992,5時間41分,3,43,14.3,0,0,0.126,6.98,0.02,0.56,あと3日,https://detail.chiebukuro.yahoo.co.jp/qa/question_detail/q13324907408,ディズニーランドのクラブマウスビートのDPAについて。 3月2日にインパします。クラブマウスビートが終わる前最後のインパなので、DPAまたはエントリー受付を使って見ようと思っています。ファンクラブ席は...,0,0
489,2026/2/1 19:44,メルカリ,グラちゃん,5時間41分,3,52,17.3,1,1,0.152,5.77,0.03,0.97,あと3日,https://detail.chiebukuro.yahoo.co.jp/qa/question_detail/q11324907406,メルカリ、初期不良は出品者が悪い。この理論は絶対である。お金を返して欲しい、無視するメルカリもおかしい。出品者からお金を得ているので、購入者は保護しない。何処に訴えれば良いでしょうか。,0,0
490,2026/2/1 19:44,ゲーム,pal********,5時間41分,0,5,5.0,0,0,0.015,0.0,0.0,0.01,あと3日,https://detail.chiebukuro.yahoo.co.jp/qa/question_detail/q12324907407,サイレントヒルfについて ホラーゲームだと思いますがゲーム性としてはどんな形式なのでしょうか(ステルス/アクション等) わかる方教えてください,0,0
491,2026/2/1 19:44,恋愛相談、人間関係の悩み,b520fccaf,5時間41分,1,8,8.0,0,0,0.023,12.5,0.0,0.17,あと3日,https://detail.chiebukuro.yahoo.co.jp/qa/question_detail/q10324907405,年上×年下の切ない恋愛ソングを探しています 16歳（高2・女）です。 バイト先で21歳の先輩と仲良くなり、少し惹かれていました。 その先輩は指導係で、よく話しかけてくれたり、可愛いと言ってくれたり、守...,0,0
492,2026/2/1 19:44,携帯型ゲーム全般,1253145062,5時間42分,2,12,6.0,0,0,0.035,16.67,0.0,0.33,あと3日,https://detail.chiebukuro.yahoo.co.jp/qa/question_detail/q14324907404,ブロスタについてです バズのゴジラスキンは再販来ると思いますか？,0,0
493,2026/2/1 19:44,ファッション,かに,5時間42分,1,9,9.0,0,0,0.026,11.11,0.0,0.17,あと3日,https://detail.chiebukuro.yahoo.co.jp/qa/question_detail/q13324907403,バフォメットのタトゥーを入れたいんですけど金額ってどのくらいですか？ 胸に入れるつもりです。また痛さはどのくらいでしょうか痩せ気味なので筋肉もなくほぼ骨です。ちなみにプールとか銭湯って入れないものなん...,0,0
494,2026/2/1 19:44,コミック,1253229905,5時間42分,0,5,5.0,0,0,0.015,0.0,0.0,0.01,あと3日,https://detail.chiebukuro.yahoo.co.jp/qa/question_detail/q12324907402,漫画 BORUTO について カワキが好きな人って存在するんでしょうか？するならどんな理由で好きなんでしょうか？ 何をしてもあの思考に行き着く理由がわからずボルトが不憫で最新話まで読みましたが苦しいで...,0,0
495,2026/2/1 19:43,インターネットショッピング,1051733212,5時間43分,0,1,1.0,0,0,0.003,0.0,0.0,0.0,あと3日,https://detail.chiebukuro.yahoo.co.jp/qa/question_detail/q11324907401,アラジンの公式サイトで買い物をしたいのですが、ギフトカードの金額は使えますか？ 支払いの画面にチェックがあり、残高はカード払いのところに○がるついてますが、合計金額でギフトカードの金額が引かれません,0,0
496,2026/2/1 19:43,病気、症状,sau********,5時間43分,0,26,26.0,0,0,0.076,0.0,0.0,0.08,あと3日,https://detail.chiebukuro.yahoo.co.jp/qa/question_detail/q10324907400,男性フリーアナウンサー、タレント、総合司会者、ラジオパーソナリティ、ニュースキャスターの故 久米宏さん（享年81歳） (1944-2026）（オフィス・トゥー・ワン所属）が亡くなられましたが、 亡くな...,0,0
497,2026/2/1 19:43,料理、レシピ,ban********,5時間43分,1,13,13.0,0,0,0.038,7.69,0.0,0.18,あと3日,https://detail.chiebukuro.yahoo.co.jp/qa/question_detail/q14324907399,寿司ネタで、変わったネタの寿司があれば教えてください。ただし、個人で寿司にして食べているのではなく、実際に寿司屋やスーパーで販売されているものでお願いします。,0,0
498,2026/2/1 19:43,運転免許,pei********,5時間43分,3,73,24.3,0,2,0.213,4.11,0.05,0.82,不明,https://detail.chiebukuro.yahoo.co.jp/qa/question_detail/q13324907398,運転免許更新はマイナーカード免許証にしたほうがよいのですか？ 今度更新するにあたり、それにすると少し余計に時間がかかるらしいけど。 もっとも私の場合は今回更新したとしても次回はもうしませんが。,0,0
499,2026/2/1 19:43,天文、宇宙,a8f47d53f,5時間43分,1,13,13.0,0,0,0.038,7.69,0.0,0.18,あと3日,https://detail.chiebukuro.yahoo.co.jp/qa/question_detail/q12324907397,質問です。 図3で地点Pの南中高度は何度か求める方法を教えてください。,0,0
500,2026/2/1 19:43,恋愛相談、人間関係の悩み,a88973703,5時間43分,0,21,21.0,0,0,0.061,0.0,0.0,0.06,あと3日,https://detail.chiebukuro.yahoo.co.jp/qa/question_detail/q11324907396,身長150cm男性は 恋愛対象にはならん だから 告られたら その後の口説き文句は日本語として通じない 聞いてない 聞こえない っていう都合いい耳に変化するんですか？女性の方は,0,0
501,2026/2/1 19:43,遊戯王,musimusi,5時間43分,2,5,2.5,0,0,0.015,40.0,0.0,0.3,あと3日,https://detail.chiebukuro.yahoo.co.jp/qa/question_detail/q10324907395,遊戯王で、デュエルターミナルのカードの表面に付いている斑点は、消しゴムで擦ると剥がれますが、その場合そのカードは使えませんか,0,0
502,2026/2/1 19:43,引越し,acd20b9,5時間43分,1,13,13.0,0,0,0.038,7.69,0.0,0.18,あと3日,https://detail.chiebukuro.yahoo.co.jp/qa/question_detail/q13324907393,大宮駅と千葉駅から先は上京者殆どいないですか？住む意みない。家賃安くても都心への交通費と時間考えれば割にあわない。 倉庫や工場や物流センター勤務と大学がそこにある人除く←この人達も卒業する、仕事やめれ...,0,0
503,2026/2/1 19:43,ライブ、コンサート,ce1bb0ade,5時間43分,1,8,8.0,0,0,0.023,12.5,0.0,0.17,あと3日,https://detail.chiebukuro.yahoo.co.jp/qa/question_detail/q14324907394,チケットぴあで2枚チケット購入した場合、 席は連番ですか？,0,0
504,2026/2/1 19:43,飲食店,ca0473af4,5時間43分,2,56,28.0,0,3,0.163,3.57,0.05,0.71,あと3日,https://detail.chiebukuro.yahoo.co.jp/qa/question_detail/q12324907392,熊本県内の美味しいラーメン屋教えてください！,0,0
505,2026/2/1 19:43,大学受験,ゆ,5時間43分,1,15,15.0,0,0,0.044,6.67,0.01,0.19,あと3日,https://detail.chiebukuro.yahoo.co.jp/qa/question_detail/q11324907391,西南学院大学の共テ併用を滑り止めで申し込んでて共テ併用が243/300で81%なんですけど個別試験はどれくらい取れれば安心ですかね‪т т ‬あまり記述が得意じゃないのでもしかしたら逆転されるかもと不...,0,0
506,2026/2/1 19:43,コミック,abdegk,5時間43分,1,13,13.0,0,0,0.038,7.69,0.0,0.18,あと3日,https://detail.chiebukuro.yahoo.co.jp/qa/question_detail/q10324907390,原神の黄金の眠りについてです。最後、なんでジェブライラが中に入ることで危険を免れたんですか？1人を犠牲にすれば解決したっていう感じだったんですか？,0,0
507,2026/2/1 19:43,恋愛相談、人間関係の悩み,1052695648,5時間44分,3,53,17.7,1,2,0.154,5.66,0.03,1.05,あと3日,https://detail.chiebukuro.yahoo.co.jp/qa/question_detail/q14324907389,今まで社会人生活9年近くやってきて7回離職とかなり短期離職を繰り返してきて、何も達成できずについにはニートになってしまいました。 働かなくちゃという思いはありますがもう社会人として責任を取るとか理不尽...,0,0
508,2026/2/1 19:43,アルバイト、フリーター,柑橘系,5時間44分,0,2,2.0,0,0,0.006,0.0,0.0,0.01,あと3日,https://detail.chiebukuro.yahoo.co.jp/qa/question_detail/q13324907388,up個別館のアルバイトは週どれくらい入れてどのくらい稼げますか？,0,0
509,2026/2/1 19:43,病気、症状,匿名,5時間44分,0,1,1.0,0,0,0.003,0.0,0.0,0.0,あと3日,https://detail.chiebukuro.yahoo.co.jp/qa/question_detail/q12324907387,胆道閉鎖症の女性は胆道閉鎖症が一生治りませんか？,0,0
510,2026/2/1 19:43,恋愛相談、人間関係の悩み,be0dc30fa,5時間44分,1,15,15.0,0,0,0.044,6.67,0.01,0.19,あと3日,https://detail.chiebukuro.yahoo.co.jp/qa/question_detail/q11324907386,高校生で昨日他校の気になってる女子と電話したんですけど今日話し始めるとき、昨日は電話ありがとうって言われたら気持ち悪いですか？女子の方、男の恋愛経験豊富な方教えてください,0,0
511,2026/2/1 19:43,カラオケ,***********,5時間44分,3,35,11.7,0,0,0.102,8.57,0.01,0.54,あと3日,https://detail.chiebukuro.yahoo.co.jp/qa/question_detail/q10324907385,カラオケ大会が１週間後に迫ってきていて、とても緊張しています。 歌詞は覚えています。審査員は人間ですが、普段はカラオケマシンのジョイサウンドで９３点を平均して出しています。 音程の微妙なブレ、や安定感...,0,0
512,2026/2/1 19:43,模型、プラモデル、ラジコン,あかのん,5時間44分,0,0,0.0,0,0,0.0,0.0,0.0,0.0,あと3日,https://detail.chiebukuro.yahoo.co.jp/qa/question_detail/q14324907384,カーエックスドリフトレーシングで最近絶対に乗れないであろう建物などの上に乗ってる人がいるのですがあれはど言うことのなのでしょうか？ どういう仕組み（やり方）なども知りたいです。,0,0
513,2026/2/1 19:43,バイク,b567fc5e3,5時間44分,3,22,7.3,0,1,0.064,13.64,0.0,0.58,あと3日,https://detail.chiebukuro.yahoo.co.jp/qa/question_detail/q13324907383,原付きの異音についての質問です。 最近中古でトゥデイAF67を購入しました。 走行距離は6000キロです。 購入してすぐに走行してるときに 左側（ドライブ付近）から異音が聞こえます。 金属が弾く音みた...,0,0
514,2026/2/1 19:43,ご近所の悩み,nch********,5時間44分,1,22,22.0,0,0,0.064,4.55,0.01,0.21,あと3日,https://detail.chiebukuro.yahoo.co.jp/qa/question_detail/q12324907382,真冬でも靴下を履かずに外出している人は、靴下を履くのが嫌いなのですか？,0,0
515,2026/2/1 19:43,花粉症、アレルギー,1150714473,5時間44分,2,10,5.0,0,0,0.029,20.0,0.0,0.32,あと3日,https://detail.chiebukuro.yahoo.co.jp/qa/question_detail/q11324907381,マグロアレルギーってありますか？ マグロ食べると舌がヒリヒリしたりします。,0,0
516,2026/2/1 19:43,マナー,13578653,5時間44分,0,2,2.0,0,0,0.006,0.0,0.0,0.01,あと3日,https://detail.chiebukuro.yahoo.co.jp/qa/question_detail/q10324907380,退職の贈り物でワンポイント(ワイルドベリー)のついたウエッジウッドの白いハンカチってダメなんでしょうか？ 白いハンカチはダメと書いてありましたが、ハンカチで「退職ならOK」「ワンポイント付きならOK」...,0,0
517,2026/2/1 19:43,鉄道、列車、駅,上野東京ライン常磐線直通仙台行き,5時間44分,1,23,23.0,0,0,0.067,4.35,0.02,0.21,あと3日,https://detail.chiebukuro.yahoo.co.jp/qa/question_detail/q12324907377,なぜJR東日本の秋田・山形新幹線走行区間以外の交流電化区間全部E721系にならなかったのでしょうか?,0,0
518,2026/2/1 19:43,音楽,うさぎ,5時間44分,0,4,4.0,0,0,0.012,0.0,0.0,0.01,あと3日,https://detail.chiebukuro.yahoo.co.jp/qa/question_detail/q13324907378,赤坂アカさんの漫画「メルヘンクラウン」の広告に使われているBGMを知っていますか？ Instagramでヤンジャンの広告が流れてきました メルヘンクラウンの広告なのですが、ピアノ➕ダークメルヘンでとて...,0,0
519,2026/2/1 19:43,性の悩み、相談,teo********,5時間44分,2,17,8.5,0,0,0.049,11.76,0.0,0.34,あと3日,https://detail.chiebukuro.yahoo.co.jp/qa/question_detail/q11324907376,Xジェンダーの人って更衣室どうしてる？ 私は性別は女性ですが見た目が完全に男性で、ホルモン注射も何もしてないけど温泉で頭だけ出してる状態でも驚かれた事があるぐらい男性に見られます。 身長が低いのでまだ...,0,0
520,2026/2/1 19:43,インターネットショッピング,gkm********,5時間44分,0,59,59.0,0,0,0.171,0.0,0.0,0.17,あと3日,https://detail.chiebukuro.yahoo.co.jp/qa/question_detail/q10324907375,Dreamnodiy という、ショップで購入した方、ちゃんと商品届きましたか？ 購入された方の開封を配信でするというもので、先日購入したのですが… 海外サイトなので少し不安です 誰か購入された方、教え...,0,0
521,2026/2/1 19:43,恋愛相談、人間関係の悩み,ad80d801a,5時間44分,0,3,3.0,0,0,0.009,0.0,0.0,0.01,あと3日,https://detail.chiebukuro.yahoo.co.jp/qa/question_detail/q14324907374,今度、まつしたのイベントに行くのですが、 初めてのそういうイベントで、しかも1人なので緊張します！なにかしておいた方が良いことや、マナーなどありましたら教えて欲しいです,0,0
522,2026/2/1 19:43,超常現象、オカルト,19580725,5時間44分,1,53,53.0,0,0,0.154,1.89,0.08,0.3,あと3日,https://detail.chiebukuro.yahoo.co.jp/qa/question_detail/q13324907373,これって心霊写真ですか？ 左側のマヤ(下段の1番左)の腰あたりに手があると思うのですが、位置的にも誰の手でもないし、少し手が黒くなってて不気味です。 ※公式から掲載された写真なので加工とかでは無いと思...,0,0
523,2026/2/1 19:43,恋愛相談、人間関係の悩み,ook********,5時間44分,0,6,6.0,0,0,0.017,0.0,0.0,0.02,あと3日,https://detail.chiebukuro.yahoo.co.jp/qa/question_detail/q12324907372,結婚相談所で仮交際を自分から終了したけれど、その後上手くいかなくて、やっぱりあの人と続けてれば良かったなと思うことありますか？,0,0
524,2026/2/1 19:43,自動車,非公開,5時間45分,7,49,7.0,0,1,0.142,14.29,0.01,1.24,あと3日,https://detail.chiebukuro.yahoo.co.jp/qa/question_detail/q11324907371,ジムニーの四駆のことで質問です。 パートタイム式四駆とのことですが、雪道や悪路じゃない、普通の街乗りで四駆にして走ったら、不具合が出ますか？,0,0
525,2026/2/1 19:43,家族関係の悩み,wyu********,5時間45分,0,8,8.0,0,0,0.023,0.0,0.0,0.02,あと3日,https://detail.chiebukuro.yahoo.co.jp/qa/question_detail/q10324907370,実父が浮気してどーのこーのとかいう話を自分の旦那に話しますか？？？ 父が長年にわたり色んな女の人と浮気してたらしく、母から色々父について話されました。 ですが、その事を姉に話すと色々辻褄が合ってないか...,0,0
527,2026/2/1 19:43,女性アイドル,1151174904,5時間45分,1,4,4.0,1,0,0.012,25.0,0.0,0.44,あと3日,https://detail.chiebukuro.yahoo.co.jp/qa/question_detail/q11324907366,乃木坂を卒業した松尾美佑さんのグッズ等をこれからのライブやリアミに持ってくのは良くないですか？,0,0
528,2026/2/1 19:43,バラエティ、お笑い,1053342580,5時間45分,0,8,8.0,0,0,0.023,0.0,0.0,0.02,あと3日,https://detail.chiebukuro.yahoo.co.jp/qa/question_detail/q10324907365,有吉ゼミを昔から見ているという方に質問です。激辛グルメのコーナーで取り上げられていた料理を探していています。 お子様ランチのようにいろんな料理がワンプレートに盛られている感じで、覚えている中では唐辛子...,0,0
530,2026/2/1 19:42,恋愛相談、人間関係の悩み,1151010926,5時間46分,0,8,8.0,0,0,0.023,0.0,0.0,0.02,あと3日,https://detail.chiebukuro.yahoo.co.jp/qa/question_detail/q13324907363,高校生です。片想いしてる相手（約３年半）にバレンタインを渡そうか迷ってます。相手は他中だったけど、中学の時から知り合い（塾同じ）の同い年で、高校は同じだけど二年連続でクラスは違います。 高1の時からD...,0,0
531,2026/2/1 19:42,家電、AV機器,nan********,5時間46分,0,5,5.0,0,0,0.014,0.0,0.0,0.01,あと3日,https://detail.chiebukuro.yahoo.co.jp/qa/question_detail/q12324907362,未使用のスチーマーについて 10年ほど前にポイントで購入したパナソニックのスチーマーナノケアがあります。 一度も使っていないのですが、カビ等なければ使用しても大丈夫でしょうか…？,0,0
532,2026/2/1 19:42,インフルエンザ,arp********,5時間46分,1,85,85.0,0,0,0.245,1.18,0.21,0.39,不明,https://detail.chiebukuro.yahoo.co.jp/qa/question_detail/q11324907361,インフルエンザBになりました。 吐き気がひどいのですが、自宅にガスター10ならあります。 飲んでも大丈夫ですか？,0,0
533,2026/2/1 19:42,ヘアケア,ce6fae757,5時間46分,0,16,16.0,0,0,0.046,0.0,0.0,0.05,あと3日,https://detail.chiebukuro.yahoo.co.jp/qa/question_detail/q10324907360,今写真で見てこのくらいの髪の色なのですが暗染めをしたらどのくらいで色落ちしますか？ また黒染めをした場合も教えて頂きたいです。 ブリーチ1回とワンカラーで今の髪色になっています。3月に黒髪でいないとい...,0,0
534,2026/2/1 19:42,家族関係の悩み,lD非公開,5時間46分,2,30,15.0,0,0,0.087,6.67,0.01,0.37,あと3日,https://detail.chiebukuro.yahoo.co.jp/qa/question_detail/q14324907359,ママリというアプリについて 夫婦間での不満や悪阻など、同じ境遇の方同士じゃないとアドバイス出来ないような質問に、うちの旦那はそんなことなくて〜○○、私の場合はつわりは全くなくて○○〜といったような、的...,0,0
535,2026/2/1 19:42,ピアノ、キーボード,bedd1e88c,5時間46分,7,56,8.0,1,3,0.162,12.5,0.01,1.71,あと3日,https://detail.chiebukuro.yahoo.co.jp/qa/question_detail/q13324907358,高校生からピアノを始めるのは遅いですか？ 自分は保育士を目指しています ピアノが引けなくても保育士はなれると 聞きました 引けたほうが色々メリットはあるんじゃないかな？と自分では思います でも今更始め...,0,0
536,2026/2/1 19:42,アニメ,アクアリウムしの助,5時間46分,2,5,2.5,0,0,0.014,40.0,0.0,0.3,あと3日,https://detail.chiebukuro.yahoo.co.jp/qa/question_detail/q12324907357,平成版ヤッターマンの第20話にルー大柴が出ているらしいのですが本人がヤッターマンの世界に転生したのですか。本人そっくりの別人ですか。,0,0
537,2026/2/1 19:42,ゲーム,xor********,5時間46分,1,16,16.0,0,0,0.046,6.25,0.01,0.19,あと3日,https://detail.chiebukuro.yahoo.co.jp/qa/question_detail/q11324907356,アイドルマスターステラステージの購入を検討しています。 DLCが割と高く、種類があるのですが買わなくても攻略上困らないでしょうか。 ※765プロしかきちんと知っているキャラがいない、最初は春香から始め...,0,0
538,2026/2/1 19:42,イヌ,ID 非公開,5時間46分,1,11,11.0,0,0,0.032,9.09,0.0,0.18,不明,https://detail.chiebukuro.yahoo.co.jp/qa/question_detail/q10324907355,免疫老化と慢性疾患を併存する犬のワクチン管理で、獣医師と相談すべき最大のポイントは何ですか？,0,0
539,2026/2/1 19:42,リズム、音楽ゲーム,1252869320,5時間47分,0,7,7.0,0,0,0.02,0.0,0.0,0.02,あと3日,https://detail.chiebukuro.yahoo.co.jp/qa/question_detail/q14324907354,デレステ アイドル別ファン数ランキングって、2回1位を取っても貰える1位称号は一つだけなんですか？,0,0
540,2026/2/1 19:42,高校受験,ひー,5時間47分,0,8,8.0,0,0,0.023,0.0,0.0,0.02,あと3日,https://detail.chiebukuro.yahoo.co.jp/qa/question_detail/q13324907353,高校入試の面接についてです。明後日面接です。所作の部分でカバンあるとき入退出はどのようにすれば良いでしょうか？カバンは中学校の指定のものでまあまあ大きいので、カバンを持ちながらながら動作はこわいです。,0,0
541,2026/2/1 19:42,コンビニ,bel********,5時間47分,1,8,8.0,0,0,0.023,12.5,0.0,0.17,あと3日,https://detail.chiebukuro.yahoo.co.jp/qa/question_detail/q12324907352,客とトラブルを起こしまくったり勝手に時短営業して、フランチャイズのセブンイレブンの駐車場に、直営のセブンイレブンを建てた大阪の店舗ですが、フランチャイズのオーナー松本美敏さんは、 その後どうなったんで...,0,0
542,2026/2/1 19:42,映画,チェリアン,5時間47分,0,7,7.0,0,0,0.02,0.0,0.0,0.02,あと3日,https://detail.chiebukuro.yahoo.co.jp/qa/question_detail/q11324907351,ク〇ク〇野郎が出てくる映画教えてください。,0,0
543,2026/2/1 19:42,政治、社会問題,xz********,5時間47分,9,141,15.7,0,61,0.406,6.38,0.06,6.95,あと3日,https://detail.chiebukuro.yahoo.co.jp/qa/question_detail/q10324907350,総理大臣でありながら 高市早苗さんが今日のNHK「日曜討論」に参加しなかった 理由は 統一教会パーティー券の関係ですか？,0,0
544,2026/2/1 19:42,自動車,す,5時間47分,3,27,9.0,0,0,0.078,11.11,0.01,0.51,あと3日,https://detail.chiebukuro.yahoo.co.jp/qa/question_detail/q14324907349,免許取り立てです 北海道で運転しているのですが、信号前で止まるときゆっくり行っていてもブレーキ踏んだらそのまま滑って前と当たりそうになってしまいます。 このときブレーキは踏み込んだ状態で止まるのを待つ...,0,0
545,2026/2/1 19:42,メンズ腕時計、アクセサリー,1153211475,5時間47分,0,1,1.0,0,0,0.003,0.0,0.0,0.0,あと3日,https://detail.chiebukuro.yahoo.co.jp/qa/question_detail/q13324907348,盛岡でオメガの腕時計を安くオーバーホールできるとこありますか？,0,0
546,2026/2/1 19:42,恋愛相談、人間関係の悩み,ien********,5時間47分,0,17,17.0,0,0,0.049,0.0,0.0,0.05,あと3日,https://detail.chiebukuro.yahoo.co.jp/qa/question_detail/q12324907347,年末に彼が原因で私から振った元彼と復縁したくてお正月にあけおめLINEしてから連絡は取れるようになりました 彼の得意分野に関する質問をして丁寧に教えてくれたり、 仕事が落ち着いたら会いたいと言うといい...,0,0
547,2026/2/1 19:42,大学受験,1052530675,5時間47分,2,87,43.5,0,0,0.25,2.3,0.11,0.54,あと3日,https://detail.chiebukuro.yahoo.co.jp/qa/question_detail/q11324907346,日本史大ゴケしました泣 英語167点 国語多分162点 日本史78点で関学の商学部は受かりますか？ 得点調整0.85した後去年のボーダーは乗ってたんですけど、、,0,0
548,2026/2/1 19:42,家族関係の悩み,ca4a83691,5時間47分,1,25,25.0,0,0,0.072,4.0,0.02,0.22,あと3日,https://detail.chiebukuro.yahoo.co.jp/qa/question_detail/q10324907345,妹にかなり手を焼いています。 対処法を教えてくださいませんか？ 私も妹も漫画や書籍、ゲームなどを集めるのが趣味なのですが、好みが似ています。 ただ、妹の方は自分が買ったものは姉妹だろうが同じものを持っ...,0,0
549,2026/2/1 19:42,オンラインゲーム,匿名くん,5時間47分,1,13,13.0,0,0,0.037,7.69,0.0,0.18,あと3日,https://detail.chiebukuro.yahoo.co.jp/qa/question_detail/q14324907344,"原神のナヴィアっていつくらいに復刻しますか？予想でいいので教えて欲しいです( . .)""",0,0
550,2026/2/1 19:42,プロレス,Jack********,5時間47分,1,29,29.0,0,0,0.083,3.45,0.02,0.23,あと3日,https://detail.chiebukuro.yahoo.co.jp/qa/question_detail/q13324907343,女子プロレス団体スターダムの スターライト・キッドてけっこう美人だと思うんですが、どうしてマスク着けてるんでしょうか？,0,0
551,2026/2/1 19:42,YouTube,無知,5時間47分,0,13,13.0,0,0,0.037,0.0,0.0,0.04,あと3日,https://detail.chiebukuro.yahoo.co.jp/qa/question_detail/q11324907341,布団ちゃんって近いうちにここから復帰は厳しいですか？正直寂しいです；；配信者として書類送検ってどのくらいヤバいんでしょうか あとテリーくんの続報あれば教えてください 布団ちゃん ︎︎VARREL ︎︎...,0,0
552,2026/2/1 19:42,学校の悩み,@@,5時間47分,2,14,7.0,0,0,0.04,14.29,0.0,0.33,あと3日,https://detail.chiebukuro.yahoo.co.jp/qa/question_detail/q12324907342,体の弱いのをわかっていていじめ暴力行為をする人はどう思いますか？,0,0
553,2026/2/1 19:42,数学,1153261035,5時間48分,2,60,30.0,1,0,0.172,3.33,0.05,0.74,あと3日,https://detail.chiebukuro.yahoo.co.jp/qa/question_detail/q10324907340,数学得意な方！大至急!! 中2の面積比の問題です。画像の問題が分かりません。 (1)はできたのですが、(2)がほんとに分かりません!! 頭悪いので丁寧に説明していただけると助かります。よろしくお願いい...,0,0
554,2026/2/1 19:42,バイク,ac182e34,5時間48分,0,19,19.0,0,0,0.055,0.0,0.0,0.05,あと3日,https://detail.chiebukuro.yahoo.co.jp/qa/question_detail/q14324907339,Z900RS SE 25モデル アーキ6ピースショート菅マフラーについて質問です。 先日アーキの6ピースショート菅マフラーを取り付けしました。 テールパイプまで取付を終わりO2センサーを付けようとした...,0,0
555,2026/2/1 19:42,K-POP、アジア,非公開,5時間48分,3,49,16.3,0,9,0.141,6.12,0.02,1.34,あと3日,https://detail.chiebukuro.yahoo.co.jp/qa/question_detail/q13324907338,ウィンターどんどんテヨンに似てきてませんか？ 熱愛疑惑からIUちゃんに似てるとか言われだしたけどそれは全然分かりません。。どう見てもテヨン系統な気がします,0,0
556,2026/2/1 19:42,友人関係の悩み,c9e3991a9,5時間48分,0,10,10.0,0,0,0.029,0.0,0.0,0.03,あと3日,https://detail.chiebukuro.yahoo.co.jp/qa/question_detail/q12324907337,友達関係についてです。 去年から仲良くなった同じクラスの友達がいます。 その友達とはずっと仲良く話をしていたんですけど、最近は私が、どうだったー？みたいな気軽に声をかけたら、仲が良い時より冷たく返事を...,0,0
557,2026/2/1 19:42,邦楽,ter********,5時間48分,1,8,8.0,0,0,0.023,12.5,0.0,0.17,あと3日,https://detail.chiebukuro.yahoo.co.jp/qa/question_detail/q11324907336,上手い歌手に難癖をつけることで自分が歌が下手な事とのバランスをとってる人はいますか？,0,0
558,2026/2/1 19:42,政治、社会問題,poo********,5時間48分,3,50,16.7,0,0,0.144,6.0,0.02,0.57,あと3日,https://detail.chiebukuro.yahoo.co.jp/qa/question_detail/q10324907335,関西弁で話しかけられている子供の動画を見ました。児相に通報したほうがいいでしょうか? るんや、とか、ほな、とか口調が反社みたいです。,0,0
559,2026/2/1 19:41,ご近所の悩み,非公開,5時間49分,0,17,17.0,0,0,0.049,0.0,0.0,0.05,あと3日,https://detail.chiebukuro.yahoo.co.jp/qa/question_detail/q14324907334,引っ越したら隣に挨拶しますか？東京はその文化ないですよね？女性の一人暮らしだったらそれ知られて危なくないですか？ 田舎は挨拶した方がいいんですか？,0,0
560,2026/2/1 19:41,日本史,プロパー神田,5時間49分,4,36,9.0,0,3,0.103,11.11,0.01,0.93,あと3日,https://detail.chiebukuro.yahoo.co.jp/qa/question_detail/q12324907332,戦国時代 質問失礼致します。 「戦国時代」は主君を裏切るのみならず、血を分けた親兄弟であれ、裏切り下剋上、殺し合いでのし上がる、現代からは想像に耐えない非情な行いが、まかり通る世の中でした。 質問です...,0,0
561,2026/2/1 19:41,恋愛相談、人間関係の悩み,1151012470,5時間49分,2,2,1.0,0,0,0.006,100.0,0.0,0.29,あと3日,https://detail.chiebukuro.yahoo.co.jp/qa/question_detail/q11324907331,恋愛について相談です。 普段は良い関係だと思っているのですが 今私がメンタル不調で、彼も仕事が忙しくかなりストレスを抱えている状態で最近言い合いになったりする日が増えてこのままでは良くないんじゃないか...,0,0
563,2026/2/1 19:41,国際情勢,ugk********,5時間49分,2,16,8.0,0,0,0.046,12.5,0.0,0.33,あと3日,https://detail.chiebukuro.yahoo.co.jp/qa/question_detail/q14324907329,中国政府が日本で犯罪が多発して危険と主張しています。そうであれば自国民の訪日を禁止したら良いのではないでしょうか。,0,0
565,2026/2/1 19:41,恋愛相談、人間関係の悩み,はな,5時間49分,2,11,5.5,0,0,0.031,18.18,0.0,0.32,あと3日,https://detail.chiebukuro.yahoo.co.jp/qa/question_detail/q12324907327,受験生のバレンタインについて 私は中学3年生の受験生です 彼氏がいるのですが、バレンタインを渡すべきでしょうか？？ 去年は私の片想いで手作りをあげました 去年が手作りだったので、今年市販のをあげるとす...,0,0
567,2026/2/1 19:41,ダイエット,1149954373,5時間49分,5,66,13.2,1,0,0.189,7.58,0.02,1.19,あと3日,https://detail.chiebukuro.yahoo.co.jp/qa/question_detail/q11324907326,見ずらいと思うのですが、これって足太いですか？最近自分でも太ってるのか分からなくて。客観的な意見欲しいです。,0,0
568,2026/2/1 19:41,自動車,taz********,5時間49分,3,36,12.0,1,3,0.103,8.33,0.01,1.07,あと3日,https://detail.chiebukuro.yahoo.co.jp/qa/question_detail/q14324907324,レクサスLCからNXにメルセデスGLSからレクサスRXに乗り換えてる人がいたらどうしてだろ？とか思いますか？,0,0
569,2026/2/1 19:41,メルカリ,非公開,5時間49分,2,53,26.5,0,6,0.151,3.77,0.04,0.95,あと3日,https://detail.chiebukuro.yahoo.co.jp/qa/question_detail/q13324907323,メルカリでわざわざ着払いにする人はなんででしょうか？ 着払い手数料勿体無いですよね？ 普通に送料込みの値段にすればどっちもwin-winな気がするんですが,0,0
570,2026/2/1 19:41,コミック,aebc59675,5時間49分,2,13,6.5,0,0,0.037,15.38,0.0,0.32,あと3日,https://detail.chiebukuro.yahoo.co.jp/qa/question_detail/q12324907322,ワンピースのシーザーってモネのこと大事な仲間と思ってましたか？,0,0
571,2026/2/1 19:41,音楽,ありす,5時間50分,1,3,3.0,0,0,0.009,33.33,0.0,0.15,あと3日,https://detail.chiebukuro.yahoo.co.jp/qa/question_detail/q11324907321,モブノデレラみたいな童話モチーフの歌を教えてください！！！,0,0
572,2026/2/1 19:41,学校の悩み,がんばろう,5時間50分,0,4,4.0,0,0,0.011,0.0,0.0,0.01,あと3日,https://detail.chiebukuro.yahoo.co.jp/qa/question_detail/q10324907320,転校について質問です。 僕は今中学2年生なのですが、いじめられていて、もうこれ以上この中学校に通うことが困難だと判断し、近くの中学校に転校する予定です。ただ、まだ時期などは決まっていなくて、今すぐ転校...,0,0
573,2026/2/1 19:41,au,bc0abf6a0,5時間50分,1,19,19.0,0,0,0.054,5.26,0.01,0.2,あと3日,https://detail.chiebukuro.yahoo.co.jp/qa/question_detail/q13324907318,auでスマホを購入しました。 24回払いであと2回払いです、 それ以降も使うなら47回払いになるというやつです。 しかし、今日液晶が割れて、画面に白い線が入っている状態です。この状態でも、24回払いで...,0,0
575,2026/2/1 19:41,ゲーム,c51fc6247,5時間50分,0,3,3.0,0,0,0.009,0.0,0.0,0.01,あと3日,https://detail.chiebukuro.yahoo.co.jp/qa/question_detail/q12324907317,今はiPadを使って指でゼンゼロをしています。ですがやはり戦闘が少し難しく、コントローラーを買おうかなと思っています。オススメのコントローラー等ありましたら教えてほしいです。,0,0
576,2026/2/1 19:41,俳優、女優,lD非公開,5時間50分,2,21,10.5,0,1,0.06,9.52,0.01,0.43,あと3日,https://detail.chiebukuro.yahoo.co.jp/qa/question_detail/q11324907316,米倉涼子さんが麻薬の件で不起訴にされましたがどう思いますか？ 春までには容易に復帰すると思いますか？,0,0
577,2026/2/1 19:41,学校の悩み,neruskyura,5時間50分,1,19,19.0,0,0,0.054,5.26,0.01,0.2,あと3日,https://detail.chiebukuro.yahoo.co.jp/qa/question_detail/q10324907315,学校の先生について。 24歳女性です。子どもなどは特におらず、現在は小中学校との関わりはありません。 めちゃくちゃ怒鳴る先生とか、音量的にはうるさくなくてもモラハラっぽい先生って、どこにもいたと思うの...,0,0
578,2026/2/1 19:41,恋愛相談,be0dc30fa,5時間50分,1,15,15.0,0,0,0.043,6.67,0.01,0.18,あと3日,https://detail.chiebukuro.yahoo.co.jp/qa/question_detail/q14324907314,高校生で昨日他校の気になってる女子と電話したんですけど今日話し始めるとき、昨日は電話ありがとうって言われたら気持ち悪いですか？女子の方教えてください,0,0
579,2026/2/1 19:41,文学、古典,1252053740,5時間50分,1,3,3.0,0,0,0.009,33.33,0.0,0.15,あと3日,https://detail.chiebukuro.yahoo.co.jp/qa/question_detail/q13324907313,"現代語訳おねがいします 上野敬輔へ達 元年三月日 造幣器核御買上付香港 被差遣候事 皇國造幣寮證之記抄錄 此時=當政府谷皇國貨幣,量目征合共度適セサルヲ知り殊=方今外國貿易,道深盛ンナフレメン ト欲セ...",0,0
580,2026/2/1 19:41,スマホアプリ,gggatan,5時間50分,1,27,27.0,0,0,0.077,3.7,0.02,0.22,不明,https://detail.chiebukuro.yahoo.co.jp/qa/question_detail/q12324907312,"福岡銀行のアプリのバリープログラムについて質問です。 お取引状況に応じてATM手数料とかが無料になるみたいですが、なぜか勝手にプレミアムコースになっています。預入残高2,000万以上または 18~25...",0,0
581,2026/2/1 19:41,恋愛相談、人間関係の悩み,1051800604,5時間50分,0,18,18.0,0,0,0.051,0.0,0.0,0.05,あと3日,https://detail.chiebukuro.yahoo.co.jp/qa/question_detail/q10324907310,静か系のイケメンってどこに生存してるんですか？アニメの世界だけ？現実世界であんまり見たことないのでふと気になりました,0,0
582,2026/2/1 19:41,コミック,sai********,5時間50分,2,13,6.5,1,0,0.037,15.38,0.0,0.61,あと3日,https://detail.chiebukuro.yahoo.co.jp/qa/question_detail/q11324907311,満月をさがしてのコミックってどこに売ってますか？BOOK・OFFに行ったのですがありませんでした。ネット以外でお願いします。,0,0
583,2026/2/1 19:41,アニメ,1152217143,5時間50分,1,3,3.0,0,0,0.009,33.33,0.0,0.15,あと3日,https://detail.chiebukuro.yahoo.co.jp/qa/question_detail/q13324907308,アニメ『推しの子』のこのパズルゲームはいつリリースですか？まだですか？,0,0
584,2026/2/1 19:41,音楽,b36dddc1f,5時間50分,0,8,8.0,0,0,0.023,0.0,0.0,0.02,あと3日,https://detail.chiebukuro.yahoo.co.jp/qa/question_detail/q14324907309,SpotifyよりApple Musicの方が音質がいいってガチなんですか？レベルが大きいだけとかじゃないんですかね？,0,0
585,2026/2/1 19:41,YouTube,bd52208b2,5時間50分,1,32,32.0,0,0,0.091,3.12,0.03,0.23,不明,https://detail.chiebukuro.yahoo.co.jp/qa/question_detail/q12324907307,YouTubeのメンバーシップなんですけど、2回決済されてます 返金してもらう方法ありますか？,0,0
586,2026/2/1 19:41,菓子、スイーツ,チ。ーチキンナゲットについてー,5時間50分,0,4,4.0,0,0,0.011,0.0,0.0,0.01,あと3日,https://detail.chiebukuro.yahoo.co.jp/qa/question_detail/q11324907306,おいしさ、量、値段のバランスがいいお菓子って何ですか？ 自分はローソンのえびっぷりです。,0,0
587,2026/2/1 19:41,iPhone,非公開,5時間51分,1,24,24.0,0,0,0.068,4.17,0.02,0.21,あと3日,https://detail.chiebukuro.yahoo.co.jp/qa/question_detail/q10324907305,iPhone17がapplestoreから届いたのですが、データ移行などは明後日しようと思っています。 まずは箱を開けて、傷がないか確認して、そのあと長押しで電源を入れちゃんとついて挨拶の画面？が表示...,0,0
588,2026/2/1 19:41,学校の悩み,1052533714,5時間51分,3,66,22.0,0,0,0.188,4.55,0.04,0.61,あと3日,https://detail.chiebukuro.yahoo.co.jp/qa/question_detail/q14324907304,飛鳥未来きぼうの1年です 明日からテストなのですが、歴史と公共は簡単な方ですか？ 記憶力がちでないです,0,0
589,2026/2/1 19:41,大学受験,c19fa6674,5時間51分,2,29,14.5,0,0,0.083,6.9,0.01,0.37,あと3日,https://detail.chiebukuro.yahoo.co.jp/qa/question_detail/q11324907301,塾について質問です。 共通テスト同日体験で偏差値35でした。 高2でMARCH志望文系です どこの塾に行ったらいいでしょうか？,0,0
590,2026/2/1 19:41,イヌ,ID 非公開,5時間51分,1,9,9.0,0,0,0.026,11.11,0.0,0.17,不明,https://detail.chiebukuro.yahoo.co.jp/qa/question_detail/q10324907300,現代の日本社会において、日本犬を「文化財的存在」として扱う視点は、犬の福祉とどのように折り合いをつけるべきですか？,0,0
591,2026/2/1 19:41,害虫、ねずみ,1149902648,5時間51分,1,19,19.0,0,0,0.054,5.26,0.01,0.2,あと3日,https://detail.chiebukuro.yahoo.co.jp/qa/question_detail/q14324907299,庭にネズミがいました。最近外猫がいなかったので住み着いたのかもしれません。家に来ないようにするにはどうすればいいですかねいろんな対策法教えてくだい,0,0
592,2026/2/1 19:41,ゲーム,ＩＤ非公開,5時間51分,3,23,7.7,0,0,0.065,13.04,0.0,0.49,あと3日,https://detail.chiebukuro.yahoo.co.jp/qa/question_detail/q12324907297,ウマ娘で夏合宿で友情が1個も無く終わりました。ムカつきます。何故ですか,0,0
593,2026/2/1 19:41,大学受験,1151127151,5時間51分,0,15,15.0,0,0,0.043,0.0,0.0,0.04,あと3日,https://detail.chiebukuro.yahoo.co.jp/qa/question_detail/q13324907298,四国の4国公立って明確に難易度変わるでしょうか？ 序列とかではなく周辺が住みやすいとかキャンパスが綺麗な所教えて欲しいです,0,0
594,2026/2/1 19:41,自動車,はんはん,5時間51分,0,5,5.0,0,0,0.014,0.0,0.0,0.01,あと3日,https://detail.chiebukuro.yahoo.co.jp/qa/question_detail/q11324907296,アポロステーションだとアプリとクレジットカード払いで最終的にL＝5円引きですけど、エネオスだと同じ条件だと最大いくら割引ですか,0,0
595,2026/2/1 19:41,テーマパーク,1152540792,5時間51分,1,22,22.0,0,1,0.063,4.55,0.01,0.29,あと3日,https://detail.chiebukuro.yahoo.co.jp/qa/question_detail/q10324907295,ディズニーランドのハッピーエントリーってどのようにやるのですか？ ランドホテルは予約しています。 よろしくお願いします。,0,0
596,2026/2/1 19:41,海外,カイザー,5時間51分,3,12,4.0,0,0,0.034,25.0,0.0,0.46,あと3日,https://detail.chiebukuro.yahoo.co.jp/qa/question_detail/q14324907294,タイの首都名って、世界一長いですか,0,0
597,2026/2/1 19:41,鉄道、列車、駅,あ,5時間51分,3,19,6.3,0,1,0.054,15.79,0.0,0.56,あと3日,https://detail.chiebukuro.yahoo.co.jp/qa/question_detail/q13324907293,大阪から茨城(水戸)までの行き方を教えてください,0,0
598,2026/2/1 19:40,パソコン,fru********,5時間52分,0,17,17.0,0,0,0.048,0.0,0.0,0.05,あと3日,https://detail.chiebukuro.yahoo.co.jp/qa/question_detail/q12324907292,パソコンを新しくした後に、スマホとの連携で「wiｎdowsにリンク」のアプリをスマホに入れてしまいました。 そうしたところ、パソコンのカメラが一旦リンクしてスマホのカメラからの像が見れるようになりまし...,0,0
600,2026/2/1 19:40,Yahoo!知恵袋,*********,5時間52分,0,13,13.0,0,0,0.037,0.0,0.0,0.04,あと3日,https://detail.chiebukuro.yahoo.co.jp/qa/question_detail/q10324907290,例えば、法律や医学、高度な技術職に関する専門的な問いに対して、資格も知識もない素人が「私の周りでは～」「気持ちはわかります」などと、的外れな一般論を書き込む現象に名前を付けたいです。 これって、プロの...,0,0
601,2026/2/1 19:40,Android,badacdbb6,5時間52分,1,2,2.0,0,0,0.006,50.0,0.0,0.15,あと3日,https://detail.chiebukuro.yahoo.co.jp/qa/question_detail/q14324907289,galaxyについて質問です。 a25 5Gを買うのですが、オススメのフィルム・カバー（手帳）教えてください,0,0
602,2026/2/1 19:40,大学受験,1151230912,5時間52分,0,8,8.0,0,0,0.023,0.0,0.0,0.02,あと3日,https://detail.chiebukuro.yahoo.co.jp/qa/question_detail/q13324907288,ターゲット1900の赤文字はほとんど覚えたんですけど、同じようなレベルで派生語なども赤文字になっていて覚えやすい単語帳はありますか？,0,0
603,2026/2/1 19:40,YouTube,a1e787449,5時間53分,0,5,5.0,0,0,0.014,0.0,0.0,0.01,あと3日,https://detail.chiebukuro.yahoo.co.jp/qa/question_detail/q12324907287,ティックトッカーやユーチューバー等のインフルエンサーの存在意義を教えてください,0,0
604,2026/2/1 19:40,コスメ、美容,cha********,5時間53分,1,8,8.0,0,0,0.023,12.5,0.0,0.16,あと3日,https://detail.chiebukuro.yahoo.co.jp/qa/question_detail/q10324907285,重たい瞼の一重で、面長です。 アイラインを引いてマスカラをすると、ニューハーフのような感じになってしまいます。 一重でも可愛くメイクするコツがあれば教えてください。 よろしくお願いします。,0,0
605,2026/2/1 19:40,コミック,nig********,5時間53分,0,3,3.0,0,0,0.008,0.0,0.0,0.01,あと3日,https://detail.chiebukuro.yahoo.co.jp/qa/question_detail/q11324907286,闇金ウシジマくんに出てくるマサルの仲間2人って腹たちませんか？ マサルが高校行ってないのを見下してくせに奢ってもらったても見下してマサルを陥れる。 マサルもダメだけどそのバカ2人もクズだと思いませんか...,0,0
606,2026/2/1 19:40,工学,c34b55e6a,5時間53分,0,12,12.0,0,0,0.034,0.0,0.0,0.03,あと3日,https://detail.chiebukuro.yahoo.co.jp/qa/question_detail/q14324907284,ほたるスイッチにＬＥＤを付けた場合に、 電源がＯＦＦになっていてもチラつく現象が発生しました。 対処方法としては ＬＥＤを調光器対応にする、ＬＥＤをほたるスイッチ対応のものに交換する、 ＬＥＤと並列に...,0,0
607,2026/2/1 19:40,Yahoo!知恵袋,1251291931,5時間53分,1,19,19.0,0,0,0.054,5.26,0.01,0.19,不明,https://detail.chiebukuro.yahoo.co.jp/qa/question_detail/q13324907283,これ解ける人いますか？ よければ教えて欲しいです！,0,0
608,2026/2/1 19:40,Yahoo!ショッピング,c9423041c,5時間53分,3,31,10.3,0,0,0.088,9.68,0.01,0.51,あと3日,https://detail.chiebukuro.yahoo.co.jp/qa/question_detail/q12324907282,ヤフーショッピングで、エラーコード：301001が出て購入完了できません。 PayPayをで支払いしています。 よくある理由としての上限額が引っかかっているわけではありません。 支払い方法をカードに切...,0,0
609,2026/2/1 19:40,ダイエット,こんにちは,5時間53分,2,14,7.0,0,0,0.04,14.29,0.0,0.32,あと3日,https://detail.chiebukuro.yahoo.co.jp/qa/question_detail/q11324907281,体型について。 太ってて、お腹より胸が目立つ人は痩せてもそうなのでしょうか？(実際のカップ数の問題ではなく、ただお腹より胸の方が目立つかどうかです！) ご存知の方ご回答お願いします！,0,0
610,2026/2/1 19:40,iPhone,匿名,5時間53分,0,8,8.0,0,0,0.023,0.0,0.0,0.02,あと3日,https://detail.chiebukuro.yahoo.co.jp/qa/question_detail/q10324907280,①家でしか使わないiPadにガラスフィルムは必要だと思いますか？ 手帳型のケースだけだといけないことがありますかね。 ②指紋が拭ききれていなかったりするため、数ヶ月何も貼らずに使った後からガラスフィル...,0,0
611,2026/2/1 19:40,クレジットカード,あかざ,5時間53分,4,31,7.8,0,0,0.088,12.9,0.01,0.65,あと3日,https://detail.chiebukuro.yahoo.co.jp/qa/question_detail/q14324907279,クレジットカードの何払いが危険ですか？,0,0
612,2026/2/1 19:40,YouTube,あ,5時間53分,1,21,21.0,0,0,0.059,4.76,0.01,0.2,あと3日,https://detail.chiebukuro.yahoo.co.jp/qa/question_detail/q13324907278,VTuber 最近話題になってる人関連？というかVTuberの質問？なんですけどVTuberって配信、イベントに出る的なの以外で仕事ってあるんですか？ 最近仕事押し付けてたのが退所して、それが別の人に...,0,0
613,2026/2/1 19:40,恋愛相談、人間関係の悩み,1251518609,5時間53分,2,18,9.0,0,1,0.051,11.11,0.0,0.42,あと3日,https://detail.chiebukuro.yahoo.co.jp/qa/question_detail/q12324907277,元カノとの連絡について質問です。 元カノは別れてすぐ別の方と結婚しました。でも、連絡はしてくれるとのことで連絡を取り合っていましたが、しばらくすると私とのやりとりに疲れたもう止めたいと言ってきました。...,0,0
614,2026/2/1 19:40,ギター、ベース,cc348ba37,5時間53分,3,45,15.0,0,0,0.127,6.67,0.02,0.55,あと3日,https://detail.chiebukuro.yahoo.co.jp/qa/question_detail/q14324907274,今ギターを始めようと思うんですが、機材はこれでいいんでしょうか。 ･ヘッドレス7弦ギター(レガター)(ハムバッカー×2) ･マーシャルヘッドアンプ ･マーシャルキャビネット ･メタルゾーン ･カナレの...,0,0
615,2026/2/1 19:40,工学,pvp********,5時間53分,0,12,12.0,0,0,0.034,0.0,0.0,0.03,あと3日,https://detail.chiebukuro.yahoo.co.jp/qa/question_detail/q10324907275,昨今の「エックス味噌煮込み膨張」に関する定説の推移について、私は深い懸念と、それを上回る圧倒的な知的好奇心を抱いております。 世間では依然として「忍び足・傲慢・進研ゼミ」の三要素が膨張の必要条件である...,0,0
616,2026/2/1 19:40,ゲーム,ＩＤ非公開,5時間53分,1,17,17.0,0,0,0.048,5.88,0.01,0.19,あと3日,https://detail.chiebukuro.yahoo.co.jp/qa/question_detail/q11324907276,ウマ娘で何故夏合宿中にメインシナリオのレースがあるんですか。ムカつきます。,0,0
617,2026/2/1 19:40,大学受験,b926ecc0a,5時間53分,0,3,3.0,0,0,0.008,0.0,0.0,0.01,あと3日,https://detail.chiebukuro.yahoo.co.jp/qa/question_detail/q13324907273,今月の7日に法政大学経営学部A方式が行われるんですけど、例年だと何点くらい取れれば合格できますか？,0,0
618,2026/2/1 19:40,アルバイト、フリーター,@at.,5時間53分,2,22,11.0,0,0,0.062,9.09,0.01,0.34,あと3日,https://detail.chiebukuro.yahoo.co.jp/qa/question_detail/q12324907272,バイトの時給について まだバイトをした事が無いのですが、求人サイトなどを見ると、どれも高く書かれており、何を参考にしたら良いか分かりません。実際に働いたら、記載されている金額よりも低くなりますか？ バ...,0,0
619,2026/2/1 19:40,政治、社会問題,ohc********,5時間53分,1,2,2.0,0,0,0.006,50.0,0.0,0.15,あと3日,https://detail.chiebukuro.yahoo.co.jp/qa/question_detail/q11324907271,死刑囚の死刑執行を即刻行うべき(1年以内に全員等)と主張したら賛同する人は多いですか？,0,0
620,2026/2/1 19:40,恋愛相談、人間関係の悩み,文,5時間54分,1,12,12.0,0,0,0.034,8.33,0.0,0.17,あと3日,https://detail.chiebukuro.yahoo.co.jp/qa/question_detail/q10324907270,バレンタインに塾の先生にお菓子を渡したいと考えています。ケーキ屋さんのお菓子です。 先生にバレンタインのミニカードも渡したいと思っているのですが、重いですか？ 先生とは仲良くできています！,0,0
621,2026/2/1 19:40,病気、症状,ace745348,5時間54分,0,14,14.0,0,0,0.04,0.0,0.0,0.04,あと3日,https://detail.chiebukuro.yahoo.co.jp/qa/question_detail/q12324907267,2日前の12:00頃、人生で初めてODをしてしまいました。 しかし、2日以上たっても、吐き気、食欲不振、ぼーっとして歩くとふわふわした感覚が、治らなかったので色々調べていたら、アセトアミノフェンという...,0,0
622,2026/2/1 19:40,アルバイト、フリーター,まる,5時間54分,3,30,10.0,0,0,0.085,10.0,0.01,0.51,あと3日,https://detail.chiebukuro.yahoo.co.jp/qa/question_detail/q14324907269,バイトを辞めたいです。 理由は現状シフトが固定のため週1回2時間しか働けていなくて（初バイトで慣れるまでは週一にしようと思っていたが他の曜日にシフトを入れることができなかった。）部活とシフトがかぶって...,0,0
623,2026/2/1 19:40,アニメ,gtc.ju,5時間54分,1,9,9.0,0,0,0.025,11.11,0.0,0.17,あと3日,https://detail.chiebukuro.yahoo.co.jp/qa/question_detail/q13324907268,この悟空ってどの作品のものか分かりますか？？,0,0
624,2026/2/1 19:40,ライブ、コンサート,tosmradj1738j,5時間54分,0,9,9.0,0,0,0.025,0.0,0.0,0.03,あと3日,https://detail.chiebukuro.yahoo.co.jp/qa/question_detail/q11324907266,ライブの席のリセールや機材開放席は一般的にどうやって購入できるのでしょうか？,0,0
625,2026/2/1 19:40,ゲーム,b4927ea98,5時間54分,0,8,8.0,0,0,0.023,0.0,0.0,0.02,あと3日,https://detail.chiebukuro.yahoo.co.jp/qa/question_detail/q10324907265,とあるSEの元ネタが何なのか分かりません。 以下のショート動画で、各国の特徴が映像で説明される際、各冒頭で「ポロン♪」というSEが流れています。 随分昔に聞いた覚えのあるもので、ゲームか何かのSEだと...,0,0
626,2026/2/1 19:40,うつ病,1151270781,5時間54分,2,27,13.5,0,3,0.076,7.41,0.01,0.61,あと3日,https://detail.chiebukuro.yahoo.co.jp/qa/question_detail/q14324907264,うつ病と診断されたら何かお金もらえるんですか？ その他デメリットも教えていただきたいです。 もうトリカブトも準備してていつでも、,0,0
627,2026/2/1 19:40,YouTube,a41863c55,5時間54分,2,5,2.5,0,0,0.014,40.0,0.0,0.3,あと3日,https://detail.chiebukuro.yahoo.co.jp/qa/question_detail/q12324907262,LOL トップのグラガスって息してますか？ 動画をYouTubeで調べても1年前位のしかなくて…,0,0
628,2026/2/1 19:40,Yahoo!知恵袋,メディカルオタク,5時間54分,1,17,17.0,0,2,0.048,5.88,0.01,0.36,あと3日,https://detail.chiebukuro.yahoo.co.jp/qa/question_detail/q13324907263,カルビーのポテトチップスですが、うすしおとコンソメは分かるんですよ、味の違いがね。のりしおってさー、意味ありますかね？ なんか色の付いたつぶつぶはあるんですが、海苔関係無くね？って思ったのですが。,0,0
629,2026/2/1 19:40,ライブ、コンサート,おいも,5時間54分,0,17,17.0,0,0,0.048,0.0,0.0,0.05,あと3日,https://detail.chiebukuro.yahoo.co.jp/qa/question_detail/q11324907261,ファンミーティングについて質問です。 今月、STARTO社のタレントのファンミーティングがあります。みなとみらいでの18時公演に参加します。名古屋から日帰りで行きたいと考えているのですが、ファンミーテ...,0,0
630,2026/2/1 19:40,受験、進学,c3cb3bad5,5時間54分,6,66,11.0,0,8,0.186,9.09,0.02,1.7,不明,https://detail.chiebukuro.yahoo.co.jp/qa/question_detail/q14324907259,進路について相談です。通信制の高校か、全日制の高校にするか迷っています。 中学3年生です。小学校6年生の頃から不登校です。 不登校になったはっきりした理由は自分でもよく分かっておらず、いじめなどがあっ...,0,0
631,2026/2/1 19:40,飲食店,ロドリゴ・コルテス,5時間54分,0,4,4.0,0,0,0.011,0.0,0.0,0.01,あと3日,https://detail.chiebukuro.yahoo.co.jp/qa/question_detail/q13324907258,町田商店のゴールド会員についての質問です。 同伴者もトッピング一品無料との事ですが、 「ゴールド会員二人」で入店した場合は二品タダになるのでしょうか？ 二人目のアプリでかんまくのポイントを貯めるべきか...,0,0
632,2026/2/1 19:40,パソコン,1151101825,5時間54分,4,16,4.0,0,0,0.045,25.0,0.0,0.61,あと3日,https://detail.chiebukuro.yahoo.co.jp/qa/question_detail/q12324907257,windowsのパソコンを買おうと思っているのですが、パソコンについて疎くてどれがいいとかわからないのでおすすめ教えてください!充電長持ちするやつがいいです！,0,0
633,2026/2/1 19:40,ポケットモンスター,b5a9cdf03,5時間54分,0,11,11.0,0,0,0.031,0.0,0.0,0.03,あと3日,https://detail.chiebukuro.yahoo.co.jp/qa/question_detail/q11324907256,ポケポケでこのカード受け取ろうとすると絶対エラーが発生してタイトル画面に戻っちゃうんですけど同じ人いますか？ 何回やってもエラーになります。,0,0
634,2026/2/1 19:40,鉄道、列車、駅,*******,5時間54分,1,14,14.0,0,2,0.039,7.14,0.01,0.35,不明,https://detail.chiebukuro.yahoo.co.jp/qa/question_detail/q10324907255,東急・相鉄新横浜線の計画は運輸省（現・国土交通省）の「運輸政策審議会」が決めましたか？,0,0
635,2026/2/1 19:40,子育て、出産,lD非公開,5時間55分,0,1,1.0,0,0,0.003,0.0,0.0,0.0,あと3日,https://detail.chiebukuro.yahoo.co.jp/qa/question_detail/q14324907254,ママリってブロックされたらどうなりますか？ ブロックされた側は、相手の回答などを履歴辿って見ても、この投稿は削除されました。と表示されるのでしょうか？,0,0
636,2026/2/1 19:40,生き方、人生相談,15632890,5時間55分,2,31,15.5,0,0,0.087,6.45,0.01,0.37,あと3日,https://detail.chiebukuro.yahoo.co.jp/qa/question_detail/q13324907253,やる気と熱量、努力量は人一倍あるのに中々実力が伸びない人っていませんか？私が何をしてもそれなんです。どうしたら良いんでしょうか？部活とか勉強とか,0,0
637,2026/2/1 19:40,携帯型ゲーム全般,cfb512c42,5時間55分,1,31,31.0,0,0,0.087,3.23,0.03,0.23,あと3日,https://detail.chiebukuro.yahoo.co.jp/qa/question_detail/q12324907252,妖怪ウォッチぷにぷにでおかえりキャンペーンのはじめてをスマホ二台で３つできると聞いたのですができません。やり方を詳しく教えてください。,0,0
638,2026/2/1 19:40,政治、社会問題,b42f44973,5時間55分,0,11,11.0,1,0,0.031,0.0,0.0,0.31,あと3日,https://detail.chiebukuro.yahoo.co.jp/qa/question_detail/q11324907251,自民党は政党名を変えたらどうですか？ 自由毟り取り党で、どうでしょうか？,0,0
639,2026/2/1 19:40,掃除機、洗濯機,エルク,5時間55分,2,8,4.0,0,0,0.023,25.0,0.0,0.3,あと3日,https://detail.chiebukuro.yahoo.co.jp/qa/question_detail/q10324907250,洗濯機に柔軟剤を入れるタイミングの話なのですが、 洗剤投入➡︎すすぎ１回➡︎脱水 ⬇ 柔軟剤投入➡︎すすぎ1回➡︎脱水 というやり方でもいいのですか,0,0
640,2026/2/1 19:39,イヌ,ID 非公開,5時間56分,1,12,12.0,0,0,0.034,8.33,0.0,0.17,不明,https://detail.chiebukuro.yahoo.co.jp/qa/question_detail/q14324907249,都市部飼育環境において、日本犬の行動問題が顕在化しやすい理由は何ですか？,0,0
641,2026/2/1 19:39,職場の悩み,c4889145,5時間56分,0,7,7.0,0,0,0.02,0.0,0.0,0.02,あと3日,https://detail.chiebukuro.yahoo.co.jp/qa/question_detail/q12324907247,高校生です。バイト平日禁止でも、バイトの話し合いに参加するのはいいと思いますか？働きはしません。,0,0
642,2026/2/1 19:39,レディースバッグ、財布、小物類,SANA,5時間56分,1,7,7.0,0,2,0.02,14.29,0.0,0.33,あと3日,https://detail.chiebukuro.yahoo.co.jp/qa/question_detail/q13324907248,ベリーズヨークってブランドは良いブランドですか？ 知人が、写真の財布を知人からもらったらしく、私に、｢可愛い｣って聞いてきましたが、私は悪くはないとは思いますが、ベリーズヨークについては、いまいちわか...,0,0
643,2026/2/1 19:39,スマホアプリ,S.S,5時間56分,2,23,11.5,0,0,0.065,8.7,0.01,0.34,あと3日,https://detail.chiebukuro.yahoo.co.jp/qa/question_detail/q10324907245,モンスト ゲームトレードで高難易度を代行すると垢BANされますか？？,0,0
644,2026/2/1 19:39,アニメ,カメレオン,5時間56分,2,8,4.0,0,0,0.022,25.0,0.0,0.3,あと3日,https://detail.chiebukuro.yahoo.co.jp/qa/question_detail/q11324907246,鬼灯の冷徹の桃太郎の社会登場回に疑問があります。 鬼灯の冷徹は現代日本が舞台だと思うのですが、桃太郎は室町の時代の人間ですよね。 室町時代から現代に至るまで、桃太郎はずっと地獄で鬼たちに対して、道場破...,0,0
645,2026/2/1 19:39,ゲーム,(× ×),5時間56分,0,5,5.0,0,0,0.014,0.0,0.0,0.01,あと3日,https://detail.chiebukuro.yahoo.co.jp/qa/question_detail/q14324907244,何年か前にあったスマホショップのゲームについて質問ですTᴖT 謎解き？っぽいスマホゲームで、場面を組み合わせて追っ手から逃げるゲームだった気がします、！ ⤵︎ ︎こんな感じだったような、、、,0,0
646,2026/2/1 19:39,カラオケ,彼女できない人です,5時間56分,3,24,8.0,0,0,0.067,12.5,0.01,0.49,あと3日,https://detail.chiebukuro.yahoo.co.jp/qa/question_detail/q13324907243,ミックスボイスについての質問です。 地声でhiAまで大きい声で出せるのですが その後hiB以上がミックスボイスで出せるものの声量がかなり小さくて困ってます。近日カラオケ行く予定なのでできれば簡単にでき...,0,0
647,2026/2/1 19:39,病気、症状,11523569,5時間56分,3,24,8.0,0,0,0.067,12.5,0.01,0.49,あと3日,https://detail.chiebukuro.yahoo.co.jp/qa/question_detail/q12324907242,家族が食後に具合が悪くなってしまったのですが、原因は何が考えられますか？ ビュッフェに行き、残すと罰金があるため最後残したかったものの無理して食べてしまったようです。 その後気持ち悪くなってしまい、し...,0,0
648,2026/2/1 19:39,趣味,b7a3f5239,5時間56分,0,44,44.0,0,0,0.123,0.0,0.0,0.12,あと3日,https://detail.chiebukuro.yahoo.co.jp/qa/question_detail/q11324907241,ファミクラストア大阪店について質問です。優先入店チケットを取ったのですが、自分の名前のフリガナを間違えて入力してしまいました。入店する際に名前を聞かれると思いますが、この場合入店できませんか？ 本当に...,0,0
649,2026/2/1 19:39,福祉、介護,xz********,5時間56分,2,18,9.0,0,0,0.05,11.11,0.0,0.33,あと3日,https://detail.chiebukuro.yahoo.co.jp/qa/question_detail/q10324907240,旅行するなら危険な海外よりも国内のほうが安定しているでしょうか？,0,0
650,2026/2/1 19:39,政治、社会問題,awa********,5時間56分,2,32,16.0,0,1,0.09,6.25,0.01,0.45,あと3日,https://detail.chiebukuro.yahoo.co.jp/qa/question_detail/q14324907239,韓国社会では他人にありがとうと言わないのは本当ですか？,0,0
651,2026/2/1 19:39,文学、古典,musimusi,5時間57分,3,13,4.3,0,0,0.036,23.08,0.0,0.46,あと3日,https://detail.chiebukuro.yahoo.co.jp/qa/question_detail/q12324907237,もし、宮沢賢治が、もっと長生きしていたら、どうなっていたと思いますか？,0,0
652,2026/2/1 19:39,学校の悩み,ちびねこ,5時間57分,5,55,11.0,0,0,0.154,9.09,0.02,0.85,あと3日,https://detail.chiebukuro.yahoo.co.jp/qa/question_detail/q11324907236,質問失礼致します。 中3息子が、カタカタとよく長文の文章をパソコンに打っています。 電車が好きなので、その話とか(ほとんど、うんちく)あとは、若者にしか書けない反抗期の話とか、読んでいて面白いです。 ...,0,0
653,2026/2/1 19:39,ダイエット,1152857547,5時間57分,2,12,6.0,0,0,0.034,16.67,0.0,0.31,あと3日,https://detail.chiebukuro.yahoo.co.jp/qa/question_detail/q14324907234,寝て生きてるだけで必要なカロリーってどのくらいですか？,0,0
654,2026/2/1 19:39,メルカリ,非公開,5時間57分,4,3,0.8,0,2,0.008,133.33,0.0,0.73,不明,https://detail.chiebukuro.yahoo.co.jp/qa/question_detail/q13324907233,メルカリで着払いのものを購入したのですが、 ニンテンドー3DSのカセットなので一番安いのは 定形外郵便ですよね？ 埼玉から大阪なので着払い手数料含めて290円ですよね？ これでゆうパックとかで送ってく...,0,0
655,2026/2/1 19:39,iPhone,すけぴ。,5時間57分,1,19,19.0,0,1,0.053,5.26,0.01,0.28,あと3日,https://detail.chiebukuro.yahoo.co.jp/qa/question_detail/q12324907232,iPhoneのバッテリー最大容量がみるみる減っていくんですが何が原因でしょうか？？ 高速充電がバッテリーに負荷がかかっているんでしょうか....,0,0
656,2026/2/1 19:39,料理、食材,1052175358,5時間57分,2,21,10.5,0,0,0.059,9.52,0.01,0.34,あと3日,https://detail.chiebukuro.yahoo.co.jp/qa/question_detail/q10324907230,米を1日2.5合食べたら31日間で何キロ必要になりますか？,0,0
657,2026/2/1 19:39,恋愛相談、人間関係の悩み,非公開,5時間57分,2,27,13.5,0,0,0.076,7.41,0.01,0.35,あと3日,https://detail.chiebukuro.yahoo.co.jp/qa/question_detail/q11324907231,男性は元カノに会った時シカトされたらどう思いますか？ たまたまお店で一緒になって、別々のグループにいました 彼がこっちにいる知り合いに話しかけてたんですけど、私は彼の方見ずに他の人と喋ってました 彼に...,0,0
658,2026/2/1 19:39,大学受験,11122223333,5時間57分,2,7,3.5,0,0,0.02,28.57,0.0,0.3,あと3日,https://detail.chiebukuro.yahoo.co.jp/qa/question_detail/q14324907229,等身の受験数学(文理共通)難関の難易度は参考書で言うとどのくらいのレベルですか？取るなら志田にしようと思ってます。,0,0
659,2026/2/1 19:39,自動車,cfb********,5時間57分,1,26,26.0,0,0,0.073,3.85,0.02,0.21,あと3日,https://detail.chiebukuro.yahoo.co.jp/qa/question_detail/q12324907227,現在乗っている車のローンがあと100万あり下取り価格で150出たとします。 次になりたい車が170万だった場合は、100万をまず返済して、50万を次の車に当てることができますか？ 銀行のマイカーローン...,0,0
660,2026/2/1 19:39,レディース腕時計、アクセサリー,yll********,5時間57分,1,9,9.0,0,0,0.025,11.11,0.0,0.16,あと3日,https://detail.chiebukuro.yahoo.co.jp/qa/question_detail/q13324907228,パールの表面に合皮が付着してしまいました。 アクセサリーケースに直にしまっていたら、ケースの表面が剥げて、パールの表面に付着してしまったようです。2〜2.5年ぐらいは保管していました。指で擦ってみまし...,0,0
661,2026/2/1 19:39,ダイエット,1252460831,5時間57分,2,13,6.5,0,0,0.036,15.38,0.0,0.32,あと3日,https://detail.chiebukuro.yahoo.co.jp/qa/question_detail/q11324907226,ショムニの江角マキコの体型が好きなのですが161センチの身長だったら体重どれくらいだと思いますか？,0,0
662,2026/2/1 19:39,K-POP、アジア,非公開,5時間57分,0,8,8.0,0,0,0.022,0.0,0.0,0.02,あと3日,https://detail.chiebukuro.yahoo.co.jp/qa/question_detail/q14324907224,大阪でジョンウォンの誕生日でカプホ巡りをしたいのですが、こういうのを開催してるカフェはどのように見つけるのでしょうか？ 初めてなのでどのように検索すれば出てくるかなど教えて欲しいです。適当に鶴橋付近を...,0,0
663,2026/2/1 19:39,YouTube,tos********,5時間57分,0,8,8.0,0,0,0.022,0.0,0.0,0.02,あと3日,https://detail.chiebukuro.yahoo.co.jp/qa/question_detail/q10324907225,このBGM解りませんか？ YouTubeの【不朽の名作】映画AKIRAがもっと超面白くなる解説動画！のタイトルの◯ッチのムビログってさんの動画で22:56からのBGMと最後の終わりのBGM解りませんか...,0,0
664,2026/2/1 19:39,家族関係の悩み,1053054955,5時間57分,0,22,22.0,0,0,0.061,0.0,0.0,0.06,あと3日,https://detail.chiebukuro.yahoo.co.jp/qa/question_detail/q13324907223,中学2年生男子です。 先程の出来事なのですが自分が今から夜ご飯を作ろうと思い買い物に行こうとしたら母に制止されてしまい母がご飯を作るのかと思って2階に戻っていったのですが、1時間ぐらいしてお腹が空いた...,0,0
665,2026/2/1 19:39,資格,cpw********,5時間57分,1,324,324.0,0,1,0.905,0.31,2.92,1.13,不明,https://detail.chiebukuro.yahoo.co.jp/qa/question_detail/q12324907222,社会福祉士、精神保健福祉士国家試験受けてきました。 就職に必要なのが精神保健福祉士の資格なんですけど、自己採点で64点でした… 今年の平均点何点だと思いますか、？ ちなみに社会福祉士の方は、69点でし...,0,0
666,2026/2/1 19:39,メンズ全般,b96b03930,5時間57分,1,8,8.0,0,0,0.022,12.5,0.0,0.16,あと3日,https://detail.chiebukuro.yahoo.co.jp/qa/question_detail/q11324907221,90sALPHAのma1はサイズ感どのような感じですか、素材はテカテカしてますか,0,0
668,2026/2/1 19:39,高校受験,きのこ派です,5時間58分,1,12,12.0,0,0,0.034,8.33,0.0,0.17,あと3日,https://detail.chiebukuro.yahoo.co.jp/qa/question_detail/q12324907217,大阪府松原高校の受験で三年間オール2、定期テスト5教科合計150でも受かりますか？,0,0
669,2026/2/1 19:39,高校,めだま,5時間58分,0,8,8.0,0,0,0.022,0.0,0.0,0.02,あと3日,https://detail.chiebukuro.yahoo.co.jp/qa/question_detail/q10324907215,岡山朝日高校に通っている人・卒業生の方に質問です。 制服のリボンは、なぜこの位置なんでしょうか…?? 調べて出てくる写真のほとんどが、リボンの紐が長くぶら下がってるような感じなんですが…こういうものな...,0,0
670,2026/2/1 19:39,テーマパーク,1152780246,5時間58分,2,28,14.0,0,0,0.078,7.14,0.01,0.36,あと3日,https://detail.chiebukuro.yahoo.co.jp/qa/question_detail/q14324907214,明日ユニバに行く予定です 朝イチでドンキーコングに乗りたいのですが、何時から開演待ちしていれば乗れるでしょうか？ 目安を教えてください,0,0
671,2026/2/1 19:39,コミック,b320b516c,5時間58分,5,36,7.2,0,0,0.1,13.89,0.01,0.8,あと3日,https://detail.chiebukuro.yahoo.co.jp/qa/question_detail/q13324907213,腐女子の方に質問です！ 今欲しいBL漫画があるのですが、どれだけ書店をまわっても見つからないんです､､､ でも自分でネットで買うこともできなくて、ネット買うなら親に言わないといけないんですけど内容が結...,0,0
672,2026/2/1 19:39,デンタルケア,y_y********,5時間58分,1,16,16.0,0,0,0.045,6.25,0.01,0.18,あと3日,https://detail.chiebukuro.yahoo.co.jp/qa/question_detail/q12324907212,歯列矯正（バンドセット）について質問です。 現在歯列矯正を始めたばかりです。 3日前に青ゴムを装着し本日その青ゴムを外してバンドを装着する予定でした。 しかし事前に歯型を取って作成していたバンドのサイ...,0,0
673,2026/2/1 19:39,ライブ、コンサート,アロエヨーグルト,5時間58分,0,15,15.0,0,0,0.042,0.0,0.0,0.04,あと3日,https://detail.chiebukuro.yahoo.co.jp/qa/question_detail/q11324907211,イープラスについての質問です。 先着でチケットを取ろうと思います。 連番するので2枚取るのですが、相手のメールアドレスや電話番号は、チケットが取れてから入力ですか？それとも入力してからチケットを取る形...,0,0
674,2026/2/1 19:39,ギター、ベース,78782121,5時間58分,4,30,7.5,0,0,0.084,13.33,0.01,0.64,あと3日,https://detail.chiebukuro.yahoo.co.jp/qa/question_detail/q10324907210,使ってよかったマルチエフェクター教えてください！,0,0
675,2026/2/1 19:39,菓子、スイーツ,kur********,5時間58分,1,7,7.0,0,0,0.02,14.29,0.0,0.16,あと3日,https://detail.chiebukuro.yahoo.co.jp/qa/question_detail/q13324907208,でん六の豆菓子ポリッキーアソートの原材料名のピーナッツが輸入とだけ表記されて輸入国名が書いてありません。 これは表示法違反ではないのでしょうか？ それとも書かなくてもいいのでしょうか？,0,0
676,2026/2/1 19:39,大学受験,しがない人間,5時間58分,1,203,203.0,0,0,0.566,0.49,1.16,0.7,あと3日,https://detail.chiebukuro.yahoo.co.jp/qa/question_detail/q12324907207,東北学院大学の結果でお聞きしたいです 英語8.5割、日本史7割、国語5割で合計190(偏差値換算、英語の素点を足した数)で6割を超えたのですが合格できそうですかね？ 英語が結構易化してて不安です。 後...,0,0
677,2026/2/1 19:39,アニメ、コミック,rur********,5時間58分,1,71,71.0,0,0,0.198,1.41,0.14,0.34,あと3日,https://detail.chiebukuro.yahoo.co.jp/qa/question_detail/q14324907209,閃光のハサウェイ キルケーの魔女で登場した量産型ニューガンダムが外部ユニットを装着したアリュゼウスってゲームとかで出たことありますか？ 映像化は初めてなのでしょうか？ 量産型ニューガンダムは知っていま...,0,0
678,2026/2/1 19:39,ゲーム,ゲーム好きなバカ,5時間58分,3,23,7.7,0,4,0.064,13.04,0.0,0.81,あと3日,https://detail.chiebukuro.yahoo.co.jp/qa/question_detail/q11324907206,エルデンリングナイトレインのDLC買おうか迷ってます。数ヶ月ぐらい全然触ってなかったんですけど、最近友人とまたやるようになってきて一緒にDLC買う？って話してます。DLC面白いですか？ 深き夜はまだ触...,0,0
679,2026/2/1 19:39,シニアライフ、シルバーライフ,ただ寝たい,5時間58分,6,53,8.8,1,11,0.148,11.32,0.01,2.18,あと3日,https://detail.chiebukuro.yahoo.co.jp/qa/question_detail/q10324907205,あなた様のご両親からの教えはありますか？ 私は、他人様の悪口を言うな。と人様に迷惑かけるな！ です。理由は他人の口程怖いものは無いから下手な事はゆってはダメといった感じです。 この忠告を実践してたかは...,0,0
680,2026/2/1 19:38,Yahoo!知恵袋,sak********,5時間59分,1,30,30.0,1,3,0.083,3.33,0.02,0.75,あと3日,https://detail.chiebukuro.yahoo.co.jp/qa/question_detail/q13324907203,今はID非公開が廃止されたため回答者が最強になった？ 以前は自分の意見で回答しても理想通りの回答や共感してくれないからといって、 逆ギレの質問者からの返信が来たり、質問者が回答者をブロックして回答者に...,0,0
681,2026/2/1 19:38,大学受験,313系0番台,5時間59分,0,11,11.0,0,0,0.031,0.0,0.0,0.03,あと3日,https://detail.chiebukuro.yahoo.co.jp/qa/question_detail/q12324907202,2026年共通テスト化学&2026年共通テスト生物9割=90%=90点以上取れた人には化学基礎問題精講と生物基礎問題精講をやった人いますか？,0,0
682,2026/2/1 19:38,政治、社会問題,Sunrise,5時間59分,10,72,7.2,0,10,0.2,13.89,0.01,2.42,あと3日,https://detail.chiebukuro.yahoo.co.jp/qa/question_detail/q11324907201,高市総理は党首討論番組には出られないが、より体力を使う選挙演説は出られるらしいのですが、これは何故ですか？？,0,0
683,2026/2/1 19:38,アニメ,iqt********,6時間0分,2,42,21.0,0,0,0.117,4.76,0.02,0.39,あと3日,https://detail.chiebukuro.yahoo.co.jp/qa/question_detail/q10324907200,ドラえもん ワンニャン時空伝の映画についてです。 久しぶりに拝見して、過去の自分の記憶の中で、ハチとイチの名前が似ていてのび太の字が汚くてイチの字がハチに見えてしまったという記憶があるのですが、こんな...,0,0
684,2026/2/1 19:38,ダイエット,大吉,6時間0分,3,12,4.0,0,4,0.033,25.0,0.0,0.78,あと3日,https://detail.chiebukuro.yahoo.co.jp/qa/question_detail/q14324907199,ダイエットについて 29歳男です 心療内科でもらってるオランザピンという薬の影響で20歳くらいの時は50〜60kgだった体重が80kgまで太ったため、今年の1/1から食事制限のみ(運動なし)でダイエッ...,0,0
685,2026/2/1 19:38,注文住宅,swk********,6時間0分,0,16,16.0,0,0,0.044,0.0,0.0,0.04,あと3日,https://detail.chiebukuro.yahoo.co.jp/qa/question_detail/q13324907198,注文住宅について。 注文住宅を考えているのですが、ローンに組み込めない、または、現金で払わなければならない物や金額を教えて頂きたいです。 よろしくお願いします。,0,0
686,2026/2/1 19:38,鉄道、列車、駅,上野東京ライン常磐線直通仙台行き,6時間0分,3,47,15.7,0,0,0.13,6.38,0.02,0.55,あと3日,https://detail.chiebukuro.yahoo.co.jp/qa/question_detail/q12324907197,今JR北海道の非電化区間は全部H100型ですか?,0,0
687,2026/2/1 19:38,大学受験,わわわわわ,6時間0分,1,137,137.0,0,0,0.38,0.73,0.52,0.52,あと3日,https://detail.chiebukuro.yahoo.co.jp/qa/question_detail/q11324907196,2/1明治学院大学全学部入試で経済学科と経営学科を受けてきました。 去年は経済学科が3.8倍で合格最低点が221点から今年は3.3倍に下がっていました。 その上で今日の結果が、 英語→大門1・2で40...,0,0
688,2026/2/1 19:38,ファッション,cfeaafa54,6時間0分,1,14,14.0,0,0,0.039,7.14,0.01,0.18,不明,https://detail.chiebukuro.yahoo.co.jp/qa/question_detail/q10324907195,のあちゃんの着ているこのパーカーが可愛くて同じものを買いたいのですがどこのパーカーかわかる方教えてください,0,0
689,2026/2/1 19:38,スロット,A,6時間0分,1,21,21.0,0,0,0.058,4.76,0.01,0.2,あと3日,https://detail.chiebukuro.yahoo.co.jp/qa/question_detail/q14324907194,目押し練習で実機欲しいんですけど、出目で楽しめてかつビタの練習もできて安い実機ってありますかね,0,0
690,2026/2/1 19:38,大学受験,c3d1d8c66,6時間0分,1,74,74.0,0,1,0.205,1.35,0.15,0.43,あと3日,https://detail.chiebukuro.yahoo.co.jp/qa/question_detail/q13324907193,名城大学の英語で7割取れるのですが、名古屋工業大学の英語でいうとどれくらいのレベルでしょうか,0,0
691,2026/2/1 19:38,iPhone,1149948545,6時間0分,3,42,14.0,0,0,0.116,7.14,0.02,0.53,あと3日,https://detail.chiebukuro.yahoo.co.jp/qa/question_detail/q12324907192,iPhone12からiPhone16に機種変して自分で設定してるのですが、SIMカードを入れ替えてないのに電話もWi-Fi無しでも普通に通常通り使えてます。 SIMカードを入れ替えるとかしなくてもいい...,0,0
692,2026/2/1 19:38,ゲーム,c4fa7ec0a,6時間0分,2,34,17.0,0,0,0.094,5.88,0.02,0.37,あと3日,https://detail.chiebukuro.yahoo.co.jp/qa/question_detail/q10324907190,ブルアカ初心者です。水着ミカの贈り物を作りたいのですが、製造の仕方を教えてください。あとジェネレートもなにか教えてください。ゲーム,0,0
693,2026/2/1 19:38,ピアノ、キーボード,1252944062,6時間0分,0,4,4.0,0,0,0.011,0.0,0.0,0.01,あと3日,https://detail.chiebukuro.yahoo.co.jp/qa/question_detail/q11324907191,山内龍響さんは、山内達也さんのご親戚ですか？,0,0
694,2026/2/1 19:38,iPhone,ajg********,6時間0分,1,32,32.0,1,0,0.089,3.12,0.03,0.5,あと3日,https://detail.chiebukuro.yahoo.co.jp/qa/question_detail/q14324907189,LINEで写真を送信しようとしたら写真のようになってしまい、何度タップしても反応せず消すことも再送もできなくなりました。スマホの再起動やWi-Fiの切り替えなどもしましたがうまくいきません。 これはど...,0,0
695,2026/2/1 19:38,政治、社会問題,hos********,6時間0分,2,10,5.0,0,0,0.028,20.0,0.0,0.3,あと3日,https://detail.chiebukuro.yahoo.co.jp/qa/question_detail/q12324907187,選挙で政治家が演説しますが、いつどこでやるかは どのタイミングで分かるんですか？,0,0
696,2026/2/1 19:38,アニメ,musimusi,6時間0分,1,2,2.0,0,0,0.006,50.0,0.0,0.14,あと3日,https://detail.chiebukuro.yahoo.co.jp/qa/question_detail/q13324907188,遊戯王で、好きなヒロインは誰ですか？,0,0
697,2026/2/1 19:38,アニメ,レゼ,6時間0分,1,78,78.0,1,4,0.216,1.28,0.17,0.96,あと3日,https://detail.chiebukuro.yahoo.co.jp/qa/question_detail/q14324907184,この子はキュアエクレールの変身前だと思いますか？,0,0
698,2026/2/1 19:38,X（旧Twitter）,jbo********,6時間0分,1,8,8.0,0,0,0.022,12.5,0.0,0.16,あと3日,https://detail.chiebukuro.yahoo.co.jp/qa/question_detail/q10324907185,Twitter (x) のおすすめ欄が更新しても更新しても同じ投稿ばかり流れて来て困ってます。これ私だけなんでしょうか？どうやったら直せますか…,0,0
699,2026/2/1 19:38,経済、景気,1250334387,6時間0分,0,4,4.0,0,0,0.011,0.0,0.0,0.01,あと3日,https://detail.chiebukuro.yahoo.co.jp/qa/question_detail/q12324907182,日本国債は国内格付けではAAAのままですか？,0,0
700,2026/2/1 19:38,恋愛相談、人間関係の悩み,wsi********,6時間1分,0,11,11.0,0,0,0.03,0.0,0.0,0.03,あと3日,https://detail.chiebukuro.yahoo.co.jp/qa/question_detail/q11324907181,【至急】女兄妹がいる、女遊びをしている男性に質問です。 後ろめたさとかは特にないですか？ 妹や姉に、そのことを言えますか？ あんまり気にしないですか？ 妹や姉が自分のような男に傷つけられたら、どう思い...,0,0
701,2026/2/1 19:38,法律相談,am********,6時間1分,1,19,19.0,0,0,0.053,5.26,0.01,0.19,あと3日,https://detail.chiebukuro.yahoo.co.jp/qa/question_detail/q10324907180,離婚について質問です。 父と母を離婚させたいです。 母が毒親ですので、自分は19歳に家を出て10年以上母とは会っていません。 父親も祖父も悩んでいます。少しでも力になるべく色々と情報を知りたいです。 ...,0,0
702,2026/2/1 19:38,恋愛相談、人間関係の悩み,匿名,6時間1分,1,16,16.0,0,0,0.044,6.25,0.01,0.18,あと3日,https://detail.chiebukuro.yahoo.co.jp/qa/question_detail/q14324907179,若い頃女遊びに精を出した男が歳食って丸くなるなんてことは女の願望、幻想でしかないですよね 最後になりたい女が頑張って自分に言い聞かせてるだけです,0,0
703,2026/2/1 19:38,FC2ブログ,van********,6時間1分,0,2,2.0,0,0,0.006,0.0,0.0,0.01,あと3日,https://detail.chiebukuro.yahoo.co.jp/qa/question_detail/q13324907178,FC2からもらったzipファイルを開くと500Internal sever errorとなり見せません。 見れる方法ありますか？iPhone使っています。,0,0
704,2026/2/1 19:38,友人関係の悩み,bbc3f2572,6時間1分,2,24,12.0,0,2,0.066,8.33,0.01,0.51,あと3日,https://detail.chiebukuro.yahoo.co.jp/qa/question_detail/q10324907175,中学生女子です！最近友達のAちゃんのお菓子クレクレが少し気になります... 私はAちゃんと同じクラスで小5の時から仲のいい親友です。この前私とAちゃんとYちゃん(Aちゃんと私の親友)と遊んだ時にコンビ...,0,0
705,2026/2/1 19:38,バイク,1150513345,6時間1分,4,29,7.2,0,3,0.08,13.79,0.01,0.88,あと3日,https://detail.chiebukuro.yahoo.co.jp/qa/question_detail/q14324907174,NS1 フルスロットル 6500回転前後で被って少しラグがあってからパワーバンド入ってって感じで少し違和感があります。 どこが原因で、どこをいじくったら治るのでしょうか？？ 私自身、まだNS1に乗って...,0,0
706,2026/2/1 19:38,これ、探してます,wad********,6時間1分,0,11,11.0,0,0,0.03,0.0,0.0,0.03,あと3日,https://detail.chiebukuro.yahoo.co.jp/qa/question_detail/q13324907173,スリムポスター用ファイル（B3ハーフ、182×515mm）について質問です。 スリムポスター用ファイルを探しているのですが、WEB上ではなかなか見当たりませんでした。見つかっても在庫なしばかりです。 ...,0,0
707,2026/2/1 19:38,友人関係の悩み,nch********,6時間1分,0,4,4.0,0,0,0.011,0.0,0.0,0.01,あと3日,https://detail.chiebukuro.yahoo.co.jp/qa/question_detail/q12324907172,靴下を履くのが大嫌いな人は、靴下を履く必要がないときは絶対に履かないですか？,0,0
708,2026/2/1 19:38,高校受験,1152589512,6時間1分,1,20,20.0,0,0,0.055,5.0,0.01,0.19,あと3日,https://detail.chiebukuro.yahoo.co.jp/qa/question_detail/q11324907171,都立新宿高校について質問です。 今年の現地での合格発表の時間は 例年どうり9時半ごろでしょうか？ 現地で見ようと思ってて不安です、、、,0,0
709,2026/2/1 19:38,アルバイト、フリーター,b89422a88,6時間1分,3,12,4.0,0,0,0.033,25.0,0.0,0.45,あと3日,https://detail.chiebukuro.yahoo.co.jp/qa/question_detail/q10324907170,スーパーのバイトで、１ヶ月のみの短期で入るのってありですか？面接で言う予定ですが落とされますか？,0,0
710,2026/2/1 19:38,アニメ,あ,6時間1分,1,21,21.0,0,0,0.058,4.76,0.01,0.2,あと3日,https://detail.chiebukuro.yahoo.co.jp/qa/question_detail/q14324907169,涼宮ハルヒの消失について質問です なぜこのタイミングでリバイバル上映するんですか,0,0
711,2026/2/1 19:38,プロレス,sgq********,6時間1分,0,9,9.0,0,0,0.025,0.0,0.0,0.02,あと3日,https://detail.chiebukuro.yahoo.co.jp/qa/question_detail/q13324907168,新日本プロレスで新しくできたユニットのアンバウンドカンパニーですが、WAR DOGSのメンバーも全員入ったんでしょうか？,0,0
712,2026/2/1 19:38,デジタル一眼レフ,kur********,6時間1分,1,15,15.0,0,0,0.041,6.67,0.01,0.18,不明,https://detail.chiebukuro.yahoo.co.jp/qa/question_detail/q12324907167,間違えて290/ A F28- 80mm F/35-5.6 Asphericaの PENTAXのレンズを購入してしまったのですが 持ってるカメラ(CanonKissX5)サイズが 合わないためPENT...,0,0
713,2026/2/1 19:38,スマートフォン,c540cddcb,6時間1分,0,5,5.0,0,0,0.014,0.0,0.0,0.01,あと3日,https://detail.chiebukuro.yahoo.co.jp/qa/question_detail/q10324907165,昨日スマホの機種変更をしました。 今日の昼間までは普通に使えていたビーリアルなんですが夕方から見れなくなり、リクエスト審査中？みたいになってしまいました。 いつまでこの画面で使えないのでしょうか。,0,0
714,2026/2/1 19:38,予備校、進学塾,a73671608,6時間1分,0,2,2.0,0,0,0.006,0.0,0.0,0.01,あと3日,https://detail.chiebukuro.yahoo.co.jp/qa/question_detail/q14324907164,武田塾お茶の水校について質問です。 受付時間が13時と書いてあるのですが自習室は9時から空いていますか？,0,0
715,2026/2/1 19:37,小学校,a6b75b199,6時間2分,2,36,18.0,0,4,0.099,5.56,0.02,0.7,あと3日,https://detail.chiebukuro.yahoo.co.jp/qa/question_detail/q12324907162,うちの子は私立小に3人とも通いました一応授業参観とかはネイビーとかのワンピースとか綺麗めな服装の親ばっかでしたが、昔は公立でも授業参観となればみんな綺麗めな格好で普通にスーツばっかでしたよね？,0,0
716,2026/2/1 19:37,友人関係の悩み,あああ,6時間3分,0,8,8.0,0,0,0.022,0.0,0.0,0.02,あと3日,https://detail.chiebukuro.yahoo.co.jp/qa/question_detail/q11324907161,9年の仲の親友がいます。ですがその親友にインスタの親しいを外されたり入れられたりします。例えば親しいであがってたハイライトが見れなくなったりすることです。 時間が経てばまた親しいのハイライトを見れたり...,0,0
717,2026/2/1 19:37,俳優、女優,lD非公開,6時間3分,4,31,7.8,0,1,0.085,12.9,0.01,0.72,あと3日,https://detail.chiebukuro.yahoo.co.jp/qa/question_detail/q10324907160,米倉涼子さん 報道でも容疑者呼ばわりされてないってことは 彼女自体は問題なしということなんでしょうか？ 一緒だった アルゼンチン出身の男がなんかいろいろあったみたいなんだけど,0,0
718,2026/2/1 19:37,家族関係の悩み,b1816ba7d,6時間3分,1,63,63.0,0,4,0.173,1.59,0.11,0.64,不明,https://detail.chiebukuro.yahoo.co.jp/qa/question_detail/q14324907159,妹の独り言が本当に多いです。妹は中学校1で不登校なのですが、毎日朝から晩まで居間にいてずっと休むことなく歌ったり叫んだりアニメのセリフ？ を言ったりしてます。本当にうるさいというか、うるさいの次元を超...,0,0
719,2026/2/1 19:37,iPhone,1252960838,6時間3分,0,5,5.0,0,0,0.014,0.0,0.0,0.01,あと3日,https://detail.chiebukuro.yahoo.co.jp/qa/question_detail/q13324907158,なんか急にApple Musicで特定の曲だけ聞けなくなりました。 とても困ってます。どーするべきですか？,0,0
720,2026/2/1 19:37,料理、食材,blo********,6時間3分,11,43,3.9,0,3,0.118,25.58,0.0,1.87,あと3日,https://detail.chiebukuro.yahoo.co.jp/qa/question_detail/q11324907156,チャーハン好きですか(´・ω・`)? 何チャーハン好きですか(´・ω・`)?,0,0
721,2026/2/1 19:37,ライブ、コンサート,1152846180,6時間3分,1,3,3.0,0,0,0.008,33.33,0.0,0.15,あと3日,https://detail.chiebukuro.yahoo.co.jp/qa/question_detail/q12324907157,aespaの会場受け取りって高校生でもできますか？,0,0
722,2026/2/1 19:37,病気、症状,oka********,6時間3分,0,9,9.0,0,0,0.025,0.0,0.0,0.02,あと3日,https://detail.chiebukuro.yahoo.co.jp/qa/question_detail/q10324907155,母親がコロナになったら子どもはどうしましたか？ 1月30日に発熱してコロナ陽性 2歳と4歳の子がいます。 母親ベッタリな生活なので、隔離は難しく、 私がマスクして、食事のみ時間を分けて食べています。 ...,0,0
723,2026/2/1 19:37,クレジットカード,なるみや,6時間3分,2,33,16.5,0,0,0.091,6.06,0.02,0.36,あと3日,https://detail.chiebukuro.yahoo.co.jp/qa/question_detail/q14324907154,クレカを作りたいのですが、調べたところ楽天よりもjcbとかの方がいいと合ったんですが、jcbは楽天の色んな所でポイントがつけれるメリットよりも良いところがあるんですか？ 教えてもらえると有り難いです！,0,0
724,2026/2/1 19:37,バレエ,メレンゲ,6時間3分,3,7,2.3,0,0,0.019,42.86,0.0,0.43,あと3日,https://detail.chiebukuro.yahoo.co.jp/qa/question_detail/q13324907153,バレエのレッスン中足がめちゃくちゃ震えちゃいます。回転のときとか特にプリエしたときにめちゃくちゃ震えます。そのせいでバランスも全然取れません、、どうすればいいでしょうか、,0,0
725,2026/2/1 19:37,アクアリウム,las********,6時間3分,2,12,6.0,0,0,0.033,16.67,0.0,0.31,あと3日,https://detail.chiebukuro.yahoo.co.jp/qa/question_detail/q12324907152,メダカを飼おうかと思います。 麦飯石を持っています。 黒いソイルの方が良いでしょうか？ それともその二つを混ぜて良いのでしょうか？,0,0
726,2026/2/1 19:37,カスタマイズ,oop********,6時間3分,0,5,5.0,0,0,0.014,0.0,0.0,0.01,あと3日,https://detail.chiebukuro.yahoo.co.jp/qa/question_detail/q11324907151,ウインチマウントプレート CLリンク 電動ウインチ 6000lbs ファイバーロープ仕様 中古で購入。 ウインチのマウントプレートがなくて汎用プレートを探しているのですが、 ネットで出てくるのはヒッチ...,0,0
727,2026/2/1 19:37,福祉、介護,taz********,6時間3分,3,21,7.0,1,2,0.058,14.29,0.0,0.91,あと3日,https://detail.chiebukuro.yahoo.co.jp/qa/question_detail/q10324907150,在宅介護でショートステイやデイサービスと別に月に何度か訪問看護の契約もしてるんですが 特に何もない時にキャンセルして 便が出てない時とか必要な時に利用するのはどうなんですか？ 嫌がられるんでしょうか？...,0,0
728,2026/2/1 19:37,恋愛相談、人間関係の悩み,acbf76ac9,6時間3分,5,64,12.8,0,6,0.176,7.81,0.02,1.35,あと3日,https://detail.chiebukuro.yahoo.co.jp/qa/question_detail/q14324907149,死にたいけど死ぬのが怖いです、これは死にたがってる自分に酔ってるだけなんですかね,0,0
729,2026/2/1 19:37,職場の悩み,まま,6時間3分,2,23,11.5,0,1,0.063,8.7,0.01,0.42,あと3日,https://detail.chiebukuro.yahoo.co.jp/qa/question_detail/q13324907148,同僚が体調不良で休職しました。 他の同僚がその人に対して心配してるよという内容で連絡を取ったほうがいいかな？って言ってたんですが、私は絶対にやめてあげてと言いました。 私自身も前職で休職してたことがあ...,0,0
730,2026/2/1 19:37,事件、事故,1151826999,6時間3分,3,22,7.3,0,0,0.06,13.64,0.0,0.47,あと3日,https://detail.chiebukuro.yahoo.co.jp/qa/question_detail/q12324907147,壁の中に遺体を入れていた事件など、どうして恋愛の関係が終わって別れると男性の方は元彼女を殺害する可能性が高くなっているのですか？ 同性同士でのトラブルの時とかって特に殺害事件にはならないと思うんですけ...,0,0
731,2026/2/1 19:37,インターネットサービス,1152770988,6時間3分,1,11,11.0,0,0,0.03,9.09,0.0,0.17,あと3日,https://detail.chiebukuro.yahoo.co.jp/qa/question_detail/q11324907146,Wi-Fiルーターについて。 先日、ahamo光を契約しました。 ルーターをレンタルしてもよかったのですが、レンタル代が月880円だったので自分で購入することにしました。 窓口対応の人にOCNバーチャ...,0,0
732,2026/2/1 19:37,クラシック,砂糖 茶,6時間4分,2,30,15.0,0,0,0.082,6.67,0.01,0.36,あと3日,https://detail.chiebukuro.yahoo.co.jp/qa/question_detail/q14324907144,友人の、Vincent Penn君は、 難関の金沢大学を卒業したのに晩婚でしたが、 クラシックなんて聴いていると、 女性と知り合う機会が少ないのでしょうか。 . やはり、ロックやポップスの方が女性にも...,0,0
733,2026/2/1 19:37,福祉、介護,xz********,6時間4分,1,14,14.0,0,0,0.038,7.14,0.01,0.18,あと3日,https://detail.chiebukuro.yahoo.co.jp/qa/question_detail/q13324907143,女性はイケメンの男性でお金を持っていても 思いやりに欠ける男性とは距離を置くものでしょうか？ 個人差はありますか？,0,0
734,2026/2/1 19:37,運転免許,1053081475,6時間4分,5,40,8.0,0,2,0.11,12.5,0.01,0.96,あと3日,https://detail.chiebukuro.yahoo.co.jp/qa/question_detail/q12324907142,原付免許取得試験について。 調べてみたらこれさえ持っていけばいいらしいのですが、本当ですか？他になにかいりますか？,0,0
735,2026/2/1 19:37,観光地、行楽地,1150757789,6時間4分,1,7,7.0,0,0,0.019,14.29,0.0,0.16,あと3日,https://detail.chiebukuro.yahoo.co.jp/qa/question_detail/q11324907141,箱根周辺 ペット可能レストラン 3月にペット連れで箱根旅行に行きます。 宿では夜ごはんを手配していないため、箱根周辺でレストランを探しています。 ペット同伴かつ、テラス席でない室内で食事ができるレスト...,0,0
736,2026/2/1 19:37,ボートレース（競艇）,1152758022,6時間4分,1,11,11.0,0,0,0.03,9.09,0.0,0.17,あと3日,https://detail.chiebukuro.yahoo.co.jp/qa/question_detail/q10324907140,何故人の舟券の買い目を見てレース結果を変えているんですか？ 何故か機力評価の良い選手や高い勝率の選手が下振れして買わない時に上振れしたりします、。 更に当たりそうになると購入金額の薄いところに来るよう...,0,0
737,2026/2/1 19:37,トレーニング,acf2ac36b,6時間4分,3,8,2.7,0,0,0.022,37.5,0.0,0.43,あと3日,https://detail.chiebukuro.yahoo.co.jp/qa/question_detail/q14324907139,自分筋トレする時に種目とかまだ何がいいとかわからないからユーチューブにある部位別の一緒にやるやつ見ながらやってるんですけどやっぱり自分で回数数えながら自分で種目組んでやったほうがいいですか？,0,0
738,2026/2/1 19:37,スマホアプリ,らな,6時間4分,1,8,8.0,0,0,0.022,12.5,0.0,0.16,あと3日,https://detail.chiebukuro.yahoo.co.jp/qa/question_detail/q12324907137,二次創作を作る方法 とある曲で、ゲームキャラを使ったアニメ動画を作ってみたいんですけど、まっっっっったく何から始めればよいかわかりません…。やり方を調べてもよくわからなくって…。 混沌ブギやメズマライ...,0,0
739,2026/2/1 19:37,大学受験,あたしんち,6時間4分,1,67,67.0,0,0,0.184,1.49,0.12,0.32,不明,https://detail.chiebukuro.yahoo.co.jp/qa/question_detail/q13324907138,名古屋学院大学の商学部志望の者です。 前期選抜で 英語88%国語73%の2教科型確実に合格しますか？ 名古屋学院大学の掲示板を拝見させてもらいましたが例年よりボーダーが上がるんじゃないかと不安になって...,0,0
740,2026/2/1 19:37,恋愛相談,b60780a5d,6時間4分,1,15,15.0,0,0,0.041,6.67,0.01,0.18,あと3日,https://detail.chiebukuro.yahoo.co.jp/qa/question_detail/q11324907136,交際できない方が引きずる? ある男性に告白されてたのですが、その男性が付き合って別れた方が諦めつくけど付き合わないで振られる方が辛い、だから諦められないと言ってました．過去にもそんな事を言ってる男性が...,0,0
741,2026/2/1 19:37,家具、インテリア,おにぎり,6時間4分,1,22,22.0,0,1,0.06,4.55,0.01,0.28,あと3日,https://detail.chiebukuro.yahoo.co.jp/qa/question_detail/q10324907135,ベッドフレームの購入を考えており、以下の2つで迷っています。どちらがいいと思いますか？また、サイズはセミダブルで同じタイプのベッドでおすすめあれば教えてください。 https://www.low-ya...,0,0
742,2026/2/1 19:37,女性アイドル,あ,6時間4分,0,1,1.0,0,0,0.003,0.0,0.0,0.0,あと3日,https://detail.chiebukuro.yahoo.co.jp/qa/question_detail/q14324907134,日向坂のSecond Jumpと HKTの君はもっとできる のサビ似てると思いませんか？,0,0
743,2026/2/1 19:37,音楽,べっじゅっじゅ,6時間4分,0,3,3.0,0,0,0.008,0.0,0.0,0.01,あと3日,https://detail.chiebukuro.yahoo.co.jp/qa/question_detail/q13324907133,https://youtu.be/FgAPr2NtScs?si=Iq7VE5viZ79G0tqT この動画の24:25あたりから流れるBGMってなんですか？ 海外の幼児向けっぽいBGMなのですが詳細が...,0,0
744,2026/2/1 19:37,アルバイト、フリーター,1252213400,6時間4分,1,7,7.0,0,0,0.019,14.29,0.0,0.16,あと3日,https://detail.chiebukuro.yahoo.co.jp/qa/question_detail/q12324907132,ずっと梱包できるバイトってないですか？大学になったらバイトしたいのでそれをモチベにして勉強したいでし,0,0
745,2026/2/1 19:37,コスメ、美容,bb5907200,6時間4分,0,2,2.0,0,0,0.005,0.0,0.0,0.01,あと3日,https://detail.chiebukuro.yahoo.co.jp/qa/question_detail/q11324907131,まつ毛美容液について質問です！ラッシュアディクトを以前使ったことがあるんですが、使った翌日にまぶたが腫れてしまい、その後も数回使ったのですが駄目でした。 そもそもまつ毛美容液自体使用しない方がいいのか...,0,0
746,2026/2/1 19:37,クレジットカード,K,6時間5分,3,36,12.0,0,0,0.099,8.33,0.01,0.51,あと3日,https://detail.chiebukuro.yahoo.co.jp/qa/question_detail/q10324907130,大学1年生の19歳です‼️ついこの間、学年も上がるし出費も多いからクレカ作りたい！と伝えたところ猛反対されました。 親にバレずにクレカ作れますかね、あと初めてのクレカどの会社のものがいいですか、教えて...,0,0
747,2026/2/1 19:37,家庭菜園,ID未解決,6時間5分,3,28,9.3,0,5,0.077,10.71,0.01,0.9,あと3日,https://detail.chiebukuro.yahoo.co.jp/qa/question_detail/q14324907129,モヤシって中国から輸入するより、日本で作った方が有利なのですか？,0,0
748,2026/2/1 19:37,観光地、行楽地,aiailalala,6時間5分,1,11,11.0,0,0,0.03,9.09,0.0,0.17,あと3日,https://detail.chiebukuro.yahoo.co.jp/qa/question_detail/q13324907128,今月、淡路島へ1泊でいきます。 女性1人旅です。 ここは絶対、行ったほうがいい！ というおすすめスポットを教えてください。 よろしくお願いします。,0,0
749,2026/2/1 19:37,ゲーム,des********,6時間5分,1,29,29.0,0,0,0.079,3.45,0.02,0.22,あと3日,https://detail.chiebukuro.yahoo.co.jp/qa/question_detail/q12324907127,Steamのパフォーマンスモニターの見方について教えて下さい。 画像のFPS表示の1番左は現在モニターで表示されているFPSなのはわかるのですがその後の↓◯◯↑◯◯はどういう数値になりますか？最小最大...,0,0
750,2026/2/1 19:37,政治、社会問題,b4d157b87,6時間5分,3,26,8.7,0,3,0.071,11.54,0.01,0.73,あと3日,https://detail.chiebukuro.yahoo.co.jp/qa/question_detail/q11324907126,中国と戦争したい高市総理は好きですか？,0,0
751,2026/2/1 19:37,ゲーム,きゃらめるふらぺ,6時間5分,2,31,15.5,0,0,0.085,6.45,0.01,0.36,あと3日,https://detail.chiebukuro.yahoo.co.jp/qa/question_detail/q10324907125,スマホゲームの#コンパスにて、上手く使えないけどテンプレデッキを使うのと、テンプレでは無いけど上手く使えるデッキを使うのとではどっちがいいですか？ 私的にはテンプレが組めてても上手く使えなければ意味が...,0,0
752,2026/2/1 19:37,株式,***********,6時間5分,1,9,9.0,0,0,0.025,11.11,0.0,0.16,あと3日,https://detail.chiebukuro.yahoo.co.jp/qa/question_detail/q14324907124,SBI証券は手数料が無料ですが、OCO注文・IFD注文・IFDOCO注文でもやはり無料なのでしょうか？,0,0
753,2026/2/1 19:36,格安スマホ,lD非公開,6時間6分,1,1,1.0,0,0,0.003,100.0,0.0,0.14,あと3日,https://detail.chiebukuro.yahoo.co.jp/qa/question_detail/q13324907123,格安スマートウォッチX5Sを買いました 使用されている方どうですか アプリをダウンロードしないと使えませんか？ ウイルスとか大丈夫ですか？ 評価をお聞かせください,0,0
754,2026/2/1 19:36,写真、ビデオ,a6dc16f0a,6時間6分,1,5,5.0,0,0,0.014,20.0,0.0,0.15,あと3日,https://detail.chiebukuro.yahoo.co.jp/qa/question_detail/q11324907121,たまたま写真フォルダの一番古いものから見てたら2005年10月に撮影された身に覚えのない大阪万博の画像が入ってました。 私はまだ大学生なのでその時代に写真を撮った事はないですし、iPhoneももちろん...,0,0
755,2026/2/1 19:36,ニュース、事件,非公開,6時間6分,1,80,80.0,0,0,0.218,1.25,0.17,0.35,あと3日,https://detail.chiebukuro.yahoo.co.jp/qa/question_detail/q10324907120,小林竜司はなぜ死刑判決だったのか？ やりすぎ感は否めないけど、恐喝を受けていた親友に助けを求められて…という事件背景を知ると情状酌量の余地がありすぎるし死刑判決は重すぎるかなぁと… 被害者も完全な被害...,0,0
757,2026/2/1 19:36,恋愛相談、人間関係の悩み,変化,6時間6分,2,40,20.0,0,0,0.109,5.0,0.02,0.38,あと3日,https://detail.chiebukuro.yahoo.co.jp/qa/question_detail/q13324907118,大至急です！！ 好きな人にバレンタイン渡したいんですけど、好きな人の苦手なものなど、何日前くらいに聞いたらいいんですか！！？ そして、普段は話してはないけど隣の席で授業中は割と話すかんじで、その時お互...,0,0
758,2026/2/1 19:36,ピアノ、キーボード,非公開,6時間6分,5,33,6.6,1,15,0.09,15.15,0.01,2.26,あと3日,https://detail.chiebukuro.yahoo.co.jp/qa/question_detail/q12324907117,知恵袋にも定期的にバッハのオタクみたいなのが湧きますが、シューベルトやシューマンやプロコフィエフやドビュッシーの一体なにがいけないのでしょうか？,0,0
759,2026/2/1 19:36,高校受験,b59b16e69,6時間6分,2,35,17.5,0,0,0.095,5.71,0.02,0.37,あと3日,https://detail.chiebukuro.yahoo.co.jp/qa/question_detail/q11324907116,現在中学生です。高校教師になるには偏差値どれくらいの高校に入れば良いですか？,0,0
760,2026/2/1 19:36,家族関係の悩み,wsi********,6時間6分,0,27,27.0,0,0,0.074,0.0,0.0,0.07,あと3日,https://detail.chiebukuro.yahoo.co.jp/qa/question_detail/q10324907115,【至急】息子が女遊び激しかったりする母親の皆さんに質問です。 自分が育てた息子がクソ男になるって、どんな気持ちですか？ あんまり気にしないですか？ それとも、息子だけは可愛さから特別視して、許せちゃい...,0,0
761,2026/2/1 19:36,競馬,非公開,6時間7分,1,64,64.0,0,0,0.174,1.56,0.11,0.31,あと3日,https://detail.chiebukuro.yahoo.co.jp/qa/question_detail/q14324907114,競馬でキャリーオーバーが今回発生したらしいですが、来週のどの馬券が対象ですか？,0,0
763,2026/2/1 19:36,ライブ、コンサート,c389e3359,6時間7分,0,35,35.0,0,0,0.095,0.0,0.0,0.1,あと3日,https://detail.chiebukuro.yahoo.co.jp/qa/question_detail/q12324907112,コレサワの今回のホールツアーの一般の倍率どれくらいだと思いますか？愛知と石川について教えて欲しいです！,0,0
764,2026/2/1 19:36,恋愛相談、人間関係の悩み,明日,6時間7分,0,7,7.0,0,0,0.019,0.0,0.0,0.02,あと3日,https://detail.chiebukuro.yahoo.co.jp/qa/question_detail/q11324907111,結婚相談所で最も人気な男性の属性バランスって何だと思いますか？ 年齢、年収、身長、職業、などなど… 女性は容姿や年齢の比重が大きいと思いますが男性はイケメンなだけではだめだと思うので。 自分の体験、知...,0,0
765,2026/2/1 19:36,iPhone,1252686098,6時間7分,0,2,2.0,0,0,0.005,0.0,0.0,0.01,あと3日,https://detail.chiebukuro.yahoo.co.jp/qa/question_detail/q10324907110,iPhoneのダイナミックアイランドについて質問です。 よく広告なのでダイナミックアイランドを色を変えたりキャラクターなどが常に表示されていたらタップしたらキャラが飛び出してくる的なやつがありますがあ...,0,0
766,2026/2/1 19:36,ゲーム,cyl********,6時間7分,1,8,8.0,0,0,0.022,12.5,0.0,0.16,あと3日,https://detail.chiebukuro.yahoo.co.jp/qa/question_detail/q14324907109,Switch2で龍の国ルーンファクトリーをダウンロードしているのですが、3時間以上掛かってしまいます。 ポケモンZAや他のゲームも2時間は掛かりました。 これは普通でしょうか？ Switch本体や回線...,0,0
767,2026/2/1 19:36,大学受験,b833b9d3b,6時間7分,2,32,16.0,0,0,0.087,6.25,0.01,0.36,あと3日,https://detail.chiebukuro.yahoo.co.jp/qa/question_detail/q13324907108,今日の拓殖の全学部受けたのですが国語65.7英語58.7だったんですけど政経学部もしくは商学部の6学科の中に合格の可能性ありますかね、,0,0
768,2026/2/1 19:36,税金,eno********,6時間7分,0,5,5.0,0,0,0.014,0.0,0.0,0.01,あと3日,https://detail.chiebukuro.yahoo.co.jp/qa/question_detail/q12324907107,○○について質問です。浜岡発電所についてですが 内部告発が無ければ判らなかった事案ですが! 委員会では関連会社から出て来た数値だけで今まで判断してきたのですか？出て来た数値を検証する事はしなかったんで...,0,0
769,2026/2/1 19:36,ピアス,a287285bf,6時間7分,0,6,6.0,0,0,0.016,0.0,0.0,0.02,あと3日,https://detail.chiebukuro.yahoo.co.jp/qa/question_detail/q10324907105,セプタムって結局鼻の中のどの位置に開ければいいんですか❓tiktokで検索しても軟骨に開けてる人とかいて痛そうです泣泣痛いのは承知なんですけど軟膏部分じゃない部分に開けたいので教えてください。,0,0
770,2026/2/1 19:36,K-POP、アジア,1153221258,6時間7分,1,18,18.0,0,0,0.049,5.56,0.01,0.18,あと3日,https://detail.chiebukuro.yahoo.co.jp/qa/question_detail/q14324907104,今度RIIZEの東京ドーム公演に行くのですが、好きなメンバーが複数いて、公式グッズで販売されるメンバーのうちわを違うメンバーで2個持つのは禁止ですか？ (ウォンビンとソヒそれぞれ1個ずつ買ってコンサー...,0,0
771,2026/2/1 19:36,邦楽,moo********,6時間7分,1,17,17.0,0,1,0.046,5.88,0.01,0.26,不明,https://detail.chiebukuro.yahoo.co.jp/qa/question_detail/q13324907103,沖縄のシンガー、喜久山里美、「JUPITER Okinawa」がNHK映像の世紀バタフライエフェクトで最後のエンドクレジットで歌っていた曲名を知っている方、教えて下さい。 とても切ないメロディでいい歌...,0,0
772,2026/2/1 19:36,恋愛相談、人間関係の悩み,ba0bf7d20,6時間7分,2,27,13.5,0,0,0.073,7.41,0.01,0.34,あと3日,https://detail.chiebukuro.yahoo.co.jp/qa/question_detail/q12324907102,至急 自分から遊びに誘っておいて、延期の連絡後の返信をずっと未読にする心理が分かりません 友達のことで、相手から誘ってきた約束なのに、直前に「延期してもいい..?」と言われ、私が承諾した返信をずっと未...,0,0
773,2026/2/1 19:36,ミリタリー,osa********,6時間7分,1,10,10.0,0,0,0.027,10.0,0.0,0.16,あと3日,https://detail.chiebukuro.yahoo.co.jp/qa/question_detail/q11324907101,かつてのイスラエルによるエンテベでの救出作戦はイスラエル陸軍の特殊部隊の仕業でしたか。,0,0
774,2026/2/1 19:36,ゲーム,非公開,6時間7分,0,17,17.0,0,0,0.046,0.0,0.0,0.05,あと3日,https://detail.chiebukuro.yahoo.co.jp/qa/question_detail/q10324907100,あつ森、バージョン2が行われる直前に売ってしまいました。そして、バージョン3が行われたのをキッカケに再開しました。 バージョン2がつい数カ月前に感じるのですが、5年?経ってるんですね？！びっくらこいた...,0,0
775,2026/2/1 19:36,家族関係の悩み,いい子です,6時間7分,0,19,19.0,0,0,0.052,0.0,0.0,0.05,あと3日,https://detail.chiebukuro.yahoo.co.jp/qa/question_detail/q14324907099,質問です。 中三兄と中二妹(私)年子です。 まだこの歳になっても同じ部屋で過ごしています。 着替えスペースなどもなくプライベートもありません。寝る所もおなじです。流石にもうこの歳で兄と共同部屋は正直き...,0,0
776,2026/2/1 19:36,手芸,ora********,6時間7分,1,59,59.0,0,3,0.16,1.69,0.09,0.54,あと3日,https://detail.chiebukuro.yahoo.co.jp/qa/question_detail/q13324907098,防水や傷から守る目的でクラフト社の水性レザーコート(マット)をブランドバッグの革タグの上に塗ってしまったのですが、既成のものには使用不可だと後から気がつきました。 塗ってしまったものは仕方がないのです...,0,0
777,2026/2/1 19:36,資産運用、投資信託、NISA,uhr********,6時間7分,1,15,15.0,0,0,0.041,6.67,0.01,0.18,あと3日,https://detail.chiebukuro.yahoo.co.jp/qa/question_detail/q12324907097,SBI・iシェアーズ・ゴールドファンド オルカンやs&p500、日経TOPIXの様に 長期的に伸びていくファンドでしょうか？ それとも、今は伸びているが いつかは変化がなくなり、現状維持となりそうなフ...,0,0
778,2026/2/1 19:36,洋楽,1150963953,6時間8分,1,29,29.0,0,0,0.079,3.45,0.02,0.21,あと3日,https://detail.chiebukuro.yahoo.co.jp/qa/question_detail/q11324907096,https://www.youtube.com/live/j2r-ZeWYnHY?si=YlW5zI4LklpPFg36 上記のURLの配信の2時間55分30秒過ぎ辺りから流れた曲のタイトルを教えてく...,0,0
779,2026/2/1 19:35,数学,煌貴,6時間9分,1,40,40.0,0,0,0.108,2.5,0.04,0.24,不明,https://detail.chiebukuro.yahoo.co.jp/qa/question_detail/q10324907095,どなたか、考え方を詳しく教えてください！ 解答が答えだけしか載っていなくて、解説が知りたいです。,0,0
780,2026/2/1 19:35,友人関係の悩み,b2d8c9be0,6時間9分,2,30,15.0,0,1,0.081,6.67,0.01,0.43,あと3日,https://detail.chiebukuro.yahoo.co.jp/qa/question_detail/q14324907094,至急です！！ 現役女子高生や女子中学生の方に質問です！！ グループ内でのメンバーカラー？ってどうやって決めましたか？ うちのグループは四人組なのですがTikTokやインスタを撮影するときにあたってそれ...,0,0
781,2026/2/1 19:35,MLB,カタコリマシター,6時間9分,4,64,16.0,0,0,0.173,6.25,0.03,0.71,あと3日,https://detail.chiebukuro.yahoo.co.jp/qa/question_detail/q13324907093,MLBは各チームが選手を出したがらないのが分かっていてWBCを始めたはずでは？今保険が利かない問題はその延長なのでは？ つまり、「侍ジャパンで閑散期に一儲けできればそれでいい」というだけなので、WBC...,0,0
783,2026/2/1 19:35,ゲーム,ＩＤ非公開,6時間9分,1,15,15.0,0,0,0.041,6.67,0.01,0.18,あと3日,https://detail.chiebukuro.yahoo.co.jp/qa/question_detail/q11324907091,ウマ娘のバクシンオーって直ぐやる気下がりませんか 絶好調が絶不調まで下がりました。やる気1下がり、－5何か忘れましたがステータス下がります。,0,0
784,2026/2/1 19:35,恋愛相談、人間関係の悩み,a3663e22,6時間9分,4,56,14.0,0,0,0.152,7.14,0.02,0.69,あと3日,https://detail.chiebukuro.yahoo.co.jp/qa/question_detail/q10324907090,彼女と復縁したいです。 自分勝手すぎるとわかっているんですけど 彼女の小さな約束を守らない所とか価値観の違いで自分が振ってしまいました。でも、やっぱり好きで復縁したいんですけど冷却期間開けた方がいいで...,0,0
785,2026/2/1 19:35,文房具,cbd1172ba,6時間9分,2,25,12.5,0,0,0.068,8.0,0.01,0.34,あと3日,https://detail.chiebukuro.yahoo.co.jp/qa/question_detail/q12324907087,JKお姉様に質問です！高校生でSHEINの筆箱使ってたら浮きますか？もし浮くんだったらおすすめのレースとかシンプルかつかわいい筆箱教えてほしいです！,0,0
786,2026/2/1 19:35,家族関係の悩み,465728,6時間9分,2,28,14.0,1,7,0.076,7.14,0.01,1.18,あと3日,https://detail.chiebukuro.yahoo.co.jp/qa/question_detail/q11324907086,高一女子です。 どうしても新しい父を受け入れられません。 母が父への気持ちが薄くなり新しい人へ好きという気持ちができ、中1で母と父が離婚しました。私は離婚した理由をはっきりとまでは知らなかったので母の...,0,0
787,2026/2/1 19:35,恋愛相談、人間関係の悩み,gep********,6時間9分,0,1,1.0,0,0,0.003,0.0,0.0,0.0,あと3日,https://detail.chiebukuro.yahoo.co.jp/qa/question_detail/q10324907085,銀座小野寺登竜門の整理券配布制ってどういう感じですか？ 当日で受付する感じですか？,0,0
788,2026/2/1 19:35,高校,1151344422,6時間9分,1,13,13.0,0,0,0.035,7.69,0.0,0.17,あと3日,https://detail.chiebukuro.yahoo.co.jp/qa/question_detail/q14324907084,金光大阪高校って名前ダサいですか？,0,0
789,2026/2/1 19:35,政治、社会問題,nan********,6時間9分,13,197,15.2,3,87,0.533,6.6,0.08,10.14,あと3日,https://detail.chiebukuro.yahoo.co.jp/qa/question_detail/q13324907083,高市が腕の痛みを理由に日曜討論を欠席して、指にテーピングして街頭演説を予定どおりやったことは、明らかな職務放棄であり、実社会で言えば、攻撃、吊し上げられるから取締役会議をサボり、 攻撃されない仕事は予...,0,0
790,2026/2/1 19:35,邦楽,知恵袋盛り上げ隊,6時間9分,9,48,5.3,0,5,0.13,18.75,0.01,1.75,あと3日,https://detail.chiebukuro.yahoo.co.jp/qa/question_detail/q12324907082,日曜 で思い浮かぶ曲は？,0,0
791,2026/2/1 19:35,就職活動,b142353ee,6時間9分,2,25,12.5,0,0,0.068,8.0,0.01,0.34,あと3日,https://detail.chiebukuro.yahoo.co.jp/qa/question_detail/q11324907081,就職活動中の看護学生です。2点お伺いしたいことがあります。 ① 虎ノ門病院（本院）のNICU・GCUは、助産師資格を持つ方のみが配置されているのでしょうか。看護師のみでの勤務は可能なのか知りたいです。...,0,0
792,2026/2/1 19:35,アニメ,****************,6時間10分,1,27,27.0,0,0,0.073,3.7,0.02,0.21,あと3日,https://detail.chiebukuro.yahoo.co.jp/qa/question_detail/q10324907080,アニメ これは何をしているのでしょうか？,0,0
793,2026/2/1 19:35,バス、タクシー,ugk********,6時間10分,0,15,15.0,0,0,0.041,0.0,0.0,0.04,あと3日,https://detail.chiebukuro.yahoo.co.jp/qa/question_detail/q14324907079,関西国際空港は大阪湾沖合にあり、連絡橋だけでも約3.5kmあります。空港島から泉南地域以外の大阪府内各地にタクシーで行く場合は１万円以上必要です。 このようなタクシーは1日数回客を運べば運転手の収入は...,0,0
794,2026/2/1 19:35,ダイエット,JK,6時間10分,5,29,5.8,0,0,0.078,17.24,0.0,0.75,あと3日,https://detail.chiebukuro.yahoo.co.jp/qa/question_detail/q12324907077,至急です‼️‼️‼️ 骨格ウェーブ162センチ53キロなのですが、 高校入る時は46キロでした。 ですが今高校2年なのですが53キロまで増えてしまって、痩せたいです！食事制限はできません。お菓子やジュ...,0,0
795,2026/2/1 19:35,文房具,c2dd4723f,6時間10分,0,5,5.0,0,0,0.014,0.0,0.0,0.01,あと3日,https://detail.chiebukuro.yahoo.co.jp/qa/question_detail/q11324907076,レグノ1000はどこで売っていますか？ 東京都内で、できれば縮み杢があれば買いたいです。,0,0
796,2026/2/1 19:35,Amazon,1052757565,6時間10分,1,29,29.0,0,0,0.078,3.45,0.02,0.21,あと3日,https://detail.chiebukuro.yahoo.co.jp/qa/question_detail/q14324907074,Amazonでマーシャルのヘッドホンを1.30の金曜の朝に購入、送金したんですけれどいつ届くと思いますか？明日、もしくは明後日の午前中は流石に厳しいですかね…,0,0
797,2026/2/1 19:35,映画,fuy********,6時間10分,1,18,18.0,0,0,0.049,5.56,0.01,0.18,あと3日,https://detail.chiebukuro.yahoo.co.jp/qa/question_detail/q10324907075,大ヒットしている映画、国宝は どうしてLGBTQの方たちにも人気があるのでしょうか？ 国宝映画のレビューを見ていたら ゲイの方、レズの方もレビューを書いていて とても良かった！など、海外の方も話してい...,0,0
798,2026/2/1 19:35,ゲーム,a21263133,6時間10分,1,29,29.0,0,0,0.078,3.45,0.02,0.21,あと3日,https://detail.chiebukuro.yahoo.co.jp/qa/question_detail/q13324907073,プロセカのバースデーのマイセカイでのあまつゆ回収はあまつゆだけ回収か＋でセカイに生えているもの全部かどっちのほうが効率が良いですか？,0,0
799,2026/2/1 19:35,モンスターハンター,名無し,6時間10分,2,30,15.0,0,0,0.081,6.67,0.01,0.35,あと3日,https://detail.chiebukuro.yahoo.co.jp/qa/question_detail/q12324907072,原神について。フリンズの武器は和璞鳶か護摩の杖どちらの方が火力がでますか？ 次の復刻で引く予定なので、和璞鳶の方が最適ならLvを上げておきたいです。,0,0
800,2026/2/1 19:35,ゲーム,b78e49210,6時間10分,1,9,9.0,0,1,0.024,11.11,0.0,0.24,あと3日,https://detail.chiebukuro.yahoo.co.jp/qa/question_detail/q11324907071,マリオカートワールドのラウンジの登録をしている最中なのですが、 「ホーム画面にあるすべてのニンテンドーアカウントのフレンドコードおよびマリオカートのプレイ時間のスクリーンショット」というのがどこの写真...,0,0
801,2026/2/1 19:35,男性アイドル,ミント,6時間10分,2,27,13.5,0,0,0.073,7.41,0.01,0.34,あと3日,https://detail.chiebukuro.yahoo.co.jp/qa/question_detail/q10324907070,SixTONESのファンに質問 SixTONESで「ヘッドホンガンガンリレー」をしたとしたら、誰が面白いことになると思いますか？なお、ヘッドホンガンガンリレーはガンガン鳴っているヘッドホンをつけた相手...,0,0
802,2026/2/1 19:35,男性アイドル,iv_vi_x,6時間10分,0,7,7.0,0,0,0.019,0.0,0.0,0.02,あと3日,https://detail.chiebukuro.yahoo.co.jp/qa/question_detail/q14324907069,たまにSNSでINIの田島将吾くんを「しょごりん(しょうごりん）」と呼んでいる方がいますが、由来は何かあるのでしょうか？,0,0
803,2026/2/1 19:35,ゲーム,ca4533acd,6時間10分,0,4,4.0,0,0,0.011,0.0,0.0,0.01,あと3日,https://detail.chiebukuro.yahoo.co.jp/qa/question_detail/q13324907068,ときメモGS3(Switch移植版)について質問です。 現在、親友告白EDを回収しようと試みているのですが、その組み合わせをどうするべきか悩んでいます。 三角関係が作れるペアで進めると、親友イベントの...,0,0
804,2026/2/1 19:35,政治、社会問題,bel********,6時間10分,0,6,6.0,0,0,0.016,0.0,0.0,0.02,あと3日,https://detail.chiebukuro.yahoo.co.jp/qa/question_detail/q12324907067,皆さん覚えてますか？ 田久保真紀が、昨年の6月か7月に、偽造卒業証書については、検察庁に提出して判断してもらうと言ってました。 ならば、今回、警察を経由して検察庁の検事にも見てもらうべきではないんです...,0,0
805,2026/2/1 19:34,C言語関連,みせすぱんぱーにっける,6時間11分,1,20,20.0,0,2,0.054,5.0,0.01,0.35,あと3日,https://detail.chiebukuro.yahoo.co.jp/qa/question_detail/q10324907065,⑥と⑧の回答を教えてください‬т т 語群の中から選ぶ問題です。 挿入 終了 アニメーション タイミング 文字 色 開始 図ツール 動き 強調 スライド 待機時間 表示時間 ウィンドウ,0,0
806,2026/2/1 19:34,住宅,ぽぅ,6時間11分,1,12,12.0,0,0,0.032,8.33,0.0,0.17,不明,https://detail.chiebukuro.yahoo.co.jp/qa/question_detail/q14324907064,【緊急】バルサンは煙が出なくなったら火災報知器に反応しないでしょうか？ 火災報知器が私じゃどうしても届かないため、カバーがつけられません。 そのため、隣の火災報知器がない所に置き、煙が出なくなったらそ...,0,0
807,2026/2/1 19:34,本、雑誌,よっちゃん,6時間11分,1,25,25.0,0,0,0.067,4.0,0.02,0.2,あと3日,https://detail.chiebukuro.yahoo.co.jp/qa/question_detail/q13324907063,唐突に思い出したこのキャラを探しています。たぶん絵本だったと思いますが、覚えているのは巨人だったこと、人間が泣くとやってくる救世主みたいなキャラだったこと、犬が相棒としていた気がするというだけです。 ...,0,0
808,2026/2/1 19:34,ゲーム,gjmw58494,6時間11分,0,7,7.0,0,0,0.019,0.0,0.0,0.02,あと3日,https://detail.chiebukuro.yahoo.co.jp/qa/question_detail/q12324907062,こういうダイヤっぽいデザインのタイル(赤黒系統)をマイデザで自作したいのですが、これと同じ大きさ(比率)にできる方法ないでしょうか？ こちらの製作者が作成画面公開されていないため、自分で1からやってみ...,0,0
809,2026/2/1 19:34,高校受験,非公開,6時間12分,3,44,14.7,0,0,0.118,6.82,0.02,0.52,あと3日,https://detail.chiebukuro.yahoo.co.jp/qa/question_detail/q11324907061,高校受験に落ちたら、色んな感情で学校に行けなくなるのがわかっているんですけどそういう子って結構いますか？(高校はちゃんと行くけど中学は卒業式も含めていかない),0,0
810,2026/2/1 19:34,哲学、倫理,ohc********,6時間12分,0,4,4.0,0,0,0.011,0.0,0.0,0.01,あと3日,https://detail.chiebukuro.yahoo.co.jp/qa/question_detail/q10324907060,ここで言う「確固たる世界観」とはどんな世界観ですか？,0,0
811,2026/2/1 19:34,芸能人,短い,6時間12分,0,30,30.0,0,0,0.081,0.0,0.0,0.08,あと3日,https://detail.chiebukuro.yahoo.co.jp/qa/question_detail/q14324907059,よよよちゃんってモノマネ全然似てないよね？ 松浦航大も似てないとき結構あるけど、この人はガチでいつも似てないと思いませんか？,0,0
813,2026/2/1 19:34,ダイエット,hij********,6時間12分,7,51,7.3,0,0,0.137,13.73,0.01,1.07,あと3日,https://detail.chiebukuro.yahoo.co.jp/qa/question_detail/q11324907056,46kg 女 体脂肪23%辺り 158cm 身長的にも標準な体重だと思うのですが、体脂肪が多く感じます。(特に左側)なぜ左に偏ってしまうのでしょうか。ダイエットしないと減りませんか？ぽっこり脂肪がつい...,0,0
814,2026/2/1 19:34,占い,627273773,6時間12分,0,40,40.0,0,0,0.107,0.0,0.0,0.11,あと3日,https://detail.chiebukuro.yahoo.co.jp/qa/question_detail/q10324907055,もう冷められた人もう感情うすれてますよね？ もう連絡とってないです タロットカード相手の気持ちソード10逆位置カップ９正位置でした！,0,0
815,2026/2/1 19:34,恋愛相談、人間関係の悩み,非公開,6時間12分,7,41,5.9,0,0,0.11,17.07,0.01,1.05,あと3日,https://detail.chiebukuro.yahoo.co.jp/qa/question_detail/q14324907054,女性の方に質問です。若白髪が多い男性は無理ですか?,0,0
816,2026/2/1 19:34,職場の悩み,ハム大好き,6時間12分,0,11,11.0,0,0,0.03,0.0,0.0,0.03,あと3日,https://detail.chiebukuro.yahoo.co.jp/qa/question_detail/q11324907051,ディーラーの営業アシスタントになることになった事務員です、今までの業務は事務だけでしたが、人員不足により事務員兼営業アシスタントに自ら志願しました。 今は車の勉強をしていますが、とても楽しいです。 早...,0,0
817,2026/2/1 19:34,ライブ、コンサート,star_mv7,6時間12分,4,37,9.2,0,6,0.099,10.81,0.01,1.12,あと3日,https://detail.chiebukuro.yahoo.co.jp/qa/question_detail/q12324907052,ライブコンサートのチケットをLivepocketで購入したのですが、｢整理番号順のご入場となります｣と書いてありました。これはどういうことでしょうか？ 入口でチケットのQRコードをかざして改めて整理番...,0,0
818,2026/2/1 19:34,学校の悩み,c2b5ee922,6時間12分,3,48,16.0,0,0,0.129,6.25,0.02,0.53,あと3日,https://detail.chiebukuro.yahoo.co.jp/qa/question_detail/q10324907050,受験勉強のために学校休んだら学校から怒られますか？親はどっちでもいいと言っています。,0,0
819,2026/2/1 19:34,男性アイドル,^_^,6時間12分,1,75,75.0,0,0,0.201,1.33,0.15,0.33,あと3日,https://detail.chiebukuro.yahoo.co.jp/qa/question_detail/q14324907049,最近M!LKを好きになった者です…！ 今回の爆裂愛してる の佐野勇斗くんの2ショット会の先着が取れなかったため、抽選の2ショット会を購入したのですが、抽選は今回が初めてですかね…？ いつ当落なのかもわ...,0,0
820,2026/2/1 19:34,大学受験,名無し,6時間12分,1,9,9.0,0,0,0.024,11.11,0.0,0.16,あと3日,https://detail.chiebukuro.yahoo.co.jp/qa/question_detail/q13324907048,高二です。 埼玉大学教育学部理科専修に関する質問なのですが、二次試験は基礎と基礎+専門で計500点ということですか？(物理基礎と化学基礎+化学専門みたいに) 勝手に基礎+専門1個250点を2個で500...,0,0
821,2026/2/1 19:34,ライブ、コンサート,b3b00a877,6時間12分,1,27,27.0,0,0,0.072,3.7,0.02,0.21,あと3日,https://detail.chiebukuro.yahoo.co.jp/qa/question_detail/q11324907046,ヒロインズフェスについての質問です。 2月27日のLaLa arenaのヒロフェスに初参戦します。 ①一般、女性チケはスタンディングですか？ ②女性チケ300番代、身長150cm代は見えにくいですか？...,0,0
822,2026/2/1 19:34,インフルエンザ,cea5f8b3d,6時間13分,2,27,13.5,0,0,0.072,7.41,0.01,0.34,あと3日,https://detail.chiebukuro.yahoo.co.jp/qa/question_detail/q14324907044,同居する弟がインフルエンザになりました。私は無症状ですが、明日の遊びは行かない方がいいですか？,0,0
823,2026/2/1 19:34,メンズ全般,b96b03930,6時間13分,1,5,5.0,0,0,0.013,20.0,0.0,0.15,あと3日,https://detail.chiebukuro.yahoo.co.jp/qa/question_detail/q10324907045,90sのma1は現行の物と比べてテカテカしてますか,0,0
824,2026/2/1 19:34,自動車,a@,6時間13分,0,5,5.0,0,0,0.013,0.0,0.0,0.01,あと3日,https://detail.chiebukuro.yahoo.co.jp/qa/question_detail/q13324907043,ハリアー80系に乗っています。前後純正のドラレコが装備されていますが、駐車監視ユニットがないため、別途ドラレコ＋駐車監視ユニットを付けようと思います。 今候補が２つあり、どちらがいいのでしょうか？ ①...,0,0
825,2026/2/1 19:34,ドラマ,c6cae9dff,6時間13分,1,19,19.0,0,0,0.051,5.26,0.01,0.18,あと3日,https://detail.chiebukuro.yahoo.co.jp/qa/question_detail/q11324907041,結構古いドラマを探してます！ ふるいといっても5ー10年前ほどです！ 覚えてるシーンが お風呂場で人を殺す(確か女の人が男の人を) ぐでたまをリビングで踊っている！ です！！ キーワード少なすぎてすみ...,0,0
826,2026/2/1 19:34,恋愛相談、人間関係の悩み,a,6時間13分,2,19,9.5,0,0,0.051,10.53,0.0,0.32,あと3日,https://detail.chiebukuro.yahoo.co.jp/qa/question_detail/q10324907040,家族の死は悲しいことだとしても介護に疲れた人は死んでくれたことに対して少なからず解放感を感じるものでしょうか？ これは何故でしょうか？,0,0
827,2026/2/1 19:34,宝塚,少年の夢,6時間13分,6,421,70.2,0,19,1.128,1.43,0.79,3.45,あと3日,https://detail.chiebukuro.yahoo.co.jp/qa/question_detail/q14324907039,歴代トップでダンスの素晴らしかった人って誰を思い出しますか？ さっき雪組ベテランの座談会でみんな ファン時代の朝海ひかるをバレエがすごいすごいと ファンモード全開でした,0,0
828,2026/2/1 19:34,バイク,***,6時間13分,8,85,10.6,0,2,0.228,9.41,0.02,1.46,あと3日,https://detail.chiebukuro.yahoo.co.jp/qa/question_detail/q13324907038,大型バイクの取り回しはどうしたら上手くなれますか？ 身長は女性の平均身長ですが、かなり低体重で筋力も全くと言っていいほどありません。バイクは自分の体重よりも6倍あります。 常に自分で取り回しはしていま...,0,0
829,2026/2/1 19:34,ボクシング,moo********,6時間13分,0,4,4.0,0,0,0.011,0.0,0.0,0.01,あと3日,https://detail.chiebukuro.yahoo.co.jp/qa/question_detail/q12324907037,亀田興毅と大毅は現在何をしてますか？,0,0
830,2026/2/1 19:34,麻雀,c8d79d971,6時間13分,0,11,11.0,0,0,0.029,0.0,0.0,0.03,あと3日,https://detail.chiebukuro.yahoo.co.jp/qa/question_detail/q11324907036,雀魂雀傑2の者です。 雀魂のMAKAの評価がだいたいA-からS-の間に収まっているのですが、その評価で雀豪に達することは可能でしょうか？ ちなみに、私の和了率は34.2%で放銃率は16.3%、和了巡数...,0,0
831,2026/2/1 19:34,家族関係の悩み,非公開,6時間13分,2,19,9.5,0,0,0.051,10.53,0.0,0.32,あと3日,https://detail.chiebukuro.yahoo.co.jp/qa/question_detail/q14324907034,至急です 私は高一です 女子です みんな思春期とかくると思うのですが 私にはないというか、、 ベットみんな一人一人だけど親と同じ空間で寝るし、家族で出かけに行くし、お母さんとも友達みたいに仲良いし 周...,0,0
832,2026/2/1 19:34,スマホアプリ,ID 非公開,6時間13分,1,47,47.0,0,0,0.126,2.13,0.06,0.26,不明,https://detail.chiebukuro.yahoo.co.jp/qa/question_detail/q13324907033,にゃんこ大戦争 気づいたら闇キャッツアイが23個もありました。おすすめいますか？ 第四形態実装している所持キャラは以下だけです。 シーガレオン、かぐや姫、グラヴィティ。 かさじぞうだけ既に第四形態にし...,0,0
834,2026/2/1 19:34,高校受験,cc3a00e07,6時間13分,1,11,11.0,0,0,0.029,9.09,0.0,0.16,あと3日,https://detail.chiebukuro.yahoo.co.jp/qa/question_detail/q12324907032,都立竹早高校志望の中3です。 内申を得点化する（300点満点）と282点あります。 ESAT-JはAです。 何点当日に入試で取れれば安全に合格できますか？,0,0
835,2026/2/1 19:34,Yahoo!知恵袋,man********,6時間13分,3,79,26.3,0,2,0.211,3.8,0.06,0.77,あと3日,https://detail.chiebukuro.yahoo.co.jp/qa/question_detail/q11324907031,知恵袋って質問者に厳しくないですか？,0,0
836,2026/2/1 19:34,大学受験,yyy**********,6時間13分,0,156,156.0,2,0,0.417,0.0,0.0,0.95,あと3日,https://detail.chiebukuro.yahoo.co.jp/qa/question_detail/q10324907030,関学博士さん 今日あった2026全学部日程の英語国語文系数学の配点はさすがにまだ分かりませんか？,0,0
837,2026/2/1 19:34,高校受験,b7c416768,6時間14分,0,7,7.0,0,0,0.019,0.0,0.0,0.02,あと3日,https://detail.chiebukuro.yahoo.co.jp/qa/question_detail/q14324907029,旭丘美術科に推薦で通っていた方もしくは在校生の方に質問です。 推薦時間はどのくらいですか？数分しかないんですか？どうしても言葉がつまったり黙ったりしてしまうことがありますがそれでも受かった方は居ますか...,0,0
838,2026/2/1 19:34,英語,まー,6時間14分,0,12,12.0,0,0,0.032,0.0,0.0,0.03,あと3日,https://detail.chiebukuro.yahoo.co.jp/qa/question_detail/q13324907028,質問です！英検2級の面接ってどのくらいのレベル何でしょうか…？また、例でどんな問題が出るのかも教えて頂きたいです。,0,0
839,2026/2/1 19:34,福祉、介護,xz********,6時間14分,13,87,6.7,0,4,0.233,14.94,0.02,2.28,あと3日,https://detail.chiebukuro.yahoo.co.jp/qa/question_detail/q11324907026,みなさんの趣味はどういうものが多いですか？,0,0
840,2026/2/1 19:33,新車,shi********,6時間15分,8,81,10.1,0,0,0.216,9.88,0.02,1.28,あと3日,https://detail.chiebukuro.yahoo.co.jp/qa/question_detail/q13324907023,車がフルモデルチェンジされるとします。新モデルの生産を開始したら旧モデルは生産終了になりますか？,0,0
841,2026/2/1 19:33,世界史,猫,6時間15分,4,29,7.2,0,0,0.077,13.79,0.01,0.61,あと3日,https://detail.chiebukuro.yahoo.co.jp/qa/question_detail/q11324907021,インドは何でイスラム化したのですか？,0,0
842,2026/2/1 19:33,幼児教育、幼稚園、保育園,cd453a94b,6時間15分,1,17,17.0,0,0,0.045,5.88,0.01,0.18,あと3日,https://detail.chiebukuro.yahoo.co.jp/qa/question_detail/q12324907022,再就職について。 現在30代半ばの無職主婦です。 8年前までは看護師として介護施設や外来で勤務していました。その後、うつの療養（現在は寛解済み）、不妊治療、妊娠出産のため仕事に就かずにきました。 保育...,0,0
843,2026/2/1 19:33,生き方、人生相談,gao********,6時間15分,2,10,5.0,0,1,0.027,20.0,0.0,0.37,あと3日,https://detail.chiebukuro.yahoo.co.jp/qa/question_detail/q10324907020,低所得世帯に生まれたら人生不利ですか？？,0,0
844,2026/2/1 19:33,恋愛相談、人間関係の悩み,女子学生,6時間15分,0,2,2.0,0,0,0.005,0.0,0.0,0.01,あと3日,https://detail.chiebukuro.yahoo.co.jp/qa/question_detail/q14324907019,至急です 一時期流行ってたかわかんないんですけどフレンドクイズっていうのがあるじゃないですか。 あれで答えてくれた人を削除することができるんですけど削除した場合その人はもう1回回答できるんですか？,0,0
845,2026/2/1 19:33,商品の発送、受け取り,1051921192,6時間15分,0,6,6.0,0,0,0.016,0.0,0.0,0.02,あと3日,https://detail.chiebukuro.yahoo.co.jp/qa/question_detail/q13324907018,至急 プレバンの発送時請求のクレカ決済ってたとえば今注文しても発送が6月のものだったら6月にお支払いするっていう形ですか？ということは今から6月の発送の間はお金とられずに済むっていう感じですか？ 教え...,0,0
846,2026/2/1 19:33,プロ野球,1151864415,6時間15分,2,24,12.0,0,0,0.064,8.33,0.01,0.33,あと3日,https://detail.chiebukuro.yahoo.co.jp/qa/question_detail/q12324907017,大谷選手WBC登板回避により、最後の一枠が今永選手になる可能性が高まりましたか？,0,0
848,2026/2/1 19:33,大学,1151919309,6時間15分,0,14,14.0,0,0,0.037,0.0,0.0,0.04,あと3日,https://detail.chiebukuro.yahoo.co.jp/qa/question_detail/q10324907015,立正大学の仏教学部に通っている方に質問です 来年この大学に行こうと思っているのですが、この学部ってどのくらい忙しいのでしょうか？ バイトや趣味をやってる時間ってありますかね？,0,0
849,2026/2/1 19:33,競馬,山崎ジンセイまさよし,6時間15分,1,45,45.0,0,0,0.12,2.22,0.05,0.25,あと3日,https://detail.chiebukuro.yahoo.co.jp/qa/question_detail/q14324907014,日曜は東京新聞杯止めてきさらぎ賞やるわ。 東京新聞杯は全頭危険な人気馬的なメンバーで きさらぎ賞の方が的中すると思う いいかな？,0,0
850,2026/2/1 19:33,芸能人,b27c6ab5e,6時間15分,0,2,2.0,0,0,0.005,0.0,0.0,0.01,あと3日,https://detail.chiebukuro.yahoo.co.jp/qa/question_detail/q13324907013,この人いつ寝てるの？！っていうほど仕事してる有名人って誰がいますか？ 個人的には秋元康とか、尾田絵一郎かな―と思います。,0,0
851,2026/2/1 19:33,メイク、コスメ,あ,6時間15分,2,33,16.5,0,0,0.088,6.06,0.01,0.35,あと3日,https://detail.chiebukuro.yahoo.co.jp/qa/question_detail/q12324907012,高校生です。 学校につけていくメイクはどのくらいしてますか？参考にしたいです。,0,0
852,2026/2/1 19:33,英語,cabca84dd,6時間16分,0,46,46.0,0,0,0.122,0.0,0.0,0.12,あと3日,https://detail.chiebukuro.yahoo.co.jp/qa/question_detail/q11324907011,至急！！！ 2026年の獨協大学全学科統一の英語の大問3.4.5の答え教えてください！,0,0
853,2026/2/1 19:33,超常現象、オカルト,t*******,6時間16分,1,17,17.0,0,0,0.045,5.88,0.01,0.18,あと3日,https://detail.chiebukuro.yahoo.co.jp/qa/question_detail/q10324907010,右目をすごくゆっくり閉じる時、閉じそうな時に人の目と口みたいなオバケのような黒い模様が見えます。 なんなんでしょう…。 見える人いますかね？,0,0
854,2026/2/1 19:33,宗教,非公開,6時間16分,2,21,10.5,0,0,0.056,9.52,0.01,0.32,あと3日,https://detail.chiebukuro.yahoo.co.jp/qa/question_detail/q14324907009,2025年が厄年だったと言っている人がいて、でも大学も行っていたと言う人がいます。ですがそれって年齢合わなくないですか？20代です。,0,0
855,2026/2/1 19:33,Instagram,非公開,6時間16分,3,31,10.3,0,0,0.082,9.68,0.01,0.48,あと3日,https://detail.chiebukuro.yahoo.co.jp/qa/question_detail/q13324907008,インスタで仲良くなった中国人がいるのですが、同じアニメが好きということで、相手はよくオススメの作品を送ってくれていました。 しかし最近「電話番号かFacebook教えて！インスタだと送るのが面倒くさい...,0,0
856,2026/2/1 19:33,俳優、女優,moo********,6時間16分,2,9,4.5,0,0,0.024,22.22,0.0,0.29,あと3日,https://detail.chiebukuro.yahoo.co.jp/qa/question_detail/q12324907007,北乃きいは子供何人いますか？,0,0
857,2026/2/1 19:33,福祉、介護,非公開,6時間16分,0,19,19.0,0,0,0.05,0.0,0.0,0.05,あと3日,https://detail.chiebukuro.yahoo.co.jp/qa/question_detail/q11324907006,高齢の方、高齢の親、介護をしている人に質問です。 日常生活で「これが一番大変」「毎回困る」と感じることは何ですか？ お金を払ってでも誰かに頼みたいことがあれば教えてください。 また、①「最近、一番困っ...,0,0
858,2026/2/1 19:33,スマホアプリ,ala********,6時間16分,0,4,4.0,0,0,0.011,0.0,0.0,0.01,あと3日,https://detail.chiebukuro.yahoo.co.jp/qa/question_detail/q14324907004,ウーバーイーツプロプチラナクーポンについて質問です。 12月に100回配達してプラチナになった場合、クーポンは1月に使えますよね？ でもそのクーポンコードって12月中しか確認できないんですか？現在アプ...,0,0
859,2026/2/1 19:33,ゲーム,1150119287,6時間16分,1,41,41.0,0,0,0.109,2.44,0.04,0.24,あと3日,https://detail.chiebukuro.yahoo.co.jp/qa/question_detail/q13324907003,ポケコロツイン、ポケツイのこのフードは今どのくらいで取引されることが多いのでしょうか？ MC品なので高めだとは思うのですが、どのぐらいか教えていただきたいです。またガチャ終了後は人気が下がる感じですか...,0,0
860,2026/2/1 19:33,英語,b352c0d83,6時間16分,2,23,11.5,0,0,0.061,8.7,0.01,0.33,あと3日,https://detail.chiebukuro.yahoo.co.jp/qa/question_detail/q12324907002,質問です。英検とかで単語の意味を書く問題が出た時に 例えば単語帳には whose だれの(もの）と書かれてたら 意味を書く時に (もの）も書かないといけないですか？ 語彙力なくてごめんなさい,0,0
861,2026/2/1 19:33,読書,James1950s,6時間16分,0,3,3.0,0,0,0.008,0.0,0.0,0.01,あと3日,https://detail.chiebukuro.yahoo.co.jp/qa/question_detail/q11324907001,みやにし たつや 『はらぺこおおかみのデコとボコ』この書籍はおすすめでしょうか?,0,0
862,2026/2/1 19:33,メルカリ,非公開,6時間16分,2,3,1.5,0,1,0.008,66.67,0.0,0.35,不明,https://detail.chiebukuro.yahoo.co.jp/qa/question_detail/q10324907000,メルカリでオークションのものなのですが、 3dsのカセットを最安の発送方法で、埼玉から大阪に送るまでいくらかかるんでしょうか？,0,0
863,2026/2/1 19:33,恋愛相談、人間関係の悩み,be0dc30fa,6時間16分,0,4,4.0,0,0,0.011,0.0,0.0,0.01,あと3日,https://detail.chiebukuro.yahoo.co.jp/qa/question_detail/q13324906998,高校生で昨日他校の気になってる女子と電話したんですけど今日話し始めるとき、昨日は電話ありがとうって言われたら気持ち悪いですか？女子の方教えてください,0,0
864,2026/2/1 19:33,小説,kdg********,6時間16分,1,18,18.0,0,0,0.048,5.56,0.01,0.18,あと3日,https://detail.chiebukuro.yahoo.co.jp/qa/question_detail/q14324906999,どんでん返し系のおすすめ小説教えてください。 今まで読んだのは、 十角館の殺人、葉桜の季節に君を想うということ、イニシエーションラブ です。 よろしくお願いいたします。,0,0
865,2026/2/1 19:33,メンズ全般,1053303532,6時間16分,0,16,16.0,0,0,0.042,0.0,0.0,0.04,あと3日,https://detail.chiebukuro.yahoo.co.jp/qa/question_detail/q12324906997,防縮加工されたリジッドデニムジャケットを買いました。防縮加工されてるものは縮みが少ないそうなので、ファーストウォッシュせずに数ヶ月きてから洗濯しても、あたりの位置はあまりずれないのでしょうか。,0,0
866,2026/2/1 19:33,大学受験,サラミと長針,6時間16分,0,7,7.0,0,0,0.019,0.0,0.0,0.02,あと3日,https://detail.chiebukuro.yahoo.co.jp/qa/question_detail/q11324906996,東京都立大学の数学に似ている傾向の大学教えてほしいです,0,0
867,2026/2/1 19:33,恋愛相談、人間関係の悩み,a2ce880d0,6時間16分,0,3,3.0,0,0,0.008,0.0,0.0,0.01,あと3日,https://detail.chiebukuro.yahoo.co.jp/qa/question_detail/q10324906995,ジモティーについてです。 最近友達作りのためにジモティーを使うことが多いのですが、既読だけして返事しない人が多いです。ジモティーは変な人が多いのでしょうか？,0,0
868,2026/2/1 19:33,福祉、介護,xz********,6時間17分,1,4,4.0,0,0,0.011,25.0,0.0,0.14,あと3日,https://detail.chiebukuro.yahoo.co.jp/qa/question_detail/q14324906994,利用者さんが多い福祉事業所は経営は楽なのでしょうか？,0,0
869,2026/2/1 19:33,大学受験,313系0番台,6時間17分,2,42,21.0,0,0,0.111,4.76,0.02,0.38,あと3日,https://detail.chiebukuro.yahoo.co.jp/qa/question_detail/q13324906993,2026年共通テスト数学ⅠAⅡBC180点=9割以上取った人にはチャート数学やらず数学基礎問題精講を使った人いますか？,0,0
870,2026/2/1 19:33,恋愛相談、人間関係の悩み,1251779606,6時間17分,0,20,20.0,0,0,0.053,0.0,0.0,0.05,あと3日,https://detail.chiebukuro.yahoo.co.jp/qa/question_detail/q12324906992,先日、私の誕生日に元彼から、お誕生日おめでとう、素敵な一年になりますように、とメッセージと共にLINEギフトが来ました。 ３年半遠距離で付き合った彼氏で、年末に円満に別れました。 復縁の可能性は少しは...,0,0
871,2026/2/1 19:33,バイク,cpr********,6時間17分,1,16,16.0,0,3,0.042,6.25,0.01,0.41,あと3日,https://detail.chiebukuro.yahoo.co.jp/qa/question_detail/q11324906991,ビッグスクーターのフォルツァmf10 に乗っているのですが、エンジンがかかりません。 セルは回っています。 車からのジャンプではかかりますが、再始動はできません。 最近バッテリー変えました。 原因わか...,0,0
872,2026/2/1 19:33,絵画,horizon,6時間17分,3,31,10.3,0,3,0.082,9.68,0.01,0.72,あと3日,https://detail.chiebukuro.yahoo.co.jp/qa/question_detail/q14324906989,絵を描く時にモチーフにキュロちゃんを選ばないことが多いのはなぜでしょうか？,0,0
873,2026/2/1 19:33,生理,m1n********,6時間17分,0,7,7.0,0,0,0.019,0.0,0.0,0.02,あと3日,https://detail.chiebukuro.yahoo.co.jp/qa/question_detail/q10324906990,生理5日なのですが日中はほぼ経血が出ず朝と夜だけトイレットペーパーにべっとり付くほどの鮮血がでます。 今まで5日目はほぼ出血もなく6日間で生理が終わるというのが常でしたがこれは生理が長引いたりするパタ...,0,0
874,2026/2/1 19:33,菓子、スイーツ,1053052600,6時間17分,0,39,39.0,0,0,0.103,0.0,0.0,0.1,あと3日,https://detail.chiebukuro.yahoo.co.jp/qa/question_detail/q13324906988,最近、Xでよく見るんですが、駄菓子のビックカツ？を持ってたら良席似てるんですかね？それが流れてくるんですけど、どこからそんな話が出てきたんですか？,0,0
875,2026/2/1 19:33,資格,にょーん,6時間17分,1,79,79.0,0,0,0.209,1.27,0.16,0.34,あと3日,https://detail.chiebukuro.yahoo.co.jp/qa/question_detail/q12324906987,2026年2月1日に全商マーケティング検定を受けました。解いた答えがわかる方できる限りでいいので教えて欲しいです！,0,0
876,2026/2/1 19:33,携帯型ゲーム全般,1252156754,6時間17分,0,2,2.0,0,0,0.005,0.0,0.0,0.01,あと3日,https://detail.chiebukuro.yahoo.co.jp/qa/question_detail/q11324906986,スカーク2凸餅R1で使っているのですが餅の精錬を2にすると大体火力ってどれくらい伸びますか？ また、エスコフィエ無凸餅なしで使っているのですが、餅にすることで大体パーティの全体火力ってどれくらい上がり...,0,0
877,2026/2/1 19:32,政治、社会問題,blo********,6時間18分,3,58,19.3,4,4,0.153,5.17,0.03,1.92,あと3日,https://detail.chiebukuro.yahoo.co.jp/qa/question_detail/q10324906985,高市早苗さんよく小学校や中学校で、わざと包帯巻いて、回りに心配して貰えるようにする子供居ましたよね(藁) かまってちゃんですか？,0,0
878,2026/2/1 19:32,就職活動,1150631768,6時間18分,4,31,7.8,0,0,0.082,12.9,0.01,0.61,あと3日,https://detail.chiebukuro.yahoo.co.jp/qa/question_detail/q14324906984,就活のガクチカについて質問です。27卒の就活中の大学生です。 ガクチカはチームで活動した経験じゃないといけないのでしょうか？ 私はガクチカとして話せるようなチームでの活動のエピソードがほとんどなく、面...,0,0
879,2026/2/1 19:32,ピアス,1252742882,6時間18分,0,6,6.0,0,0,0.016,0.0,0.0,0.02,あと3日,https://detail.chiebukuro.yahoo.co.jp/qa/question_detail/q12324906982,このハートのピアスどこのですか？,0,0
880,2026/2/1 19:32,就職、転職,非公開,6時間18分,1,17,17.0,0,2,0.045,5.88,0.01,0.33,あと3日,https://detail.chiebukuro.yahoo.co.jp/qa/question_detail/q10324906980,45歳男です 未経験で警備会社の正社員に応募できるでしょうか？ 未経験のうえにかなり長期のブランクがあります できれば施設警備の仕事がしたいです 施設警備だと夜勤の仕事が多いでしょうか？ 仕事内容につ...,0,0
881,2026/2/1 19:32,政治、社会問題,big********,6時間18分,2,22,11.0,0,0,0.058,9.09,0.01,0.32,あと3日,https://detail.chiebukuro.yahoo.co.jp/qa/question_detail/q11324906981,今から産まれてくる子供、特に男の子は徴兵されそうな気がしませんか？ 著しい少子化なのでもう無理な気がします。,0,0
882,2026/2/1 19:32,芸能人,1150042949,6時間18分,0,22,22.0,0,0,0.058,0.0,0.0,0.06,あと3日,https://detail.chiebukuro.yahoo.co.jp/qa/question_detail/q13324906983,この方のお名前ご存知の方、お教え頂きたいです,0,0
883,2026/2/1 19:32,シニアライフ、シルバーライフ,バリィ＆あかべこ,6時間18分,3,15,5.0,0,0,0.04,20.0,0.0,0.43,あと3日,https://detail.chiebukuro.yahoo.co.jp/qa/question_detail/q14324906979,^( 'Θ' )^ 友達コッコの従姉妹ぽぽ香が、甘味屋でアルバイトをしていて、忙しい日に「忙しいけん。やってられないけん。お客来るなけん」とブツブツ怒ってました。 丁度閉店の支度をしていたらお客が来て...,0,0
884,2026/2/1 19:32,ドラマ,少年の夢,6時間19分,3,25,8.3,0,5,0.066,12.0,0.01,0.86,あと3日,https://detail.chiebukuro.yahoo.co.jp/qa/question_detail/q13324906978,特捜最前線で印象的な話ありますか？ いま1話みてますが、第１話の題名が 愛の十字架なんですね 個人的に紅林だと思うんですが 田舎から上京した少女の話です,0,0
885,2026/2/1 19:32,英語,ほたて,6時間19分,0,4,4.0,0,0,0.011,0.0,0.0,0.01,あと3日,https://detail.chiebukuro.yahoo.co.jp/qa/question_detail/q12324906977,英検２級の受かり方教えてください！！！！！ 一次と二次でやった方がいいこと知りたいです！！ 今は英単語やっててもちたんっていうアプリ使ってるんですけど、何かいいアプリあったら教えてください！お願いしま...,0,0
886,2026/2/1 19:32,大学受験,1152710802,6時間19分,3,31,10.3,0,0,0.082,9.68,0.01,0.48,あと3日,https://detail.chiebukuro.yahoo.co.jp/qa/question_detail/q11324906976,愚痴です。同志社の理系数学（全学部）難しくないですか？神戸第一志望かつ数弱なので余計に難しく感じます。 合格者平均見てると5〜6割ぐらいになってるのですが、神戸と配点が違って大問の最初の方の問題に得点...,0,0
887,2026/2/1 19:32,家族関係の悩み,zws********,6時間19分,2,49,24.5,0,0,0.129,4.08,0.03,0.39,あと3日,https://detail.chiebukuro.yahoo.co.jp/qa/question_detail/q10324906975,高校三年生です。 お母さん(シンママ・うつ病・無職・生活保護受給者)とお母さんの彼氏(35？さい・ヤニパチカス・一応仕事ありだけどほとんど働いてません・生活保護受給者・3回ほど浮気済み)と3人で暮らし...,0,0
888,2026/2/1 19:32,メイク、コスメ,rkw********,6時間19分,2,14,7.0,0,0,0.037,14.29,0.0,0.3,あと3日,https://detail.chiebukuro.yahoo.co.jp/qa/question_detail/q14324906974,ナチュラルで仕上がりがツヤっぽくなるおすすめのクッションファンデありましたら教えてください...！ カバー力あるやつは厚塗りっぽくなってしまうので、カバー力は普通ぐらいのやつだとありがたいです...！,0,0
889,2026/2/1 19:32,男性アイドル,1152607311,6時間19分,0,7,7.0,1,0,0.018,0.0,0.0,0.28,あと3日,https://detail.chiebukuro.yahoo.co.jp/qa/question_detail/q13324906973,ジャニオタのみなさんに質問です 東京ドームでのLIVEで12倍の防振双眼鏡だと物足りないでしょうか？,0,0
890,2026/2/1 19:32,恋愛相談,a88973703,6時間19分,2,34,17.0,0,1,0.09,5.88,0.02,0.43,あと3日,https://detail.chiebukuro.yahoo.co.jp/qa/question_detail/q12324906972,恋愛 身長150cmの男性はそれだけでゲームオーバーですか？,0,0
891,2026/2/1 19:32,パソコン,1249786137,6時間19分,3,16,5.3,0,0,0.042,18.75,0.0,0.44,あと3日,https://detail.chiebukuro.yahoo.co.jp/qa/question_detail/q10324906970,絵を描く時のパソコンを教えてほしいです。 パソコンの類は調べても本当にわからず、有識者に教えていただきたいです。 芸大に通う予定で、家で絵を描きたいのでデスクトップ、本体、液タブor板タブを買いたいと...,0,0
892,2026/2/1 19:32,政治、社会問題,nan********,6時間19分,1,9,9.0,0,0,0.024,11.11,0.0,0.16,あと3日,https://detail.chiebukuro.yahoo.co.jp/qa/question_detail/q14324906969,日本はバブルが弾けても、景気はそれほど深刻ではなかったが、奇しくも自社さ連立政権時代に橋本龍太郎が狂気のごとく強行した緊縮財政により、バブル崩壊から回復軌道に乗っていた景気が一気に悪化し、 デフレ経済...,0,0
894,2026/2/1 19:32,飛行機、空港,momo,6時間19分,3,56,18.7,0,0,0.147,5.36,0.03,0.54,不明,https://detail.chiebukuro.yahoo.co.jp/qa/question_detail/q11324906966,ANAの払い戻しについて質問です。 明日、JRの一部運休によりANAで予約した新千歳発の飛行機に搭乗できない可能性があります。 その場合、遅延証明書や運休証明書を取得後カウンターにて払い戻し可能とHP...,0,0
895,2026/2/1 19:32,宗教,あちょ,6時間19分,3,27,9.0,0,0,0.071,11.11,0.01,0.46,あと3日,https://detail.chiebukuro.yahoo.co.jp/qa/question_detail/q10324906965,原神についての質問です。 刻晴の場合、激化と月感電だとどちらの方が強いですか？,0,0
896,2026/2/1 19:32,読書,James1950s,6時間19分,0,2,2.0,0,0,0.005,0.0,0.0,0.01,あと3日,https://detail.chiebukuro.yahoo.co.jp/qa/question_detail/q14324906964,みやにし たつや 『モグラのモーとグーとラーコ』この書籍はおすすめでしょうか?,0,0
898,2026/2/1 19:32,コミック,kur********,6時間19分,1,7,7.0,0,0,0.018,14.29,0.0,0.15,あと3日,https://detail.chiebukuro.yahoo.co.jp/qa/question_detail/q12324906962,ナルト ナルトがシカマルやネジとサスケ奪還に行ってた時、自来也は何をしてましたか？,0,0
899,2026/2/1 19:32,パチンコ,1150499853,6時間19分,0,14,14.0,0,0,0.037,0.0,0.0,0.04,あと3日,https://detail.chiebukuro.yahoo.co.jp/qa/question_detail/q11324906961,とあるパチンコ店のツイートですが何かの示唆でしょうか？,0,0
900,2026/2/1 19:32,芸能人,ID 非公開,6時間20分,1,15,15.0,0,0,0.039,6.67,0.01,0.17,あと3日,https://detail.chiebukuro.yahoo.co.jp/qa/question_detail/q10324906960,美人ですか？,0,0
901,2026/2/1 19:32,ゲーム,b389bab38,6時間20分,3,35,11.7,0,0,0.092,8.57,0.01,0.49,あと3日,https://detail.chiebukuro.yahoo.co.jp/qa/question_detail/q14324906959,トモコレの新作の発売日が決まりましたが、あれはSwitchソフトとSwitch2ソフトというように別々のバージョンで出るのでしょうか？やはり、Switchソフトとして出るのでしょうか？,0,0
902,2026/2/1 19:32,大学受験,c6e013062,6時間20分,0,90,90.0,0,0,0.237,0.0,0.0,0.24,あと3日,https://detail.chiebukuro.yahoo.co.jp/qa/question_detail/q13324906958,今日日本大学N方式受けてきました。 英語化学6割数学4割でした。 生産工学部の建築に受かる見込みは低いですか,0,0
903,2026/2/1 19:32,メルカリ,a6b75b199,6時間20分,0,10,10.0,0,0,0.026,0.0,0.0,0.03,あと3日,https://detail.chiebukuro.yahoo.co.jp/qa/question_detail/q12324906957,メルカリにて 取引終了ならないメルカリ事務所の方で自動キャンセルなった人居ますか? どんな感じでなりました?,0,0
904,2026/2/1 19:32,資格,abb2f93e1,6時間20分,1,153,153.0,1,1,0.402,0.65,0.62,0.87,あと3日,https://detail.chiebukuro.yahoo.co.jp/qa/question_detail/q11324906956,2026/2/1の全商商業経済検定、マーケティング、商品開発と流通の解答が知りたいです！何を書きました？？覚えてるだけでも！,0,0
905,2026/2/1 19:32,国内,非公開,6時間20分,0,18,18.0,1,0,0.047,0.0,0.0,0.31,あと3日,https://detail.chiebukuro.yahoo.co.jp/qa/question_detail/q10324906955,新潟市について（西・中央・東区あたり限定） 1/23から雪が積もり、1週間消えずに残って、また積もってきていますが、こんなものですか？？ 新潟市は雪が降らないんじゃないんですか？,0,0
906,2026/2/1 19:32,アニメ、コミック,1153213476,6時間20分,3,12,4.0,0,0,0.032,25.0,0.0,0.42,あと3日,https://detail.chiebukuro.yahoo.co.jp/qa/question_detail/q13324906953,落第忍者乱太郎、忍たま乱太郎について質問です。 原作未読です。滝夜叉丸の原作とアニメの性格の違いを教えてください。どのくらい違うですか？？,0,0
907,2026/2/1 19:32,恋愛相談、人間関係の悩み,Z,6時間20分,4,42,10.5,0,2,0.11,9.52,0.01,0.79,あと3日,https://detail.chiebukuro.yahoo.co.jp/qa/question_detail/q14324906954,高一です。ラブホテル清掃員の求人に、年齢不問と書いてあったのですがさすがに高一だと落とされますか？ どうしても働きたいんですけど年齢詐称したらバレますか？皆さんよろしくお願いします,0,0
908,2026/2/1 19:32,結婚,oyt********,6時間20分,3,41,13.7,0,0,0.108,7.32,0.01,0.5,あと3日,https://detail.chiebukuro.yahoo.co.jp/qa/question_detail/q11324906951,結婚式や披露宴に呼ぶお友達って何人くらいが一般的ですか？ 彼氏と結婚の話をするようになりましたが、彼はお友達や知り合いが沢山いて呼びたいようです。 私は呼べる友達が全くいなくて、本当に恥ずかしいです。...,0,0
909,2026/2/1 19:32,iPhone,かず,6時間20分,2,23,11.5,0,0,0.06,8.7,0.01,0.32,あと3日,https://detail.chiebukuro.yahoo.co.jp/qa/question_detail/q10324906950,iPhoneに関する質問です。 現在iPhone15のiOS26です。 LINEなどのアプリで写真や連絡先をアクセス許可したいのですが、設定▶︎アプリ▷▶︎LINEを開いてもカメラや連絡先の許可が出ず...,0,0
910,2026/2/1 19:32,家族関係の悩み,b5ea588c7,6時間20分,1,16,16.0,0,1,0.042,6.25,0.01,0.25,あと3日,https://detail.chiebukuro.yahoo.co.jp/qa/question_detail/q14324906949,義父が施設に入り亡くなる前から義母が感情のコントロールできない状態です。スーパーで急に怒り出したり、家のチェーンをかけて居留守使ったり。電話にも出てくれない。 私は嫁ですが認知機能や介護認定をうけてほ...,0,0
911,2026/2/1 19:32,恋愛相談、人間関係の悩み,dat********,6時間20分,2,24,12.0,0,0,0.063,8.33,0.01,0.32,あと3日,https://detail.chiebukuro.yahoo.co.jp/qa/question_detail/q13324906948,男性に質問です 電車の中でおならをしたことはありますか？,0,0
912,2026/2/1 19:31,スキー,匿名,6時間21分,3,33,11.0,0,1,0.086,9.09,0.01,0.56,あと3日,https://detail.chiebukuro.yahoo.co.jp/qa/question_detail/q12324906947,スキーでコブを滑るのに効果的なフォームは、背筋を伸ばして尻を思い切り突き出す と聞きましたが本当ですか？,0,0
913,2026/2/1 19:31,家族関係の悩み,kur********,6時間21分,1,17,17.0,0,0,0.045,5.88,0.01,0.18,あと3日,https://detail.chiebukuro.yahoo.co.jp/qa/question_detail/q10324906945,小さい頃、超美形は、大人になると超美形のまま？ それとも、なぜかブスに？ 周りのお子さんはどうですか？,0,0
914,2026/2/1 19:31,Yahoo!知恵袋,*********,6時間21分,0,11,11.0,0,0,0.029,0.0,0.0,0.03,あと3日,https://detail.chiebukuro.yahoo.co.jp/qa/question_detail/q13324906943,具体的な解決策を求めている質問に対して、「私の時はもっと大変でした」「そんなの甘えです」といった、何の役にも立たない精神論や昔語りを始める回答者が多すぎて驚きます。 質問者はあなたの人生の観客ではあり...,0,0
915,2026/2/1 19:31,レディースバッグ、財布、小物類,1251863663,6時間21分,1,21,21.0,0,0,0.055,4.76,0.01,0.19,あと3日,https://detail.chiebukuro.yahoo.co.jp/qa/question_detail/q14324906944,至急です！ このシャネルは偽物ですよね？,0,0
916,2026/2/1 19:31,デンタルケア,sar********,6時間22分,1,81,81.0,0,0,0.212,1.23,0.17,0.34,不明,https://detail.chiebukuro.yahoo.co.jp/qa/question_detail/q12324906942,歯をセラミックにするの良くないって目にしますが、前歯一本だけ差し歯なんですが何にしたら良いんですか？歯並びは大丈夫です。,0,0
917,2026/2/1 19:31,病気、症状,cb67e3564,6時間22分,2,13,6.5,0,0,0.034,15.38,0.0,0.29,あと3日,https://detail.chiebukuro.yahoo.co.jp/qa/question_detail/q11324906941,手の指の皮がパリパリで、痛いです。なぜでしょうか 左手はなっておらず、右手の指先のみです,0,0
918,2026/2/1 19:31,大学受験,理論家,6時間22分,2,178,89.0,0,6,0.466,1.12,0.42,1.2,不明,https://detail.chiebukuro.yahoo.co.jp/qa/question_detail/q10324906940,関西学院大学の入試についてです 本日入学試験があり、物理の試験を受けました。 とある問題で『解答用紙にある(計算)欄は誤答の場合のみ参照する』と書いてあり、解答用紙には(解答)と(計算過程)を書く欄の...,0,0
919,2026/2/1 19:31,大学受験,横浜,6時間22分,7,109,15.6,0,1,0.285,6.42,0.04,1.28,あと3日,https://detail.chiebukuro.yahoo.co.jp/qa/question_detail/q14324906939,偏差値低めの高校で難関大学の進学実績がないのは なぜですか？？ 煽ってるとかではなくて 私も偏差値低めの高校に入学するんですが 勉強しなかったことを後悔して大学こそは 頑張りたいって思ってるんですけど...,0,0
920,2026/2/1 19:31,企業と経営,b57a5c313,6時間22分,0,1,1.0,0,0,0.003,0.0,0.0,0.0,あと3日,https://detail.chiebukuro.yahoo.co.jp/qa/question_detail/q13324906938,食品工場と生コン工場はどちらが利益がある？,0,0
921,2026/2/1 19:31,読書,James1950s,6時間22分,0,2,2.0,0,0,0.005,0.0,0.0,0.01,あと3日,https://detail.chiebukuro.yahoo.co.jp/qa/question_detail/q12324906937,宮西 達也 『おまえうまそうだな さよならウマソウ (ティラノサウルスシリーズ 16)』この書籍はおすすめでしょうか?,0,0
922,2026/2/1 19:31,アニメ,ぱいなつぷる,6時間22分,7,50,7.1,0,1,0.131,14.0,0.01,1.12,あと3日,https://detail.chiebukuro.yahoo.co.jp/qa/question_detail/q11324906936,ガンダム見る順番を教えてください！ イザークジュールが結構どストライクなのでいきなりSEEDから見たいんですけど大丈夫ですか？ そっちを見る前に見ておいた方がいいものがあれば教えてくださると助かります,0,0
923,2026/2/1 19:31,バイク,yut********,6時間22分,2,11,5.5,0,0,0.029,18.18,0.0,0.29,あと3日,https://detail.chiebukuro.yahoo.co.jp/qa/question_detail/q10324906935,リーファン125ccの耐久性について 実際どれくらいの耐久性なのでしょうか？ 載せ替えたって記事はたまに目にしますが〇〇が壊れたってのはあまり目にしません。 実際の所どうなのでしょうか？ 故障=自走不...,0,0
924,2026/2/1 19:31,病気、症状,a8c8a7d4d,6時間22分,2,18,9.0,0,0,0.047,11.11,0.0,0.31,あと3日,https://detail.chiebukuro.yahoo.co.jp/qa/question_detail/q14324906934,ご飯が喉につっかえる感じがあるんですけど、あれって何ですか？ 物理的に喉に詰まるんじゃなくて、喉まで行ってくれない感じの 飲み込むことに集中すればするほど飲み込みずらくなって焦ります。水と一緒にだった...,0,0
925,2026/2/1 19:31,絵画,hoj********,6時間22分,1,17,17.0,0,0,0.044,5.88,0.01,0.17,あと3日,https://detail.chiebukuro.yahoo.co.jp/qa/question_detail/q12324906932,小学生の写生はタブレットで撮った写真を見ながら描き写すみたいですが これは初心者がいきなり目で見たのを描くのは難しいのと 雨とか炎天下とか天候に左右されない 学校敷地内でも先生の目が届かないとか子供に...,0,0
926,2026/2/1 19:31,高校受験,c632d93db,6時間22分,0,8,8.0,0,0,0.021,0.0,0.0,0.02,あと3日,https://detail.chiebukuro.yahoo.co.jp/qa/question_detail/q13324906933,都立神代高校の倍率は上がると思いますか？去年は1.95で現時点だと1.59です。,0,0
927,2026/2/1 19:31,大学受験,a5b5f4dae,6時間22分,2,245,122.5,0,5,0.64,0.82,0.78,1.29,あと3日,https://detail.chiebukuro.yahoo.co.jp/qa/question_detail/q11324906931,東北学院大学一般入試についてです。 武田塾のやつで解答ってどうやって見るのですか。 パスワードとか分からなくて見方とかパスワードとか諸々教えて欲しいです。,0,0
929,2026/2/1 19:31,気象、天気,hay********,6時間22分,3,27,9.0,1,1,0.071,11.11,0.01,0.8,あと3日,https://detail.chiebukuro.yahoo.co.jp/qa/question_detail/q13324906928,高校野球の西高東低と冬型の気圧配置の西高東低は、どちらが先に使われた言葉でしょうか？,0,0
930,2026/2/1 19:31,言葉、語学,1150979041,6時間22分,1,26,26.0,0,1,0.068,3.85,0.02,0.28,あと3日,https://detail.chiebukuro.yahoo.co.jp/qa/question_detail/q14324906929,至急お願いします‼️‼️‼️ A〜Jの（ ）内の語を適切に活用させてください。本当にお願いします。 見えにくくてすみません。,0,0
931,2026/2/1 19:31,大学受験,qodkqwfjxk,6時間23分,1,10,10.0,0,0,0.026,10.0,0.0,0.16,あと3日,https://detail.chiebukuro.yahoo.co.jp/qa/question_detail/q12324906927,高２です。理系地学専門今からでも間に合いますか？ 生物化学選択なのですが、最近生物が全く面白くなく…興味が無い→愛が持てない→やる気も出ないただの暗記教科みたいに思えてしまいます。ここから地学化学選択...,0,0
932,2026/2/1 19:31,生理,m*******,6時間23分,2,14,7.0,0,0,0.037,14.29,0.0,0.3,あと3日,https://detail.chiebukuro.yahoo.co.jp/qa/question_detail/q11324906926,ジエノゲストを飲んで一ヶ月くらいになりますが 先週から不正出血が始まりました。少し下腹も痛い時もあります。 量は少しですが同じように不正出血した方、どれくらいで終わりましたか？ 何ヶ月も続いたりしまし...,0,0
933,2026/2/1 19:31,法律相談,匿名,6時間23分,1,25,25.0,0,0,0.065,4.0,0.02,0.2,あと3日,https://detail.chiebukuro.yahoo.co.jp/qa/question_detail/q10324906925,生活保護での家財保険の使い道で悩んでます。疲れ果ててぐちゃぐちゃな文で愚痴に等しいところもありますがお知恵をください。 火災被害に会い破損した家具分の補償金がでました。ケースワーカーから全ての使い道を...,0,0
934,2026/2/1 19:31,K-POP、アジア,c5dc49ba4,6時間23分,0,10,10.0,0,0,0.026,0.0,0.0,0.03,あと3日,https://detail.chiebukuro.yahoo.co.jp/qa/question_detail/q13324906923,KQエンターテイメントの常設オーディションを受けました。 1次書類審査の四角線の中に記載されている通りに応募書、本人正面、側面、全身写真を送ったのですが、ほかの知恵袋の質問で動画も送るというような内容...,0,0
935,2026/2/1 19:31,生き方、人生相談,a1a2f3ec7,6時間23分,3,13,4.3,0,2,0.034,23.08,0.0,0.58,あと3日,https://detail.chiebukuro.yahoo.co.jp/qa/question_detail/q14324906924,他人に話しかけられやすい。 私は昔から知らない人に話しかけられることが多いです。特に高齢の方や子供から話しかけられます。カフェやお祭り、普通の街や駅など様々な場所で話しかけられてきました。内容は世間話...,0,0
936,2026/2/1 19:31,Amazon,1153311606,6時間23分,0,1,1.0,0,0,0.003,0.0,0.0,0.0,あと3日,https://detail.chiebukuro.yahoo.co.jp/qa/question_detail/q12324906922,Amazonプライムビデオでダンガンロンパ見れるようになると思いますか？,0,0
937,2026/2/1 19:31,エアコン、空調家電,1251731450,6時間23分,3,9,3.0,0,0,0.023,33.33,0.0,0.41,あと3日,https://detail.chiebukuro.yahoo.co.jp/qa/question_detail/q11324906921,エアコンについて 引っ越し先が3DK そのうち2部屋エアコンがなく、 その2部屋は 状況的にエアコンが付けられません。 その内の1部屋は 収納部屋で使うので エアコンはいらないけど もう1部屋は窓枠エ...,0,0
938,2026/2/1 19:31,コスメ、美容,cd5458660,6時間23分,1,3,3.0,0,0,0.008,33.33,0.0,0.14,あと3日,https://detail.chiebukuro.yahoo.co.jp/qa/question_detail/q10324906920,先ほど、アンドヘルシーバインドロック100束のメニューで予約したのですが、付けて3週間くらいでオフしなければいけません。 オフまでの持ちは良くあってほしいのと、濃さも出したいのでバインドロックにしまし...,0,0
939,2026/2/1 19:31,テーマパーク,1251559022,6時間23分,1,10,10.0,0,0,0.026,10.0,0.0,0.16,あと3日,https://detail.chiebukuro.yahoo.co.jp/qa/question_detail/q13324906918,よみうりランドのevグランプリに乗る際、ベレー帽付けたまま乗ることはできますか？？,0,0
940,2026/2/1 19:31,携帯型ゲーム全般,aa8a36edb,6時間23分,1,13,13.0,0,0,0.034,7.69,0.0,0.16,あと3日,https://detail.chiebukuro.yahoo.co.jp/qa/question_detail/q14324906919,ぷにぷにについてです！今おかえり来てますが、久しぶりの方が1人しか出来てなくて、次のUZコインが取れてないです！初めての方はひとりで全部とれますが、久しぶりの方はひとりでとる方法などは無いでしょうか？,0,0
941,2026/2/1 19:31,芸能人,1251485180,6時間23分,0,2,2.0,0,0,0.005,0.0,0.0,0.01,あと3日,https://detail.chiebukuro.yahoo.co.jp/qa/question_detail/q11324906916,多額の借金があると思う芸能人いますか？,0,0
943,2026/2/1 19:31,ゲーム,mpmgxgm,6時間23分,0,4,4.0,0,0,0.01,0.0,0.0,0.01,あと3日,https://detail.chiebukuro.yahoo.co.jp/qa/question_detail/q12324906917,スマメイトについての質問です！ Switch本体設定のオンライン状況非表示、プレイ時間履歴等非表示にしてスマメイトするとなにか影響ありますか？ その設定にしてからマッチングしても入室エラーで部屋に自分...,0,0
944,2026/2/1 19:31,恋愛相談、人間関係の悩み,a,6時間23分,1,6,6.0,0,1,0.016,16.67,0.0,0.22,あと3日,https://detail.chiebukuro.yahoo.co.jp/qa/question_detail/q14324906914,家族に対して鬱陶しいと感じるから家を出たがる人が増え、上京したいと思う人が増えていると思いますか？,0,0
945,2026/2/1 19:31,シニアライフ、シルバーライフ,ssri1964,6時間23分,10,55,5.5,0,12,0.143,18.18,0.01,2.38,あと3日,https://detail.chiebukuro.yahoo.co.jp/qa/question_detail/q13324906913,今度の選挙で与党が勝てば、高齢者の年金は多少は上がりますか？,0,0
946,2026/2/1 19:31,ドラマ,gom********,6時間23分,2,28,14.0,0,5,0.073,7.14,0.01,0.72,不明,https://detail.chiebukuro.yahoo.co.jp/qa/question_detail/q12324906912,ドラマ 古畑任三郎は リメイクされませんか？,0,0
947,2026/2/1 19:31,テーマパーク,rqx********,6時間24分,3,18,6.0,0,3,0.047,16.67,0.0,0.67,あと3日,https://detail.chiebukuro.yahoo.co.jp/qa/question_detail/q10324906910,ユニバのスペファンについて質問です。 私は絶叫が大の苦手で、ディズニーのビックサンダーで結構ギリなのですが、スペファンのZeddコラボはどうしても乗りたくて…ネットでは酔いやすいや浮遊感があるなどの意...,0,0
948,2026/2/1 19:31,恋愛相談、人間関係の悩み,bfd40f6db,6時間24分,0,11,11.0,0,0,0.029,0.0,0.0,0.03,あと3日,https://detail.chiebukuro.yahoo.co.jp/qa/question_detail/q11324906911,数年前にTikTokにいたカップルを探しています。名前ははっきりとは覚えてませんがおもちカップル？ みたいな感じだった気がします。私が覚えている動画は、エスカレーターの下りにカップルが乗っていて、彼氏...,0,0
949,2026/2/1 19:31,洗濯、クリーニング,c87b83f52,6時間24分,1,16,16.0,0,0,0.042,6.25,0.01,0.17,あと3日,https://detail.chiebukuro.yahoo.co.jp/qa/question_detail/q14324906909,このズボンの汚れはどうやったら取れますか？,0,0
950,2026/2/1 19:31,アルバイト、フリーター,あめりか,6時間24分,1,18,18.0,0,0,0.047,5.56,0.01,0.18,不明,https://detail.chiebukuro.yahoo.co.jp/qa/question_detail/q13324906908,ピザーラのデリバリーバイトをしている方に質問です。 1、ピザの平均配達時間はどれくらいですか？ 2、配達以外の仕事は店舗で何かするんですか？ 3、普通に居酒屋で働くのとどっちが楽ですか？,0,0
951,2026/2/1 19:30,数学,みせすぱんぱーにっける,6時間25分,1,20,20.0,0,2,0.052,5.0,0.01,0.34,あと3日,https://detail.chiebukuro.yahoo.co.jp/qa/question_detail/q12324906907,至急です、明日テストなのですが間違えた問題を直していたところ分からないところがあり教えていただきたいです。 ③なのですが、書式だけだと三角一点でした。 書式〇〇の〇〇にはいる言葉を教えていただきたいで...,0,0
952,2026/2/1 19:30,中学校,つゆだく,6時間25分,5,69,13.8,0,0,0.179,7.25,0.02,0.83,あと3日,https://detail.chiebukuro.yahoo.co.jp/qa/question_detail/q10324906905,最近の中学生はタイマンのやり方や喧嘩のやり方知らないんですか？ 僕らの時代は全身鎖かたびら着込んでメリケンと釘バットは必須でしたが。,0,0
953,2026/2/1 19:30,化学,1251341403,6時間25分,1,24,24.0,0,0,0.062,4.17,0.01,0.19,あと3日,https://detail.chiebukuro.yahoo.co.jp/qa/question_detail/q11324906906,こういう計算問題は正直にやると計算がやばい事になるので計算途中で有効数字4桁目を切り捨てたりしてやったんですが、四捨五入すると1.4×10の3乗となってしまいました。どうやるのが正解なんですか,0,0
954,2026/2/1 19:30,パソコン,ポケカ初心者,6時間25分,5,60,12.0,0,0,0.156,8.33,0.02,0.8,あと3日,https://detail.chiebukuro.yahoo.co.jp/qa/question_detail/q13324906903,ゲーミングパソコンについてです。 以下のリンクからpcを買おうと思うのですが、 このpcでホヨバ系ゲーム、APEX、Valorant、 robloxなどは快適にできますでしょうか？ モニターやキーボー...,0,0
955,2026/2/1 19:30,小説,James1950s,6時間25分,0,3,3.0,0,0,0.008,0.0,0.0,0.01,あと3日,https://detail.chiebukuro.yahoo.co.jp/qa/question_detail/q14324906904,『水仙月の四日』の原稿は既に行方不明とのことですが、意外と神保町あたりの古本屋にあったりするのでしょうか?,0,0
956,2026/2/1 19:30,コミック,非公開,6時間25分,1,64,64.0,0,0,0.166,1.56,0.11,0.29,不明,https://detail.chiebukuro.yahoo.co.jp/qa/question_detail/q12324906902,呪術廻戦で質問があります。 ①死滅回遊が終わったら次は何編ですか？ ②あとアニメは何話で終わりますか？ ③死滅回遊のアニメが終わったら、一旦停止ですか？ ④死滅回遊のアニメが終わったら続きが気になるの...,0,0
957,2026/2/1 19:30,大学,asokikikik,6時間25分,3,57,19.0,1,1,0.148,5.26,0.03,0.87,あと3日,https://detail.chiebukuro.yahoo.co.jp/qa/question_detail/q11324906901,京都大学法学部に通う1回生です。 単位と試験勉強がやばいです。 前期では誰も落とさないと言われている法学入門、政治学入門、そして家族と法を落としています。 後期で現在テスト期間なのですが、現代社会と弁...,0,0
958,2026/2/1 19:30,友人関係の悩み,うちわ,6時間25分,1,9,9.0,0,0,0.023,11.11,0.0,0.15,あと3日,https://detail.chiebukuro.yahoo.co.jp/qa/question_detail/q10324906900,至急です！あさって(2/3)、私とNちゃんとRちゃんで遊ぶんですけど、Rちゃんは最近まで受験で、私とNちゃんはRちゃんの受験が終わる前から、2/2から2/3でお泊まりしようって言ってたんです。 でも私...,0,0
959,2026/2/1 19:30,Yahoo!知恵袋,*********,6時間25分,0,10,10.0,1,0,0.026,0.0,0.0,0.28,あと3日,https://detail.chiebukuro.yahoo.co.jp/qa/question_detail/q13324906898,質問の主旨とは全く関係ない、単なる「言葉尻の捉え違い」や「漢字の誤変換」に執着して、鬼の首を獲ったように攻撃してくる人がいますよね。 あれ、質問に答えられない自分の無知を隠すための、典型的な「そらし戦...,0,0
960,2026/2/1 19:30,大学受験,1150044696,6時間25分,0,25,25.0,0,0,0.065,0.0,0.0,0.06,あと3日,https://detail.chiebukuro.yahoo.co.jp/qa/question_detail/q11324906896,日本史で青山学院大学全学部入試を受けるものです。今日本史が60%ほどしか取れていなくて、国語80%英語80〜90%ぐらいです。受ける学部的に日本史70パーあれば受かると思うんです。 そのため、最後は日...,0,0
962,2026/2/1 19:30,携帯型ゲーム全般,1150841490,6時間26分,3,37,12.3,0,0,0.096,8.11,0.01,0.48,あと3日,https://detail.chiebukuro.yahoo.co.jp/qa/question_detail/q10324906895,アークナイツエンドフィールドについて リーフォンが出たのでチェンと入れ替えて物理染めの編成をやろうと思っていたのですが、リーフォンの連携技でクラッシュを稼げないのでポグラのSP回収の効率が悪くなりまし...,0,0
963,2026/2/1 19:30,恋愛相談、人間関係の悩み,1252595093,6時間26分,2,33,16.5,0,0,0.085,6.06,0.01,0.34,あと3日,https://detail.chiebukuro.yahoo.co.jp/qa/question_detail/q14324906894,自分の将来が不安で、相談させてください。 31歳で個人事業主のフリーランスネイリストです。 フリーランスなので産休も育休もありません。 それをもちろん承知でフリーになりました。 今は、婚約中の彼氏と同...,0,0
964,2026/2/1 19:30,ライブ、コンサート,a892afaa3,6時間26分,2,22,11.0,0,2,0.057,9.09,0.01,0.47,あと3日,https://detail.chiebukuro.yahoo.co.jp/qa/question_detail/q13324906893,ミセスのゼンジンツアーについて質問です。 まだファンクラブに入会していませんが、 子供と私で行きたいと考えております。 一つの名義でファンクラブに入ろうと思いますが あまりシステムがわかっておらず教え...,0,0
965,2026/2/1 19:30,病気、症状,真食博（またべひろし） [仮名],6時間26分,1,17,17.0,0,0,0.044,5.88,0.01,0.17,あと3日,https://detail.chiebukuro.yahoo.co.jp/qa/question_detail/q12324906892,物忘れがひどく、脳神経外科から認知症でないと診断されて、脳神経内科や心療内科に行って言われるのは「忙しすぎるので脳が疲れている。仕事や趣味を減らしてください。」ですか。,0,0
967,2026/2/1 19:30,ファミリーレストラン,kat********,6時間26分,0,9,9.0,0,0,0.023,0.0,0.0,0.02,あと3日,https://detail.chiebukuro.yahoo.co.jp/qa/question_detail/q11324906891,ガストについて質問です。 最近生ビールの50%OFFのクーポン券掲載されてませんが！理由わかる方いらっしゃいますか？,0,0
968,2026/2/1 19:30,大学受験,1152766824,6時間26分,4,60,15.0,0,0,0.155,6.67,0.02,0.67,あと3日,https://detail.chiebukuro.yahoo.co.jp/qa/question_detail/q14324906889,至急‼️︎︎ ︎︎︎ ︎︎︎ 私立大学入試3日間受ける予定で、今日1日目が終わりました。世界史は予想外の所が出ていつも以上に出来た気がしないし、英語に関しては長文難しいすぎて解けた感触ないです。あと二...,0,0
970,2026/2/1 19:30,自動車,yu,6時間26分,0,3,3.0,0,0,0.008,0.0,0.0,0.01,あと3日,https://detail.chiebukuro.yahoo.co.jp/qa/question_detail/q13324906888,2016年式アクアsスタイルブラックはledヘッドライト標準装備ですか？,0,0
971,2026/2/1 19:30,女性アイドル,aeb32b74b,6時間26分,0,4,4.0,0,0,0.01,0.0,0.0,0.01,あと3日,https://detail.chiebukuro.yahoo.co.jp/qa/question_detail/q10324906885,今最も人気のあるアイドルを男女別で教えてください,0,0
972,2026/2/1 19:30,JavaScript,asu********,6時間26分,0,3,3.0,0,0,0.008,0.0,0.0,0.01,あと3日,https://detail.chiebukuro.yahoo.co.jp/qa/question_detail/q11324906886,Github Copilot Pro の決済日の質問です。 年末に初めての無料プランを申し込み、1/25 まで使っていました。 支払い日をキリよく毎月 1 日にしたいと思い、本日 2/1 に再度申し込...,0,0
973,2026/2/1 19:30,恋愛相談、人間関係の悩み,kam********,6時間26分,3,47,15.7,0,0,0.122,6.38,0.02,0.51,あと3日,https://detail.chiebukuro.yahoo.co.jp/qa/question_detail/q14324906884,彼女って自分に尽くしてくれるのが普通なんですか？ 私は彼女も家まで迎えに行って、 デートコースも考えて、 機嫌損ねられたら困るので余計な事は言わないようにしてます。 最近友人にご飯に誘われてレストラン...,0,0
974,2026/2/1 19:30,海外,Jack********,6時間26分,2,14,7.0,0,0,0.036,14.29,0.0,0.29,あと3日,https://detail.chiebukuro.yahoo.co.jp/qa/question_detail/q12324906882,ニューヨークの物価は東京の何倍ぐらいですか？,0,0
975,2026/2/1 19:30,競馬,めい,6時間26分,0,15,15.0,0,0,0.039,0.0,0.0,0.04,あと3日,https://detail.chiebukuro.yahoo.co.jp/qa/question_detail/q13324906883,ジョッキーの制裁の中に『調整ルーム入室時の注意義務違反』とあ『負担重量の注意義務違反』というのがありますが、これってどんな内容ですか。 罰金３万とかそこそこ重い制裁になってますが。,0,0
976,2026/2/1 19:30,簿記,osa********,6時間26分,2,15,7.5,0,0,0.039,13.33,0.0,0.3,あと3日,https://detail.chiebukuro.yahoo.co.jp/qa/question_detail/q11324906881,簿記でその他有価証券を売買目的有価証券や満期目的有価証券と違い資本の部に分類する理由を教えてください。,0,0
977,2026/2/1 19:30,アニメ、コミック,a7939d149,6時間26分,0,5,5.0,0,0,0.013,0.0,0.0,0.01,あと3日,https://detail.chiebukuro.yahoo.co.jp/qa/question_detail/q10324906880,ジャンフェス2026のアクスタがTOHOアニメーションストアにて販売しており、今日購入しようとしていたのですがサイトを覗いてみたところ時すでに遅く売り切れてしまっていました。 タカラトミー等のアクスタ...,0,0
978,2026/2/1 19:30,外国映画,非公開,6時間26分,1,11,11.0,0,0,0.028,9.09,0.0,0.16,あと3日,https://detail.chiebukuro.yahoo.co.jp/qa/question_detail/q14324906879,ハリーポッターの9と4分の3番線、頭をぶつけないのですか？,0,0
979,2026/2/1 19:30,アニメ,1053337588,6時間27分,2,11,5.5,0,0,0.028,18.18,0.0,0.29,あと3日,https://detail.chiebukuro.yahoo.co.jp/qa/question_detail/q13324906878,Dr.STONEについての質問です 今年アニメが終わることもあり、イベントやコラボをたくさんしていると思うんですけど、 来年にはイベントとか全くやらなくなってると思いますか？,0,0
980,2026/2/1 19:30,就職活動,1152916920,6時間27分,2,6,3.0,0,6,0.015,33.33,0.0,0.74,あと3日,https://detail.chiebukuro.yahoo.co.jp/qa/question_detail/q12324906877,ハローワークに求人は高卒から15年かそれ以上一切アルバイト含め経験なくても十分就職可能でしょうか？,0,0
981,2026/2/1 19:30,スポーツ,kom********,6時間27分,0,11,11.0,0,0,0.028,0.0,0.0,0.03,あと3日,https://detail.chiebukuro.yahoo.co.jp/qa/question_detail/q10324906875,「サッカーなんて野蛮なスポーツは辞めて紳士的なスポーツテニスにしろ」(間違ってたらごめんなさいorz)と息子の桜咲パイセンに対して言った桜咲パイセンの親父の発言には同情しますか？しませんか？ (by:...,0,0
983,2026/2/1 19:30,料理、レシピ,R0827,6時間27分,1,3,3.0,0,0,0.008,33.33,0.0,0.14,あと3日,https://detail.chiebukuro.yahoo.co.jp/qa/question_detail/q11324906876,はい 台湾風豚肉の生姜焼き 1～2人分 作り方 教えてください,0,0
984,2026/2/1 19:30,コンビニ,otd********,6時間27分,2,22,11.0,0,6,0.057,9.09,0.01,0.78,不明,https://detail.chiebukuro.yahoo.co.jp/qa/question_detail/q12324906872,コンビニのまるごといちごをお好きな方はいらっしゃるでしょうか？,0,0
985,2026/2/1 19:30,外国映画,ごみ。,6時間27分,1,46,46.0,0,2,0.119,2.17,0.05,0.4,不明,https://detail.chiebukuro.yahoo.co.jp/qa/question_detail/q13324906873,すみません このワーナーブラザースの動くホラー！ちょい怖スタンプ♪のこのスタンプの元の映画の名前わかる方いらっしゃいませんか！！！ いらっしゃったら映画の名前教えていただきたいです！！！！,0,0
986,2026/2/1 19:30,大学受験,a37ff8115,6時間27分,0,35,35.0,1,0,0.09,0.0,0.0,0.35,あと3日,https://detail.chiebukuro.yahoo.co.jp/qa/question_detail/q11324906871,関学の国語、日本史の解読速報は今日中にでますか？,0,0
987,2026/2/1 19:30,大学受験,イッチ,6時間27分,0,8,8.0,0,0,0.021,0.0,0.0,0.02,あと3日,https://detail.chiebukuro.yahoo.co.jp/qa/question_detail/q10324906870,東京医療学院大学で国語と生物基礎で受験したのですが、6.6割で受かると思いますかね()57人、、？位でした、、、,0,0
988,2026/2/1 19:30,X（旧Twitter）,b6124bcd0,6時間27分,0,3,3.0,0,0,0.008,0.0,0.0,0.01,あと3日,https://detail.chiebukuro.yahoo.co.jp/qa/question_detail/q13324906868,Twitterでリスカの画像などをポストしている人は何故ラベルに引っかからないのですか？,0,0
989,2026/2/1 19:30,生き方、人生相談,1051839637,6時間27分,0,5,5.0,0,0,0.013,0.0,0.0,0.01,あと3日,https://detail.chiebukuro.yahoo.co.jp/qa/question_detail/q12324906867,仕事から帰ってきたらふーっと一息ついちゃいませんか？なんかコーヒーとか飲んだりしたくなりませんか？ そういう「ふーっ」ていうちょっとだらっとした時間がないと私、晩ごはん作る気が起きないんですけど、これ...,0,0
990,2026/2/1 19:30,恋愛相談、人間関係の悩み,1253112566,6時間27分,6,41,6.8,0,0,0.106,14.63,0.01,0.88,あと3日,https://detail.chiebukuro.yahoo.co.jp/qa/question_detail/q11324906866,面白い優しいイケメン168センチかおもん無いイケメン175センチモテるはどっち？,0,0
991,2026/2/1 19:30,スーパーマーケット,おちゃ子,6時間27分,3,14,4.7,0,0,0.036,21.43,0.0,0.42,あと3日,https://detail.chiebukuro.yahoo.co.jp/qa/question_detail/q10324906865,最近オーケーストアにハマってます カツ丼40円高くなったとは言えコスパ最強だと思っています 後はピザを買います パンは若干高いので敬遠します 冷凍食品も通常料金で近所のスーパーのチラシ価格より安いです...,0,0
992,2026/2/1 19:29,恋愛相談、人間関係の悩み,非公開,6時間28分,3,26,8.7,0,0,0.067,11.54,0.01,0.45,あと3日,https://detail.chiebukuro.yahoo.co.jp/qa/question_detail/q14324906864,パート先の先輩に若いねーと言われたらなんて返すのが良いでしょうか？26なのでそこまで若くないです。,0,0
994,2026/2/1 19:29,英語,lyi********,6時間28分,1,15,15.0,0,0,0.039,6.67,0.01,0.17,あと3日,https://detail.chiebukuro.yahoo.co.jp/qa/question_detail/q12324906862,TOEIC600点を目指す社会人2年目です。 オススメの英文解釈の参考書を教えていただきたいです。 また他にアドバイスがあればご教示いただきたいです。 TOEIC対策本の前に、英語というものを理解した...,0,0
995,2026/2/1 19:29,メイク、コスメ,さび,6時間29分,0,3,3.0,0,0,0.008,0.0,0.0,0.01,あと3日,https://detail.chiebukuro.yahoo.co.jp/qa/question_detail/q10324906860,Macのアイシャドウ、ソバとソフトブラウンに近い色のアイシャドウあったらおしえてください！,0,0
996,2026/2/1 19:29,スマホアプリ,雌,6時間29分,0,5,5.0,0,0,0.013,0.0,0.0,0.01,あと3日,https://detail.chiebukuro.yahoo.co.jp/qa/question_detail/q11324906861,ピグパーティのこれって、2回目以降の値段どんな感じですか,0,0
997,2026/2/1 19:29,インターネット接続,cbr********,6時間29分,2,41,20.5,1,0,0.105,4.88,0.02,0.62,あと3日,https://detail.chiebukuro.yahoo.co.jp/qa/question_detail/q14324906859,メッシュWi-Fiに関してです。 先日NURO光にてNURO光one2ギガの契約を行いました。 届いたNSD-G1000TSを一階リビングに設置しておりますが、3階や、2階の角部屋に繋がりにくい状況で...,0,0
998,2026/2/1 19:29,政治、社会問題,abc********,6時間29分,0,2,2.0,0,0,0.005,0.0,0.0,0.01,あと3日,https://detail.chiebukuro.yahoo.co.jp/qa/question_detail/q13324906858,自民党の応援演説、LIVE配信をyoutubeで見れるそうです。チャンネルが分かる方は教えて下さい。よろしくお願いします。,0,0
999,2026/2/1 19:29,生き方、人生相談,a88973703,6時間29分,1,8,8.0,0,0,0.021,12.5,0.0,0.15,あと3日,https://detail.chiebukuro.yahoo.co.jp/qa/question_detail/q12324906857,身長150センチの人が美女に告られ放題な未来へのプランを教えてください,0,0
1000,2026/2/1 19:29,ゴルフ,natsushi,6時間29分,1,18,18.0,0,0,0.046,5.56,0.01,0.17,あと3日,https://detail.chiebukuro.yahoo.co.jp/qa/question_detail/q11324906856,この時期ゴルフのラウンドで暖かくて、動きに邪魔にならない上着やインナー紹介してください,0,0
1001,2026/2/1 19:29,アニメ,サラモア,6時間29分,0,6,6.0,0,0,0.015,0.0,0.0,0.02,あと3日,https://detail.chiebukuro.yahoo.co.jp/qa/question_detail/q10324906855,プリキュアで所謂大きなお友達向けの展開や、声優さんの出るイベントなどを本格的に始めたのってどの作品辺りですか？ アラモードからライブDVDをリリースしたらしいんですけど、以前からイベント自体はあったん...,0,0
1002,2026/2/1 19:29,オンラインゲーム,1052355493,6時間29分,1,13,13.0,0,0,0.033,7.69,0.0,0.16,不明,https://detail.chiebukuro.yahoo.co.jp/qa/question_detail/q14324906854,BeRealってメンションしてもらっても5枚にならなくなったんですか？？！,0,0
1003,2026/2/1 19:29,ダイエット,gjgoy,6時間29分,3,33,11.0,0,0,0.085,9.09,0.01,0.47,あと3日,https://detail.chiebukuro.yahoo.co.jp/qa/question_detail/q13324906853,男子中学生です。これってデブ、、ちょいデブ、ぽちゃ、ちょいぽちゃ、普通、痩せどれですか。大体の体脂肪率も教えてくださると嬉しいです。,0,0
1004,2026/2/1 19:29,占い,bceadaab0,6時間29分,0,26,26.0,0,0,0.067,0.0,0.0,0.07,あと3日,https://detail.chiebukuro.yahoo.co.jp/qa/question_detail/q11324906851,タロット占いよろしくお願いします！ 彼氏と結婚の話は出ていますが、中々具体的に進みません。 私は20代後半なので早く結婚したいし、子供が大好きなのでいずれかは欲しいです。彼氏は30代です。 良くない事...,0,0
1005,2026/2/1 19:29,ライブ、コンサート,c30f3242b,6時間29分,1,30,30.0,0,2,0.077,3.33,0.02,0.36,あと3日,https://detail.chiebukuro.yahoo.co.jp/qa/question_detail/q12324906852,国立競技場でのライブでアイドルが米粒くらいにしか見えない遠い先なら行かない方がいいですか？地方勢なので往復費用がかかります。,0,0
1006,2026/2/1 19:29,アニメ,ID未設定,6時間29分,0,2,2.0,0,0,0.005,0.0,0.0,0.01,あと3日,https://detail.chiebukuro.yahoo.co.jp/qa/question_detail/q14324906849,中間管理録トネガワのOpの黒服16人？に緑の帝愛マークの付いてたのは誰ですか？,0,0
1007,2026/2/1 19:29,恋愛相談、人間関係の悩み,hac********,6時間29分,0,7,7.0,0,0,0.018,0.0,0.0,0.02,あと3日,https://detail.chiebukuro.yahoo.co.jp/qa/question_detail/q12324906847,三年付き合った彼氏と別れました。 最初は向こうから別れたいと言い始めて、 別れたいと言ったりやっぱり別れないと言ったりで、 私がそれに付き合い切れなくて、 好きではありましたが、最終的にこちらから 「...,0,0
1008,2026/2/1 19:29,合唱、声楽,ようつべ なぽ(牛乳プリン),6時間29分,0,5,5.0,0,0,0.013,0.0,0.0,0.01,あと3日,https://detail.chiebukuro.yahoo.co.jp/qa/question_detail/q11324906846,学年合唱で忘れることなんかできないを指揮します。指揮のポイントやアドレスが欲しいです。できれば練習のたびに歌のアドバイスなどを私が言うことになるのでそこで言えることも教えていただきたいです。 もうそろ...,0,0
1009,2026/2/1 19:29,楽天市場,uma********,6時間29分,0,5,5.0,0,0,0.013,0.0,0.0,0.01,あと3日,https://detail.chiebukuro.yahoo.co.jp/qa/question_detail/q10324906845,楽天 ラクマの、 手数料全額ポイントバックキャンペーンは 2026年2月分は、いつから エントリーの案内が来ますか?,0,0
1010,2026/2/1 19:29,懸賞、くじ,1051754815,6時間30分,0,5,5.0,0,0,0.013,0.0,0.0,0.01,あと3日,https://detail.chiebukuro.yahoo.co.jp/qa/question_detail/q14324906844,ロジックメイト2026年２月号のQ29の答えが知りたいです。 あと少しのところで、ミスに気づき修正効かなくなりました（涙） 推測で①か②かなと思うのですが…。 どなたか教えていただけませんか？,0,0
1011,2026/2/1 19:29,恋愛相談、人間関係の悩み,a2141b84c,6時間30分,0,6,6.0,0,0,0.015,0.0,0.0,0.02,あと3日,https://detail.chiebukuro.yahoo.co.jp/qa/question_detail/q13324906843,質問です。浮気はしていない、体の関係や異性と会う等。だけどラインやインスタのDMで馴れ馴れしい連絡を取る。 例えば〇〇ちゃんからの一言で仕事頑張れるわ、彼女を隠すような会話、等を送っているのは浮気とは...,0,0
1012,2026/2/1 19:29,天文、宇宙,野良,6時間30分,6,23,3.8,0,0,0.059,26.09,0.0,0.83,あと3日,https://detail.chiebukuro.yahoo.co.jp/qa/question_detail/q12324906842,地球上では東西南北でどっちって方向指す事出来るけど 宇宙に出たら どっちにって示すのは何で言うの⁉️,0,0
1013,2026/2/1 19:29,コンタクトレンズ、視力矯正,うさぎ,6時間30分,1,18,18.0,0,3,0.046,5.56,0.01,0.4,あと3日,https://detail.chiebukuro.yahoo.co.jp/qa/question_detail/q11324906841,水光カラコンが回った時って皆さんどう直されてますか？指で治す感じですか？ また、回る水光カラコンで予防する方法もしあれば教えてください！,0,0
1014,2026/2/1 19:29,恋愛相談、人間関係の悩み,1251749783,6時間30分,2,29,14.5,0,2,0.074,6.9,0.01,0.48,あと3日,https://detail.chiebukuro.yahoo.co.jp/qa/question_detail/q10324906840,以前勤めていた会社の上司から、 「あなたには、こんなことまで教えなきゃいけないの？ということが多い」 と言われました。 確かに私はそのようなところはありますが、それを聞いたとき傷つきましたし、なんでこ...,0,0
1015,2026/2/1 19:29,女性アイドル,たけのこ,6時間30分,0,7,7.0,0,0,0.018,0.0,0.0,0.02,あと3日,https://detail.chiebukuro.yahoo.co.jp/qa/question_detail/q14324906839,ツウィと福原遥では圧倒的に福原遥の方がかわいいですか？,0,0
1016,2026/2/1 19:29,大学受験,a9bbaf3a,6時間30分,3,76,25.3,0,0,0.195,3.95,0.05,0.58,あと3日,https://detail.chiebukuro.yahoo.co.jp/qa/question_detail/q12324906837,B判定の広島大学総合科学部かC判定の岡山大学農学部で迷ってます。 もともと行きたかったのは岡山大学だけど、入りやすいのは広島大学です。とても迷っているので助言して頂けると嬉しいです。 ちなみに、就職は...,0,0
1017,2026/2/1 19:29,俳優、女優,1053292597,6時間30分,2,4,2.0,0,0,0.01,50.0,0.0,0.27,あと3日,https://detail.chiebukuro.yahoo.co.jp/qa/question_detail/q13324906838,ブルース・リーの代役の俳優さんの名前を全員教えてください。,0,0
1018,2026/2/1 19:29,福祉、介護,匿名,6時間30分,1,26,26.0,0,0,0.067,3.85,0.02,0.19,あと3日,https://detail.chiebukuro.yahoo.co.jp/qa/question_detail/q11324906836,①生活保護受給者の女性の生活保護費が、家賃を除いて、毎月10万円 ②高齢の男性の年金額が2ヶ月に1回39万円 上記は、どちらのほうが、普通より高いですか？,0,0
1019,2026/2/1 19:29,税金,後出し質問には回答しない,6時間30分,5,33,6.6,0,1,0.084,15.15,0.01,0.8,あと3日,https://detail.chiebukuro.yahoo.co.jp/qa/question_detail/q10324906835,住民税の質問です。 住むなら払え、が住民税ですよね。 なら日本に住みません、と言われれば、 消費税も所得税も住民税も納税されません。 日本から人が出て行けば、困るのは国ですか？,0,0
1020,2026/2/1 19:29,恋愛相談,********,6時間30分,3,26,8.7,0,2,0.067,11.54,0.01,0.6,あと3日,https://detail.chiebukuro.yahoo.co.jp/qa/question_detail/q14324906834,付き合ってる彼女から一緒にいると疲れるんだよね。付き合う前の方がよかった と言われたらどんな気持ちになりますか？,0,0
1021,2026/2/1 19:29,アニメ,1052718832,6時間30分,1,32,32.0,0,2,0.082,3.12,0.03,0.36,あと3日,https://detail.chiebukuro.yahoo.co.jp/qa/question_detail/q13324906833,Fate/strange fakeのリチャードってなんであんなにアヤカに懐いてるんですか？,0,0
1023,2026/2/1 19:29,ドラマ,＿,6時間30分,3,44,14.7,0,0,0.113,6.82,0.02,0.5,あと3日,https://detail.chiebukuro.yahoo.co.jp/qa/question_detail/q12324906832,教場について質問です 本日の教場は教場0の前の回のやつですか？ 教場0の特別編は冒頭と最後以外は総集編ですか？ 教場Ⅰこら見ていないのでネタバレ無しでお願いします。,0,0
1024,2026/2/1 19:29,プロ野球,R0827,6時間30分,1,18,18.0,0,0,0.046,5.56,0.01,0.17,あと3日,https://detail.chiebukuro.yahoo.co.jp/qa/question_detail/q10324906830,申し訳ございませんが、 阪神タイガース 梅野隆太郎は、正捕手起用ですか？,0,0
1025,2026/2/1 19:29,恋愛相談、人間関係の悩み,nan********,6時間30分,3,22,7.3,0,0,0.056,13.64,0.0,0.44,あと3日,https://detail.chiebukuro.yahoo.co.jp/qa/question_detail/q14324906829,自分を幸せにできるのは自分以外にはあり得ず、にもかかわらず、誰かに幸せにしてもらおうとする人は、ガキのまんまですか？,0,0
1026,2026/2/1 19:29,病気、症状,1051929025,6時間30分,0,3,3.0,0,0,0.008,0.0,0.0,0.01,あと3日,https://detail.chiebukuro.yahoo.co.jp/qa/question_detail/q13324906828,左肩と左脇腹が急にいたいんですがなんですかこれ,0,0
1027,2026/2/1 19:29,病気、症状,nay********,6時間31分,5,39,7.8,0,0,0.1,12.82,0.01,0.74,あと3日,https://detail.chiebukuro.yahoo.co.jp/qa/question_detail/q12324906827,思い出したくないことばかり思い出す。 40代前半男性です。 最近、思い出したくないことばかり急に思い出し、もがき苦しんでいます。 過去の失敗、赤っ恥青っ恥など。 どうすれば無駄に思い出さずに済むでしょ...,0,0
1028,2026/2/1 19:28,デンタルケア,1252864691,6時間32分,2,15,7.5,0,0,0.038,13.33,0.0,0.29,あと3日,https://detail.chiebukuro.yahoo.co.jp/qa/question_detail/q10324906825,医師，歯科医師検索に氏名画面表示されません。医師又は歯科医師ですか？,0,0
1029,2026/2/1 19:28,ネットバンキング,kun********,6時間32分,0,2,2.0,0,0,0.005,0.0,0.0,0.01,あと3日,https://detail.chiebukuro.yahoo.co.jp/qa/question_detail/q11324906826,道銀にて2022年の振り込み を確認したいのですが、 アプリを登録したら遡れますか？,0,0
1030,2026/2/1 19:28,男性アイドル,1150885543,6時間32分,1,14,14.0,0,0,0.036,7.14,0.01,0.16,あと3日,https://detail.chiebukuro.yahoo.co.jp/qa/question_detail/q14324906824,ジャニーズの一般チケットついてです。一般チケットを代行してもらい名前と電話番号は自身のものなのですがメールアドレスのみ代行者のものです。この場合本人確認あったらアウトなのでしょうか？ それともメールア...,0,0
1031,2026/2/1 19:28,ファーストフード,thi********,6時間32分,0,8,8.0,0,0,0.02,0.0,0.0,0.02,あと3日,https://detail.chiebukuro.yahoo.co.jp/qa/question_detail/q11324906821,マックフルーリー、テイクアウトしたら紙袋に入ってないのですが、他の店舗でもそうですか？,0,0
1032,2026/2/1 19:28,ボクシング,ID未解決,6時間32分,1,30,30.0,0,2,0.076,3.33,0.02,0.36,あと3日,https://detail.chiebukuro.yahoo.co.jp/qa/question_detail/q10324906820,フェイントって、基本的には人間相手にしか通用しないのですか？ 対動物戦では、スピード絶対値のみが勝敗に直結するのでしょうか？ https://youtube.com/shorts/oFPaYVVqHV...,0,0
1033,2026/2/1 19:28,リズム、音楽ゲーム,a9d920394,6時間32分,0,1,1.0,0,0,0.003,0.0,0.0,0.0,あと3日,https://detail.chiebukuro.yahoo.co.jp/qa/question_detail/q14324906819,taikoforceについての質問です taikoforce lv5を購入することができるサイトと値段を教えてください！サイトを貼ってくれるとありがたいです！,0,0
1034,2026/2/1 19:28,携帯型ゲーム全般,bcbddd8b8,6時間32分,0,1,1.0,0,0,0.003,0.0,0.0,0.0,あと3日,https://detail.chiebukuro.yahoo.co.jp/qa/question_detail/q13324906818,eフィーバーブルーロックの実機を買ったのですが、ラムクリの仕方が分かりません。ラムクリボタンはどれ？,0,0
1035,2026/2/1 19:28,趣味,ku.rose66,6時間32分,0,16,16.0,0,0,0.041,0.0,0.0,0.04,あと3日,https://detail.chiebukuro.yahoo.co.jp/qa/question_detail/q12324906817,Facebookのとある園芸のグループで仲良くなった方がいます。その方は都内在住です。私は神奈川県在住です。 その方はほぼ毎日、投稿をしています。私もほぼ毎日コメントをして、楽しくお喋りをしています。...,0,0
1036,2026/2/1 19:28,ゲーム,rby********,6時間32分,0,33,33.0,0,0,0.084,0.0,0.0,0.08,あと3日,https://detail.chiebukuro.yahoo.co.jp/qa/question_detail/q11324906816,タウンシップの凍った運命というミニゲームで、「招待する」の中の「招待状」の欄に友達がいます。これはその友達が私を招待してくれてるのですか？それとも私が「一緒にやろうよ」って招待するんですか？,0,0
1037,2026/2/1 19:28,大学受験,1053234607,6時間32分,0,19,19.0,0,0,0.048,0.0,0.0,0.05,あと3日,https://detail.chiebukuro.yahoo.co.jp/qa/question_detail/q10324906815,私文です 第一志望の1日目の試験が終わりました。 自分の演習不足に気が付き、絶望しています。どうしても我慢できず、英語の自己採点をしたのですが、過去問演習でとったことのないような酷い点をとってしまいま...,0,0
1038,2026/2/1 19:28,飛行機、空港,1152943359,6時間32分,0,11,11.0,0,0,0.028,0.0,0.0,0.03,あと3日,https://detail.chiebukuro.yahoo.co.jp/qa/question_detail/q14324906814,今度カタール航空でシンガポールに行くのですが、 成田→ドーハ ドーハ→シンガポール 22:25 3:20 19:40 8:50 この2便を使いますが、成田空港でドーハからシンガポールまでの手続きはでき...,0,0
1039,2026/2/1 19:28,マインクラフト,あいうえお,6時間32分,1,27,27.0,0,1,0.069,3.7,0.02,0.27,不明,https://detail.chiebukuro.yahoo.co.jp/qa/question_detail/q13324906813,マイクラサーバーのプラグインについて質問なんですけどコンパスでサーバーの移動先を選べるのがあったら教えてほしいです あとconfigの設定方法も教えてほしいです,0,0
1040,2026/2/1 19:28,海外生活,コンコルド打法,6時間32分,2,2,1.0,0,0,0.005,100.0,0.0,0.26,あと3日,https://detail.chiebukuro.yahoo.co.jp/qa/question_detail/q14324906809,・栗餅菊花餡掛け 英語訳願います。,0,0
1041,2026/2/1 19:28,キッチン用品,oki********,6時間32分,1,6,6.0,0,0,0.015,16.67,0.0,0.14,あと3日,https://detail.chiebukuro.yahoo.co.jp/qa/question_detail/q13324906808,野田琺瑯について質問です。 野田琺瑯の保存容器（深型）を購入したいと思っていますが、実物を見に行く時間がなく、実際に使用されている方にお尋ねしたいです。 普通サイズのりんご３個を櫛型切りに剥いて保存す...,0,0
1042,2026/2/1 19:28,政治、社会問題,roid_0123456789,6時間32分,6,90,15.0,0,19,0.229,6.67,0.03,2.44,あと3日,https://detail.chiebukuro.yahoo.co.jp/qa/question_detail/q11324906806,犬 HKの偏向討論番組。野田も出てなかったんですね。さっき始めて知ったんですが。 なぜ高市だけ逃げたことになってるんですか？,0,0
1043,2026/2/1 19:28,同人誌、コミケ,cog********,6時間33分,0,16,16.0,0,0,0.041,0.0,0.0,0.04,あと3日,https://detail.chiebukuro.yahoo.co.jp/qa/question_detail/q12324906807,同人誌のとらのあなへの委託について質問です。 会場で余った分をとらのあなへ委託する予定でしたが完売してしまい、通販分が無くなってしまいました。 通常なら余った分を送ったあと新刊登録をし販売という流れし...,0,0
1044,2026/2/1 19:28,生き方、人生相談,非公開,6時間33分,4,18,4.5,0,6,0.046,22.22,0.0,1.01,あと3日,https://detail.chiebukuro.yahoo.co.jp/qa/question_detail/q10324906805,勉強をすることは自分磨きに入りますか？,0,0
1045,2026/2/1 19:28,政治、社会問題,dam********,6時間33分,3,26,8.7,0,0,0.066,11.54,0.01,0.45,あと3日,https://detail.chiebukuro.yahoo.co.jp/qa/question_detail/q12324906802,ゆうこくの原口さんがワクチンについて電波なことを政見として公共の電波をつかって発信していますが、彼は何か証拠があって言っているんでしょうか？,0,0
1046,2026/2/1 19:28,Yahoo!知恵袋,*********,6時間33分,0,14,14.0,1,0,0.036,0.0,0.0,0.29,あと3日,https://detail.chiebukuro.yahoo.co.jp/qa/question_detail/q14324906799,最近、10秒ググればわかるような事実関係すら間違えたまま、自信たっぷりにアドバイスをしている人を見かけます。 AIですらハルシネーション（もっともらしい嘘）を指摘される時代に、生身の人間が裏取りもせず...,0,0
1047,2026/2/1 19:28,日用品、生活雑貨,関西人,6時間33分,0,5,5.0,0,0,0.013,0.0,0.0,0.01,あと3日,https://detail.chiebukuro.yahoo.co.jp/qa/question_detail/q10324906800,コルタールの処分方法について教えていただきたいです。 一斗缶くらいの量を処分したいのですがご存じな方教えていただければ助かります。,0,0
1048,2026/2/1 19:28,おみやげ、ご当地名物,mou********,6時間33分,4,35,8.8,0,13,0.089,11.43,0.01,1.58,あと3日,https://detail.chiebukuro.yahoo.co.jp/qa/question_detail/q13324906798,貰って美味しかった北海道のお土産は何ですか？,0,0
1049,2026/2/1 19:28,メルカリ,名無し,6時間33分,1,30,30.0,0,0,0.076,3.33,0.02,0.2,不明,https://detail.chiebukuro.yahoo.co.jp/qa/question_detail/q12324906797,メルカードの処理中はどのくらいかかるのでしょうか。 1月18日に使用した分がいまだに処理中になっています。 長くかかった方はどれくらいいらっしゃいますか？,0,0
1050,2026/2/1 19:28,恋愛相談、人間関係の悩み,vuz********,6時間33分,1,40,40.0,0,0,0.102,2.5,0.04,0.23,あと3日,https://detail.chiebukuro.yahoo.co.jp/qa/question_detail/q10324906795,彼のLINEの返事はどういう気持ちでしょうか？ 付き合って10ヶ月の遠距離の彼氏がいます。 私も彼も同い年で20代後半です。 先日LINEで、私が「これからもずっと一緒にいたいな〜」と送ったところ、 ...,0,0
1051,2026/2/1 19:28,ドラム、打楽器,cf3ajsfe****,6時間33分,2,22,11.0,0,0,0.056,9.09,0.01,0.31,あと3日,https://detail.chiebukuro.yahoo.co.jp/qa/question_detail/q14324906794,皆様の意見をお聞きしたいのですが、浅胴サイズで８，１０，１２の３タムにする場合、８ｘ７の深さに合わせるのは、１０のタムの深さは７と８のどちらを選択されますか。,0,0
1052,2026/2/1 19:28,スマホアプリ,c5e9fe09,6時間33分,0,5,5.0,0,0,0.013,0.0,0.0,0.01,あと3日,https://detail.chiebukuro.yahoo.co.jp/qa/question_detail/q11324906796,ビモビモってアプリで友達を招待で出来ているのにどんぐりが増えません。なんでか分かる人いますか？,0,0
1053,2026/2/1 19:27,掃除機、洗濯機,mon********,6時間34分,1,14,14.0,0,0,0.035,7.14,0.0,0.16,あと3日,https://detail.chiebukuro.yahoo.co.jp/qa/question_detail/q13324906793,洗濯機に繋いでいる水道の出が悪くて、稼働させると度々洗濯機が止まってしまいます。 となりに洗面台があるのですが、その水道と繋いだりして何かいい方法はないでしょうか？ (出が悪い水道を直す以外でお願いし...,0,0
1054,2026/2/1 19:27,楽天市場,Akt,6時間34分,0,2,2.0,0,0,0.005,0.0,0.0,0.01,あと3日,https://detail.chiebukuro.yahoo.co.jp/qa/question_detail/q12324906792,楽天市場で、健栄製薬の 消毒用エタノールIP が店舗で買うより安く売られてました。 偽物の可能性ありますか？,0,0
1055,2026/2/1 19:27,恋愛相談、人間関係の悩み,1153069956,6時間34分,0,5,5.0,0,0,0.013,0.0,0.0,0.01,あと3日,https://detail.chiebukuro.yahoo.co.jp/qa/question_detail/q11324906791,「頑張る君が好きだ！」って感じのオタク系、かつ女性アイドルの歌ありますか？？,0,0
1056,2026/2/1 19:27,生き方、人生相談,nan********,6時間34分,0,2,2.0,0,0,0.005,0.0,0.0,0.01,あと3日,https://detail.chiebukuro.yahoo.co.jp/qa/question_detail/q10324906790,なぜ、日本国民は、自分ファーストな生き方をしないのでしょうか？,0,0
1057,2026/2/1 19:27,政治、社会問題,Mar’s Blue vol.2,6時間35分,4,126,31.5,0,15,0.319,3.17,0.1,1.96,あと3日,https://detail.chiebukuro.yahoo.co.jp/qa/question_detail/q14324906789,ヤマダデンキに対して不買運動ですか？,0,0
1058,2026/2/1 19:27,アニメ,ゆ,6時間35分,2,14,7.0,0,0,0.035,14.29,0.0,0.29,あと3日,https://detail.chiebukuro.yahoo.co.jp/qa/question_detail/q13324906788,アニメイト店舗にて今後発売されるであろうプロセカのグリ缶を買いたいと思っています 。 そこで質問なのですがもし発売日に行った場合何BOXくらい置いてあるものなんですか ？ 渋谷 新宿 池袋 あたりの店...,0,0
1059,2026/2/1 19:27,資格,1153132155,6時間35分,0,18,18.0,0,0,0.046,0.0,0.0,0.05,あと3日,https://detail.chiebukuro.yahoo.co.jp/qa/question_detail/q12324906787,看護師国家試験について 残り2週間となりましたが、今、まだ一般は出た問しか解いていない状況です。必修はQBと看護ルーをずっと解いています。 今更ですが、一般もQBは最低でも一周はしておいた方がいいでし...,0,0
1061,2026/2/1 19:27,家計、貯金,s88********,6時間35分,2,62,31.0,0,5,0.157,3.23,0.05,0.79,不明,https://detail.chiebukuro.yahoo.co.jp/qa/question_detail/q11324906786,昭和61年 天皇陛下御在位60年記念１０万円金貨 家に金貨があり、自分が記念硬貨や金に詳しくなく いくらになるんだろうと近くの貴金属買取店に無料査定に持って行きました 20グラムくらいありましたが、お...,0,0
1062,2026/2/1 19:27,恋愛相談,bc81c2e33,6時間35分,1,16,16.0,0,0,0.04,6.25,0.01,0.17,あと3日,https://detail.chiebukuro.yahoo.co.jp/qa/question_detail/q13324906783,容姿があまり良いと言えない人からモテる人は容姿がいい人からもモテるものでしょうか？あまり関係ないですかね？ 複数人からモテる人は誰が見てもカッコよく見えますか？,0,0
1063,2026/2/1 19:27,LINE,a82359a3a,6時間35分,1,15,15.0,0,0,0.038,6.67,0.01,0.16,あと3日,https://detail.chiebukuro.yahoo.co.jp/qa/question_detail/q14324906784,LINEのスタンプを購入したいんですが、教えてもらいたいことがあります。 今日初めてLINEのプリペイドカードを購入して、それをチャージしようとLINESTOREを開いたらログイン画面が出て、メールア...,0,0
1064,2026/2/1 19:27,政治、社会問題,***********,6時間35分,4,27,6.8,0,6,0.068,14.81,0.0,1.03,あと3日,https://detail.chiebukuro.yahoo.co.jp/qa/question_detail/q12324906782,自民党の選挙の公約で、消費税減税の【検討を加速する】とは、 永田町用語として「やるかもしれんけど」ってことですよね？ 「反対があったら、やらんけど」って意味も入ってますよね？ 議員定数削減みたいに、な...,0,0
1065,2026/2/1 19:27,生き方、人生相談,kyu********,6時間35分,1,26,26.0,0,6,0.066,3.85,0.02,0.65,あと3日,https://detail.chiebukuro.yahoo.co.jp/qa/question_detail/q11324906781,心配性です。 子供を産んで子供が成長し、人間関係などで更に心配する様になりました。 心配ごとの9割は現実に起こらない、、 という言葉を頭に置きたいです。 実際そんな気はします。 心配性の方、どううまく...,0,0
1066,2026/2/1 19:27,野球全般,キノッピー,6時間35分,3,31,10.3,0,5,0.078,9.68,0.01,0.83,あと3日,https://detail.chiebukuro.yahoo.co.jp/qa/question_detail/q10324906780,こんな場合､｢守備妨害」になりますか？ ⚾️ ワンアウト､走者1塁､フルカウント。 1塁ランナーは盗塁のスタート。投球は外角低めの際どい球。 バッター(右打ち)が見送るとキャッチャーは球審のコールを聞...,0,0
1067,2026/2/1 19:27,性の悩み、相談,1051950595,6時間35分,2,27,13.5,0,0,0.068,7.41,0.01,0.32,あと3日,https://detail.chiebukuro.yahoo.co.jp/qa/question_detail/q14324906779,本能に抗いたい高校3年（今年大学生）です。 女性に対しての目線が胸に吸い寄せられて困っています。全く下心とか無いのですが、顔を見ようとするとそのすぐ下にあるmelonに目線が移動してしまいます。見てし...,0,0
1068,2026/2/1 19:27,アニメ,af77d3f3d,6時間35分,1,4,4.0,0,0,0.01,25.0,0.0,0.14,あと3日,https://detail.chiebukuro.yahoo.co.jp/qa/question_detail/q13324906778,ドラゴンボールダイマはもう終わったのですか？ まだやっているとしたら、何曜日の何時からやっていますか？,0,0
1069,2026/2/1 19:27,爬虫類、両生類,1151896356,6時間35分,0,9,9.0,0,0,0.023,0.0,0.0,0.02,あと3日,https://detail.chiebukuro.yahoo.co.jp/qa/question_detail/q11324906776,ヒョウモントカゲモドキ飼っている方に質問です。 先日、脱皮が終わりましてレオパを見たところ鼻の穴の中に白いものが見えます。 これは脱皮不全でしょうか？それとも他の病気なのでしょうか？ 健康状態、食欲な...,0,0
1070,2026/2/1 19:27,LINE,b70cbb5e3,6時間35分,1,18,18.0,0,2,0.045,5.56,0.01,0.32,あと3日,https://detail.chiebukuro.yahoo.co.jp/qa/question_detail/q12324906777,至急です！ LINE VOOMについて。 仲良くない人のLINE VOOM投稿に間違えていいねをつけてしまいました。 一瞬で消したのですが、相手に通知はいってしましたか、、？ ちなみに友達にはなってい...,0,0
1071,2026/2/1 19:27,受験、進学,1151202848,6時間35分,0,12,12.0,0,0,0.03,0.0,0.0,0.03,あと3日,https://detail.chiebukuro.yahoo.co.jp/qa/question_detail/q14324906774,至急です 明日武蔵大学の国際教養学部のグローバルスタディーズ専攻を英検利用で受けるのですが、英検利用で95％換算だと国語でどのくらい取れば受かりますかね？,0,0
1072,2026/2/1 19:27,世界史,a4c19d16a,6時間36分,0,18,18.0,0,0,0.045,0.0,0.0,0.05,あと3日,https://detail.chiebukuro.yahoo.co.jp/qa/question_detail/q10324906775,過去に見たYouTubeのチャンネル及び動画を探しています。 初めて質問致します。 数年前（遅くとも2020年以前）にYouTubeで見た世界史の授業動画を探しています。チャンネル名・動画名が思い出せ...,0,0
1073,2026/2/1 19:27,政治、社会問題,b85e43442,6時間36分,1,20,20.0,0,0,0.05,5.0,0.01,0.18,あと3日,https://detail.chiebukuro.yahoo.co.jp/qa/question_detail/q13324906773,①政府の面で ②国民性の面で ③食べ物の面で ④文化の面で ⑤総合的に 好きな国はどこですか？全部答えても良いですし、どれか一つでもいいです。,0,0
1074,2026/2/1 19:27,政治、社会問題,nkc********,6時間36分,1,16,16.0,0,0,0.04,6.25,0.01,0.17,あと3日,https://detail.chiebukuro.yahoo.co.jp/qa/question_detail/q12324906772,今日期日前投票に行きました。 まだ投票用紙が届いてないので、入り口で申請用紙みたいなものを記入したのですが、確かマイナンバーカードなどでの本人確認が必要だったと思うのですが、一切無し。 受け付けの人に...,0,0
1075,2026/2/1 19:27,大学,c15e8c97a,6時間36分,1,19,19.0,0,0,0.048,5.26,0.01,0.17,あと3日,https://detail.chiebukuro.yahoo.co.jp/qa/question_detail/q11324906771,大学の単位についてです。 自分は現在1年生です。 進級するために選択から4単位以上必要なのですが、前期で2単位しかとれておらず、後期も4単位履修しましたが2単位確実に落としており、もう2単位も単位取得...,0,0
1076,2026/2/1 19:27,大学受験,be9fc50b4,6時間36分,0,13,13.0,0,0,0.033,0.0,0.0,0.03,あと3日,https://detail.chiebukuro.yahoo.co.jp/qa/question_detail/q10324906770,明治学院大学A日程2024社会学科の国語の過去問の答え持ってる人いませんか？東進のやつ消えてて、お願いします,0,0
1077,2026/2/1 19:27,政治、社会問題,ssri1964,6時間36分,5,28,5.6,1,1,0.071,17.86,0.0,1.03,あと3日,https://detail.chiebukuro.yahoo.co.jp/qa/question_detail/q14324906769,国民民主党の政策で、手取りを増やすということだけれど田舎役場の地方公務員の給料も上がりますか❓,0,0
1078,2026/2/1 19:27,大学受験,c4378f56c,6時間36分,2,27,13.5,0,0,0.068,7.41,0.01,0.32,あと3日,https://detail.chiebukuro.yahoo.co.jp/qa/question_detail/q13324906768,共通テストリサーチで早稲田社学の共通テスト利用がB判定なのですが、これって体感どのくらい信用できるものなのでしょうか。,0,0
1079,2026/2/1 19:27,大学受験,a53c8934b,6時間36分,1,32,32.0,0,0,0.081,3.12,0.03,0.21,あと3日,https://detail.chiebukuro.yahoo.co.jp/qa/question_detail/q12324906767,大学一般入試について 私のミスで2/7に２つの大学を出願してしまいました。 １つはA方式で2/6.7.8の3日間、もう１つは2/7のみです。 今から問い合わせて2/6に変更はできますか？,0,0
1080,2026/2/1 19:27,料理、食材,キング大山,6時間36分,10,53,5.3,0,5,0.134,18.87,0.01,1.77,あと3日,https://detail.chiebukuro.yahoo.co.jp/qa/question_detail/q10324906765,無言で恵方巻き食べますか,0,0
1081,2026/2/1 19:27,電子マネー、電子決済,cf250d192,6時間36分,0,12,12.0,0,0,0.03,0.0,0.0,0.03,あと3日,https://detail.chiebukuro.yahoo.co.jp/qa/question_detail/q11324906766,今ウェブで買い物をしてPayPayで払おうとしたんですけどアプリではなくアプリストアに飛んでしまって払えなくて、ウェブでログインしようにも認証のメッセージが届かなくてログインできなくて。 設定などに原...,0,0
1082,2026/2/1 19:27,子育ての悩み,a,6時間36分,1,23,23.0,0,0,0.058,4.35,0.01,0.18,あと3日,https://detail.chiebukuro.yahoo.co.jp/qa/question_detail/q14324906764,子供との食事の時間が苦痛な方、どうやって乗り切りましたか？ 現在上の子2歳半、下の子1歳です。 上の子はすぐ、ハイチェアのベルトから抜け出して立とうとしたり、ヘラヘラとのけぞったり、下を覗き込んだり、...,0,0
1083,2026/2/1 19:27,レディース腕時計、アクセサリー,ぶろっこりー,6時間36分,0,6,6.0,0,0,0.015,0.0,0.0,0.02,あと3日,https://detail.chiebukuro.yahoo.co.jp/qa/question_detail/q13324906763,エルメスのファランドールブレスレットがほしいので、ベティーロードなどの二次流通で購入しようと思っています。 ですが、もしこの先ブレスレットの長さを出したくなったとき、エルメスで修理をしていただくことは...,0,0
1084,2026/2/1 19:27,X（旧Twitter）,1051559248,6時間36分,1,12,12.0,0,0,0.03,8.33,0.0,0.16,あと3日,https://detail.chiebukuro.yahoo.co.jp/qa/question_detail/q12324906762,20代の男です。 先日マッチングアプリ(with)のアカウントが、Twitter(X)のフォロワーにバレてしまいました。 マッチングアプリ(with)でいいね！が来ており、確認をすると相手の名前が 「...,0,0
1085,2026/2/1 19:27,法律相談,tsh********,6時間36分,1,40,40.0,0,0,0.101,2.5,0.04,0.23,あと3日,https://detail.chiebukuro.yahoo.co.jp/qa/question_detail/q11324906761,交通事故の加害者側A弁護士さん（加害者の代理人でおそらく実際は加害者任意保険の支払い）から受任通知がきている状況です。 弁護士さんが窓口だから加害者にも保険会社にも連絡するなという文面です（ずっと連絡...,0,0
1086,2026/2/1 19:27,政治、社会問題,nan********,6時間36分,0,7,7.0,0,0,0.018,0.0,0.0,0.02,あと3日,https://detail.chiebukuro.yahoo.co.jp/qa/question_detail/q14324906759,日本の円高についてですが、９５年につけた1ドル79円はクリントン政権のジャパンバッシング政策のひとつで円高になったが、世の中はまだバブルの余波があり、たいしたことはなかった、しかし、 ２０１２年につけ...,0,0
1087,2026/2/1 19:27,YouTube,りっちゃんだよ！,6時間37分,0,6,6.0,0,0,0.015,0.0,0.0,0.02,あと3日,https://detail.chiebukuro.yahoo.co.jp/qa/question_detail/q13324906758,【ホロライブ】赤井はあとが結構前にやっていた『はあちゃまシリーズ』とは何なのでしょうか？ 動画が全て非公開となっており、また調べてみるとリスナーからのミーム？らしいんですけど本当なのか分かりません 知...,0,0
1088,2026/2/1 19:27,大学受験,b40086bed,6時間37分,4,28,7.0,0,3,0.071,14.29,0.0,0.8,あと3日,https://detail.chiebukuro.yahoo.co.jp/qa/question_detail/q12324906757,高二理系で薬学部を目指してます。志望大学はまだ絞れていないです。英語と数学が苦手でボロボロなんですが、おすすめの参考書、問題集を教えて欲しいです。 英語はターゲット1900、Scramble、英語長文...,0,0
1089,2026/2/1 19:27,パソコン,ito********,6時間37分,3,10,3.3,0,1,0.025,30.0,0.0,0.48,あと3日,https://detail.chiebukuro.yahoo.co.jp/qa/question_detail/q11324906756,synologyのNAS中古を買おうと思ってます。 用途はGoogleフォトからの移行です。 HDD2-4本挿せる 2020年製以降（古すぎるとすぐ壊れそうなので） のモデルを買おうと思ってます。 H...,0,0
1090,2026/2/1 19:27,ゲーム,ivano1840,6時間37分,0,4,4.0,0,0,0.01,0.0,0.0,0.01,あと3日,https://detail.chiebukuro.yahoo.co.jp/qa/question_detail/q10324906755,第五人格のPCアップデート後、ディスコードのゲームオーバーレイ表示がされなくなりました。 最近あったPC版第五人格のアップデート(一度アンインストール後再インストール)をおこなったあと、ディスコードで...,0,0
1091,2026/2/1 19:26,K-POP、アジア,1152962265,6時間38分,0,2,2.0,0,0,0.005,0.0,0.0,0.01,あと3日,https://detail.chiebukuro.yahoo.co.jp/qa/question_detail/q13324906753,セブチのMiniteenのplush toy って再販というかまた売られる機会ってあると思いますか(；；),0,0
1092,2026/2/1 19:26,大学受験,mam********,6時間38分,0,6,6.0,0,0,0.015,0.0,0.0,0.02,あと3日,https://detail.chiebukuro.yahoo.co.jp/qa/question_detail/q12324906752,私立医学部地域枠入試について教えてください。私立医は地域枠は併願出来ないのでしょうか？2次を受けても確実に合格を取れるか？は分からないため、他大学も受験するというのはダメなのでしょうか？,0,0
1093,2026/2/1 19:26,ライブ、コンサート,1150453984,6時間38分,0,9,9.0,0,0,0.023,0.0,0.0,0.02,あと3日,https://detail.chiebukuro.yahoo.co.jp/qa/question_detail/q11324906751,湘南乃風についての質問です。 最近湘南乃風が好きになった者です。 「炎天夏」のライブでのコールについて質問があります。 若旦那が「照れずに今日は言うぞ I Love You」と言った後に、客席が何か言...,0,0
1094,2026/2/1 19:26,宗教,宝輪,6時間38分,2,17,8.5,0,0,0.043,11.76,0.0,0.29,あと3日,https://detail.chiebukuro.yahoo.co.jp/qa/question_detail/q14324906749,なぜ、日蓮正宗には日蓮ゆかりの寺院が無いのですか？,0,0
1095,2026/2/1 19:26,冷蔵庫、キッチン家電,a,6時間38分,1,26,26.0,0,0,0.065,3.85,0.02,0.19,あと3日,https://detail.chiebukuro.yahoo.co.jp/qa/question_detail/q10324906750,一人暮らし大学生です。 お菓子作りをしたく、オーブンレンジを探しています。できれば3万円程度でそこまで大きくないものがいいです。,0,0
1096,2026/2/1 19:26,喫煙マナー,cc348ba37,6時間38分,4,34,8.5,0,0,0.085,11.76,0.01,0.59,あと3日,https://detail.chiebukuro.yahoo.co.jp/qa/question_detail/q12324906747,アイコスって未成年でも買えるんですか？,0,0
1097,2026/2/1 19:26,生き方、人生相談,b,6時間38分,1,4,4.0,0,0,0.01,25.0,0.0,0.14,あと3日,https://detail.chiebukuro.yahoo.co.jp/qa/question_detail/q13324906748,座る時目の前や、隣に座られるのが嫌な方理由を教えてください。,0,0
1098,2026/2/1 19:26,ライブ、コンサート,あおい,6時間38分,0,4,4.0,0,0,0.01,0.0,0.0,0.01,あと3日,https://detail.chiebukuro.yahoo.co.jp/qa/question_detail/q11324906746,DMX制御で家でライブの照明再現したくて、色々探してたらQLC+のバージョン5が出たみたいなのですが、シーンの作り方とかがわからなくて、まだ実機がないので3dビューでお試しで見てみたいのですが、 どな...,0,0
1099,2026/2/1 19:26,高校受験,赤面,6時間38分,1,7,7.0,0,0,0.018,14.29,0.0,0.14,あと3日,https://detail.chiebukuro.yahoo.co.jp/qa/question_detail/q10324906745,麗澤瑞浪高校の倍率が出ないのですが、 (締切が4日までのため)学校では掲示されていました。1月20日くらいに 今の出願状況を見られるサイトは無いのでしょうか？,0,0
1100,2026/2/1 19:26,レシピ,にゃんころもち,6時間38分,0,4,4.0,0,0,0.01,0.0,0.0,0.01,あと3日,https://detail.chiebukuro.yahoo.co.jp/qa/question_detail/q13324906743,パン製造をしています。 パンの仕込み（生地作り）の時に、こねあげた後の温度が適正温度より低い時があります。 そのようになった場合は、さらにミキシングしたらよいのでしょうか？ ※家庭でするのとは違い、生...,0,0
1101,2026/2/1 19:26,iPhone,ewi********,6時間38分,1,6,6.0,0,0,0.015,16.67,0.0,0.14,あと3日,https://detail.chiebukuro.yahoo.co.jp/qa/question_detail/q12324906742,appleid_jpja@email.apple.comこのアドレスは公式ですか？,0,0
1102,2026/2/1 19:26,この仕事教えて,1150473368,6時間38分,0,17,17.0,0,0,0.043,0.0,0.0,0.04,あと3日,https://detail.chiebukuro.yahoo.co.jp/qa/question_detail/q14324906744,バイトレに限らずだと思うんですけど 在宅ワークでシール貼りや検品作業で 来社不要と書いてありますが これらは自宅に届けられるのか 自分が会社に行くのかどちらですか？ 詳しい方教えていただけると嬉しいで...,0,0
1103,2026/2/1 19:26,政治、社会問題,***********,6時間39分,1,41,41.0,0,0,0.103,2.44,0.04,0.23,あと3日,https://detail.chiebukuro.yahoo.co.jp/qa/question_detail/q11324906741,Z世代は、台湾有事が長期化、泥沼化した場合には、徴兵されて日本のために惨たらしく散る覚悟ができていなければ、与党に投票するべきじゃないですか？,0,0
1104,2026/2/1 19:26,友人関係の悩み,qos********,6時間39分,4,33,8.2,0,2,0.083,12.12,0.01,0.73,あと3日,https://detail.chiebukuro.yahoo.co.jp/qa/question_detail/q10324906740,40代女です。20年来の友人が遠回しに傷つくようなことを言ったり意地悪をしてくるようになりました。距離を置いていますが相手は意地悪が原因とは気づいていません。 この先も仲良くするには、意地悪な言動をや...,0,0
1105,2026/2/1 19:26,恋愛相談、人間関係の悩み,san********,6時間39分,0,2,2.0,0,0,0.005,0.0,0.0,0.0,あと3日,https://detail.chiebukuro.yahoo.co.jp/qa/question_detail/q14324906739,学生時代に付き合っていた人がいます。 彼女は他校の人でした。 小学生の頃から友人が少なくて一人が好きで 人と向き合うのが苦手で不登校気味でした。 そんな僕に寄り添ってくれた素敵な女性でした。 彼女とは...,0,0
1106,2026/2/1 19:26,飲食店,c61d9bc1c,6時間39分,2,11,5.5,0,3,0.028,18.18,0.0,0.5,あと3日,https://detail.chiebukuro.yahoo.co.jp/qa/question_detail/q13324906738,飲食店を経営もしくは社員、アルバイトとして働いた経験のある方に質問です。(ホールの方) テーブルに料理を運んできた時、客は両手で受け取るべきでしょうか？それとも料理を置けるようテーブルを空けて置かれる...,0,0
1107,2026/2/1 19:26,スキー,田代 政夫,6時間39分,5,40,8.0,0,0,0.1,12.5,0.01,0.72,あと3日,https://detail.chiebukuro.yahoo.co.jp/qa/question_detail/q12324906737,スキー板は、試乗会で試乗して買うのが良いのですが、通販で買って失敗する人は多いでしょうか？ ご意見をお聞かせ下さい。,0,0
1108,2026/2/1 19:26,iPhone,rus********,6時間39分,2,35,17.5,0,0,0.088,5.71,0.02,0.34,あと3日,https://detail.chiebukuro.yahoo.co.jp/qa/question_detail/q14324906734,最近初めてCarPlayを使い始めました。ギガ消費量について教えてください。 主に使うのはSpotifyの音楽再生とGoogleマップです。 今までも毎月6ギガプランでギリギリ保っているので、心配です...,0,0
1110,2026/2/1 19:26,温泉,lol********,6時間39分,3,51,17.0,0,0,0.128,5.88,0.02,0.5,あと3日,https://detail.chiebukuro.yahoo.co.jp/qa/question_detail/q10324906735,熊本で遅くまで開いている温泉ありませんか？ ばってんの湯3時まで湯らっくす24時間他ありますか？,0,0
1111,2026/2/1 19:26,恋愛相談、人間関係の悩み,mrr********,6時間39分,0,20,20.0,0,0,0.05,0.0,0.0,0.05,あと3日,https://detail.chiebukuro.yahoo.co.jp/qa/question_detail/q13324906733,好きな人から突然音信不通になりました。 (未読無視、ブロックはされてません) 年末に街コンで出会ったいい感じの人と 今まで3回ほどデートし 3回目は私の地元まで仕事終わりに来てくれて 一緒に食事をしま...,0,0
1112,2026/2/1 19:26,恋愛相談、人間関係の悩み,1150043410,6時間39分,1,27,27.0,0,0,0.068,3.7,0.02,0.19,あと3日,https://detail.chiebukuro.yahoo.co.jp/qa/question_detail/q12324906732,友達がいないと答えるのは不自然ですか。 アラサーで婚活中の女です。 結婚相談所でお見合い相手の男性から、私の友達とどうすごしているか聞かれます。休日にあうかとか。 とりあえず、カフェでおしゃべりすると...,0,0
1113,2026/2/1 19:26,病気、症状,匿名,6時間39分,3,22,7.3,0,9,0.055,13.64,0.0,1.1,あと3日,https://detail.chiebukuro.yahoo.co.jp/qa/question_detail/q11324906731,手荒れがやばくて痛いのですがおすすめのハンドクリームありますか？ちなみにXで話題になっていたももの花クリームはイマイチ効果がありませんでした…,0,0
1114,2026/2/1 19:26,メイク、コスメ,さび,6時間39分,0,2,2.0,0,0,0.005,0.0,0.0,0.0,あと3日,https://detail.chiebukuro.yahoo.co.jp/qa/question_detail/q14324906729,ボビイブラウンのトーストという色のアイシャドウの代わりに、ロムアンドのスライドインシングルM21ウォームキャメルはどうかな？と考えているのですが、近い色ですか？ ボビイブラウン持ってないのでわかる方い...,0,0
1115,2026/2/1 19:26,音楽,はる,6時間39分,0,6,6.0,0,0,0.015,0.0,0.0,0.01,あと3日,https://detail.chiebukuro.yahoo.co.jp/qa/question_detail/q13324906728,京本大我くんがソロライブで歌った「ストレンジカメレオン」と言う曲の歌詞の重さ、音の軽快さが、彼の歌い方含めてすごく好みだったので、歌詞やサウンド似ている曲を教えてください。 恋愛の曲じゃなくても大丈夫...,0,0
1116,2026/2/1 19:26,Yahoo!知恵袋,dfr********,6時間39分,3,29,9.7,0,9,0.073,10.34,0.01,1.12,あと3日,https://detail.chiebukuro.yahoo.co.jp/qa/question_detail/q10324906725,知恵袋にて意味不明な質問を長期間に渡って投稿し続ける人の目的はなんですか？ やはり精神病の類いなんでしょうか 回答宜しくお願いします,0,0
1117,2026/2/1 19:26,企業と経営,ajw********,6時間39分,3,23,7.7,0,0,0.058,13.04,0.0,0.43,あと3日,https://detail.chiebukuro.yahoo.co.jp/qa/question_detail/q14324906724,専務取締役が部長を兼務することは出来ますか？報酬は役員報酬のみで賞与なしで雇用保険未加入です。,0,0
1118,2026/2/1 19:26,画像処理、制作,1149736383,6時間39分,0,2,2.0,0,0,0.005,0.0,0.0,0.0,あと3日,https://detail.chiebukuro.yahoo.co.jp/qa/question_detail/q13324906723,blenderで作業をする際に使いやすい液タブを教えてください,0,0
1119,2026/2/1 19:26,恋愛相談,チェリアン,6時間40分,5,35,7.0,0,0,0.087,14.29,0.01,0.71,あと3日,https://detail.chiebukuro.yahoo.co.jp/qa/question_detail/q10324906720,女性に守ってもらいたい男性もいますか？,0,0
1120,2026/2/1 19:26,YouTube,Shibaken,6時間40分,1,37,37.0,1,0,0.092,2.7,0.03,0.47,あと3日,https://detail.chiebukuro.yahoo.co.jp/qa/question_detail/q11324906721,WQHDモニターを買ったのですが、YouTubeの4K対応の動画の画質が1080pまでしか選択できません。 1440pとかまで選択できると思っていたのですが、なぜでしょうか？ どなたか教えていただけま...,0,0
1122,2026/2/1 19:26,高校受験,非公開,6時間40分,1,47,47.0,1,0,0.117,2.13,0.05,0.49,あと3日,https://detail.chiebukuro.yahoo.co.jp/qa/question_detail/q14324906719,至急、現在受けようとしている高校がA判定なのですが何故A判定なのかよく分かりません。 内申が114で、模試の結果は304点でした。 S値755~がA判定になるそうですが、私のS値は726です。 なんで...,0,0
1123,2026/2/1 19:26,ゲーム,匿名,6時間40分,5,26,5.2,0,1,0.065,19.23,0.0,0.76,あと3日,https://detail.chiebukuro.yahoo.co.jp/qa/question_detail/q12324906717,至急！ Switch有機ELを買いたいんですけど、やっぱりこれからSwitch2だけしか出来ないカセットばっかり出てきますかね？？学生なので2はちょっと厳しくてまよってます,0,0
1124,2026/2/1 19:26,交通、運転マナー,非公開,6時間40分,9,40,4.4,0,1,0.1,22.5,0.0,1.3,あと3日,https://detail.chiebukuro.yahoo.co.jp/qa/question_detail/q13324906718,普通電車の中でお弁当を食べるのはマナー違反ですか？,0,0
1125,2026/2/1 19:26,スロット,すまたん,6時間40分,1,17,17.0,0,1,0.042,5.88,0.01,0.24,あと3日,https://detail.chiebukuro.yahoo.co.jp/qa/question_detail/q11324906716,スマスロのアズレンでボーナス後に設定4示唆出たんですけど、これってどれくらい信頼度あるんですか？ 終了画面で設定示唆出たのはその1度だけでした 挙動的には2回有利切れたので確かに4以上あるかもなという...,0,0
1126,2026/2/1 19:25,ポケットモンスター,まつ,6時間41分,3,52,17.3,0,0,0.129,5.77,0.02,0.5,不明,https://detail.chiebukuro.yahoo.co.jp/qa/question_detail/q10324906715,ポケモンzaって最高レベル100以上いきますか？,0,0
1127,2026/2/1 19:25,恋愛相談、人間関係の悩み,bae049cbe,6時間41分,1,10,10.0,0,0,0.025,10.0,0.0,0.15,あと3日,https://detail.chiebukuro.yahoo.co.jp/qa/question_detail/q14324906714,【至急】高校生の彼氏の誕生日にオニツカタイガーのスニーカープレゼントするのどう思いますか？,0,0
1128,2026/2/1 19:25,恋愛相談、人間関係の悩み,a88973703,6時間41分,2,22,11.0,0,0,0.055,9.09,0.01,0.3,あと3日,https://detail.chiebukuro.yahoo.co.jp/qa/question_detail/q12324906712,女性って男性に高望みしてません？ むしろ妥協してる！ 男子も妥協しろ！ ってヤジが聞こえてきそうですけど,0,0
1129,2026/2/1 19:25,菓子、スイーツ,たくあん,6時間41分,1,9,9.0,0,1,0.022,11.11,0.0,0.22,あと3日,https://detail.chiebukuro.yahoo.co.jp/qa/question_detail/q13324906713,ディアマンクッキーを作ろうと思っているのですがバターはケーキ用マーガリンで代用できますか？,0,0
1130,2026/2/1 19:25,ここ、探してます,pul********,6時間41分,0,4,4.0,0,0,0.01,0.0,0.0,0.01,あと3日,https://detail.chiebukuro.yahoo.co.jp/qa/question_detail/q11324906711,新小岩の南口、西友裏にあるタイムズが1/31をもって終了しました。 跡地には何が建つかご存知の方いらっしゃいますか？,0,0
1131,2026/2/1 19:25,動画サービス,ゴリラの化身,6時間41分,1,5,5.0,0,1,0.012,20.0,0.0,0.21,あと3日,https://detail.chiebukuro.yahoo.co.jp/qa/question_detail/q14324906709,The 8 showを無料で見れるサイトはないですか？,0,0
1132,2026/2/1 19:25,鳥類,c877f985a,6時間41分,1,26,26.0,1,0,0.065,3.85,0.02,0.44,あと3日,https://detail.chiebukuro.yahoo.co.jp/qa/question_detail/q10324906710,最後4ヶ月のセキセイインコを迎えました！ この子は女の子ですか？男の子ですか？ 宜しくお願い致しますm(_ _)m,0,0
1133,2026/2/1 19:25,友人関係の悩み,初心者,6時間42分,2,14,7.0,0,0,0.035,14.29,0.0,0.28,あと3日,https://detail.chiebukuro.yahoo.co.jp/qa/question_detail/q12324906707,ネッ友の友達に苗字(漢字)と名前(ひらがな)がバレてしまったんですけど大丈夫ですかね？,0,0
1134,2026/2/1 19:25,就職活動,か,6時間42分,4,46,11.5,0,1,0.114,8.7,0.01,0.68,あと3日,https://detail.chiebukuro.yahoo.co.jp/qa/question_detail/q11324906706,今年宅建の資格を取得した大学生です。 私は親の工務店でアルバイトをしているのですが、その知り合いから、｢専任の取引士が辞職するから見つかるまでの間だけ専任の取引士になって欲しいと言われています。実際に...,0,0
1135,2026/2/1 19:25,キャンプ、バーベキュー,hak********,6時間42分,0,17,17.0,0,0,0.042,0.0,0.0,0.04,あと3日,https://detail.chiebukuro.yahoo.co.jp/qa/question_detail/q13324906703,車中泊用にポータブル電源を検討してますが Anker C2000か、ダブソン2000Lで悩んでます。 ダブソンがアンカーより約1万円ほど安い。 リン酸鉄、判個体リン酸鉄の違いは把握してます。 走行充電...,0,0
1136,2026/2/1 19:25,カラオケ,1053306781,6時間42分,2,23,11.5,0,0,0.057,8.7,0.01,0.31,あと3日,https://detail.chiebukuro.yahoo.co.jp/qa/question_detail/q14324906704,カラオケのジョイサウンドでギターやベースを繋げて弾けるみたいなのですが、部屋についてるコンセントでエフェクター等も繋いでいいのでしょうか？,0,0
1137,2026/2/1 19:25,病気、症状,にゃんころもち,6時間42分,0,5,5.0,0,0,0.012,0.0,0.0,0.01,あと3日,https://detail.chiebukuro.yahoo.co.jp/qa/question_detail/q12324906702,ひょう疽（爪囲炎）で皮膚科受診し、ユーパスタを処方してもらいました。 ユーパスタの効能を調べたら、褥瘡や潰瘍の治療に用いられると書いてありました。 わたしの状態としては、指が赤く腫れて、強い痛みがあり...,0,0
1138,2026/2/1 19:25,ヘアケア,非公開,6時間42分,0,5,5.0,0,0,0.012,0.0,0.0,0.01,あと3日,https://detail.chiebukuro.yahoo.co.jp/qa/question_detail/q11324906701,最近アイロンを買ったのですが、温度が190度しかありません。 190度でもセンターパートの毛流れを作ることは可能ですか？もし可能でしたらやり方教えてください。 ちなみに初めてアイロンを買いました,0,0
1139,2026/2/1 19:25,恋愛相談、人間関係の悩み,ようつべ なぽ(牛乳プリン),6時間42分,2,43,21.5,0,0,0.107,4.65,0.02,0.35,あと3日,https://detail.chiebukuro.yahoo.co.jp/qa/question_detail/q10324906700,中2で自分は男で相手は女です。 写真の通りまだ名乗ってません。学年合唱で私が指揮で彼女がピアノです。幼稚園小学校も同じでクラスは違います。生徒会面接とか指揮者決める時に若干話していて、嫌われてはないで...,0,0
1140,2026/2/1 19:25,車検、メンテナンス,Shen zhen shi.,6時間42分,5,58,11.6,0,3,0.144,8.62,0.02,0.99,あと3日,https://detail.chiebukuro.yahoo.co.jp/qa/question_detail/q14324906699,整備士さんにお伺いをいたします。 エンジンをオーバーホールをするときはエンジンヘッドをミクロン単位で削ることはあるのでしょうか。 一つ、正直なところを語っていただければと思います。 ・ ・ ・ ■ エ...,0,0
1141,2026/2/1 19:25,カスタマイズ,exo********,6時間42分,0,3,3.0,0,0,0.007,0.0,0.0,0.01,あと3日,https://detail.chiebukuro.yahoo.co.jp/qa/question_detail/q13324906698,fl5のマフラー シーカーのマフラー音全然ないのですが、レムスのマフラーとどちらが良い落としますか？,0,0
1142,2026/2/1 19:25,恋愛相談、人間関係の悩み,1252063877,6時間42分,0,4,4.0,0,0,0.01,0.0,0.0,0.01,あと3日,https://detail.chiebukuro.yahoo.co.jp/qa/question_detail/q12324906697,気になっている子がberealのリアクションで友達のberealには顔全体を映してリアクションしてのに、自分のberealには片目以外隠してリアクションしてきます。どういう心理ですか？教えてください。,0,0
1143,2026/2/1 19:25,アルバイト、フリーター,1252641956,6時間42分,3,40,13.3,0,0,0.099,7.5,0.01,0.47,あと3日,https://detail.chiebukuro.yahoo.co.jp/qa/question_detail/q11324906696,3月までに3万円稼ぎたいです。 高校生で、バイトは絶対にできないのでそれ以外で3万円稼ぐ方法なにかありませんか！ 在宅のシール貼りとかよく聞くけどTikTokとかで調べても回しもんの怪しいやつしか出て...,0,0
1144,2026/2/1 19:25,職場の悩み,ピロル菌,6時間42分,3,82,27.3,0,6,0.204,3.66,0.06,1.02,あと3日,https://detail.chiebukuro.yahoo.co.jp/qa/question_detail/q10324906695,職場で私にだけ明らかなに態度が冷たい人はどういう心理なのでしょうか？ 私が仕事できないからでしょうか… 27歳看護師です 中途採用で入社し早1年が経ちました しかし私は物覚えが悪く、時々細かい部分でミ...,0,0
1145,2026/2/1 19:25,ヘアスタイル,りこぴん,6時間42分,0,10,10.0,0,0,0.025,0.0,0.0,0.02,あと3日,https://detail.chiebukuro.yahoo.co.jp/qa/question_detail/q14324906694,髪の毛についての質問です。 昨日美容院で髪をセミロングくらいに切ったのですが、毛量は多い方が艶が出ていいかなーと思い、すいてもらわなかったら今髪がぱっつんぽくなってしまっています。 もう一度美容院に行...,0,0
1146,2026/2/1 19:25,恋愛相談、人間関係の悩み,b92e3bc27,6時間42分,1,24,24.0,0,1,0.06,4.17,0.01,0.26,あと3日,https://detail.chiebukuro.yahoo.co.jp/qa/question_detail/q11324906691,1人で生きていけそう、と言われました。 本当はそんなことないのにと思ってた人が、観念して1人で生きている方の話など、聞きたいです。 34歳独身、アダルトチルドレンです。 もともと寂しがり屋ですが、感情...,0,0
1147,2026/2/1 19:25,病気、症状,!_r,6時間42分,2,26,13.0,0,0,0.065,7.69,0.01,0.31,あと3日,https://detail.chiebukuro.yahoo.co.jp/qa/question_detail/q12324906692,閲覧注意です。 口内炎？性病？について 3日前くらいから左の扁桃腺に白いなにかがついていて、ほんの少しだけ痛みます。 口の中で変な匂い？味？もほのかにしています。 綿棒でさすっても変化ないので膿栓では...,0,0
1148,2026/2/1 19:25,音声、音楽,bat********,6時間42分,0,7,7.0,0,0,0.017,0.0,0.0,0.02,あと3日,https://detail.chiebukuro.yahoo.co.jp/qa/question_detail/q10324906690,《音楽、AI》 機械音（映画トランスフォーマー実写版の、変身する時に鳴る金属が擦れるような音。参考にYouTubeのURLを貼っておきます）をAIで作りたいのですが、そのような効果音を生成できるAIは...,0,0
1149,2026/2/1 19:25,カスタマイズ,goo********,6時間43分,3,26,8.7,0,0,0.065,11.54,0.01,0.44,あと3日,https://detail.chiebukuro.yahoo.co.jp/qa/question_detail/q14324906689,155/65/14、 100、4穴。 インセット＋45、リム4.5J です 。 ダイハツ タントやムーヴにつけていました これを着けるで 車種、メーカーをえらんだら なにになりますか？ 軽自動車です ...,0,0
1150,2026/2/1 19:25,福祉、介護,匿名,6時間43分,0,6,6.0,0,0,0.015,0.0,0.0,0.01,あと3日,https://detail.chiebukuro.yahoo.co.jp/qa/question_detail/q13324906688,女性の、家賃を除いての生活保護費が、毎月101620円だと、驚きますか？,0,0
1151,2026/2/1 19:25,日本語,hiv********,6時間43分,0,11,11.0,2,0,0.027,0.0,0.0,0.52,あと3日,https://detail.chiebukuro.yahoo.co.jp/qa/question_detail/q12324906687,側音化構音について 私は側音化構音を持っているのですが、【4月（しがつ）】と発音しようとすると、よく【7月（しちがつ）】に聞き間違えられます。録音して聞いてみると確かにときどき「しち」のような音が聞こ...,0,0
1152,2026/2/1 19:25,病院、検査,1151335586,6時間43分,1,8,8.0,0,0,0.02,12.5,0.0,0.14,あと3日,https://detail.chiebukuro.yahoo.co.jp/qa/question_detail/q11324906686,総合病院から、個人の脳外科に招待状を書いて貰うというのは重傷の証拠でしょうか？,0,0
1153,2026/2/1 19:25,X（旧Twitter）,af85795d3,6時間43分,0,5,5.0,0,0,0.012,0.0,0.0,0.01,あと3日,https://detail.chiebukuro.yahoo.co.jp/qa/question_detail/q10324906685,Twitterにて、魔王を弾くドブカス禪院直哉が流れてきたのですが、それの少し前に別の曲を弾く禪院直哉も流れてきた気がするんです。 知ってる方いましたらリンク貼ってほしいです、、。 ピアノを弾く直哉(...,0,0
1154,2026/2/1 19:25,シニアライフ、シルバーライフ,ムッシュ村々,6時間43分,2,25,12.5,0,0,0.062,8.0,0.01,0.31,あと3日,https://detail.chiebukuro.yahoo.co.jp/qa/question_detail/q14324906684,スミレの花が咲くのはまだ でふか？（＾Ｏ＾）,0,0
1156,2026/2/1 19:25,女性の病気,c7a491955,6時間43分,5,78,15.6,0,7,0.193,6.41,0.03,1.33,不明,https://detail.chiebukuro.yahoo.co.jp/qa/question_detail/q11324906681,中学生で女子なんですが、腟カンジタになってしまった気がします… おりものは白くてポロポロしていて、とにかく痒いです… 親に相談するのは緊張するし、どこの病院に行ったらいいのかも分かりません… 悪化する...,0,0
1159,2026/2/1 19:25,プロ野球,1151864415,6時間43分,2,71,35.5,0,1,0.176,2.82,0.06,0.5,あと3日,https://detail.chiebukuro.yahoo.co.jp/qa/question_detail/q14324906679,プエルトリコが保険問題でWBC辞退と聞いたのですがどういうことですか？ なぜプエルトリコだけ？,0,0
1160,2026/2/1 19:25,スマートフォン,1253081558,6時間43分,0,3,3.0,0,0,0.007,0.0,0.0,0.01,あと3日,https://detail.chiebukuro.yahoo.co.jp/qa/question_detail/q13324906678,スマホが通信制限でもないのにTikTokやTwitter、インスタ等が使えなくなってしまいました 自分は月に使える容量が20しかないので普段は漫画やLINEなどなるべくデータを使わないようにし、フリー...,0,0
1161,2026/2/1 19:25,海外,let********,6時間43分,5,33,6.6,0,0,0.082,15.15,0.01,0.7,あと3日,https://detail.chiebukuro.yahoo.co.jp/qa/question_detail/q10324906675,8月の台湾は暑いですか？ 去年初めて台湾に行ってはまりました。 去年は3月と5月に行きました 今年も5月に行くつもりが行けなくなりました 去年5月に行ったときもかなり暑かったのですが8月は更に暑いでし...,0,0
1162,2026/2/1 19:25,生き方、人生相談,1253042336,6時間43分,0,7,7.0,0,0,0.017,0.0,0.0,0.02,あと3日,https://detail.chiebukuro.yahoo.co.jp/qa/question_detail/q11324906676,今年入ってからかなり怠惰になってしまったのですが同じ人いますか? 自分の場合3大欲求がかなり欠如し、全然寝れるのに限界になるまで寝ず、食欲も同じように限界に空腹になるまで食べれません。性欲はいままでは...,0,0
1163,2026/2/1 19:25,ライブ、コンサート,bd5aa6a9a,6時間43分,1,47,47.0,0,0,0.116,2.13,0.05,0.24,あと3日,https://detail.chiebukuro.yahoo.co.jp/qa/question_detail/q14324906674,HANAのツアーについて質問です。 三次選考で一般の方も応募できる機会があったのはファンのことを考えているんだなー。と何も思わなかっのですが、ファンクラブ最終先行がこの前始まって、なぜ一般よりも後にフ...,0,0
1164,2026/2/1 19:25,ダイエット,1151462646,6時間43分,11,85,7.7,1,0,0.21,12.94,0.02,1.81,あと3日,https://detail.chiebukuro.yahoo.co.jp/qa/question_detail/q13324906673,この足って客観的に見て太いですか？(＞＜),0,0
1165,2026/2/1 19:24,賃貸物件,b2b0831a6,6時間45分,2,55,27.5,0,0,0.136,3.64,0.04,0.38,あと3日,https://detail.chiebukuro.yahoo.co.jp/qa/question_detail/q12324906672,おとり物件について質問です。 現在申し込みたい物件があり、その物件はSUUMO等では募集していないと書かれているのですが、１つの仲介会社は「まだ募集中、内見も可能で他の申し込みも入ってないです」とのこ...,0,0
1166,2026/2/1 19:24,パソコン,war********,6時間45分,1,18,18.0,0,0,0.044,5.56,0.01,0.17,あと3日,https://detail.chiebukuro.yahoo.co.jp/qa/question_detail/q10324906670,Outlookについて質問です。 先日（1月15日）Microsoft社からWindows11のアップデートの案内がありアップデートしました。するとその影響だと思うのですがOutlookが不調となりま...,0,0
1167,2026/2/1 19:24,生き方、人生相談,a5e25766e,6時間45分,5,36,7.2,0,4,0.089,13.89,0.01,1.0,あと3日,https://detail.chiebukuro.yahoo.co.jp/qa/question_detail/q11324906671,人ってなんで生きてるんですか？ なんで勉強して働いて金稼いで 遅かれ早かれ結局死ぬのに 別に死にたい訳じゃなく なんで生きてるんだろうな～って思って,0,0
1168,2026/2/1 19:24,ゲーム,嘆きのブラン屯,6時間45分,1,4,4.0,0,0,0.01,25.0,0.0,0.13,あと3日,https://detail.chiebukuro.yahoo.co.jp/qa/question_detail/q14324906669,PS5かスマホで無料で面白いアクションゲームを教えて下さい！FPS/TPSは除きます！,0,0
1169,2026/2/1 19:24,病気、症状,1252061150,6時間45分,0,15,15.0,0,0,0.037,0.0,0.0,0.04,あと3日,https://detail.chiebukuro.yahoo.co.jp/qa/question_detail/q13324906668,高校3年生のsle（全身性エリテマトーデス）患者です。 約3年前に再燃して、そこから体調は落ち着いており、今はステロイドは飲んでおらず免疫抑制剤を飲んでいます。 少し前から彼氏がいて、まだそういうこと...,0,0
1170,2026/2/1 19:24,ソフトテニス,1152968367,6時間45分,0,4,4.0,0,0,0.01,0.0,0.0,0.01,あと3日,https://detail.chiebukuro.yahoo.co.jp/qa/question_detail/q12324906667,高校1年生で部活をやっておりfitbitを使用して健康状態を記録しているのですが有酸素運動負荷をどれくらいのレベルに設定すればいいのか分かりません。 ソフトテニスをやっています。,0,0
1171,2026/2/1 19:24,コンビニ,otd********,6時間45分,1,14,14.0,0,3,0.035,7.14,0.0,0.38,不明,https://detail.chiebukuro.yahoo.co.jp/qa/question_detail/q11324906666,ローソンの増量フェアのスイーツケーキ、プレミアムロールケーキ生クリームたっぷりをお好きな方はいらっしゃるでしょうか？後はまるごといちごなどなど。,0,0
1172,2026/2/1 19:24,香水,1149758799,6時間45分,0,5,5.0,0,0,0.012,0.0,0.0,0.01,あと3日,https://detail.chiebukuro.yahoo.co.jp/qa/question_detail/q14324906664,NEHANのバスソルトのプラムの香りが大好きなのですが、香水として日中香らせたいため似た香りを探しています。 シンプルなプラム(花ではなく果実の方)の香りの香水があれば知りたいです。,0,0
1173,2026/2/1 19:24,ライブ、コンサート,xxx1234,6時間45分,0,12,12.0,0,0,0.03,0.0,0.0,0.03,あと3日,https://detail.chiebukuro.yahoo.co.jp/qa/question_detail/q10324906665,チケットぴあについてです。 2024年にぴあカードを作成し、その後申し込みしたことをすっかり忘れていて、本日ぴあカード年会費支払い滞納の連絡が届きました。連絡が届いてからすぐに支払ったのですが、今後チ...,0,0
1174,2026/2/1 19:24,友人関係の悩み,off********,6時間45分,1,23,23.0,0,0,0.057,4.35,0.01,0.18,あと3日,https://detail.chiebukuro.yahoo.co.jp/qa/question_detail/q13324906663,こんな友人どう思いますか？ 10年ほど前のわたしが20のとき、東京の狭い部屋で一人暮らしをしていたとき散らかっていた時があったのですがその時のことをよく泊まりに来る友人にいじられます。 他の人の結婚式...,0,0
1175,2026/2/1 19:24,メルカリ,ab2515be3,6時間45分,6,132,22.0,1,17,0.325,4.55,0.07,2.56,不明,https://detail.chiebukuro.yahoo.co.jp/qa/question_detail/q12324906662,至急です。かなり長文で読みづらいかもしれません。 数週間前にメルカリで購入者が画像にない汚れが有ると取引メッセージが来ました。商品の汚れの写真を貼らなかったことは事実ですが、商品説明欄には目につく傷や...,0,0
1176,2026/2/1 19:24,病気、症状,1149932756,6時間45分,1,19,19.0,1,0,0.047,5.26,0.01,0.42,あと3日,https://detail.chiebukuro.yahoo.co.jp/qa/question_detail/q10324906660,金曜日の夜21時頃に38℃以上の熱、咳、喉の痛み、鼻水、倦怠感、関節痛がありました。 次の日の土曜日、37.5℃で11時頃に病院へ行き検査をしてもらいましたがインフルもコロナも陰性でした。 しかし日曜...,0,0
1177,2026/2/1 19:24,ポケットモンスター,1258*******,6時間45分,0,19,19.0,1,0,0.047,0.0,0.0,0.29,あと3日,https://detail.chiebukuro.yahoo.co.jp/qa/question_detail/q11324906661,ポケモンGOの歩く距離について質問、 現在洞窟の奥イベントで20時までのはずなのに、夕方17時以降で卵の孵化距離が3.5から7になっていたのはなぜですか？半分の恩恵は20時までじゃないの？ あと、この...,0,0
1178,2026/2/1 19:24,政治、社会問題,***********,6時間45分,0,11,11.0,0,0,0.027,0.0,0.0,0.03,あと3日,https://detail.chiebukuro.yahoo.co.jp/qa/question_detail/q14324906659,高市総理は選挙の公約で、消費税減税の【検討を加速する】と言いましたが、なぜ政治団体献金の規制の【検討を加速する】と言わないのですか？ それも維新との連立合意にありましたよ。,0,0
1179,2026/2/1 19:24,着物、和服,1150511903,6時間46分,7,170,24.3,0,26,0.419,4.12,0.1,3.19,あと3日,https://detail.chiebukuro.yahoo.co.jp/qa/question_detail/q13324906658,チップ100 成人式で着る振袖についてです 半年前くらいに画像の振袖に決めたのですが、早く決めないとなくなってしまうよと母に言われ、その場で決めました。決めた当初はこの振袖が自分にあっててデザインも1...,0,0
1180,2026/2/1 19:24,恋愛相談、人間関係の悩み,匿名,6時間46分,2,22,11.0,0,0,0.054,9.09,0.01,0.3,あと3日,https://detail.chiebukuro.yahoo.co.jp/qa/question_detail/q12324906657,職場で女性が今月で退職すると決めた時、以前は男性が素っ気なくて女性側から話しかけなかったけど男性が素っ気なくても話しかけるのはなぜですか？,0,0
1181,2026/2/1 19:24,インターネットビジネス、SOHO,dnx********,6時間46分,2,37,18.5,0,0,0.091,5.41,0.02,0.34,あと3日,https://detail.chiebukuro.yahoo.co.jp/qa/question_detail/q11324906656,生成AIについて、ChatGPTとGeminiどちらかに課金するとした場合、どちらの方が良いかをお聞きしたいです。 私の使用方法としては、 ・FA関係の職種であるため、数十〜数百ページある機器のマニュ...,0,0
1182,2026/2/1 19:24,映画,ぬん,6時間46分,3,21,7.0,0,7,0.052,14.29,0.0,0.94,あと3日,https://detail.chiebukuro.yahoo.co.jp/qa/question_detail/q10324906655,最近なにをしても楽しくなくバーンアウトしたみたいなので、オススメの映画を教えていただきたいです。,0,0
1183,2026/2/1 19:24,高校受験,a7abeb719,6時間46分,2,57,28.5,0,6,0.14,3.51,0.04,0.83,あと3日,https://detail.chiebukuro.yahoo.co.jp/qa/question_detail/q14324906654,受験生です。長文失礼します。 私立、公立受験2週間前になりました。今まで以上に勉強時間を増やし、スマホはSNS含め1日1時間以内まで規制しています。ですが家だけの勉強時間だけでは足りないのではと不安に...,0,0
1184,2026/2/1 19:24,職場の悩み,1151143261,6時間46分,3,27,9.0,0,0,0.066,11.11,0.01,0.43,あと3日,https://detail.chiebukuro.yahoo.co.jp/qa/question_detail/q13324906653,現在働いてる会社について相談です。 現在、経理を除いて3人の社員で会社を回している小規模な会社に勤めています。 私は昨年から、今年の3月いっぱいで退職しようと考えており、年明けにその旨を伝えるつもりで...,0,0
1185,2026/2/1 19:24,オンラインゲーム,1252816046,6時間46分,0,1,1.0,0,0,0.002,0.0,0.0,0.0,あと3日,https://detail.chiebukuro.yahoo.co.jp/qa/question_detail/q12324906652,オンラインで複数人で島など何か育てるゲームはないですか？スマホゲーム希望です。 ペット、店、島、など何でもいいです。 遠距離恋愛中の彼女と一緒に毎日少しずつ進めながらできるゲームを探しています。 よろ...,0,0
1186,2026/2/1 19:24,家具、インテリア,a512af0b4,6時間46分,6,37,6.2,0,0,0.091,16.22,0.01,0.83,あと3日,https://detail.chiebukuro.yahoo.co.jp/qa/question_detail/q11324906651,部屋が絶望的に汚いです。どうにか散らかさないようにできる方法ないですか( ; ; )？,0,0
1187,2026/2/1 19:24,コスメ、美容,非公開,6時間46分,0,2,2.0,0,0,0.005,0.0,0.0,0.0,あと3日,https://detail.chiebukuro.yahoo.co.jp/qa/question_detail/q10324906650,アートメイクをしました。 1週間は濡らさないようにと言われますがお風呂の時気をつけながら髪を洗っても少し濡れてしまいませんか？ その場合お風呂上がりにタオルで軽く抑えて水滴を拭き取りワセリンを塗り直し...,0,0
1188,2026/2/1 19:24,天文、宇宙,Dhcidvzifqjshshu,6時間46分,5,26,5.2,1,2,0.064,19.23,0.0,1.07,あと3日,https://detail.chiebukuro.yahoo.co.jp/qa/question_detail/q14324906649,星の年周運動について質問です。 毎月同じ時刻に観測した星座が、東から西へ動くのはなぜですか？ 日周運動で星座が東から西へ行くのは、地球の自転が西から東だからと言う理由で納得しました。ですが、年周運動で...,0,0
1189,2026/2/1 19:24,職場の悩み,a4f58b119,6時間46分,1,21,21.0,0,0,0.052,4.76,0.01,0.17,あと3日,https://detail.chiebukuro.yahoo.co.jp/qa/question_detail/q13324906648,至急 このようなズボンを穿いた状態で特養で1日仕事やるのは可能だと思いますか,0,0
1190,2026/2/1 19:24,競馬,小倉のエロ馬券師 西村 丑郎,6時間46分,0,9,9.0,0,0,0.022,0.0,0.0,0.02,あと3日,https://detail.chiebukuro.yahoo.co.jp/qa/question_detail/q12324906647,2月7日の、東京９R 春菜賞（芝1400m）は、春のG2か、G1へのステップレースですか？ 面白そうな馬1頭見つけたので買おうかと思ってます。,0,0
1191,2026/2/1 19:24,iPhone,非公開,6時間46分,1,11,11.0,0,0,0.027,9.09,0.0,0.15,あと3日,https://detail.chiebukuro.yahoo.co.jp/qa/question_detail/q11324906646,applestoreで頼んだiPhone17が届いたのですが、データ移行などは明後日しようと思ってるいます。それまで箱に入れたまま置いといても大丈夫ですか？？ 一度開けて中を確認した方がいいですか？,0,0
1192,2026/2/1 19:24,交通、運転マナー,非公開,6時間46分,1,6,6.0,0,0,0.015,16.67,0.0,0.14,あと3日,https://detail.chiebukuro.yahoo.co.jp/qa/question_detail/q10324906645,普通電車の中でお弁当を食べるのはマナー違反ですか？,0,0
1193,2026/2/1 19:24,恋愛相談、人間関係の悩み,チェリアン,6時間46分,2,9,4.5,0,0,0.022,22.22,0.0,0.27,あと3日,https://detail.chiebukuro.yahoo.co.jp/qa/question_detail/q14324906644,担任の先生の家に男子高校生が一人で訪問するの変な誤解を生みますか？,0,0
1194,2026/2/1 19:24,職場の悩み,sys,6時間47分,0,12,12.0,0,0,0.029,0.0,0.0,0.03,あと3日,https://detail.chiebukuro.yahoo.co.jp/qa/question_detail/q13324906643,職場で同じ年齢の社員(同性)に困ってます。 部門は違うのですが、彼女の所に新人二人が入り、そこから彼女の愚痴？とか感情の起伏が激しく、とても疲れます。 「新人二人が気に食わない」 「上司が新人二人と自...,0,0
1195,2026/2/1 19:24,政治、社会問題,***********,6時間47分,5,28,5.6,1,0,0.069,17.86,0.0,0.93,あと3日,https://detail.chiebukuro.yahoo.co.jp/qa/question_detail/q12324906642,高市総理の「責任ある積極財政」とは、物価高対策として経済学的には本来は「増税」するところをあえて、消費税減税の逆張りをすることを意味するのですか？ 物価高のインフレは市場にお金が余って、お金の価値が下...,0,0
1196,2026/2/1 19:24,パソコン,dgf********,6時間47分,5,39,7.8,0,3,0.096,12.82,0.01,0.93,あと3日,https://detail.chiebukuro.yahoo.co.jp/qa/question_detail/q11324906641,前から気になってるんですが、amazonにある整備済み品のデスクトップパソコンってどうなんでしょうか？ パソコン専門店で本来は買いたいんですけど高いのでなかなか手が出せないのでAmazonで整備済み品...,0,0
1197,2026/2/1 19:24,ゴルフ,oka********,6時間47分,2,45,22.5,0,1,0.111,4.44,0.02,0.43,あと3日,https://detail.chiebukuro.yahoo.co.jp/qa/question_detail/q14324906639,パターヘッドの当たり数。構えた時にやたらと目に入ってしまいます。 自分で直す方法ありますか？,0,0
1198,2026/2/1 19:24,自転車、サイクリング,1245798701,6時間47分,7,52,7.4,0,0,0.128,13.46,0.01,0.98,あと3日,https://detail.chiebukuro.yahoo.co.jp/qa/question_detail/q13324906638,自転車のリムとタイヤの関係に詳しい方 お尋ねします。 C15の内幅リムに、新エトルト規格のIRC ジェッティープラス25Cを装着したのですが、実測値が、23㎜弱になってしまいました。 新エトルト規格は...,0,0
1199,2026/2/1 19:24,恋愛相談、人間関係の悩み,15264186384,6時間47分,3,47,15.7,0,0,0.115,6.38,0.02,0.48,あと3日,https://detail.chiebukuro.yahoo.co.jp/qa/question_detail/q10324906640,セフレに付き合う気がないなら会わないといい、一旦連絡するのをやめていましたが、やっぱり会いたくなったため、「やっぱり会いたい」と言うと、「傷つけるだけだと思うけどね」って言われました。 もう元の関係に...,0,0
1200,2026/2/1 19:24,コミック,ce14d6062,6時間47分,1,4,4.0,0,0,0.01,25.0,0.0,0.13,あと3日,https://detail.chiebukuro.yahoo.co.jp/qa/question_detail/q12324906637,ジャンプSQを買おうと思っているのですが、北海道は発売日当日に売っていますか？ ジャンプだと当日にありますが他の漫画だと2日ほど遅れるので、、 ご回答お願いします！！,0,0
1201,2026/2/1 19:24,デンタルケア,dsl********,6時間47分,1,9,9.0,0,0,0.022,11.11,0.0,0.14,あと3日,https://detail.chiebukuro.yahoo.co.jp/qa/question_detail/q11324906636,セラミックを1本だけしたいのですが、いま銀歯とかの被せをしているところをセラミックにしたいです。 中の歯は小さく削られています、セラミックにできますか？,0,0
1202,2026/2/1 19:24,中学校,cc978fada,6時間47分,5,69,13.8,0,5,0.169,7.25,0.02,1.15,あと3日,https://detail.chiebukuro.yahoo.co.jp/qa/question_detail/q10324906635,中3娘のゲーム依存について相談です。 高校受験は塾にも結局通わず、冬休みはゲームを毎日12時間以上やり続け、始業式の3日前からやっと課題に取り組み始め、結局母親の私が側にいて本人の喜ぶ動画を見させなが...,0,0
1203,2026/2/1 19:23,女性アイドル,fbm********,6時間48分,0,11,11.0,0,0,0.027,0.0,0.0,0.03,あと3日,https://detail.chiebukuro.yahoo.co.jp/qa/question_detail/q14324906634,【至急！】CENTRAL MUSIC ＆ ENTERTAINMENT FESTIVAL 2026の抽選についてです！ 乃木坂46のモバイル先行とフルーツジッパー（FRUITS ZIPPER）のモバイル...,0,0
1204,2026/2/1 19:23,大学受験,1053148249,6時間48分,4,308,77.0,0,6,0.754,1.3,0.58,1.68,あと3日,https://detail.chiebukuro.yahoo.co.jp/qa/question_detail/q13324906633,関西大学2/1の入試について 先ほど関西大学全学部日程1 2/1実施分を受けてきました。 僕は意地でも関関同立のどこかに行きたいけど英語が苦手なので英検利用で社会安全学部に出願しました。 自己採点の結...,0,0
1205,2026/2/1 19:23,Amazon,T.Kunii-Shin-K,6時間48分,0,7,7.0,0,0,0.017,0.0,0.0,0.02,あと3日,https://detail.chiebukuro.yahoo.co.jp/qa/question_detail/q12324906632,久しぶりにアメリカAmazonで買い物したんだけど全然発送されないです、 既に、9日ほどたっていますが 対処法はありますか?,0,0
1206,2026/2/1 19:23,生き方、人生相談,d_k********,6時間48分,2,41,20.5,0,0,0.1,4.88,0.02,0.34,あと3日,https://detail.chiebukuro.yahoo.co.jp/qa/question_detail/q11324906631,「やらずに後悔するより、やって後悔した方がいい」とはよく言いますが、本当にそうでしょうか？ 結婚、転職、覚醒剤、投資、整形手術。 「やってみても良かったな」の後悔より「やらなきゃ良かった」の後悔の方が...,0,0
1207,2026/2/1 19:23,アニメ,may********,6時間48分,2,13,6.5,0,0,0.032,15.38,0.0,0.28,あと3日,https://detail.chiebukuro.yahoo.co.jp/qa/question_detail/q10324906630,ナルトですがイタチはサスケだけ残して強くさせるため自分を恨ませ、最期は本当の事を言いましたが。イタチははっきり言ってとてつもなく好きですが、今までこんな切ない物語の設定はあったでしょうか。 他のアニメ...,0,0
1208,2026/2/1 19:23,Yahoo!知恵袋,1252860989,6時間48分,0,0,0.0,0,0,0.0,0.0,0.0,0.0,あと3日,https://detail.chiebukuro.yahoo.co.jp/qa/question_detail/q13324906628,パニグレのTC-B昇級許可審査の攻略法を教えてください,0,0
1209,2026/2/1 19:23,ライブ、コンサート,ピピ,6時間49分,1,6,6.0,0,0,0.015,16.67,0.0,0.14,あと3日,https://detail.chiebukuro.yahoo.co.jp/qa/question_detail/q12324906627,11日に水戸でT-BOLANのライブがあるのですが、昔売れた曲ばかり歌うようなライブなのでしょうか？,0,0
1210,2026/2/1 19:23,Yahoo!知恵袋,ゆっきー,6時間49分,1,21,21.0,0,0,0.051,4.76,0.01,0.17,あと3日,https://detail.chiebukuro.yahoo.co.jp/qa/question_detail/q11324906626,お風呂入ってる時に浮かんできたのですが、これなにか分かりますか？,0,0
1211,2026/2/1 19:23,メルカリ,1152180249,6時間49分,3,28,9.3,0,1,0.068,10.71,0.01,0.51,あと3日,https://detail.chiebukuro.yahoo.co.jp/qa/question_detail/q10324906625,メルカリにて先月、バックを購入しましたが写真や説明文にない傷等あり、話し合いをして後、一部返金の形になりました。 15日辺りに出品者の方が事務局に問い合わせしたようですが、未だに動きがなく返金されませ...,0,0
1212,2026/2/1 19:23,ゴルフ,Yuki,6時間49分,4,27,6.8,0,0,0.066,14.81,0.0,0.55,あと3日,https://detail.chiebukuro.yahoo.co.jp/qa/question_detail/q14324906624,僕にはどういうドライバーが合うか教えて欲しいです。 僕の今の状況⤵︎ ︎ ・スライスが出る ・弾道が低い ・飛距離220.230 ・ヘッドスピード40 今使っているドライバーはディープヘッド、460c...,0,0
1213,2026/2/1 19:23,地球温暖化,鬼。,6時間49分,4,14,3.5,2,0,0.034,28.57,0.0,1.01,あと3日,https://detail.chiebukuro.yahoo.co.jp/qa/question_detail/q13324906623,地球温暖化と言われてるのに夏は死ぬほど暑いのに冬は死ぬほど寒くないですか？ 温暖化してるなら冬も暖かければいいのですが、、,0,0
1214,2026/2/1 19:23,高校,カイセンモン,6時間49分,0,12,12.0,0,0,0.029,0.0,0.0,0.03,あと3日,https://detail.chiebukuro.yahoo.co.jp/qa/question_detail/q11324906621,なるべく、偏差値が高い高校に行きたいって人が多いのかもですが…。それは実業高校もそれに該当するんですかね？ 大体は、普通科とか進学校の高校の話や、そういった学校に行く人の話な気がしますが…。商業高校や...,0,0
1215,2026/2/1 19:23,ゲーム,白フォノウ,6時間49分,5,23,4.6,0,0,0.056,21.74,0.0,0.67,あと3日,https://detail.chiebukuro.yahoo.co.jp/qa/question_detail/q12324906622,にゃんこ大戦争の壁キャラについて質問です。 現在大狂乱モヒカンと大狂乱カベを使っているのですがモヒカンを抜いてキョンシーにした方がいいですか？ 今の所壁には満足しているんですけど変えた方がいいと言われ...,0,0
1216,2026/2/1 19:23,動物,my_********,6時間49分,3,31,10.3,0,1,0.076,9.68,0.01,0.51,あと3日,https://detail.chiebukuro.yahoo.co.jp/qa/question_detail/q10324906620,なぜ草食動物にはチーターみたいなスプリンターはいないのですか？,0,0
1217,2026/2/1 19:23,デジタルカメラ,たつ,6時間49分,0,4,4.0,0,0,0.01,0.0,0.0,0.01,あと3日,https://detail.chiebukuro.yahoo.co.jp/qa/question_detail/q13324906618,証明写真機で撮ってイケメンの人は本物のイケメンですか？,0,0
1218,2026/2/1 19:23,生き方、人生相談,a88973703,6時間49分,4,48,12.0,0,4,0.117,8.33,0.01,0.9,あと3日,https://detail.chiebukuro.yahoo.co.jp/qa/question_detail/q12324906617,尊敬と好きって違いますもんね？,0,0
1220,2026/2/1 19:23,音楽,1249881532,6時間49分,0,2,2.0,0,0,0.005,0.0,0.0,0.0,あと3日,https://detail.chiebukuro.yahoo.co.jp/qa/question_detail/q10324906615,音楽アプリspomicって無くなりましたか？,0,0
1221,2026/2/1 19:23,観光,1150193592,6時間49分,1,34,34.0,0,1,0.083,2.94,0.03,0.28,あと3日,https://detail.chiebukuro.yahoo.co.jp/qa/question_detail/q14324906614,韓国旅行の旅費について質問です。 今度韓国に旅行に行こうと思っているのですが、航空機、ホテル以外で大体どれくらい持ってった方がいいか教えて頂きたいです！ 整形とか美容医療するつもりもなく、特に爆買いす...,0,0
1222,2026/2/1 19:23,恋愛相談、人間関係の悩み,1052919370,6時間49分,1,38,38.0,0,1,0.093,2.63,0.04,0.29,不明,https://detail.chiebukuro.yahoo.co.jp/qa/question_detail/q13324906613,彼氏の気持ちが分からず困っています。 先日、私のわがままさが原因で喧嘩してしまい別れ話をする事になりました。 私は交際を続けたい、彼氏はLINEでは別れたいという意志が固まっていた様子だったので、自分...,0,0
1223,2026/2/1 19:23,家族関係の悩み,ooi********,6時間49分,4,32,8.0,0,9,0.078,12.5,0.01,1.22,あと3日,https://detail.chiebukuro.yahoo.co.jp/qa/question_detail/q12324906612,小学生の誕生日のプレゼントに ニンテンドースイッチ２は高額すぎますか？,0,0
1224,2026/2/1 19:23,ライブ、コンサート,mam********,6時間49分,1,33,33.0,0,1,0.081,3.03,0.03,0.27,あと3日,https://detail.chiebukuro.yahoo.co.jp/qa/question_detail/q11324906611,Vaundy福岡2/8のチケットについて、娘がチケットぴあで当選ました。私と夫で行こうと思い支払い済みです。娘は行きません。 Vaundy電子チケットは1人毎APPチケット登録は理解しましたが、娘以外...,0,0
1225,2026/2/1 19:23,ファッション,ああ,6時間49分,0,2,2.0,0,0,0.005,0.0,0.0,0.0,あと3日,https://detail.chiebukuro.yahoo.co.jp/qa/question_detail/q10324906610,トポロジーのショルダーストラップは太さ6ミリの方がいいですか？8ミリの方がいいですか？ 機能性と見た目両方で教えて欲しいです 春フェスで使いたいなって考えてます,0,0
1226,2026/2/1 19:23,スマホアプリ,.,6時間50分,1,21,21.0,0,0,0.051,4.76,0.01,0.17,あと3日,https://detail.chiebukuro.yahoo.co.jp/qa/question_detail/q14324906609,ウーバーイーツのクーポンについて。これってみんな貰えてます？年内回数無制限だし普通にチートレベルでやばいと思うんですけど。,0,0
1227,2026/2/1 19:23,病気、症状,^_^,6時間50分,1,15,15.0,0,0,0.037,6.67,0.01,0.16,あと3日,https://detail.chiebukuro.yahoo.co.jp/qa/question_detail/q13324906608,腹痛に関してです。汚い話なので不快にさせてしまったらすみません 現在16歳女子です。私は小学6年生の頃から慢性便秘症であまり便がでません。中学2年生の頃からモビコールを服用し、高校からは部活やら勉強や...,0,0
1228,2026/2/1 19:23,プレイステーション4,ac5bdfdba,6時間50分,0,4,4.0,0,0,0.01,0.0,0.0,0.01,あと3日,https://detail.chiebukuro.yahoo.co.jp/qa/question_detail/q12324906607,ARKについて質問です。画像の通りマップの地形がすべて透けてしまいます。ドライバーの更新とファイの整合性のチェックはやりました。解決方法のわかる有識者の方お願いします。,0,0
1229,2026/2/1 19:23,iPhone,非公開,6時間50分,1,11,11.0,0,0,0.027,9.09,0.0,0.15,あと3日,https://detail.chiebukuro.yahoo.co.jp/qa/question_detail/q10324906605,Apple Storeで頼んだiPhone17が届いたのですが、不良品ではないかなどみるべきポイントはありますか？,0,0
1230,2026/2/1 19:23,X（旧Twitter）,ほたて,6時間50分,1,42,42.0,0,0,0.102,2.38,0.04,0.22,不明,https://detail.chiebukuro.yahoo.co.jp/qa/question_detail/q11324906606,これってブロックされていますか？,0,0
1231,2026/2/1 19:23,アニメ,Blue3,6時間50分,1,17,17.0,0,1,0.041,5.88,0.01,0.24,あと3日,https://detail.chiebukuro.yahoo.co.jp/qa/question_detail/q14324906604,Fate/strange Fakeではセイバー（リチャード1世）を女性にしなかったのは何故ですか？,0,0
1232,2026/2/1 19:23,大学受験,****************,6時間50分,0,9,9.0,0,0,0.022,0.0,0.0,0.02,あと3日,https://detail.chiebukuro.yahoo.co.jp/qa/question_detail/q13324906603,北大総理物重志望です。 数学に関してですが過去問が終わったあと他の大学（東北、神戸などなど）の過去問やるべきですか?それとも販売されているオープン模試の過去問を解くべきですか?,0,0
1233,2026/2/1 19:22,シニアライフ、シルバーライフ,セリカ,6時間51分,5,41,8.2,0,0,0.1,12.2,0.01,0.71,あと3日,https://detail.chiebukuro.yahoo.co.jp/qa/question_detail/q11324906601,身近に変わり者はいますか？,0,0
1234,2026/2/1 19:22,テーマパーク,Mir,6時間51分,0,8,8.0,0,0,0.019,0.0,0.0,0.02,あと3日,https://detail.chiebukuro.yahoo.co.jp/qa/question_detail/q10324906600,友達と制服でディズニーや渋谷に行く時は、やはりリュックだと浮きますか、、？‪( ; ; )‬ スクバを持っていなくてリュックで遊びに行きたいのですが、リュックを可愛くデコる方法などあれば教えてください...,0,0
1235,2026/2/1 19:22,薄毛、抜け毛,bb29dc9d7,6時間51分,0,6,6.0,0,0,0.015,0.0,0.0,0.01,あと3日,https://detail.chiebukuro.yahoo.co.jp/qa/question_detail/q14324906599,植毛1000グラフトするとなると安いクリニックどこですか？ 自分なりに探して東京植毛美容クリニックの900000円が最安でした。 トルコや、韓国でできるという話も聞いたことあるんですが技術や、交通費を...,0,0
1236,2026/2/1 19:22,携帯型ゲーム全般,Tofu,6時間51分,2,42,21.0,0,0,0.102,4.76,0.02,0.34,あと3日,https://detail.chiebukuro.yahoo.co.jp/qa/question_detail/q12324906597,原神のパーティ、育成について質問です。 今原神は3年目くらいなのですが、レベル90のキャラがあまりおらず、火力不足を痛感する日々です。 この子は90まであげたほうが良いとか、90突破までで良いなどのア...,0,0
1237,2026/2/1 19:22,プレイステーション4,みかん好採法,6時間51分,1,4,4.0,0,0,0.01,25.0,0.0,0.13,あと3日,https://detail.chiebukuro.yahoo.co.jp/qa/question_detail/q11324906596,三国志Ⅷをsteamで購入してプレイしています。 僕は劉備（君主）でプレイしていますが、三國志Ⅶよりやりづらい感があります（世界観がまず違うかな。） 関羽に長沙の太守を任せていますが、内政の指示は4つ...,0,0
1238,2026/2/1 19:22,日本語,GA GA,6時間51分,1,8,8.0,0,0,0.019,12.5,0.0,0.14,あと3日,https://detail.chiebukuro.yahoo.co.jp/qa/question_detail/q10324906595,点と点が線となって繋がるというのを例文で例えるとどうなりますか？,0,0
1239,2026/2/1 19:22,恋愛相談、人間関係の悩み,dfr********,6時間51分,1,5,5.0,0,0,0.012,20.0,0.0,0.13,あと3日,https://detail.chiebukuro.yahoo.co.jp/qa/question_detail/q14324906594,女性に質問です 痩せ型の男かマッチョすぎないマッチョ どっちが好きですか？,0,0
1240,2026/2/1 19:22,学校の悩み,a7eed9c52,6時間51分,2,3,1.5,0,0,0.007,66.67,0.0,0.25,あと3日,https://detail.chiebukuro.yahoo.co.jp/qa/question_detail/q12324906592,自称進学校が辛いです。（特に英語） ・学年末考査まで1週間と少ししかないのに謎のテストを大量に実施、その対策。 ・平日毎日単語をやらされる。 ・週末には自学を強要し、週明けにそのテスト。 ・授業の予習...,0,0
1241,2026/2/1 19:22,政治、社会問題,ugk********,6時間52分,1,23,23.0,1,0,0.056,4.35,0.01,0.42,あと3日,https://detail.chiebukuro.yahoo.co.jp/qa/question_detail/q11324906591,内閣官房の医務官は高市首相の関節の負傷程度やリュウマチの症状を公表すべきではないでしょうか。討論番組欠席が仮病でないことを国民に知らせるべきと思います。,0,0
1242,2026/2/1 19:22,賃貸物件,匿名,6時間52分,1,36,36.0,0,3,0.087,2.78,0.03,0.43,あと3日,https://detail.chiebukuro.yahoo.co.jp/qa/question_detail/q13324906593,新居の愚痴です。 前の住人の住み方が酷かったみたいで、退去は4ヶ月ほど前なのに天井にはクモの巣、建具の部分には何か吐瀉物のようなものがありました。退去時のクリーニングはすんでいるのでもう現状貸しになる...,0,0
1243,2026/2/1 19:22,大学受験,a7bce5238,6時間52分,0,31,31.0,0,0,0.075,0.0,0.0,0.08,あと3日,https://detail.chiebukuro.yahoo.co.jp/qa/question_detail/q12324906587,福岡大学一般入試の去年の過去問を解きました。正答数は、 英語8/24(日本語訳除く) 国語19/26(現代語訳除く) 政経49/62(○×問題が完答だった場合、29/40) 経済学部産業経済学科志望で...,0,0
1244,2026/2/1 19:22,海外生活,コンコルド打法,6時間52分,1,4,4.0,0,0,0.01,25.0,0.0,0.13,あと3日,https://detail.chiebukuro.yahoo.co.jp/qa/question_detail/q11324906586,①~④を英語で何と言いますか? ①ずわい蟹 ②サーモンと白菜のミルフィーユ ③不知火 ④酒粕のババロア,0,0
1245,2026/2/1 19:22,外国映画,1152765153,6時間52分,1,34,34.0,1,0,0.082,2.94,0.03,0.45,あと3日,https://detail.chiebukuro.yahoo.co.jp/qa/question_detail/q10324906585,至急！！ ｢君の名前で僕を呼んで｣をさっき見終わったんですけど、エリオもオリヴァーもいつ互いに好意を示し始めたんですか？ また、続編ってどうなると思いますか？映画化？しますかね、？ちょっと難しそうです...,0,0
1246,2026/2/1 19:22,香水,るり,6時間52分,1,9,9.0,0,0,0.022,11.11,0.0,0.14,あと3日,https://detail.chiebukuro.yahoo.co.jp/qa/question_detail/q14324906584,おすすめの香水教えてください！！ 中高一貫校に通う中3です。 高校進学祝いとして、自分の貯金で香水を買おうと思いました。 予算は1万円前後を考えています。 シャネルなんかもいいな…と思っています。 な...,0,0
1247,2026/2/1 19:22,郵便、宅配,1053245509,6時間52分,0,13,13.0,0,0,0.032,0.0,0.0,0.03,あと3日,https://detail.chiebukuro.yahoo.co.jp/qa/question_detail/q13324906583,げんじぶ 7周年カレンダーをスタダ便で購入された方に質問です。 お届け日が発売日の3月22日と記載されておりますが、その日自宅におらず荷物を受け取れません。 自宅に愛犬がおり、私が自宅にいない時にイン...,0,0
1249,2026/2/1 19:22,スロット,1150320786,6時間52分,1,23,23.0,0,0,0.056,4.35,0.01,0.18,あと3日,https://detail.chiebukuro.yahoo.co.jp/qa/question_detail/q14324906579,ジャグラー初心者です よく夜の台選びでレギュラーの確率がビックよりも高いものを選べと聞きますが、逆はどうでしょうか？ 今日累計4000くらい、合算1/130、BB1/202、RB1/473のハマり台を...,0,0
1250,2026/2/1 19:22,DIY,1153147848,6時間52分,0,5,5.0,0,0,0.012,0.0,0.0,0.01,あと3日,https://detail.chiebukuro.yahoo.co.jp/qa/question_detail/q10324906580,カインズホームのカインズ工房について カインズ工房のレンタルルームを利用された経験のある方にお聞きします。 たとえば本棚をDIYしたいと考え、カインズ工房のレンタルルームを予約をした場合、 可能な事、...,0,0
1251,2026/2/1 19:22,鉄道、列車、駅,app********,6時間52分,4,57,14.2,0,3,0.138,7.02,0.02,0.84,あと3日,https://detail.chiebukuro.yahoo.co.jp/qa/question_detail/q11324906581,千葉県から新宿へ朝通勤する場合、何線がおすすめですか？ 家賃を安くしたいので、都内から千葉に引っ越そうと思ってます。何線のどの駅あたりに住むか悩んでます。 勤務先は新宿駅7:40到着の電車に乗ります。...,0,0
1252,2026/2/1 19:22,100円ショップ,質問中,6時間52分,1,100,100.0,0,0,0.242,1.0,0.24,0.36,あと3日,https://detail.chiebukuro.yahoo.co.jp/qa/question_detail/q13324906578,100均のアイシングパウダーを使ってアイシングクッキーを作りたいのですが、どのぐらい日持ちしますか？誰か教えてください！,0,0
1253,2026/2/1 19:22,手芸,bpbp,6時間52分,1,50,50.0,0,1,0.121,2.0,0.06,0.31,あと3日,https://detail.chiebukuro.yahoo.co.jp/qa/question_detail/q11324906576,棒編み ボッブルの編み方について（画像あり） こちらの編み図のボッブル自体は編めるのですが、グレー（７段）の部分はどのような処理をすればいいでしょうか？仕上がり写真をみるとリーフのような形になっていま...,0,0
1254,2026/2/1 19:22,観光地、行楽地,bfbadd006,6時間52分,2,32,16.0,0,0,0.078,6.25,0.01,0.32,あと3日,https://detail.chiebukuro.yahoo.co.jp/qa/question_detail/q12324906577,旅行で沖縄に行きます！ 私は散歩したりぼーっと景色を見たりするのが好きんなですが、沖縄の海、景色、自然を満喫できるスポットなどあったら教えてほしいです！,0,0
1255,2026/2/1 19:22,福祉、介護,匿名,6時間52分,0,1,1.0,0,0,0.002,0.0,0.0,0.0,あと3日,https://detail.chiebukuro.yahoo.co.jp/qa/question_detail/q10324906575,私の祖父は高齢者施設に住んでいて、他の入居者は怒らないのに、祖父だけ時々怒っているのですが(それでも祖父は8割怒っていないみたいです)、何故、祖父だけ時々怒っているのでしょうか？,0,0
1256,2026/2/1 19:22,工芸,per********,6時間52分,1,15,15.0,0,0,0.036,6.67,0.01,0.16,あと3日,https://detail.chiebukuro.yahoo.co.jp/qa/question_detail/q14324906574,陶器市で購入した湯飲です。刻印がありますがなんと書いてあるか分かる方いらっしゃいますか？,0,0
1257,2026/2/1 19:22,友人関係の悩み,few********,6時間53分,2,13,6.5,0,0,0.031,15.38,0.0,0.27,あと3日,https://detail.chiebukuro.yahoo.co.jp/qa/question_detail/q13324906573,友人を作るマッチングアプリはありますか？,0,0
1258,2026/2/1 19:22,パチンコ,jog********,6時間53分,10,107,10.7,0,17,0.259,9.35,0.03,2.7,あと3日,https://detail.chiebukuro.yahoo.co.jp/qa/question_detail/q12324906572,パチンコに興味がありますが、 「月4～7万円勝ち→年間約70万円勝ち」 3年で210万円勝ち これがパチンコやる人の平均です って、本当ですか？,0,0
1260,2026/2/1 19:22,恋愛相談、人間関係の悩み,チェリアン,6時間53分,1,9,9.0,0,0,0.022,11.11,0.0,0.14,あと3日,https://detail.chiebukuro.yahoo.co.jp/qa/question_detail/q14324906569,怯えているひとじゃないと興奮できないの精神的な病気でしょうか？ 普通だともう興奮できません。,0,0
1261,2026/2/1 19:22,同人誌、コミケ,匿名,6時間53分,0,10,10.0,0,0,0.024,0.0,0.0,0.02,あと3日,https://detail.chiebukuro.yahoo.co.jp/qa/question_detail/q10324906570,龍が如くの二次創作について質問です。 龍が如くの中で好きなキャラクターが居て､ ぬいぐるみでオタ活をしたいのですが､ そのキャラクターのぬいぐるみは 公式から発売されておらず 自分でぬいぐるみを作って...,0,0
1262,2026/2/1 19:22,鉄道、列車、駅,1251461981,6時間53分,1,22,22.0,0,0,0.053,4.55,0.01,0.17,あと3日,https://detail.chiebukuro.yahoo.co.jp/qa/question_detail/q13324906568,池袋駅の乗車位置の隣に、「次発電車 〇両目 乗車位置」というのがあると思うのですが、あれってどういう意味ですか？ 私は次の電車の次に来る電車に乗る人が並ぶ場所だと思ってました。 ですが今日、そこに立っ...,0,0
1263,2026/2/1 19:22,政治、社会問題,***********,6時間53分,1,15,15.0,0,2,0.036,6.67,0.01,0.3,あと3日,https://detail.chiebukuro.yahoo.co.jp/qa/question_detail/q12324906567,高市総理は野党の求める食料品の消費減税について「物価高対策として即効性がない」と去年の国会で追求をかわしていたのに、選挙直前に急に消費税減税を言い出すのは整合性が無いのでは？ しかも、消費税減税の「検...,0,0
1264,2026/2/1 19:22,スマホアプリ,1150190700,6時間53分,0,22,22.0,0,0,0.053,0.0,0.0,0.05,あと3日,https://detail.chiebukuro.yahoo.co.jp/qa/question_detail/q11324906566,至急！原神について質問です。 コロンビーナが出たんですけど、キャラ数が少なく編成に困っています。 今の構成で、アルレッキーノ、雷電、コロンビーナ、鍾離の編成で組んでるんですけどこの構成は弱いですか？,0,0
1265,2026/2/1 19:21,メルカリ,グラちゃん,6時間54分,0,12,12.0,0,0,0.029,0.0,0.0,0.03,あと3日,https://detail.chiebukuro.yahoo.co.jp/qa/question_detail/q14324906564,初期不良で通電しない商品を購入しました。出品者もメルカリも評価が終わっているので、何もしません。何処に訴えれば良いでしょうか。,0,0
1266,2026/2/1 19:21,生き方、人生相談,非公開,6時間54分,3,30,10.0,0,0,0.072,10.0,0.01,0.43,あと3日,https://detail.chiebukuro.yahoo.co.jp/qa/question_detail/q10324906565,なんかいろいろと疲れました。 わたしはどうしたらいいですか？12歳です。 男性恐怖症、対人恐怖症です。 去年不登校になり、現在別室登校しています。一週間に一回行くか行かないかです。 来年中学に上がるこ...,0,0
1267,2026/2/1 19:21,スマホアプリ,さかな,6時間54分,2,31,15.5,0,1,0.075,6.45,0.01,0.39,あと3日,https://detail.chiebukuro.yahoo.co.jp/qa/question_detail/q13324906563,にゃんこ大戦争について質問です。 未来編3章の月にどうしても勝てません。 どのようなキャラを入れれば勝てるようになるのでしょうか。 今の編成はネコ、大狂乱ネコ、フィーバー、サテライト、漂流記、ヤミノワ...,0,0
1268,2026/2/1 19:21,病気、症状,1151864415,6時間54分,2,10,5.0,0,0,0.024,20.0,0.0,0.26,あと3日,https://detail.chiebukuro.yahoo.co.jp/qa/question_detail/q12324906562,カフェインを取ると判断力が鈍ったりするんですか？ あまりコーヒーとか飲まないのでわからないんですけど、ゲームのオンライン対戦で勝ったのに、カフェインを取って思考が固まってたから負けたんだと言い訳されて...,0,0
1270,2026/2/1 19:21,LINE,b2d67c11d,6時間54分,1,13,13.0,0,0,0.031,7.69,0.0,0.15,あと3日,https://detail.chiebukuro.yahoo.co.jp/qa/question_detail/q14324906559,ツムツムとLINEについての質問です。 最近ハート交換グループにはいって知らない人とライン追加したんですけど、それが多すぎて友達とトークする時にすごい邪魔です。 ハートの交換はできるけど表示はしない方...,0,0
1272,2026/2/1 19:21,政治、社会問題,1121049324,6時間55分,1,12,12.0,0,0,0.029,8.33,0.0,0.15,あと3日,https://detail.chiebukuro.yahoo.co.jp/qa/question_detail/q12324906557,アメリカのトランプ大統領がノーベル平和賞を取る方法を思い付きました！ いつも後ろに付いてくる髭のおっさんと一緒に政界引退したら高確率でノーベル平和賞取れると思います！ どう思いますか？,0,0
1273,2026/2/1 19:21,料理、食材,pek********,6時間55分,3,23,7.7,0,0,0.055,13.04,0.0,0.42,あと3日,https://detail.chiebukuro.yahoo.co.jp/qa/question_detail/q11324906556,電子レンジで500W2分のパックご飯と、500W2分のレトルトカレーを、面倒なので一緒に入れて500W2分で加熱したら、ぬるめのカレーができました。やっぱり足して4分にしなきゃダメだったんですかね？,0,0
1274,2026/2/1 19:21,ヘアケア,6a6y,6時間55分,2,10,5.0,0,0,0.024,20.0,0.0,0.26,あと3日,https://detail.chiebukuro.yahoo.co.jp/qa/question_detail/q10324906555,初めてヘアカラーをしたいと思っています。自分は地毛が真っ黒なのですが、こういう髪におすすめなカラーは何でしょうか？ ちなみに今気になっている色は、暗めのラベンダーカラーです。 みなさんの意見も聞かせて...,0,0
1275,2026/2/1 19:21,恋愛相談,非公開,6時間55分,4,33,8.2,0,0,0.079,12.12,0.01,0.56,あと3日,https://detail.chiebukuro.yahoo.co.jp/qa/question_detail/q14324906554,高校生です。 好きな人にLINEで、「同じ班なりたかった」と言ってしまいました。相手は「次一緒になりたいね」と返してきましたが、好きバレしたし、きもいと思われましたよね？ どうすればいいですか,0,0
1276,2026/2/1 19:21,法律相談,ころっけ,6時間55分,2,28,14.0,0,0,0.067,7.14,0.01,0.31,あと3日,https://detail.chiebukuro.yahoo.co.jp/qa/question_detail/q12324906552,詐欺ですか？,0,0
1277,2026/2/1 19:21,英語,b897d7712,6時間55分,0,1,1.0,0,0,0.002,0.0,0.0,0.0,あと3日,https://detail.chiebukuro.yahoo.co.jp/qa/question_detail/q13324906553,水辺の夜の特別編はいつ日本語訳のやつがベルトゥーンでみれるようになるんですか？,0,0
1278,2026/2/1 19:21,写真、ビデオ,ぺぺろんちーの,6時間55分,1,11,11.0,0,0,0.026,9.09,0.0,0.15,あと3日,https://detail.chiebukuro.yahoo.co.jp/qa/question_detail/q11324906551,先日capcutをダウンロードしたのですが、つい先ほど私の写真フォルダに入っている昔の写真が二つに対し、 「いいねされました」「テンプレートが使用されました」 といったような感じの通知が来ました。 焦...,0,0
1279,2026/2/1 19:21,病気、症状,oty*********,6時間55分,2,90,45.0,0,2,0.217,2.22,0.1,0.6,不明,https://detail.chiebukuro.yahoo.co.jp/qa/question_detail/q14324906549,18時40分ごろに食事を終え43分から19時7分までノンストップでジョギングをしました。 足を止めた瞬間経験したことのない眩暈と吐き気と腹痛が止まりません。どうすればいいでしょうか、今にも吐き戻しそう...,0,0
1280,2026/2/1 19:21,恋愛相談,bf224997,6時間55分,2,23,11.5,0,0,0.055,8.7,0.01,0.3,あと3日,https://detail.chiebukuro.yahoo.co.jp/qa/question_detail/q10324906550,可愛くて気になってる同い年の子にインスタでつながって3日なんですけど、最初のDMの切り出し方を教えて欲しいです（ちなみに学校も何もかも違うので、話したことすらありません）。,0,0
1281,2026/2/1 19:21,Yahoo!知恵袋,非公開,6時間55分,2,23,11.5,0,3,0.055,8.7,0.01,0.51,あと3日,https://detail.chiebukuro.yahoo.co.jp/qa/question_detail/q12324906547,投稿練習カテゴリにカテゴリ変更するとコインなしで質問を消せるから便利ですか？,0,0
1282,2026/2/1 19:21,ライブ、コンサート,c30f3242b,6時間55分,3,24,8.0,0,0,0.058,12.5,0.0,0.42,あと3日,https://detail.chiebukuro.yahoo.co.jp/qa/question_detail/q13324906548,イコラブのライブに初参戦しようと思っているのですが、キンブレのペンライト2本だけ持ってけばいいですか？,0,0
1283,2026/2/1 19:21,ゲーム,1252713653,6時間55分,0,1,1.0,0,0,0.002,0.0,0.0,0.0,あと3日,https://detail.chiebukuro.yahoo.co.jp/qa/question_detail/q11324906546,イナズマイレブンのランクマってキャラバンでもみんなビルドとか育成してる人ばっかですか？,0,0
1284,2026/2/1 19:21,政治、社会問題,***********,6時間55分,2,26,13.0,1,4,0.063,7.69,0.01,0.83,あと3日,https://detail.chiebukuro.yahoo.co.jp/qa/question_detail/q10324906545,高市人気ってバブルじゃないですか？ 何も成果を上げていないのに、人気だけが高い。 その人気を利用して解散総選挙しますが、これっておかしな現象ですよね？ 怖い話ですが、バブル期を謳歌していた日本人は、そ...,0,0
1285,2026/2/1 19:21,新車,chi********,6時間55分,2,38,19.0,0,0,0.091,5.26,0.02,0.33,あと3日,https://detail.chiebukuro.yahoo.co.jp/qa/question_detail/q13324906543,国産コンパクトSUVで1番アダプティブクルーザーコントロールの出来がいいのはどれですか ヤリスクロス ヴェゼル WR-V CX-30 CX-3 フロンクス クロスビー ロッキー キックス,0,0
1286,2026/2/1 19:21,鉄道ファン,hag********,6時間55分,1,79,79.0,1,1,0.19,1.27,0.15,0.62,あと3日,https://detail.chiebukuro.yahoo.co.jp/qa/question_detail/q12324906542,今度の名鉄のダイヤ改正でこんなこと言ってますけど、これって自分たちがまいた種によって発生している現象だと言うことを知らないのですか https://www.meitetsu.co.jp/profile...,0,0
1288,2026/2/1 19:21,恋愛相談、人間関係の悩み,***********,6時間55分,4,54,13.5,0,4,0.13,7.41,0.02,0.9,あと3日,https://detail.chiebukuro.yahoo.co.jp/qa/question_detail/q10324906540,男性５０歳、上位国立大学卒、健康、見た目は普通、親の介護無し ですが、コミュニケーション能力が低く、人生で２人としか付き合ったことが無く、そして、婚活でもつまらない男として何度も失敗してきました。 そ...,0,0
1289,2026/2/1 19:21,男性アイドル,1052376925,6時間56分,1,20,20.0,0,1,0.048,5.0,0.01,0.24,不明,https://detail.chiebukuro.yahoo.co.jp/qa/question_detail/q14324906539,この金城碧海くんいつの動画か分かる方いますか( ; ; ),0,0
1290,2026/2/1 19:21,ギター、ベース,cfc03fdc9,6時間56分,1,63,63.0,1,0,0.151,1.59,0.09,0.51,あと3日,https://detail.chiebukuro.yahoo.co.jp/qa/question_detail/q13324906538,ベースを上手く弾けるようになりたいです。 ベースを始めてかれこれ1年半近く経つのですが簡単なものしか弾くことができないし、リズムも安定しません。 というか楽譜通りのリズムがどんな感じなのかさえも分から...,0,0
1291,2026/2/1 19:21,お笑い芸人,チェチェンハーギン,6時間56分,2,37,18.5,0,0,0.089,5.41,0.02,0.33,あと3日,https://detail.chiebukuro.yahoo.co.jp/qa/question_detail/q12324906537,乃木坂ファンって、バナナマンのこと過大評価しすぎだと思いませんか? 確かに有名な芸人さんですが、明石家さんま・タモリみたいに扱われてますし、｢バナナマンクラスがアイドルのMCやってるのが凄すぎる｣とか...,0,0
1292,2026/2/1 19:21,小説,b7c2fb0cf,6時間56分,1,32,32.0,0,0,0.077,3.12,0.02,0.2,あと3日,https://detail.chiebukuro.yahoo.co.jp/qa/question_detail/q11324906536,小説の題名を思い出せず困っているのですが、良ければ助けていただけませんか。 日本語の小説で、何らかの短編集に入っていたはずです。 亡くなった夫の母と旅行にいく話で義母と主人公はとても仲が良く、婿入りだ...,0,0
1293,2026/2/1 19:21,新車,lsbgjwliiwvdav,6時間56分,4,42,10.5,1,0,0.101,9.52,0.01,0.82,あと3日,https://detail.chiebukuro.yahoo.co.jp/qa/question_detail/q10324906535,バイクのナビ。 ナビの言われた通りに走ってるのに、目的地に辿り着けない。 片道で45分の道のりが、 片道2〜3時間は掛かる。 ナビが1分につき3回の頻度で、 「ルートを変更します」 「ルートを変更しま...,0,0
1294,2026/2/1 19:21,YouTube,1149868434,6時間56分,0,8,8.0,0,0,0.019,0.0,0.0,0.02,あと3日,https://detail.chiebukuro.yahoo.co.jp/qa/question_detail/q14324906534,イリアム ゲーム実況について ゲーム会社が配信、実況を許可しているかつ、 使用する人間が、公序良俗に反する行為などをしなければ、問題ないという認識であっていますか？,0,0
1295,2026/2/1 19:21,携帯型ゲーム全般,1151275240,6時間56分,2,16,8.0,0,0,0.038,12.5,0.0,0.28,あと3日,https://detail.chiebukuro.yahoo.co.jp/qa/question_detail/q13324906533,アークナイツエンドフィールドの質問です 倉庫の1箇所から鉱石を取り出す場合鉱石の自動採掘機は何台あれば足りますか？,0,0
1296,2026/2/1 19:21,賃貸物件,匿名,6時間56分,2,32,16.0,0,0,0.077,6.25,0.01,0.32,あと3日,https://detail.chiebukuro.yahoo.co.jp/qa/question_detail/q12324906532,家賃について質問です。 給料の手取り15万円で、 アパートを借りようと思い、探しています。 今迄住んでいた家の近く(1時間以内)の アパートで家賃最低3.5万円で、 中学生の娘と2人暮らしをしようと ...,0,0
1297,2026/2/1 19:20,Yahoo!知恵袋,チ。ーチキンナゲットについてー,6時間57分,2,23,11.5,0,6,0.055,8.7,0.01,0.72,不明,https://detail.chiebukuro.yahoo.co.jp/qa/question_detail/q10324906530,その質問しなくてよくない？って質問例えばどんなのですか？,0,0
1298,2026/2/1 19:20,自動車,1052074768,6時間57分,3,16,5.3,0,0,0.038,18.75,0.0,0.4,あと3日,https://detail.chiebukuro.yahoo.co.jp/qa/question_detail/q14324906529,車の運転席に座ってると熱いのですが、わるい症状でしょうか？,0,0
1299,2026/2/1 19:20,英語,1051489681,6時間57分,2,15,7.5,0,0,0.036,13.33,0.0,0.27,あと3日,https://detail.chiebukuro.yahoo.co.jp/qa/question_detail/q13324906528,AIとの英会話で英語力を伸ばしたいの考えているのですが、どのサイト又はアプリがおすすめですか？ 無料でできるものがいいです,0,0
1300,2026/2/1 19:20,マインクラフト,kds*,6時間57分,1,21,21.0,0,0,0.05,4.76,0.01,0.17,あと3日,https://detail.chiebukuro.yahoo.co.jp/qa/question_detail/q12324906527,Minecraftを始めてみたいと思っています Minecraft トリプルバンドル というのがあるのですが、これでいいんでしょうか,0,0
1301,2026/2/1 19:20,恋愛相談、人間関係の悩み,b5a68d16a,6時間57分,4,38,9.5,0,0,0.091,10.53,0.01,0.57,あと3日,https://detail.chiebukuro.yahoo.co.jp/qa/question_detail/q11324906526,マチアプで5人の男性に会いました。5人とも2回目のデートに誘われたのですが、これは女性だと普通ですかね？？,0,0
1302,2026/2/1 19:20,コミック,aef94a2d6,6時間57分,0,7,7.0,0,0,0.017,0.0,0.0,0.02,あと3日,https://detail.chiebukuro.yahoo.co.jp/qa/question_detail/q14324906524,呪術廻戦ネタバレ含みます⚠️ 2期で狗巻は左腕をなくしてますが、札？が巻いてあるのはなんでですか？,0,0
1303,2026/2/1 19:20,高校受験,sora,6時間57分,1,14,14.0,0,0,0.034,7.14,0.0,0.15,あと3日,https://detail.chiebukuro.yahoo.co.jp/qa/question_detail/q10324906525,岡山工業高校の建築科と土木科、どちらを一般入試で受けるか悩んでいます。 ちなみに特別入試は建築科を受験します！ 何か、アドバイスください！,0,0
1304,2026/2/1 19:20,男性アイドル,b522fe23e,6時間57分,1,12,12.0,0,0,0.029,8.33,0.0,0.15,あと3日,https://detail.chiebukuro.yahoo.co.jp/qa/question_detail/q12324906522,ファミクラストアオンラインで予約受付中になっていて在庫限り等表示されてないのですがそれでも売り切れますか？,0,0
1305,2026/2/1 19:20,バラエティ、お笑い,dna********,6時間58分,0,15,15.0,0,0,0.036,0.0,0.0,0.04,あと3日,https://detail.chiebukuro.yahoo.co.jp/qa/question_detail/q13324906523,水曜日のダウンタウンの「説」の名前が思い出せず、探しています。 結構昔の放送回で、プレゼンターが バカリズムさん だったのは覚えています。 VTRの内容は細かく思い出せないのですが、VTRの最後の終わ...,0,0
1306,2026/2/1 19:20,コミック,a3929fc86,6時間58分,0,3,3.0,0,0,0.007,0.0,0.0,0.01,あと3日,https://detail.chiebukuro.yahoo.co.jp/qa/question_detail/q11324906521,the!性格ESTPです!!みたいな男のキャラいたら教えてください! 恋愛漫画のキャラでしたらとてもありがたいです!,0,0
1307,2026/2/1 19:20,大学受験,b1c18dcc5,6時間58分,4,56,14.0,0,0,0.134,7.14,0.02,0.61,あと3日,https://detail.chiebukuro.yahoo.co.jp/qa/question_detail/q10324906520,現在文系march志望の高校2年生です。 非進学校(偏差値50以下)から塾無しで逆転合格を狙っているのですが、文系のmarch志望が受けるべき模試がわかりません。勉強がすごく出来て受験に詳しい友達は「...,0,0
1308,2026/2/1 19:20,政治、社会問題,***********,6時間58分,7,94,13.4,1,8,0.225,7.45,0.03,1.87,あと3日,https://detail.chiebukuro.yahoo.co.jp/qa/question_detail/q14324906519,台湾有事発言で習近平を怒らせて対日制裁が強化されましたが、今度の選挙で高市与党が圧勝すれば、日本に強い政権ができたことを習近平がビビって、対日制裁を軟化させると見る保守右翼のコメンテーターがいますが、...,0,0
1309,2026/2/1 19:20,観光地、行楽地,非公開,6時間58分,2,21,10.5,0,0,0.05,9.52,0.01,0.29,あと3日,https://detail.chiebukuro.yahoo.co.jp/qa/question_detail/q13324906518,ユーチューブで「鹿児島市大都会」というタイトルの動画がいくつもありましたが本当に大都会ですか？ 調査したら鹿児島市は、 中核市で人口も50万人しかいません。 中核市の中で人口密度も1000人で30位で...,0,0
1310,2026/2/1 19:20,家族関係の悩み,非公開,6時間58分,0,31,31.0,0,0,0.074,0.0,0.0,0.07,あと3日,https://detail.chiebukuro.yahoo.co.jp/qa/question_detail/q11324906516,親が恥ずかしいです。助けてください。 中学生女子です。小学生の弟もいます。 私の父親はアル中で癇癪持ちで無職、モラハラ気質のDV男です。 母親はどこかの知らない男と不倫しています。 父親は、生乾きの上...,0,0
1311,2026/2/1 19:20,恋愛相談、人間関係の悩み,匿名,6時間58分,2,7,3.5,0,0,0.017,28.57,0.0,0.26,あと3日,https://detail.chiebukuro.yahoo.co.jp/qa/question_detail/q12324906517,職場で女性Aと男性Aと男性Bが休憩中で男性Aだけ違うところで食べると女性Aが気になるのはなぜですか？,0,0
1312,2026/2/1 19:20,国際情勢,mko********,6時間58分,2,18,9.0,0,2,0.043,11.11,0.0,0.42,あと3日,https://detail.chiebukuro.yahoo.co.jp/qa/question_detail/q14324906514,キア・スターマー首相(イギリス)は、イギリス本国で凄く評判が悪いですね。 X(旧ツイッター)は罵りの言葉であふれている。 日本のマスコミは、国際問題を公平に報道して欲しいな?,0,0
1313,2026/2/1 19:20,Windows 10,1051578613,6時間58分,2,10,5.0,0,0,0.024,20.0,0.0,0.26,あと3日,https://detail.chiebukuro.yahoo.co.jp/qa/question_detail/q13324906513,大至急、Windowsのライセンス認証ってプロダクトキーだけでできるんですか？USBとかいらないんですか？ちなみに認証されてないだけでosはあります,0,0
1314,2026/2/1 19:20,ダイエット,c64086008,6時間58分,4,34,8.5,0,4,0.081,11.76,0.01,0.84,あと3日,https://detail.chiebukuro.yahoo.co.jp/qa/question_detail/q10324906515,前ももがありえないくらい張っているのですが、筋膜ローラーでほぐし続けてもまっったく細くなりません心が折れそうです 何が問題なのでしょうか？,0,0
1315,2026/2/1 19:20,オーディオ,Rimx,6時間58分,1,38,38.0,0,0,0.091,2.63,0.03,0.21,あと3日,https://detail.chiebukuro.yahoo.co.jp/qa/question_detail/q11324906511,オーディオインターフェースのssl2+mk2にコンデンサーマイクを接続して使っているのですが、ダイレクトモニターだと音が片側からしか聴こえません。（ヘッドホンをAに挿したら左だけ） おそらく仕様なのだ...,0,0
1316,2026/2/1 19:20,鉄道ファン,c90760f5c,6時間58分,1,56,56.0,0,0,0.134,1.79,0.07,0.25,あと3日,https://detail.chiebukuro.yahoo.co.jp/qa/question_detail/q12324906512,首都圏 主に東京都 神奈川県 で珍しい電車が来る駅などを教えてください！,0,0
1317,2026/2/1 19:20,ライブ、コンサート,c30f3242b,6時間58分,1,15,15.0,0,2,0.036,6.67,0.01,0.3,あと3日,https://detail.chiebukuro.yahoo.co.jp/qa/question_detail/q14324906509,イコラブのライブに初参戦しようと思っているのですが、必ず覚えておいた方が良いコールはありますか？コールできない曲があっても周りから変な目で見られることはありますか？,0,0
1318,2026/2/1 19:20,病院、検査,GA GA,6時間58分,0,3,3.0,0,0,0.007,0.0,0.0,0.01,あと3日,https://detail.chiebukuro.yahoo.co.jp/qa/question_detail/q13324906508,ヤングケアラーや、aceサバイバーって、病院が診断するんじゃなくて自分でネットで調べて当てはまってたら、それで当てはまるとしても良いんですか？,0,0
1319,2026/2/1 19:20,日本語,フラッペ,6時間58分,0,4,4.0,0,0,0.01,0.0,0.0,0.01,あと3日,https://detail.chiebukuro.yahoo.co.jp/qa/question_detail/q10324906510,自称○○と自認○○と自分を○○と思い込んでる一般人の違いを教えて下さいm(_ _)m,0,0
1321,2026/2/1 19:20,Yahoo!知恵袋,*********,6時間59分,5,43,8.6,1,4,0.103,11.63,0.01,1.22,あと3日,https://detail.chiebukuro.yahoo.co.jp/qa/question_detail/q11324906506,「じゃあ何て書いてほしいの？」という、呆れるほどレベルの低い逆質問を受けました。 回答内容を質問者に委ねる時点で、それはもう回答者としての役割を放棄していますよね。 なぜ、根拠も知識もないのに、そこま...,0,0
1322,2026/2/1 19:20,アニメ,はかや,6時間59分,1,7,7.0,0,0,0.017,14.29,0.0,0.14,あと3日,https://detail.chiebukuro.yahoo.co.jp/qa/question_detail/q14324906504,銀魂を見ていて疑問に思ったことなのですが、坂本辰馬が攘夷戦争に出ていたことを真選組は知っているんですか？,0,0
1323,2026/2/1 19:20,カフェ、喫茶,1149840464,6時間59分,0,4,4.0,0,0,0.01,0.0,0.0,0.01,あと3日,https://detail.chiebukuro.yahoo.co.jp/qa/question_detail/q10324906505,今度椿山荘のアフタヌーンティーに行くのですが、椿茶というお茶はどのような味なのでしょうか？ 飲んだことのある方教えていただきたいです。 また、コーヒーやカフェオレなどはおいていないのでしょうか？ドリン...,0,0
1324,2026/2/1 19:20,観光地、行楽地,zeu********,6時間59分,0,28,28.0,1,0,0.067,0.0,0.0,0.3,あと3日,https://detail.chiebukuro.yahoo.co.jp/qa/question_detail/q13324906503,今、渇水で過去の村の遺構が見えると話題の津久井湖について 例のワゴンRの真横にある丘に写真のような何かの遺構がありました。 これだけ見て何か分かる方はいますか？ 単純に気になったのでお聞きしました,0,0
1325,2026/2/1 19:20,芸能人,Paralydium874565,6時間59分,0,1,1.0,0,0,0.002,0.0,0.0,0.0,あと3日,https://detail.chiebukuro.yahoo.co.jp/qa/question_detail/q12324906502,タレントの宮前真樹ですが、52歳にしては若くて可愛いと思いますか？ https://youtu.be/H9SV4nlDkyQ?t=23m38s,0,0
1326,2026/2/1 19:20,動画、映像,02msr,6時間59分,1,20,20.0,0,1,0.048,5.0,0.01,0.24,不明,https://detail.chiebukuro.yahoo.co.jp/qa/question_detail/q11324906501,blenderについて質問です。 立方体をアニメーションで拡大させたのですがその際、 拡大した分だけ、床として設置していた平面を貫通してしまいます。 床を貫通せずオブジェクトをアニメーションで拡大させ...,0,0
1327,2026/2/1 19:20,メルカリ,lev********,6時間59分,1,15,15.0,0,1,0.036,6.67,0.01,0.23,あと3日,https://detail.chiebukuro.yahoo.co.jp/qa/question_detail/q14324906499,プチプチについてなのですが、ねんどろいどサイズの箱が入るマチ付きプチプチ袋などは存在しますか？ メルカリで梱包で使いたいと思っておりますのでご存知の方おりましたら教えて下さい。宜しくお願い致します。,0,0
1328,2026/2/1 19:20,メルカリ,1251694886,6時間59分,4,84,21.0,0,1,0.2,4.76,0.04,0.75,あと3日,https://detail.chiebukuro.yahoo.co.jp/qa/question_detail/q10324906500,メルカリ 取引キャンセルについて 先程、とても欲しかった商品が出品されたので購入したのですが他サイトで売れたのでキャンセルして欲しい。と出品者から連絡がありました。 プロフィールを見ると他サイトでも出...,0,0
1329,2026/2/1 19:20,起業,sug********,6時間59分,1,15,15.0,0,0,0.036,6.67,0.01,0.15,あと3日,https://detail.chiebukuro.yahoo.co.jp/qa/question_detail/q13324906498,質問です。 最近ふと思いついたのですが、 「英語の戒名をつける」 というビジネスをやろうかなと思っています。 故人のイメージに合う英語のカッコいい戒名をつけるというサービスです。 例えば皆を楽しませて...,0,0
1330,2026/2/1 19:20,病気、症状,Lily,6時間59分,1,33,33.0,0,0,0.079,3.03,0.03,0.2,あと3日,https://detail.chiebukuro.yahoo.co.jp/qa/question_detail/q12324906497,大腸がん術後の食事制限について質問です。 私の身の回りに、大腸がんを経験した人が2人います。 1人は会社の同僚で、もう1人は母親なのですが、2人の言い分が真逆も真逆なので、不思議に思い質問します。 ま...,0,0
1331,2026/2/1 19:20,資格,1251800108,6時間59分,3,57,19.0,0,0,0.136,5.26,0.03,0.49,あと3日,https://detail.chiebukuro.yahoo.co.jp/qa/question_detail/q10324906495,不動産屋の事務について質問です。 現在簿記2級を所持しているのですが、簿記2級を取った上で宅建士も取得すれば就職の際、採用してくれる可能性は高くなるのでしょうか？ 現在将来に迷っていて、今から簿・財の...,0,0
1332,2026/2/1 19:19,芸能人,.,7時間0分,2,30,15.0,0,0,0.071,6.67,0.01,0.31,あと3日,https://detail.chiebukuro.yahoo.co.jp/qa/question_detail/q13324906493,私は、全盛期の加護亜依ちゃんや、IVEのレイちゃん、長浜広奈ちゃんのような、唯一無二の可愛さを持っていて、柔らかくて、バブみのあるお顔が好きなのですが、 私に刺さりそうなバブみのある可愛い方を教えてく...,0,0
1333,2026/2/1 19:19,ボクシング,ニコラとバード,7時間0分,2,19,9.5,0,0,0.045,10.53,0.0,0.28,不明,https://detail.chiebukuro.yahoo.co.jp/qa/question_detail/q12324906492,キャリントンは、良い選手だけど、井上尚弥とやるには、顎が弱そうですよね?,0,0
1334,2026/2/1 19:19,妊娠、出産,a6689dc1c,7時間0分,3,111,37.0,1,1,0.264,2.7,0.1,0.93,あと3日,https://detail.chiebukuro.yahoo.co.jp/qa/question_detail/q11324906491,今日の夕方ごろ彼と性行為をしました。 ちゃんとゴムはつけていて破れもなかったです。 抜いた際に白っぽいほぼ水のようにサラサラした液体が私から出てきて匂いも精液のような匂いもせずでもいつもこんなことがな...,0,0
1335,2026/2/1 19:19,洋楽,abb0c8107,7時間0分,0,11,11.0,0,0,0.026,0.0,0.0,0.03,あと3日,https://detail.chiebukuro.yahoo.co.jp/qa/question_detail/q10324906490,Martin MillerのYoutube動画のEDで流れてる曲は何ですか？ 具体的には以下URLの8:28〜です https://youtu.be/f-AYxGP-3YU?si=ckaGVVTTJF...,0,0
1336,2026/2/1 19:19,職場の悩み,naaa,7時間1分,2,31,15.5,0,0,0.074,6.45,0.01,0.31,あと3日,https://detail.chiebukuro.yahoo.co.jp/qa/question_detail/q14324906489,バイトの相談です。 店長とシフトが被ってる時だけ、レジをやらせてくれません。全員オープニングです。私はほんとにレジをやり始めて3回目くらいのときに、何度かミスをしてしまいそれが店長がいるときでした。3...,0,0
1337,2026/2/1 19:19,政治、社会問題,***********,7時間1分,3,40,13.3,2,6,0.095,7.5,0.01,1.35,あと3日,https://detail.chiebukuro.yahoo.co.jp/qa/question_detail/q13324906488,高市総理の「国民不在、選挙目当ての政治、永田町の論理に終止符を打たねばなりません」 お前が言うな！と思いましたか？ 物価高、景気対策を後回しにして、この時期に「総理は私で良いかしら？」って選挙をするな...,0,0
1338,2026/2/1 19:19,iPhone,非公開,7時間1分,2,16,8.0,0,0,0.038,12.5,0.0,0.27,あと3日,https://detail.chiebukuro.yahoo.co.jp/qa/question_detail/q12324906487,iPhoneの質問です バッテリー長持ちのためにホワイトポイントを下げるをONにすると画面にブラックフィルター?横見え防止のを付けてて暗くなるので明るさを最大にして使用していますが、どうなんでしょうか...,0,0
1339,2026/2/1 19:19,料理、レシピ,col********,7時間1分,4,27,6.8,0,0,0.064,14.81,0.0,0.54,不明,https://detail.chiebukuro.yahoo.co.jp/qa/question_detail/q11324906486,お米ってまだ高いですよね？,0,0
1340,2026/2/1 19:19,運転免許,ac2df76c1,7時間1分,3,37,12.3,0,0,0.088,8.11,0.01,0.44,あと3日,https://detail.chiebukuro.yahoo.co.jp/qa/question_detail/q10324906485,車校に通ってるんですがS字で脱輪してしまいます。特に最初の曲がり角で脱輪することが多いのですがS字に入った時にハンドルは戻すんですか？,0,0
1341,2026/2/1 19:19,恋愛相談、人間関係の悩み,ien********,7時間1分,1,17,17.0,0,0,0.04,5.88,0.01,0.16,あと3日,https://detail.chiebukuro.yahoo.co.jp/qa/question_detail/q14324906484,21歳大学生の女です。同い年の社会人の彼氏がいます。 今日デートの予定だったのですが、待ち合わせの3時間前に彼から「熱が出たから今日は行けなくなってしまった、予定立ててたのに体調管理できてなくてごめん...,0,0
1342,2026/2/1 19:19,タブレット端末,DAIKINNGU,7時間1分,0,3,3.0,0,0,0.007,0.0,0.0,0.01,あと3日,https://detail.chiebukuro.yahoo.co.jp/qa/question_detail/q13324906483,iPadで前にやっていたゲームを久しぶりにダウンロードしようとしたら、画像のような画面が出てきてログインが出来ません。これはどうしたら良いのでしょうか？ 誰か教えて下さい(iPadの画面が割れており見...,0,0
1343,2026/2/1 19:19,デンタルケア,skc********,7時間1分,0,7,7.0,0,0,0.017,0.0,0.0,0.02,あと3日,https://detail.chiebukuro.yahoo.co.jp/qa/question_detail/q12324906482,昨日、下の横向き埋没の親知らずを抜歯しました。 しかし、全然腫れません。痛みはまだ少しあります。 数年前に逆側を抜いた時はパンパンに腫れました。 何だか逆に心配になってきました。 下の横向きの歯でも腫...,0,0
1344,2026/2/1 19:19,政治、社会問題,まーぼー,7時間1分,1,11,11.0,0,0,0.026,9.09,0.0,0.14,あと3日,https://detail.chiebukuro.yahoo.co.jp/qa/question_detail/q11324906481,元東京都知事の石原慎太郎みたいなカリスマ性のある男はもういませんよね。残念です。,0,0
1345,2026/2/1 19:19,インターネットショッピング,メガネフェチ,7時間1分,0,4,4.0,0,0,0.009,0.0,0.0,0.01,あと3日,https://detail.chiebukuro.yahoo.co.jp/qa/question_detail/q14324906479,SHEINについて質問です。 よく購入品紹介であるクーポン、あれは本当なんですか！？なんか怖くて……使えるんでしょうか？,0,0
1346,2026/2/1 19:19,料理、食材,b15c0c3dc,7時間1分,2,32,16.0,0,0,0.076,6.25,0.01,0.31,あと3日,https://detail.chiebukuro.yahoo.co.jp/qa/question_detail/q10324906480,ゴルゴンゾーラ(ドルチェ)125gが半額だったので購入しました。 バルサミコのソースに少々使用し、半分以上残っています。 そのまま食べてみたら、自分のバカ舌にはカビとしか認識されません。 熱すると足の...,0,0
1347,2026/2/1 19:19,バイク,1150906489,7時間1分,4,19,4.8,0,0,0.045,21.05,0.0,0.52,あと3日,https://detail.chiebukuro.yahoo.co.jp/qa/question_detail/q13324906478,バイクについてです エキパイやマフラーの通販などで見る4-2-1などはどういう意味ですか？,0,0
1348,2026/2/1 19:19,恋愛相談、人間関係の悩み,kom********,7時間1分,1,8,8.0,0,1,0.019,12.5,0.0,0.21,あと3日,https://detail.chiebukuro.yahoo.co.jp/qa/question_detail/q11324906476,ちびまる子ちゃんの花輪君、名探偵コナンの鈴木園子の様な金持ち/財閥一家の子孫を友人(親友)/知り合い/恋人などの関係を持ちたいですか？,0,0
1349,2026/2/1 19:19,アルバイト、フリーター,ＩＤ非公開,7時間1分,0,2,2.0,0,0,0.005,0.0,0.0,0.0,あと3日,https://detail.chiebukuro.yahoo.co.jp/qa/question_detail/q14324906474,LINEスキマニで応募出来ません。400157と出ます。何故ですか 全部の求人に出ます,0,0
1350,2026/2/1 19:19,K-POP、アジア,あ,7時間1分,2,71,35.5,0,2,0.168,2.82,0.06,0.55,不明,https://detail.chiebukuro.yahoo.co.jp/qa/question_detail/q10324906475,kpopアイドル詳しい方に質問です！ この動画の冒頭でケーキを食べているグループは誰ですか！？ https://youtube.com/shorts/tU-qNoaTmBE?si=Wkq14pl5Zr...,0,0
1351,2026/2/1 19:19,健康、病気、病院,xwh********,7時間1分,1,30,30.0,1,0,0.071,3.33,0.02,0.43,不明,https://detail.chiebukuro.yahoo.co.jp/qa/question_detail/q13324906473,医者の生活を知らないんですが、 学会の発表って、どれくらい忙しいものなんですか？数時間も会うのが難しいものなんですかね、、？ 何百人規模とは言ってました。30代半ばです。 OLの私には理解できないので...,0,0
1352,2026/2/1 19:19,新築一戸建て,a305ebdb9,7時間2分,1,32,32.0,0,0,0.076,3.12,0.02,0.19,あと3日,https://detail.chiebukuro.yahoo.co.jp/qa/question_detail/q12324906472,パナホームの断熱リフォームについて質問です。 築17年のパナホームのオール電化の建売住宅に住んでいますが、購入当初から冬は寒く、2年前にインプラスを施工しました。しかしながら、今年の東北の冬は寒さが厳...,0,0
1353,2026/2/1 19:19,刀剣乱舞,1152872076,7時間2分,1,40,40.0,0,1,0.095,2.5,0.04,0.28,あと3日,https://detail.chiebukuro.yahoo.co.jp/qa/question_detail/q11324906471,刀剣乱舞について 博多藤四郎くんを沢山集めたいのですが、大阪城の何階を周回するのがおすすめでしょうか？ 始めたばかりで、90階が限界です> <,0,0
1354,2026/2/1 19:19,麻雀,rfx********,7時間2分,2,24,12.0,0,4,0.057,8.33,0.01,0.58,あと3日,https://detail.chiebukuro.yahoo.co.jp/qa/question_detail/q10324906470,三麻です オーラス親番でトップ目を追う場面、ラス目からリーチが入りました。 この時の思考としては １.満貫までなら耐えられるから押せ ２.ラス回避徹底、絶対ベタオリ どちらが正解でしょうか,0,0
1355,2026/2/1 19:19,学校の悩み,はるさめさらだー,7時間2分,0,10,10.0,0,0,0.024,0.0,0.0,0.02,あと3日,https://detail.chiebukuro.yahoo.co.jp/qa/question_detail/q14324906469,学校の授業の英コの発表にてコントをしないといけなくなりネタが全く思いつきません、とりあえずaltを笑わせるのが目標ですが全く思いつかなくて詰んでます。 コントの内容は2人の生徒と犬の話という大まかな部...,0,0
1356,2026/2/1 19:19,恋愛相談、人間関係の悩み,匿名,7時間2分,0,2,2.0,0,0,0.005,0.0,0.0,0.0,あと3日,https://detail.chiebukuro.yahoo.co.jp/qa/question_detail/q13324906468,会社が100個分ある家に、父と2人で暮らしている、お坊っちゃまの、23歳の男性Aを、どう思いますか？,0,0
1357,2026/2/1 19:19,携帯型ゲーム全般,888888888,7時間2分,0,8,8.0,0,0,0.019,0.0,0.0,0.02,あと3日,https://detail.chiebukuro.yahoo.co.jp/qa/question_detail/q12324906467,ぷよクエで星7にするのがおすすめなキャラを教えてください。 今、所持しているコスト60のキャラはつきよのウィッチエミリア＆パック、善逸の3体です。 他に必要な情報があれば答えます。 また、月夜のウィッ...,0,0
1358,2026/2/1 19:19,政治、社会問題,***********,7時間2分,6,59,9.8,0,6,0.14,10.17,0.01,1.27,あと3日,https://detail.chiebukuro.yahoo.co.jp/qa/question_detail/q14324906464,日本は失われた30年間をそのまま続けたいか？ YES＝与党自民党 NO＝野党 という選挙ですか？,0,0
1359,2026/2/1 19:19,職業,Userbai,7時間2分,5,75,15.0,0,5,0.177,6.67,0.03,1.12,不明,https://detail.chiebukuro.yahoo.co.jp/qa/question_detail/q13324906463,将来、自動車学校の指導員になりたいです 教官になるために求められる能力、資格を取るまでどのようなことをするかなどざっくりでいいので教えほしいです。 参考にしたいです,0,0
1360,2026/2/1 19:18,コミック,a3929fc86,7時間3分,1,15,15.0,0,0,0.035,6.67,0.01,0.15,あと3日,https://detail.chiebukuro.yahoo.co.jp/qa/question_detail/q12324906462,the王道少女漫画の男キャラが知りたいです。 ったく…なんだコイツ可愛いみたいな… やっぱ俺がいないとダメだわ…的な 自惚れしてて少し子供っぽい性格のようなキャラいたら教えてください!,0,0
1361,2026/2/1 19:18,お酒、ドリンク,1052383042,7時間3分,1,35,35.0,0,1,0.083,2.86,0.03,0.27,あと3日,https://detail.chiebukuro.yahoo.co.jp/qa/question_detail/q11324906461,お酒飲めないんですけどよくメニューにノンアルコールビールとあるのですがコレは飲んでも酔っ払わないんですか？ またノンアルコールだから飲んで車運転しても問題ないものですか？,0,0
1362,2026/2/1 19:18,大学受験,1053014329,7時間3分,0,40,40.0,0,0,0.094,0.0,0.0,0.09,あと3日,https://detail.chiebukuro.yahoo.co.jp/qa/question_detail/q10324906460,同志社大学理系を受験した方に質問があります。 自分は神戸大学理系に出願するつもりの高校三年生です。私立の併願として、同志社大学と関西大学に出願するつもりなのですが、同志社大学の問題難しすぎませんか？ ...,0,0
1363,2026/2/1 19:18,麻雀,oie********,7時間3分,1,16,16.0,0,0,0.038,6.25,0.01,0.16,あと3日,https://detail.chiebukuro.yahoo.co.jp/qa/question_detail/q14324906459,黙聴牌の見分け方を教えてください,0,0
1364,2026/2/1 19:18,画像処理、制作,ce2fd9917,7時間3分,0,14,14.0,0,0,0.033,0.0,0.0,0.03,あと3日,https://detail.chiebukuro.yahoo.co.jp/qa/question_detail/q13324906458,この画像はai生成のものでしょうか？,0,0
1365,2026/2/1 19:18,スマホアプリ,t,7時間3分,1,7,7.0,0,0,0.017,14.29,0.0,0.13,あと3日,https://detail.chiebukuro.yahoo.co.jp/qa/question_detail/q12324906457,使わないアプリは消さずにそのままにしてますか？,0,0
1366,2026/2/1 19:18,ゲームセンター,blh********,7時間4分,0,10,10.0,0,0,0.024,0.0,0.0,0.02,あと3日,https://detail.chiebukuro.yahoo.co.jp/qa/question_detail/q11324906456,山形県でお好きなゲームセンターを教えてください。 クレーンゲームが趣味なので知りたいです。,0,0
1367,2026/2/1 19:18,大学受験,1253111288,7時間4分,2,46,23.0,0,4,0.108,4.35,0.02,0.63,あと3日,https://detail.chiebukuro.yahoo.co.jp/qa/question_detail/q10324906455,高校三年生です。大学受験のことで相談です。 私は将来、社会科教員になりたいと考えており、その為、地方国立大学の教育学部を前期で、後期で地方公立大、そして滑り止めとして共テ利用の私立を受験します。 前期...,0,0
1368,2026/2/1 19:18,ゲーム,cda5cd664,7時間4分,0,4,4.0,0,0,0.009,0.0,0.0,0.01,あと3日,https://detail.chiebukuro.yahoo.co.jp/qa/question_detail/q14324906454,トモコレわくわく生活はSwitchライトでもできますか？,0,0
1369,2026/2/1 19:18,iPhone,dnw********,7時間4分,1,21,21.0,0,0,0.05,4.76,0.01,0.17,あと3日,https://detail.chiebukuro.yahoo.co.jp/qa/question_detail/q12324906452,AndroidからiPhoneに変更しようと思います。ドコモからは回線はかえたくないのですが、プラチナカードももっており、補償はドコモで買わないと補償対象外とのことでした。 しかし、プラチナカード補償...,0,0
1370,2026/2/1 19:18,観光地、行楽地,efz********,7時間4分,6,71,11.8,0,2,0.167,8.45,0.02,1.01,あと3日,https://detail.chiebukuro.yahoo.co.jp/qa/question_detail/q13324906453,3月下旬に1泊2日〜2泊3日で一人旅するのにおすすめの場所をお聞きしたいです。 東京郊外在住の20代女です。 3月中旬〜下旬のどこかで3連休をとれることになりました。職場は人員の理由でなかなか連休をと...,0,0
1371,2026/2/1 19:18,料理、食材,b45143071,7時間4分,1,9,9.0,0,0,0.021,11.11,0.0,0.14,あと3日,https://detail.chiebukuro.yahoo.co.jp/qa/question_detail/q11324906451,精肉店で買った鶏むね肉の皮をはいだら膿のような物が、このまま調理できますか？ 食べない方がいいですか？,0,0
1372,2026/2/1 19:18,政治、社会問題,***********,7時間4分,4,31,7.8,2,10,0.073,12.9,0.01,1.72,あと3日,https://detail.chiebukuro.yahoo.co.jp/qa/question_detail/q10324906450,選挙費用が約700億円かかるそうです。与党の自民党と維新は「身を切る改革」と言って、議員定数削減1割を訴えていました。 議員一人当たり7000万円の税金が使われています。 1割で46人。 7000万円...,0,0
1373,2026/2/1 19:18,新築一戸建て,非公開,7時間4分,4,49,12.2,0,0,0.115,8.16,0.01,0.59,あと3日,https://detail.chiebukuro.yahoo.co.jp/qa/question_detail/q13324906448,新築の図面について 持ち土地に新築を建てれたらいいな〜と思い 2件のハウスメーカーで、契約はせず、 この土地にこの間取りの家を建てれるかの相談をしています。 図面作成してもらっていますが、希望の間取り...,0,0
1374,2026/2/1 19:18,交通、運転マナー,ac2df76c1,7時間4分,5,42,8.4,0,1,0.099,11.9,0.01,0.76,あと3日,https://detail.chiebukuro.yahoo.co.jp/qa/question_detail/q12324906447,右折をする際巻き込み確認はしないといけませんか？,0,0
1375,2026/2/1 19:18,アルバイト、フリーター,1052482066,7時間4分,2,25,12.5,0,0,0.059,8.0,0.01,0.29,あと3日,https://detail.chiebukuro.yahoo.co.jp/qa/question_detail/q14324906444,バイト運がありません。。 高３で初めてバイトをしようと思っていたのですが、7個応募して1つしか面接に進めませんでした。 他6個はメッセージ来ないか、もう人が足りてるとの事でした。じゃあ掲載すんなよって...,0,0
1376,2026/2/1 19:18,ゲーム,まる,7時間4分,1,21,21.0,0,0,0.049,4.76,0.01,0.17,あと3日,https://detail.chiebukuro.yahoo.co.jp/qa/question_detail/q13324906443,エンドフィールドに関してです。 武陵右上の栽培施設で植えて水やりして4時間と出てたんですがある程度たってから再度ログインしたら時間が変わっていませんでした。 こちらは他の工業施設と違ってゲーム内時間な...,0,0
1377,2026/2/1 19:18,政治、社会問題,チ。ーチキンナゲットについてー,7時間4分,0,8,8.0,0,0,0.019,0.0,0.0,0.02,あと3日,https://detail.chiebukuro.yahoo.co.jp/qa/question_detail/q12324906442,つい最近、Xでいじめ問題が話題になりましたがその中で加害者の特定やその家族の特定も話題に上がりました。この特定についてどう思いますか？自分は加害者の特定は許容、家族の特定は許容できないと感じました。,0,0
1378,2026/2/1 19:18,高校受験,a11828cbf,7時間4分,0,15,15.0,0,0,0.035,0.0,0.0,0.04,あと3日,https://detail.chiebukuro.yahoo.co.jp/qa/question_detail/q10324906440,受験生です。高校に記載されている合格最低点数とは内申とテストの点数なんですか？教えてください明日受験なので,0,0
1379,2026/2/1 19:18,職場の悩み,yseamrm,7時間4分,4,49,12.2,0,1,0.115,8.16,0.01,0.66,あと3日,https://detail.chiebukuro.yahoo.co.jp/qa/question_detail/q13324906438,仕事のせいで毎日自◯を考えるくらいなら、やめた方がいいんでしょうか？ それとも根性なし？,0,0
1380,2026/2/1 19:18,アニメ,短い,7時間4分,0,12,12.0,0,0,0.028,0.0,0.0,0.03,あと3日,https://detail.chiebukuro.yahoo.co.jp/qa/question_detail/q14324906439,コナンファンに質問。ラルクの「flower」という曲が倉木麻衣よりもずっとコナンの蘭姉ちゃんに合うと思うのですが、どうですか？ ちなみに歌詞がこれです↓,0,0
1381,2026/2/1 19:18,昆虫,b3e6f7339,7時間5分,1,20,20.0,0,2,0.047,5.0,0.01,0.31,不明,https://detail.chiebukuro.yahoo.co.jp/qa/question_detail/q11324906436,虫取り網の持ち運び方（？）について質問です。 ときどき、虫取り網を背負っている人のイラストを見かけるのですが、後ろから見るとどうなっているのですか？実際の経験がないので磁石でも使ってるのか？としか考え...,0,0
1382,2026/2/1 19:18,転職,bdc1d61cb,7時間5分,1,27,27.0,0,0,0.064,3.7,0.02,0.18,あと3日,https://detail.chiebukuro.yahoo.co.jp/qa/question_detail/q12324906437,40代一級建築士で、小規模設計事務所（20名程度）から中堅組織設計事務所への転職を検討しています。中途採用には即戦力が求められていますが、どの程度必要なのでしょうか。 設計から監理まで一通りは経験して...,0,0
1383,2026/2/1 19:18,スマホアプリ,倍返し,7時間5分,1,15,15.0,0,1,0.035,6.67,0.01,0.22,あと3日,https://detail.chiebukuro.yahoo.co.jp/qa/question_detail/q10324906435,マッチングアプリのペアーズは なぜ、会員数が一番多いのですか？,0,0
1384,2026/2/1 19:18,生き方、人生相談,1251623621,7時間5分,2,41,20.5,0,0,0.096,4.88,0.02,0.33,あと3日,https://detail.chiebukuro.yahoo.co.jp/qa/question_detail/q14324906434,最近人と上手く話せなくなりました。 元々会話は好きだったのですが、嫌なことが続いてから人間関係が上手くいかず、人と話す際緊張するようになってしまいました。 そのせいか、噛みやすくなったり返答や返しが出...,0,0
1385,2026/2/1 19:18,海外サッカー,非公開,7時間5分,5,47,9.4,1,0,0.111,10.64,0.01,0.93,あと3日,https://detail.chiebukuro.yahoo.co.jp/qa/question_detail/q13324906433,現世界ストライカー四天王。ケイン、ハーランド、エンバペ、あと1人は誰を上げますか？日本人以外でお願いします。,0,0
1386,2026/2/1 19:18,労働条件、給与、残業,匿名,7時間5分,2,7,3.5,0,0,0.016,28.57,0.0,0.25,あと3日,https://detail.chiebukuro.yahoo.co.jp/qa/question_detail/q11324906431,学校が100個分ある家に住んでいる、お嬢様の中３の女子の父は、月給がいくらくらいですか？,0,0
1387,2026/2/1 19:18,釣り,zkr********,7時間5分,1,26,26.0,0,0,0.061,3.85,0.02,0.18,あと3日,https://detail.chiebukuro.yahoo.co.jp/qa/question_detail/q12324906432,南方離島用ルアーのオススメ教えていただきたいです。 狙いたい魚種はgt、カスミアジ、イソンボ、カンパチなどの〜15kgです。 よろしくお願い致します。,0,0
1388,2026/2/1 19:18,友人関係の悩み,1151335586,7時間5分,4,22,5.5,0,0,0.052,18.18,0.0,0.52,あと3日,https://detail.chiebukuro.yahoo.co.jp/qa/question_detail/q10324906430,友達と会ってて楽しいと思ったこと、ほぼ無いんですけど普通ですか？,0,0
1389,2026/2/1 19:17,トレーニング,gen********,7時間6分,0,5,5.0,0,0,0.012,0.0,0.0,0.01,あと3日,https://detail.chiebukuro.yahoo.co.jp/qa/question_detail/q14324906429,チョコザップはストレッチスペースで動画を見ながら筋トレをしてもいいのでしょうか？,0,0
1390,2026/2/1 19:17,自転車、サイクリング,wtw********,7時間6分,5,37,7.4,0,2,0.087,13.51,0.01,0.81,あと3日,https://detail.chiebukuro.yahoo.co.jp/qa/question_detail/q13324906428,ハイエンドよりもミドルの方がタイムがいいとか、安心感があるって聞くのですが本当ですか？,0,0
1391,2026/2/1 19:17,大学受験,bf05df611,7時間6分,0,16,16.0,0,0,0.037,0.0,0.0,0.04,あと3日,https://detail.chiebukuro.yahoo.co.jp/qa/question_detail/q12324906427,浪人生で今年九産大を受験する人はいますか？ 私服で受験しますか？ 基本的に目立つのが苦手で私服だと目立つのではないかと怖いです,0,0
1392,2026/2/1 19:17,テーマパーク,iam********,7時間6分,3,15,5.0,0,0,0.035,20.0,0.0,0.39,あと3日,https://detail.chiebukuro.yahoo.co.jp/qa/question_detail/q10324906425,キッザニアに行こうと思ってます。そこで質問ですが、順番はどんな順番で行った方がいいか教えて下さい。 •はんこ •ビューティーサロン •医師 この３つを回りたいです。宜しくお願いします。,0,0
1393,2026/2/1 19:17,芸能人,あはな,7時間6分,0,4,4.0,0,0,0.009,0.0,0.0,0.01,あと3日,https://detail.chiebukuro.yahoo.co.jp/qa/question_detail/q11324906426,ミセスグリーンアップルのモノマネをしている人で1番上手いと思うのは誰ですか？,0,0
1394,2026/2/1 19:17,政治、社会問題,***********,7時間6分,2,11,5.5,1,5,0.026,18.18,0.0,0.84,あと3日,https://detail.chiebukuro.yahoo.co.jp/qa/question_detail/q14324906424,消費税減税の「検討を加速する」って、税源はこれから検討ってことですよね。 「財源見つけられたら、消費税減税やります」って、「責任ある積極財政」ではなく「責任逃れの積極財政」ですか？,0,0
1395,2026/2/1 19:17,恋愛相談,1049959515,7時間6分,2,18,9.0,0,0,0.042,11.11,0.0,0.28,あと3日,https://detail.chiebukuro.yahoo.co.jp/qa/question_detail/q13324906423,女友達がコンカフェにハマって推しに数百万円つかったそうです、恋愛感情は無いと友達は言ってるのですが、その推しが他の女の子と仲良くしているのを見て悔し泣きしていました。 本当に恋愛感情無いと思いますか？,0,0
1396,2026/2/1 19:17,資格,非公開,7時間7分,2,17,8.5,0,0,0.04,11.76,0.0,0.27,あと3日,https://detail.chiebukuro.yahoo.co.jp/qa/question_detail/q11324906421,50枚！乙種４類消防設備士のオススメの問題集をお願いします。 出来れば公論社以外でお願いします。 因みにテキストはインプレスが出してる物を使っています。（出版したてなので決めました。） 回答宜しくお願...,0,0
1397,2026/2/1 19:17,俳優、女優,Paralydium874565,7時間7分,0,8,8.0,0,0,0.019,0.0,0.0,0.02,あと3日,https://detail.chiebukuro.yahoo.co.jp/qa/question_detail/q10324906420,あっしが好きな女性タレントは、 この通りですが、好みの系統は分かりますか？ 年輩から若い順に、 ●石田ゆり子（56） ●宮前真樹（52） https://youtu.be/H9SV4nlDkyQ?t=...,0,0
1398,2026/2/1 19:17,ゲーム,acceb06d0,7時間7分,1,46,46.0,0,0,0.108,2.17,0.05,0.22,あと3日,https://detail.chiebukuro.yahoo.co.jp/qa/question_detail/q14324906419,至急 forgeをダウンロードしたいのですが ここをクリックしてもなにも起きませんどうしたらいいですか？,0,0
1399,2026/2/1 19:17,恋愛相談、人間関係の悩み,匿名,7時間7分,3,10,3.3,0,0,0.023,30.0,0.0,0.37,あと3日,https://detail.chiebukuro.yahoo.co.jp/qa/question_detail/q13324906418,職場で女性Aと男性Aと男性Bが休憩中で男性Aだけ違うところで食べていると女性はいつもより男性Bと話さないのはなぜですか？,0,0
1400,2026/2/1 19:17,ポケットモンスター,うずまさ,7時間7分,3,16,5.3,0,0,0.037,18.75,0.0,0.39,あと3日,https://detail.chiebukuro.yahoo.co.jp/qa/question_detail/q12324906417,ポケポケの新弾【夢幻パレード】 あなたは何連した？,0,0
1401,2026/2/1 19:17,携帯型ゲーム全般,b2a525873,7時間7分,0,6,6.0,0,0,0.014,0.0,0.0,0.01,あと3日,https://detail.chiebukuro.yahoo.co.jp/qa/question_detail/q11324906416,アナザーエデンについての質問です。現在火パーティーしか組んでおらず、サラマンダーなどの火に強い相手に戦えません。火以外の星5は風の隠密ツバメとイドしかいません。 どのようにしたは良いか教えていただける...,0,0
1402,2026/2/1 19:17,ライブ、コンサート,tko********,7時間7分,3,30,10.0,0,4,0.07,10.0,0.01,0.7,不明,https://detail.chiebukuro.yahoo.co.jp/qa/question_detail/q14324906414,ポルノグラフィティのライブ抽選に初申し込みしました 当たるかわからないけど、50代女性が1人で行ったらおかしいでしょうか？,0,0
1403,2026/2/1 19:17,メンズ全般,1052514664,7時間7分,0,10,10.0,0,0,0.023,0.0,0.0,0.02,あと3日,https://detail.chiebukuro.yahoo.co.jp/qa/question_detail/q10324906415,モンクレールのパチモンが欲しいのですがどこで買えますか？,0,0
1404,2026/2/1 19:17,自動車,aa7feab6e,7時間7分,1,8,8.0,0,0,0.019,12.5,0.0,0.14,あと3日,https://detail.chiebukuro.yahoo.co.jp/qa/question_detail/q13324906413,車について質問です 馬鹿げた話ですが見た目だけケーニングセグジェスコみたいなレプリカ車を作りたいです それのベースとなる車でおすすめな車はありますか？それともそもそも不可能でしょうか,0,0
1405,2026/2/1 19:17,高校受験,aee4d4743,7時間7分,0,2,2.0,0,0,0.005,0.0,0.0,0.0,あと3日,https://detail.chiebukuro.yahoo.co.jp/qa/question_detail/q11324906411,砂川高校定時制の受験をする物です試験当日の流れと会場がどこだか教えてくれませんか？,0,0
1406,2026/2/1 19:17,シニアライフ、シルバーライフ,umum,7時間7分,4,26,6.5,0,1,0.061,15.38,0.0,0.6,あと3日,https://detail.chiebukuro.yahoo.co.jp/qa/question_detail/q12324906412,独身の人はどのタイミングで老後施設に入ればいいと思いますか？ 頼る人がいなければボケてからでは遅いですよね？,0,0
1407,2026/2/1 19:17,DIY,つぶグミ,7時間7分,4,46,11.5,0,0,0.108,8.7,0.01,0.57,あと3日,https://detail.chiebukuro.yahoo.co.jp/qa/question_detail/q14324906409,このタイプのヒューズの使い方？について質問 IPFの後付けフォグランプを付けた際、このタイプのヒューズが付いていました。興味本位でカバーを分解したところ、中の端子？同士が容易に外れるようになってしまい...,0,0
1408,2026/2/1 19:17,メルカリ,zut********,7時間7分,0,14,14.0,0,0,0.033,0.0,0.0,0.03,あと3日,https://detail.chiebukuro.yahoo.co.jp/qa/question_detail/q13324906408,メルカリのメルペイ使うとちょいちょい利用制限になりマイナンバーの提出を求められ放置されるとログアウトされメールから再認証求められますがこのメールのURLがSafariじゃないと開けないと言われて(Sa...,0,0
1409,2026/2/1 19:17,恋愛相談、人間関係の悩み,Ny .,7時間7分,1,11,11.0,0,0,0.026,9.09,0.0,0.14,あと3日,https://detail.chiebukuro.yahoo.co.jp/qa/question_detail/q12324906407,彼氏がISFJの擁護者＋最後の恋人、私がENFPの運動家＋主役体質です。私は人からも元気で明るいと言われるタイプで、無邪気だねと言って貰えることが多く自分でもそうなのかな？ と思っています。彼氏はとに...,0,0
1410,2026/2/1 19:17,政治、社会問題,***********,7時間7分,0,11,11.0,0,0,0.026,0.0,0.0,0.03,あと3日,https://detail.chiebukuro.yahoo.co.jp/qa/question_detail/q14324906404,高市総理の高支持率の理由は①初の女性総理②台湾有事発言③公明党切り の3点が主な理由ですか？,0,0
1411,2026/2/1 19:17,恋愛相談、人間関係の悩み,1153123449,7時間7分,1,49,49.0,0,0,0.115,2.04,0.06,0.23,あと3日,https://detail.chiebukuro.yahoo.co.jp/qa/question_detail/q13324906403,付き合って2ヶ月ほどの彼女がいるのですが、わがままを言って欲しいと言われたのでハグがしたいと返答したところ、それだけ？ と言われてしまいました。逆に何かしたいことがあるのか聞いてみると、特に無いと言わ...,0,0
1412,2026/2/1 19:16,ホテル、旅館,c3ec59ab9,7時間8分,0,5,5.0,0,0,0.012,0.0,0.0,0.01,あと3日,https://detail.chiebukuro.yahoo.co.jp/qa/question_detail/q11324906401,Osaka Nipponbashi EVISU HOSTELについてなんですけど、ここはカプセルホテルなんですけど1500円ほどで泊まれます。実際に泊まった事ある人やここの事知ってる人に聞きたいです。...,0,0
1413,2026/2/1 19:16,アニメ,椎名,7時間9分,0,6,6.0,0,0,0.014,0.0,0.0,0.01,あと3日,https://detail.chiebukuro.yahoo.co.jp/qa/question_detail/q10324906400,超かぐや姫のグッズについて 左上のアクスタと右下のアクスタで値段が違うのはどうしてですか？ちなみに、左上は本体：W70×H139mm / 台座：W57×H38mm、右下は約H140×90mm以内（キャ...,0,0
1414,2026/2/1 19:16,インフルエンザ,少女Ｙ,7時間9分,2,15,7.5,0,0,0.035,13.33,0.0,0.27,あと3日,https://detail.chiebukuro.yahoo.co.jp/qa/question_detail/q14324906399,インフルエンザBの治癒書みたいなのって学校からもらうんですか？？ てゆーか今って必ず提出しないといけないんですか？,0,0
1415,2026/2/1 19:16,大学,ID 非公開,7時間9分,2,54,27.0,0,1,0.126,3.7,0.03,0.43,不明,https://detail.chiebukuro.yahoo.co.jp/qa/question_detail/q12324906397,ジャソーの奨学金って、何月からもらえますか？？ また、１０月頃に結果が消え、申請は通ったぽいですが、振り込みなどの手続きは大学入学後にありますか？,0,0
1416,2026/2/1 19:16,法律相談,c2f119e64,7時間9分,1,18,18.0,1,0,0.042,5.56,0.01,0.39,あと3日,https://detail.chiebukuro.yahoo.co.jp/qa/question_detail/q11324906396,パソコン工房は土日及び5.15.25がつく日は中古の日で中古品が割引されます。 ところがネット通販の場合店頭だと割引なのにネットだと対象になってないものがあります。 問い合わせたところ、「法律でそうな...,0,0
1417,2026/2/1 19:16,数学,おさかな,7時間9分,0,28,28.0,0,0,0.065,0.0,0.0,0.07,あと3日,https://detail.chiebukuro.yahoo.co.jp/qa/question_detail/q10324906395,至急お願いします！写真の問題を途中式と図もありで解いて欲しいです！,0,0
1418,2026/2/1 19:16,料理、食材,ＩＤ非公開,7時間9分,1,3,3.0,0,1,0.007,33.33,0.0,0.19,あと3日,https://detail.chiebukuro.yahoo.co.jp/qa/question_detail/q14324906394,オクラは板ずりしますか？しなくても正直分からないですか？,0,0
1419,2026/2/1 19:16,Yahoo!知恵袋,gom********,7時間9分,1,8,8.0,0,0,0.019,12.5,0.0,0.13,あと3日,https://detail.chiebukuro.yahoo.co.jp/qa/question_detail/q13324906393,GODIVAパンって整理券が要りますか？,0,0
1420,2026/2/1 19:16,高校受験,中3,7時間9分,1,9,9.0,0,0,0.021,11.11,0.0,0.14,あと3日,https://detail.chiebukuro.yahoo.co.jp/qa/question_detail/q12324906392,大阪中学3年です。内申点の出してくれるサイトなどで、中3の内申を記入する枠があるのですが、中3の内申は3学期のみの内申ということでしょうか,0,0
1421,2026/2/1 19:16,Yahoo!知恵袋,b4112bcc5,7時間9分,0,8,8.0,0,0,0.019,0.0,0.0,0.02,あと3日,https://detail.chiebukuro.yahoo.co.jp/qa/question_detail/q11324906391,この状態は届きますか？,0,0
1422,2026/2/1 19:16,スポーツ,don********,7時間9分,0,4,4.0,0,0,0.009,0.0,0.0,0.01,あと3日,https://detail.chiebukuro.yahoo.co.jp/qa/question_detail/q10324906390,アンダーアーマーシューズ チャージドパスートとサージは同じタイプなのでしょうか？ 今はチャージドパスート3ですが 新しくなれば4になるという感じでしょうか？ 因みにNIKEやadidas、PUMA、ニ...,0,0
1423,2026/2/1 19:16,恋愛相談、人間関係の悩み,qgajg#dmwtpwt,7時間9分,4,35,8.8,0,0,0.081,11.43,0.01,0.55,あと3日,https://detail.chiebukuro.yahoo.co.jp/qa/question_detail/q14324906389,寂しいです。 遠距離恋愛の彼と、毎日LINEしています。 会うのは３ヶ月程度に一度。 仕事忙しいのと、自分の時間確保したい、距離も遠いのでそんな感じです。 時に、素っ気ないLINEだけ。 今日もそう。...,0,0
1424,2026/2/1 19:16,Yahoo!知恵袋,1052196262,7時間9分,2,44,22.0,0,2,0.102,4.55,0.02,0.47,あと3日,https://detail.chiebukuro.yahoo.co.jp/qa/question_detail/q13324906388,【至急】 https://detail.chiebukuro.yahoo.co.jp/qa/question_detail/q14324611784 この質問をしたものです。ベストアンサーを試したらい...,0,0
1425,2026/2/1 19:16,この仕事教えて,匿名,7時間9分,1,8,8.0,0,0,0.019,12.5,0.0,0.13,あと3日,https://detail.chiebukuro.yahoo.co.jp/qa/question_detail/q12324906387,銀行に総合職と一般職がある事を知らない男性は多いですか？,0,0
1426,2026/2/1 19:16,邦楽,Shen zhen shi.,7時間9分,1,18,18.0,0,0,0.042,5.56,0.01,0.16,あと3日,https://detail.chiebukuro.yahoo.co.jp/qa/question_detail/q11324906386,下記URLの曲を歌っているのは誰なのでしょうか。 ・ ・ ・ ■ Luxury in Monaco! Mercedes & Glamorous ・ https://www.youtube.com/sh...,0,0
1427,2026/2/1 19:16,郵便、宅配,har********,7時間9分,1,14,14.0,0,0,0.033,7.14,0.0,0.15,あと3日,https://detail.chiebukuro.yahoo.co.jp/qa/question_detail/q10324906385,ゆうパックは、鉄パイプ（ベッドの部品）をヒモで縛り、むき出しのまま発送できますか？ それとも、ダンボールで適当に包まないとダメなんでしょうか。,0,0
1428,2026/2/1 19:16,化学,1150530561,7時間10分,0,4,4.0,0,0,0.009,0.0,0.0,0.01,あと3日,https://detail.chiebukuro.yahoo.co.jp/qa/question_detail/q14324906384,化学が苦手な人には鎌田の理論化学と宇宙一わかりやすい高校化学の理論化学のどちらがあっていますか？？,0,0
1429,2026/2/1 19:16,男性アイドル,匿名,7時間10分,0,20,20.0,0,0,0.047,0.0,0.0,0.05,あと3日,https://detail.chiebukuro.yahoo.co.jp/qa/question_detail/q13324906383,あまり聞くようなことでは無いのは承知の上なのですが、STARTOジュニアの人気順ってどのグループ・個人だと誰が人気なのでしょうか？ 現場はまだ行ったことがなくて、グループではキテレツの岩崎大昇くん、無...,0,0
1430,2026/2/1 19:16,LINE,cc4ef9add,7時間10分,1,15,15.0,0,2,0.035,6.67,0.01,0.29,あと3日,https://detail.chiebukuro.yahoo.co.jp/qa/question_detail/q10324906380,LINEについてです。 今日xiaomiのスマホからGoogle Pixelのスマホに機種変更したのですが、LINEのアカウントの引き継ぎもしました。引き継ぎ方法はQR引き継ぎです。すると、私の所属し...,0,0
1431,2026/2/1 19:16,政治、社会問題,非公開,7時間10分,1,17,17.0,0,0,0.04,5.88,0.01,0.16,あと3日,https://detail.chiebukuro.yahoo.co.jp/qa/question_detail/q14324906379,店舗型特殊浴場は法律の下で運営されています。高市氏が言っていることには該当しませんよね？ 問題は路上で客待ちしている人のことですよね？,0,0
1432,2026/2/1 19:16,恋愛相談、人間関係の悩み,1052511616,7時間10分,3,58,19.3,0,1,0.135,5.17,0.03,0.55,あと3日,https://detail.chiebukuro.yahoo.co.jp/qa/question_detail/q11324906381,自分に喝を入れてください。 共テが終わってから2次試験対策をしなければいけない側なのですが今まで取ったことなかったB判定を取れて調子に乗ってしまっています。共テ前だったら絶対やらなかったゲームをやった...,0,0
1433,2026/2/1 19:16,家族関係の悩み,A.,7時間10分,1,26,26.0,0,3,0.06,3.85,0.02,0.38,あと3日,https://detail.chiebukuro.yahoo.co.jp/qa/question_detail/q13324906378,両親離婚してますが、去年父親が還暦だったのでプレゼントとメッセージ送りました。 母親も還暦でしたが、おめでとうもプレゼントもしていません。感謝したいと思える人でないし、嫌いです。 父親のこともあまり好...,0,0
1434,2026/2/1 19:16,iPhone,puddingpipi,7時間10分,2,13,6.5,0,0,0.03,15.38,0.0,0.26,あと3日,https://detail.chiebukuro.yahoo.co.jp/qa/question_detail/q12324906377,現在iPhone11の128G、iCloudのストレージ50Gを課金しそこに写真などをバックアップしています。 iPhone17機種変をするのですが、iPhone本体のギガ数を上げればiCloud課金...,0,0
1435,2026/2/1 19:16,法律相談,ad1********,7時間10分,2,32,16.0,0,1,0.074,6.25,0.01,0.38,あと3日,https://detail.chiebukuro.yahoo.co.jp/qa/question_detail/q11324906376,定期的に差し入れのある受刑者を被告にして領置金差し押さえを目的で少額訴訟（60万）を行いたいのですが、『領置金の満つるまで』という文言までいき当たったのですが、 具体的に書面のどの部分にそれをもってい...,0,0
1436,2026/2/1 19:16,大学受験,cc0ecadba,7時間10分,0,4,4.0,0,0,0.009,0.0,0.0,0.01,あと3日,https://detail.chiebukuro.yahoo.co.jp/qa/question_detail/q14324906374,京進大学受験TOPΣについて質問です。現在高校1年生で学力診断テストを受講するのですが、どのような問題が問われますか？基本的な知識なのか、高校範囲の勉強なのか教えてほしいです。教科は英語と数学です。,0,0
1437,2026/2/1 19:16,レディースバッグ、財布、小物類,非公開,7時間10分,1,11,11.0,0,0,0.026,9.09,0.0,0.14,あと3日,https://detail.chiebukuro.yahoo.co.jp/qa/question_detail/q10324906375,このヴィトンのバッグのモデル名教えていただけないでしょうかm(__)m ビュシかと思っていたら違いどうしても思い出せません(;_;),0,0
1438,2026/2/1 19:16,Yahoo!知恵袋,horizon,7時間10分,2,9,4.5,0,0,0.021,22.22,0.0,0.25,あと3日,https://detail.chiebukuro.yahoo.co.jp/qa/question_detail/q12324906372,2月になり花粉症の季節が近くなってきました。 ドラッグストアでも風邪薬より花粉症の薬が多くなってきました。 皆さんはどのようなアレルギーの薬をお使いですか？ 個人的には、 アレロック錠 サンテゾーン点...,0,0
1439,2026/2/1 19:16,菓子、スイーツ,非公開,7時間10分,1,17,17.0,0,0,0.039,5.88,0.01,0.16,あと3日,https://detail.chiebukuro.yahoo.co.jp/qa/question_detail/q11324906371,今の季節だったら歩いて10分のところにアイスを買いに行っても帰ってくるまで溶けないでしょうか？ 夜だったら大丈夫そうだけど、できれば昼間に買いに行きたいので...、体感温度が高くても意外と溶けないもの...,0,0
1440,2026/2/1 19:16,習い事,b6954a7ab,7時間10分,1,12,12.0,0,0,0.028,8.33,0.0,0.14,不明,https://detail.chiebukuro.yahoo.co.jp/qa/question_detail/q10324906370,習い事、塾助成カードについて質問です。 習い事先のオーナーにカードを預かると言われ、パスワードを教えてくださいとのことでした。 カードを預け、パスワードを教えても問題ないでしょうか？,0,0
1441,2026/2/1 19:16,LINE,あ,7時間10分,2,15,7.5,1,0,0.035,13.33,0.0,0.5,あと3日,https://detail.chiebukuro.yahoo.co.jp/qa/question_detail/q14324906369,LINEのLYPプレミアムについての質問です！ iPhoneからiPhoneへ機種変更する際に、LINEのアルバムやトーク履歴など全て移行したかったので、LYPプレミアムに入ったのですが、解約手続き時...,0,0
1442,2026/2/1 19:16,ポケットモンスター,よよ,7時間10分,0,3,3.0,0,0,0.007,0.0,0.0,0.01,あと3日,https://detail.chiebukuro.yahoo.co.jp/qa/question_detail/q12324906367,ポケモンカードのPSA鑑定って持ち込みできる場所とかありますか？それが出来ないならどこのサイトが1番使われてるサイトですか？,0,0
1443,2026/2/1 19:16,海外,ちゃねーふけ,7時間10分,1,19,19.0,0,0,0.044,5.26,0.01,0.16,あと3日,https://detail.chiebukuro.yahoo.co.jp/qa/question_detail/q11324906366,ロシアとヨーロッパ(どこの国でも良い)は線路は繋がっているのでしょうか？,0,0
1444,2026/2/1 19:16,iPhone,1150458297,7時間11分,1,17,17.0,0,0,0.039,5.88,0.01,0.16,あと3日,https://detail.chiebukuro.yahoo.co.jp/qa/question_detail/q14324906364,ソフトバンクなんですが、みなさんAppleCAREは、入ってますか？ 携帯返却時の保証として入ってたがいいんですかね？,0,0
1445,2026/2/1 19:16,うつ病,a5bf36ffb,7時間11分,4,56,14.0,0,0,0.13,7.14,0.02,0.59,あと3日,https://detail.chiebukuro.yahoo.co.jp/qa/question_detail/q13324906363,鬱なので批判コメントは無しでお願いします。 ODしたことがある方に質問です。 本気で死にたくて、酒と咳止め薬でODして3ヶ月ほど経ちます。 後遺症ってどんなものがありましたか？調べてもよくわからず.....,0,0
1446,2026/2/1 19:16,電子マネー、電子決済,tri7eg,7時間11分,2,13,6.5,0,1,0.03,15.38,0.0,0.33,あと3日,https://detail.chiebukuro.yahoo.co.jp/qa/question_detail/q12324906362,至急お願いします コンビニで買える楽天のギフトカードは楽天ペイにチャージして使うことはできますか？ よろしくお願いします,0,0
1447,2026/2/1 19:16,ゲーム,1149932416,7時間11分,0,18,18.0,0,0,0.042,0.0,0.0,0.04,あと3日,https://detail.chiebukuro.yahoo.co.jp/qa/question_detail/q11324906361,機械系に無知のため質問です。PS5用にDellのS2725QSというモニターを買いました。ヘッドホンを使って音を聞きたいのですが、イヤホンジャックがついていないそうです。 この場合無線のヘッドホンを買...,0,0
1448,2026/2/1 19:15,同人誌、コミケ,柑橘類系,7時間12分,5,128,25.6,0,6,0.296,3.91,0.08,1.29,あと3日,https://detail.chiebukuro.yahoo.co.jp/qa/question_detail/q14324906359,好きな作品が最近賛否両論の炎上し、私自身も一部不満を感じていました。そんな中、作品名で検索している中で、誹謗中傷レベルの批判を繰り返す「愚痴垢」を何個か見つけてしまいました。 「（非公式CP名）はﾀﾋ...,0,0
1449,2026/2/1 19:15,大学受験,cac859b11,7時間12分,3,33,11.0,0,0,0.076,9.09,0.01,0.42,あと3日,https://detail.chiebukuro.yahoo.co.jp/qa/question_detail/q13324906358,東京農業大学の入試についてです。 23年度と22年度で数学の難易度が明らかに変わっている気がするのは気のせいなのでしょうか。 23以降は9割とか取れても22以前は全然とれません。今更不安になっても仕方...,0,0
1450,2026/2/1 19:15,恋愛相談、人間関係の悩み,匿名,7時間12分,1,12,12.0,0,0,0.028,8.33,0.0,0.14,あと3日,https://detail.chiebukuro.yahoo.co.jp/qa/question_detail/q12324906357,女性Aに、 ｢私の声は28歳にしては老けてますか？｣ と聞かれて、 ｢う～ん、そんな事ないんじゃないですかね｣ と言った、女性Bは、 ｢う～ん｣ と言ったのが失礼ですか？,0,0
1451,2026/2/1 19:15,自動車,onq********,7時間12分,0,26,26.0,0,0,0.06,0.0,0.0,0.06,あと3日,https://detail.chiebukuro.yahoo.co.jp/qa/question_detail/q11324906356,"ランクル250のレザーシートの座面について 相談です。 走行距離1,000km未満の頃から、添付のような皺やたわみができてしまっております。 運転者体重は55kg程で、座り方や重さも普通だったと個人的...",0,0
1452,2026/2/1 19:15,大学受験,"3,79779769",7時間12分,0,32,32.0,0,0,0.074,0.0,0.0,0.07,あと3日,https://detail.chiebukuro.yahoo.co.jp/qa/question_detail/q10324906355,東北学院大学の英語の並び替え問題って完答ですか？わかる方教えてください,0,0
1453,2026/2/1 19:15,大学受験,さ,7時間12分,2,13,6.5,0,1,0.03,15.38,0.0,0.33,あと3日,https://detail.chiebukuro.yahoo.co.jp/qa/question_detail/q14324906354,青チャートのIAをやっています。例題が初見で解けたら練習問題はやったほうがいいですか？やらなくても大丈夫ですか？,0,0
1455,2026/2/1 19:15,菓子、スイーツ,＿＿＿＿,7時間12分,3,18,6.0,0,4,0.042,16.67,0.0,0.66,あと3日,https://detail.chiebukuro.yahoo.co.jp/qa/question_detail/q12324906352,スナック菓子とかおせんべいとか食べる時のパリパリみたいな音もクチャラーとか言われるんですか？,0,0
1456,2026/2/1 19:15,商品の発送、受け取り,夏帆,7時間12分,1,13,13.0,0,0,0.03,7.69,0.0,0.15,不明,https://detail.chiebukuro.yahoo.co.jp/qa/question_detail/q11324906351,ZOZOTOWNで商品をサイズを間違えて注文してしまい着払いで送ってしまいました この場合どうなりますか？ 発送料みたいなのを請求されたりしますか？,0,0
1457,2026/2/1 19:15,ポケットモンスター,1052129683,7時間12分,0,15,15.0,0,0,0.035,0.0,0.0,0.03,あと3日,https://detail.chiebukuro.yahoo.co.jp/qa/question_detail/q14324906349,2000円ぐらいで買えるイラストがかっこいいポケカ教えてください。 スマホ裏に挟みたいです,0,0
1458,2026/2/1 19:15,恋愛相談、人間関係の悩み,名無し,7時間12分,3,51,17.0,0,0,0.118,5.88,0.02,0.46,あと3日,https://detail.chiebukuro.yahoo.co.jp/qa/question_detail/q13324906348,高校2年生です。最近、2学年上で現在は社会人の先輩と別れました。 先輩のことは今でも本当に大好きで、大切で、感謝しかありません。 別れた理由は、付き合っている中で後輩（1年生）に一瞬ときめいてしまった...,0,0
1460,2026/2/1 19:15,メルカリ,a562d991d,7時間13分,1,38,38.0,0,0,0.088,2.63,0.03,0.2,不明,https://detail.chiebukuro.yahoo.co.jp/qa/question_detail/q11324906346,急募 メルカリで削除されたものは残高履歴として購入者(私)は見れるけど、他の方は見れないってことですか？,0,0
1461,2026/2/1 19:15,生き方、人生相談,kih********,7時間13分,2,14,7.0,0,0,0.032,14.29,0.0,0.26,あと3日,https://detail.chiebukuro.yahoo.co.jp/qa/question_detail/q10324906345,何もやる気しません。どうしたらいいでしょうか？ ゲームやアニメ積んでいます。しかし何もやる気になれません。無職で働かないといけないのにやる気になれず困っています。どうしたらいいでしょうか？,0,0
1462,2026/2/1 19:15,ファミリーレストラン,状態悪し,7時間13分,3,15,5.0,0,0,0.035,20.0,0.0,0.38,あと3日,https://detail.chiebukuro.yahoo.co.jp/qa/question_detail/q13324906343,ドリンクバーがあってWi-Fiがある（利用時間無制限）のレストランをあるだけ教えてください,0,0
1463,2026/2/1 19:15,キッチン用品,はな,7時間13分,1,13,13.0,0,0,0.03,7.69,0.0,0.15,あと3日,https://detail.chiebukuro.yahoo.co.jp/qa/question_detail/q11324906341,普通の銀色のやかん…ステンレスだと思うんですが中をポリウレタンフォームと書いてある使い捨てのスポンジで洗ったんですけど、大丈夫だったか心配になり質問しました。 子供も使うので、中が傷付いて有害物質が出...,0,0
1464,2026/2/1 19:15,携帯型ゲーム全般,warami,7時間13分,1,11,11.0,0,0,0.025,9.09,0.0,0.14,あと3日,https://detail.chiebukuro.yahoo.co.jp/qa/question_detail/q10324906340,ゼンゼロ 今の3パーティ目がこれなんですけどライト入れた方がいいですか？入れるとしたら誰と交代がいいですか？ 恒常は揃っててSアンビーもシードも持ってないです,0,0
1467,2026/2/1 19:15,日本語,Muno,7時間13分,0,4,4.0,0,0,0.009,0.0,0.0,0.01,あと3日,https://detail.chiebukuro.yahoo.co.jp/qa/question_detail/q11324906336,神戸弁は柔らかい、播州弁は豪快や柄が悪いなどというイメージがあると言われていますが、その二つどちらも使ってる人はどういった印象になるのでしょうか？,0,0
1468,2026/2/1 19:15,ヘアケア,匿名,7時間13分,0,9,9.0,0,0,0.021,0.0,0.0,0.02,あと3日,https://detail.chiebukuro.yahoo.co.jp/qa/question_detail/q14324906334,縮毛矯正をかけていて、髪全体はストレートなのですが所々に波状の毛が混ざっています。これはダメージのせいでしょうか？,0,0
1469,2026/2/1 19:15,高校受験,a7abeb719,7時間13分,3,86,28.7,0,9,0.198,3.49,0.06,1.16,不明,https://detail.chiebukuro.yahoo.co.jp/qa/question_detail/q10324906335,高校受験について。倍率って当日にならないと情報でないんですか？それとも1週間前くらいに分かるのですか？調べても去年のしか出てこなくて…。,0,0
1470,2026/2/1 19:15,予備校、進学塾,にんじん,7時間13分,2,4,2.0,0,0,0.009,50.0,0.0,0.24,あと3日,https://detail.chiebukuro.yahoo.co.jp/qa/question_detail/q13324906333,駿台に入ろうと思っています 高1の英数の難関認定テストは どのくらいの難易度ですか？,0,0
1471,2026/2/1 19:15,デジタル一眼レフ,bffa7bb69,7時間13分,2,35,17.5,1,1,0.081,5.71,0.01,0.61,あと3日,https://detail.chiebukuro.yahoo.co.jp/qa/question_detail/q12324906332,オススメの一眼レフカメラ教えてください あまりカメラ詳しくないのですが 持ち運びしやすいサイズで淡いレトロな映りのものを求めています またスマホにデータを移せるといいなぁと思っています そしてカメラを...,0,0
1472,2026/2/1 19:15,コンタクトレンズ、視力矯正,非公開,7時間13分,1,49,49.0,0,0,0.113,2.04,0.06,0.23,不明,https://detail.chiebukuro.yahoo.co.jp/qa/question_detail/q11324906331,Jinsの保証期間内のレンズ交換について質問です。先日、遠視の度数を強めたメガネを買ったのですが、酔う、疲れると言う理由でレンズ交換をしたいです。 度数を低めた処方箋は持っているのですが、1ヶ月半程度...,0,0
1474,2026/2/1 19:15,家具、インテリア,うに,7時間13分,0,9,9.0,0,0,0.021,0.0,0.0,0.02,あと3日,https://detail.chiebukuro.yahoo.co.jp/qa/question_detail/q14324906329,一人暮らしの家具について質問です。 今は机にテレビを置いてゲームしていますが一人暮らしの場合どっちがいいのかなと迷っているので教えて欲しいです。 ① ダイニングテーブル＋椅子、兼調理台 ローテーブル＋...,0,0
1475,2026/2/1 19:14,恋愛相談、人間関係の悩み,baa05dbf7,7時間15分,2,28,14.0,0,4,0.064,7.14,0.01,0.57,あと3日,https://detail.chiebukuro.yahoo.co.jp/qa/question_detail/q13324906328,恋愛について相談です。 好きな男の子がいて、部活とクラスが同じです。今高１なんですけど、来年度にクラス替えがあり、私は理系で彼は文系なのでもう高校の間クラスがおなじになることはありません。そこでなんで...,0,0
1476,2026/2/1 19:14,コンタクトレンズ、視力矯正,jmwp,7時間15分,1,17,17.0,0,0,0.039,5.88,0.01,0.15,あと3日,https://detail.chiebukuro.yahoo.co.jp/qa/question_detail/q11324906326,明日自動車学校の入校に行こうと思っています。 視力条件のところにカラコン不可と書いてあったのですが、度付きのカラコンしかなくてどうしようか困ってます。 先生にも友達にもバレたことないカラコンが１個残っ...,0,0
1477,2026/2/1 19:14,恋愛相談、人間関係の悩み,1052821102,7時間15分,1,106,106.0,0,0,0.244,0.94,0.26,0.36,不明,https://detail.chiebukuro.yahoo.co.jp/qa/question_detail/q10324906325,好きな人から男女の友情って成立すると思うと聞かれた際に成立する思うと答えました。 現に絶対に恋愛対象にならない女友達がいて、好きな人を含む男女グループがあるからです。 しかし、そう答えて以降好きな子か...,0,0
1478,2026/2/1 19:14,男性アイドル,h,7時間15分,0,28,28.0,0,0,0.064,0.0,0.0,0.06,あと3日,https://detail.chiebukuro.yahoo.co.jp/qa/question_detail/q14324906324,少し前からAぇ！groupが気になっており、催眠術の動画とTikTokを見て末澤さんと正門さんのペアにハマり始めました。 動画や切り抜きを少し見たのですが、まだあまり多くは見れていないのでおすすめのす...,0,0
1479,2026/2/1 19:14,アニメ,はかや,7時間15分,0,5,5.0,0,0,0.011,0.0,0.0,0.01,あと3日,https://detail.chiebukuro.yahoo.co.jp/qa/question_detail/q13324906323,銀魂を見ていて少し疑問なのですが、坂本辰馬が攘夷戦争に出ていたことを真選組は知っているんですか？,0,0
1480,2026/2/1 19:14,就職活動,バナナが食べたい,7時間15分,3,34,11.3,0,0,0.078,8.82,0.01,0.42,あと3日,https://detail.chiebukuro.yahoo.co.jp/qa/question_detail/q12324906322,病院への就職活動についての質問です。新卒です。 病院の見学・面接後、「1月中には結果が出ると思います」と言われていましたが、1月が過ぎても連絡がありません。 連絡手段はSMSだったので、メールアプリの...,0,0
1481,2026/2/1 19:14,お笑い芸人,ggg********,7時間15分,0,8,8.0,0,0,0.018,0.0,0.0,0.02,あと3日,https://detail.chiebukuro.yahoo.co.jp/qa/question_detail/q10324906320,サンドウィッチマンのネタで萬みきおの契りという歌を歌い終わった後も｢いぃ〜いぃ〜｣って歌い続けたネタを探してるんですがわかる方教えてください。,0,0
1482,2026/2/1 19:14,英語,1252077635,7時間15分,2,15,7.5,0,2,0.034,13.33,0.0,0.4,あと3日,https://detail.chiebukuro.yahoo.co.jp/qa/question_detail/q11324906321,英語に翻訳お願いいたします。 ずわい蟹 粟餅菊花餡掛け サーモンと白菜のミルフィーユ 不知火 酒粕のババロア,0,0
1483,2026/2/1 19:14,アニメ,a3929fc86,7時間15分,1,21,21.0,0,0,0.048,4.76,0.01,0.16,あと3日,https://detail.chiebukuro.yahoo.co.jp/qa/question_detail/q14324906319,先日、トモコレで出てきたきりしま先輩のようなキャラを探しています。 イケメンだけど中身おかしいというかナルシストというか… 教えていただけるとありがたいです。,0,0
1484,2026/2/1 19:14,スマホアプリ,1253122994,7時間15分,0,3,3.0,0,0,0.007,0.0,0.0,0.01,あと3日,https://detail.chiebukuro.yahoo.co.jp/qa/question_detail/q13324906318,おすすめのニュースアプリ教えてください！ 今はSmartNewsとNewsPicks見てます。,0,0
1485,2026/2/1 19:14,自転車、サイクリング,匿名,7時間15分,3,20,6.7,0,6,0.046,15.0,0.0,0.8,あと3日,https://detail.chiebukuro.yahoo.co.jp/qa/question_detail/q12324906317,駐輪場で横ぴったりに自転車止めて来たら動かしますか？,0,0
1486,2026/2/1 19:14,年金,匿名,7時間15分,4,40,10.0,0,3,0.092,10.0,0.01,0.76,あと3日,https://detail.chiebukuro.yahoo.co.jp/qa/question_detail/q11324906316,91歳の男性の年金額が2ヶ月に1回40万円だと驚きますか？,0,0
1487,2026/2/1 19:14,大学受験,1251824717,7時間15分,0,7,7.0,0,0,0.016,0.0,0.0,0.02,あと3日,https://detail.chiebukuro.yahoo.co.jp/qa/question_detail/q14324906314,高一です。大学受験についてです。 情報学部の大学を受験したいのですが、Steamなどのプラットフォームでのゲーム売り上げ数は、総合型選抜で先行理由に有利に働いたりしますか？,0,0
1488,2026/2/1 19:14,ゲームセンター,nte********,7時間15分,1,36,36.0,0,1,0.083,2.78,0.03,0.27,あと3日,https://detail.chiebukuro.yahoo.co.jp/qa/question_detail/q10324906315,人探しです。 この間千葉県内のゲームセンターで知り合ってLINEを交換したのですが、相手のLINEがアップデートで壊れて消えてしまいました。 特徴は青髪のウルフカットです。 心当たりある方は返信欲しい...,0,0
1489,2026/2/1 19:14,おもちゃ,1052734420,7時間15分,2,10,5.0,0,0,0.023,20.0,0.0,0.25,あと3日,https://detail.chiebukuro.yahoo.co.jp/qa/question_detail/q13324906313,シルバニアファミリーの初期が実家の倉庫から出てきたんですけど、売れるんですかね？,0,0
1490,2026/2/1 19:14,登山,蓬左っ子,7時間15分,0,25,25.0,0,0,0.057,0.0,0.0,0.06,あと3日,https://detail.chiebukuro.yahoo.co.jp/qa/question_detail/q12324906312,名鉄河和口駅付近で、池口岳付近の？双耳峰のような山を見ました。なんという山ですか？,0,0
1491,2026/2/1 19:14,パソコン,すずめちゃん♪☆★,7時間16分,1,23,23.0,0,0,0.053,4.35,0.01,0.17,あと3日,https://detail.chiebukuro.yahoo.co.jp/qa/question_detail/q10324906310,Windows11のLenovoが、きょう、突然、バッテリーが5%になっていて、(ACアダプターで電源は繋いでいたのに)、それで、突然、電源が切れて、バッテリーの充電もされません。 ThinkPadの...,0,0
1492,2026/2/1 19:14,オンラインゲーム,1053013579,7時間16分,0,7,7.0,0,0,0.016,0.0,0.0,0.02,あと3日,https://detail.chiebukuro.yahoo.co.jp/qa/question_detail/q14324906309,MMORPGをやってみたいのですが、今から始めるならなんの作品がおすすめですか？,0,0
1493,2026/2/1 19:14,X（旧Twitter）,1152379827,7時間16分,1,13,13.0,0,0,0.03,7.69,0.0,0.14,あと3日,https://detail.chiebukuro.yahoo.co.jp/qa/question_detail/q13324906308,X 旧Twitterについてです。 同じ電話番号を2つのアカウントに登録することは危険ですか？,0,0
1494,2026/2/1 19:14,株式,yut********,7時間16分,1,19,19.0,0,0,0.044,5.26,0.01,0.16,あと3日,https://detail.chiebukuro.yahoo.co.jp/qa/question_detail/q12324906307,gemini3.0 pro とgoogle AI studioのgemini3proの違いについて質問です。 私は経理の仕事をしており、株価の分析、会計の質問をよく上記2つにするのですが明らかにgoo...,0,0
1495,2026/2/1 19:14,英語,ﾊﾟﾗﾊﾟﾗﾊﾟ,7時間16分,0,12,12.0,0,0,0.028,0.0,0.0,0.03,あと3日,https://detail.chiebukuro.yahoo.co.jp/qa/question_detail/q11324906306,"ゲーム内チャットでの会話についてなのですが、 相手の外人から ""you bf yes as I can assume"" と来たんですがこれどうゆう意味ですか…？",0,0
1496,2026/2/1 19:14,交通事故,；；,7時間16分,7,76,10.9,0,10,0.174,9.21,0.02,1.66,あと3日,https://detail.chiebukuro.yahoo.co.jp/qa/question_detail/q10324906305,初めて運転して事故しました。 夜家に帰ってきて車庫に入れる時パニックで踏み間違えて柵に思いっきりぶつけました。 もう運転したくないです。 この怖さをどうしたら無くせますか,0,0
1497,2026/2/1 19:14,ヘアケア,匿名,7時間16分,0,10,10.0,0,0,0.023,0.0,0.0,0.02,あと3日,https://detail.chiebukuro.yahoo.co.jp/qa/question_detail/q14324906304,この髪切れ毛ひどいですか？,0,0
1498,2026/2/1 19:14,学校の悩み,まな,7時間16分,3,19,6.3,0,1,0.044,15.79,0.0,0.45,あと3日,https://detail.chiebukuro.yahoo.co.jp/qa/question_detail/q12324906302,何週間か腹痛が続いていて 理由は分かりませんが、学校にも行きたくないです もう1週間ほど休んでいるので休ませてもらえないかもしれません、どうすればいいですか 腹痛に関しては病院に受診したことがあります...,0,0
1499,2026/2/1 19:14,料理、食材,夜烏の源次,7時間16分,3,18,6.0,0,0,0.041,16.67,0.0,0.38,不明,https://detail.chiebukuro.yahoo.co.jp/qa/question_detail/q11324906301,スーパーで売ってるホタテはほとんどが冷凍やろか？,0,0
1500,2026/2/1 19:14,病院、検査,1250636555,7時間16分,0,8,8.0,0,0,0.018,0.0,0.0,0.02,あと3日,https://detail.chiebukuro.yahoo.co.jp/qa/question_detail/q10324906300,今片側顔面痙攣で、 手術をし、入院中です。 退院はまだ決まっておりませんが、 この入院費はだいたいどのくらいだか分かりますか？,0,0
1501,2026/2/1 19:14,デジタル一眼レフ,kan********,7時間16分,4,37,9.2,1,1,0.085,10.81,0.01,0.84,不明,https://detail.chiebukuro.yahoo.co.jp/qa/question_detail/q14324906299,SONYα7V α7RⅤ 買うならどちらにしますか？ 日時スナップやポートレート撮影くらいに使おかなと もしくはお金貯めてα1Ⅱ たまにスポーツボクシングや野鳥撮りたいなって感じです。,0,0
1502,2026/2/1 19:14,ライブ、コンサート,bd5aa6a9a,7時間16分,0,13,13.0,0,0,0.03,0.0,0.0,0.03,あと3日,https://detail.chiebukuro.yahoo.co.jp/qa/question_detail/q12324906297,MAZZELのArena Tour 2026では今のところ一般受付の発表がありませんでしたが、今回のツアーは一般申し込みはできないのでしょうか？ チケットの倍率もどのくらいか教えていただきたいです！,0,0
1503,2026/2/1 19:14,レディース全般,old********,7時間16分,0,13,13.0,0,0,0.03,0.0,0.0,0.03,あと3日,https://detail.chiebukuro.yahoo.co.jp/qa/question_detail/q13324906298,パットのないブラとショーツのセット（ブラもショーツもレース一枚で透け透け）が欲しいのですが何でも扱っている通販で海外の有名ブランドに比べるとかなりお手頃価格のものがあります。 縫製、使いやすさその他品...,0,0
1504,2026/2/1 19:14,高校受験,1052991736,7時間16分,1,37,37.0,0,0,0.085,2.7,0.03,0.2,あと3日,https://detail.chiebukuro.yahoo.co.jp/qa/question_detail/q11324906296,塾の先生、期待してる生徒がバカ高行ったらどう思いますか、 中学三年生です。ありがたいことに塾長から期待されていました。ひと教科だけ小学校からやっており、それだけとても良いんですが、中三に入りほかの教科...,0,0
1505,2026/2/1 19:13,化学,a,7時間17分,1,19,19.0,0,1,0.043,5.26,0.01,0.23,あと3日,https://detail.chiebukuro.yahoo.co.jp/qa/question_detail/q14324906294,高校化学基礎です 過酸化水素水と過マンガン酸カリウムの化学反応式で、 2つの半反応式を合体して省略されたイオンを補う時に、Kは過マンガン酸カリウムのカリウムだと思うのですが、SO42-は過マンガン酸カ...,0,0
1506,2026/2/1 19:13,着物、和服,Muno,7時間18分,1,24,24.0,0,0,0.055,4.17,0.01,0.17,不明,https://detail.chiebukuro.yahoo.co.jp/qa/question_detail/q10324906295,禪院直哉の服って、スタンドカラーシャツ？に、着物？で下は袴みたいな感じですけど、上の着物ってどうなってるんですか？ 女子なら袴がスカートになってるから分かりますけど、男子はズボンみたいにわかれてますよ...,0,0
1507,2026/2/1 19:13,将来の夢,2mqasd,7時間18分,2,33,16.5,0,1,0.075,6.06,0.01,0.37,あと3日,https://detail.chiebukuro.yahoo.co.jp/qa/question_detail/q13324906293,夢を諦めた経験のある人に質問です。 ①なぜ諦めたのか ②後悔したか ③その夢のことは今どう思っているか(もう一度挑戦しようと思っている、完全に諦められた等) この3つについて聞きたいです。 回答よろし...,0,0
1508,2026/2/1 19:13,家族関係の悩み,gao********,7時間18分,3,40,13.3,0,0,0.091,7.5,0.01,0.43,あと3日,https://detail.chiebukuro.yahoo.co.jp/qa/question_detail/q12324906292,父親が無職、母親がパート お金持ちそうでしょうか？？,0,0
1509,2026/2/1 19:13,Yahoo!知恵袋,*********,7時間18分,1,21,21.0,0,0,0.048,4.76,0.01,0.16,あと3日,https://detail.chiebukuro.yahoo.co.jp/qa/question_detail/q11324906291,最近、質問文をまともに読まず、専門知識もないのに「私はこう思います」という根拠のない主観だけで回答する人が増えている気がします。 まるで反射神経だけで動いているようですが、こうした「参考にならない回答...,0,0
1510,2026/2/1 19:13,大学受験,cae7a8728,7時間18分,2,33,16.5,0,0,0.075,6.06,0.01,0.3,あと3日,https://detail.chiebukuro.yahoo.co.jp/qa/question_detail/q13324906288,私は現在高校2年生です。 来年からは受験生になり総合型選抜での大学進学を希望してます。 そこで総合型選抜の準備をしながらアルバイトをする事は現実的に可能かお聞きしたいです。 私の高校は偏差値40〜50...,0,0
1511,2026/2/1 19:13,ニンテンドー3DS,chi********,7時間18分,2,3,1.5,0,0,0.007,66.67,0.0,0.23,あと3日,https://detail.chiebukuro.yahoo.co.jp/qa/question_detail/q12324906287,妖怪ウォッチ2真打 アゲアゲハや花咲か爺などのヒーラーの性格補正は、優しいか情け深いどちらが良いですか？(ストーリーやボス戦想定),0,0
1512,2026/2/1 19:13,デンタルケア,すー,7時間18分,3,40,13.3,0,1,0.091,7.5,0.01,0.5,あと3日,https://detail.chiebukuro.yahoo.co.jp/qa/question_detail/q14324906284,至急 奥歯がめちゃくちゃ痛いです！！ 歯があまりにも痛くて3日前に歯医者を受診し、神経の痛みを抑える薬？みたいなのをつけてもらいました。 前に大きな虫歯ができてしまい神経を抜く治療をしましたが、麻酔を...,0,0
1513,2026/2/1 19:13,麻雀,ごるふぁー,7時間18分,3,20,6.7,0,0,0.046,15.0,0.0,0.39,あと3日,https://detail.chiebukuro.yahoo.co.jp/qa/question_detail/q13324906283,雀魂にエヴァンゲリオンコラボしないのはなぜですか？ 碇シンジ、綾波レイ、アスカ、葛城ミサトの４人でいけるでしょう。 ほんともっとコラボガンガンやってくれないとだめですね。,0,0
1514,2026/2/1 19:13,気象、天気,非公開ID,7時間18分,5,21,4.2,1,4,0.048,23.81,0.0,1.12,あと3日,https://detail.chiebukuro.yahoo.co.jp/qa/question_detail/q12324906282,この雪を真夏の熊谷、伊勢崎、多治見に降らせることはできないのでしょうか。,0,0
1515,2026/2/1 19:13,法律相談,bafd9a742,7時間18分,3,21,7.0,0,0,0.048,14.29,0.0,0.39,あと3日,https://detail.chiebukuro.yahoo.co.jp/qa/question_detail/q10324906280,詐欺ですか？,0,0
1516,2026/2/1 19:13,恋愛相談、人間関係の悩み,ロール,7時間18分,4,134,33.5,0,9,0.305,2.99,0.1,1.37,あと3日,https://detail.chiebukuro.yahoo.co.jp/qa/question_detail/q11324906281,34歳の独身男性です。 自分は10代後半から20代前半の美人とちゃんと恋愛をしてから結婚したいと考えております。 客観的にみてどれくらいのハードルの高さでしょうか？ またそれを成すのに自分に要求される...,0,0
1517,2026/2/1 19:13,恋愛相談、人間関係の悩み,りんご,7時間18分,4,44,11.0,0,2,0.1,9.09,0.01,0.69,あと3日,https://detail.chiebukuro.yahoo.co.jp/qa/question_detail/q14324906279,マチアプで1回会っただけで好きって言ってくる人ってどうですか？1回会って数時間話しただけで好きになりますか？,0,0
1518,2026/2/1 19:13,宝塚,b8c635288,7時間18分,2,98,49.0,0,5,0.223,2.04,0.11,0.79,あと3日,https://detail.chiebukuro.yahoo.co.jp/qa/question_detail/q12324906277,花の業平('25 月組全国ツアー)はいつ頃スカイステージで放送されると思いますか？？,0,0
1519,2026/2/1 19:13,インターネットサービス,ベリーパスタ,7時間18分,1,14,14.0,0,0,0.032,7.14,0.0,0.15,あと3日,https://detail.chiebukuro.yahoo.co.jp/qa/question_detail/q13324906278,Wi-Fiインターネットが使い放題！ マンション専門のインターネットサービスを採用。各住戸にWi-Fiアクセスポイントを設置している為、スマートフォンやタブレット端末でも快適にインターネットをお楽しみ...,0,0
1520,2026/2/1 19:13,恋愛相談、人間関係の悩み,1151136481,7時間18分,0,8,8.0,0,0,0.018,0.0,0.0,0.02,あと3日,https://detail.chiebukuro.yahoo.co.jp/qa/question_detail/q11324906276,好きな人にタイプを聞いたんですがそれを友達に話したみたいで友達に〇〇（好きな人の名前）狙うなよーって言われました結構何を聞いても友達に話してたみたいなんですが最近は質問しても友達に言わないです言ってた...,0,0
1521,2026/2/1 19:13,家族関係の悩み,ID非公開まん,7時間19分,4,32,8.0,0,2,0.073,12.5,0.01,0.66,あと3日,https://detail.chiebukuro.yahoo.co.jp/qa/question_detail/q14324906274,親や親戚からの発言にもやっとしてしまいます。 私は結婚・子供を持つことへの願望がない20代女大学生実家暮らしです。 親や親戚に長期休暇の間は時間もあるし花嫁修業してもらわなくちゃ！とよく言われます。 ...,0,0
1522,2026/2/1 19:13,物理学,1152052269,7時間19分,2,10,5.0,0,3,0.023,20.0,0.0,0.45,あと3日,https://detail.chiebukuro.yahoo.co.jp/qa/question_detail/q10324906275,影と影がくっつく時って端っこが伸びませんか？あの現象って何なんでしょう,0,0
1523,2026/2/1 19:13,男性アイドル,たまご,7時間19分,1,60,60.0,0,0,0.137,1.67,0.08,0.25,あと3日,https://detail.chiebukuro.yahoo.co.jp/qa/question_detail/q13324906273,M!LKのシリアルの握手会とかツーショの倍率どのくらいだと思いますか...？,0,0
1524,2026/2/1 19:13,大学受験,1152789306,7時間19分,0,8,8.0,0,0,0.018,0.0,0.0,0.02,あと3日,https://detail.chiebukuro.yahoo.co.jp/qa/question_detail/q12324906272,英語の参考書の質問です。 東大志望高2です。竹岡のスプレマシーをやりました、速読が弱いと思ったので大学入試 英語長文プラス 速読トレーニング問題集をやろうと思っています。その次に全レベル問題集のレベル...,0,0
1525,2026/2/1 19:13,食事のマナー,ちくちく,7時間19分,1,35,35.0,0,0,0.08,2.86,0.03,0.19,あと3日,https://detail.chiebukuro.yahoo.co.jp/qa/question_detail/q11324906271,至急お願いします！ 大学生なのですが、明日彼女と新宿の｢星空の中へ｣というレストランに行きます。 ドレスコードなしとは書いてあるのですが、かっちり目の服で行った方が良いのでしょうか。ジーパンなどでも大...,0,0
1526,2026/2/1 19:13,インターネットサービス,kan********,7時間19分,1,8,8.0,0,0,0.018,12.5,0.0,0.13,あと3日,https://detail.chiebukuro.yahoo.co.jp/qa/question_detail/q10324906270,モデムの紛失についてご相談させてください ソフトバンク光を10月ごろに解約したので モデムを返却したのですが 光電話ルーター(正式名称わからずすいません) らしきものを紛失してしまい返却できていません...,0,0
1527,2026/2/1 19:13,ゲーム,c10f51ca5,7時間19分,1,12,12.0,0,2,0.027,8.33,0.0,0.28,不明,https://detail.chiebukuro.yahoo.co.jp/qa/question_detail/q14324906269,仁王3についてなんですが、体験版のストーリーをすべてクリアすればキャラメイクのデータとそれまでの入手アイテム、レベルなどのデータもすべて製品版へ引き継ぎ可能なのでしょうか？,0,0
1528,2026/2/1 19:13,家具、インテリア,cxk********,7時間19分,0,6,6.0,0,0,0.014,0.0,0.0,0.01,あと3日,https://detail.chiebukuro.yahoo.co.jp/qa/question_detail/q13324906268,エステの資格を取りました それで生計を立てるわけではなく、友達に少しやる程度です 家でやるために今までは、ソファでやってましたが、そろそろリクライニングチェアを買おうと思いましたが、ネットで調べると2...,0,0
1530,2026/2/1 19:13,小説,1052786287,7時間19分,2,50,25.0,0,2,0.114,4.0,0.03,0.48,不明,https://detail.chiebukuro.yahoo.co.jp/qa/question_detail/q10324906265,私は小説を興味本位で書いてる者なのですが 無線機での会話などで途切れ途切れなのを演出する為に 「敵……こう…げ…………る」 みたいな感じで書かれる方が多いとおもうんですが 今度書く話で、急に攻撃を受け...,0,0
1531,2026/2/1 19:13,自動車,tak********,7時間19分,6,39,6.5,0,2,0.089,15.38,0.01,0.91,あと3日,https://detail.chiebukuro.yahoo.co.jp/qa/question_detail/q13324906263,自動車を3週間乗っていません。エンジンだけでもかけて、アイドリングしようと思いますが効果ありますかね？,0,0
1532,2026/2/1 19:13,皮膚の病気、アトピー,あ,7時間19分,0,4,4.0,0,0,0.009,0.0,0.0,0.01,あと3日,https://detail.chiebukuro.yahoo.co.jp/qa/question_detail/q11324906261,首に赤くてカサカサしているところが数箇所あります。さっき気が付きました。痒くも痛くもないです。原因として考えられるのはなんですか？ ヘアオイルとか髪に使うものも変えてないです。明日から旅行で3日くらい...,0,0
1533,2026/2/1 19:13,自動車,魔瑠瑚夢慧駒諏(笑),7時間19分,1,11,11.0,0,0,0.025,9.09,0.0,0.14,あと3日,https://detail.chiebukuro.yahoo.co.jp/qa/question_detail/q12324906262,民生品の乗用車は、タイヤがすべてパンクしてもホイールだけで運転は可能ですか。,0,0
1534,2026/2/1 19:13,日本史,椶櫚,7時間19分,0,10,10.0,0,0,0.023,0.0,0.0,0.02,あと3日,https://detail.chiebukuro.yahoo.co.jp/qa/question_detail/q14324906259,江戸時代やそれ以前の服について質問です。 昔の人は袷着物を作るとき、裏地はどのような生地を使いどのような作り方をし、裏地はキセを作っていたのか、布端のほつれ止めはどうしていたのかを知っている方がいまし...,0,0
1535,2026/2/1 19:13,アニメ、コミック,非公開,7時間20分,3,21,7.0,0,2,0.048,14.29,0.0,0.52,あと3日,https://detail.chiebukuro.yahoo.co.jp/qa/question_detail/q10324906260,薬屋の1人ごとの質問です ①毒味する時に毒が入ってない時も飲み込まずあとで布みたいなやつに吐き出すのはなぜですか ②後宮は襲われたりする心配ないと思うんですが、なぜそばかすをつけて醜女にしてるのですか...,0,0
1536,2026/2/1 19:12,Excel,pen********,7時間21分,3,24,8.0,0,4,0.054,12.5,0.0,0.67,あと3日,https://detail.chiebukuro.yahoo.co.jp/qa/question_detail/q13324906258,ExcelのAggregate関数では「非表示セルを無視」とか「エラーを無視」とかの条件設定ができますが、２つの条件を同時に設定したいときは、どうすれば良いのでしょうか？,0,0
1537,2026/2/1 19:12,釣り,1051768603,7時間21分,5,49,9.8,0,3,0.111,10.2,0.01,0.88,あと3日,https://detail.chiebukuro.yahoo.co.jp/qa/question_detail/q11324906256,エリアトラウト(釣り全般)初心者のものです。 管理釣り場ではロッドを何本も持っている人が多い気がするのですが、どういう意味があるのかを教えて欲しいです。 軽いスプーンや重いスプーンを使い分けるためでし...,0,0
1538,2026/2/1 19:12,大相撲,1153176507,7時間21分,1,27,27.0,0,2,0.061,3.7,0.02,0.31,あと3日,https://detail.chiebukuro.yahoo.co.jp/qa/question_detail/q12324906257,相撲について質問します。 豊昇龍と大の里は綱が同じ形ですが照ノ富士だけ違いました。これは不知火型を継承しているからですか？,0,0
1539,2026/2/1 19:12,男性アイドル,1253075888,7時間21分,1,55,55.0,1,0,0.125,1.82,0.07,0.46,不明,https://detail.chiebukuro.yahoo.co.jp/qa/question_detail/q13324906253,サイチェン理解ある方に質問です。 戻りなし、座席権利のみとはどういう意味でしょうか。 ジャニーズ 関西ジュニア なにわ男子 SixTONES SnowMan チケット ライブ,0,0
1540,2026/2/1 19:12,職場の悩み,adc9efd62,7時間21分,2,12,6.0,0,1,0.027,16.67,0.0,0.32,あと3日,https://detail.chiebukuro.yahoo.co.jp/qa/question_detail/q14324906254,ガスが停まっていて、何か月も入浴してないのですが、この日常生活のままで出来る仕事ありますか？臭くても許される仕事という意味です,0,0
1541,2026/2/1 19:12,高校受験,a11828cbf,7時間21分,0,20,20.0,0,0,0.045,0.0,0.0,0.05,あと3日,https://detail.chiebukuro.yahoo.co.jp/qa/question_detail/q12324906252,近江高校のプロスペクトは当日のテスト140点でうかりますか？,0,0
1542,2026/2/1 19:12,鉄道ファン,hag********,7時間21分,1,5,5.0,1,1,0.011,20.0,0.0,0.42,あと3日,https://detail.chiebukuro.yahoo.co.jp/qa/question_detail/q10324906250,明日、2月2日はブツ４の日で、今月22日はブツ６の日ですか？,0,0
1543,2026/2/1 19:12,模型、プラモデル、ラジコン,1149861302,7時間21分,2,10,5.0,0,0,0.023,20.0,0.0,0.25,あと3日,https://detail.chiebukuro.yahoo.co.jp/qa/question_detail/q14324906249,急募!! 1番くじのフィギュアあけたら髪と顔の間に接着剤が少しはみ出ていました。 セリアに売っていた接着剤剥がし液使おうと思うのですが使っても問題なさそうでしょうか？ また他にオススメの方法があれば教...,0,0
1544,2026/2/1 19:12,大学受験,1150895593,7時間21分,0,24,24.0,0,0,0.054,0.0,0.0,0.05,あと3日,https://detail.chiebukuro.yahoo.co.jp/qa/question_detail/q12324906247,日大医学部 数学9割英語7割物理8割化学5割 で一次合格きびしいですか？,0,0
1545,2026/2/1 19:12,大学受験,1149738396,7時間21分,0,24,24.0,0,0,0.054,0.0,0.0,0.05,あと3日,https://detail.chiebukuro.yahoo.co.jp/qa/question_detail/q13324906248,芝浦工業大学の入試の採点方式を知ってる方いますか？ 風の噂で偏差値採点だとか、、、,0,0
1546,2026/2/1 19:12,芸能人,ter********,7時間21分,0,5,5.0,0,0,0.011,0.0,0.0,0.01,あと3日,https://detail.chiebukuro.yahoo.co.jp/qa/question_detail/q11324906246,生駒里奈、剛力彩芽と来たら次は？,0,0
1547,2026/2/1 19:12,就職活動,ixp********,7時間21分,2,30,15.0,0,0,0.068,6.67,0.01,0.29,あと3日,https://detail.chiebukuro.yahoo.co.jp/qa/question_detail/q10324906245,フリーターなのですが、正社員になりたいと最近思うようになりました。 現在23歳女です。学歴は四年生大学の福祉学部卒です。 正社員というか契約社員とかでもいいです。もっと言えば、社保パートとかでもいいか...,0,0
1548,2026/2/1 19:12,職場の悩み,hot********,7時間21分,3,19,6.3,0,0,0.043,15.79,0.0,0.38,あと3日,https://detail.chiebukuro.yahoo.co.jp/qa/question_detail/q14324906244,職場での仕事量の差などについて、不公平な事を、不公平だと声を上げるのは大人気ないのでしょうか？しかし、声を上げないと現実は変わりません,0,0
1549,2026/2/1 19:12,自動車,Mochi,7時間21分,1,23,23.0,0,0,0.052,4.35,0.01,0.16,あと3日,https://detail.chiebukuro.yahoo.co.jp/qa/question_detail/q13324906243,ジムニーノマド、1型→2型へのマイナーチェンジが改悪と言われてる理由は？ （大幅値上げ以外で）,0,0
1550,2026/2/1 19:12,携帯型ゲーム全般,無名,7時間21分,2,25,12.5,0,0,0.057,8.0,0.01,0.28,あと3日,https://detail.chiebukuro.yahoo.co.jp/qa/question_detail/q12324906242,ゼンゼロについてです。 妄想エンジェルパを3人で揃えたかったのですが石が間に合いそうになくアリアちゃんを諦めて代わりにビビアンちゃんを入れ、 千夏ちゃん(無凸餅なし)、羽ちゃん(無凸餅なし)、ビビアン...,0,0
1551,2026/2/1 19:12,数学,Y.D.S,7時間22分,2,29,14.5,0,0,0.066,6.9,0.01,0.29,あと3日,https://detail.chiebukuro.yahoo.co.jp/qa/question_detail/q10324906240,"確率のことについて質問です。何かの組み合わせの時に 1,2と2,1の２つの組み合わせが存在するものと1,2が出たら2,1は消すみたいな問題あるじゃないですか。あれの見分け方を教えてください。",0,0
1552,2026/2/1 19:12,ホテル、旅館,1152277158,7時間22分,2,22,11.0,0,0,0.05,9.09,0.01,0.28,あと3日,https://detail.chiebukuro.yahoo.co.jp/qa/question_detail/q11324906241,東横イン池袋北口2 に宿泊したことある方に質問したいです！ Kアリーナ横浜でライブがあり16:30スタートです。横浜にホテルを取ればいいのですが、夜行バスの関係で池袋にしようかなと思っています。 チェ...,0,0
1553,2026/2/1 19:12,周辺機器,1150411773,7時間22分,0,7,7.0,0,0,0.016,0.0,0.0,0.02,あと3日,https://detail.chiebukuro.yahoo.co.jp/qa/question_detail/q14324906239,キーボードについての質問です。現在ロジクールG G515 RAPID TKLかAM1 瞬で迷っています。どちらがいいと思いますか？ またこれ以外にこの値段帯でおすすめのがあったらそちらのおすすめでも構...,0,0
1554,2026/2/1 19:12,高校,rmg********,7時間22分,2,5,2.5,0,0,0.011,40.0,0.0,0.24,あと3日,https://detail.chiebukuro.yahoo.co.jp/qa/question_detail/q13324906238,高校への要望を書く欄に、合わない子がいてクラスの考慮をしてもらいたいというのは書いて良いのでしょうか？ 中学校の先生には相談済みで、今は考慮してもらえることが多いからとのことでした。 また、実際に書い...,0,0
1555,2026/2/1 19:12,企業と経営,Tsgt.Noda,7時間22分,2,11,5.5,0,0,0.025,18.18,0.0,0.25,あと3日,https://detail.chiebukuro.yahoo.co.jp/qa/question_detail/q12324906237,ブラック企業の経営者は、故意に会社をそうしてるんですか？,0,0
1556,2026/2/1 19:12,競馬,orfevre,7時間22分,1,16,16.0,0,0,0.036,6.25,0.01,0.15,あと3日,https://detail.chiebukuro.yahoo.co.jp/qa/question_detail/q11324906236,2011年以前は、ダービーとその前の週に限り古馬の重賞やオープン戦（例：金鯱賞、目黒記念、メイステークス）が3歳馬にも解放されていたようですが、それはなぜでしょうか？ 条件戦は現在と変わらず3歳と古馬...,0,0
1557,2026/2/1 19:12,マナー,********,7時間22分,3,33,11.0,0,0,0.075,9.09,0.01,0.41,あと3日,https://detail.chiebukuro.yahoo.co.jp/qa/question_detail/q14324906234,先ほど道(歩道)に倒れている人がいました。 大通りではなく住宅街で夜なので人通りや車通りも少なめです。 車で通りかかった際に見たのですが、素通りしてきてしまいました。 1人倒れていて2人付き添い？の方...,0,0
1558,2026/2/1 19:12,ダイエット,匿名,7時間22分,3,15,5.0,0,0,0.034,20.0,0.0,0.37,あと3日,https://detail.chiebukuro.yahoo.co.jp/qa/question_detail/q10324906235,カロリーメイトのゼリー、もしくはバー系かinゼリー、SAVASの栄養補給バー、一本満足バー等沢山手短に栄養補給が出来るものがありますが、学校での昼ごはん代わりにすぐに食べられるゼリー、 バー系が食べた...,0,0
1559,2026/2/1 19:12,恋愛相談、人間関係の悩み,bed85314f,7時間22分,0,9,9.0,0,0,0.02,0.0,0.0,0.02,あと3日,https://detail.chiebukuro.yahoo.co.jp/qa/question_detail/q13324906233,大学一年生(女)です。 私には、付き合ってなくて、恋愛感情もない仲良い男の子(同じ大学の同級生)がいます。 何回もその人の家に泊まったりしてたのですが、この前初めて私が寝てる時に、私の服の中に手を入れ...,0,0
1560,2026/2/1 19:12,レディースバッグ、財布、小物類,sum********,7時間22分,0,17,17.0,0,0,0.038,0.0,0.0,0.04,あと3日,https://detail.chiebukuro.yahoo.co.jp/qa/question_detail/q11324906231,レザーバッグの色 黒かエトープか ボナベンチュラのレザーバッグの購入を検討しています。 用途は子供の卒入学式等学校行事の他、普段のお出かけ用としても使いたいと思っています。 キレイ目なワンハンドルバッ...,0,0
1561,2026/2/1 19:12,園芸、ガーデニング,aa40b50ee,7時間22分,0,3,3.0,0,0,0.007,0.0,0.0,0.01,あと3日,https://detail.chiebukuro.yahoo.co.jp/qa/question_detail/q14324906229,ハオルチアのレッドレンズオブツーサ(赤線オブツーサ？ )を買ってもう1ヶ月は経つのですが緑から赤に変わる気配がないです。室内管理でブリムパネルaを使ってLux11000程のところに置いてます。もっと明...,0,0
1562,2026/2/1 19:12,プロ野球,mai********,7時間22分,0,2,2.0,0,0,0.005,0.0,0.0,0.0,あと3日,https://detail.chiebukuro.yahoo.co.jp/qa/question_detail/q10324906230,ハマスタのアサヒで売り子したいのですが、どこで募集していますか？,0,0
1563,2026/2/1 19:12,病気、症状,けんじ,7時間22分,1,9,9.0,0,3,0.02,11.11,0.0,0.34,あと3日,https://detail.chiebukuro.yahoo.co.jp/qa/question_detail/q13324906228,食道がんは熱い物をよく食べると罹患するのですか？医師の方々にお聞きしたいと思います。,0,0
1564,2026/2/1 19:12,恋愛相談、人間関係の悩み,非公開,7時間22分,0,10,10.0,0,0,0.023,0.0,0.0,0.02,あと3日,https://detail.chiebukuro.yahoo.co.jp/qa/question_detail/q12324906227,静かなレストランでタトゥー全開の男性が横柄な態度…店の質まで落ちたようで悲しいです。 結婚記念日に少し良いレストランを予約して行ったのですが、隣の席に座った男性が最悪でした。ジャケットを脱ぐと両腕に派...,0,0
1565,2026/2/1 19:12,パソコン,1152217644,7時間22分,0,7,7.0,0,0,0.016,0.0,0.0,0.02,あと3日,https://detail.chiebukuro.yahoo.co.jp/qa/question_detail/q11324906226,PCのdiscordだけラグいです。 通話は大丈夫なのですが、操作だけがラグいです。 通話入室やミュートなどの全ての動作がラグいです。 discord設定をいじっても治らず、再起動、再ダウンロードもし...,0,0
1566,2026/2/1 19:12,野球全般,b43e7da04,7時間22分,3,5,1.7,0,0,0.011,60.0,0.0,0.35,あと3日,https://detail.chiebukuro.yahoo.co.jp/qa/question_detail/q10324906225,野球部です。 新聞紙でキャッチボールをやらせる顧問はやばいですか？,0,0
1567,2026/2/1 19:12,ここ、探してます,1150312426,7時間22分,0,3,3.0,0,0,0.007,0.0,0.0,0.01,あと3日,https://detail.chiebukuro.yahoo.co.jp/qa/question_detail/q13324906223,北海道砂川市に昔あった「まるや」について 昔あった場所を知りたいです。 今は「まる八」として継承されていますが、味が全く違うらしいです。 私の親が若い頃に「まるや」に行ってたらしいですが、場所を思い出...,0,0
1568,2026/2/1 19:12,生き方、人生相談,arujuna4096（弐）,7時間23分,5,43,8.6,1,6,0.097,11.63,0.01,1.29,あと3日,https://detail.chiebukuro.yahoo.co.jp/qa/question_detail/q14324906224,質問です。 ①あなたは、今、幸せですか？ 不幸ですか？ ②（あなたの）生きる意味は？ 生きる意味は不幸だから考える。 幸せなら考えない。あるいは、「うまいものを食べるため」で終わってしまうのかもしれな...,0,0
1569,2026/2/1 19:12,税金,c4eaf6e36,7時間23分,3,18,6.0,0,0,0.041,16.67,0.0,0.38,あと3日,https://detail.chiebukuro.yahoo.co.jp/qa/question_detail/q12324906222,相続した不動産の売却について質問です。 例えば親が4000万円で購入した土地・建物を相続し、3000万円で売却した場合、譲渡所得は0になるので確定申告は不要でしょうか？ それとも、取得金額・売却金額の...,0,0
1570,2026/2/1 19:12,ボクシング,ニコラとバード,7時間23分,3,19,6.3,0,0,0.043,15.79,0.0,0.38,不明,https://detail.chiebukuro.yahoo.co.jp/qa/question_detail/q11324906221,ハグラー、デュラン、ハーンズに勝てる選手は、レナード以外にはいませんですかね？PFPではなく、そのまんまでお願いします!,0,0
1571,2026/2/1 19:12,飛行機、空港,のんP,7時間23分,3,28,9.3,0,2,0.063,10.71,0.01,0.54,あと3日,https://detail.chiebukuro.yahoo.co.jp/qa/question_detail/q10324906220,福岡空港から羽田空港まで片道いくらですか？,0,0
1572,2026/2/1 19:12,携帯型ゲーム全般,タイラー,7時間23分,2,13,6.5,0,0,0.029,15.38,0.0,0.25,あと3日,https://detail.chiebukuro.yahoo.co.jp/qa/question_detail/q14324906219,ブルアカのストーリー読む順番を教えてください,0,0
1573,2026/2/1 19:11,恋愛相談、人間関係の悩み,A.,7時間24分,1,21,21.0,0,1,0.047,4.76,0.01,0.23,あと3日,https://detail.chiebukuro.yahoo.co.jp/qa/question_detail/q13324906218,歳の差婚について。 知り合いに14歳差の夫婦がいるのですが、 女性の方が歳上です。 この夫婦だけに限らず、このような ふた回り近く歳の差があると将来について不安にはならないのでしょうか？ まだ20〜4...,0,0
1574,2026/2/1 19:11,占い,b256265,7時間24分,2,32,16.0,0,0,0.072,6.25,0.01,0.3,あと3日,https://detail.chiebukuro.yahoo.co.jp/qa/question_detail/q12324906217,私の手相について質問です。 ここ数年色々と苦難が多く悩んでいますが、あまり多くの情報を提示せず、今のありのままを見ていただきたいと思いました。 手相が見れる方いらっしゃいましたら、一意見として今後の参...,0,0
1575,2026/2/1 19:11,オンラインゲーム,名無し,7時間24分,0,6,6.0,0,0,0.013,0.0,0.0,0.01,あと3日,https://detail.chiebukuro.yahoo.co.jp/qa/question_detail/q11324906216,オプチャやオンゲのチャットで荒らし（オンゲならチーターも）が来た時、注意するときに感情が出て少し厳しい口調になってる人見たら、どう思いますか？,0,0
1576,2026/2/1 19:11,コミック,QING,7時間24分,2,57,28.5,0,3,0.128,3.51,0.04,0.55,あと3日,https://detail.chiebukuro.yahoo.co.jp/qa/question_detail/q14324906214,漫画の構想を考えています。アドバイスください。 https://detail.chiebukuro.yahoo.co.jp/qa/question_detail/q11324888506 を描いている...,0,0
1577,2026/2/1 19:11,Yahoo!知恵袋,*********,7時間24分,0,9,9.0,0,0,0.02,0.0,0.0,0.02,あと3日,https://detail.chiebukuro.yahoo.co.jp/qa/question_detail/q10324906215,何の知識もないのに質問してすぐに回答してくる人が沢山いますよね エサに群がる池の鯉の様です そう言う人たちは決まって何の参考にもならず荒らしと同じだと思いますが何かの役に立つのでしょうか？ 意見だけ書...,0,0
1578,2026/2/1 19:11,貯金,すに,7時間24分,3,19,6.3,0,0,0.043,15.79,0.0,0.38,あと3日,https://detail.chiebukuro.yahoo.co.jp/qa/question_detail/q11324906211,正直貯金って25歳からはじめるくらいがちょうどよくないですか？,0,0
1579,2026/2/1 19:11,カスタマイズ,hrx********,7時間24分,4,28,7.0,0,2,0.063,14.29,0.0,0.65,あと3日,https://detail.chiebukuro.yahoo.co.jp/qa/question_detail/q12324906212,プレオRSに乗っているのですが(テール クリアランス)のヒューズがすぐに切れてしまいます。原因はどんなことが考えられますか？ スモール球とメーター球が点きません。ブースト計をつけているのですがブースト...,0,0
1580,2026/2/1 19:11,家族関係の悩み,カイセンモン,7時間24分,6,63,10.5,0,7,0.142,9.52,0.01,1.29,あと3日,https://detail.chiebukuro.yahoo.co.jp/qa/question_detail/q10324906210,ちょっと失礼な質問かもですが…。頭があまり宜しくないご両親から、頭が良い子供って産まれたりするんですかね?どちらか片方が、頭が良いなら分かるけど…。,0,0
1581,2026/2/1 19:11,子育ての悩み,1253180867,7時間24分,1,14,14.0,0,0,0.031,7.14,0.0,0.14,あと3日,https://detail.chiebukuro.yahoo.co.jp/qa/question_detail/q14324906209,ノンアルコールタイプのウエットティッシュの下に溜まっている液を飲んでしまいました… 晩ごはんの時にウエットティッシュを使い、最後の方だったのでティッシュがびしょびしょで、水分を空のコップに絞って使いま...,0,0
1582,2026/2/1 19:11,政治、社会問題,非公開,7時間24分,3,18,6.0,0,1,0.04,16.67,0.0,0.44,あと3日,https://detail.chiebukuro.yahoo.co.jp/qa/question_detail/q13324906208,消費税廃止して福祉推進は矛盾しているでしょうか？,0,0
1583,2026/2/1 19:11,職場の悩み,な,7時間25分,4,63,15.8,0,10,0.142,6.35,0.02,1.26,あと3日,https://detail.chiebukuro.yahoo.co.jp/qa/question_detail/q12324906207,会社での身だしなみについて 質問を失礼します。会社に初出勤？というか入社前の研修をしに行くのですが、その際の身だしなみが変ではないか教えて頂きたいです。 自分の髪の毛は黒ですが、画像のようにS字触覚で...,0,0
1584,2026/2/1 19:11,病気、症状,匿名,7時間25分,5,34,6.8,1,0,0.076,14.71,0.01,0.86,あと3日,https://detail.chiebukuro.yahoo.co.jp/qa/question_detail/q11324906206,精神科に初診で行きます。 帽子とマスクがないと不安になってしまうのですが診察の時はマスクも帽子も取りますか？,0,0
1585,2026/2/1 19:11,恋愛相談、人間関係の悩み,非公開,7時間25分,3,35,11.7,0,0,0.079,8.57,0.01,0.41,あと3日,https://detail.chiebukuro.yahoo.co.jp/qa/question_detail/q10324906205,愛ではなくお金を選ぶか悩んでいます 卑しい質問なのは理解してますし 批判もあるのはご最もですが アドバイスやどんなご意見でも宜しくお願いします。 自分はシングルマザーですが 1年ほど付き合っている人が...,0,0
1586,2026/2/1 19:11,政治、社会問題,ふみの助,7時間25分,1,11,11.0,0,1,0.025,9.09,0.0,0.2,あと3日,https://detail.chiebukuro.yahoo.co.jp/qa/question_detail/q14324906204,２月に突入しました。また、多くの商品の値上げが実行されています。 大手メーカーの断続する値上げは、賃金支払いの原資稼ぎのための悪の循環になっているのではないかと皆さん思いませんか？ 下請け零細企業は、...,0,0
1587,2026/2/1 19:11,韓国・朝鮮語,cha********,7時間25分,2,17,8.5,0,0,0.038,11.76,0.0,0.26,あと3日,https://detail.chiebukuro.yahoo.co.jp/qa/question_detail/q13324906203,韓国にプリクラが伝わったのっていつ頃ですか？,0,0
1588,2026/2/1 19:11,ギター、ベース,Bluesman,7時間25分,9,51,5.7,0,0,0.115,17.65,0.01,1.12,あと3日,https://detail.chiebukuro.yahoo.co.jp/qa/question_detail/q11324906201,アンプって何台もいるモノですか？自宅と店で弾くくらいなんですけど、「アンプで全然変わるよ」とか言われんですけど、現在はBluescube hot使ってます。何台かあった方がいいすか？,0,0
1589,2026/2/1 19:11,デジタル一眼レフ,1051522651,7時間25分,2,29,14.5,1,0,0.065,6.9,0.01,0.51,あと3日,https://detail.chiebukuro.yahoo.co.jp/qa/question_detail/q12324906202,どんなレンズ使ってますかね,0,0
1590,2026/2/1 19:11,テーマパーク,his********,7時間25分,3,10,3.3,0,0,0.022,30.0,0.0,0.36,あと3日,https://detail.chiebukuro.yahoo.co.jp/qa/question_detail/q14324906199,ユニバの学割チケット購入ですが、 子供メルアドでログインして購入するのですが、クレジットカードは私（親の）カードで済ませようと思うのですが問題ないですか？ 支払い方法は登録されてしまうのでしょうか？,0,0
1592,2026/2/1 19:11,ゲーム,b49c83b0c,7時間25分,1,7,7.0,0,0,0.016,14.29,0.0,0.13,あと3日,https://detail.chiebukuro.yahoo.co.jp/qa/question_detail/q11324906196,フォートナイトのブレインロットを盗めというゲームでラマロット7、8回くらいでミスってないのに終わるんですけど10回ってどうやってやるんですか？,0,0
1593,2026/2/1 19:11,スマホアプリ,c9866c948,7時間25分,0,9,9.0,0,0,0.02,0.0,0.0,0.02,あと3日,https://detail.chiebukuro.yahoo.co.jp/qa/question_detail/q10324906195,至急です アライトモーションが開けなくなりました 再起動とアップデート、他にもいろいろ試したのですが写真のようになって開けないです。アプリのヘルプセンターもみましたが、あまり役に立ちません。データを消...,0,0
1594,2026/2/1 19:11,大学受験,1251417131,7時間25分,4,52,13.0,0,0,0.117,7.69,0.02,0.56,あと3日,https://detail.chiebukuro.yahoo.co.jp/qa/question_detail/q13324906193,大学進学の奨学金についての質問です。 今年受験生（現高2）です。 父親が身体障がい者、母親はその介護のため両親共に働いていません。 その場合奨学金は貰えるのでしょうか？ 父親が障がいで働けなくなったの...,0,0
1595,2026/2/1 19:11,学校の悩み,1150340288,7時間25分,2,40,20.0,0,0,0.09,5.0,0.02,0.31,あと3日,https://detail.chiebukuro.yahoo.co.jp/qa/question_detail/q14324906194,飛鳥未来1年生です 私は社交不安障害で教室に長い時間や人が多いと倒れたり過呼吸になったりします。 単位認定試験があるんですけど別室で受けるんですけど過呼吸とかになって廊下出たら10分以内に戻らないとダ...,0,0
1596,2026/2/1 19:11,着物、和服,となさあやまさたら,7時間25分,5,130,26.0,0,24,0.292,3.85,0.08,2.46,あと3日,https://detail.chiebukuro.yahoo.co.jp/qa/question_detail/q12324906192,この振袖どう思いますか？ もうレンタル料金も払ったんですけど、変えることってできますか？最初は気に入っていて、小物だけ変えようと思っていたんですが、周りの人は落ち着いた色味の人が多くて派手すぎるんじゃ...,0,0
1597,2026/2/1 19:11,病気、症状,sfi********,7時間25分,1,25,25.0,0,0,0.056,4.0,0.01,0.17,あと3日,https://detail.chiebukuro.yahoo.co.jp/qa/question_detail/q11324906191,恐らくカンピロバクターになりました 生レバーを食べて3日後くらいに発症しました 自分は飲食店の調理場で働いているのですが、何日間おやすみをとればよいでしょうか 症状は下痢、嘔吐、発熱のあたりなのですが...,0,0
1598,2026/2/1 19:11,iPhone,hikuun0811,7時間26分,1,14,14.0,1,0,0.031,7.14,0.0,0.37,あと3日,https://detail.chiebukuro.yahoo.co.jp/qa/question_detail/q10324906190,iPhone17使ってます。この表示が出るようになりました。何でしょうか。,0,0
1599,2026/2/1 19:11,Yahoo!知恵袋,やしのき,7時間26分,0,9,9.0,0,0,0.02,0.0,0.0,0.02,あと3日,https://detail.chiebukuro.yahoo.co.jp/qa/question_detail/q14324906189,なんかたまに、今日が土曜日なのか日曜日なのか 分からなくなるときありませんか？ あれってなんでしょうかね。,0,0
1600,2026/2/1 19:11,ポケットモンスター,1149874635,7時間26分,2,17,8.5,0,0,0.038,11.76,0.0,0.26,あと3日,https://detail.chiebukuro.yahoo.co.jp/qa/question_detail/q12324906187,ポケモンカード、メガサーナイトex MAの中国語エラーですが5年後、10年後の価格は上がってると思いますか？,0,0
1601,2026/2/1 19:11,菓子、スイーツ,nnn,7時間26分,1,9,9.0,0,0,0.02,11.11,0.0,0.13,あと3日,https://detail.chiebukuro.yahoo.co.jp/qa/question_detail/q13324906188,こちらのpepinのブーケチョコを購入したのですが、どの色がどのフレーバーなのか分からなくて困っています。ご存知の方がいれば、教えてくださると嬉しいです。,0,0
1602,2026/2/1 19:11,コンビニ,kiy********,7時間26分,5,58,11.6,0,0,0.13,8.62,0.02,0.69,あと3日,https://detail.chiebukuro.yahoo.co.jp/qa/question_detail/q11324906186,コンビニの店員さんに質問です 僕は日頃コンビニでトイレを借りた際、ちょっとした物（ガムやラムネ等）だけでも買って帰るタイプの人間で、それが礼儀だと思ってたんですが よく考えたら店員目線ではそのちょっと...,0,0
1603,2026/2/1 19:11,ヘアスタイル,1252749065,7時間26分,4,35,8.8,0,2,0.078,11.43,0.01,0.66,あと3日,https://detail.chiebukuro.yahoo.co.jp/qa/question_detail/q14324906184,地毛が茶髪の人が急に黒髪になることはありますか？ 校則で染髪が禁止されている高校に通っているものです 私の友人に茶髪の子がいました その子は私が知り合った時(1年ほど前)からずっと茶髪だったのですが ...,0,0
1604,2026/2/1 19:11,職場の悩み,yuuuu,7時間26分,3,29,9.7,0,1,0.065,10.34,0.01,0.47,あと3日,https://detail.chiebukuro.yahoo.co.jp/qa/question_detail/q10324906185,皆さんは職場で一目惚れした人がいるとしてもちろん初対面なので彼女&彼氏いるか分からない場合どうしますか？至急です。,0,0
1605,2026/2/1 19:11,ダイエット,c5d390727,7時間26分,4,13,3.2,0,2,0.029,30.77,0.0,0.61,あと3日,https://detail.chiebukuro.yahoo.co.jp/qa/question_detail/q13324906183,私は体重はそこまで重くなく、お腹の上の方は痩せているのですが下腹、胃のあたりだけが太っていてウエストの採寸のときもサイズに困っています、、、これはなぜなのでしょうか、、,0,0
1606,2026/2/1 19:11,温泉,非公開,7時間26分,3,49,16.3,0,3,0.11,6.12,0.02,0.65,あと3日,https://detail.chiebukuro.yahoo.co.jp/qa/question_detail/q12324906182,温泉施設で「タトゥー禁止」のルールを無視し、開き直る女性グループに驚愕しました。 先日、家族で日帰り温泉に行った時のことです。脱衣所に大きく「タトゥー・刺青のある方は入館お断り」と書かれているにもかか...,0,0
1607,2026/2/1 19:11,男性アイドル,1052118541,7時間26分,2,61,30.5,0,0,0.137,3.28,0.04,0.36,あと3日,https://detail.chiebukuro.yahoo.co.jp/qa/question_detail/q11324906181,M!LKの特典会について質問です。 特典会の抽選券付きのソロ盤CDを購入してもランダムトレカはついてこないのでしょうか？？ また、もともと予約していたソロ盤をコンビニ払いにしてお支払いに行こうとしたら...,0,0
1608,2026/2/1 19:10,数学,1252955792,7時間27分,4,38,9.5,0,3,0.085,10.53,0.01,0.73,あと3日,https://detail.chiebukuro.yahoo.co.jp/qa/question_detail/q10324906180,y^k+1＝｛y^k｝'になる意味がわかりません,0,0
1609,2026/2/1 19:10,中学受験,花子と太郎,7時間27分,1,123,123.0,0,6,0.275,0.81,0.34,0.79,あと3日,https://detail.chiebukuro.yahoo.co.jp/qa/question_detail/q14324906179,中2です。今年の開成中学の算数を解きましたが、半分ぐらいしか取れませんでした。これって、ひどいですか？また、今年の開成は難化してますか？ 数学は得意だと思っていましたが、不安になりました。開成を解いた...,0,0
1610,2026/2/1 19:10,英語,313系0番台,7時間27分,0,24,24.0,0,0,0.054,0.0,0.0,0.05,あと3日,https://detail.chiebukuro.yahoo.co.jp/qa/question_detail/q12324906177,2026年共通テスト英語リスニング70点以上取れた人には英検準2級リスニングや英検2級リスニングもやった人いますか？,0,0
1611,2026/2/1 19:10,ライブ、コンサート,1149707335,7時間27分,1,16,16.0,0,0,0.036,6.25,0.01,0.15,あと3日,https://detail.chiebukuro.yahoo.co.jp/qa/question_detail/q13324906178,今度、推しのサイン会がタワレコであってどうしても行きたいのですが東京に行けないため兄にチケット抽選券をとってもらいました。 この際、当選した場合本人確認などで引っかかりますかね？（ ; ; ）教えてい...,0,0
1612,2026/2/1 19:10,中学受験,kc7********,7時間27分,4,162,40.5,0,4,0.362,2.47,0.15,1.07,不明,https://detail.chiebukuro.yahoo.co.jp/qa/question_detail/q11324906176,立教新座中学校の補欠繰り上げ合格について質問です。 孫の友達で、1月25日の立教新座中学校の第1回試験の結果、補欠順位：20位と通知された方がいるのですが、この順位で繰り上げ合格の可能性ってどれくらい...,0,0
1613,2026/2/1 19:10,恋愛相談、人間関係の悩み,1253145290,7時間27分,1,9,9.0,0,0,0.02,11.11,0.0,0.13,あと3日,https://detail.chiebukuro.yahoo.co.jp/qa/question_detail/q10324906175,雪国の人たちに質問です。 カップル達は冬シーズンスノボやスキー以外に何デートしてるんですか？,0,0
1614,2026/2/1 19:10,恋愛相談、人間関係の悩み,さゆ,7時間28分,3,21,7.0,0,1,0.047,14.29,0.0,0.45,あと3日,https://detail.chiebukuro.yahoo.co.jp/qa/question_detail/q14324906174,色んな人のご意見を聞かせて頂きたいです！ 彼氏が、 ・料理作るのうまい ・車やバイクを運転できる ・ゲーム上手い ・自由気ままだけど、ちゃんと自分のことを大事にしてくれてる ・面白い だったら、結構ハ...,0,0
1616,2026/2/1 19:10,X（旧Twitter）,非公開,7時間28分,2,9,4.5,0,0,0.02,22.22,0.0,0.24,あと3日,https://detail.chiebukuro.yahoo.co.jp/qa/question_detail/q12324906172,X(Twitter)でのお取引について 2025年12月上旬頃に御相手様からお声掛けをいただき、次の日に初回DMを送信したのですが、お返事が返ってきません。 こういう場合はどうしたらいいのでしょうか？...,0,0
1617,2026/2/1 19:10,サッカー,bd7487702,7時間28分,0,8,8.0,0,0,0.018,0.0,0.0,0.02,あと3日,https://detail.chiebukuro.yahoo.co.jp/qa/question_detail/q11324906171,今シーズンから浦和レッズの北ゴール裏に行こうと思っています。スタジアムには何時間前に着いた方が良いのでしょうか？ 北ゴール裏の持ち物などその他諸々詳しく教えてください。 一般チケットです。,0,0
1618,2026/2/1 19:10,子育ての悩み,1150920619,7時間28分,1,21,21.0,0,0,0.047,4.76,0.01,0.16,あと3日,https://detail.chiebukuro.yahoo.co.jp/qa/question_detail/q10324906170,現在生後10日目の赤ちゃんがいるのですが うんちをなかなかしてくれません。 綿棒刺激をしたら出ます。 母乳ではなく完全ミルクなんですが 便秘になりにくいミルクとかはありますか？ オススメを教えてくださ...,0,0
1619,2026/2/1 19:10,家族関係の悩み,非公開,7時間28分,2,16,8.0,0,0,0.036,12.5,0.0,0.26,あと3日,https://detail.chiebukuro.yahoo.co.jp/qa/question_detail/q14324906169,おばあちゃんへのプレゼントで何をあげようか困ってます。母には何度か誕生日プレゼントあげてるのですがおばあちゃんには中学ぐらいを最後にあげていません。 自分は大学進学でとてもお世話になったし今年で卒業な...,0,0
1620,2026/2/1 19:10,リズム、音楽ゲーム,Lotenburg,7時間28分,1,13,13.0,0,2,0.029,7.69,0.0,0.27,あと3日,https://detail.chiebukuro.yahoo.co.jp/qa/question_detail/q13324906168,太鼓の達人について ドンフェス(Switch版)で最上位(Vixtory、ダンガンノーツ)を可15くらいでフルコン安定できる実力ってドンフェスプレイヤーで上位何%くらいですかね？,0,0
1621,2026/2/1 19:10,絵画,fel★★★★★,7時間28分,1,11,11.0,0,0,0.025,9.09,0.0,0.14,あと3日,https://detail.chiebukuro.yahoo.co.jp/qa/question_detail/q12324906167,★おはようごじゃいマシユマロ！アクアリウムカテのみなしゃん！ 寒い如月の日曜日(東京新宿の外気はただいま、8℃。）の朝、５分のラクガキ絵でしゅ。何を描いたか、分かりましゅかあ？,0,0
1622,2026/2/1 19:10,ゲーム,1052142625,7時間28分,1,5,5.0,0,0,0.011,20.0,0.0,0.12,あと3日,https://detail.chiebukuro.yahoo.co.jp/qa/question_detail/q14324906164,セルサバイバーの質問です。現在31章まで進んでいる状態で勝てなくて困っています。装備の組み合わせが分からないので教えて頂きたいです。よろしくお願いします。,0,0
1623,2026/2/1 19:10,テレビゲーム全般,sss,7時間28分,0,3,3.0,0,0,0.007,0.0,0.0,0.01,あと3日,https://detail.chiebukuro.yahoo.co.jp/qa/question_detail/q10324906165,イナズマイレブン英雄たちのヴィクトリーロードのバサラシードについての質問ですが バサラシードはストーリーモードのキャラ（木曽路や忍原など）には使えないんでしょうか？,0,0
1624,2026/2/1 19:10,資産運用、投資信託、NISA,lD非公開,7時間28分,1,21,21.0,0,0,0.047,4.76,0.01,0.16,不明,https://detail.chiebukuro.yahoo.co.jp/qa/question_detail/q13324906163,証券コード1540は金 では、銀は何番ですか？,0,0
1625,2026/2/1 19:10,交通事故,1150971023,7時間28分,0,48,48.0,0,0,0.107,0.0,0.0,0.11,あと3日,https://detail.chiebukuro.yahoo.co.jp/qa/question_detail/q12324906162,これはどちらの過失割合が高くなるでしょうか。 朝9:00に事故を起こしました。 青信号になって前に車を進めたところ、横断歩道を少しすぎたところで車が急にハザードを点灯させ停まりました。 数秒待ちました...,0,0
1626,2026/2/1 19:10,一人暮らし、シングルライフ,ここ,7時間28分,3,20,6.7,0,1,0.045,15.0,0.0,0.44,あと3日,https://detail.chiebukuro.yahoo.co.jp/qa/question_detail/q11324906161,一人暮らし女です。自炊してるのですが、週1マルエツで買い物してお弁当一週間分と朝夜分ほぼほぼ毎日作ってます。会計の合計が5900円でした。今週は頑張ったのでいつもの分➕で大好きなフルーツを買いました。...,0,0
1627,2026/2/1 19:10,ヘアケア,1252932515,7時間28分,0,5,5.0,0,0,0.011,0.0,0.0,0.01,あと3日,https://detail.chiebukuro.yahoo.co.jp/qa/question_detail/q14324906159,おすすめのコテを教えて欲しいです。 予算1万円程度で、縮毛矯正をしているためとにかく髪の毛が痛まないのが良いです 32mmの予定です,0,0
1628,2026/2/1 19:10,仕事効率化、ノウハウ,1152021639,7時間28分,0,8,8.0,0,0,0.018,0.0,0.0,0.02,あと3日,https://detail.chiebukuro.yahoo.co.jp/qa/question_detail/q10324906160,フリーランスやってて、抱えてる仕事が全て台本待ちで暇な時、どうすればいい？,0,0
1629,2026/2/1 19:10,高校,カイセンモン,7時間28分,0,11,11.0,0,0,0.025,0.0,0.0,0.02,あと3日,https://detail.chiebukuro.yahoo.co.jp/qa/question_detail/q12324906157,高卒で働く場合は、インターンがなかったり一人一社制らしいですが…。これは何故なんですかね？ 何だか高卒者は適当に扱われているような、慎重に扱われているような、両方にも取れるんですよね。以前、高卒採用に...,0,0
1630,2026/2/1 19:10,キッチン用品,ねるねるねるね,7時間28分,0,4,4.0,0,0,0.009,0.0,0.0,0.01,あと3日,https://detail.chiebukuro.yahoo.co.jp/qa/question_detail/q13324906158,SANEI(サンエイ) キッチンシャワー 節水ヘッドについて質問です。 今日この節水ヘッドを掃除していたら、黒いゴムパッキンが落ちてきたのですが、どこの部分にはめ込むのか分からなくなりました。 調べて...,0,0
1631,2026/2/1 19:10,ニコニコ動画,pan********,7時間29分,0,6,6.0,0,0,0.013,0.0,0.0,0.01,あと3日,https://detail.chiebukuro.yahoo.co.jp/qa/question_detail/q11324906156,有料チャンネルのニコニコ生放送の配信者は、自分の配信にコメントしてる人のIDから個人情報を特定する事は可能なんでしょうか？？,0,0
1632,2026/2/1 19:10,ミュージック,a7487a94b,7時間29分,0,0,0.0,0,0,0.0,0.0,0.0,0.0,あと3日,https://detail.chiebukuro.yahoo.co.jp/qa/question_detail/q10324906155,LINE MUSICで作ったプレイリストをSpotifyに移行する方法はありますか？,0,0
1633,2026/2/1 19:10,不動産,cha********,7時間29分,2,19,9.5,1,0,0.042,10.53,0.0,0.49,あと3日,https://detail.chiebukuro.yahoo.co.jp/qa/question_detail/q14324906154,都心の住宅高騰は続きますか？ 10年後、都心の高騰は続きますか？,0,0
1634,2026/2/1 19:10,大学受験,1252718690,7時間29分,1,17,17.0,0,0,0.038,5.88,0.01,0.15,あと3日,https://detail.chiebukuro.yahoo.co.jp/qa/question_detail/q12324906152,大東文化大学と大正大学では、就職難易度結構変わりますか？,0,0
1635,2026/2/1 19:10,飲食店,pan********,7時間29分,1,6,6.0,0,1,0.013,16.67,0.0,0.19,あと3日,https://detail.chiebukuro.yahoo.co.jp/qa/question_detail/q13324906153,丸亀製麺は、セルフサービスの割に高くないですか？美味しいけど。,0,0
1636,2026/2/1 19:10,大学,1150830971,7時間29分,3,31,10.3,0,2,0.069,9.68,0.01,0.54,不明,https://detail.chiebukuro.yahoo.co.jp/qa/question_detail/q10324906150,大学の奨学金について質問です。 JASSOの第一区分の奨学金は養育費の8割も含まれますか？,0,0
1637,2026/2/1 19:10,コミック,b1201ff26,7時間29分,1,19,19.0,0,0,0.042,5.26,0.01,0.15,あと3日,https://detail.chiebukuro.yahoo.co.jp/qa/question_detail/q11324906151,ピッコマで化物語を見ました。 ひたぎクラブで戦場ヶ原が阿良々木暦をホッチキスで刺すシーンが描かれていました。 なぜ、戦場ヶ原はそのようなことをするのですか？まともに見えません。,0,0
1638,2026/2/1 19:10,幼児教育、幼稚園、保育園,非公開,7時間29分,3,16,5.3,0,0,0.036,18.75,0.0,0.37,あと3日,https://detail.chiebukuro.yahoo.co.jp/qa/question_detail/q14324906149,幼稚園の入園式って親はどういう格好をするんですか？ どこで買ってますか？,0,0
1639,2026/2/1 19:10,スマホアプリ,b461e9459,7時間29分,0,3,3.0,0,0,0.007,0.0,0.0,0.01,あと3日,https://detail.chiebukuro.yahoo.co.jp/qa/question_detail/q13324906148,オタクや量産型の方々の投稿でよく見かけるピンクの文字はなんのアプリで使えますか？ この茶色の文字みたいなフォントを使いたいです。（拾い画失礼します）,0,0
1640,2026/2/1 19:10,数学,25368741,7時間29分,1,25,25.0,0,1,0.056,4.0,0.01,0.23,あと3日,https://detail.chiebukuro.yahoo.co.jp/qa/question_detail/q12324906147,aを固定して、bの3次関数とみたとき、 下記の不等式の解はどうなりますか？ 正解を教えて下さい。 -4b³-6ab²+2a³>0 （a>0、b>0） 例えば f（b）=-4b³-6ab²+2a³などと...,0,0
1641,2026/2/1 19:09,中古車,1052247250,7時間30分,6,53,8.8,0,2,0.118,11.32,0.01,0.91,あと3日,https://detail.chiebukuro.yahoo.co.jp/qa/question_detail/q11324906146,中古車を買おうとしてるのですがワキガ臭がある個体があると聞き怖くなりました それからもし元オーナーが車の中で嘔吐したり、漏らしたりしてたらとか余計なことまで頭に浮かぶようになったのですが中古車見る際、...,0,0
1642,2026/2/1 19:09,料理、食材,1149774418,7時間30分,5,19,3.8,0,1,0.042,26.32,0.0,0.66,あと3日,https://detail.chiebukuro.yahoo.co.jp/qa/question_detail/q10324906145,自宅で揚げ物は作りますか？ 私の家では、フライヤーはあるのですが、最近はほとんど使ってません。どちらかといえば、惣菜とかで買う方が多いです。実際、揚げ物は作るよりも買ったほうが楽に済みますよね。作るメ...,0,0
1643,2026/2/1 19:09,メール,yuc********,7時間30分,1,5,5.0,0,0,0.011,20.0,0.0,0.12,あと3日,https://detail.chiebukuro.yahoo.co.jp/qa/question_detail/q14324906144,アメックス先行販売で2/8のｋアリーナが当選しているのですがダウンロード開始のメールがまだ届いていません。 料金は支払い完了してます。 もう１週間を切ったので不安です。 皆さん発券開始されていますか？,0,0
1644,2026/2/1 19:09,K-POP、アジア,1053206758,7時間30分,1,14,14.0,0,0,0.031,7.14,0.0,0.14,不明,https://detail.chiebukuro.yahoo.co.jp/qa/question_detail/q11324906141,なんのレコーディングしてるヘチャンか分かりますか？ nct dream 127 イリチル ドリム,0,0
1645,2026/2/1 19:09,携帯型ゲーム全般,a9891fb69,7時間31分,1,6,6.0,0,1,0.013,16.67,0.0,0.19,あと3日,https://detail.chiebukuro.yahoo.co.jp/qa/question_detail/q14324906139,ピグパで、引き継ぎ後に交換開こうとしていたらできなくなってました。何日後に交換できるようになりますか？,0,0
1646,2026/2/1 19:09,病気、症状,あ,7時間31分,0,5,5.0,0,0,0.011,0.0,0.0,0.01,あと3日,https://detail.chiebukuro.yahoo.co.jp/qa/question_detail/q10324906140,首に赤くてカサカサしているところが数箇所あります。さっき気が付きました。痒くも痛くもないです。原因として考えられるのはなんですか？明日から旅行で3日くらい皮膚科に行けません…,0,0
1647,2026/2/1 19:09,ゲーム,匿名,7時間31分,1,10,10.0,0,0,0.022,10.0,0.0,0.13,不明,https://detail.chiebukuro.yahoo.co.jp/qa/question_detail/q13324906138,Switchプレイ記録が全て0になりました。戻す方法はありますか？,0,0
1648,2026/2/1 19:09,観光地、行楽地,1251794744,7時間31分,0,38,38.0,0,0,0.084,0.0,0.0,0.08,あと3日,https://detail.chiebukuro.yahoo.co.jp/qa/question_detail/q11324906136,福岡県民に質問です！ 2月に福岡旅行行きます。 県民おすすめの観光地と、もつ鍋のお店を教えてください！！ ちなみに道民ですが、福岡は暖かいですか？ ダウンかコートか悩んでます。 よろしくお願いします！,0,0
1649,2026/2/1 19:09,友人関係の悩み,few********,7時間31分,1,18,18.0,0,0,0.04,5.56,0.01,0.15,あと3日,https://detail.chiebukuro.yahoo.co.jp/qa/question_detail/q10324906135,質問者は女です。 ガヤガヤした居酒屋や、人と交流できるようなバーに行ってコミュニケーションをとったり交友関係を広げたいのですが、私の友達はあまりそういうタイプでは無いので悩んでいます。 遊びに行ったり...,0,0
1650,2026/2/1 19:09,家族関係の悩み,匿名,7時間31分,2,17,8.5,0,0,0.038,11.76,0.0,0.26,あと3日,https://detail.chiebukuro.yahoo.co.jp/qa/question_detail/q14324906134,友達の親が羨ましいです。 友達と親が喋っているのを何回か見るのですが、全員楽しそうに喋っていて羨ましいです。 私の親は厳しいとかそういうのじゃないんですけど、冗談が通じないです。 今までの人生で一度も...,0,0
1651,2026/2/1 19:09,資産運用、投資信託、NISA,小倉のエロ馬券師 西村 丑郎,7時間31分,5,85,17.0,0,8,0.188,5.88,0.03,1.27,あと3日,https://detail.chiebukuro.yahoo.co.jp/qa/question_detail/q13324906133,投資信託で、競馬で大穴的中したときみたいに、一気に儲かる時などあるのですか？ 元割れして、損をしても、ゼロにはならないという話を知りました。そこが魅力でしょうかね・・・・。 投資信託では、年間20万円...,0,0
1652,2026/2/1 19:09,ヒト,東組(西成区山王1-11-8),7時間31分,1,8,8.0,0,0,0.018,12.5,0.0,0.13,あと3日,https://detail.chiebukuro.yahoo.co.jp/qa/question_detail/q12324906132,東日本は性急多く西日本は呑気多い何故?,0,0
1654,2026/2/1 19:09,不動産,非表示,7時間31分,3,39,13.0,0,3,0.086,7.69,0.01,0.62,あと3日,https://detail.chiebukuro.yahoo.co.jp/qa/question_detail/q10324906130,不動産の人にご相談です！！ 1Rの新築一年のまだ誰も住んでない部屋に転居する予定なのですが、その際に神棚を設置したいです。 神棚を買ったことがなく、 買うとしたら質素よりも豪華で飾り奉りたいと思ってい...,0,0
1655,2026/2/1 19:09,アニメ,短い,7時間31分,0,29,29.0,1,0,0.064,0.0,0.0,0.28,あと3日,https://detail.chiebukuro.yahoo.co.jp/qa/question_detail/q14324906129,最近の悩み事について質問です。どうすれば音楽をアニメ補正抜きで楽しめますか？ 私は好きな音楽やアニメ（漫画）が結構あるのですが、どうしても音楽を聞くとき、その曲に合うアニメを想像しながら聴いてしまうん...,0,0
1656,2026/2/1 19:09,邦楽,1150446559,7時間31分,14,85,6.1,1,10,0.188,16.47,0.01,2.62,あと3日,https://detail.chiebukuro.yahoo.co.jp/qa/question_detail/q13324906128,子門真人の曲といえば何を思い付きますか？,0,0
1657,2026/2/1 19:09,ゲーム,c87533624,7時間31分,3,20,6.7,0,3,0.044,15.0,0.0,0.57,あと3日,https://detail.chiebukuro.yahoo.co.jp/qa/question_detail/q12324906127,ゲームが上手いということはいい事なのでしょうか？ゲームが上手いとよく言われるのですが、ゲームが上手いと気持ち悪いという意見もよく聞くので素直に喜べません。,0,0
1659,2026/2/1 19:09,日本史,ごるふぁー,7時間31分,4,41,10.2,0,0,0.091,9.76,0.01,0.53,あと3日,https://detail.chiebukuro.yahoo.co.jp/qa/question_detail/q11324906126,仙台藩伊達政宗はなぜ徳川家に好かれていたのですか？ 葵徳川三代では、家康に好かれ、家光にも好かれていました。 秀忠はどうだったか忘れましたが嫌っていることもなかったですよね？ なぜでしょうか？,0,0
1660,2026/2/1 19:09,派遣,ゆーミニ,7時間32分,3,34,11.3,0,3,0.075,8.82,0.01,0.6,あと3日,https://detail.chiebukuro.yahoo.co.jp/qa/question_detail/q13324906123,フルキャストなんですが よく行く現場に応募したんですが 1日以上経ってもまだ決定していません 即決求人でいつもなら応募後10分後程度で決定します なかなか決定しませんが、フルキャストではこのような事は...,0,0
1661,2026/2/1 19:09,恋愛相談、人間関係の悩み,acd20b9,7時間32分,4,48,12.0,0,1,0.106,8.33,0.01,0.61,あと3日,https://detail.chiebukuro.yahoo.co.jp/qa/question_detail/q12324906122,これで日本は性病大国になりますか？ 緊急避妊薬、5000店超で市販 2日発売、処方箋なしにドラッグストアなどで購入できる初の緊急避妊薬「ノルレボ」が2月2日に発売される。,0,0
1662,2026/2/1 19:09,CM,tet********,7時間32分,1,28,28.0,0,0,0.062,3.57,0.02,0.17,あと3日,https://detail.chiebukuro.yahoo.co.jp/qa/question_detail/q11324906121,今日のザザエさんの途中で流れた車のCMが知りたい 今日のザザさんの間のCMで車のCMが流れたのですが、どなたか何の車のCMだったか知りませんか? そしてできれば動画のURLを貼って欲しい… 車には疎く...,0,0
1663,2026/2/1 19:09,ヘアケア,。,7時間32分,1,8,8.0,0,0,0.018,12.5,0.0,0.13,あと3日,https://detail.chiebukuro.yahoo.co.jp/qa/question_detail/q10324906120,高いシャンプーブランドはトリートメントしかないのに、安いシャンプーはコンディショナーがあります。 つまり安いシャンプーにあって高いシャンプーにないのは安い粗悪なシャンプーだからコンディショナーがライン...,0,0
1664,2026/2/1 19:09,自動車,Paralydium874565,7時間32分,2,17,8.5,0,0,0.038,11.76,0.0,0.26,あと3日,https://detail.chiebukuro.yahoo.co.jp/qa/question_detail/q12324906117,古い愛車のホンダ・フィットGE6ですが、 タイヤがレグノGR-XⅡ ホイールがモデューロ（14インチ） は珍しい組み合わせですか？,0,0
1665,2026/2/1 19:09,メンズ全般,b96b03930,7時間32分,2,9,4.5,0,0,0.02,22.22,0.0,0.24,あと3日,https://detail.chiebukuro.yahoo.co.jp/qa/question_detail/q11324906116,身長167センチ体重64で 90s ma1身幅62は大きすぎますか,0,0
1666,2026/2/1 19:09,ゲーム,え,7時間32分,2,24,12.0,0,0,0.053,8.33,0.01,0.27,あと3日,https://detail.chiebukuro.yahoo.co.jp/qa/question_detail/q10324906115,死亡遊戯で飯を食うのアニメ途中まで見て小説版買うか迷ってるんですけど 最初のゲームで死んだ金子みたいな名前の子ってこの先出てくることありますか？ もう作品からリタイアですか？ 金子が出てくるなら小説版...,0,0
1667,2026/2/1 19:09,職場の悩み,a287285bf,7時間32分,2,50,25.0,0,0,0.111,4.0,0.03,0.33,あと3日,https://detail.chiebukuro.yahoo.co.jp/qa/question_detail/q14324906114,はま寿司バイトです。 店長から嫌われていてもう行きたくもありません。 飛ぼうと思っています。しかし制服やら靴やらを処理しないといけないので次の出勤日で最後にしようと思っています。次、出勤するとき制服は...,0,0
1668,2026/2/1 19:09,アニメ,m_i********,7時間32分,1,45,45.0,0,0,0.099,2.22,0.04,0.21,あと3日,https://detail.chiebukuro.yahoo.co.jp/qa/question_detail/q13324906113,閃光のハサウェイ キルケーの魔女をご覧になった方に質問です。 今回のハサウェイは家族で見に行って気まずくなるシーンなどありますか？ 予告でハサウェイが肉欲という言葉を出してたり、ケリアと裸で抱き合った...,0,0
1669,2026/2/1 19:09,病気、症状,miy********,7時間32分,1,22,22.0,0,0,0.049,4.55,0.01,0.16,あと3日,https://detail.chiebukuro.yahoo.co.jp/qa/question_detail/q12324906112,みぞおちのやや右側が、押したり体を動かすと痛みます。 24歳女です。 深呼吸しても少し痛くて、声を出して笑ったり腹筋を使う時も響きます。 これって内臓じゃなくて骨でしょうか？ ストレートネックと反り腰...,0,0
1670,2026/2/1 19:08,テレビ、DVD、ホームシアター,hag********,7時間33分,2,33,16.5,1,3,0.073,6.06,0.01,0.71,あと3日,https://detail.chiebukuro.yahoo.co.jp/qa/question_detail/q10324906110,電気は20Ａとか30Ａとか契約している電圧で料金が違うじゃないですか。 ガスは都市ガスとプロパンガスでは料金が違うじゃないですか。 水道も13ミリとか20ミリとかで料金が違うじゃないですか。 電話は1...,0,0
1671,2026/2/1 19:08,貯金,1252191401,7時間33分,6,40,6.7,0,1,0.088,15.0,0.01,0.81,あと3日,https://detail.chiebukuro.yahoo.co.jp/qa/question_detail/q13324906108,高校生です。今ゆうちょ銀行の口座を使っているのですが別の銀行の口座を新しく作るのは大丈夫でしょうか？？,0,0
1672,2026/2/1 19:08,電子マネー、電子決済,ぐみゃあ,7時間33分,1,16,16.0,0,0,0.035,6.25,0.01,0.15,不明,https://detail.chiebukuro.yahoo.co.jp/qa/question_detail/q12324906107,ゆうちょレコでPayPay(電子マネー)は登録できますか？,0,0
1673,2026/2/1 19:08,投稿練習,.,7時間33分,2,27,13.5,0,0,0.059,7.41,0.01,0.28,不明,https://detail.chiebukuro.yahoo.co.jp/qa/question_detail/q11324906106,社不です。30歳を前に「出来損ないすぎて殺されるんじゃないか」と感じ、急激に鬱になりました。こういった“憂鬱”をどのように乗り越えればいいのでしょうか？ 就職、結婚しろと言ったコメントは不要です。無理...,0,0
1674,2026/2/1 19:08,エステ、脱毛,ber********,7時間33分,0,6,6.0,0,0,0.013,0.0,0.0,0.01,あと3日,https://detail.chiebukuro.yahoo.co.jp/qa/question_detail/q10324906105,メンズ脱毛で肘下を施術したいのですが、あおばクリニックはどうでしょうか？ 都度9800円の支払いみたいでかなり安いと思いますが他におすすめのクリニックありますか？,0,0
1675,2026/2/1 19:08,病気、症状,1053066889,7時間34分,4,54,13.5,0,2,0.119,7.41,0.02,0.69,あと3日,https://detail.chiebukuro.yahoo.co.jp/qa/question_detail/q14324906104,10歳小学生女子（娘）の腹痛について 2年ほど前より原因不明の腹痛に悩まされています。 腹痛が起こる特定の条件はなく、基本的に起きている間はずっとおヘソ〜腸のあたりが痛いらしく、さらに、何の前触れもな...,0,0
1676,2026/2/1 19:08,資産運用、投資信託、NISA,gjk********,7時間34分,3,82,27.3,0,0,0.181,3.66,0.05,0.51,あと3日,https://detail.chiebukuro.yahoo.co.jp/qa/question_detail/q12324906102,割とお金持ちの方に質問です。 労働収入よりも投資での収入の方が明らかに多くないですか？もちろんリスクはありますが、余剰資金で数千万以上運用してる方に聞きたいです。,0,0
1677,2026/2/1 19:08,Amazon,1251827864,7時間34分,0,4,4.0,0,0,0.009,0.0,0.0,0.01,あと3日,https://detail.chiebukuro.yahoo.co.jp/qa/question_detail/q13324906103,エムット Presents SV リーグオールスターゲームズ2025-26神戸の見逃し配信はいつからでしょうか？ Amazon Prime VideoチャンネルのJSPORTSにて視聴したいと思ってい...,0,0
1678,2026/2/1 19:08,恋愛相談,非公開,7時間34分,6,58,9.7,0,0,0.128,10.34,0.01,0.79,あと3日,https://detail.chiebukuro.yahoo.co.jp/qa/question_detail/q11324906101,好きな女性を四回目のデートに誘ってオッケーだったので自分がいつもよりちょっと特別にするねと送ったらほんと！楽しみだなーありがとって来たんですけど脈ありますか？ 一応告白しようと考えてます,0,0
1679,2026/2/1 19:08,外国映画,非公開,7時間34分,0,8,8.0,0,0,0.018,0.0,0.0,0.02,あと3日,https://detail.chiebukuro.yahoo.co.jp/qa/question_detail/q10324906100,ホグワーツについての質問です。 ハリーポッターの映画も原作も未履修ですが、ホグワーツの世界に興味があります。そこで、 1、ホグワーツとはどのような学校？（何歳から何歳まで、何を学ぶ、、、） 2、どうや...,0,0
1680,2026/2/1 19:08,競馬,a8ea9d268,7時間34分,3,48,16.0,1,0,0.106,6.25,0.02,0.65,あと3日,https://detail.chiebukuro.yahoo.co.jp/qa/question_detail/q13324906098,競馬に関しての悩み事です 1R目からレースに参加し、万勝ちをしたにも関わらず、後半のメインの重賞レースに参加して、利益がだいぶ減ってしまい、モヤモヤしてしまいます。 誰か対処法を教えてください笑,0,0
1681,2026/2/1 19:08,占い,非公開,7時間34分,0,22,22.0,0,0,0.048,0.0,0.0,0.05,あと3日,https://detail.chiebukuro.yahoo.co.jp/qa/question_detail/q12324906097,復縁できる可能性を知りたいです。 占いお願いします 復縁できるできないにしてもどんな時期に動き出すのかも合わせて知りたいと思っています。 当方女性、別れ話を切り出した側です。 悪い結果でもかまいません...,0,0
1682,2026/2/1 19:08,アニメ,1152752502,7時間34分,1,44,44.0,0,1,0.097,2.27,0.04,0.27,あと3日,https://detail.chiebukuro.yahoo.co.jp/qa/question_detail/q11324906096,昔見たアニメが思い出せません ・グロい（妊娠したと嘘をついている女の子？に別の女の子がお腹を切り開いて「やっぱり妊娠なんてしてなかったじゃん」みたいなことを呟くシーンがありました） ・可愛い女の子がた...,0,0
1683,2026/2/1 19:08,クレジットカード,sop********,7時間34分,2,16,8.0,0,2,0.035,12.5,0.0,0.39,あと3日,https://detail.chiebukuro.yahoo.co.jp/qa/question_detail/q14324906094,楽天ペイのアプリを使い始めたのですが 楽天ペイ無いの楽天ポイントのやつは、現物の楽天ポイントカードを登録？しないといけないのですか？ 楽天ポイントカードを持っていないのですが、楽天ペイのアプリの楽天ポ...,0,0
1684,2026/2/1 19:08,スマホアプリ,ysg********,7時間34分,0,11,11.0,0,0,0.024,0.0,0.0,0.02,あと3日,https://detail.chiebukuro.yahoo.co.jp/qa/question_detail/q13324906093,ラス恋40代50代60代のマッチングアプリがあるのですがお金がかかるのでしょうか？ 当方男で年収300万ですが厳しいですか？,0,0
1685,2026/2/1 19:08,家族関係の悩み,llh********,7時間34分,3,122,40.7,0,0,0.268,2.46,0.11,0.6,あと3日,https://detail.chiebukuro.yahoo.co.jp/qa/question_detail/q12324906092,義娘に対して自己嫌悪に陥ってます。悪いこととわかっているがどうしたら良いのか悩んでいます。 きっかけは義娘が彼氏と初体験した事をきっかけに、嫉妬心から義娘を性的に見てしまってます。初体験をした話を直接...,0,0
1686,2026/2/1 19:08,スマホアプリ,チ。ーチキンナゲットについてー,7時間34分,3,44,14.7,0,0,0.097,6.82,0.01,0.43,不明,https://detail.chiebukuro.yahoo.co.jp/qa/question_detail/q11324906091,にゃんこ大戦争について かさじぞう、白フォノウ、白ルナ、白ルノ欲しいです。今の超ネコ祭引くべきですか？,0,0
1687,2026/2/1 19:08,職業,匿名,7時間34分,0,3,3.0,0,0,0.007,0.0,0.0,0.01,あと3日,https://detail.chiebukuro.yahoo.co.jp/qa/question_detail/q10324906090,銀行の支店長は、男性と女性は、どちらのほうが多いですか？,0,0
1688,2026/2/1 19:08,観光地、行楽地,snm********,7時間34分,2,19,9.5,0,0,0.042,10.53,0.0,0.26,あと3日,https://detail.chiebukuro.yahoo.co.jp/qa/question_detail/q14324906089,2月３日〜1泊で下田か、伊東に旅行予定なのですが、雪や凍結等、道路状況を教えて頂きたいです,0,0
1689,2026/2/1 19:08,病気、症状,75844576,7時間34分,1,7,7.0,0,0,0.015,14.29,0.0,0.13,あと3日,https://detail.chiebukuro.yahoo.co.jp/qa/question_detail/q13324906088,昨日鼻の中を掃除したせいか、今朝盛大に鼻血を出しました。そうしたら、血が喉の方に入ったのかすごい違和感があります。痛くはないです。対処法ありますか？,0,0
1690,2026/2/1 19:08,ドラム、打楽器,Pearl,7時間35分,1,42,42.0,0,1,0.092,2.38,0.04,0.27,不明,https://detail.chiebukuro.yahoo.co.jp/qa/question_detail/q12324906087,K’sさんの記事を読んだのですがスプリングによる加速が利用できないので、低テンポではスプリングレスコントロールの意味はなく、ハイテンポでは意味があるということでよろしいですか？,0,0
1691,2026/2/1 19:08,YouTube,非公開,7時間35分,1,15,15.0,0,1,0.033,6.67,0.0,0.21,あと3日,https://detail.chiebukuro.yahoo.co.jp/qa/question_detail/q10324906085,YouTubeは何でオートダビングがあるのですか？ 勝手にオートダビングするから腹立つんですけど 日本語にしても日本語にならないし余計な機能です YouTubeは何て余計な事するのですか？,0,0
1692,2026/2/1 19:08,学校の悩み,こやままやこ,7時間35分,4,30,7.5,0,6,0.066,13.33,0.0,0.9,あと3日,https://detail.chiebukuro.yahoo.co.jp/qa/question_detail/q14324906084,小中高校生の皆さんに質問です。 あなたの学校もしくはクラスに「スクール・カースト」は、実在しますか？,0,0
1693,2026/2/1 19:08,引越し,rpf********,7時間35分,2,8,4.0,0,0,0.018,25.0,0.0,0.24,あと3日,https://detail.chiebukuro.yahoo.co.jp/qa/question_detail/q13324906083,引っ越しシーズンについて 2月と4月ならどちらが高い傾向にありますか？ 3月は1年で一番高いですよね,0,0
1694,2026/2/1 19:08,サバイバルゲーム,マーベラスサンデー,7時間35分,0,9,9.0,0,0,0.02,0.0,0.0,0.02,あと3日,https://detail.chiebukuro.yahoo.co.jp/qa/question_detail/q11324906081,ラストウォー：サバイバル、CMをよく見ますが、迫ってくるやつを、ただ打ってるだけに見えます。 それだけですが、それが楽しそうに思える人はやってみてください… こう解釈してますが、ほんとの所はどうですか...,0,0
1695,2026/2/1 19:08,大学受験,Hamanattou133,7時間35分,3,52,17.3,0,0,0.114,5.77,0.02,0.44,あと3日,https://detail.chiebukuro.yahoo.co.jp/qa/question_detail/q12324906082,高3です。もうすぐ受験です 最近人生について考えすぎて中々勉強に集中できません。朝早く起きて勉強するのですが、仮に受かったとして幸せなのかなって考えてしまいます。 というのも僕は九州に住んでいて、彼女...,0,0
1696,2026/2/1 19:08,携帯型ゲーム全般,1150775926,7時間35分,3,32,10.7,0,0,0.07,9.38,0.01,0.4,あと3日,https://detail.chiebukuro.yahoo.co.jp/qa/question_detail/q10324906080,ブロスタ ラフスってどれくらい強いですか？育てるべきですか？弱体化しそうとかも踏まえて教えて欲しいです。予想で大丈夫です。 そもそも時間がないのと、全勝できるほど上手じゃないのでガチバトルは毎回紫から...,0,0
1697,2026/2/1 19:08,恋愛相談、人間関係の悩み,1253112566,7時間35分,0,9,9.0,0,0,0.02,0.0,0.0,0.02,あと3日,https://detail.chiebukuro.yahoo.co.jp/qa/question_detail/q14324906079,イケメン、優しい、面白い、爽やか、運動神経いい 頭悪い 背が168センチ このスペックはモテますか？,0,0
1698,2026/2/1 19:08,ギター、ベース,1150269132,7時間35分,2,29,14.5,0,1,0.064,6.9,0.01,0.35,不明,https://detail.chiebukuro.yahoo.co.jp/qa/question_detail/q13324906078,エフェクターについて質問です。 ストレイキャッツ ブライアンセッツァーのギターサウンドに少しでも近づけるエフェクターは、ありますか。ギターは、GRETSCH 6120−60アンプは、リバーブ付の小型ア...,0,0
1699,2026/2/1 19:08,レディース腕時計、アクセサリー,非公開,7時間35分,0,3,3.0,0,0,0.007,0.0,0.0,0.01,あと3日,https://detail.chiebukuro.yahoo.co.jp/qa/question_detail/q12324906077,至急お願いします。 エンジェル・ハートの時計を買おうと思います。 ①Angel Heart/エンジェルハート スパークルタイム 腕時計 AHT-ST29PPKC-N レディース ②Angel Hear...,0,0
1700,2026/2/1 19:08,恋愛相談、人間関係の悩み,Aaaaaa,7時間35分,0,5,5.0,0,0,0.011,0.0,0.0,0.01,あと3日,https://detail.chiebukuro.yahoo.co.jp/qa/question_detail/q11324906076,今社会人の方に質問です。できるだけたくさんの回答ほしいです！ 大学生とか高校生の時、もっとバカなことやっとけば良かったと思いますか？また、なぜそう思うのかも教えてほしいです！他にもこういうことやっとけ...,0,0
1701,2026/2/1 19:07,バイク,coc********,7時間36分,3,37,12.3,0,1,0.081,8.11,0.01,0.47,不明,https://detail.chiebukuro.yahoo.co.jp/qa/question_detail/q14324906074,250cc以下バイクを廃車手続き（一時抹消）してから譲渡します。 新旧所有者がやる事（用意する書類）などが載ってるサイトありませんか？ できれば陸運局が正式に載せてるのが希望です。陸運局のHP漁ってま...,0,0
1702,2026/2/1 19:07,恋愛相談、人間関係の悩み,1252614668,7時間36分,3,51,17.0,0,0,0.112,5.88,0.02,0.44,あと3日,https://detail.chiebukuro.yahoo.co.jp/qa/question_detail/q10324906075,同性カップルについての相談です。 お付き合いして4ヶ月目の恋人がいます。 恋人は26歳の女性の方です。 私自身はレズビアンで、男の人を好きになったことは一度もありません。 恋人は男女どちらとも付き合っ...,0,0
1703,2026/2/1 19:07,模型、プラモデル、ラジコン,xt2********,7時間36分,0,4,4.0,0,0,0.009,0.0,0.0,0.01,あと3日,https://detail.chiebukuro.yahoo.co.jp/qa/question_detail/q13324906073,IBGのPB72548（1/72のフォッケウルフFw190D-9とD-11の2機セット）のD-9の方は、機関砲のカバーは、どのタイプとなっているのでしょう？ 単品売りでの商品名（商品番号でも可）若しく...,0,0
1704,2026/2/1 19:07,福祉、介護,xz********,7時間36分,7,36,5.1,0,1,0.079,19.44,0.0,0.91,あと3日,https://detail.chiebukuro.yahoo.co.jp/qa/question_detail/q12324906072,人は他人の生活を羨む部分もあるものでしょうか？,0,0
1706,2026/2/1 19:07,趣味,sjk,7時間37分,3,14,4.7,0,2,0.031,21.43,0.0,0.49,あと3日,https://detail.chiebukuro.yahoo.co.jp/qa/question_detail/q11324906071,明日うちの高校が休みで暇なんですが何か暇つぶしの案はありますか？ 金欠なのであまりお金は使いたくないです。近所の友達は皆他校の子で学校があるので誘えないです。同じ高校の友達は皆少し家が遠いですが、誘お...,0,0
1707,2026/2/1 19:07,英語,1252063364,7時間37分,4,29,7.2,0,1,0.063,13.79,0.0,0.57,あと3日,https://detail.chiebukuro.yahoo.co.jp/qa/question_detail/q14324906069,至急！！！ めちゃめちゃ仲良い親友とか家族とかに名前呼ばれたりとかheyって呼ばれたらなんて返しますか？what~?とかHuh?とかですか？what's up?とかも使いますか？,0,0
1708,2026/2/1 19:07,性の悩み、相談,acd20b9,7時間37分,0,19,19.0,0,0,0.042,0.0,0.0,0.04,あと3日,https://detail.chiebukuro.yahoo.co.jp/qa/question_detail/q13324906068,これで日本は性病大国になりますか？ 緊急避妊薬、5000店超で市販 2日発売、処方箋なしにドラッグストアなどで購入できる初の緊急避妊薬「ノルレボ」が2月2日に発売される。,0,0
1709,2026/2/1 19:07,アルバイト、フリーター,a593a32fb,7時間37分,0,6,6.0,0,0,0.013,0.0,0.0,0.01,あと3日,https://detail.chiebukuro.yahoo.co.jp/qa/question_detail/q12324906067,数時間前にUber Eatsの配達員に登録したのですが、画像のようにオンラインにならず、仕事ができません。どうしたらオンラインになって仕事が出来るようになりますか？,0,0
1710,2026/2/1 19:07,政治、社会問題,vac********,7時間37分,2,8,4.0,0,0,0.017,25.0,0.0,0.24,あと3日,https://detail.chiebukuro.yahoo.co.jp/qa/question_detail/q11324906066,与党より、野党に入れる方がいい場合というのはどういう場合ですか？,0,0
1712,2026/2/1 19:07,資産運用、投資信託、NISA,***********,7時間37分,2,51,25.5,0,1,0.111,3.92,0.03,0.39,あと3日,https://detail.chiebukuro.yahoo.co.jp/qa/question_detail/q12324906062,NISAの口座で、株の日計り売買を毎日やることは可能ですか？ その場合２４０万円までだったら税金はかかりませんか？,0,0
1713,2026/2/1 19:07,恋愛相談、人間関係の悩み,非公開,7時間37分,1,6,6.0,0,0,0.013,16.67,0.0,0.12,あと3日,https://detail.chiebukuro.yahoo.co.jp/qa/question_detail/q14324906064,一人前になるとはどんな状態を指しますか？,0,0
1714,2026/2/1 19:07,バス、タクシー,oku********,7時間37分,0,4,4.0,0,0,0.009,0.0,0.0,0.01,あと3日,https://detail.chiebukuro.yahoo.co.jp/qa/question_detail/q13324906063,タクシーアプリのクーポンについて教えてください。 海外の電話番号のスマホだと タクシーGoの友達紹介クーポンも 初回利用のものも使えないようです。 Uberはまだみていませんが、 海外の番号でもお得な...,0,0
1715,2026/2/1 19:07,就職活動,tak********,7時間37分,0,30,30.0,0,0,0.066,0.0,0.0,0.07,あと3日,https://detail.chiebukuro.yahoo.co.jp/qa/question_detail/q11324906061,就活面接についての質問です。 就活の為、インディードからとある企業に応募しまして、面接をすることになりました。 その際、メールに 1 履歴書.職務経歴書の送付 2 アンケート回答 のふたつのうちいずれ...,0,0
1716,2026/2/1 19:07,職場の悩み,c3b9aabd6,7時間37分,3,101,33.7,0,3,0.221,2.97,0.07,0.74,不明,https://detail.chiebukuro.yahoo.co.jp/qa/question_detail/q10324906060,バイトの挨拶についてです バイト先の人たちはみんな「お先です」と言って帰って行ってるのですが何故かそれを言うのが恥ずかしくて「お疲れ様でした」と言って帰ってきてしまったのですが「お先に失礼します」が正...,0,0
1717,2026/2/1 19:07,子育て、出産,1252524491,7時間37分,1,7,7.0,0,0,0.015,14.29,0.0,0.12,あと3日,https://detail.chiebukuro.yahoo.co.jp/qa/question_detail/q13324906058,東京さいたま千葉神奈川にある幼稚園から大学に登校する時間と会社や役所に勤務する時間を夜から翌朝にすれば(電車も夕方から翌日の正午ごろまで運行)熱中症で倒れて救急車で病院に行く人(子供)は1人もないのに...,0,0
1718,2026/2/1 19:07,カスタマイズ,ryo********,7時間37分,1,20,20.0,0,1,0.044,5.0,0.01,0.22,あと3日,https://detail.chiebukuro.yahoo.co.jp/qa/question_detail/q14324906059,ツライチにしたいのですがどのくらい出すといいでしょうか？ ホイールのリムよりスポークの部分が外に出ていたのでスポークの所で測ってます,0,0
1719,2026/2/1 19:07,日本映画,匿名,7時間37分,0,5,5.0,0,0,0.011,0.0,0.0,0.01,あと3日,https://detail.chiebukuro.yahoo.co.jp/qa/question_detail/q12324906057,令和4年8月26日に初公開の、アキラとあきらの、階堂彬は、月給が500万円くらいですか？,0,0
1720,2026/2/1 19:07,生き方、人生相談,a88973703,7時間38分,1,27,27.0,0,0,0.059,3.7,0.02,0.17,あと3日,https://detail.chiebukuro.yahoo.co.jp/qa/question_detail/q11324906056,今のこのひねくれた世の中の時代に純粋に真っ直ぐに生きることなんて難しいですよね？,0,0
1721,2026/2/1 19:07,ゲーム,bbc00addd,7時間38分,0,14,14.0,0,0,0.031,0.0,0.0,0.03,あと3日,https://detail.chiebukuro.yahoo.co.jp/qa/question_detail/q10324906055,ダージュオブケルベロスをしてます。 ヘビーマウントソルジャーに勝てません。 ガンアクション系のゲームはほとんどやったことがないので、技術的な面でも装備やアイテム的な面でも良いのでアドバイスをいただきた...,0,0
1722,2026/2/1 19:07,退職,drq********,7時間38分,4,25,6.2,1,13,0.055,16.0,0.0,1.56,あと3日,https://detail.chiebukuro.yahoo.co.jp/qa/question_detail/q13324906053,失業保険について至急お願いします。 先輩が半年勤めたのですがクビになったから？即支給されると聞きました。自主退社は3ヶ月後らしいのですが何故クビになったのにすぐ貰えるのか教えてくださいませんか？なんか...,0,0
1723,2026/2/1 19:07,パソコン,lam********,7時間38分,4,79,19.8,0,0,0.172,5.06,0.03,0.61,不明,https://detail.chiebukuro.yahoo.co.jp/qa/question_detail/q14324906054,古いPCの処分についてなのですが 1.デスクトップPCでWindows7と書かれたPCを処分したいのですが、古いので買取はしてくれない？と言うのが一つ目 2.電源が入らずデータが残っているのかも分から...,0,0
1724,2026/2/1 19:07,ゲーム,ac36f0dbf,7時間38分,1,32,32.0,0,1,0.07,3.12,0.02,0.24,不明,https://detail.chiebukuro.yahoo.co.jp/qa/question_detail/q11324906051,原神の聖啓の塵についてです。 次の再構築で選んだステが4回伸びるやつできるんですが、何に使えばいいのかめちゃくちゃ悩んでます。悩みすぎてずっと取って置いたら塵が10個も溜まっちゃうくらい悩んでます笑。...,0,0
1725,2026/2/1 19:07,これ、探してます,りー,7時間38分,1,30,30.0,0,0,0.065,3.33,0.02,0.17,あと3日,https://detail.chiebukuro.yahoo.co.jp/qa/question_detail/q12324906052,ボンボンドロップシールを探してるんですけどネットとか高いですし中国製とかが多いのでなかなか買えません、ネットで900円以下で買えるとことかありますかね？,0,0
1727,2026/2/1 19:07,政治、社会問題,非公開,7時間38分,0,8,8.0,0,0,0.017,0.0,0.0,0.02,あと3日,https://detail.chiebukuro.yahoo.co.jp/qa/question_detail/q14324906049,「民意を得たから◯◯の政策を実行する！」と政治家が言った時に「え？有権者はそういう意味で投票したわけじゃないんじゃないの？」と思ったことはありますか？,0,0
1728,2026/2/1 19:07,動画、映像,1252825163,7時間38分,0,1,1.0,0,0,0.002,0.0,0.0,0.0,あと3日,https://detail.chiebukuro.yahoo.co.jp/qa/question_detail/q12324906047,CapCutで編集したやつをLINEで写真のような形で送りたいんですが、方法を教えてください。 あと音声だけを保存する方法ってありますか,0,0
1729,2026/2/1 19:07,新築マンション,1052830882,7時間38分,1,9,9.0,0,0,0.02,11.11,0.0,0.13,あと3日,https://detail.chiebukuro.yahoo.co.jp/qa/question_detail/q11324906046,現場監督見習いです、鉄筋コンクリート造のマンション躯体図は外注ですか？それとも現場監督が書くのですか？,0,0
1730,2026/2/1 19:07,友人関係の悩み,abcde__3,7時間38分,2,26,13.0,0,3,0.057,7.69,0.01,0.47,あと3日,https://detail.chiebukuro.yahoo.co.jp/qa/question_detail/q10324906045,今日友達のバッグについているキーホルダーを触っていたら壊してしまいました。その時は他の人もたくさんいて話していて雰囲気が壊れてしまうと思って言えませんでした。 友達は気づいていないようですがずっと罪悪...,0,0
1731,2026/2/1 19:07,英語,*******,7時間38分,3,45,15.0,0,1,0.098,6.67,0.01,0.49,あと3日,https://detail.chiebukuro.yahoo.co.jp/qa/question_detail/q14324906044,関係代名詞でwhichもthatも使える場合、whichではダメな場合ってなんかありましたっけ？ 前置詞 + thatとかの話ではありません。,0,0
1732,2026/2/1 19:07,政治、社会問題,1250262023,7時間38分,4,29,7.2,0,14,0.063,13.79,0.0,1.41,あと3日,https://detail.chiebukuro.yahoo.co.jp/qa/question_detail/q13324906043,2025年の参議院選挙で自民党は国民1人につき2万円の給付金を支給すると言ったけど支給しなかったので 今回の食品の消費税2年間0も選挙が終わったら無かったことにされてしまいますか？ それとも本当にやっ...,0,0
1733,2026/2/1 19:07,恋愛相談、人間関係の悩み,非公開,7時間38分,1,19,19.0,0,0,0.041,5.26,0.01,0.15,あと3日,https://detail.chiebukuro.yahoo.co.jp/qa/question_detail/q10324906040,別れた後に、こっそり努力していたと分かったらどう感じますか？ ペーパードライバーで運転出来ないと言ってた彼女が、彼氏をサプライズで喜ばせる為に秘密で運転の練習をしていたと、別れてからストーリーで知った...,0,0
1734,2026/2/1 19:07,高校受験,Y.D.S,7時間38分,0,6,6.0,0,0,0.013,0.0,0.0,0.01,あと3日,https://detail.chiebukuro.yahoo.co.jp/qa/question_detail/q11324906041,浜松学芸高校を受ける者です。内申点36点で特進コース併願です。当日何点（何割）取れたら受かりそうですか？,0,0
1735,2026/2/1 19:07,退職,1252177565,7時間38分,0,15,15.0,0,0,0.033,0.0,0.0,0.03,あと3日,https://detail.chiebukuro.yahoo.co.jp/qa/question_detail/q13324906038,派遣勤務の自己都合退職後にお金を受け取れる可能性のある制度を教えて欲しいです。 就職日 2025/6/1 退職日 2026/1/26 退職理由 双極性障害により勤務継続出来なくなった為 平均勤務時間 ...,0,0
1736,2026/2/1 19:07,恋愛相談、人間関係の悩み,TXn********,7時間39分,6,141,23.5,0,1,0.307,4.26,0.07,1.02,あと3日,https://detail.chiebukuro.yahoo.co.jp/qa/question_detail/q14324906039,過去に風俗に行った人はまた行くのでしょうか？ 5年前に知り合った29歳の同い年の男性が付き合ってはないけど、相手はずっと私のことを好きでいてくれます。 ただ、私は彼にドキドキ出来ないので何度も告白され...,0,0
1737,2026/2/1 19:07,自動車,kok********,7時間39分,0,4,4.0,0,0,0.009,0.0,0.0,0.01,あと3日,https://detail.chiebukuro.yahoo.co.jp/qa/question_detail/q12324906037,hzj76 に乗っているのですが、4wdスイッチを押しても最近なかなか4wdインジケータが点灯しません。 ハブはロックされているようです。 トランスファーも4wd解除するとガキンとなるので4wdには入...,0,0
1738,2026/2/1 19:06,ゲーム,a3e6576bf,7時間40分,3,26,8.7,0,3,0.056,11.54,0.0,0.58,あと3日,https://detail.chiebukuro.yahoo.co.jp/qa/question_detail/q10324906035,ブルアカアニメ2期は可能性あると思いますか？ 5周年で発表が無かったので、あるとしたらやっぱり5.5周年か6周年で発表ですかね。,0,0
1739,2026/2/1 19:06,心理学,aa769305f,7時間40分,0,4,4.0,0,0,0.009,0.0,0.0,0.01,あと3日,https://detail.chiebukuro.yahoo.co.jp/qa/question_detail/q13324906033,貧乏人ほど吸い食いしますが、あれはなんで？ 急いでるんですかね？,0,0
1740,2026/2/1 19:06,無印良品,ba722838d,7時間40分,1,3,3.0,0,1,0.007,33.33,0.0,0.18,あと3日,https://detail.chiebukuro.yahoo.co.jp/qa/question_detail/q14324906034,無印の低重心シャーペンで遊んでいたらクルトガの先っちょが内側にはまって取れなくなってしまいました。 思い入れがあるので買い換えは避けたいです。どうしたら取れるでしょうか？,0,0
1741,2026/2/1 19:06,自動車,1149827839,7時間40分,1,4,4.0,0,0,0.009,25.0,0.0,0.12,あと3日,https://detail.chiebukuro.yahoo.co.jp/qa/question_detail/q12324906032,クラウンスポーツのウインカーってデイライト部分が全部光って横から見てもデカくて視認性がとても良いですが、他に同じような車はありますか？,0,0
1742,2026/2/1 19:06,病気、症状,a77530914,7時間40分,0,2,2.0,0,0,0.004,0.0,0.0,0.0,あと3日,https://detail.chiebukuro.yahoo.co.jp/qa/question_detail/q11324906031,風邪が治ってから喉だか気管支だか分かりませんが、息を吸うと喉のあたりに何かあるような感じというかムカムカというか咳をしたくなるような感じになります。（説明が下手ですみません） 風邪は去年の9月下旬に引...,0,0
1743,2026/2/1 19:06,恋愛相談、人間関係の悩み,匿名,7時間40分,0,10,10.0,0,0,0.022,0.0,0.0,0.02,あと3日,https://detail.chiebukuro.yahoo.co.jp/qa/question_detail/q10324906030,エックスXで え‼️ 〇〇って言ってる‼️ 〇〇言ってますよ‼️ 早く気づいて‼️っていうやつの元ネタ知ってる人いますか？至急,0,0
1744,2026/2/1 19:06,スマートフォン,jun********,7時間40分,0,2,2.0,0,0,0.004,0.0,0.0,0.0,あと3日,https://detail.chiebukuro.yahoo.co.jp/qa/question_detail/q14324906029,昨日からATOTOのA5Lを購入して使っています。 Bluetooth接続してCARPLAYでYahooカーナビを使っています。 1日で2回、A5Lのカーナビ上の自車の位置が止まってしまい、スマホ上の...,0,0
1745,2026/2/1 19:06,小説,1151973138,7時間40分,1,30,30.0,0,0,0.065,3.33,0.02,0.17,あと3日,https://detail.chiebukuro.yahoo.co.jp/qa/question_detail/q13324906028,横溝正史ミステリ&ホラー大賞に挑戦しようと考えています。web応募にしようと考えているのですが、テンプレートのダウンロードの仕方がわからず、文字が入れれません。どなたか教えてください。,0,0
1746,2026/2/1 19:06,プレイステーション3,非公開ID,7時間40分,0,3,3.0,0,0,0.007,0.0,0.0,0.01,あと3日,https://detail.chiebukuro.yahoo.co.jp/qa/question_detail/q12324906027,プレイステーション3でユーチューブを観る時 検索のところでカーソルの動きが物凄くもっさり動くのですが 皆さんもそうですか？,0,0
1747,2026/2/1 19:06,病気、症状,ske********,7時間40分,1,7,7.0,0,0,0.015,14.29,0.0,0.12,あと3日,https://detail.chiebukuro.yahoo.co.jp/qa/question_detail/q11324906026,小半夏加茯苓湯と太田胃酸細粒sの飲み合わせって悪いですか？,0,0
1748,2026/2/1 19:06,メルカリ,movie_love_x_x,7時間40分,2,84,42.0,0,0,0.182,2.38,0.08,0.4,あと3日,https://detail.chiebukuro.yahoo.co.jp/qa/question_detail/q10324906025,メルカリで、ゆうパケットポストminiで発送したのですが、QRコードを読み取り忘れてポスト投函してしまいました。 朝８時過ぎに投函して、帰宅後、郵便局のうちの最寄りの取扱局に電話で問い合わせて「控えか...,0,0
1749,2026/2/1 19:06,レディース全般,なにぬねの,7時間40分,1,27,27.0,0,0,0.059,3.7,0.02,0.17,あと3日,https://detail.chiebukuro.yahoo.co.jp/qa/question_detail/q14324906024,バスト100cmでも着れるホビ垢系の服はありますか？ ブランド名など教えてください。,0,0
1750,2026/2/1 19:06,大学受験,cee6de3ff,7時間40分,0,2,2.0,0,0,0.004,0.0,0.0,0.0,あと3日,https://detail.chiebukuro.yahoo.co.jp/qa/question_detail/q13324906023,理科大創域理工数理科学科S方式 2022 数学56分で満点取れましたが受かりますよね？,0,0
1751,2026/2/1 19:06,税金,adc9efd62,7時間41分,3,20,6.7,1,0,0.043,15.0,0.0,0.58,あと3日,https://detail.chiebukuro.yahoo.co.jp/qa/question_detail/q11324906021,税金滞納の話ですが、給与の振込日を狙って口座の全額を差し押さえってされますか？ネット検索したら、それは違法行為だと過去に判決があったみたいですが,0,0
1752,2026/2/1 19:06,Yahoo!知恵袋,*********,7時間41分,1,6,6.0,0,0,0.013,16.67,0.0,0.12,あと3日,https://detail.chiebukuro.yahoo.co.jp/qa/question_detail/q10324906020,明らかなマウントや上から目線の回答を回答者同士でかばいあうのは何故ですか？ 無料だからとか時間を割いているんんだとか言って正当化しているためそういった回答が減らないように思います 明らかなマウントなど...,0,0
1753,2026/2/1 19:06,宗教,1150808750,7時間41分,4,20,5.0,0,0,0.043,20.0,0.0,0.48,あと3日,https://detail.chiebukuro.yahoo.co.jp/qa/question_detail/q14324906019,仏壇等で使用していた香炉台は供養した方がいいのでしょうか。,0,0
1754,2026/2/1 19:06,病気、症状,ich********,7時間41分,2,11,5.5,0,0,0.024,18.18,0.0,0.24,あと3日,https://detail.chiebukuro.yahoo.co.jp/qa/question_detail/q13324906018,夏頃から肩と腕が痛いです。一時はよくなりましたが最近はまた痛くなりました。上には上がります。前と後ろに動かすと痛いです。整形外科に行こうかと思います。四十肩？五十肩？ 漢方薬を飲んだりしていますが…。...,0,0
1755,2026/2/1 19:06,恋愛相談、人間関係の悩み,非公開,7時間41分,3,31,10.3,0,1,0.067,9.68,0.01,0.46,あと3日,https://detail.chiebukuro.yahoo.co.jp/qa/question_detail/q11324906016,彼女が経験豊富な場合、キスするときに「こいつ初めてだな」「こいつ経験少ないな」ってバレるものですか？ よろしくお願いします。,0,0
1756,2026/2/1 19:06,税金,rxstep803,7時間41分,2,59,29.5,0,2,0.128,3.39,0.04,0.47,あと3日,https://detail.chiebukuro.yahoo.co.jp/qa/question_detail/q10324906015,去年ですが６月２５日から１１月１８日までうつ病で休職しました。毎月給与の追徴金が７万ほど請求が来ました。 傷病手当金で何とか過ごしていましたが、１０月・今年の１月と３・４期と市民税・県民税・森林環境税...,0,0
1757,2026/2/1 19:06,バイク,1151664759,7時間41分,0,5,5.0,0,0,0.011,0.0,0.0,0.01,あと3日,https://detail.chiebukuro.yahoo.co.jp/qa/question_detail/q14324906014,Puig 22271O REVVING GRIPS 119mm [GOLD] 汎用についてです。 ZX6R 25年式に取り付けようと思ったのですがグリップを外してみるとスロットルの端の部分が山にやって...,0,0
1758,2026/2/1 19:06,大学受験,1151593467,7時間41分,0,7,7.0,0,0,0.015,0.0,0.0,0.02,あと3日,https://detail.chiebukuro.yahoo.co.jp/qa/question_detail/q12324906012,高２MARCH志望です！先日英検準1級1次試験を受けてきて自己採点したらほぼ確定で受かっているような点数でした｡ 他教科がやばいのでやらなきゃいけないのですが､英検終わってから力尽きてしまい､燃え尽き...,0,0
1759,2026/2/1 19:06,自転車、サイクリング,山本太郎,7時間41分,3,15,5.0,0,0,0.032,20.0,0.0,0.36,あと3日,https://detail.chiebukuro.yahoo.co.jp/qa/question_detail/q11324906011,8sリアディレイラー RD-3020 Acera RD-r2000 Claris RD-M310 ALTUS RD-U2000 ESSA RD-TX800 Tourney tx の引き量はすべて同じで...,0,0
1760,2026/2/1 19:06,メイク、コスメ,1152282657,7時間41分,1,19,19.0,0,0,0.041,5.26,0.01,0.15,あと3日,https://detail.chiebukuro.yahoo.co.jp/qa/question_detail/q10324906010,学校の鏡で見る自分はブスなのに、家の鏡で見るとめちゃめちゃかわいいこの現象なんですか！^^; 推し事するとき周りのオタクはあんなに可愛いのに私は……ってもうなりたくないですт т どなたか私に似合いそ...,0,0
1761,2026/2/1 19:06,恋愛相談、人間関係の悩み,非公開,7時間41分,1,11,11.0,0,0,0.024,9.09,0.0,0.13,あと3日,https://detail.chiebukuro.yahoo.co.jp/qa/question_detail/q13324906008,私は担任の先生が大好きです。現在私は高校３年生です。この前担任の先生にずっと大好きだったことを伝えました。卒業したら友達になりたいと伝えたら、生徒1人を特別扱いするわけには行かないと言われました。 も...,0,0
1762,2026/2/1 19:06,パソコン,187946831,7時間41分,5,34,6.8,0,9,0.074,14.71,0.01,1.2,不明,https://detail.chiebukuro.yahoo.co.jp/qa/question_detail/q12324906007,ゲーミングpcのメモリで一回だけ使用率が70%まで上がった事があります。これって普通ですか？メモリ容量は16GBです。,0,0
1763,2026/2/1 19:06,政治、社会問題,lD非公開,7時間41分,9,81,9.0,0,30,0.175,11.11,0.02,3.09,あと3日,https://detail.chiebukuro.yahoo.co.jp/qa/question_detail/q11324906006,高市早苗さんが握手を求めてきたらどうしますか？,0,0
1764,2026/2/1 19:06,ファーストフード,ゆっ,7時間41分,2,32,16.0,0,0,0.069,6.25,0.01,0.29,あと3日,https://detail.chiebukuro.yahoo.co.jp/qa/question_detail/q10324906005,マクドナルドのクルーです。 朝マック売ってるもの、 商品を打つキーの英語部分など まったくわからないのですが、 教えてください。 働いてる所で聞くのが少し怖くて。 昼ばっかり入っておりまして。。 どう...,0,0
1765,2026/2/1 19:06,福祉、介護,xz********,7時間42分,3,25,8.3,0,0,0.054,12.0,0.0,0.38,あと3日,https://detail.chiebukuro.yahoo.co.jp/qa/question_detail/q14324906004,B型作業所は人が少ないケースだと倒産する可能性もあるものでしょうか？,0,0
1766,2026/2/1 19:06,結婚,まいこ,7時間42分,2,54,27.0,0,2,0.117,3.7,0.03,0.46,不明,https://detail.chiebukuro.yahoo.co.jp/qa/question_detail/q13324906003,結婚パーティーへの参列服について質問です。 カジュアルなパーティですが、こちらだと不適切でしょうか？ ご意見いただけたら幸いです。,0,0
1767,2026/2/1 19:06,登山,1150648403,7時間42分,0,3,3.0,0,0,0.006,0.0,0.0,0.01,あと3日,https://detail.chiebukuro.yahoo.co.jp/qa/question_detail/q12324906002,ライシンのキャリーワゴン1段のって ストライダーも乗りますか？ https://www.lysin.jp/smartphone/detail.html?id=000000000405,0,0
1768,2026/2/1 19:06,メンタルヘルス,1253342990,7時間42分,0,21,21.0,0,0,0.045,0.0,0.0,0.05,あと3日,https://detail.chiebukuro.yahoo.co.jp/qa/question_detail/q11324906001,これは鬱転ですか 何をするのも億劫です 今服薬している薬が効かなくなったのかと思いエビリファイ、クエチアピン、昔継続していた炭酸リチウムなど試しましたが体調が悪くなるばかりです 前まではかなり調子が良...,0,0
1769,2026/2/1 19:06,恋愛相談、人間関係の悩み,1152070518,7時間42分,1,8,8.0,0,0,0.017,12.5,0.0,0.13,あと3日,https://detail.chiebukuro.yahoo.co.jp/qa/question_detail/q10324906000,街コンって行く価値あると思う？,0,0
1770,2026/2/1 19:05,病気、症状,n0n********,7時間43分,1,11,11.0,0,0,0.024,9.09,0.0,0.13,あと3日,https://detail.chiebukuro.yahoo.co.jp/qa/question_detail/q12324905997,何科に行くべきですか? アドバイスお願いします。 ・毎日頭痛がする ・足のふくらはぎからアキレス腱にかけて筋肉痛のような痛み ・足の痒み（血行不良？） ・生理のみだれ ・腹痛・下痢（もともと胃が弱く下...,0,0
1771,2026/2/1 19:05,テーマパーク,1151229647,7時間43分,0,6,6.0,1,0,0.013,0.0,0.0,0.23,あと3日,https://detail.chiebukuro.yahoo.co.jp/qa/question_detail/q10324905995,ミニーちゃんのパルパルーザにリーナベルのファンキャップを被ってくのは非常識ですか？,0,0
1772,2026/2/1 19:05,アニメ,c47d14e19,7時間43分,3,28,9.3,0,0,0.06,10.71,0.01,0.38,あと3日,https://detail.chiebukuro.yahoo.co.jp/qa/question_detail/q13324905993,至急 無職転生みたいなエ〇要素もありながら戦闘もあってめっちゃ面白いアニメありませんか？,0,0
1773,2026/2/1 19:05,恋愛相談、人間関係の悩み,めめめ,7時間43分,1,45,45.0,0,1,0.097,2.22,0.04,0.27,あと3日,https://detail.chiebukuro.yahoo.co.jp/qa/question_detail/q14324905994,こんにちは！一個上の男先輩に恋してる女子です。 バレンタインのことで悩んでて、どうすればいいと思いますか? 6月くらいに私が一目惚れして、手を振るなどして認知してもらってたまに連絡を取り合い、偶然見か...,0,0
1774,2026/2/1 19:05,オンラインゲーム,1149706374,7時間43分,0,64,64.0,0,0,0.138,0.0,0.0,0.14,あと3日,https://detail.chiebukuro.yahoo.co.jp/qa/question_detail/q11324905991,最近非公式で復活したガンエボについてなのですが、Steamで海外の方の垢を借りてガンエボのデータをダウンロードし、 自分の垢に戻した場合本来日本からダウンロード出来ない物が自身のライブラリに存在するこ...,0,0
1775,2026/2/1 19:05,外国映画,zit********,7時間43分,4,49,12.2,0,0,0.106,8.16,0.01,0.54,あと3日,https://detail.chiebukuro.yahoo.co.jp/qa/question_detail/q10324905990,映画 : 2001年宇宙の旅（吹替版）を見る方法について質問です。 サブスクやDVDを見ても字幕版ばかりですが日本語吹替版を見たいです。 お詳しい方お願い致します。,0,0
1776,2026/2/1 19:05,YouTube,上杉謙信,7時間43分,1,27,27.0,0,1,0.058,3.7,0.02,0.23,不明,https://detail.chiebukuro.yahoo.co.jp/qa/question_detail/q14324905989,ゆっくり霊夢とは何ですか？,0,0
1777,2026/2/1 19:05,女性アイドル,ひつじ,7時間43分,0,14,14.0,0,0,0.03,0.0,0.0,0.03,あと3日,https://detail.chiebukuro.yahoo.co.jp/qa/question_detail/q12324905987,突然すみません。前にも同じ質問上がっていたと思うのですが、元メンバーの上村莉菜さんは卒業後、Seed & Flower 所属のタレントで認識していいですか？,0,0
1778,2026/2/1 19:05,料理、食材,non********,7時間43分,2,7,3.5,0,0,0.015,28.57,0.0,0.23,あと3日,https://detail.chiebukuro.yahoo.co.jp/qa/question_detail/q13324905988,お弁当のおかずとして ポークフランクとか加工品に比べて 葉物野菜の炒め物はやはり、 衛生面として不利でしょうか。,0,0
1779,2026/2/1 19:05,飛行機、空港,ちゃねーふけ,7時間43分,2,33,16.5,0,0,0.071,6.06,0.01,0.29,不明,https://detail.chiebukuro.yahoo.co.jp/qa/question_detail/q11324905986,日本→パリ経由→モロッコの場合、フランスの空港で入国審査を通らないとダメですか？,0,0
1780,2026/2/1 19:05,YouTube,lfc********,7時間43分,0,4,4.0,0,0,0.009,0.0,0.0,0.01,あと3日,https://detail.chiebukuro.yahoo.co.jp/qa/question_detail/q10324905985,ペアーズのYouTubeの動画広告に出演してる この女性は誰ですか？,0,0
1781,2026/2/1 19:05,恋愛相談、人間関係の悩み,t*********,7時間44分,2,23,11.5,0,4,0.05,8.7,0.01,0.52,あと3日,https://detail.chiebukuro.yahoo.co.jp/qa/question_detail/q14324905984,女性の方教えて下さい。 女性が今日電話はできないけど LINEならいいよ。 どういう心理ですか？,0,0
1783,2026/2/1 19:05,数学,b5f536669,7時間44分,1,22,22.0,0,0,0.047,4.55,0.01,0.15,不明,https://detail.chiebukuro.yahoo.co.jp/qa/question_detail/q12324905982,格子点の個数の簡単な求め方を教えてください！,0,0
1784,2026/2/1 19:05,吹奏楽,1053158731,7時間44分,3,34,11.3,0,0,0.073,8.82,0.01,0.4,あと3日,https://detail.chiebukuro.yahoo.co.jp/qa/question_detail/q11324905981,バリトンサックスとソプラノサックス、どちらにも使えるストラップを教えてください。 バリトンサックスからソプラノに持ちかえる時にわざわざストラップを外すのがめんどくさいです。今はハーネス型のストラップを...,0,0
1785,2026/2/1 19:05,クレジットカード,非公開,7時間44分,1,15,15.0,0,0,0.032,6.67,0.0,0.14,あと3日,https://detail.chiebukuro.yahoo.co.jp/qa/question_detail/q10324905980,今日エポスカードから電話がかかってきました。 エポスカードを作ってないので電話に出ず無視しましたが、それでいいですよね？ なぜかかってくるのでしょうか？,0,0
1786,2026/2/1 19:05,家族関係の悩み,1150513419,7時間44分,4,33,8.2,1,0,0.071,12.12,0.01,0.72,あと3日,https://detail.chiebukuro.yahoo.co.jp/qa/question_detail/q13324905978,親が離婚してると子供の離婚率も高いですか？,0,0
1787,2026/2/1 19:05,ポケットモンスター,あろま,7時間44分,2,12,6.0,0,0,0.026,16.67,0.0,0.24,あと3日,https://detail.chiebukuro.yahoo.co.jp/qa/question_detail/q14324905979,ポケモンユナイトでメガミュウツーYの持ち物って何がいいですか？,0,0
1788,2026/2/1 19:05,自動車,********,7時間44分,3,30,10.0,0,0,0.065,10.0,0.01,0.39,あと3日,https://detail.chiebukuro.yahoo.co.jp/qa/question_detail/q11324905976,ノートe-powerの燃費は、暫く走ってエンジンが温まれば30km/L超えです。にも関わらず燃費が悪いと言われます。 トヨタのアクアやプリウスは、余裕で40km近くいくのでしょうか？,0,0
1789,2026/2/1 19:05,バラエティ、お笑い,1252270871,7時間44分,0,10,10.0,0,0,0.022,0.0,0.0,0.02,あと3日,https://detail.chiebukuro.yahoo.co.jp/qa/question_detail/q12324905977,ガキ使の年末特番ってなんでメンバーチェンジで続けなかったんでしょうか？ 視聴率はかなり高かったですよね？,0,0
1790,2026/2/1 19:05,賃貸物件,現代文3割ニキ,7時間44分,0,18,18.0,0,0,0.039,0.0,0.0,0.04,あと3日,https://detail.chiebukuro.yahoo.co.jp/qa/question_detail/q14324905974,推薦入試に合格し、春から会津大学に通うものです。いま会津大生の方に質問です。いまアパートを探しているのですが、物件の条件として、WiFiが使える環境は必須でしょうか？ それとも大学でパソコンの作業は済...,0,0
1791,2026/2/1 19:05,ファッション,aha********,7時間44分,0,9,9.0,0,0,0.019,0.0,0.0,0.02,あと3日,https://detail.chiebukuro.yahoo.co.jp/qa/question_detail/q13324905973,この加藤小夏さんが着用している靴のブランドや商品名って何かわかりますか？,0,0
1792,2026/2/1 19:05,女性アイドル,みん,7時間44分,4,30,7.5,0,0,0.065,13.33,0.0,0.49,あと3日,https://detail.chiebukuro.yahoo.co.jp/qa/question_detail/q11324905971,一番右の子は誰ですか？ 日向坂46のメンバーだということは分かります！,0,0
1793,2026/2/1 19:05,ドラゴンクエスト,非公開,7時間44分,2,9,4.5,0,0,0.019,22.22,0.0,0.23,あと3日,https://detail.chiebukuro.yahoo.co.jp/qa/question_detail/q10324905970,ドラクエで一番特技（モーション含め）は何ですか？,0,0
1794,2026/2/1 19:05,英語,can********,7時間44分,5,34,6.8,0,3,0.073,14.71,0.0,0.8,あと3日,https://detail.chiebukuro.yahoo.co.jp/qa/question_detail/q13324905968,お尋ねします。 'I see that whoever addressed the envelope had to go and find out your addoress.' （『Sherlock...,0,0
1795,2026/2/1 19:05,大学,Wolf,7時間44分,2,10,5.0,0,1,0.022,20.0,0.0,0.3,不明,https://detail.chiebukuro.yahoo.co.jp/qa/question_detail/q14324905969,大阪芸術大学の教室にはコンセントは設置してありますか？,0,0
1796,2026/2/1 19:04,ピアス,1252063364,7時間45分,3,29,9.7,0,0,0.062,10.34,0.01,0.38,あと3日,https://detail.chiebukuro.yahoo.co.jp/qa/question_detail/q10324905965,至急！！！もうそろ高校を卒業するので鼻ピを開けたいんですけど4月に大学の入学式があるのでいつ開けるか迷ってます。できれば早く開けたいんですけど、入学式に鼻ピはやめた方がいいのかなとか思って。 そんなこ...,0,0
1797,2026/2/1 19:04,高校受験,ね,7時間45分,3,101,33.7,0,0,0.217,2.97,0.07,0.54,あと3日,https://detail.chiebukuro.yahoo.co.jp/qa/question_detail/q11324905966,高校についてすごく悩んでいます。 2026年の神奈川県公立高校入試を受けます。 秦野と伊志田ですっごく悩んでいて、 ステップの直前模試で段々と点数が上がってきて300点を超えるようになってきました。3...,0,0
1798,2026/2/1 19:04,恋愛相談、人間関係の悩み,wyb********,7時間45分,0,17,17.0,0,0,0.036,0.0,0.0,0.04,あと3日,https://detail.chiebukuro.yahoo.co.jp/qa/question_detail/q12324905962,男性に質問。男友達と2人でお昼ご飯に行って二軒目のカフェで、周りがどんどん結婚してく話をしてきたので流れで○○は結婚どうなの? と聞いたら、ノープランとかって答えて、そもそも結婚願望がないみたいなこと...,0,0
1799,2026/2/1 19:04,家族関係の悩み,不遇なフグ,7時間46分,3,54,18.0,0,0,0.116,5.56,0.02,0.44,不明,https://detail.chiebukuro.yahoo.co.jp/qa/question_detail/q13324905963,家族から体型いじりをされないようにするにはどうしたらいいですか？ 日頃から家族から体型いじりをされます。本当は辛いのですが言い返すと拗ねたと言われます。何回か体型いじりするのをやめてほしいと言ったので...,0,0
1800,2026/2/1 19:04,電子マネー、電子決済,A,7時間46分,0,7,7.0,0,0,0.015,0.0,0.0,0.01,あと3日,https://detail.chiebukuro.yahoo.co.jp/qa/question_detail/q14324905964,PayPayとAppleサービス連携をしたいけどできません。 1番初めの手順で設定からお支払いと配送先でお支払い方法にPayPayを追加するしないといけないそうなのですが、追加することができません。 ...,0,0
1801,2026/2/1 19:04,友人関係の悩み,y##********,7時間46分,6,44,7.3,0,1,0.094,13.64,0.01,0.8,あと3日,https://detail.chiebukuro.yahoo.co.jp/qa/question_detail/q11324905961,親友の子供が高校に合格したので、何かお祝いをあげたいのですが、普通どんなものをあげますか？？産まれた時から知っていて、その子が小さい時はよく家に遊びに行っていました。結婚式にもきてもらってます。 楽天...,0,0
1802,2026/2/1 19:04,大学受験,非公開,7時間46分,8,392,49.0,0,3,0.841,2.04,0.41,1.89,あと3日,https://detail.chiebukuro.yahoo.co.jp/qa/question_detail/q10324905960,現在高３です。全大学落ちました。一浪する予定です。 高校の偏差値も40台で評定も低いですけどなんとなく頑張って英検準1級ゲットしました。これから東洋大学のグローバルイノベーション学科を総合型選抜で目指...,0,0
1803,2026/2/1 19:04,LINE,thw********,7時間46分,1,15,15.0,0,0,0.032,6.67,0.0,0.14,あと3日,https://detail.chiebukuro.yahoo.co.jp/qa/question_detail/q14324905959,LINEの有料スタンプがずっと使用できるのですが、勝手にサブスク？登録されているのでしょうか？？どうやったら確認できますか？？,0,0
1804,2026/2/1 19:04,恋愛相談、人間関係の悩み,a88973703,7時間46分,1,11,11.0,0,0,0.024,9.09,0.0,0.13,あと3日,https://detail.chiebukuro.yahoo.co.jp/qa/question_detail/q13324905958,女性の高身長好きって 高すぎても怖いですよね？「自分とちょうどいいくらいの」高身長を求めてるんですよね？,0,0
1805,2026/2/1 19:04,生理,1052275390,7時間46分,1,18,18.0,0,0,0.039,5.56,0.01,0.15,あと3日,https://detail.chiebukuro.yahoo.co.jp/qa/question_detail/q12324905957,産後の生理が来ません。 原因は何が考えられるでしょうか？ 産後２年１ヶ月がたちましたが、まだ生理が来ません。 まだ完全には断乳していなくて、朝と夜中に授乳しています。 フルタイムで働いていて、こどもは...,0,0
1806,2026/2/1 19:04,資格,af38c80a,7時間46分,0,30,30.0,0,0,0.064,0.0,0.0,0.06,あと3日,https://detail.chiebukuro.yahoo.co.jp/qa/question_detail/q11324905956,あと2週間後に看護師国家試験受けるのですが 今1日の勉強時間が4時間程度で過去の国試問題をひたすら看護ルーで解いてる状態です。このままでは落ちそうな気がして焦っております。模試でも一般状況180後半ぐ...,0,0
1807,2026/2/1 19:04,プロ野球,ze,7時間46分,3,19,6.3,0,0,0.041,15.79,0.0,0.36,あと3日,https://detail.chiebukuro.yahoo.co.jp/qa/question_detail/q10324905955,平成助っ人最強格 ペタジーニ、タイロン・ウッズ、ロバート・ローズ。 この3人には弱点（落ちる球に弱い、速球に弱い等）はあったのでしょうか。 また、もしこの3人が全盛期で現在のNPBにいたらかなりの成績...,0,0
1808,2026/2/1 19:04,デジタル一眼レフ,いにみに,7時間46分,1,9,9.0,1,1,0.019,11.11,0.0,0.4,あと3日,https://detail.chiebukuro.yahoo.co.jp/qa/question_detail/q14324905954,ディズニーでショーパレ用に一眼レフを購入したいと思っています。中古で買う予定なのですが、NikonのD7000は総合的にみてどうでしょうか？ 一眼レフの知識があまりなくすみません。またおすすめも教えて...,0,0
1809,2026/2/1 19:04,車検、メンテナンス,you********,7時間46分,2,18,9.0,0,2,0.039,11.11,0.0,0.38,あと3日,https://detail.chiebukuro.yahoo.co.jp/qa/question_detail/q13324905953,​農家、または農機具整備に詳しい皆様、20年以上前のスズエT510耕運機の操作、整備のやり方についてお教え頂けると幸いです ​曽祖父の遺品である1977年製のスズエの耕運機「T510（エンジン：HON...,0,0
1810,2026/2/1 19:04,アニメ,1150446559,7時間46分,0,5,5.0,0,0,0.011,0.0,0.0,0.01,あと3日,https://detail.chiebukuro.yahoo.co.jp/qa/question_detail/q11324905951,2015年1月15日にルパン三世の石川五エ門、ONE PIECEのゴール・D・ロジャー、忍たま乱太郎の山田伝蔵等の声を担当している大塚周夫さんが虚血性心疾患で亡くなりました。 ゴール・D・ロジャーと山...,0,0
1811,2026/2/1 19:04,大学受験,1150670182,7時間46分,0,110,110.0,2,0,0.236,0.0,0.0,0.66,あと3日,https://detail.chiebukuro.yahoo.co.jp/qa/question_detail/q10324905950,関学の全学部の解答速報はどこからでますか？ あとそれは何日後くらいでしょうか？,0,0
1812,2026/2/1 19:04,美容整形,非公開,7時間46分,0,12,12.0,0,0,0.026,0.0,0.0,0.03,あと3日,https://detail.chiebukuro.yahoo.co.jp/qa/question_detail/q14324905949,この鼻って小鼻縮小だけしたらバランスが崩れる鼻ですか？鼻の穴を小さくしたいです。,0,0
1813,2026/2/1 19:04,入札、落札,******,7時間47分,5,57,11.4,0,4,0.122,8.77,0.01,0.91,あと3日,https://detail.chiebukuro.yahoo.co.jp/qa/question_detail/q12324905947,メルカリでオークションをしていたのですが、そのうち2商品も「勘違いしたから入札を取り消して欲しい」と言われました。 片方はその人の前に入札があり、その人が入札していなければ無事に落札になっていたと思い...,0,0
1814,2026/2/1 19:04,恋愛相談,hkb********,7時間47分,2,26,13.0,0,4,0.056,7.69,0.01,0.53,あと3日,https://detail.chiebukuro.yahoo.co.jp/qa/question_detail/q13324905948,今通ってる美容室の女性アシスタントさんに片想いしてます28の男です。かれこれ３年くらい通っています。 その子とはほとんど話す機会がなくたまにシャンプーしてもらった時に緊張して話せませんでした。そんなこ...,0,0
1816,2026/2/1 19:04,カフェ、喫茶,ID 非公開,7時間47分,1,16,16.0,1,1,0.034,6.25,0.01,0.42,あと3日,https://detail.chiebukuro.yahoo.co.jp/qa/question_detail/q10324905945,カフェラテ、カフェオレ、カフェモカ、カプチーノ 違いを分かりやすく教えて下さい。,0,0
1817,2026/2/1 19:04,カスタマイズ,b3e2bd237,7時間47分,1,11,11.0,0,1,0.024,9.09,0.0,0.19,あと3日,https://detail.chiebukuro.yahoo.co.jp/qa/question_detail/q14324905944,フライホイールについて質問です。 エクセディ製のフライホイールです。上の物と下の物は同じ品番なのですが、どのような違いがあるのでしょうか。 両方ともfa20/24用の品番はTF02と書いてありました。,0,0
1818,2026/2/1 19:04,プロ野球,***********,7時間47分,2,27,13.5,0,0,0.058,7.41,0.01,0.27,あと3日,https://detail.chiebukuro.yahoo.co.jp/qa/question_detail/q13324905943,栗山監督はなんで独身で婚歴が無いんですか？,0,0
1819,2026/2/1 19:04,恋愛相談、人間関係の悩み,mwagtnwptkgxd08,7時間47分,3,5,1.7,0,0,0.011,60.0,0.0,0.33,あと3日,https://detail.chiebukuro.yahoo.co.jp/qa/question_detail/q11324905941,高校卒業式に告白するのどう思いますか？ 仮に成功しても会う機会少なくないですか。,0,0
1820,2026/2/1 19:04,メンズ全般,ce5795396,7時間47分,0,5,5.0,0,0,0.011,0.0,0.0,0.01,あと3日,https://detail.chiebukuro.yahoo.co.jp/qa/question_detail/q12324905942,これを持ってる方いたらサイズ教えて欲しいです！,0,0
1821,2026/2/1 19:04,トレーニング,a9a7aeefd,7時間47分,0,1,1.0,0,0,0.002,0.0,0.0,0.0,あと3日,https://detail.chiebukuro.yahoo.co.jp/qa/question_detail/q10324905940,クレバーのラズベリーのプロテインって味と溶けやすさ教えてください,0,0
1822,2026/2/1 19:04,政治、社会問題,1252270871,7時間47分,7,49,7.0,0,3,0.105,14.29,0.01,1.04,あと3日,https://detail.chiebukuro.yahoo.co.jp/qa/question_detail/q14324905939,移民受け入れってシンガポールみたいに優秀な人だけ入れれば良いんじゃないの？,0,0
1823,2026/2/1 19:04,大学受験,c6240c03,7時間47分,0,19,19.0,0,0,0.041,0.0,0.0,0.04,あと3日,https://detail.chiebukuro.yahoo.co.jp/qa/question_detail/q12324905937,龍谷大学を受験したんですけど、世界史こけてしまって6割になっちゃいました…これって得点調整はいったら何点ぐらいになりますかね？,0,0
1824,2026/2/1 19:04,耳の病気,1252520426,7時間47分,1,14,14.0,0,3,0.03,7.14,0.0,0.33,あと3日,https://detail.chiebukuro.yahoo.co.jp/qa/question_detail/q13324905938,耳鳴りについて質問です。 どんな大きさの高音の耳鳴りが四六時中続いてても慣れますか？,0,0
1825,2026/2/1 19:04,クレジットカード,ricke********,7時間47分,1,26,26.0,0,0,0.056,3.85,0.01,0.16,あと3日,https://detail.chiebukuro.yahoo.co.jp/qa/question_detail/q11324905936,三井住友銀行のOliveのカードは、ATMに入れて出すだけでしか使っていません。（クレカの時はネットとか？） 受付に出したりしないのに、所有権は会社側だと…思います。 ググったらAIが答えてくれるので...,0,0
1826,2026/2/1 19:04,大学受験,b9a976066,7時間47分,2,23,11.5,0,0,0.049,8.7,0.01,0.26,あと3日,https://detail.chiebukuro.yahoo.co.jp/qa/question_detail/q10324905935,関西大学法学部の共テ利用と併用の可能性について質問です。 国語155英語153(傾斜配点入れて)日本史85理科基礎74 数学1A61 だと共テ利用3科目型と4科目型の可能性はどうですか？ また、共テ併...,0,0
1827,2026/2/1 19:04,携帯型ゲーム全般,あゝ無情,7時間47分,2,16,8.0,0,0,0.034,12.5,0.0,0.25,不明,https://detail.chiebukuro.yahoo.co.jp/qa/question_detail/q14324905934,アークナイツについての質問です。 危機契約#4 海に浮かぶ焦点にて、 Enemy21/40辺りで左中央に出てくる トラフィックタワーが倒しきれません。 Mon3trでS2で攻撃速度を上げて ロゴスS3...,0,0
1828,2026/2/1 19:03,ヘアスタイル,。,7時間48分,0,5,5.0,0,0,0.011,0.0,0.0,0.01,あと3日,https://detail.chiebukuro.yahoo.co.jp/qa/question_detail/q12324905932,デジタルパーマやアイロンパーマなら乾かすだけでコテアイロンで作った髪型になれるつまり、普通のパーマはスタイリングを助けるだけでしなきゃいけないが、アイロンパーマならスタイリングしなくていい。 のにそう...,0,0
1829,2026/2/1 19:03,お笑い芸人,ＰＥＫＯ０２１５,7時間49分,0,11,11.0,0,0,0.023,0.0,0.0,0.02,あと3日,https://detail.chiebukuro.yahoo.co.jp/qa/question_detail/q11324905931,徹子の部屋スペシャルに出てるさんまのベストがかっこいい！ ブランドわかりますか？,0,0
1830,2026/2/1 19:03,洋楽,kag********,7時間49分,2,9,4.5,0,0,0.019,22.22,0.0,0.23,あと3日,https://detail.chiebukuro.yahoo.co.jp/qa/question_detail/q13324905928,ライオネル・リッチーのアルバム「Can’t slow down」収録曲の「stuck on you」のアレンジャーの名前を教えてください。作詞作曲同様に本人が手掛けているのでしょうか？,0,0
1831,2026/2/1 19:03,芸能人,1149913788,7時間49分,0,6,6.0,0,0,0.013,0.0,0.0,0.01,あと3日,https://detail.chiebukuro.yahoo.co.jp/qa/question_detail/q10324905930,とある芸能人（？）の方を探しています！ 恐らく元キャバ嬢?の方 シングルマザーで小さな息子さんを育てている とっても美形の方 インスタもやっている お願いします,0,0
1832,2026/2/1 19:03,古着、リメイク,67847407528047,7時間49分,1,22,22.0,0,0,0.047,4.55,0.01,0.15,あと3日,https://detail.chiebukuro.yahoo.co.jp/qa/question_detail/q11324905926,古着で質問です。 先日フリマで購入したレザージャケットなのですが調べても情報が出てきません。知ってる方がいましたら何か教えてほしいです。,0,0
1833,2026/2/1 19:03,就職活動,kur********,7時間49分,0,6,6.0,0,0,0.013,0.0,0.0,0.01,あと3日,https://detail.chiebukuro.yahoo.co.jp/qa/question_detail/q10324905925,ハローワークの給付制限中のバイトについてです。 週20時間未満 4時間未満らしいですが、 日雇いバイトで1日5時間を週4日入れて20時間しても大丈夫ですか？,0,0
1834,2026/2/1 19:03,スマホアプリ,1253205092,7時間49分,0,9,9.0,0,0,0.019,0.0,0.0,0.02,あと3日,https://detail.chiebukuro.yahoo.co.jp/qa/question_detail/q12324905927,ChatGPTについて質問です！ 今まで使ってたChatGPTが急に話し方と文面が変わった（スタンプや改行がなくなった）のですが、原因わかる方いませんか？？,0,0
1835,2026/2/1 19:03,ゲーム,lD非公開,7時間49分,2,57,28.5,0,1,0.121,3.51,0.03,0.4,不明,https://detail.chiebukuro.yahoo.co.jp/qa/question_detail/q14324905924,あつ森についてです 友達とゆめみの島で遊びたいのですが、なぜか深く眠るが表示されません。 バージョン3.0にはなっています。 他の条件はなんでしょうか？,0,0
1836,2026/2/1 19:03,競馬,1151114326,7時間49分,0,3,3.0,0,0,0.006,0.0,0.0,0.01,あと3日,https://detail.chiebukuro.yahoo.co.jp/qa/question_detail/q13324905923,競馬の最終追いきりの表をみたんですけど、どのあたりが大事になってくるでしょうか？,0,0
1837,2026/2/1 19:03,X（旧Twitter）,非公開,7時間49分,1,12,12.0,0,0,0.026,8.33,0.0,0.13,あと3日,https://detail.chiebukuro.yahoo.co.jp/qa/question_detail/q12324905922,Xで新しくゲームアカウントを作りました タグツイート流してフレンド作る為に垢作成したのですが、既にやった垢作って4日経ったのにタグ付けツイートも全て検索に表示されません どうしたらいいですか？？ Tw...,0,0
1838,2026/2/1 19:03,趣味,一般人,7時間49分,1,12,12.0,0,0,0.026,8.33,0.0,0.13,不明,https://detail.chiebukuro.yahoo.co.jp/qa/question_detail/q10324905920,ポケツイのお部屋品との交換について お部屋品1点は過去品S3〜4なので画像のような提案をしたのですが、お相手様に(求)がS7〜となっているとお返事頂きました。 なぜS7〜となるのですか？ 今後この様な...,0,0
1839,2026/2/1 19:03,メルカリ,1053000010,7時間49分,3,31,10.3,0,0,0.066,9.68,0.01,0.38,あと3日,https://detail.chiebukuro.yahoo.co.jp/qa/question_detail/q14324905919,メルカリのゆうパケットポストミニでの発送方法教えてください!どうやって発送完了連絡などするんですか？,0,0
1840,2026/2/1 19:03,パソコン,1051638436,7時間49分,2,10,5.0,0,0,0.021,20.0,0.0,0.23,あと3日,https://detail.chiebukuro.yahoo.co.jp/qa/question_detail/q13324905918,中古グラボこれどうですか？↓ https://www.pc-koubou.jp/products/detail.php?product_id=1203004 値段相応ですかね,0,0
1841,2026/2/1 19:03,プレイステーション4,1252791131,7時間49分,2,4,2.0,0,0,0.009,50.0,0.0,0.22,あと3日,https://detail.chiebukuro.yahoo.co.jp/qa/question_detail/q12324905917,グランツーリスモ7のプレステ4のソフトを購入しようかと考えています。 一応プルステ5でプレイしようと考えているのですが、4と5のソフトではどんな違いがありますか？ また、解像度は4でも気になりませんか...,0,0
1842,2026/2/1 19:03,恋愛相談,秋霜烈日,7時間49分,5,38,7.6,0,2,0.081,13.16,0.01,0.74,あと3日,https://detail.chiebukuro.yahoo.co.jp/qa/question_detail/q11324905916,友達が好きな人を好きになってしまいました。 あの2人はまだ付き合っていないけど、 私は退くべきですか？,0,0
1843,2026/2/1 19:03,自動車,lx1********,7時間49分,2,19,9.5,0,0,0.04,10.53,0.0,0.25,あと3日,https://detail.chiebukuro.yahoo.co.jp/qa/question_detail/q10324905915,車に詳しい方 フロント245/45、リア275／40タイヤをいれたのですが轍にすごくハンドルを取られて運転しづらいです。 高速では感じません。 仕方ないのでしょうか？,0,0
1844,2026/2/1 19:03,YouTube,さいたんこす,7時間49分,1,21,21.0,0,0,0.045,4.76,0.01,0.15,あと3日,https://detail.chiebukuro.yahoo.co.jp/qa/question_detail/q13324905913,ゲーム実況してる底辺ゲーム実況者です。 インスタに載せた動画のコメントで300万越えのアカウントを貼り付けその後 main ni bg と書いてありました。【@........ main ni bg】...,0,0
1845,2026/2/1 19:03,韓国・朝鮮語,1252077635,7時間50分,1,17,17.0,0,1,0.036,5.88,0.01,0.21,あと3日,https://detail.chiebukuro.yahoo.co.jp/qa/question_detail/q12324905912,韓国語に翻訳お願いいたします。 ずわい蟹 旬の地魚盛り合わせ 粟餅菊花餡掛け サーモンと白菜の博多押し 季節の御漬物 不知火 酒粕のババロア,0,0
1846,2026/2/1 19:03,恋愛相談、人間関係の悩み,1150320419,7時間50分,4,30,7.5,0,0,0.064,13.33,0.0,0.49,あと3日,https://detail.chiebukuro.yahoo.co.jp/qa/question_detail/q10324905910,2年半付き合った彼女と先週別れました。辛いです。助けてください。仕事には行けてますが、本当に辛いです。 復縁はもうないのは確定してます。,0,0
1847,2026/2/1 19:03,恋愛相談、人間関係の悩み,非公開,7時間50分,3,27,9.0,0,0,0.057,11.11,0.01,0.38,あと3日,https://detail.chiebukuro.yahoo.co.jp/qa/question_detail/q11324905911,同い年でお互い平均的な顔をした男女は性的行為を全くせずに人生を共に過ごすということが可能だと思いますか？,0,0
1848,2026/2/1 19:03,株式,***********,7時間50分,2,27,13.5,0,2,0.057,7.41,0.01,0.4,あと3日,https://detail.chiebukuro.yahoo.co.jp/qa/question_detail/q14324905909,SBI証券で１００万円から５００万円の株の日計り売り、 当日買って、当日売る（１銘柄）をやろうと思っています。 アクティブプランと、スタンダードプランではどっちがどのぐらい手数料はお得ですか？,0,0
1849,2026/2/1 19:03,メンズ腕時計、アクセサリー,kus********,7時間50分,0,7,7.0,0,0,0.015,0.0,0.0,0.01,あと3日,https://detail.chiebukuro.yahoo.co.jp/qa/question_detail/q13324905908,コラントッテTAOネックレスαARAN を購入したのですが、クビにかける所に 刻印がありません。 本物でしょうか？ オークションで購入した物です。,0,0
1850,2026/2/1 19:03,恋愛相談、人間関係の悩み,はるはる,7時間50分,5,52,10.4,0,5,0.111,9.62,0.01,0.96,あと3日,https://detail.chiebukuro.yahoo.co.jp/qa/question_detail/q12324905907,19歳です。6ヶ月交際中の彼氏と春休みに旅行に行きたいと思っています。母親にLINEで聞いてみたところ、「別に怒らないけど、自分を大事に、色んな人を見て欲しい、自分で考えなさい」と言われました。 私の...,0,0
1852,2026/2/1 19:03,大学受験,1252207331,7時間50分,2,36,18.0,0,0,0.077,5.56,0.01,0.29,あと3日,https://detail.chiebukuro.yahoo.co.jp/qa/question_detail/q11324905906,現在短期大学部2年です。 国公立大学の編入試験が不合格でした。 そのため、盛岡大学後期の編入試験を受けようと思っています。 募集人数は若干名と書いてありました。偏差値がBFな盛岡大学でも不合格になるこ...,0,0
1854,2026/2/1 19:03,登山,erw********,7時間50分,4,68,17.0,0,0,0.145,5.88,0.02,0.57,あと3日,https://detail.chiebukuro.yahoo.co.jp/qa/question_detail/q11324905901,今年の夏、西穂に登ろうかと検討しています。西穂山荘に泊まって朝イチから出発の予定です。私は登山歴6年。 アルプスには6座ほど登った経験があり、その中でも北アルプスの岩稜帯の経験としては、前穂高、槍ヶ岳...,0,0
1855,2026/2/1 19:03,鉄道、列車、駅,非公開ID,7時間50分,0,9,9.0,0,0,0.019,0.0,0.0,0.02,あと3日,https://detail.chiebukuro.yahoo.co.jp/qa/question_detail/q10324905900,上野駅から長野駅まで新幹線通勤をする場合、雪や台風で混乱することは年に何回くらいあるのでしょうか。それ以外のダイヤの乱れもありますか。 他に気をつけるべき点はありますか。,0,0
1856,2026/2/1 19:03,ゲーム,N,7時間50分,1,13,13.0,0,0,0.028,7.69,0.0,0.13,あと3日,https://detail.chiebukuro.yahoo.co.jp/qa/question_detail/q14324905899,ゼルダの伝説シリーズについてなんですけど 初代風の賢者=メドリ→ヴァ・メドー、メドーの止まり木 初代炎の賢者=ダルニア→ヴァ・ルーダニア、ダルニア湖 初代水の賢者=ルト→ヴァ・ルッタ、ルト湖 初代雷の...,0,0
1857,2026/2/1 19:03,釣り,a99309d34,7時間50分,3,36,12.0,0,0,0.076,8.33,0.01,0.39,あと3日,https://detail.chiebukuro.yahoo.co.jp/qa/question_detail/q13324905898,pe1.5号 リーダー7号でショアジギングのセッティングをされている方にお聞きします。 ロッドや状況にもよると思いますが、ジグやプラグなどは何gをメインで投げられてますか？,0,0
1858,2026/2/1 19:03,話題の人物,blo********,7時間50分,3,40,13.3,1,0,0.085,7.5,0.01,0.61,あと3日,https://detail.chiebukuro.yahoo.co.jp/qa/question_detail/q12324905897,高市早苗 も仲間入りに入りますか？,0,0
1859,2026/2/1 19:03,野球全般,rom********,7時間50分,0,9,9.0,0,0,0.019,0.0,0.0,0.02,あと3日,https://detail.chiebukuro.yahoo.co.jp/qa/question_detail/q11324905896,硬式野球をやっています。 普段は金属バットを使っていますが、木製バットに変えたらヒットが打てなくなりました。 木製バットは、金属バットより100gほど重いです。 金属ではそこそこ打てていたので、どうし...,0,0
1860,2026/2/1 19:03,家族関係の悩み,aa-yume514,7時間50分,7,113,16.1,0,2,0.24,6.19,0.04,1.11,不明,https://detail.chiebukuro.yahoo.co.jp/qa/question_detail/q10324905895,主人に嫌気がさしてます。 お風呂を湧かしてくれるまではいいが、蓋を閉めてなかったから閉めてほしかったと言うと、私が寒いと思ってわざわざ蓋を開けて温めておいたのにと怒り、すごく言い合いになり、最終的には...,0,0
1862,2026/2/1 19:03,ドラゴンクエスト,非公開,7時間51分,3,24,8.0,0,6,0.051,12.5,0.0,0.75,あと3日,https://detail.chiebukuro.yahoo.co.jp/qa/question_detail/q13324905893,ドラクエでクリアした時の達成感がすごかった作品は何ですか？,0,0
1863,2026/2/1 19:03,就職、転職,my_********,7時間51分,2,7,3.5,0,0,0.015,28.57,0.0,0.23,あと3日,https://detail.chiebukuro.yahoo.co.jp/qa/question_detail/q12324905892,企業が高齢者雇用を嫌がる本当の理由は、労災対策をやりたくないということですか？ 政府が特別な配慮なんて言うから。,0,0
1864,2026/2/1 19:02,料理、食材,yam********,7時間52分,2,17,8.5,0,1,0.036,11.76,0.0,0.31,あと3日,https://detail.chiebukuro.yahoo.co.jp/qa/question_detail/q10324905890,味の素「レンジで約3分 焼き餃子」は「袋のままOK」とのことですが、ほんとに外袋に切り込みもいれずに調理可能ですか。3分のところ、1分半くらいから膨らみ始め、2分でパンパンです。 心配で一時停止して1...,0,0
1865,2026/2/1 19:02,コンビニ,非公開,7時間52分,0,6,6.0,0,0,0.013,0.0,0.0,0.01,あと3日,https://detail.chiebukuro.yahoo.co.jp/qa/question_detail/q14324905889,セブンイレブンの激辛魚介豚骨ラーメンを 食べた方、感想はどうですか。 私はおいしかったです。 https://www.sej.co.jp/products/a/item/340905/,0,0
1866,2026/2/1 19:02,職場の悩み,五条まさお,7時間52分,1,29,29.0,0,0,0.061,3.45,0.02,0.17,あと3日,https://detail.chiebukuro.yahoo.co.jp/qa/question_detail/q14324804039,元マッククルーなのですがまた同じ店のマックで働きたいです。ですがマック辞めたあとに着てた作業着をクリーニングに出して返さないといけないのですが洗わず捨てちゃいました。 その場合、店長と会った時どんな顔...,0,0
1867,2026/2/1 19:02,大学受験,b2b8629ac,7時間52分,0,50,50.0,0,0,0.106,0.0,0.0,0.11,あと3日,https://detail.chiebukuro.yahoo.co.jp/qa/question_detail/q14324803994,芝浦工業大学の電気ロボット工学コースを受けます 英語が81点になるんですけど、偏差値がどのくらいになるのか不安です,0,0
1868,2026/2/1 19:02,お笑い芸人,a958182cf,7時間52分,1,28,28.0,0,0,0.059,3.57,0.02,0.16,あと3日,https://detail.chiebukuro.yahoo.co.jp/qa/question_detail/q14324803734,芸人のめぞんにかっこいいと言うとブロックされるというポストを見たのですが、何故ですか？ また、その発言をしている動画等あれば教えていただきたいです…！,0,0
1869,2026/2/1 19:02,エステ、脱毛,bov********,7時間52分,0,10,10.0,1,0,0.021,0.0,0.0,0.23,あと3日,https://detail.chiebukuro.yahoo.co.jp/qa/question_detail/q14324803799,ラミクタール(ラモトリギン)を服用しています。 医療脱毛をすると光線過敏症になる恐れがあるとして、脱毛クリニックから断られました。 代替薬で脱毛が可能になりますか？ 主治医の診察まで時間があるのでひと...,0,0
1870,2026/2/1 19:02,外国為替、FX,kin********,7時間52分,0,20,20.0,0,0,0.042,0.0,0.0,0.04,あと3日,https://detail.chiebukuro.yahoo.co.jp/qa/question_detail/q14324803814,XMでGOLD 0.15ロットは実際いくらくらいの取引ですか？,0,0
1871,2026/2/1 19:02,クレジットカード,1153315920,7時間52分,0,12,12.0,0,0,0.025,0.0,0.0,0.03,あと3日,https://detail.chiebukuro.yahoo.co.jp/qa/question_detail/q14324803834,留学するため私名義のキャッシュパスポートをつくるのですが、親の口座からキャッシュパスポートにチャージできますか？,0,0
1872,2026/2/1 19:02,病気、症状,のりのすけ,7時間52分,1,25,25.0,0,0,0.053,4.0,0.01,0.16,あと3日,https://detail.chiebukuro.yahoo.co.jp/qa/question_detail/q14324803479,仕事についてです。 ここ3週間ほど頭痛が続いていて、一昨日は体調不良（頭痛、耳鳴り、目眩、動悸）で休んでしまいました。 昨日は遅刻して出勤しました。 今日は公休日で、明日出勤予定です。 病院へはいきま...,0,0
1873,2026/2/1 19:02,病気、症状,k19********,7時間52分,0,29,29.0,1,0,0.061,0.0,0.0,0.27,あと3日,https://detail.chiebukuro.yahoo.co.jp/qa/question_detail/q14324803344,療養型病院について質問です。 87歳の母が原発性悪性脳リンパ腫で、急性期病院に入院して1ヶ月になるのですが、療養型病院に転院予定ですが、入院予定の病院だと、急変時救急搬送はしてくれません。 抗がん剤治...,0,0
1874,2026/2/1 19:02,アルバイト、フリーター,もんちす,7時間52分,0,9,9.0,0,0,0.019,0.0,0.0,0.02,あと3日,https://detail.chiebukuro.yahoo.co.jp/qa/question_detail/q14324803709,株式会社LeafNxTの日雇いバイトをしたことがある方に質問です。 今回shotworksにて、1日間のみのバイトに申し込み、web登録などを経ました。登録をしながら思ったんですけど、これって本当に1...,0,0
1875,2026/2/1 19:02,アルバイト、フリーター,sat********,7時間53分,0,4,4.0,0,0,0.008,0.0,0.0,0.01,あと3日,https://detail.chiebukuro.yahoo.co.jp/qa/question_detail/q14324803609,アパホテルかハイアットリージェンシーのアルバイトに応募しようと思ってます。 どちらも福利厚生はあるとは思うのですが、アルバイトだと宿泊割引までは利用できませんか？,0,0
1876,2026/2/1 19:02,車検、メンテナンス,bb0ccf40e,7時間53分,0,38,38.0,0,0,0.08,0.0,0.0,0.08,あと3日,https://detail.chiebukuro.yahoo.co.jp/qa/question_detail/q14324803374,DC5インテグラタイプR前期に関して質問です。 そろそろハブベアリングの交換が必要となって来る個体が増えて来ていると思います。 交換時に高確率で破損するABSセンサーなんですが、メーカー部品は既に四輪...,0,0
1877,2026/2/1 19:02,恋愛相談、人間関係の悩み,1,7時間53分,2,16,8.0,0,0,0.034,12.5,0.0,0.24,あと3日,https://detail.chiebukuro.yahoo.co.jp/qa/question_detail/q11324905886,元彼についてです。 私は元彼に信用を失う行動(SNSで複数の女に可愛い会いたいなどのdm、彼女いない発言など)を繰り返されたため別れたのですが、その彼に十分に謝ってもらえなかったこと、反省してくれてい...,0,0
1878,2026/2/1 19:02,恋愛相談、人間関係の悩み,ien********,7時間53分,1,13,13.0,0,0,0.027,7.69,0.0,0.13,あと3日,https://detail.chiebukuro.yahoo.co.jp/qa/question_detail/q12324905887,21歳大学生の女です。同い年の社会人の彼氏がいます。 今日デートの予定だったのですが、待ち合わせの3時間前に彼から「熱が出たから今日は行けなくなってしまった、予定立ててたのに体調管理できてなくてごめん...,0,0
1879,2026/2/1 19:02,恋愛相談、人間関係の悩み,a,7時間53分,0,20,20.0,0,0,0.042,0.0,0.0,0.04,あと3日,https://detail.chiebukuro.yahoo.co.jp/qa/question_detail/q14324803499,浮気されて別れた遠距離の元彼の事が諦められません。忘れられない？って言ったらいいんですかね。 私は東京で相手は九州です。 浮気相手とは付き合ってないけど変わらず毎日のように一緒にいるみたいでまだ続いて...,0,0
1880,2026/2/1 19:02,コンタクトレンズ、視力矯正,avr********,7時間53分,0,20,20.0,0,0,0.042,0.0,0.0,0.04,あと3日,https://detail.chiebukuro.yahoo.co.jp/qa/question_detail/q14324803469,コンタクトレンズの装着液の使用期限は守っていますか？ コンタクト屋で「装着液は開けてから1ヶ月経ったら新しいのに変えてください」と言われましたが、とても1ヶ月では使い切れません。 みなさんは1ヶ月以上...,0,0
1881,2026/2/1 19:02,法律相談,宜しくお願いします,7時間53分,0,9,9.0,0,0,0.019,0.0,0.0,0.02,あと3日,https://detail.chiebukuro.yahoo.co.jp/qa/question_detail/q14324803669,今回個人再生を弁護士様に依頼しました その中に金融会社フクホーがありますが、この会社は、給料押さえなどはありますか、良ければ、フクホー金融を個人再生された人にお願します、その他詳しい方からも宜しくお願...,0,0
1882,2026/2/1 19:02,バンド,c4cc79bf5,7時間53分,1,39,39.0,0,0,0.082,2.56,0.03,0.19,あと3日,https://detail.chiebukuro.yahoo.co.jp/qa/question_detail/q14324803109,大至急おねがいします！学校でバンドを組むかもしれません！ 中学生で、卒業前に学年全体で、なにかしようってなってて、何人かでバンドを組もうとなりました！ 僕がエレキかアコギで、1人がエレキ、もう1人がピ...,0,0
1883,2026/2/1 19:02,料理、食材,非公開,7時間53分,0,19,19.0,0,0,0.04,0.0,0.0,0.04,あと3日,https://detail.chiebukuro.yahoo.co.jp/qa/question_detail/q14324803334,ラ王のカップ麺てなくなりましたよね。 袋麺のラ王を食べました。 再現は出来てるけど（笑）、普通の袋めんのラーメンよりはちょっと長めに茹でます。 さっき作って食べたけど、味は一緒。でも麺がちょっと固かっ...,0,0
1884,2026/2/1 19:02,スマホアプリ,dor********,7時間53分,0,18,18.0,0,0,0.038,0.0,0.0,0.04,あと3日,https://detail.chiebukuro.yahoo.co.jp/qa/question_detail/q14324802909,流行りのフード被ってるベビーフェイスになる加工はなんてアプリですか？ また無料か知りたいです。,0,0
1885,2026/2/1 19:02,K-POP、アジア,c3a0567ba,7時間53分,0,75,75.0,0,0,0.158,0.0,0.0,0.16,あと3日,https://detail.chiebukuro.yahoo.co.jp/qa/question_detail/q14324803224,NCTWISHのWishBakeryのグッズってどこで買えるんですか？いつから買えるとかも分かってたら知りたいです。,0,0
1886,2026/2/1 19:02,コミック,男は黙ってサッポロビール,7時間53分,0,29,29.0,1,0,0.061,0.0,0.0,0.27,あと3日,https://detail.chiebukuro.yahoo.co.jp/qa/question_detail/q14324802914,ミナミの帝王の萬田金融の金が単利なのは なぜですか？ 複利だと計算が面倒だからですか？ . 萬田金融は基本は10日ごとに金利の集金か、 全額返済だと思います。 182巻で「300万円の借金にトイチの金...,0,0
1887,2026/2/1 19:02,恋愛相談、人間関係の悩み,病気持ちの高齢独身のおば,7時間53分,0,52,52.0,4,0,0.11,0.0,0.0,0.95,あと3日,https://detail.chiebukuro.yahoo.co.jp/qa/question_detail/q14324802889,私は、ここ最近、還暦を過ぎた男性ユーザーの方に会いたい話を投げかけられ、返信枠には、場所まで書かれてしつこくされた事に狂喜乱舞し、ついに数日前に自分から「私は、あなたではなく、 あなたより先に出会って...,0,0
1888,2026/2/1 19:02,占い、超常現象,lover358,7時間53分,0,16,16.0,0,0,0.034,0.0,0.0,0.03,あと3日,https://detail.chiebukuro.yahoo.co.jp/qa/question_detail/q14324802964,分かりづらくてすみません。左親指に目のようなものが見えるのですが、これは仏眼相ですか？,0,0
1889,2026/2/1 19:02,ライブ、コンサート,non,7時間53分,0,3,3.0,0,0,0.006,0.0,0.0,0.01,あと3日,https://detail.chiebukuro.yahoo.co.jp/qa/question_detail/q14324803019,HYのライブについて質問です。 仲宗根さんが脚本と演出をする「イーズーコーナー」があると聞いたのですが、 それはいつから始まったもので、 どんなことをしているのでしょうか？,0,0
1890,2026/2/1 19:02,コミック,非公開,7時間53分,0,5,5.0,0,0,0.011,0.0,0.0,0.01,あと3日,https://detail.chiebukuro.yahoo.co.jp/qa/question_detail/q14324802724,「MAJOR 2nd」で下記のキャラが登場する確率はそれぞれ何パーセントぐらいなのかを予想してください。 また、そう答えた理由も教えてください。 ・泰造 ・草野（プロ入りした吾郎世代の海堂OBの中で現...,0,0
1891,2026/2/1 19:02,野球全般,小松,7時間54分,0,12,12.0,0,0,0.025,0.0,0.0,0.03,あと3日,https://detail.chiebukuro.yahoo.co.jp/qa/question_detail/q14324802859,こんばんわ、wbcの韓国対チェコを見に行くのですが、韓国とかの海外代表のグッズはどこに売ってますか？東京ドームでの試合です。回答お願いします！,0,0
1892,2026/2/1 19:02,政治、社会問題,b9da9b1ce,7時間54分,0,5,5.0,0,0,0.011,0.0,0.0,0.01,あと3日,https://detail.chiebukuro.yahoo.co.jp/qa/question_detail/q14324802624,誰か、時津町の今日あった黙祷がなにか教えてください,0,0
1893,2026/2/1 19:02,スマホアプリ,1051633831,7時間54分,0,10,10.0,0,0,0.021,0.0,0.0,0.02,あと3日,https://detail.chiebukuro.yahoo.co.jp/qa/question_detail/q14324802639,至急お願いします！ティックトックのサブスク解除についてです。 昔私がティックトックでサブスク登録していた人（Aさん）がいたんですけど、ある日アカウント永久停止になってしまったんです。それで自分は自動で...,0,0
1894,2026/2/1 19:02,ポケットモンスター,1153285644,7時間54分,0,43,43.0,0,0,0.091,0.0,0.0,0.09,あと3日,https://detail.chiebukuro.yahoo.co.jp/qa/question_detail/q14324802809,至急！！ 友達からもらったポケモンカードを売って購入後商品が偽物と言われ運営に問い合わせたところ商品回収センターに届いたら全額利益保証する との回答でした。 もし偽物だとしたら保証は受けないのでしょう...,0,0
1895,2026/2/1 19:02,ゲーム,レトロ,7時間54分,0,10,10.0,0,0,0.021,0.0,0.0,0.02,あと3日,https://detail.chiebukuro.yahoo.co.jp/qa/question_detail/q14324802644,Switchの限定カラーを持ってますがジョイコンの片方が壊れて新しいのを買ったので、袋のシリアルと合いませんが売る時に値段下がりますかね、同じカラーですが,0,0
1896,2026/2/1 19:02,ヘアケア,らりるれろ,7時間54分,0,7,7.0,0,0,0.015,0.0,0.0,0.01,あと3日,https://detail.chiebukuro.yahoo.co.jp/qa/question_detail/q14324905884,質問です。 ヨルのヘアオイル（ディープナイトリペア）とヘアミルク（メロウナイトリペア）を購入したのですが、夜お風呂に入った後に使用する際、使う順番はどのようにすれば良いですか？ また、そもそも併用しち...,0,0
1897,2026/2/1 19:02,自動車,1152885687,7時間54分,0,4,4.0,0,0,0.008,0.0,0.0,0.01,あと3日,https://detail.chiebukuro.yahoo.co.jp/qa/question_detail/q14324802769,カローラセダンのR4年式(マイナーチェンジ前)に乗っています。ナビにスマホ画面を映す方法はありますか？,0,0
1898,2026/2/1 19:02,病気、症状,t,7時間54分,1,8,8.0,0,0,0.017,12.5,0.0,0.12,あと3日,https://detail.chiebukuro.yahoo.co.jp/qa/question_detail/q12324905882,唇に口内炎が出来たらしんどいですか？,0,0
1899,2026/2/1 19:02,恋愛相談,bf224997,7時間54分,1,16,16.0,0,0,0.034,6.25,0.01,0.14,あと3日,https://detail.chiebukuro.yahoo.co.jp/qa/question_detail/q13324905883,かわいくて、気になる同い年の子でインスタでつながって3日ぐらいたったんですけどなんてDMおくったらいいと思いますか？（ちなみに学校も何もかも違うので、話したことすらありません）,0,0
1900,2026/2/1 19:02,コミック,非公開,7時間54分,0,18,18.0,0,0,0.038,0.0,0.0,0.04,あと3日,https://detail.chiebukuro.yahoo.co.jp/qa/question_detail/q14324802499,「ドカベン」の山田が高校2年の春の明訓と土佐丸の選抜の決勝で犬神がホームスチールをする際に山田とぶつかった衝撃で持っていたボールの袋からボールがこぼれ、 どれが実際のプレーに使っているボールが分からな...,0,0
1901,2026/2/1 19:02,留学、ホームステイ,1052024305,7時間54分,0,33,33.0,2,0,0.07,0.0,0.0,0.49,あと3日,https://detail.chiebukuro.yahoo.co.jp/qa/question_detail/q14324802549,日本語教師を目指す高３です。留学をしながら日本語教育について学びたいと考えています。 大学在学中、卒業生でも構いません。留学中に、現地で単位を取りながら、オンライン授業やテキストのパックなどで日本語教...,0,0
1902,2026/2/1 19:02,Amazon,めぐろ,7時間54分,0,12,12.0,0,0,0.025,0.0,0.0,0.03,あと3日,https://detail.chiebukuro.yahoo.co.jp/qa/question_detail/q14324802489,ジュディドールのシェーディング、ハイライトについての質問です。昨日Amazonでジュディドールを頼んで今日届いたのですが、口コミで偽物だったと書いてありました。これは本物でしょうか、、？ わかる方いま...,0,0
1903,2026/2/1 19:02,YouTube,1052626966,7時間54分,0,9,9.0,0,0,0.019,0.0,0.0,0.02,あと3日,https://detail.chiebukuro.yahoo.co.jp/qa/question_detail/q14324802509,ゲーム実況者のらっだぁさんのゲーム動画で少し前にダレカレやママに会いたいなどのゲームをプレイされてたのですが、 ああいった雰囲気のゲームをらっだぁさんがしてるプレイ動画を他にも見たくてなにかオススメあ...,0,0
1904,2026/2/1 19:02,カスタマイズ,wcg********,7時間54分,1,10,10.0,0,1,0.021,10.0,0.0,0.19,あと3日,https://detail.chiebukuro.yahoo.co.jp/qa/question_detail/q11324905881,エブリイ6型17Vで、6型純正LEDライトをPAグレードのハロゲンライトに交換したいのですが、出来るだけ簡単安価な方法はありますか？ 。(ポン付けに近い配線加工や純正部品流用交換など、ハロゲンにした際...,0,0
1905,2026/2/1 19:02,釣り,c39b009a0,7時間54分,0,8,8.0,0,0,0.017,0.0,0.0,0.02,あと3日,https://detail.chiebukuro.yahoo.co.jp/qa/question_detail/q14324802414,ダイワのハードロックxにシマノの21スコーピオンDCは問題なく使用できますでしょうか?,0,0
1906,2026/2/1 19:02,住宅,ガビガビソクソク,7時間54分,2,13,6.5,1,0,0.027,15.38,0.0,0.45,あと3日,https://detail.chiebukuro.yahoo.co.jp/qa/question_detail/q14324802379,足利市と館林市ならどちらに住みたいですか？,0,0
1907,2026/2/1 19:02,邦楽,b1dbbd135,7時間55分,0,28,28.0,0,0,0.059,0.0,0.0,0.06,あと3日,https://detail.chiebukuro.yahoo.co.jp/qa/question_detail/q14324802334,邦楽シングルCDのジャケ写で非常口のようなガイコツのような緑色のデザインのタイトルをしりたいです。,0,0
1908,2026/2/1 19:02,メンズ全般,c5331dd66,7時間55分,0,4,4.0,0,0,0.008,0.0,0.0,0.01,あと3日,https://detail.chiebukuro.yahoo.co.jp/qa/question_detail/q14324802349,シーサーのaeroのキャップが差し切らなくて可動域が広くなる？みたいなことがあるんですけどわかる人いますか？,0,0
1909,2026/2/1 19:02,大学受験,bfd6e382b,7時間55分,1,68,68.0,0,0,0.143,1.47,0.1,0.25,あと3日,https://detail.chiebukuro.yahoo.co.jp/qa/question_detail/q14324802404,立教大学の観光学部交流文化学科、社会学部現代文化学科に共通テスト利用で出願しました。 国語128/155 英語171/200 日本史91/100 英検cse2322です。 合格の可能性はどれぐらいある...,0,0
1910,2026/2/1 19:02,女性アイドル,c1e2f7a6f,7時間55分,0,11,11.0,0,0,0.023,0.0,0.0,0.02,あと3日,https://detail.chiebukuro.yahoo.co.jp/qa/question_detail/q14324802469,先日年間のファンクラブ入ったのにこうなります。どうすればいいでしょう ぱるたんの生誕祭に落選したのでまた応募しようとしたらこうなりました。,0,0
1911,2026/2/1 19:02,菓子、スイーツ,I D非公開,7時間55分,1,33,33.0,0,0,0.069,3.03,0.02,0.17,あと3日,https://detail.chiebukuro.yahoo.co.jp/qa/question_detail/q14324802169,トップバリュのダブルキャラメルアイスクリームにどハマりしていて大好きなのですが、このアイスくらい甘ーくて超甘党向けのアイス他にありますか？,0,0
1912,2026/2/1 19:02,ライブ、コンサート,c567e6e99,7時間55分,0,25,25.0,0,0,0.053,0.0,0.0,0.05,あと3日,https://detail.chiebukuro.yahoo.co.jp/qa/question_detail/q14324802304,すとふぇすに参戦するものです。 全グループの曲を完璧に覚えている訳では無いのですが、どの曲を聴いておけばライブは楽しめるなど、予習しといた方がいいものはありますか？,0,0
1913,2026/2/1 19:02,女性アイドル,c913365cd,7時間55分,0,39,39.0,1,0,0.082,0.0,0.0,0.29,あと3日,https://detail.chiebukuro.yahoo.co.jp/qa/question_detail/q14324802164,YouTubeで見た若い女の子2人組アイドル？のMVを探しています！サムネは白い髪のショートカットの儚い女の子が横を向いていて、 歌声は2人とも萌え声っぽかったです。曲調はキラキラちょっとケロケロして...,0,0
1914,2026/2/1 19:02,料理、食材,***********,7時間55分,2,33,16.5,0,2,0.069,6.06,0.01,0.41,あと3日,https://detail.chiebukuro.yahoo.co.jp/qa/question_detail/q10324905880,麺類を啜らずに静かに食べると不快に思う日本人は多いのですか？,0,0
1915,2026/2/1 19:02,アニメ,b6830f822,7時間55分,0,3,3.0,0,0,0.006,0.0,0.0,0.01,あと3日,https://detail.chiebukuro.yahoo.co.jp/qa/question_detail/q14324802249,劇場版エウレカセブンハイエヴォリューションは次回作のスパロボで来ると思いますか？,0,0
1916,2026/2/1 19:02,コンタクトレンズ、視力矯正,匿名,7時間55分,0,20,20.0,0,0,0.042,0.0,0.0,0.04,あと3日,https://detail.chiebukuro.yahoo.co.jp/qa/question_detail/q14324802154,このカラコンどこのかわかる方いませんか！！,0,0
1917,2026/2/1 19:02,大学受験,.,7時間55分,0,5,5.0,0,0,0.011,0.0,0.0,0.01,あと3日,https://detail.chiebukuro.yahoo.co.jp/qa/question_detail/q13324905878,暗記科目勉強する時にサウンドトラック聴きながら勉強するのは良くないんでしょうか。,0,0
1918,2026/2/1 19:02,鉄道、列車、駅,gia********,7時間55分,3,44,14.7,0,1,0.092,6.82,0.01,0.47,あと3日,https://detail.chiebukuro.yahoo.co.jp/qa/question_detail/q14324905879,2/4なにわ男子の京セラドームでのコンサートに行きますが、大体3時間公演があるとして、規制退場なども含め21:30過ぎの新大阪駅からの新幹線は間に合うとおもいますか？,0,0
1919,2026/2/1 19:02,恋愛相談、人間関係の悩み,1052622715,7時間55分,3,16,5.3,0,0,0.034,18.75,0.0,0.35,あと3日,https://detail.chiebukuro.yahoo.co.jp/qa/question_detail/q11324905876,高一です。高校は別で、中学生の時に他校で同じ塾だった好きな人がいます。DMでたまに話したりする程度で、お互いに話しかけています。 他の恋愛に行きたいと思ってもなかなか忘れられなくてもう告白しようと思っ...,0,0
1920,2026/2/1 19:02,タブレット端末,。,7時間55分,1,9,9.0,0,0,0.019,11.11,0.0,0.12,あと3日,https://detail.chiebukuro.yahoo.co.jp/qa/question_detail/q10324905875,今iPadを買うなら何で買うのが1番お得ですか？,0,0
1921,2026/2/1 19:02,ドラマ,bb95476d5,7時間55分,0,13,13.0,0,0,0.027,0.0,0.0,0.03,あと3日,https://detail.chiebukuro.yahoo.co.jp/qa/question_detail/q14324905874,ドラマのタイトルを教えてほしいです。 父親と母親が火事から守るために 赤ちゃんを木箱にいれて下に落とすシーンがあるドラマです。 登場人物も思い出せないのです。 その赤ちゃんはおじいちゃんに育てられて ...,0,0
1922,2026/2/1 19:02,病気、症状,名無し,7時間55分,1,21,21.0,0,0,0.044,4.76,0.01,0.15,あと3日,https://detail.chiebukuro.yahoo.co.jp/qa/question_detail/q13324803958,この間自動ドアで指を挟みました。その時は何ともなくて病院に行きレントゲンを取ったのですが特に異常もなかったのですが今腫れがあり曲げることは出来るのですが、今腫れが気になってます。 処方されたロキソニン...,0,0
1923,2026/2/1 19:02,女性アイドル,1252235120,7時間56分,0,7,7.0,0,0,0.015,0.0,0.0,0.01,あと3日,https://detail.chiebukuro.yahoo.co.jp/qa/question_detail/q13324803948,純嶺みき可愛すぎませんか？,0,0
1924,2026/2/1 19:02,YouTube,非公開の名無し,7時間56分,0,15,15.0,0,0,0.032,0.0,0.0,0.03,あと3日,https://detail.chiebukuro.yahoo.co.jp/qa/question_detail/q13324803918,最近YouTubeが調子悪いのは自分だけでしょうか？ プレビューの再生バーが動かせません また、プレビューの音声ボタンや字幕ボタンも押せません 再インストールは効果なしでした。 同じような人いますか？,0,0
1925,2026/2/1 19:02,テレビ、ラジオ,t_e********,7時間56分,0,2,2.0,0,0,0.004,0.0,0.0,0.0,あと3日,https://detail.chiebukuro.yahoo.co.jp/qa/question_detail/q13324803733,大阪府ローカル番組ありますか,0,0
1926,2026/2/1 19:02,英語,saito_225,7時間56分,0,11,11.0,0,0,0.023,0.0,0.0,0.02,あと3日,https://detail.chiebukuro.yahoo.co.jp/qa/question_detail/q13324803693,来年度高1になるタイミングでjprepに入りたいのですが英検2級ないと厳しいのでしょうか？,0,0
1927,2026/2/1 19:02,大学受験,1251464126,7時間56分,0,80,80.0,0,0,0.168,0.0,0.0,0.17,あと3日,https://detail.chiebukuro.yahoo.co.jp/qa/question_detail/q13324803678,関西大学人間健康志望です。 過去問の点数は平均して英語6割くらい、国語6割くらい、日本史6割くらいです。 ここまでめっちゃ頑張ってきたので本当に受かりたいです。 今から出来ることや、本番で出来ることな...,0,0
1928,2026/2/1 19:02,美容整形,c4a24feec,7時間56分,0,37,37.0,0,0,0.078,0.0,0.0,0.08,あと3日,https://detail.chiebukuro.yahoo.co.jp/qa/question_detail/q13324803858,優しい方々に教えて頂きたいことがあります！ 私は幾田りらちゃん（添付画像）のようなお顔になりたいんです… せめて雰囲気だけでも…と思うほど大好きなのですが私とは根本的に違う顔立ちだと思っているので、少...,0,0
1929,2026/2/1 19:02,C言語関連,mkr********,7時間56分,0,31,31.0,0,0,0.065,0.0,0.0,0.06,あと3日,https://detail.chiebukuro.yahoo.co.jp/qa/question_detail/q13324803783,unity C#プログラミングの 弾の発射について 砲台から弾が発射されるプログラムを作っているのですが、 弾がワールド座標では無く、 ローカル座標で飛ぶようにするには どうすれば良いでしょうか。,0,0
1930,2026/2/1 19:02,邦楽,1251625616,7時間56分,0,20,20.0,0,0,0.042,0.0,0.0,0.04,あと3日,https://detail.chiebukuro.yahoo.co.jp/qa/question_detail/q13324803868,こんにちは！ 最近クリープハイプにハマっている者です。 TikTokの切り抜きで見たのですが、この描写があるMVわかる方いますか⁉︎,0,0
1931,2026/2/1 19:02,ニコニコ動画,fuku,7時間56分,0,2,2.0,0,0,0.004,0.0,0.0,0.0,あと3日,https://detail.chiebukuro.yahoo.co.jp/qa/question_detail/q13324803573,じゅきやが純平さんに初めてバカもん界隈っ言ったのどの動画でしたっけ確かじゅきやはカツオと純平さんぐらいだよバカモン界隈入ってるのって言ってました,0,0
1932,2026/2/1 19:02,ヘアスタイル,名無し,7時間56分,0,4,4.0,0,0,0.008,0.0,0.0,0.01,あと3日,https://detail.chiebukuro.yahoo.co.jp/qa/question_detail/q12324905872,こんな感じの輪っかにする髪型って名前ありますか？,0,0
1933,2026/2/1 19:02,デンタルケア,1051984360,7時間56分,0,8,8.0,0,0,0.017,0.0,0.0,0.02,あと3日,https://detail.chiebukuro.yahoo.co.jp/qa/question_detail/q13324803583,矯正がほとんど終わりリテーナーというものを付け出したのですが、 とにかく喋れないんです！特定の行だけ言いにくいとかではなく全部！ 言葉によっては発音できません。こんな状態で学校につけて行きたくないです...,0,0
1934,2026/2/1 19:02,就職活動,a297e0884,7時間56分,0,13,13.0,0,0,0.027,0.0,0.0,0.03,あと3日,https://detail.chiebukuro.yahoo.co.jp/qa/question_detail/q13324803673,面接についての質問です。 面接で先に契約書類のようなものを記入してそこから履歴書について聞かれたりしたのですが、最後面接終わりに採用の時に必要になるので契約書類と履歴書を持ってきてくださいと渡されまし...,0,0
1935,2026/2/1 19:02,デンタルケア,ccff3f158,7時間56分,0,22,22.0,0,0,0.046,0.0,0.0,0.05,あと3日,https://detail.chiebukuro.yahoo.co.jp/qa/question_detail/q13324803633,歯列矯正を初めて半年で、今日何回目かわかりませんがワイヤーを締めてもらいやはり痛いです。2日後友人と焼肉食べに行くのですが、2日で痛みは引くでしょうか。 それとも痛み止め(ロキソニン)を飲めば普段通り...,0,0
1936,2026/2/1 19:02,福祉、介護,1151182263,7時間56分,0,21,21.0,0,0,0.044,0.0,0.0,0.04,あと3日,https://detail.chiebukuro.yahoo.co.jp/qa/question_detail/q13324803463,特養などの施設言語聴覚士について質問です。 以下で悩んでいます。 ・誤嚥性肺炎を出さないためにどのような対策をされていますか？ ・また肺炎になられる方はstがいる環境下で何人くらい出るものですか？ ・...,0,0
1937,2026/2/1 19:02,大学受験,c75918efc,7時間56分,0,41,41.0,0,0,0.086,0.0,0.0,0.09,あと3日,https://detail.chiebukuro.yahoo.co.jp/qa/question_detail/q13324803328,山形大学工学部のフレックスコースは、なぜ学費があんなに安いのですか？夜間型なのは一年次だけで、二年次からは昼間型の人と一緒に授業を受けられると聞きます。何か大きなデメリットがあるのですか？,0,0
1938,2026/2/1 19:02,アニメ,1052946928,7時間56分,2,30,15.0,0,5,0.063,6.67,0.01,0.59,あと3日,https://detail.chiebukuro.yahoo.co.jp/qa/question_detail/q13324803343,ザ・王道展開が見れるバトルアニメ映画などを教えて欲しいです！ 敵キャラの光堕ち、いつもは敵対しているキャラとの一時的な共闘、主人公のピンチに味方が駆けつけるなど……とにかくザ・王道なワクワク盛り上がる...,0,0
1939,2026/2/1 19:02,予備校、進学塾,1153051866,7時間56分,0,6,6.0,0,0,0.013,0.0,0.0,0.01,あと3日,https://detail.chiebukuro.yahoo.co.jp/qa/question_detail/q13324803378,早稲田塾に通う方に質問です。 先日入塾したのですが紙の仮塾生証が渡されてカードが貰えません。 いつ頃塾生カード貰えましたか？,0,0
1940,2026/2/1 19:02,妊娠、出産,ce6d16c72,7時間57分,1,81,81.0,0,0,0.17,1.23,0.14,0.27,あと3日,https://detail.chiebukuro.yahoo.co.jp/qa/question_detail/q13324803453,妊娠初期について質問です。 時系列ですが1/21に検査薬薄く陽性・1/24に陽性になり1/28に病院に受診しましたが、胎嚢に変化しかけっぽいものはありそうだが、まだ確認とは言えないと言われました。 一...,0,0
1941,2026/2/1 19:02,大学受験,1052497144,7時間57分,1,52,52.0,0,0,0.109,1.92,0.06,0.21,あと3日,https://detail.chiebukuro.yahoo.co.jp/qa/question_detail/q13324803448,長崎県立大学経営学部経営学科を受けようと思ってます。共通テストが475点中290点でした。2次試験で使う英語が少し苦手なので不安なのですが最低何点ほどあれば受かりますか？,0,0
1942,2026/2/1 19:02,恋愛相談、人間関係の悩み,nje********,7時間57分,0,23,23.0,0,0,0.048,0.0,0.0,0.05,あと3日,https://detail.chiebukuro.yahoo.co.jp/qa/question_detail/q13324803403,最近悪夢ばかりみます。相談です。 現在大学4年の22歳女です 2週間程度前に、昔付き合っていた人の夢を見ました。 その人はいわゆるモラハラ、DV男でした。 別れたのは約4年前で、1年半程度お付き合いし...,0,0
1943,2026/2/1 19:02,合唱、声楽,ID 非公開,7時間57分,0,12,12.0,0,0,0.025,0.0,0.0,0.03,あと3日,https://detail.chiebukuro.yahoo.co.jp/qa/question_detail/q10324905870,20代の方に質問です。 1番感動する合唱コンクールの歌は何ですか？,0,0
1944,2026/2/1 19:02,政治、社会問題,1252614902,7時間57分,0,3,3.0,0,0,0.006,0.0,0.0,0.01,あと3日,https://detail.chiebukuro.yahoo.co.jp/qa/question_detail/q13324803033,中央公論と改造って共通点ありますか？ 違いとそれぞれ関わってる人とか教えてほしいです,0,0
1945,2026/2/1 19:02,観光地、行楽地,1052856994,7時間57分,0,9,9.0,0,0,0.019,0.0,0.0,0.02,あと3日,https://detail.chiebukuro.yahoo.co.jp/qa/question_detail/q13324803298,この時期に渋谷スカイ行くとしたら、1番綺麗な景色が見られるのは何時頃でしょうか？,0,0
1946,2026/2/1 19:02,大学受験,cb6a8a47c,7時間57分,0,27,27.0,0,0,0.057,0.0,0.0,0.06,あと3日,https://detail.chiebukuro.yahoo.co.jp/qa/question_detail/q13324803293,法政大学の人間環境学部に総合型で合格した者なのですが、特に今のところ何も課題が出ておらず、入学前のクラス振り分けテストがあるらしいんですけど、法政大学の公式ホームページも、 メールもくまなくチェックし...,0,0
1947,2026/2/1 19:02,病気、症状,gnb********,7時間57分,0,63,63.0,0,0,0.132,0.0,0.0,0.13,あと3日,https://detail.chiebukuro.yahoo.co.jp/qa/question_detail/q13324802923,最近、胸焼け？胃？お腹が気持ち悪いのが数日続いてます。それに加えてたまに頭痛がします。 暴飲暴食はしておらず酒も付き合い程度に週1くらいでしか飲んでいません。 28歳男性です。 なにか考えられる原因は...,0,0
1948,2026/2/1 19:02,クレジットカード,a18c3b72a,7時間57分,1,34,34.0,0,0,0.071,2.94,0.02,0.18,あと3日,https://detail.chiebukuro.yahoo.co.jp/qa/question_detail/q13324803098,至急！！ 現在使ってるauペイカードの期限が今年の1月(今月)で切れるのですが、登録してる住所の変更を忘れていて更新されたカードが手元にありません。 1月30日に届くよう再配達の申し込みはしました。 ...,0,0
1949,2026/2/1 19:02,レディース全般,eae********,7時間57分,0,27,27.0,0,0,0.057,0.0,0.0,0.06,あと3日,https://detail.chiebukuro.yahoo.co.jp/qa/question_detail/q13324803238,ジャケットワンピースってもう流行ってないですか？ 推しのライブに着て行きたいのですが、、,0,0
1950,2026/2/1 19:02,DTM,kra********,7時間57分,1,41,41.0,1,0,0.086,2.44,0.04,0.4,あと3日,https://detail.chiebukuro.yahoo.co.jp/qa/question_detail/q13324802953,シンバルのEQについて DTMでドラム音源を打ち込んでいるのですが、どんな幅で、どこを削ってもキンキン感がなくなりません(特にハイハット)。 結局、広域を削りすぎて、エアー感がなくモヤっとしたドラムに...,0,0
1951,2026/2/1 19:02,ポケットモンスター,1252409330,7時間57分,0,25,25.0,0,0,0.052,0.0,0.0,0.05,あと3日,https://detail.chiebukuro.yahoo.co.jp/qa/question_detail/q13324803218,ずっと放置されてたポケモンカードが横から見て反っていたんですけど、調べてみるとケアの方法が山反りや谷反りのやつしか出てこなかったんですけど、 この場合もタッパーに乾燥剤を入れて放置する方法でいいのでし...,0,0
1952,2026/2/1 19:02,YouTube,ダーキー,7時間57分,0,10,10.0,0,0,0.021,0.0,0.0,0.02,あと3日,https://detail.chiebukuro.yahoo.co.jp/qa/question_detail/q13324802713,OBSでのyoutubeでの配信に関する質問です。 OBSを使いウツロマユというゲームの配信をしてみたのですが、 OSBが画像の通り0kbps(実際は0~200kbpsを右往左往(でも0多め)) とい...,0,0
1953,2026/2/1 19:02,ゲーム,1252713653,7時間57分,0,6,6.0,0,0,0.013,0.0,0.0,0.01,あと3日,https://detail.chiebukuro.yahoo.co.jp/qa/question_detail/q13324802623,イナズマイレブンのストーリーモードでプラスボタンを押すとこの画面から動かせなくなります。チームをきりかえようとZRやRを押しても画像の文章が出てきて積みます。試合もできません。どうすれば良いですか？,0,0
1954,2026/2/1 19:02,鉄道、列車、駅,PPSman,7時間57分,1,33,33.0,0,0,0.069,3.03,0.02,0.17,あと3日,https://detail.chiebukuro.yahoo.co.jp/qa/question_detail/q13324802868,スハネフ14が入った編成で最も短い両数の列車ってなんでしょうか？ 金沢↔︎和島の4両能登でしょうか？,0,0
1955,2026/2/1 19:02,ゲーム,幽,7時間57分,0,8,8.0,1,0,0.017,0.0,0.0,0.23,あと3日,https://detail.chiebukuro.yahoo.co.jp/qa/question_detail/q13324802798,第5人格についての質問です！ 今の内在人格って何が強いんですか？ 復帰したてでよく分かっていないので 教えて欲しいです！,0,0
1956,2026/2/1 19:02,プレイステーション3,非公開,7時間58分,0,3,3.0,0,0,0.006,0.0,0.0,0.01,あと3日,https://detail.chiebukuro.yahoo.co.jp/qa/question_detail/q13324802613,「戦国BASARA４」の柴田勝家の創世エンディングでは信長に罵倒されながら血酒をかけられるというバッドエンドな形になったのですが、その時の光秀の心境はどんなものだったと思いますか？ 若干引いていたよう...,0,0
1957,2026/2/1 19:02,ゲーム,1150491159,7時間58分,0,15,15.0,0,0,0.031,0.0,0.0,0.03,あと3日,https://detail.chiebukuro.yahoo.co.jp/qa/question_detail/q13324802698,豊聡耳神子のピクシブ百科事典のキャラ説明、 「本人はもう少し眠っててもよかったらしいが」 「逆に神子を刺激してしまい、結果的に復活を早めてしまう」 これらの情報のソースは原作のどこに書いてあるのでしょ...,0,0
1958,2026/2/1 19:02,メンズバッグ、財布、小物類,yt1********,7時間58分,0,14,14.0,0,0,0.029,0.0,0.0,0.03,あと3日,https://detail.chiebukuro.yahoo.co.jp/qa/question_detail/q13324802708,COACHの財布のファスナーが閉まらなくなり、スライダーを交換しようと思うのですが、品番とか分かりません。 何を買えばいいですか？,0,0
1959,2026/2/1 19:02,大学受験,あ,7時間58分,0,17,17.0,0,0,0.036,0.0,0.0,0.04,あと3日,https://detail.chiebukuro.yahoo.co.jp/qa/question_detail/q13324802473,国公立大学入試について 前期と後期で別の大学かつ全く違う系統の学部を受けるのですが、後期の面接でその事を聞かれたりはしませんか？,0,0
1960,2026/2/1 19:02,学校の悩み,わ,7時間58分,0,16,16.0,0,0,0.033,0.0,0.0,0.03,あと3日,https://detail.chiebukuro.yahoo.co.jp/qa/question_detail/q13324802488,中学二年生です。2月に学年末テストがあります。2年間課題をとりあいずやるだけで各教科の勉強をあまりにしてきませんでした。やっても自分に合わなかったのか結果に繋がりませんでした。 学年末頑張りたいので各...,0,0
1961,2026/2/1 19:02,大学受験,jmtmt12,7時間58分,0,16,16.0,0,0,0.033,0.0,0.0,0.03,あと3日,https://detail.chiebukuro.yahoo.co.jp/qa/question_detail/q13324802498,明治国際医療大学に出願しようと思っています。 救急救命学科ではやはりピアスは禁止になるのでしょうか？ ご存知の方や通ってる先輩方教えてください！,0,0
1962,2026/2/1 19:02,アニメ,苺,7時間58分,2,22,11.0,0,0,0.046,9.09,0.01,0.25,あと3日,https://detail.chiebukuro.yahoo.co.jp/qa/question_detail/q14324905869,令嬢･お姫様系のアニメが知りたいです。 恋愛要素はあったら嬉しいですが無くても大丈夫です。 アニメの可愛いドレスを見るのが好きなので絵柄が綺麗なものだとなお嬉しいです。 直近見たもので言うと ループ7...,0,0
1963,2026/2/1 19:02,携帯型ゲーム全般,b66189ab8,7時間58分,0,32,32.0,0,0,0.067,0.0,0.0,0.07,あと3日,https://detail.chiebukuro.yahoo.co.jp/qa/question_detail/q13324802583,ツイステの育成についての質問です。 今まで、どれを育成したらいいか分からずにやってて、バトルとか試験とかはお任せ編成に任せてたんです。だけどストーリーが7章に入ってバトルで勝てなくなってきたし、試験は...,0,0
1964,2026/2/1 19:02,ドラマ,非公開,7時間58分,0,8,8.0,0,0,0.017,0.0,0.0,0.02,あと3日,https://detail.chiebukuro.yahoo.co.jp/qa/question_detail/q13324802463,「豊臣兄弟」放送記念に「秀長のスマホ」が制作されるとしたら、 下記の通りになると思いますか？ ・兄秀吉と再会 貯めに貯まった貯金で念願のスマホを手に入れた秀長がスマホを眺めていると秀吉が帰郷するが、「...,0,0
1965,2026/2/1 19:02,洗濯、クリーニング,wjk********,7時間58分,0,18,18.0,0,0,0.038,0.0,0.0,0.04,あと3日,https://detail.chiebukuro.yahoo.co.jp/qa/question_detail/q13324802308,タオル研究所のタオルって種類によってサイズ以外にも何か違うんですか？ ミニバスタオルが少しでかいので、ビッグフェイスタオルで代用したいです。,0,0
1966,2026/2/1 19:02,宿題,ca8312d69,7時間58分,0,23,23.0,0,0,0.048,0.0,0.0,0.05,あと3日,https://detail.chiebukuro.yahoo.co.jp/qa/question_detail/q13324802448,中学2年生国語の走れメロスについて質問です。 走れメロスのまとめで 自分が感じた「走れメロス」の作品の魅力（人物像、表現の効果、場面の展開、語句の使い方、描写など）を、本文から引用しながらまとめよう。...,0,0
1967,2026/2/1 19:02,オンラインゲーム,b128cf6e3,7時間58分,0,9,9.0,0,0,0.019,0.0,0.0,0.02,あと3日,https://detail.chiebukuro.yahoo.co.jp/qa/question_detail/q13324802413,セガUFOキャッチャーオンラインの5000upプレゼントキャンペーンについて。 現在開催中の総額100万upプレゼントキャンペーンや毎月1日に1〜3名様に5000upプレゼント等やっていますが、本当に...,0,0
1969,2026/2/1 19:02,iPhone,カム,7時間58分,0,15,15.0,0,0,0.031,0.0,0.0,0.03,あと3日,https://detail.chiebukuro.yahoo.co.jp/qa/question_detail/q13324802178,iPhoneユーザーなのですがスマホを使っていると急に画面が消え充電しても再起動しようとしても反応がなく、 2分くらい経ったら「ソフトウェアアップデートの更新」の通知と共に画面が着いたのですがこれが普...,0,0
1970,2026/2/1 19:02,大学受験,非公開,7時間58分,0,45,45.0,1,0,0.094,0.0,0.0,0.3,あと3日,https://detail.chiebukuro.yahoo.co.jp/qa/question_detail/q13324802123,第一志望校は学校推薦で受けた結果落ち、共テの結果も芳しくありませんでした。 高校受験のときは第一志望の公立高校を諦めず受けましたが落ちたので私立に通ってます。 大学受験では私立には行きたくないし、この...,0,0
1971,2026/2/1 19:02,職場の悩み,jjjjjjjjjkkkkkkkkkkkkkkkkkkklll,7時間58分,2,15,7.5,0,0,0.031,13.33,0.0,0.24,あと3日,https://detail.chiebukuro.yahoo.co.jp/qa/question_detail/q12324905867,未経験で道路舗装業就職について質問です。 今年の4月から道路舗装の仕事をすること事がきまりました。 土木経験も未経験で、何をすればいいか分かりません。 新人の頃は特に、気をつけなければいけないこと、コ...,0,0
1972,2026/2/1 19:02,世界史,yam********,7時間59分,0,5,5.0,0,0,0.01,0.0,0.0,0.01,あと3日,https://detail.chiebukuro.yahoo.co.jp/qa/question_detail/q11324905866,Professor Jiangについて質問です。 ここ1年くらい前からYoutubeで中国系カナダ人の Professor Jiangという人物がゲームセオリーという彼独自の歴史分析手法で未来予測を語...,0,0
1973,2026/2/1 19:02,作詞、作曲,1251660482,7時間59分,2,16,8.0,0,0,0.033,12.5,0.0,0.24,あと3日,https://detail.chiebukuro.yahoo.co.jp/qa/question_detail/q10324905865,IIm7→IIm7/Ⅴ→Ⅳ♯m7という進行は理論的にはどうのように解釈すれば良いでしょうか?,0,0
1974,2026/2/1 19:02,大学受験,a,7時間59分,0,53,53.0,1,0,0.111,0.0,0.0,0.32,あと3日,https://detail.chiebukuro.yahoo.co.jp/qa/question_detail/q13324802078,第115回看護師国家試験を受ける者です。 大和大学で受ける予定なのですが、試験会場の座席は隣の人、前後の人とどのくらい間隔が空いているでしょうか。当日の雰囲気を把握したくて質問させていただきました。去...,0,0
1975,2026/2/1 19:02,掃除,toh********,7時間59分,0,12,12.0,0,0,0.025,0.0,0.0,0.02,あと3日,https://detail.chiebukuro.yahoo.co.jp/qa/question_detail/q12324803927,マジックリンやカビキラーなどのノズル式スプレーを高所に向けて使いたいのですが、そういうのを遠くからでも使える棒は売っていますか？通販であればリンクを載せていただけるとありがたいです。,0,0
1976,2026/2/1 19:02,プレイステーション4,dcy********,7時間59分,0,4,4.0,0,0,0.008,0.0,0.0,0.01,あと3日,https://detail.chiebukuro.yahoo.co.jp/qa/question_detail/q12324803922,Xim matrixで コントローラーを刺した途端に 白く点滅します アプデは済んでいるのですが 原因がわかりません usbケーブルもかえたりしました、 Ps5純正コントローラーだとそうなります Xb...,0,0
1977,2026/2/1 19:02,ドラマ,a7c059fd7,7時間59分,0,9,9.0,0,0,0.019,0.0,0.0,0.02,あと3日,https://detail.chiebukuro.yahoo.co.jp/qa/question_detail/q12324804012,ハゲワシと少女のような貧困の写真が階段の途中の壁に飾られていてドラマにでてきている男の人が自分の父が撮った写真なんだみたいなセリフを言っているドラマがあったと思うんですが前に見たドラマなので題名が思い...,0,0
1978,2026/2/1 19:02,iPhone,nvi********,7時間59分,0,1,1.0,0,0,0.002,0.0,0.0,0.0,あと3日,https://detail.chiebukuro.yahoo.co.jp/qa/question_detail/q12324803752,iPhoneユーザーです。1時間弱の画録を間違ってしてしまって、消そうと思ってもその動画が読み込みされないため表示されず、消すことができてない状態です。 めちゃくちゃ重いので早く消したいのですが…これ...,0,0
1979,2026/2/1 19:02,飲食店,yam********,7時間59分,0,208,208.0,0,0,0.434,0.0,0.0,0.43,あと3日,https://detail.chiebukuro.yahoo.co.jp/qa/question_detail/q12324803852,最近YouTuberのびわこくんが行ってたこの動画のおいしかった店を教えていただきたいです！,0,0
1980,2026/2/1 19:02,女性アイドル,1253009462,7時間59分,0,16,16.0,0,0,0.033,0.0,0.0,0.03,あと3日,https://detail.chiebukuro.yahoo.co.jp/qa/question_detail/q12324803802,あいすちゃんの生誕祭、グッズの販売よくわからなくて、前物販チケット持ってないけどその場合グッズはいつ買えるんでしょうか(T T)また、グッズとチェキ販売は同じタイミングで買えるのでしょうか？ ド新規す...,0,0
1981,2026/2/1 19:02,女性アイドル,1151280337,7時間59分,0,10,10.0,0,0,0.021,0.0,0.0,0.02,あと3日,https://detail.chiebukuro.yahoo.co.jp/qa/question_detail/q12324803787,奇跡が起こりました！ 本日から私は大阪旅行 推しの岡本姫奈ちゃんは今日から大阪梅田で舞台！ そういえば、岡本姫奈ちゃんらしき女性から熱い眼差しを受けた気がします これは、物語の始まりと受け取っていいで...,0,0
1982,2026/2/1 19:02,高校受験,1052445487,7時間59分,0,38,38.0,0,0,0.079,0.0,0.0,0.08,あと3日,https://detail.chiebukuro.yahoo.co.jp/qa/question_detail/q12324803577,中3です。模試の判定がずっとC判定のまま変わらなかった高校を受けようと思っています。 偏差値60のところなのですが最後の模試で偏差値57でした。数学が苦手で理社はだんだん上がってきてるんですが、国英が...,0,0
1983,2026/2/1 19:02,ガラケー,c6b14c55c,7時間59分,0,12,12.0,0,0,0.025,0.0,0.0,0.02,あと3日,https://detail.chiebukuro.yahoo.co.jp/qa/question_detail/q12324803602,昔やっていた携帯ゲーム（ガラケー時代）を、どうしても思い出したくて探しています。 記憶がかなり曖昧なので、少しでも心当たりがあれば教えてください。 ■ 確信がある情報 ・ガラケーのゲーム ・縦画面 ■...,0,0
1984,2026/2/1 19:02,ダイエット,匿名,7時間59分,4,27,6.8,0,0,0.056,14.81,0.0,0.47,あと3日,https://detail.chiebukuro.yahoo.co.jp/qa/question_detail/q14324905864,中学2年生の女です。 明日昼ごはんを栄養がとれるゼリーか栄養バーで迷ってます。学校で最近委員会等あるのと、食べるのがとても遅いのですぐに食べれるものじゃないとダメです。 どちらがオススメですか？また、...,0,0
1985,2026/2/1 19:02,テレビ、ラジオ,t_e********,7時間59分,0,3,3.0,0,0,0.006,0.0,0.0,0.01,あと3日,https://detail.chiebukuro.yahoo.co.jp/qa/question_detail/q12324803702,滋賀県ローカル番組ありますか,0,0
1986,2026/2/1 19:02,大学受験,cc369e1e8,7時間59分,1,77,77.0,0,0,0.16,1.3,0.12,0.26,あと3日,https://detail.chiebukuro.yahoo.co.jp/qa/question_detail/q12324803597,商業高校2年生です。今指定校推薦で明治大学経営学部と同志社大学商学部で悩んでいるのですが、それぞれの大学の良さってなんですか？ そして、両校の卒業後進路では、調べてみると、同志社大学の方が上という意見...,0,0
1987,2026/2/1 19:02,ゲーム,ca15409a6,7時間59分,0,13,13.0,0,0,0.027,0.0,0.0,0.03,あと3日,https://detail.chiebukuro.yahoo.co.jp/qa/question_detail/q12324803612,至急！ツイステのミニアクスタは保護フィルムついてますか？,0,0
1988,2026/2/1 19:02,動画サービス,Funny people.,7時間59分,0,256,256.0,0,0,0.533,0.0,0.0,0.53,あと3日,https://detail.chiebukuro.yahoo.co.jp/qa/question_detail/q12324803592,Tiktokで流れてきたのですが作品名がわからず 調べたのですが出てきませんでした。 わかる方がいらっしゃいましたら教えていただけると ありがたいです。よろしくお願い致します。,0,0
1989,2026/2/1 19:02,英語,saito_225,8時間0分,0,8,8.0,0,0,0.017,0.0,0.0,0.02,あと3日,https://detail.chiebukuro.yahoo.co.jp/qa/question_detail/q12324803652,SEG、jprep、グノーブル 英語を学ぶのにおすすめなのはどこですか？,0,0
1990,2026/2/1 19:02,大学受験,313系0番台,8時間0分,0,28,28.0,0,0,0.058,0.0,0.0,0.06,あと3日,https://detail.chiebukuro.yahoo.co.jp/qa/question_detail/q12324803647,2026年共通テスト英語リーディング90点以上取れた人に質問。高校2年生・高校3年生の時、写真と同じくらい量の英語長文問題集やりましたか？,0,0
1991,2026/2/1 19:02,ショッピングモール,1153315908,8時間0分,0,10,10.0,0,0,0.021,0.0,0.0,0.02,あと3日,https://detail.chiebukuro.yahoo.co.jp/qa/question_detail/q12324803562,成田イオンにまだ平成プリありますか？！？！,0,0
1992,2026/2/1 19:02,携帯型ゲーム全般,uahayygsgshwh,8時間0分,0,8,8.0,0,0,0.017,0.0,0.0,0.02,あと3日,https://detail.chiebukuro.yahoo.co.jp/qa/question_detail/q12324803452,このグリムエンドはレベマにする価値はあるのでしょうか。ずっと前にこいつを買いましたがまだ1ミリもレベルを上げてません。,0,0
1993,2026/2/1 19:02,ドラゴンクエスト,非公開,8時間0分,2,10,5.0,0,0,0.021,20.0,0.0,0.23,あと3日,https://detail.chiebukuro.yahoo.co.jp/qa/question_detail/q12324905862,ドラクエで一番長いと思うダンジョンは何ですか？,0,0
1994,2026/2/1 19:02,中学受験,1150724193,8時間0分,0,54,54.0,0,0,0.112,0.0,0.0,0.11,あと3日,https://detail.chiebukuro.yahoo.co.jp/qa/question_detail/q12324803407,水戸アカデミーについて。 今年の4月から5年生になります。 中学受験を考えており、水戸一高附属中を目指しています。 これから通うとなると、普通クラスと早稲アカ難関科どちらがより合格に近づけるでしょうか...,0,0
1995,2026/2/1 19:02,アニメ,おこめ,8時間0分,0,10,10.0,0,0,0.021,0.0,0.0,0.02,あと3日,https://detail.chiebukuro.yahoo.co.jp/qa/question_detail/q12324803487,銀魂の真選組に芦屋昇って出てきますか？名前だけでも出てくる場合教えて頂きたいです,0,0
1996,2026/2/1 19:02,アニメ、コミック,まさかず@ぽっちゃりこそ至高！,8時間0分,0,17,17.0,0,0,0.035,0.0,0.0,0.04,あと3日,https://detail.chiebukuro.yahoo.co.jp/qa/question_detail/q12324803532,受験の話があった漫画？アニメ？特撮？で、家が八百屋でうるさく客対応しながら勉強してたので、受験中の騒音が気にならなかった子の話といえばなに？キテレツ大百科？,0,0
1997,2026/2/1 19:02,料理、食材,en2********,8時間0分,1,26,26.0,0,0,0.054,3.85,0.01,0.16,あと3日,https://detail.chiebukuro.yahoo.co.jp/qa/question_detail/q12324803197,ムキエビをスーパーで購入し、そのまま炊飯器に入れてえびピラフを作りました。 炊き込みモードで炊いたので、充分加熱されてるとは思うのですが、エビが赤くはなってるのですが何となく半透明で食感も柔らかいので...,0,0
1998,2026/2/1 19:02,携帯型ゲーム全般,day********,8時間0分,1,17,17.0,0,0,0.035,5.88,0.01,0.14,あと3日,https://detail.chiebukuro.yahoo.co.jp/qa/question_detail/q12324803092,ツムツムのビンゴカード10のアナ雪シリーズを使ってタイムボム125個消すミッションでおすすめキャラいますか？ タイムボム出なくて苦戦しています。,0,0
1999,2026/2/1 19:02,職場の悩み,pia********,8時間0分,0,45,45.0,0,0,0.094,0.0,0.0,0.09,あと3日,https://detail.chiebukuro.yahoo.co.jp/qa/question_detail/q12324803317,これはパワハラだと思いますか? https://www.msn.com/ja-jp/news/opinion/%E7%9B%B8%E6%92%B2%E6%95%99%E7%BF%92%E6%89%80...,0,0
2000,2026/2/1 19:02,メンズ全般,1152506025,8時間0分,0,10,10.0,0,0,0.021,0.0,0.0,0.02,あと3日,https://detail.chiebukuro.yahoo.co.jp/qa/question_detail/q12324803362,Nike x Stussy スウェットパンツ これは本物でしょうか？,0,0
2001,2026/2/1 19:02,レディース腕時計、アクセサリー,1149945258,8時間0分,0,23,23.0,0,0,0.048,0.0,0.0,0.05,あと3日,https://detail.chiebukuro.yahoo.co.jp/qa/question_detail/q12324803102,高島屋でティファニーを購入する場合、タカシマヤポイントは付与対象外ですが、すでに貯まっているポイントの使用も不可なのでしょうか,0,0
2002,2026/2/1 19:02,動画、映像,c2f63fb39,8時間0分,0,23,23.0,0,0,0.048,0.0,0.0,0.05,あと3日,https://detail.chiebukuro.yahoo.co.jp/qa/question_detail/q12324803202,DaVinci Resolveに関しての質問です DaVinci ResolveにてAudioWaveformを使おうとしているのですが、 曲を読み込んではくれるのですが波形が出ません。 Fusion...,0,0
2003,2026/2/1 19:02,アニメ,み,8時間0分,0,20,20.0,0,0,0.042,0.0,0.0,0.04,あと3日,https://detail.chiebukuro.yahoo.co.jp/qa/question_detail/q12324803027,至急です 紫髪でおそらく左側に白い十字架のような眼帯？をしたキャラを教えて欲しいです,0,0
2004,2026/2/1 19:02,病気、症状,らぶり,8時間1分,0,4,4.0,0,0,0.008,0.0,0.0,0.01,あと3日,https://detail.chiebukuro.yahoo.co.jp/qa/question_detail/q12324802897,臨月妊婦です 妊娠中期頃に風邪をひき、鼻づまりからナザールが手放せない状態です 薬剤性鼻炎の可能性が最も高いと思っています しかし妊娠による影響もあるのではないかと考えています 分娩後ナザールを離脱で...,0,0
2005,2026/2/1 19:02,アニメ,非公開,8時間1分,0,4,4.0,0,0,0.008,0.0,0.0,0.01,あと3日,https://detail.chiebukuro.yahoo.co.jp/qa/question_detail/q12324802852,「Go！プリンセスプリキュア」の７話のパフがアロマをボールに見立てて転がすシーンではるか達が下記の画像の通りの表情をしたのは「この２人、本当に兄妹なの？」という感じだったのでしょうか？ https:/...,0,0
2006,2026/2/1 19:02,労働問題、働き方,myu********,8時間1分,0,17,17.0,0,0,0.035,0.0,0.0,0.04,あと3日,https://detail.chiebukuro.yahoo.co.jp/qa/question_detail/q12324802842,3月から扶養を抜けて働くことにしました！ 12月に今の職場に扶養内で入社して 試用期間が終わるタイミングで扶養をぬけて働きたいと1月の初めに店長と話してて了承をもらいました。 ただ最近私も妊娠が分かり...,0,0
2007,2026/2/1 19:02,K-POP、アジア,A,8時間1分,1,16,16.0,0,2,0.033,6.25,0.01,0.26,不明,https://detail.chiebukuro.yahoo.co.jp/qa/question_detail/q12324802917,AVAMの特典会について チェキ撮る時話せる時間があるのってサインありだけですか？サインなしでも話せる時間はあるのでしょうか,0,0
2008,2026/2/1 19:02,ニンテンドー3DS,非公開,8時間1分,0,3,3.0,0,0,0.006,0.0,0.0,0.01,あと3日,https://detail.chiebukuro.yahoo.co.jp/qa/question_detail/q12324802937,動物の森シリーズで1番好きなものはなんですか？ 今、「おいでよどうぶつの森」と「とびだせどうぶつの森」で、どっちをやろうか迷っています。,0,0
2009,2026/2/1 19:02,音楽,a990e9c03,8時間1分,0,7,7.0,0,0,0.015,0.0,0.0,0.01,あと3日,https://detail.chiebukuro.yahoo.co.jp/qa/question_detail/q12324803067,00年代のj-hip hopのおすすめ曲を教えてください 今ハマってるのはICE BAHN OZROSAURUS 漢a.k.a gamiです,0,0
2010,2026/2/1 19:02,化学,ワロタ,8時間1分,0,12,12.0,0,0,0.025,0.0,0.0,0.02,あと3日,https://detail.chiebukuro.yahoo.co.jp/qa/question_detail/q10324905860,"高校化学の、なぜそうなるのか、なぜこの反応が起こるのか、なぜこれを使用するのか、など、""何故""問題をまとめたサイトや参考書ってありますか？",0,0
2011,2026/2/1 19:02,コミック,非公開,8時間1分,0,4,4.0,0,0,0.008,0.0,0.0,0.01,あと3日,https://detail.chiebukuro.yahoo.co.jp/qa/question_detail/q12324802587,「名探偵コナン」の赤井家と黒田の下記の共通点以外に共通点があるとすれば、 何がありますか？ 複数回答可。 ・口癖は「抜かるなよ」 「ゼロの執行人」で黒田は無人探査機「はくちょう」のカプセルが高度３万メ...,0,0
2012,2026/2/1 19:02,ファイナルファンタジー,shi********,8時間1分,0,25,25.0,0,0,0.052,0.0,0.0,0.05,あと3日,https://detail.chiebukuro.yahoo.co.jp/qa/question_detail/q12324802822,ファイナルファンタジー7に登場したクラウドとティファが一緒にいることが羨ましくて仕方ないのですが、どーしたらその気持ちを発散できますか？？？？？ 最適な方法を教えて下さい,0,0
2013,2026/2/1 19:02,病気、症状,mpwpdptgwgmwq,8時間1分,0,17,17.0,0,0,0.035,0.0,0.0,0.04,あと3日,https://detail.chiebukuro.yahoo.co.jp/qa/question_detail/q12324802507,すみません！ 少しお力を貸してください！ NANDA-Iの13領域48項目のアセスメントの書き方や方法で何を視点に考えればいいのか抽象的すぎてわからないです。学校でNANDA-Iを使ってる人や看護師さ...,0,0
2014,2026/2/1 19:02,アニメ,非公開,8時間1分,0,7,7.0,0,0,0.015,0.0,0.0,0.01,あと3日,https://detail.chiebukuro.yahoo.co.jp/qa/question_detail/q12324802637,「Go！プリンセスプリキュア」ではるか達はパフをヘアアレンジする際、 頭のティアラを一向に外そうとしなかったはなぜだと思いますか？ あのティアラはパフにとって、何か思い入れがあったからなのでしょうか？...,0,0
2015,2026/2/1 19:02,男性アイドル,猫,8時間1分,1,83,83.0,0,3,0.172,1.2,0.14,0.46,不明,https://detail.chiebukuro.yahoo.co.jp/qa/question_detail/q14324905859,急募 ジャニーズの会員証を無くしてしまいました、（なにわ男子） 2日後のドーム参戦なのですが入場することってできますかね、？,0,0
2016,2026/2/1 19:02,アニメ,非公開,8時間1分,0,16,16.0,0,0,0.033,0.0,0.0,0.03,あと3日,https://detail.chiebukuro.yahoo.co.jp/qa/question_detail/q12324802652,「銀魂」の性別逆転編で男性から女性になったキャラは女性声優が充てられましたが、土方は中井さんのままという事について、 銀八先生は何と答えるのかを予想してください。 銀八「ペンネーム○○さんからの質問。...,0,0
2017,2026/2/1 19:02,ドラマ,1251536945,8時間1分,0,9,9.0,0,0,0.019,0.0,0.0,0.02,あと3日,https://detail.chiebukuro.yahoo.co.jp/qa/question_detail/q12324802772,死にたくなるのが生きてる証拠それがおれらのネバーエンディングストーリーあるある これ、ドラマか、小説か、何かのセリフだと思うんですけど、分かる方いたら教えてほしいです！,0,0
2018,2026/2/1 19:02,ギャンブル,mitua147369,8時間1分,0,25,25.0,0,0,0.052,0.0,0.0,0.05,あと3日,https://detail.chiebukuro.yahoo.co.jp/qa/question_detail/q12324802837,XAUUSDってギャンブルじゃないんですか？長期間(1年以上)でプラスの人っていますか？,0,0
2019,2026/2/1 19:02,高校受験,bcea3b08c,8時間2分,0,6,6.0,0,0,0.012,0.0,0.0,0.01,あと3日,https://detail.chiebukuro.yahoo.co.jp/qa/question_detail/q13324905858,受験についての質問です。 帝塚山学院泉ヶ丘高校は令和8年度から入試の制度が変わるのですか？帝塚山学院泉ヶ丘高校の生徒募集要項を見ると去年までずっと 国語60分、数学60分、英語70分、理科50分 社会...,0,0
2020,2026/2/1 19:02,メイク、コスメ,無名,8時間2分,0,7,7.0,0,0,0.015,0.0,0.0,0.01,あと3日,https://detail.chiebukuro.yahoo.co.jp/qa/question_detail/q12324802337,Tゾーン脂性肌 頬周りは乾燥肌の混合イエベ秋 VDLの下地っておすすめですか？鼻周りとか崩れにくいですか?ファンデはnaming使ってます。,0,0
2021,2026/2/1 19:02,妊娠、出産,非公開,8時間2分,0,17,17.0,0,0,0.035,0.0,0.0,0.04,あと3日,https://detail.chiebukuro.yahoo.co.jp/qa/question_detail/q12324802477,安定期すぎてるのに、エンジェルサウンズで心音が聞けない( 'ᢦ' )臍帯音？のみ…本当に聞こえるのだろうかこれ。 医療をするものじゃないだろうけど、聞こえたと言ってる人もいるのに大丈夫か、私の赤ちゃん...,0,0
2022,2026/2/1 19:02,大学受験,a4f2b012f,8時間2分,1,43,43.0,0,0,0.089,2.33,0.04,0.19,あと3日,https://detail.chiebukuro.yahoo.co.jp/qa/question_detail/q12324802362,今年立教のメディ社を受験します。英検スコアが2285点で、共テの英語が85パーでした。多分共テ英語の方を取られると思うんですけど、この場合国語と数学(数学選択です)で9割とっても合格は難しいですか？,0,0
2023,2026/2/1 19:02,K-POP、アジア,な,8時間2分,0,154,154.0,4,0,0.319,0.0,0.0,1.15,あと3日,https://detail.chiebukuro.yahoo.co.jp/qa/question_detail/q12324802377,バンチャンって今なんで荒れてるんですか？？ バブル bubble 泡 スキズ straykids,0,0
2024,2026/2/1 19:02,高校受験,匿名,8時間2分,0,6,6.0,0,0,0.012,0.0,0.0,0.01,あと3日,https://detail.chiebukuro.yahoo.co.jp/qa/question_detail/q12324802197,大阪公立V模試で出た社会と理科の単元って何でしたっけ,0,0
2025,2026/2/1 19:02,音楽,b7fd39c05,8時間2分,0,12,12.0,0,0,0.025,0.0,0.0,0.02,あと3日,https://detail.chiebukuro.yahoo.co.jp/qa/question_detail/q12324802262,楽曲に関する質問です。 古着屋で聴いた曲が印象的で曲名を知りたいです。印象をいかに列挙します。 ・平成感ある曲（mihimaruGTの気分上々のような） ・アップテンポ ・サビで男女複数人、子供っぽい...,0,0
2026,2026/2/1 19:02,スマホアプリ,あ,8時間2分,0,8,8.0,0,0,0.017,0.0,0.0,0.02,あと3日,https://detail.chiebukuro.yahoo.co.jp/qa/question_detail/q12324802147,【急募】アイビスペイントXでiPadとスマホを同期させながら交互で絵を描いていて プレミアム会員になりたいんですが、会員情報は両方の端末に適応されますか？,0,0
2027,2026/2/1 19:02,自動車,1150870501,8時間2分,0,15,15.0,0,0,0.031,0.0,0.0,0.03,あと3日,https://detail.chiebukuro.yahoo.co.jp/qa/question_detail/q12324802287,ソレックスキャブレターについてです。 有識者の方教えていただけると嬉しいです。 こちらのソレックスのキャブレター40パイは何型のものになりますか？ また動作未確認のものの場合の相場はどれくらいでしょう...,0,0
2028,2026/2/1 19:02,ヘアスタイル,kくん,8時間2分,0,16,16.0,0,0,0.033,0.0,0.0,0.03,あと3日,https://detail.chiebukuro.yahoo.co.jp/qa/question_detail/q12324802127,高校2年の男子です 髪のセットのことなのですが最近パーマかけて セットもし始めたのですがどのスタイリング剤がいいかわかりません。ワックスとかジェルとかムースとか色々調べましたがどれがいいのかわかんない...,0,0
2029,2026/2/1 19:02,アルバイト、フリーター,1152639357,8時間2分,0,23,23.0,0,0,0.048,0.0,0.0,0.05,あと3日,https://detail.chiebukuro.yahoo.co.jp/qa/question_detail/q12324802212,快活クラブのバイトって受かりづらいですか？ 20歳で大学２年生の男で、1年間スーパーでアルバイトをしています 今は春休みなので、とりあえず週3回、6時間、土日祝も入れます 今のバイトは、もうすぐ辞める...,0,0
2030,2026/2/1 19:02,美容整形,kyt********,8時間2分,0,6,6.0,0,0,0.012,0.0,0.0,0.01,あと3日,https://detail.chiebukuro.yahoo.co.jp/qa/question_detail/q12324802252,美容外科でハイフなどする際に必ず写真を撮りますが、あれは毎回必ず確認するのでしょうか？,0,0
2031,2026/2/1 19:02,特撮,dhe********,8時間2分,0,3,3.0,0,0,0.006,0.0,0.0,0.01,あと3日,https://detail.chiebukuro.yahoo.co.jp/qa/question_detail/q11324905856,仮面ライダーゼッツに登場するアイテム、イレイスカプセムってなんでも消せるのでしょうか？ 作中で『姿』と『記憶』を消しているシーンはありましたが対象の存在すら消すことは可能なのでしょうか？,0,0
2032,2026/2/1 19:02,福祉、介護,adc9efd62,8時間2分,6,51,8.5,0,0,0.106,11.76,0.01,0.73,あと3日,https://detail.chiebukuro.yahoo.co.jp/qa/question_detail/q12324905857,手取り10万で仕事をしてると、生活保護のほうが絶対いいよな、という誘惑が頭をよぎるのですが、この誘惑はどうやったら断てますか？,0,0
2033,2026/2/1 19:02,ファイナルファンタジー,reb********,8時間2分,0,26,26.0,0,0,0.054,0.0,0.0,0.05,あと3日,https://detail.chiebukuro.yahoo.co.jp/qa/question_detail/q12324802107,ファイナルファンタジー7に登場したクラウドとティファが一緒にいることが羨ましくて仕方ないのですが、どーしたらその気持ちを発散できますか？？？？？ 最適な方法を教えて下さい,0,0
2034,2026/2/1 19:02,携帯型ゲーム全般,wtn********,8時間3分,0,88,88.0,0,0,0.182,0.0,0.0,0.18,あと3日,https://detail.chiebukuro.yahoo.co.jp/qa/question_detail/q12324802102,ドラベルのランク共鳴についてです！ キャラクター設定が出来ず困っています…。 説明文読んでも分かりづらく、どうすれば良いのでしょうか…,0,0
2035,2026/2/1 19:02,コミック,c6ed72b3c,8時間3分,0,6,6.0,0,0,0.012,0.0,0.0,0.01,あと3日,https://detail.chiebukuro.yahoo.co.jp/qa/question_detail/q10324905855,東京ディバンカーのストーリーに出てくる漫画風イラストを描いている漫画家さんはどなたでしょうか。絵柄が好みなので知りたいです。。。,0,0
2036,2026/2/1 19:02,インターネットサービス,kaz********,8時間3分,2,21,10.5,0,0,0.043,9.52,0.0,0.25,あと3日,https://detail.chiebukuro.yahoo.co.jp/qa/question_detail/q14324905854,テレビアンテナ工事や光回線契約キャンペーンを利用した光回線契約のご質問。 兵庫県南東部在住の戸建て(木造2階)住まいです。 現在、J:COM320メガでテレビ(地デジ、BS視聴)を見ていますが、J:C...,0,0
2037,2026/2/1 19:02,生き方、人生相談,サンシャイン,8時間3分,4,29,7.2,0,3,0.06,13.79,0.0,0.66,あと3日,https://detail.chiebukuro.yahoo.co.jp/qa/question_detail/q13324905853,なぜ努力しないといけないのでしょうか？ 幸せになるために努力しないといけないのが、めんどくさいです。私は残念な性格なことに努力出来ません。喝を入れて貰っても、周りに期待されても、努力出来ません。野心だ...,0,0
2038,2026/2/1 19:02,物理学,あ,8時間3分,1,21,21.0,0,1,0.043,4.76,0.01,0.21,あと3日,https://detail.chiebukuro.yahoo.co.jp/qa/question_detail/q11324905851,物理基礎 物体にはたらく2つの力がつりあっているとき物体は静止し続けるか等速直線運動をするらしいですが逆に加速度が生じるときはなぜ力がつりあっていないと言えるんですか？,0,0
2039,2026/2/1 19:02,メンズ全般,cdaecf8d,8時間3分,2,5,2.5,0,0,0.01,40.0,0.0,0.22,あと3日,https://detail.chiebukuro.yahoo.co.jp/qa/question_detail/q12324905852,TRUE RELIGION RICKY SUPER Tのデニムを買いたいのですがサイズはいくつが良いでしょうか？身長175体重55です。,0,0
2040,2026/2/1 19:02,デジタル一眼レフ,・,8時間3分,1,17,17.0,1,0,0.035,5.88,0.01,0.34,あと3日,https://detail.chiebukuro.yahoo.co.jp/qa/question_detail/q10324905850,ディズニーのフリグリやショーパレで使う一眼をCanonR50にしようと思っているのですがレンズはダブルズームキットを買った方がいいのか、別で買った方がいいのか分かりません。 教えていただけると有難いで...,0,0
2041,2026/2/1 19:02,リズム、音楽ゲーム,フライドチキンマン,8時間3分,0,6,6.0,0,0,0.012,0.0,0.0,0.01,あと3日,https://detail.chiebukuro.yahoo.co.jp/qa/question_detail/q12324802052,太鼓の達人の太鼓ドラム松は 高速地帯に８分が５連打までしかないプレリュード松より難しいでしょうか？,0,0
2042,2026/2/1 19:02,プレイステーション4,cfa65ca98,8時間3分,0,4,4.0,0,0,0.008,0.0,0.0,0.01,あと3日,https://detail.chiebukuro.yahoo.co.jp/qa/question_detail/q11324803916,gta5について質問です。 ハーフトラックはアーマー100%で乗っている状態だと何発ミサイルを耐えれますか？教えてください！,0,0
2043,2026/2/1 19:02,車検、メンテナンス,1052862571,8時間3分,0,13,13.0,0,0,0.027,0.0,0.0,0.03,あと3日,https://detail.chiebukuro.yahoo.co.jp/qa/question_detail/q11324803966,3輪スクーターhonda Joy (TB08)のセルモーターを探してますが廃番になってました。互換品をご存じの方いらっしゃいましたら教えていただければ助かります。,0,0
2044,2026/2/1 19:02,男性アイドル,ptjgmwt,8時間3分,1,31,31.0,0,0,0.064,3.23,0.02,0.17,あと3日,https://detail.chiebukuro.yahoo.co.jp/qa/question_detail/q11324803926,少年忍者というグループは今も活躍していますか？ かなり昔、昭和か平成の始め頃？にも忍者というグループがジャニーズにいたんですか？ 忍忍,0,0
2045,2026/2/1 19:02,ゲーム,Takaya,8時間3分,0,8,8.0,0,0,0.017,0.0,0.0,0.02,あと3日,https://detail.chiebukuro.yahoo.co.jp/qa/question_detail/q11324804031,ブロスタガチバトルについての質問です。 今シーズンレジェンドに行けることができて、この後もレートを上げていこうと思うのですが、仮にエリートまで落ちてしまって、シーズン終了時にレジェンドまで戻ることがで...,0,0
2046,2026/2/1 19:02,ライブ、コンサート,b7b344ed3,8時間3分,0,11,11.0,0,0,0.023,0.0,0.0,0.02,あと3日,https://detail.chiebukuro.yahoo.co.jp/qa/question_detail/q11324803906,≒JOYのツーショット撮影会のことについてです。 forTUNE music のサイトで応募したところ当選したのですが、 これは当選すれば確定で撮影会参加なのでしょうか？ 初めてなので詳しい方教えて頂...,0,0
2047,2026/2/1 19:02,画像処理、制作,the********,8時間3分,0,11,11.0,0,0,0.023,0.0,0.0,0.02,あと3日,https://detail.chiebukuro.yahoo.co.jp/qa/question_detail/q11324803886,iPad版クリスタについて質問です。 スポイトで色を取ったあと、自動的にブラシに切り替わるように設定できますか？ 可能なら、方法を教えていただけると助かります。,0,0
2048,2026/2/1 19:02,大学受験,わかめ,8時間3分,1,30,30.0,0,0,0.062,3.33,0.02,0.16,あと3日,https://detail.chiebukuro.yahoo.co.jp/qa/question_detail/q14324905849,文教大学の国語について 文教大学の国語は現代文２つと漢字や四字熟語なとで60分ですが、論理的な文章が苦手すぎて２つ目の現代文が終わる前に60分経ってしまいます。 文教大学を受けた方や赤本を解いた方に時...,0,0
2049,2026/2/1 19:02,大学受験,cbbb755a9,8時間3分,0,39,39.0,0,0,0.081,0.0,0.0,0.08,あと3日,https://detail.chiebukuro.yahoo.co.jp/qa/question_detail/q11324803741,近畿大学の経営学科の共テ併用の点数を計算した結果、共テ120点、一般の政治経済が87点で得点調整0.9倍して150点換算して238点でした。 去年が225点がラインだったので合格は出来そうですかね,0,0
2050,2026/2/1 19:02,菓子、スイーツ,a9182d693,8時間4分,0,9,9.0,0,0,0.019,0.0,0.0,0.02,あと3日,https://detail.chiebukuro.yahoo.co.jp/qa/question_detail/q11324803831,バレンタインにセリアのマカロンの粉の生地に、トゥンカロンに挟むクリームチーズとバターと粉砂糖のクリームか、板チョコと生クリームのガナッシュどちらが合うと思いますか？,0,0
2051,2026/2/1 19:02,アニメ、コミック,1251553250,8時間4分,0,10,10.0,0,0,0.021,0.0,0.0,0.02,あと3日,https://detail.chiebukuro.yahoo.co.jp/qa/question_detail/q11324803601,"パーフェクトグリッターのモモちゃんって 何歳ですか？ 成人式に行かなかったのと、成人してるということから20歳以上というのは分かります。 でも同い年の人、3,4歳くらいの子供連れていたので、23,4く...",0,0
2052,2026/2/1 19:02,音楽,あぅ。,8時間4分,2,7,3.5,0,0,0.014,28.57,0.0,0.22,あと3日,https://detail.chiebukuro.yahoo.co.jp/qa/question_detail/q13324905848,新人歌い手をやらせて頂いています。 そろそろマイクを使って本格的に歌みたをだそうと思っています！！ そこでマイクってどこに売っているのかが知りたいです...事情があって、ネット通販はだめなんです、、 ...,0,0
2053,2026/2/1 19:02,料理、食材,be5dc78a4,8時間4分,0,78,78.0,0,0,0.161,0.0,0.0,0.16,あと3日,https://detail.chiebukuro.yahoo.co.jp/qa/question_detail/q11324803486,ハートピア クッキングの品質ってどうやって星4、5をとるのですか？ 素材(野菜や魚)の星も関係するのでしょうか？ クッキングの趣味レベルをあげたほうがいいのでしょうか？ 今6なのですがまだでにくいとか...,0,0
2054,2026/2/1 19:02,女性アイドル,R0827,8時間4分,0,8,8.0,0,0,0.017,0.0,0.0,0.02,あと3日,https://detail.chiebukuro.yahoo.co.jp/qa/question_detail/q11324803691,いいえ。 乃木坂46 梅澤美波の髪型は写真のように、デコ出しですか？,0,0
2055,2026/2/1 19:02,決済、ウォレット,pga********,8時間4分,0,37,37.0,0,0,0.076,0.0,0.0,0.08,あと3日,https://detail.chiebukuro.yahoo.co.jp/qa/question_detail/q11324803566,"244036より以下の内容でSMSが届きました。 ↓ PayPayカード 金額1,000JPY 【パスワード】 00000000(※実際の文面はランダムな8桁の数字) この決済ではSMSを利用した本人...",0,0
2056,2026/2/1 19:02,スキー,凡庸,8時間4分,3,37,12.3,0,0,0.076,8.11,0.01,0.39,あと3日,https://detail.chiebukuro.yahoo.co.jp/qa/question_detail/q12324905847,スキーグローブについてです。 今使ってるスキーグローブが衰えてきて、手先が寒いです。なので2つ質問なのですが ･おすすめのスキーグローブ教えてください。 ･また、REUSCH ロイシュ スキーグローブ...,0,0
2057,2026/2/1 19:02,コスプレ,くちびる,8時間4分,0,25,25.0,0,0,0.052,0.0,0.0,0.05,あと3日,https://detail.chiebukuro.yahoo.co.jp/qa/question_detail/q11324803701,このタオバオのコスプレ衣装なのですが 色違いのものを買うにはどこを押したらいいのでしょうか？ タオバオで買い物したことがなく困っているのでどなたか教えていただけると幸いです。 プリパラのジュリィとジャ...,0,0
2058,2026/2/1 19:02,ヘアケア,匿名,8時間4分,0,30,30.0,0,0,0.062,0.0,0.0,0.06,あと3日,https://detail.chiebukuro.yahoo.co.jp/qa/question_detail/q11324803186,至急！ 毎日VO5を使用していて、今は50gのものを使っているのですが 思い切って330gを買った方がいいですかね？小さいのも着いてくるしお得かなーと 今のところ1年間で50gを2、3本使う感じなので...,0,0
2059,2026/2/1 19:02,派遣、アルバイト、パート,1051884430,8時間4分,0,2,2.0,0,0,0.004,0.0,0.0,0.0,あと3日,https://detail.chiebukuro.yahoo.co.jp/qa/question_detail/q11324803336,タスク株式会社のアルバイトに応募し、今度面接があるのですが、どんなことを聞かれますか？また、頭髪やネイルの決まりはありますか？,0,0
2060,2026/2/1 19:02,健康、病気、病院,hin********,8時間4分,0,5,5.0,0,0,0.01,0.0,0.0,0.01,あと3日,https://detail.chiebukuro.yahoo.co.jp/qa/question_detail/q11324803396,剥がれ難いミズバンはどこのメーカーですか？,0,0
2061,2026/2/1 19:02,ヘアスタイル,英語が大好きな受験生,8時間4分,0,16,16.0,0,0,0.033,0.0,0.0,0.03,あと3日,https://detail.chiebukuro.yahoo.co.jp/qa/question_detail/q11324803356,あれって何ていうんですか？ お風呂上がりの乾き始めた髪の毛が本当に気に入ってて、あれを固定できるって初めて知りました。調べようとしましたが名前がわかりません。パーマ？ワックス？のような名前でしょうか？,0,0
2062,2026/2/1 19:02,ニキビケア,こんにち,8時間4分,1,33,33.0,0,0,0.068,3.03,0.02,0.17,あと3日,https://detail.chiebukuro.yahoo.co.jp/qa/question_detail/q11324803401,顔から変なものが取れました。 最初鼻に黒い点のような物が出来ていて少しだけ膨らんでいました。すぐ治るかな？と放置していたのですが、次第にニキビみたいな黄色になって、気になって取ろうとしました。そしたら...,0,0
2063,2026/2/1 19:02,病気、症状,1150959171,8時間4分,0,6,6.0,0,0,0.012,0.0,0.0,0.01,あと3日,https://detail.chiebukuro.yahoo.co.jp/qa/question_detail/q11324803326,市販の下痢止めの薬ってすぐ効果ありますか？どのくらい下痢が出なくなるんですか？；；,0,0
2064,2026/2/1 19:02,YouTube,非公開,8時間4分,0,18,18.0,0,0,0.037,0.0,0.0,0.04,あと3日,https://detail.chiebukuro.yahoo.co.jp/qa/question_detail/q11324803151,YouTuberの、「へみちゃんのドール部屋」に最近ハマっているのですが、あの技術は本当に凄いな、と思っています。 やはり、美大等専門的な学校に通っていたのでしょうか？ それとも、独学であそこまで技術...,0,0
2065,2026/2/1 19:02,Yahoo!知恵袋,ce2bdaca8,8時間4分,0,20,20.0,0,0,0.041,0.0,0.0,0.04,あと3日,https://detail.chiebukuro.yahoo.co.jp/qa/question_detail/q11324803116,3の⑶を教えていただきたいです。お願い致します,0,0
2066,2026/2/1 19:02,ギター、ベース,サバの味噌煮込みうどん,8時間4分,0,20,20.0,0,0,0.041,0.0,0.0,0.04,あと3日,https://detail.chiebukuro.yahoo.co.jp/qa/question_detail/q11324802936,マルチエフェクター BOSS GT-1についての質問です さよならポエジー 邦学のススメ、拘束の全て（ライブ版）の音作りを真似したいのですがなかなか上手く行きません。 本家を真似てセンターピックアップ...,0,0
2067,2026/2/1 19:02,YouTube,ちゃむ,8時間5分,0,17,17.0,0,0,0.035,0.0,0.0,0.03,あと3日,https://detail.chiebukuro.yahoo.co.jp/qa/question_detail/q11324803096,【とあるYouTuberの方を探しています】 男子大学生(数年前に見ていたため、もう社会人かも…) 一人暮らし 矯正をしていた 母、姉も出演することがあった このくらいしか思い出せないのですが… どう...,0,0
2068,2026/2/1 19:02,メンズバッグ、財布、小物類,bfc263151,8時間5分,0,12,12.0,0,0,0.025,0.0,0.0,0.02,あと3日,https://detail.chiebukuro.yahoo.co.jp/qa/question_detail/q11324803006,ディーゼルのバッグ買ったときについてきた布のでかい巾着のようなものを紐をくっつけてナップサックとして使うのはおかしくないですか？,0,0
2069,2026/2/1 19:02,住宅,灘増,8時間5分,0,8,8.0,0,0,0.016,0.0,0.0,0.02,あと3日,https://detail.chiebukuro.yahoo.co.jp/qa/question_detail/q11324803051,ベランダに敷いてるプラスチック？の絨毯がボロボロになって排水管？に詰まったりしています。 片付けたいのですが、つまりの治し方だったり、そもそもそのボロボロになったプラスチックの欠片たちをなんのゴミの日...,0,0
2070,2026/2/1 19:02,スマホアプリ,1251285979,8時間5分,0,2,2.0,0,0,0.004,0.0,0.0,0.0,あと3日,https://detail.chiebukuro.yahoo.co.jp/qa/question_detail/q11324803121,snapvide いつまでも生成読み込み中のものがあります。 生成した時の電波状況があまり良くなかったみたいなのですが、その後電波状況が良いところに行っても、スマホやアプリを再起動しても読み込みが終わ...,0,0
2071,2026/2/1 19:01,音楽,わいちゃ,8時間6分,1,10,10.0,0,0,0.021,10.0,0.0,0.12,あと3日,https://detail.chiebukuro.yahoo.co.jp/qa/question_detail/q11324802731,米津玄師さんの「感電」のような、バディや相棒の歌をたくさん知りたいです！邦楽、洋楽問いませんm(_ _)m,0,0
2072,2026/2/1 19:01,国際情勢,ktdbsaw57jg53,8時間6分,0,7,7.0,0,0,0.014,0.0,0.0,0.01,あと3日,https://detail.chiebukuro.yahoo.co.jp/qa/question_detail/q11324802746,旧社会主義圏の東欧諸国は、まだ発展途上のところが多いですか。,0,0
2073,2026/2/1 19:01,ヘアスタイル,1152290157,8時間6分,0,11,11.0,0,0,0.023,0.0,0.0,0.02,あと3日,https://detail.chiebukuro.yahoo.co.jp/qa/question_detail/q11324802771,エクステについて質問です。 今鎖骨くらいの長さなのですがエクステで、胸上ぐらいのプラス5cm～7cmくらいまでエクステを付けたいと思ってるのですが本数は大体何本ぐらいになるのでしょうか？！毛量はどちら...,0,0
2074,2026/2/1 19:01,映画,fun,8時間6分,0,16,16.0,0,0,0.033,0.0,0.0,0.03,あと3日,https://detail.chiebukuro.yahoo.co.jp/qa/question_detail/q11324802781,映像について教えてください。 特定の方の単体モノなんです。 修正なしが出ない作品が少数、存在します。 どのような切り分けなのでしょうか？ よろしくお願いしますり,0,0
2075,2026/2/1 19:01,アニメ,非公開,8時間6分,0,13,13.0,0,0,0.027,0.0,0.0,0.03,あと3日,https://detail.chiebukuro.yahoo.co.jp/qa/question_detail/q11324802801,「名探偵コナン 隻眼の残像」のエピローグで風見に「諸伏高明警部が滝壺から救出された時、『景光』と呟いたんです」と聞かされた安室（降谷）は驚き、 さらに風見が「確か、降谷さんの同期に諸伏景光という人、い...,0,0
2076,2026/2/1 19:01,病気、症状,朱雀†JACK,8時間6分,1,16,16.0,0,0,0.033,6.25,0.01,0.14,あと3日,https://detail.chiebukuro.yahoo.co.jp/qa/question_detail/q11324802841,腰椎ヘルニアの痛みについて質問です。 腰椎ヘルニアで左の腰の痛みが続いていました。 現在も左腰は痛むのですが、 2日ぐらい前から右の腰にも痛みが出始めました。 この場合は、ヘルニアの部分が少し出てきて...,0,0
2077,2026/2/1 19:01,恋愛相談、人間関係の悩み,1251521915,8時間6分,1,53,53.0,0,0,0.109,1.89,0.06,0.21,あと3日,https://detail.chiebukuro.yahoo.co.jp/qa/question_detail/q14324905844,高二のカップルってやっぱ行為しますか（ ; ; ） 今高一なんですけど、今まで１回も好きな人できたことなくて、好いてもらって付き合ってみたけど恋愛的に好きになれずにお別れしたことがあります(めっちゃい...,0,0
2078,2026/2/1 19:01,大学受験,b636dba4a,8時間6分,0,90,90.0,1,0,0.185,0.0,0.0,0.39,あと3日,https://detail.chiebukuro.yahoo.co.jp/qa/question_detail/q11324802541,至急です。芝浦工業大学を前期A日程で受けるのですが、共テ英語は平均76%でした。この点数だと数学と理科で何割取ればいいと思いますか？ 工学部基幹機械コース志望です。 過去問を解いている感じは数学6~7...,0,0
2079,2026/2/1 19:01,プロ野球,非公開,8時間6分,0,5,5.0,0,0,0.01,0.0,0.0,0.01,あと3日,https://detail.chiebukuro.yahoo.co.jp/qa/question_detail/q11324802676,２０２５年度のオリックスの監督コーチ陣でベストオーダーを作ってください。 https://ja.wikipedia.org/wiki/2025%E5%B9%B4%E3%81%AE%E3%82%AA%E...,0,0
2080,2026/2/1 19:01,クラシック,1150784222,8時間6分,0,19,19.0,0,0,0.039,0.0,0.0,0.04,あと3日,https://detail.chiebukuro.yahoo.co.jp/qa/question_detail/q11324802591,よみぃさんのThe Queenのようなテンポが早くたまにバイオリンが入ってくるような似ている曲知ってる方いますか？,0,0
2081,2026/2/1 19:01,アニメ、コミック,非公開,8時間6分,0,5,5.0,0,0,0.01,0.0,0.0,0.01,あと3日,https://detail.chiebukuro.yahoo.co.jp/qa/question_detail/q11324802691,「インフィニットストラトス」の千冬と「魔装学園H×H」の怜悧のどちらが好きですか？ 理由も教えてください。 共通点 ・主人公の姉 ・巨乳（大きさは怜悧の勝ち） ・黒髪ロング ・男口調 ・主人公が通う教...,0,0
2082,2026/2/1 19:01,恋愛相談、人間関係の悩み,のほほん,8時間6分,0,5,5.0,0,0,0.01,0.0,0.0,0.01,あと3日,https://detail.chiebukuro.yahoo.co.jp/qa/question_detail/q11324802686,精神デイケアに人に絡む女性がいた、相手にすると泣かれたりして、デイケアの職員に怒られる。だから距離を置いて、離れておくんですが構ってくれないと怒ってくる。 どうしたらいいですか,0,0
2083,2026/2/1 19:01,コミック,非公開,8時間6分,0,13,13.0,0,0,0.027,0.0,0.0,0.03,あと3日,https://detail.chiebukuro.yahoo.co.jp/qa/question_detail/q11324802546,もしも、「花より男子」の５巻でつくしをバットで殴ったロン毛（その後司によって鉄拳制裁され、６巻で校舎の屋上からの逆さ吊りにされて失禁）がつくしに復讐する話になるとしたら、 どんな展開になると予想します...,0,0
2084,2026/2/1 19:01,ゲーム,たんざく,8時間7分,0,20,20.0,0,0,0.041,0.0,0.0,0.04,あと3日,https://detail.chiebukuro.yahoo.co.jp/qa/question_detail/q11324802496,荒野行動の質問です。 これってどこで使えるんですか?,0,0
2085,2026/2/1 19:01,音楽,非公開,8時間7分,0,4,4.0,0,0,0.008,0.0,0.0,0.01,あと3日,https://detail.chiebukuro.yahoo.co.jp/qa/question_detail/q11324802141,至急！いえろーばっくすの曲でぶるんブルンブルンって言ってる曲名教えてください！,0,0
2086,2026/2/1 19:01,大学受験,1150614590,8時間7分,0,40,40.0,0,0,0.082,0.0,0.0,0.08,あと3日,https://detail.chiebukuro.yahoo.co.jp/qa/question_detail/q11324802261,新潟大学後期共テ72％ 受かりますか？工学部です,0,0
2087,2026/2/1 19:01,恋愛相談、人間関係の悩み,acfd7a5a,8時間7分,0,25,25.0,0,0,0.051,0.0,0.0,0.05,あと3日,https://detail.chiebukuro.yahoo.co.jp/qa/question_detail/q11324802301,付き合って１週間くらいの彼氏がいるんですが 私の返信が遅れたら 機嫌を損ねてしまって3日ほど未読無視されています (中身のない話なのですがそれまでは即レスでした) 追いLINEはしていません お互い喧...,0,0
2088,2026/2/1 19:01,美容整形,匿名,8時間7分,0,9,9.0,0,0,0.018,0.0,0.0,0.02,あと3日,https://detail.chiebukuro.yahoo.co.jp/qa/question_detail/q11324802316,ほくろ取りの後の赤みについて。 ほくろ取りをレーザーでして約一ヶ月たちます。赤みがあるところ、茶色になってるところがあります。 施術前にも説明は受けたのですがコンシーラーで隠しきれなくて。 完全に戻る...,0,0
2089,2026/2/1 19:01,iPhone,ca3494912,8時間7分,0,8,8.0,0,0,0.016,0.0,0.0,0.02,あと3日,https://detail.chiebukuro.yahoo.co.jp/qa/question_detail/q11324802521,Asphalt8+について質問です。 もしかしてサービス終了しましたか？ アプリはあるんですけど入ってもアップデートしましょうと出てきて、アップデートしようとしてもアップデートボタンがありません アプ...,0,0
2090,2026/2/1 19:01,外国映画,bd5c2137a,8時間7分,0,16,16.0,0,0,0.033,0.0,0.0,0.03,あと3日,https://detail.chiebukuro.yahoo.co.jp/qa/question_detail/q11324802491,キャプテンとmay4って仲悪いんですか？クリスマスのやつ見たんですけどサムネの画像とか、わざわざ撮ってる感があります。実は裏で関わってて再生数稼いでるとかではないんですか？,0,0
2091,2026/2/1 19:01,大学受験,非公開,8時間7分,0,7,7.0,0,0,0.014,0.0,0.0,0.01,あと3日,https://detail.chiebukuro.yahoo.co.jp/qa/question_detail/q11324802411,静岡大の経済学部志望なんですが国語と小論文の難易度教えて欲しいです,0,0
2092,2026/2/1 19:01,文房具,シャコ,8時間7分,2,78,39.0,1,0,0.16,2.56,0.06,0.57,あと3日,https://detail.chiebukuro.yahoo.co.jp/qa/question_detail/q11324802111,今年中1になる小6です。 中学で使う筆箱を何にしようか悩んでいます。 シンプルすぎるのも嫌だし、NICIのようにみんなが使っていて誰かと被る可能性があるのも嫌です。 自分は海外系が好みです。暗めの赤と...,0,0
2093,2026/2/1 19:01,恋愛相談、人間関係の悩み,1252153946,8時間7分,3,10,3.3,0,0,0.021,30.0,0.0,0.33,あと3日,https://detail.chiebukuro.yahoo.co.jp/qa/question_detail/q13324905843,皆さんの意見を聞かせてください わたしは高校1年生です。付き合って1年ちょいの人がいます。同じ歳です。 学校は別で中距離なので月に2、3回ほど会っています。 わたし達は普段あまり会えない分長期休みにた...,0,0
2094,2026/2/1 19:01,税金,kim********,8時間7分,1,12,12.0,0,0,0.025,8.33,0.0,0.13,あと3日,https://detail.chiebukuro.yahoo.co.jp/qa/question_detail/q12324905842,二世帯住宅って固定資産税になるってホントですか？,0,0
2095,2026/2/1 19:01,おもちゃ,1253292311,8時間7分,0,2,2.0,0,0,0.004,0.0,0.0,0.0,あと3日,https://detail.chiebukuro.yahoo.co.jp/qa/question_detail/q10324905840,今からたまごっちやるなら何シリーズ買うべきですか？,0,0
2096,2026/2/1 19:01,労働問題,yam********,8時間7分,4,38,9.5,0,0,0.078,10.53,0.01,0.49,あと3日,https://detail.chiebukuro.yahoo.co.jp/qa/question_detail/q11324905841,労基法改正について 休日の連絡など「つながらない権利」がありますが、YouTubeなど見ても上司から部下への連絡のことばかり言ってますよね。 私は逆に部下から上司への報告も休日ではなく翌日の勤務時間内...,0,0
2097,2026/2/1 19:01,芸能人,itu********,8時間7分,0,36,36.0,0,0,0.074,0.0,0.0,0.07,あと3日,https://detail.chiebukuro.yahoo.co.jp/qa/question_detail/q10324804025,ホリエモンのAI動画に出てくる 子供なのか小人の人なのかわかりませんが 元ネタは誰でしょうか？ 見たことあるような気はするのですが・・・ 詳しい方教えてください。,0,0
2098,2026/2/1 19:01,YouTube,名探偵コーナン,8時間7分,0,19,19.0,0,0,0.039,0.0,0.0,0.04,あと3日,https://detail.chiebukuro.yahoo.co.jp/qa/question_detail/q10324804005,https://youtube.com/shorts/m3Vm2NfOFH8?si=sv4uw37V-R6k25cR この動画の元動画のチャンネルを教えてください,0,0
2099,2026/2/1 19:01,恋愛相談、人間関係の悩み,oea********,8時間8分,0,4,4.0,0,0,0.008,0.0,0.0,0.01,あと3日,https://detail.chiebukuro.yahoo.co.jp/qa/question_detail/q10324803815,玉井の顔は、別に普通に何にも思っていないけど、若葉の歌が好きというのはおかしいですか？ 友達に「ふつうは顔を好きになるやろ」と言われたのですが・・・,0,0
2100,2026/2/1 19:01,ヘアケア,cea76c810,8時間8分,0,21,21.0,0,0,0.043,0.0,0.0,0.04,あと3日,https://detail.chiebukuro.yahoo.co.jp/qa/question_detail/q10324803960,エイトザタラソのシャンプーを使って頭を洗っていると、キシキシして髪の毛がたくさん抜けるのですが、エイトザタラソが髪質にあっていないのでしょうか？ 仕上がりは問題ありません。同じような方いたら教えてくだ...,0,0
2101,2026/2/1 19:01,ライブ、コンサート,1052231065,8時間8分,0,37,37.0,0,0,0.076,0.0,0.0,0.08,あと3日,https://detail.chiebukuro.yahoo.co.jp/qa/question_detail/q10324803825,HANAのライブ落ちたんですけど、PayPayがまだ帰って来ません。どんくらいで帰ってきますかね？,0,0
2102,2026/2/1 19:01,K-POP、アジア,c7769a846,8時間8分,0,53,53.0,0,0,0.109,0.0,0.0,0.11,あと3日,https://detail.chiebukuro.yahoo.co.jp/qa/question_detail/q10324803945,nctwishのMDが出たと思うのですがPOPUPなので公式からのオンライン販売はないんでしょうか？Qoo10での購入考えておりますが少し不安です。その辺も教えていただきたいです。,0,0
2103,2026/2/1 19:01,コミック,1052785648,8時間8分,0,19,19.0,0,0,0.039,0.0,0.0,0.04,あと3日,https://detail.chiebukuro.yahoo.co.jp/qa/question_detail/q10324803925,2000年代に読んだ漫画のタイトルが知りたいです。ちゃおか、りぼんのDX版に載っていた読みきりの漫画だったと思います。 ↓内容 主人公は飼い犬で、飼い主と仲良しの関係。突然飼い主が2匹目(ポメラニアン...,0,0
2104,2026/2/1 19:01,携帯型ゲーム全般,ー,8時間8分,1,32,32.0,0,0,0.066,3.12,0.02,0.17,あと3日,https://detail.chiebukuro.yahoo.co.jp/qa/question_detail/q14324905839,プロセカ ツイ募の条件違い解散について もし条件満たしてないユーザーが入ってきた場合、奏の「違う…！」を押した後抜けなければいきなり切断するという解散の仕方で合ってますか？,0,0
2105,2026/2/1 19:01,スマートフォン,非公開,8時間8分,1,5,5.0,0,0,0.01,20.0,0.0,0.11,あと3日,https://detail.chiebukuro.yahoo.co.jp/qa/question_detail/q10324803700,MagSafe タイプのモバイルバッテリーでオススメな商品を教えてください。 どの商品も充電スピードは遅いでしょうか？ 充電器 スマホ モバイルバッテリー,0,0
2106,2026/2/1 19:01,女性アイドル,uena,8時間8分,0,15,15.0,0,0,0.031,0.0,0.0,0.03,あと3日,https://detail.chiebukuro.yahoo.co.jp/qa/question_detail/q10324803765,至急です！！！ 明日の幕張イオンできゅるりんってしてみてのリリイベでcd1枚買うとメンバーからのお渡し会があるのは理解できたんですけれど、2枚買った場合のチェキとステッカーで3枚買った場合の詳細は分か...,0,0
2107,2026/2/1 19:01,おもちゃ,c23b18c48,8時間8分,0,43,43.0,0,0,0.088,0.0,0.0,0.09,あと3日,https://detail.chiebukuro.yahoo.co.jp/qa/question_detail/q10324803265,ボンボンドロップシールについて質問です。 サンリオミニの正規品で サンリオロゴシールが反対向きな事ってありますか？ これは不良品でしょうか？ それとも偽物でしょうか？,0,0
2108,2026/2/1 19:01,大学,1151696763,8時間8分,1,21,21.0,0,0,0.043,4.76,0.01,0.15,あと3日,https://detail.chiebukuro.yahoo.co.jp/qa/question_detail/q10324803650,城西国際大学のニューメディアコースを指定校で受かったんですけど、入学前課題って何があるかわかる人いませんか？,0,0
2109,2026/2/1 19:01,病気、症状,nee********,8時間8分,0,14,14.0,0,0,0.029,0.0,0.0,0.03,あと3日,https://detail.chiebukuro.yahoo.co.jp/qa/question_detail/q10324803630,鯉にこのような傷？みたいなのができました 出血はしていませんし何かに擦ったとかもありません なんでしょうか,0,0
2110,2026/2/1 19:01,病気、症状,cfs********,8時間8分,0,10,10.0,0,0,0.02,0.0,0.0,0.02,あと3日,https://detail.chiebukuro.yahoo.co.jp/qa/question_detail/q10324803525,油っこいものやラーメンを食べたあと、辺りに飲めば効果ありますか？ この場合シアリスを食事前3時間前とかに飲んだ方がいいですか？,0,0
2111,2026/2/1 19:01,イベント、フェス,pizzananana,8時間8分,0,67,67.0,0,0,0.137,0.0,0.0,0.14,あと3日,https://detail.chiebukuro.yahoo.co.jp/qa/question_detail/q10324803545,バレンタインローズフェス2026 2月1日 についての質問です。 私は友人と2人で今回のフェスに参加しようと考えています。 イベントの参加自体が初めてで、右も左も分からず、先輩方にお話を聞きたいです！...,0,0
2112,2026/2/1 19:01,大学,J3GCBZR5UJ,8時間8分,0,26,26.0,0,0,0.053,0.0,0.0,0.05,あと3日,https://detail.chiebukuro.yahoo.co.jp/qa/question_detail/q10324803485,春から神戸学院大学のポートアイランドキャンパスに通う者です。 交通手段をポートライナーからバスに変えたいのですが入学前ポータルの通学経路のところでバスを選択しても戻るボタンしか出てこず保存が出来ません...,0,0
2113,2026/2/1 19:01,大学受験,a16e344e,8時間8分,0,40,40.0,0,0,0.082,0.0,0.0,0.08,あと3日,https://detail.chiebukuro.yahoo.co.jp/qa/question_detail/q10324803340,今年国際基督教大学を受けるものです。実際に受かった方などに聞きたいのですが、入試を受けたときや過去問では何割程度取れていたでしょうか？ 今私は英L8~９割、英R5~7割、ATLAS6~8割、人文社会科...,0,0
2114,2026/2/1 19:01,家具、インテリア,a8dd81a41,8時間8分,0,13,13.0,0,0,0.027,0.0,0.0,0.03,あと3日,https://detail.chiebukuro.yahoo.co.jp/qa/question_detail/q10324803305,ウレタンマットの上に、、、 今まで４cmのウレタンマットに綿の敷布団を敷いていたのですが、（畳の上） 横向き状態で寝ているせいか、腕と肩が痛むためウレタンマットを８cmの高反発マットレスの物に交換しま...,0,0
2115,2026/2/1 19:01,スマホアプリ,hir********,8時間9分,0,14,14.0,0,0,0.029,0.0,0.0,0.03,あと3日,https://detail.chiebukuro.yahoo.co.jp/qa/question_detail/q10324803065,画像を動画にするサイトかアプリを探しているのですが、どこかおすすめはありませんか？？ 少し大人の画像を動かしたいので、ロードしても弾かれない所を探しています！ 今のところ、vidzonとAi anim...,0,0
2116,2026/2/1 19:01,ポケットモンスター,Muno,8時間9分,0,11,11.0,0,0,0.022,0.0,0.0,0.02,あと3日,https://detail.chiebukuro.yahoo.co.jp/qa/question_detail/q10324803035,ユニバのポケモンって何月くらいから行けると思いますか？,0,0
2117,2026/2/1 19:01,大学受験,1251820121,8時間9分,0,37,37.0,0,0,0.076,0.0,0.0,0.08,あと3日,https://detail.chiebukuro.yahoo.co.jp/qa/question_detail/q10324803175,中京大学の総合政策学部で共通テスト利用3教科型を出願したのですが、431/600点で合格するでしょうか？,0,0
2118,2026/2/1 19:01,ライブ、コンサート,aef69cf7f,8時間9分,0,13,13.0,0,0,0.027,0.0,0.0,0.03,あと3日,https://detail.chiebukuro.yahoo.co.jp/qa/question_detail/q10324803100,iLiFEのライブについてです 2階席の整理番号100前半ははやくはいれますか？ 2階席は席指定ですか？,0,0
2119,2026/2/1 19:01,iPhone,tcr********,8時間9分,0,30,30.0,0,0,0.061,0.0,0.0,0.06,あと3日,https://detail.chiebukuro.yahoo.co.jp/qa/question_detail/q10324802775,LINE不具合についてです。 1ヶ月ほど前からLINEに不具合が生じているのか、アプリを開かないと通知が見られなくなりました。 毎日ではなく、たまに通知が届く時もあります。 おやすみモードなどの集中モ...,0,0
2120,2026/2/1 19:01,恋愛相談、人間関係の悩み,あき,8時間9分,2,22,11.0,0,0,0.045,9.09,0.0,0.25,あと3日,https://detail.chiebukuro.yahoo.co.jp/qa/question_detail/q12324905837,過去に嫌なことされた出来事がずっと頭から離れません。 頭の中で言い返したりどうすればよかったのかなど考えてしまいます。 逃げることだけしか出来なかった自分が悔しいです。 どうすれば頭から離れてくれるで...,0,0
2121,2026/2/1 19:01,ゲーム,1152895983,8時間9分,0,8,8.0,0,0,0.016,0.0,0.0,0.02,あと3日,https://detail.chiebukuro.yahoo.co.jp/qa/question_detail/q10324802585,クッキーランキングダムをしていたら 急にギルドメンバーが増えて、しかも同じアイコンで全く同じログインをしていて これはなんかの詐欺とかですか？ 教えてください,0,0
2122,2026/2/1 19:01,資格,tts********,8時間9分,0,17,17.0,0,0,0.035,0.0,0.0,0.03,あと3日,https://detail.chiebukuro.yahoo.co.jp/qa/question_detail/q10324802740,資格について質問です。 建設業経理士Webサイトにログインができるのは建設業経理士登録講習会を受けて受かった方が使えるのでしょうか？,0,0
2123,2026/2/1 19:01,香水,非公開,8時間9分,0,2,2.0,0,0,0.004,0.0,0.0,0.0,あと3日,https://detail.chiebukuro.yahoo.co.jp/qa/question_detail/q13324905838,大学生男子です。香水について。ラルフローレンサファリの香水はどうですか？どこに売ってますか？,0,0
2124,2026/2/1 19:01,アニメ,ぴらふ,8時間9分,0,10,10.0,0,0,0.02,0.0,0.0,0.02,あと3日,https://detail.chiebukuro.yahoo.co.jp/qa/question_detail/q10324802945,アニコナ展(名探偵コナン展)の日時指定チケットはどのプレイガイドから申し込むのが1番お得とかありますか？手数料も同じぐらいでしょうか？,0,0
2125,2026/2/1 19:01,テーマパーク,1052716831,8時間9分,0,63,63.0,3,0,0.129,0.0,0.0,0.74,あと3日,https://detail.chiebukuro.yahoo.co.jp/qa/question_detail/q10324802985,3月初旬にディズニーseaに行く予定の者です！ DPAを購入したいのですが私含め一緒に行く子達は全員高校生でクレジットカードを持っていません。そこでPayPay残高カードを作ればDPAをスマホで買える...,0,0
2126,2026/2/1 19:01,カスタマイズ,***********,8時間9分,0,88,88.0,0,0,0.18,0.0,0.0,0.18,あと3日,https://detail.chiebukuro.yahoo.co.jp/qa/question_detail/q10324802915,急いでます！250バイクのホイールのベアリングをアンカーで抜きたい。ベアリングの内径は16mmでした。アンカー側は何ミリのアンカーを刺せば良いのかおしえてください。宜しくお願い致します。,0,0
2127,2026/2/1 19:01,K-POP、アジア,ピーナス,8時間9分,0,17,17.0,0,0,0.035,0.0,0.0,0.03,あと3日,https://detail.chiebukuro.yahoo.co.jp/qa/question_detail/q10324802955,KPOPのグループの箱ペンの人って、一人一人のペンライトカバーってつけないんですか？,0,0
2128,2026/2/1 19:01,スマートフォン,のん,8時間9分,0,5,5.0,0,0,0.01,0.0,0.0,0.01,あと3日,https://detail.chiebukuro.yahoo.co.jp/qa/question_detail/q10324802685,ahamoのスマホ交換申し込みのキャンセルはできますか？？,0,0
2129,2026/2/1 19:01,ゲーム,c1a1c04d8,8時間9分,1,36,36.0,0,1,0.073,2.78,0.03,0.24,不明,https://detail.chiebukuro.yahoo.co.jp/qa/question_detail/q10324802410,あつ森について質問です。 SwitchからSwitch2に移行した際に新しい住民としてやり直す？みたいな所を何も考えずに押してしまって、島はそのままなのに新しい住民として島に来てしまいました。元の家も...,0,0
2130,2026/2/1 19:01,バス、タクシー,c77070aa5,8時間9分,2,22,11.0,0,0,0.045,9.09,0.0,0.25,あと3日,https://detail.chiebukuro.yahoo.co.jp/qa/question_detail/q11324905836,バスで中学生は料金が増えることを忘れて少ない料金を支払ってしまいました大丈夫でしょうか？,0,0
2131,2026/2/1 19:01,読書,cdf2e1bf0,8時間10分,0,9,9.0,0,0,0.018,0.0,0.0,0.02,あと3日,https://detail.chiebukuro.yahoo.co.jp/qa/question_detail/q10324802415,【至急！】 殺戮に至る病や 拷問恐怖症のような小説を 出来ればあらすじ付きで教えて欲しいです！ できるだけ沢山お願いしますm(*_ _)m そして、最後にジャンルは問わないので 人生でいちばん良かった...,0,0
2132,2026/2/1 19:01,就職活動,a95257cad,8時間10分,0,119,119.0,0,0,0.243,0.0,0.0,0.24,あと3日,https://detail.chiebukuro.yahoo.co.jp/qa/question_detail/q10324802305,ソニーミュージックエンターテインメントの一次面接を控えています。絶対ソニーミュージックで働きたいので何としてでも内定が欲しいです。 内定を貰ったことがある方いましたらどんな心意気が大事か教えて欲しいで...,0,0
2133,2026/2/1 19:01,ファッション,koh********,8時間10分,0,19,19.0,0,0,0.039,0.0,0.0,0.04,あと3日,https://detail.chiebukuro.yahoo.co.jp/qa/question_detail/q10324802310,このタグのブランド名を教えてください タンスの奥から出てきたナイロンパーカーのタグです 色褪せており、文字もほとんど判読不能です ファッションに詳しい方、ご教授のほどよろしくお願いします,0,0
2134,2026/2/1 19:01,ヘアスタイル,1153209990,8時間10分,0,15,15.0,0,0,0.031,0.0,0.0,0.03,あと3日,https://detail.chiebukuro.yahoo.co.jp/qa/question_detail/q10324802440,パーマのもちについて質問です！ アイロンでセットした風の髪質が好きで、ソフトツイストパーマをかけようと思っています。画像のようなパーマはだいぶゆるいパーマな気がするのですがもちはどの程度でしょうか？,0,0
2135,2026/2/1 19:01,大学受験,shi***********,8時間10分,1,186,186.0,0,1,0.379,0.54,0.7,0.54,不明,https://detail.chiebukuro.yahoo.co.jp/qa/question_detail/q10324802490,大阪公立大学工学部出願するのですが、大学入試センターHPの成績請求チケット(？)はいつ使うんでしょうか？ わかる方教えて貰えますか？,0,0
2136,2026/2/1 19:01,就職活動,マイティーマスク,8時間10分,0,47,47.0,1,0,0.096,0.0,0.0,0.3,あと3日,https://detail.chiebukuro.yahoo.co.jp/qa/question_detail/q10324802430,SPIの問題をAIに解かせるとなるとジェミニとchat gptのどちらが有効的でしょうか？ 設定やコツなどがあれば教えていただきたいです。 スクショで投稿かテキストで投稿かどちらが良いかも知りたいです...,0,0
2137,2026/2/1 19:01,ドラマ,非公開,8時間10分,0,10,10.0,0,0,0.02,0.0,0.0,0.02,あと3日,https://detail.chiebukuro.yahoo.co.jp/qa/question_detail/q10324802395,「３５歳の高校生」の最終回で生徒達がクラス制度廃止に反対して職員室に立てこもった事について、 教育長は下記の事柄をそれぞれどう思ったのかを考察してください。 スパイだったあかりに色々と聞かされたと思う...,0,0
2138,2026/2/1 19:01,DTM,名無し,8時間10分,0,9,9.0,0,0,0.018,0.0,0.0,0.02,あと3日,https://detail.chiebukuro.yahoo.co.jp/qa/question_detail/q10324802265,ここ最近Spliceの調子が悪かったので再インストールしたのですがダウンロードをしますとインストールできないといわれてしまいます。 Windows11です。 再起動、再インストール、Norton360...,0,0
2139,2026/2/1 19:01,アニメ,1150077034,8時間10分,3,33,11.0,0,0,0.067,9.09,0.01,0.37,あと3日,https://detail.chiebukuro.yahoo.co.jp/qa/question_detail/q10324905835,Fate stay nightのキャスターって、空気中のマナ？から魔力結晶を大量に作れたのに、なんでマスターを失ったぐらいで死にかけてたんですか？,0,0
2140,2026/2/1 19:01,大学受験,aba8bbb4a,8時間10分,0,49,49.0,0,0,0.1,0.0,0.0,0.1,あと3日,https://detail.chiebukuro.yahoo.co.jp/qa/question_detail/q10324802105,至急です。 大阪教育大学の前期と後期の両方に出願しようと考えているのですが、その場合は志望理由書は2枚必要なのでしょうか？また内容は同じで良いのでしょうか？,0,0
2141,2026/2/1 19:01,大学受験,1051883476,8時間10分,0,11,11.0,0,0,0.022,0.0,0.0,0.02,あと3日,https://detail.chiebukuro.yahoo.co.jp/qa/question_detail/q10324802250,法政大学文学部心理学科の国語について質問です。 現代文の記述問題は、どのくらいの配点なのでしょうか？？？ いつも記述が書けないので、それ以外の問題でとれても不安でいっぱいです。,0,0
2142,2026/2/1 19:01,女性アイドル,lD非公開,8時間10分,0,63,63.0,0,0,0.128,0.0,0.0,0.13,あと3日,https://detail.chiebukuro.yahoo.co.jp/qa/question_detail/q10324802215,ホロライブのさくらみこが、ゲーム祭でやらかしたそうですが、該当のシーンを教えて下さい。 https://days-pk.hatenablog.com/entry/2026/01/07/220610 ・...,0,0
2143,2026/2/1 19:01,ヘアケア,b27b2aafd,8時間10分,0,15,15.0,0,0,0.031,0.0,0.0,0.03,あと3日,https://detail.chiebukuro.yahoo.co.jp/qa/question_detail/q10324802255,ダルバミストって2層になっているじゃないですか。オイル層のとこだけ無くなってしまいそうなんですけどどうしたらいいですか？？ よく振ってるんですけどオイルのとこだけなくなてしまいそうです。なにか改善点が...,0,0
2144,2026/2/1 19:01,料理、食材,c55eab62e,8時間10分,1,9,9.0,0,0,0.018,11.11,0.0,0.12,あと3日,https://detail.chiebukuro.yahoo.co.jp/qa/question_detail/q10324802075,お好み焼き 道頓堀のもんじゃのイカ玉のイカって生ですか？あんまり焼かずに食べてしまって、、食べた感じは大丈夫だったのですが、,0,0
2145,2026/2/1 19:01,ブログサービス,非公開,8時間10分,1,21,21.0,0,1,0.043,4.76,0.01,0.21,あと3日,https://detail.chiebukuro.yahoo.co.jp/qa/question_detail/q12324905832,至急です！noteでシャドウバンのような状態になっており、困っています。自分のページが検索しても表示されない、ハッシュタグが表示されない状況です。原因と解決策を教えてください。,0,0
2146,2026/2/1 19:01,コミック,dff********,8時間10分,2,22,11.0,0,0,0.045,9.09,0.0,0.25,あと3日,https://detail.chiebukuro.yahoo.co.jp/qa/question_detail/q13324905833,ワンピースの質問です。 ドフラミンゴは知ってはいけない情報を持って下界に降りた元天竜人ですが、今思えば神の騎士団が数人ドレスローザに向かえばドフラミンゴを討ち取ることもできたのではないでしょうか。,0,0
2147,2026/2/1 19:01,音楽,b8793ce3d,8時間11分,0,9,9.0,0,0,0.018,0.0,0.0,0.02,あと3日,https://detail.chiebukuro.yahoo.co.jp/qa/question_detail/q10324905830,YouTubeMusicについてです。 1つ目 オフライン保存してるプレイリストをシャッフル再生すると最後に保存した覚えのない聴いたことない曲が流れてきます。 2つ目 シャッフル再生して会社行って一度...,0,0
2148,2026/2/1 19:01,ファッション,don********,8時間11分,3,34,11.3,0,0,0.069,8.82,0.01,0.37,あと3日,https://detail.chiebukuro.yahoo.co.jp/qa/question_detail/q14324905829,アンダーアーマーのシューズについて質問です。 チャージドパスートや、サージを履いていて、とても歩きやすくて長持ちして気に入ったので、また購入したいと思っているのですが、 ネットで見ているとメンズばかり...,0,0
2149,2026/2/1 19:01,画像処理、制作,1250356698,8時間11分,0,23,23.0,0,0,0.047,0.0,0.0,0.05,あと3日,https://detail.chiebukuro.yahoo.co.jp/qa/question_detail/q10324802060,Adobe、Lightroom Classicについてです。 デスクトップPCとノートPCの2つを持っており、出先の場合ノートPCにて現像を行っております。 どちらのデバイスでもカタログを統一したいの...,0,0
2150,2026/2/1 19:01,株式,***********,8時間11分,1,8,8.0,0,0,0.016,12.5,0.0,0.12,あと3日,https://detail.chiebukuro.yahoo.co.jp/qa/question_detail/q12324905827,SBI証券のアクティブプランからスタンダードプランに変えること、もしくは、その逆に変えることはできますか？,0,0
2151,2026/2/1 19:01,新車,mm********,8時間11分,5,40,8.0,0,3,0.081,12.5,0.01,0.77,あと3日,https://detail.chiebukuro.yahoo.co.jp/qa/question_detail/q11324905826,スズキは、日産にソリオをOEM供給しませんか？ 日産にOEM供給したら、ソリオ以上に売れるでしょ。 それが分かっているから、スズキは・・・,0,0
2152,2026/2/1 19:01,ドラゴンクエスト,非公開,8時間11分,3,19,6.3,0,3,0.039,15.79,0.0,0.53,あと3日,https://detail.chiebukuro.yahoo.co.jp/qa/question_detail/q10324905825,ドラクエで特にトラウマ級のボスといえば誰を思い浮かべますか？,0,0
2153,2026/2/1 19:01,ドラマ,hkt__tig,8時間11分,0,5,5.0,0,0,0.01,0.0,0.0,0.01,あと3日,https://detail.chiebukuro.yahoo.co.jp/qa/question_detail/q13324905823,年下系彼氏のドラマ、映画を教えてほしいです。ネトフリがアマプラで見れるものでお願いします。,0,0
2154,2026/2/1 19:01,病気、症状,1150400473,8時間11分,0,4,4.0,0,0,0.008,0.0,0.0,0.01,あと3日,https://detail.chiebukuro.yahoo.co.jp/qa/question_detail/q14324905824,20代男大学生です。 10日前くらいから3日間お菓子を食べ過ぎたり、ほとんど寝て過ごしたりしてたら、一週間前くらいからたまにへその緒から左上辺りがジンジンするようになりました。痛い感じでは無く、優しい...,0,0
2155,2026/2/1 19:01,高校受験,b38b207e3,8時間11分,0,4,4.0,0,0,0.008,0.0,0.0,0.01,あと3日,https://detail.chiebukuro.yahoo.co.jp/qa/question_detail/q12324905822,中3です。明日、高校の公立特色前期があります。内容は面接です。自分の受けるところの倍率は2.17倍です。正直今、明日面接本番って考えるだけで震えが止まりません。 なんか悪い不合格の通知貰ってる自分のよ...,0,0
2156,2026/2/1 19:01,健康、病気、病院,1250326370,8時間11分,0,5,5.0,0,0,0.01,0.0,0.0,0.01,あと3日,https://detail.chiebukuro.yahoo.co.jp/qa/question_detail/q11324905821,20代女です。 職場で着替えている時に首の左側が急にピキッとなって痛くなって吊ったような痛みがでて、 痛みはすぐ治ったのですが その後左手が痺れてきて半日経っても痺れが治りません。 感覚も右手に比べる...,0,0
2157,2026/2/1 19:01,日本映画,名無し,8時間11分,2,20,10.0,0,0,0.041,10.0,0.0,0.24,あと3日,https://detail.chiebukuro.yahoo.co.jp/qa/question_detail/q10324905820,映画国宝ついに興行収入196億円突破！200億いきますか?,0,0
2158,2026/2/1 19:01,鳥類,1249742597,8時間11分,0,15,15.0,0,0,0.031,0.0,0.0,0.03,あと3日,https://detail.chiebukuro.yahoo.co.jp/qa/question_detail/q14324905819,オカメインコを飼ってます。突然怒りっぽくなっちゃって指に乗せることもできません。ゲージ越しに人差し指を近づけるだけでも怒ってしまいます。 自分に一番懐いてたと思うんですけど家族のみんなも私とおんなじ感...,0,0
2159,2026/2/1 19:01,ここ、探してます,ten********,8時間11分,0,6,6.0,0,0,0.012,0.0,0.0,0.01,あと3日,https://detail.chiebukuro.yahoo.co.jp/qa/question_detail/q13324905818,千葉、埼玉、神奈川辺りでバックアップ仕様ボーリンクボール(詳しい方がいる)を作ってくれるショップを知っている方教えて下さい。,0,0
2160,2026/2/1 19:01,株式,yam********,8時間11分,2,27,13.5,0,3,0.055,7.41,0.01,0.44,不明,https://detail.chiebukuro.yahoo.co.jp/qa/question_detail/q12324905817,アメリカのイオンQって会社の株、どうして暴落してるんでしょうか,0,0
2161,2026/2/1 19:01,恋愛相談、人間関係の悩み,1152486132,8時間11分,0,5,5.0,0,0,0.01,0.0,0.0,0.01,あと3日,https://detail.chiebukuro.yahoo.co.jp/qa/question_detail/q11324905816,質問です！ 26日にインフルになって2月1日の今日解除されたんですけど、今日彼氏と会ってキスしたんですけど、彼氏にうつってしまいますかね^^;,0,0
2162,2026/2/1 19:01,携帯型ゲーム全般,aa942a68f,8時間12分,1,26,26.0,0,1,0.053,3.85,0.01,0.21,あと3日,https://detail.chiebukuro.yahoo.co.jp/qa/question_detail/q10324905815,この人って誰ですか？,0,0
2163,2026/2/1 19:01,高校受験,a76424de7,8時間12分,0,4,4.0,0,0,0.008,0.0,0.0,0.01,あと3日,https://detail.chiebukuro.yahoo.co.jp/qa/question_detail/q14324905814,中1男子です。早稲田大学高等学校に行きたい です。現在の偏差値が国語60 英語63 数学53 3科60です。中1、中2の時期にどのくらい、 どのような勉強をしたらいいかなどアドバイスを頂きたいです。,0,0
2164,2026/2/1 19:01,恋愛相談、人間関係の悩み,ももも,8時間12分,0,15,15.0,0,0,0.03,0.0,0.0,0.03,あと3日,https://detail.chiebukuro.yahoo.co.jp/qa/question_detail/q13324905813,高校生女子です。 好きでも何でもない男子とDMをしたとき、会話の区切りとして最後のメッセージにダブルタップでハートのリアクションを押すことがあります。 しかし友人(女子)にその話をしたところ、「思わせ...,0,0
2165,2026/2/1 19:01,大学受験,1053274996,8時間12分,0,5,5.0,0,0,0.01,0.0,0.0,0.01,あと3日,https://detail.chiebukuro.yahoo.co.jp/qa/question_detail/q12324905812,国語の評論・小説文の記述問題と、英語の英作文(なにかのテーマについて自分の意見を書く)だとどちらの方が上達しやすいですか？？ 2次試験で国語か英語かを選べるのですがどちらも記述が苦手なので、どちらかに...,0,0
2166,2026/2/1 19:01,大学,1150887367,8時間12分,0,7,7.0,0,0,0.014,0.0,0.0,0.01,あと3日,https://detail.chiebukuro.yahoo.co.jp/qa/question_detail/q11324905811,教授へのメールの返信に関しての質問です。 当方教育学部生で声楽の授業があるのですが、その授業が教授の都合で休講になり、代わりに試験で歌う曲の演奏動画をメールで送信して欲しいと連絡が来ました。 そして演...,0,0
2167,2026/2/1 19:00,家族関係の悩み,1050637914,8時間13分,5,48,9.6,0,1,0.097,10.42,0.01,0.66,あと3日,https://detail.chiebukuro.yahoo.co.jp/qa/question_detail/q10324905810,先日、夫と喧嘩になった件について意見を聞きたいです。 共働き夫婦の二人暮しで、お互いに家事はやっています。最近夫が筋トレを初めて、鶏肉をよく食べるようになったのですが、夫に頼まれて鶏肉(夫が食べる分)...,0,0
2168,2026/2/1 19:00,生き方、人生相談,b303ae58a,8時間13分,4,28,7.0,0,0,0.057,14.29,0.0,0.46,不明,https://detail.chiebukuro.yahoo.co.jp/qa/question_detail/q13324905808,子供の頃は何にも思わなかったけど大人になると人の死をニュースで知る度に、人間誰しも終わりが必ずあるんだな〜って思う様になりました。どう思いますか？,0,0
2169,2026/2/1 19:00,哲学、倫理,翠,8時間13分,4,82,20.5,0,3,0.166,4.88,0.03,0.75,あと3日,https://detail.chiebukuro.yahoo.co.jp/qa/question_detail/q12324905807,人間にとって何が一番大事だと思うかという質問が時々なされます。 私は惻隠の情だと答えています。 人間にとって一番大切なものを惻隠の情だと考える考え方についてあなたはどう思いますか。,0,0
2170,2026/2/1 19:00,就職活動,非公開,8時間13分,4,67,16.8,0,7,0.136,5.97,0.02,0.96,あと3日,https://detail.chiebukuro.yahoo.co.jp/qa/question_detail/q10324905805,【大至急】タトゥー差別について。私は顔に大きな髑髏（ドクロ、10センチくらいの大きさです）のタトゥーを入れています。 この前、就職の面接（履歴書の顔写真は加工してタトゥーを消してます）を受けたのですが...,0,0
2171,2026/2/1 19:00,自動車保険,1150512188,8時間13分,6,45,7.5,0,0,0.091,13.33,0.01,0.7,あと3日,https://detail.chiebukuro.yahoo.co.jp/qa/question_detail/q11324905806,自動車保険について。 自分は20歳で車を買おうと思っています。この車の保険について、 1.父が保険に入って僕も乗れるようにする。 2.僕がひとりで保険に入る。 だと一般的にどっちが安いですか？父はファ...,0,0
2172,2026/2/1 19:00,法律相談,あ,8時間13分,1,20,20.0,0,0,0.041,5.0,0.01,0.14,あと3日,https://detail.chiebukuro.yahoo.co.jp/qa/question_detail/q14324905804,東京地方裁判所の開廷表を見ていたのですが、この｢取消｣とはどういう意味ですか？また、どのような時にこうなるんですか？,0,0
2173,2026/2/1 19:00,英語,1053164458,8時間13分,4,54,13.5,0,1,0.109,7.41,0.01,0.57,不明,https://detail.chiebukuro.yahoo.co.jp/qa/question_detail/q12324905802,have +過去分詞でなぜhaveをつけるのかわかりません。翻訳でもhaveがなくても今は変わりませんでした。説明できる方教えて欲しいです,0,0
2174,2026/2/1 19:00,恋愛相談、人間関係の悩み,a88973703,8時間13分,0,5,5.0,0,0,0.01,0.0,0.0,0.01,あと3日,https://detail.chiebukuro.yahoo.co.jp/qa/question_detail/q14324905799,女性って 当然だと思いますけど 自分より優れてる人を選びますよね？,0,0
2175,2026/2/1 19:00,ドラゴンクエスト,非公開,8時間13分,2,18,9.0,0,3,0.036,11.11,0.0,0.42,あと3日,https://detail.chiebukuro.yahoo.co.jp/qa/question_detail/q13324905798,ドラクエの歴代主人公で一番好きなのは誰ですか？,0,0
2176,2026/2/1 19:00,家族関係の悩み,der********,8時間13分,2,24,12.0,0,0,0.049,8.33,0.01,0.25,あと3日,https://detail.chiebukuro.yahoo.co.jp/qa/question_detail/q11324905796,実家で両親と暮らしてるのですが、たまに兄や姉が姪っ子やらを連れて帰ってきて一階で騒がしくやってます。兄弟は仲悪くはないし、両親とも姪っ子とも仲悪くないんですが、とにかく1階へ降りるのをためらいます。 ...,0,0
2177,2026/2/1 19:00,Yahoo!知恵袋,a6642e527,8時間14分,0,3,3.0,0,0,0.006,0.0,0.0,0.01,あと3日,https://detail.chiebukuro.yahoo.co.jp/qa/question_detail/q12324905797,ロブロックスアカウントが乗っ取られてしまいました！どうすれば良いですか,0,0
2178,2026/2/1 19:00,同人誌、コミケ,rap********,8時間14分,1,10,10.0,0,3,0.02,10.0,0.0,0.3,あと3日,https://detail.chiebukuro.yahoo.co.jp/qa/question_detail/q10324905795,同人誌の表紙に掲載する成人向けを示す表示は何語で書いてもいいですか？,0,0
2179,2026/2/1 19:00,友人関係の悩み,emiririr,8時間14分,0,13,13.0,0,0,0.026,0.0,0.0,0.03,あと3日,https://detail.chiebukuro.yahoo.co.jp/qa/question_detail/q12324905792,友達と出かけた時、「自分だけ食べるから座ってていいよ」と言われると帰りたいと思ってしまうのですが、皆さんどうですか？ たまに友達と遊びに行き、昼だけでなく15時ぐらいに何か食べて夜ご飯はお腹空いてなく...,0,0
2180,2026/2/1 19:00,海外,********,8時間14分,2,30,15.0,0,0,0.061,6.67,0.01,0.26,あと3日,https://detail.chiebukuro.yahoo.co.jp/qa/question_detail/q14324905794,今現在 この国に旅行に行ったら間違いなく日本に帰ってこれない国はどこでしょうか？,0,0
2181,2026/2/1 19:00,就職活動,vdr********,8時間14分,2,9,4.5,0,0,0.018,22.22,0.0,0.22,あと3日,https://detail.chiebukuro.yahoo.co.jp/qa/question_detail/q13324905793,工学部と違って文系の場合、東京の大学が就活有利ですか？,0,0
2182,2026/2/1 19:00,大学受験,ce014ce99,8時間14分,2,32,16.0,0,0,0.065,6.25,0.01,0.27,あと3日,https://detail.chiebukuro.yahoo.co.jp/qa/question_detail/q11324905791,文系の数学について 東大文系志望中高一貫高2です。私は数学がとても得意です。具体的には全統で偏差値75-80くらいです。周りからなぜ文系になったんだとか色々言われます。 私は理系に全く興味はないし、数...,0,0
2183,2026/2/1 19:00,ライブ、コンサート,c635d5e5,8時間14分,0,14,14.0,0,0,0.028,0.0,0.0,0.03,あと3日,https://detail.chiebukuro.yahoo.co.jp/qa/question_detail/q14324905789,イープラスの一般販売について質問です。 webかアプリどちらのほうがチケットが取りやすいか教えていただきたいです。,0,0
2184,2026/2/1 19:00,Yahoo!オークション,非公開,8時間14分,3,43,14.3,0,5,0.087,6.98,0.01,0.69,あと3日,https://detail.chiebukuro.yahoo.co.jp/qa/question_detail/q13324905788,ヤフオクについてです。 16時間前に違反申告されましたと通知が来てました。商品は削除されてません。 これは嫌がらせでしょうか？最近ヤフオク出品始めたてでよく分かりません。,0,0
2185,2026/2/1 19:00,オンラインゲーム,1152892332,8時間14分,1,6,6.0,0,1,0.012,16.67,0.0,0.17,あと3日,https://detail.chiebukuro.yahoo.co.jp/qa/question_detail/q12324905787,League of Legends (LoL)についてのアイテムビルドの質問です。 私はよくリーシンJGをやりますが、今までは ①赤月の刃▶︎サンダードスカイ ②サンダードスカイ▶︎ブラッククリーバー...,0,0
2187,2026/2/1 19:00,数学,ny,8時間14分,2,9,4.5,0,0,0.018,22.22,0.0,0.22,あと3日,https://detail.chiebukuro.yahoo.co.jp/qa/question_detail/q11324905786,数学の問題を教えていただきたいです。 (1)は分かるのですが(2)がどうして斜めなのに垂直になるのか分かりません。 わかる方よろしくお願いします。,0,0
2188,2026/2/1 19:00,大学受験,非公開,8時間14分,0,17,17.0,0,0,0.034,0.0,0.0,0.03,あと3日,https://detail.chiebukuro.yahoo.co.jp/qa/question_detail/q14324905784,龍谷大学 国語5割半ば 英語7割半ば 数学9割後半 社会学部と政策学部受かりますかね？,0,0
2189,2026/2/1 19:00,自動車,dor********,8時間14分,0,6,6.0,0,0,0.012,0.0,0.0,0.01,あと3日,https://detail.chiebukuro.yahoo.co.jp/qa/question_detail/q13324905783,アルトワークスHa36s（AGS）について質問です。 トラストエアインクスを装置したいと思っているのですが、AGS車は取付不可となっています。ステイがMT用だからのようですが、AGS車とMT車のエンジ...,0,0
2190,2026/2/1 19:00,Yahoo!知恵袋,まっさい,8時間14分,1,11,11.0,0,3,0.022,9.09,0.0,0.3,不明,https://detail.chiebukuro.yahoo.co.jp/qa/question_detail/q12324905782,ヤフー知恵袋回答受け付け終了した質問では無く回答した質問でしたが削除出来ませんどうしたら良いのでしょうか？ よろしくお願いいたします。普通なら削除したい質問のカテゴリをタップすれば削除出来ますよねそれ...,0,0
2191,2026/2/1 19:00,俳優、女優,黒い犬,8時間14分,3,25,8.3,0,0,0.051,12.0,0.0,0.35,あと3日,https://detail.chiebukuro.yahoo.co.jp/qa/question_detail/q11324905781,国宝での吉沢亮さんの演技を見ていると歌舞伎役者は実際に出来ますか？,0,0
2192,2026/2/1 19:00,女性アイドル,アニメ＆エンタメ好き,8時間14分,1,30,30.0,0,0,0.061,3.33,0.02,0.16,あと3日,https://detail.chiebukuro.yahoo.co.jp/qa/question_detail/q10324905780,質問なんですが、本当に何度も聞いて申し訳ないですが、皆さんは乃木坂４６の推しは誰ですか？ちなみに自分の場合 (３期生) ①伊藤理々杏（いとう りりあ) ②岩本蓮加 (いわもとれんか (４期生) ①賀喜...,0,0
2193,2026/2/1 19:00,アルバイト、フリーター,1151639223,8時間15分,2,9,4.5,0,0,0.018,22.22,0.0,0.22,あと3日,https://detail.chiebukuro.yahoo.co.jp/qa/question_detail/q14324905779,引越しのサカイでバイトをしようと考えています。 場所はその支社まで自力で行ってスタートするのですか？ また、時給のスタートと終わりは1日のどのタイミングですか？,0,0
2194,2026/2/1 19:00,学校の悩み,チェリアン,8時間15分,3,22,7.3,0,0,0.044,13.64,0.0,0.35,あと3日,https://detail.chiebukuro.yahoo.co.jp/qa/question_detail/q13324905778,高校生が人妻と不倫したのが学校にばれたらネットで晒されますか？,0,0
2195,2026/2/1 19:00,決済、ポイントサービス,ラッコ301,8時間15分,0,2,2.0,0,0,0.004,0.0,0.0,0.0,あと3日,https://detail.chiebukuro.yahoo.co.jp/qa/question_detail/q12324905777,ユーボイスと言うポイ活について質問です。 ユーボイスにある、アンケートは安全ですか？,0,0
2196,2026/2/1 19:00,料理、食材,チ。ーチキンナゲットについてー,8時間15分,9,29,3.2,0,0,0.059,31.03,0.0,0.97,あと3日,https://detail.chiebukuro.yahoo.co.jp/qa/question_detail/q11324905776,好きな野菜は何ですか？自分はニラです。,0,0
2197,2026/2/1 19:00,Yahoo!オークション,yam********,8時間15分,2,28,14.0,0,0,0.057,7.14,0.01,0.26,あと3日,https://detail.chiebukuro.yahoo.co.jp/qa/question_detail/q10324905775,私は出品者です。ヤフオク!まとめて取引依頼があり、この場合当初の出品終了日が約1週間後なのですが、承諾した場合現在表示されている金額で即落札されるのでしょうか？ まとめて取引依頼が初めてなので承諾した...,0,0
2198,2026/2/1 19:00,家族関係の悩み,イキリ虫,8時間15分,1,11,11.0,0,0,0.022,9.09,0.0,0.12,あと3日,https://detail.chiebukuro.yahoo.co.jp/qa/question_detail/q14324905774,盗撮をした家族が他の家族の前で弁護士に「自分は神だと思っていた。 少なくとも盗撮している間は誰にもできないことが自分にはできるという全能感があり自分には見えない力が働き裏から何でも操れるような感覚にな...,0,0
2199,2026/2/1 19:00,コスメ、美容,1151075601,8時間15分,1,14,14.0,1,0,0.028,7.14,0.0,0.33,あと3日,https://detail.chiebukuro.yahoo.co.jp/qa/question_detail/q13324905773,目元のメイクについて 30代女です。 メイクをするとシワに入るのか、乾燥なのか分かりませんが目尻が毎回このようになります。 スキンケア、メイク方法で解決できますか？ 目元以外は夜になってもツヤ感もあり...,0,0
2200,2026/2/1 19:00,テーマパーク,あ,8時間15分,1,37,37.0,0,1,0.075,2.7,0.03,0.24,あと3日,https://detail.chiebukuro.yahoo.co.jp/qa/question_detail/q12324905772,ディズニーシーのスタンバイパスについてです。 2月12日にディズニーシーに行くのですが、ダッフィーフレンズのグッズを買うにはスタンバイパスは必要でしょうか？,0,0
2201,2026/2/1 19:00,大学,1151257141,8時間15分,2,8,4.0,0,0,0.016,25.0,0.0,0.22,あと3日,https://detail.chiebukuro.yahoo.co.jp/qa/question_detail/q11324905771,大学三年終了時で76単位は卒業できますかね？卒業要件単位は124単位です。,0,0
2202,2026/2/1 19:00,恋愛相談,非公開,8時間15分,7,100,14.3,0,5,0.202,7.0,0.03,1.21,あと3日,https://detail.chiebukuro.yahoo.co.jp/qa/question_detail/q10324905770,38歳差の恋。彼女からの「サイン」を確信しています。 私は58歳で独身の参政党支持者です。近所の女子大生（20歳）に一目惚れしました。 彼女との出会いは半年ほど前、コンビニのレジで私の後ろに彼女が並ん...,0,0
2203,2026/2/1 18:59,自転車、サイクリング,1149679497,8時間16分,5,99,19.8,3,7,0.199,5.05,0.04,1.73,あと3日,https://detail.chiebukuro.yahoo.co.jp/qa/question_detail/q14324905769,自転車のカゴにゴミ（ペットボトルや、ティッシュ）を入れられることがあり、困ってます。 その度に嫌な気持ちになるのですが、有効な対策はありますか？？ また、自転車を利用する方で同じ経験がある方いたらお話...,0,0
2204,2026/2/1 18:59,国内,elm********,8時間16分,2,23,11.5,0,0,0.046,8.7,0.01,0.25,あと3日,https://detail.chiebukuro.yahoo.co.jp/qa/question_detail/q13324905768,ざっくりで良いです 皆様ならどのぐらいの費用と日数で回られるかご教示ください 期間:10日間 京都、広島、福岡、長崎、大分を巡る一人旅,0,0
2205,2026/2/1 18:59,家族関係の悩み,b78a8edf9,8時間16分,1,15,15.0,0,0,0.03,6.67,0.0,0.13,あと3日,https://detail.chiebukuro.yahoo.co.jp/qa/question_detail/q12324905767,自分の親戚は子持ち＝大変えらい子なし＝偉くない大変ではないという狂った理論を持っていて、私は今高校生なのですが、従兄弟が30歳くらいで0歳の子供がいるんですね。 そしたら祖母が｢従姉妹は毎日お米よりも...,0,0
2206,2026/2/1 18:59,テレビ、DVD、ホームシアター,t,8時間16分,2,15,7.5,2,1,0.03,13.33,0.0,0.69,あと3日,https://detail.chiebukuro.yahoo.co.jp/qa/question_detail/q11324905766,地デジとティーバーは関係がありますか？,0,0
2207,2026/2/1 18:59,占い,aza********,8時間17分,2,26,13.0,0,0,0.052,7.69,0.01,0.25,あと3日,https://detail.chiebukuro.yahoo.co.jp/qa/question_detail/q10324905765,4〜5人の占い師にバチュラーデートをやっても絶対に上手く行かないと言われました。 反抗してバチュラーデートを試したら逆に上手く行くケースはありますか？,0,0
2208,2026/2/1 18:59,スーパーマーケット,。,8時間17分,1,11,11.0,0,1,0.022,9.09,0.0,0.18,あと3日,https://detail.chiebukuro.yahoo.co.jp/qa/question_detail/q14324905764,スーパーで買うときにカゴはだいたい3個までカートに乗りますがすぐ満タンになってしまいたくさん買えません。たくさんカゴに詰めるコツはありますか？ペットボトル 冷凍食品,0,0
2209,2026/2/1 18:59,大学受験,a23fc0a49,8時間17分,1,17,17.0,0,0,0.034,5.88,0.01,0.13,あと3日,https://detail.chiebukuro.yahoo.co.jp/qa/question_detail/q13324905763,神田外語大学の一般入試について質問なのですが、一般入試受ける方は制服か私服どちらで行かれる方が多いんですか？,0,0
2210,2026/2/1 18:59,高校受験,ハッピースマイル,8時間17分,2,26,13.0,0,0,0.052,7.69,0.01,0.25,あと3日,https://detail.chiebukuro.yahoo.co.jp/qa/question_detail/q12324905762,相談です。 公立入試まで1ヶ月切りました。ですが数日前にインフルにかかり、覚えてきた内容をほぼ忘れてしまっている気がします。まだ少し体調が良くないですが、勉強したほうがいいですか？,0,0
2211,2026/2/1 18:59,家族関係の悩み,非公開,8時間17分,2,16,8.0,0,0,0.032,12.5,0.0,0.23,あと3日,https://detail.chiebukuro.yahoo.co.jp/qa/question_detail/q10324905760,子供が最寄り駅でティッシュ配ってたら親は恥ずかしいですか？ メインのバイトの出勤日が最近減ったのでタイミー始めました。ティッシュ配り短時間だし楽かなと思って申し込んだのですが、母親に話したら「ママ友に...,0,0
2212,2026/2/1 18:59,俳優、女優,sore*******,8時間17分,0,4,4.0,0,0,0.008,0.0,0.0,0.01,あと3日,https://detail.chiebukuro.yahoo.co.jp/qa/question_detail/q14324905759,マッチングアプリwithのYouTube広告に出演してるこの女優さんはなんというお方でしょうか！！,0,0
2213,2026/2/1 18:59,職業,********,8時間17分,0,6,6.0,0,0,0.012,0.0,0.0,0.01,あと3日,https://detail.chiebukuro.yahoo.co.jp/qa/question_detail/q13324905758,コンカフェするなら歌舞伎か秋葉原どっちがいいと思いますか？24歳です。,0,0
2214,2026/2/1 18:59,男性アイドル,rai********,8時間17分,2,10,5.0,0,0,0.02,20.0,0.0,0.22,あと3日,https://detail.chiebukuro.yahoo.co.jp/qa/question_detail/q11324905756,堂本光一さんのSHOCKに、リカ役で佐藤めぐみさんと神田沙也加が出てらっしゃいましたが、その年のSHOCKはDVDになってたりしますか？,0,0
2215,2026/2/1 18:59,メルカリ,今日も生きててくれてありがとう！,8時間17分,1,34,34.0,0,0,0.068,2.94,0.02,0.17,あと3日,https://detail.chiebukuro.yahoo.co.jp/qa/question_detail/q10324905755,最近メルカリでこちらのポーチを購入したのですが、購入する前の写真にはシワなどついてなかったのですが、商品が届いて開けてみたらこのようにシワがいくつかついていました、これは仕方のないことでしょうか？ こ...,0,0
2216,2026/2/1 18:59,職場の悩み,uuu********,8時間17分,3,22,7.3,0,0,0.044,13.64,0.0,0.34,あと3日,https://detail.chiebukuro.yahoo.co.jp/qa/question_detail/q12324905757,企業型DCについて質問です。 私の勤めている会社で、今度退職金制度が変わり、企業型DCになるとの通達があったのですが 、つまりはどの様になるという事なのでしょうか？ ざっくりとした質問ですみません。 ...,0,0
2217,2026/2/1 18:59,菓子、スイーツ,ffi********,8時間17分,0,5,5.0,0,0,0.01,0.0,0.0,0.01,あと3日,https://detail.chiebukuro.yahoo.co.jp/qa/question_detail/q14324905754,伏見駅付近でイベントでお菓子とか食べ放題な食べ放題やってますか？,0,0
2218,2026/2/1 18:59,俳優、女優,1053330841,8時間17分,0,15,15.0,0,0,0.03,0.0,0.0,0.03,あと3日,https://detail.chiebukuro.yahoo.co.jp/qa/question_detail/q13324905753,この前ネクストエースに応募して1次審査に受かったんですけど、なんかネクストエースのことを調べてるとなんかいい噂はあんまりないんですけど、なんか検索に良くないというか、 なんか変な検索履歴みたいなのが出...,0,0
2219,2026/2/1 18:59,観光地、行楽地,1051905955,8時間17分,1,7,7.0,0,0,0.014,14.29,0.0,0.11,あと3日,https://detail.chiebukuro.yahoo.co.jp/qa/question_detail/q12324905752,2月4日、5日で1泊2日の鳥取旅行に行きます。 鳥取砂丘 、 大鴨ヶ磯 、 旧国鉄倉吉線泰久寺跡に行きたいです。 でも移動時間は食事の時間も考えると良い道順が見当たらず、良い行き方があれば教えてくださ...,0,0
2220,2026/2/1 18:59,ドラゴンクエスト,非公開,8時間17分,0,5,5.0,0,0,0.01,0.0,0.0,0.01,あと3日,https://detail.chiebukuro.yahoo.co.jp/qa/question_detail/q11324905751,ドラクエで一番怖かったシーンは何ですか？,0,0
2221,2026/2/1 18:59,スロット,1151860626,8時間17分,0,11,11.0,0,0,0.022,0.0,0.0,0.02,あと3日,https://detail.chiebukuro.yahoo.co.jp/qa/question_detail/q10324905750,入場くんオンラインのこれはどういう事でしょうか？ 不具合でしょうか？,0,0
2222,2026/2/1 18:59,料理、食材,お饅頭大好き,8時間17分,2,11,5.5,0,0,0.022,18.18,0.0,0.22,あと3日,https://detail.chiebukuro.yahoo.co.jp/qa/question_detail/q14324905749,スーパーでイサキの刺身を買ったんですが解凍と書かれてないのですがアニサキスなどは大丈夫でしょうか？,0,0
2223,2026/2/1 18:59,イヌ,try********,8時間17分,2,36,18.0,0,0,0.072,5.56,0.01,0.27,あと3日,https://detail.chiebukuro.yahoo.co.jp/qa/question_detail/q11324905746,飼っている犬について とても大切で大好きなペットを飼っています。 犬は12歳です。 その犬が最近、上の階の人の生活音(ドアや窓の開け閉めの音)が怖くて度々震えます。 音の対策、散歩などはしっかりしてい...,0,0
2224,2026/2/1 18:59,プロレス,wan********,8時間18分,1,28,28.0,0,0,0.056,3.57,0.02,0.16,あと3日,https://detail.chiebukuro.yahoo.co.jp/qa/question_detail/q13324905748,この方はどなたですか？ 全日本プロレスの立会人だったようですが、1980年代の全日本プロレス中継でよく見かけました。ご存じの方がいらっしゃいましたら、教えてください。,0,0
2225,2026/2/1 18:59,映画,hir********,8時間18分,1,23,23.0,0,0,0.046,4.35,0.01,0.15,あと3日,https://detail.chiebukuro.yahoo.co.jp/qa/question_detail/q12324905747,閃光のハサウェイキルケーの魔女をIMAXか普通で見るか迷ってます。いつもは普通の映画館で真ん中では隣の人が気になるので、はしの二人席で一人で見るのが好きです。 IMAXは真ん中がいいとか聞いて。 どち...,0,0
2226,2026/2/1 18:59,コミック,bab********,8時間18分,0,6,6.0,0,0,0.012,0.0,0.0,0.01,あと3日,https://detail.chiebukuro.yahoo.co.jp/qa/question_detail/q10324905745,小林よしのりゴーマニズム宣言で 川田龍平 氏が 知ってますよ と答えるシーンは 何巻に載っていますか,0,0
2227,2026/2/1 18:59,ゲーム,ex_********,8時間18分,2,17,8.5,0,0,0.034,11.76,0.0,0.23,あと3日,https://detail.chiebukuro.yahoo.co.jp/qa/question_detail/q14324905744,子どもが車でベルトをカチッと閉める側にスプラトゥーン3のソフトを落としました。 旦那と色々下を探しましたがみつかりませんでした どーしたらあるのか？ 車はタント 2021年式です。,0,0
2228,2026/2/1 18:59,高校受験,1251668945,8時間18分,2,6,3.0,0,0,0.012,33.33,0.0,0.21,あと3日,https://detail.chiebukuro.yahoo.co.jp/qa/question_detail/q13324905743,私立の推薦入試では、2問しか聞かれなかったという人が多くいました。公立の入試でも2問の可能性はありますか？,0,0
2229,2026/2/1 18:59,政治、社会問題,bb2e9f3e7,8時間18分,4,22,5.5,0,4,0.044,18.18,0.0,0.68,あと3日,https://detail.chiebukuro.yahoo.co.jp/qa/question_detail/q12324905742,民主党政権は結局財務官僚に何故操られたんですか？,0,0
2230,2026/2/1 18:59,病気、症状,tak********,8時間18分,0,6,6.0,0,0,0.012,0.0,0.0,0.01,あと3日,https://detail.chiebukuro.yahoo.co.jp/qa/question_detail/q11324905741,大阪南部に住んでいます。 鼻呼吸ができず、口呼吸で生活している57才のおじさんです。 小さい頃から口呼吸なのであまりなんとも思っていませんでしたが、最近睡眠をしっかり出来ておらず寝起きにだるさを感じて...,0,0
2231,2026/2/1 18:59,メイク、コスメ,kur********,8時間18分,0,1,1.0,0,0,0.002,0.0,0.0,0.0,あと3日,https://detail.chiebukuro.yahoo.co.jp/qa/question_detail/q14324905739,イブサンローランのこのタイプのファンデーションを使い始めました。私は60歳女性です。 薄付きで軽いタッチで負担は無いのですがやはり年齢的にくすみや染みに対してカバー力があまりないのかな？と感じますが同...,0,0
2232,2026/2/1 18:59,大学受験,1153226616,8時間18分,0,15,15.0,0,0,0.03,0.0,0.0,0.03,あと3日,https://detail.chiebukuro.yahoo.co.jp/qa/question_detail/q10324905740,明治大学理工学部の化学の2025年度を解きました。 正答率が73％なのですが、これでいいんでしょう もっと取らなきゃまずいですか,0,0
2233,2026/2/1 18:59,ダイエット,bf27f8373,8時間18分,4,25,6.2,0,0,0.05,16.0,0.0,0.45,あと3日,https://detail.chiebukuro.yahoo.co.jp/qa/question_detail/q13324905738,一日にオイコス2個は食べすぎですか⁇ ちなみに昼に1つ、夕方に1つです。,0,0
2234,2026/2/1 18:59,iPhone,にむにむ,8時間18分,2,24,12.0,0,0,0.048,8.33,0.01,0.25,あと3日,https://detail.chiebukuro.yahoo.co.jp/qa/question_detail/q12324905737,【至急】アイフォンの転送ができません。機種変 もう何年前にも買ったiPhone SEの移行ができません。ソフトウェアアップデートは完了しており、横に置いて始めようとしても、新しいスマホの方には途中でデ...,0,0
2235,2026/2/1 18:59,恋愛相談、人間関係の悩み,a1cecd8c2,8時間18分,1,16,16.0,0,0,0.032,6.25,0.01,0.13,あと3日,https://detail.chiebukuro.yahoo.co.jp/qa/question_detail/q11324905736,彼氏との将来について。 現在就職活動真っ只中の大学3年女です。 お付き合いしている彼氏がいるのですが、4月から彼の就職先が決まったので遠距離恋愛になります。 彼が関東周辺に配属になったので、私も勤務地...,0,0
2236,2026/2/1 18:59,イヌ,HAPPYGIRL,8時間18分,2,17,8.5,0,0,0.034,11.76,0.0,0.23,あと3日,https://detail.chiebukuro.yahoo.co.jp/qa/question_detail/q10324905735,至急！！！！！！！ チワワの脇腹？ほんと腕の付け根ら辺に最近米粒みたいなのがついていました。 一回目は取れて、お米かーって思ってたけど、 今日も同じところについていてまたポロッととれたのですが、根元に...,0,0
2237,2026/2/1 18:59,恋愛相談、人間関係の悩み,1151341445,8時間18分,1,18,18.0,0,0,0.036,5.56,0.01,0.14,あと3日,https://detail.chiebukuro.yahoo.co.jp/qa/question_detail/q14324905734,至急 つきあって2年経つかれしがいます。 彼氏は半年前から私への扱いが雑になった気がします。ラインも10分くらいで返信してくれてたのが１日返信くれず謝ってもくれなくて、報連相もなくなり、会うのも周3か...,0,0
2238,2026/2/1 18:59,大学受験,非公開,8時間18分,1,65,65.0,0,0,0.13,1.54,0.08,0.23,あと3日,https://detail.chiebukuro.yahoo.co.jp/qa/question_detail/q13324905733,明治学院大学、古文がボロボロでした、、 英語が長文1ミス、要約と英作文はできる限りの力は出しましたが、例年どれくらい減点されるのでしょうか？8割いける可能性はありますかね また、去年のボーダーと比べて...,0,0
2239,2026/2/1 18:59,大学受験,非公開,8時間18分,0,29,29.0,0,0,0.058,0.0,0.0,0.06,あと3日,https://detail.chiebukuro.yahoo.co.jp/qa/question_detail/q12324905732,大和大学は素点で何割取れれば合格できるのでしょう？（スタンダードと数英）,0,0
2240,2026/2/1 18:59,カフェ、喫茶,チ。ーチキンナゲットについてー,8時間18分,2,28,14.0,0,0,0.056,7.14,0.01,0.26,不明,https://detail.chiebukuro.yahoo.co.jp/qa/question_detail/q11324905731,もちろん人によると思いますが、コーヒーがおいしいと感じるのは何歳ぐらいからですか？,0,0
2241,2026/2/1 18:59,大学受験,ae34168ca,8時間19分,1,39,39.0,0,3,0.078,2.56,0.03,0.36,あと3日,https://detail.chiebukuro.yahoo.co.jp/qa/question_detail/q10324905730,質問です 現在60後半の高校に通った頭のいい彼氏がいます。ですが私の高校は農業高校なので偏差値が低いです。 とても釣り合ってないですよね ですがその農業高校でも将来は看護師になる！！！と強く決心したの...,0,0
2242,2026/2/1 18:59,運転免許,y_t********,8時間19分,4,36,9.0,0,0,0.072,11.11,0.01,0.47,あと3日,https://detail.chiebukuro.yahoo.co.jp/qa/question_detail/q14324905729,免許再取得について質問です。 欠陥期間後にできるだけ最短で最短で取得したいと考えてます。 以下質問をご回答いただけましたら幸いです。 質問①取消処分者講習について ⇨こちらの受けることができる場所、期...,0,0
2243,2026/2/1 18:59,妊娠、出産,ほみ,8時間19分,0,31,31.0,0,0,0.062,0.0,0.0,0.06,あと3日,https://detail.chiebukuro.yahoo.co.jp/qa/question_detail/q13324905728,マタニティブルーのエピソード教えてください。 落ち込んで泣いている時などパートナーや周りの人はどんな接し方でしたか？ あと、どんなことで妊娠中情緒不安定になりましたか？,0,0
2244,2026/2/1 18:59,ドラゴンクエスト,非公開,8時間19分,2,15,7.5,0,3,0.03,13.33,0.0,0.41,あと3日,https://detail.chiebukuro.yahoo.co.jp/qa/question_detail/q12324905727,ドラクエで特に色白な美人キャラといえば誰を思い浮かべますか？,0,0
2245,2026/2/1 18:58,海外,garapon,8時間20分,1,17,17.0,0,0,0.034,5.88,0.01,0.13,あと3日,https://detail.chiebukuro.yahoo.co.jp/qa/question_detail/q11324905726,海外SIMについて 今UQ使っていて今度タイに行きます。 1日八百円で4泊いるので3200円 4人なので12800円かかります。 よく空港かなSIM売ってるの見かけますがあれって何ギガ使えていくらです...,0,0
2246,2026/2/1 18:58,アニメ,1152598068,8時間20分,1,6,6.0,1,0,0.012,16.67,0.0,0.31,あと3日,https://detail.chiebukuro.yahoo.co.jp/qa/question_detail/q10324905725,ヒプムビ1周年記念の再上映って、だいたいいつ頃までだと思いますか？3月いっぱいくらいはやりますかね？,0,0
2247,2026/2/1 18:58,メンズ腕時計、アクセサリー,s88********,8時間20分,3,122,40.7,0,5,0.244,2.46,0.1,0.84,不明,https://detail.chiebukuro.yahoo.co.jp/qa/question_detail/q14324905724,ロレックス デイトジャスト 自分はロレックスに詳しくありません 父親が3.40年くらい身につけていました 先月父親が亡くなり、形見の一つとなりました 文字盤が汚れていたり、ベルトがぐすぐすなのは長年父...,0,0
2248,2026/2/1 18:58,レディースバッグ、財布、小物類,kar********,8時間20分,5,79,15.8,0,2,0.158,6.33,0.02,0.78,あと3日,https://detail.chiebukuro.yahoo.co.jp/qa/question_detail/q13324905723,高い買い物をしようとしているのですが、踏ん切りがつきません。ルイヴィトンのバッグを買おうか迷っています。 気持ちとしては、そのバッグがかわいくてどうしても欲しいという気持ちより、ルイヴィトンのバッグを...,0,0
2249,2026/2/1 18:58,大学受験,bae73778b,8時間20分,0,20,20.0,0,0,0.04,0.0,0.0,0.04,あと3日,https://detail.chiebukuro.yahoo.co.jp/qa/question_detail/q12324905722,同志社大学文学部英文学科を共テ併用A方式で受けようとしているんですが、点数が圧縮した結果152点です。希望はありますか？,0,0
2250,2026/2/1 18:58,大学受験,ca5c829cc,8時間20分,0,38,38.0,1,0,0.076,0.0,0.0,0.28,あと3日,https://detail.chiebukuro.yahoo.co.jp/qa/question_detail/q11324905721,東京医科大学の入試受けた方、英語時間ぎりぎりだし数学むずくて終わりました；；みなさんどうでしたか…、第1志望なだけあって悔しすぎます。。,0,0
2251,2026/2/1 18:58,恋愛相談,チェリアン,8時間20分,4,48,12.0,0,0,0.096,8.33,0.01,0.49,あと3日,https://detail.chiebukuro.yahoo.co.jp/qa/question_detail/q14324905719,不倫はちょっとしたことで気づかれますか？ 会話の中で「君はそういうことしなくていいよ」と伝えたら、「君は？他に相手がいるの」という流れになったりして不倫がばれることありますか？,0,0
2252,2026/2/1 18:58,ポケットモンスター,ああ,8時間20分,0,5,5.0,0,0,0.01,0.0,0.0,0.01,あと3日,https://detail.chiebukuro.yahoo.co.jp/qa/question_detail/q13324905718,メガルカリオってグロウパンチの1段目と2段目のダメージは変わりますか？オブジェクトのラスヒについてです,0,0
2253,2026/2/1 18:58,恋愛相談、人間関係の悩み,名無し,8時間20分,3,87,29.0,0,0,0.174,3.45,0.05,0.47,あと3日,https://detail.chiebukuro.yahoo.co.jp/qa/question_detail/q10324905720,至急です。 絶対に復縁はないもう友達と言われて復縁した方はいらっしゃいますか？ 最近彼氏と別れてしまいました。 原因は、私が病気になってしまい、心に余裕がなくなり冷たく接してしまっていました。 冷たく...,0,0
2254,2026/2/1 18:58,ポケットモンスター,lD非公開,8時間20分,1,9,9.0,0,0,0.018,11.11,0.0,0.12,あと3日,https://detail.chiebukuro.yahoo.co.jp/qa/question_detail/q12324905717,ポケモンGO コミュデイについて コミュデイの色背景ってそんなレアでもないですか？きっちり3時間やったら誰でもゲットできるくらいのものでしょうか?,0,0
2255,2026/2/1 18:58,家族関係の悩み,ＥＪ,8時間20分,2,17,8.5,0,0,0.034,11.76,0.0,0.23,あと3日,https://detail.chiebukuro.yahoo.co.jp/qa/question_detail/q10324905715,父が親戚のおじさんを急に連れてきます。 なにかの集まりで、その飲み会の延長線で個人的に連れてくることが多いです。 急になので、つまみも無いし 夕飯の時間帯で自分たちの時間もあるしで 正直言うと、父だけ...,0,0
2256,2026/2/1 18:58,資産運用、投資信託、NISA,uhr********,8時間20分,3,54,18.0,1,3,0.108,5.56,0.02,0.78,あと3日,https://detail.chiebukuro.yahoo.co.jp/qa/question_detail/q11324905716,SBI・iシェアーズ・ゴールドファンド 為替ヘッジが「あり」と「なし」があります。 投資する場合、皆様ならどちらを選びますか？,0,0
2257,2026/2/1 18:58,同人誌、コミケ,1253323388,8時間21分,3,32,10.7,0,0,0.064,9.38,0.01,0.36,あと3日,https://detail.chiebukuro.yahoo.co.jp/qa/question_detail/q13324905713,同人即売会における立体物の領布について質問です。 即売会では立体物(ぬい、フィギュア)などは規制が厳しいと聞いています。では、公式ぬいに着せられるサイズのぬい服、またはぬいポーチを販売するというのはど...,0,0
2258,2026/2/1 18:58,恋愛相談、人間関係の悩み,仲原,8時間21分,3,22,7.3,0,0,0.044,13.64,0.0,0.34,あと3日,https://detail.chiebukuro.yahoo.co.jp/qa/question_detail/q12324905712,私の職場に最近入ったLINEをやらない40歳独身の女性がいます。課のグループLINEがあるので入ろうとしません。 また、その人は緊急連絡先を聞いても中々教えてもらえず、その言い訳が携帯2台持ちで普段持...,0,0
2259,2026/2/1 18:58,メンタルヘルス,b15c0c3dc,8時間21分,2,13,6.5,0,0,0.026,15.38,0.0,0.23,あと3日,https://detail.chiebukuro.yahoo.co.jp/qa/question_detail/q14324905714,髪を切りたくなくなる。 見た目を気にしなくなる(本人としては気にしていないわけではないが、周りから見るととそう見える)。 これは気力が低下している状態ですか。,0,0
2260,2026/2/1 18:58,Android,Alex,8時間21分,1,13,13.0,0,0,0.026,7.69,0.0,0.13,あと3日,https://detail.chiebukuro.yahoo.co.jp/qa/question_detail/q11324905711,アンドロイド 昨日システムアップデートを行ったAQUOS その後に出たインストールしてくださいの表示に従いインストールしたら… 画面上部に歯車のマークが出たので開いて少し触っていると何かをインストール...,0,0
2261,2026/2/1 18:58,Windows 10,syu********,8時間21分,2,10,5.0,0,0,0.02,20.0,0.0,0.22,あと3日,https://detail.chiebukuro.yahoo.co.jp/qa/question_detail/q14324905709,助けてください。 windows10の環境で、システムの復元を行ったところ１０時間以上この状態です。 青い画面に「復」とのみ表示されています。,0,0
2262,2026/2/1 18:58,Android,きまり,8時間21分,4,39,9.8,0,1,0.078,10.26,0.01,0.54,あと3日,https://detail.chiebukuro.yahoo.co.jp/qa/question_detail/q13324905708,Android利用してます おサイフケータイで支払いしたいとき 店員さんに何て言いますか。 レジでアルバイトしてたとき 「IDで」や 「タッチで」は言われたことあるけど 「おサイフケータイで」って言わ...,0,0
2263,2026/2/1 18:58,スマホアプリ,1252918148,8時間21分,0,21,21.0,0,0,0.042,0.0,0.0,0.04,あと3日,https://detail.chiebukuro.yahoo.co.jp/qa/question_detail/q11324905706,にゃんこ大戦争について質問です。 下のキャラにつけた方が良い新本能玉を教えてください。 キョンシー 笠地蔵 にゃんま カンカン,0,0
2264,2026/2/1 18:58,政治、社会問題,hir********,8時間21分,1,79,79.0,0,0,0.158,1.27,0.12,0.26,不明,https://detail.chiebukuro.yahoo.co.jp/qa/question_detail/q14324905704,旧公明党とヤマダ電機創価問題とは、なんですか？,0,0
2265,2026/2/1 18:58,ゲーム,1151788137,8時間21分,1,20,20.0,0,0,0.04,5.0,0.01,0.14,あと3日,https://detail.chiebukuro.yahoo.co.jp/qa/question_detail/q10324905705,至急です！ ゲームのポケコロツインの交換で同じタイミングで一気にご提案を頂いた際、お相手が求めているアイテムが被ってしまいました。 1人と交換するとして、ほかのお相手の方への断り方を教えてください！,0,0
2266,2026/2/1 18:58,生き方、人生相談,b,8時間21分,1,8,8.0,0,1,0.016,12.5,0.0,0.18,あと3日,https://detail.chiebukuro.yahoo.co.jp/qa/question_detail/q12324905702,なんでもいいよや、どっちでもがあまり良くないのはなぜですか？また謙遜のし過ぎが好まれないのはなぜですか？？,0,0
2267,2026/2/1 18:58,ダイエット,aed0c9a1d,8時間21分,1,27,27.0,0,0,0.054,3.7,0.01,0.15,あと3日,https://detail.chiebukuro.yahoo.co.jp/qa/question_detail/q11324905701,至急この生活は良くないですか？ 普段の生活は、9時起床、9時30分朝ご飯、10時30分から掃除機や洗濯などの家事(週2)それから出かける予定があれば外出します(多くて週2)家にいる日は昼ご飯までゴロゴ...,0,0
2268,2026/2/1 18:58,コスプレ,ﾛﾘｰｰｰｰｰｰｰｰｰｰｰｰｰﾀ,8時間21分,1,5,5.0,0,0,0.01,20.0,0.0,0.11,あと3日,https://detail.chiebukuro.yahoo.co.jp/qa/question_detail/q10324905700,APEXLegendsの公式コスプレイヤーについてです。 スパローくんの公式コスプレ、正直どう思いますか？ みんな、本物や本物やとちやほやしていますが、僕には全く見えません。 彼の特徴的な2点のホクロ...,0,0
2269,2026/2/1 18:58,宗教,1250330050,8時間21分,2,24,12.0,0,2,0.048,8.33,0.01,0.37,あと3日,https://detail.chiebukuro.yahoo.co.jp/qa/question_detail/q14324905699,今日、厄祓いへ行きました。 お祓い後、友だちがおみくじを引きたいとの事で神宮内にある仮設テントで行っていたおみくじの場所へ行った際に、テントの屋根の上の積雪が頭に結構な量が落ちてきました。 初めてのこ...,0,0
2270,2026/2/1 18:58,政治、社会問題,ctt********,8時間21分,0,5,5.0,0,0,0.01,0.0,0.0,0.01,あと3日,https://detail.chiebukuro.yahoo.co.jp/qa/question_detail/q11324905696,高市さんが応援演説にきた岐阜の候補者の加藤さんとはどんな方ですか？ 同姓同名にとある犯人が出てきてネットで調べてもよくわかりません 教えてください,0,0
2271,2026/2/1 18:58,ドラゴンクエスト,非公開,8時間21分,3,17,5.7,0,6,0.034,17.65,0.0,0.69,あと3日,https://detail.chiebukuro.yahoo.co.jp/qa/question_detail/q12324905697,ドラクエで一番かっこいいと思うモンスターは誰ですかか？,0,0
2272,2026/2/1 18:58,レディース全般,デジモンのバス,8時間21分,5,11,2.2,0,0,0.022,45.45,0.0,0.52,あと3日,https://detail.chiebukuro.yahoo.co.jp/qa/question_detail/q13324905698,スキニーパンツを履く際ショーツの線を目立たなくする方法を教えてください。,0,0
2273,2026/2/1 18:58,恋愛相談、人間関係の悩み,1252657001,8時間21分,2,9,4.5,0,0,0.018,22.22,0.0,0.22,あと3日,https://detail.chiebukuro.yahoo.co.jp/qa/question_detail/q10324905695,メロいってどういう人のこと言うんですか？,0,0
2274,2026/2/1 18:58,恋愛相談、人間関係の悩み,1052602543,8時間22分,1,58,58.0,0,1,0.116,1.72,0.07,0.27,あと3日,https://detail.chiebukuro.yahoo.co.jp/qa/question_detail/q14324905694,同じ予備校の同性の女の子が気になってます。 こんな時期にする質問じゃないことは重々分かっていますが、会えなくなってしまう前に質問させてください。 最近よく目が合う(気のせいかもだけど)女の子がいます。...,0,0
2275,2026/2/1 18:58,アニメ,佐藤錦 義春堂,8時間22分,3,6,2.0,0,0,0.012,50.0,0.0,0.31,あと3日,https://detail.chiebukuro.yahoo.co.jp/qa/question_detail/q13324905693,サザエさんの家によくお客さんが来ますが、彼らはどういう用で来るのですか?,0,0
2276,2026/2/1 18:58,コミック,wye********,8時間22分,2,14,7.0,0,1,0.028,14.29,0.0,0.29,あと3日,https://detail.chiebukuro.yahoo.co.jp/qa/question_detail/q12324905692,4人の陰獣がウヴォーギンによって殺されて陰獣弱っと思っていましたが陰獣の強さ(単体)はどの程度の強さだと思いますか？自分的には蟻編のキルアよりは弱そうだし、ナックルよりは強いような気がします。,0,0
2277,2026/2/1 18:58,新築一戸建て,kun********,8時間22分,3,56,18.7,0,2,0.111,5.36,0.02,0.53,あと3日,https://detail.chiebukuro.yahoo.co.jp/qa/question_detail/q10324905690,新築一戸建てを計画中です 本日アイ工務店さんと打合せをさせていただきました プラン図を２週間も前にスーモカウンター経由で渡して予算2800と伝えて見積りを頼んだにもかかわらず 見積りを作ってすらいない...,0,0
2278,2026/2/1 18:58,ゲーム,mar********,8時間22分,0,3,3.0,0,0,0.006,0.0,0.0,0.01,あと3日,https://detail.chiebukuro.yahoo.co.jp/qa/question_detail/q14324905689,真面目なシナリオで面白いオススメのクトゥルフ神話TRPG動画(編集されたもの)を教えてください。 ただ、NPCを必要もないのに攻撃したり、建物などをすぐに燃やしたりなど悪ノリが過ぎるものは合わないため...,0,0
2279,2026/2/1 18:58,LINE,A,8時間22分,3,57,19.0,0,0,0.113,5.26,0.02,0.41,不明,https://detail.chiebukuro.yahoo.co.jp/qa/question_detail/q13324905688,この中で今すぐに使用をやめた方がいい痛いスタンプを教えてください。 友達にしか使いません。,0,0
2280,2026/2/1 18:58,メンズ全般,山口県系男子,8時間22分,1,16,16.0,0,0,0.032,6.25,0.01,0.13,あと3日,https://detail.chiebukuro.yahoo.co.jp/qa/question_detail/q12324905687,至急です！！！！！！！！ ニューエラのブラックブラックってどうですか？ブラックホワイトと迷ってます。,0,0
2281,2026/2/1 18:58,ストレス,いう,8時間22分,2,29,14.5,0,4,0.058,6.9,0.01,0.49,不明,https://detail.chiebukuro.yahoo.co.jp/qa/question_detail/q11324905686,イライラする度にリストカットする癖を辞めたいです 前まではイライラすると物を投げたりしてたんですが、過去一イライラすることがあって思いっきりリモコンを投げたら壊してしまったことから、それ以降リスカをし...,0,0
2282,2026/2/1 18:58,恋愛相談、人間関係の悩み,ID非公開超信者たん,8時間22分,4,89,22.2,0,2,0.177,4.49,0.04,0.69,あと3日,https://detail.chiebukuro.yahoo.co.jp/qa/question_detail/q10324905685,2回目のデートの約束は初デートしている時にした方がいいですか？,0,0
2283,2026/2/1 18:57,英語,*******,8時間23分,4,83,20.8,0,3,0.165,4.82,0.03,0.74,あと3日,https://detail.chiebukuro.yahoo.co.jp/qa/question_detail/q14324905684,you are able to pass unnoticed in the city. このunnoticedはどういう役割ですか？構文解析してください。,0,0
2284,2026/2/1 18:57,アニメ,R,8時間23分,0,6,6.0,0,0,0.012,0.0,0.0,0.01,あと3日,https://detail.chiebukuro.yahoo.co.jp/qa/question_detail/q13324905683,アニメグッズの買取についての質問です。 買取でおすすめのお店はありますか？ 売りたいものは文ストのカップ＆ソーサー、学マスのハンドタオルです。,0,0
2285,2026/2/1 18:57,大学受験,1151575527,8時間23分,1,16,16.0,0,0,0.032,6.25,0.01,0.13,あと3日,https://detail.chiebukuro.yahoo.co.jp/qa/question_detail/q12324905682,横浜国立大学経営学部を目指している高二です。 今の時点で青チャート3週目に取り掛かっています。青チャートから過去問までの参考書ルートを教えて頂きたいです。よろしくお願いします。,0,0
2286,2026/2/1 18:57,ゲーム,う,8時間23分,1,15,15.0,0,0,0.03,6.67,0.0,0.13,あと3日,https://detail.chiebukuro.yahoo.co.jp/qa/question_detail/q11324905681,ゲームトレードでこういう系のコメント結構くるのですがこれって詐欺ですよね,0,0
2287,2026/2/1 18:57,アニメ,M,8時間23分,1,18,18.0,0,0,0.036,5.56,0.01,0.13,あと3日,https://detail.chiebukuro.yahoo.co.jp/qa/question_detail/q10324905680,アニメ探してます！ 男の子が寝っ転がってました。 男の子は黒髪だった気かまします。 男の子は装備をつけてたような気がします。 女の子が膝枕をしてたような気がします。 女の子は金髪です！ ファンタジー系...,0,0
2288,2026/2/1 18:57,ライブ、コンサート,なぎ,8時間23分,1,22,22.0,0,2,0.044,4.55,0.01,0.26,不明,https://detail.chiebukuro.yahoo.co.jp/qa/question_detail/q14324905679,エイトリの2月にあるおもライのグッズって事後通販はある感じですか？,0,0
2289,2026/2/1 18:57,生き方、人生相談,1151143540,8時間24分,1,25,25.0,0,0,0.05,4.0,0.01,0.15,あと3日,https://detail.chiebukuro.yahoo.co.jp/qa/question_detail/q13324905678,再婚について質問です。 私は子供が２人いて息子と娘です。 子供が小さい頃に離婚し私も子供も姓を私の旧姓へ変えています。 子供は２人とも社会人になりました。 私がこれから再婚をしたとすると子供と姓が違う...,0,0
2290,2026/2/1 18:57,ゲーム,高校生,8時間24分,0,5,5.0,0,0,0.01,0.0,0.0,0.01,あと3日,https://detail.chiebukuro.yahoo.co.jp/qa/question_detail/q12324905677,pc版の荒野行動をGoogle play gamesからダウンロードしたのですがマウスは反応するのですがキーボードが反応しなくて原因とか直し方わかる方いませんか,0,0
2291,2026/2/1 18:57,音楽,ozm********,8時間24分,1,30,30.0,1,0,0.06,3.33,0.02,0.36,不明,https://detail.chiebukuro.yahoo.co.jp/qa/question_detail/q11324905676,この動画のBGMに使われている曲の タイトルを教えて頂けないでしょうか？ https://youtube.com/shorts/rkPntJ71fM8?si=zJHq442V82GwM-VT 宜しくお...,0,0
2292,2026/2/1 18:57,コミック,bd0c20b36,8時間24分,3,56,18.7,0,0,0.111,5.36,0.02,0.41,あと3日,https://detail.chiebukuro.yahoo.co.jp/qa/question_detail/q10324905675,呪術廻戦の強さランキング 宿儺 五条 羂索 摩虎羅 鹿紫雲 万 乙骨 九十九 甚爾、真希 夏油 虎杖 秤、裏梅 遍殺即霊体真人 漏瑚 呪霊直哉 ミゲル 石流 陀艮、花御 黒漆 日車、直毘人 日下部、直...,0,0
2294,2026/2/1 18:57,一人暮らし、シングルライフ,to7********,8時間24分,5,13,2.6,0,0,0.026,38.46,0.0,0.52,あと3日,https://detail.chiebukuro.yahoo.co.jp/qa/question_detail/q12324905672,下着（パンツ）穴が開いたら捨てますか お気に入りの下着に穴が開いたら捨てますか？ それとも穴を縫いますか？ 先ほど、下着の穴を縫っていたら、 私って少数派？と思って気になりました。 ファッション 一人...,0,0
2295,2026/2/1 18:57,大学,c5622c7b0,8時間24分,2,25,12.5,0,2,0.05,8.0,0.01,0.37,あと3日,https://detail.chiebukuro.yahoo.co.jp/qa/question_detail/q13324905673,大阪大学外国語学部に通っている方に質問です！ グローバルビレッジ箕面船場の寮に入るか迷っています。1年生は豊中キャンパスで過ごすと聞いたので、一年目は豊中キャンパスの近くに住んで、2年生からグローバル...,0,0
2296,2026/2/1 18:57,ご近所の悩み,非公開,8時間24分,0,28,28.0,0,0,0.056,0.0,0.0,0.06,あと3日,https://detail.chiebukuro.yahoo.co.jp/qa/question_detail/q11324905671,【近所の女子大学生を好きになった】 私は58歳で独身の参政党支持者です。近所に最近引っ越してきた20歳の綺麗な女子大学生を好きになったので彼女にしたいです。 どうやって近づけばいいですか？,0,0
2297,2026/2/1 18:57,ネイルケア,1151630556,8時間24分,0,18,18.0,0,0,0.036,0.0,0.0,0.04,あと3日,https://detail.chiebukuro.yahoo.co.jp/qa/question_detail/q13324905668,この爪ってもうネイルできないですか、、、？ サロンでやってもらったネイルが根元から半分以上取れて、痛かったので無理やりアルコールやヤスリ等使って取ったのですが、白いモヤモヤっとした感じになってしまいま...,0,0
2298,2026/2/1 18:57,大学受験,b1c18dcc5,8時間24分,1,134,134.0,0,0,0.266,0.75,0.35,0.36,あと3日,https://detail.chiebukuro.yahoo.co.jp/qa/question_detail/q14324905669,河合塾の全統共通テスト高2模試について質問です。 上記の模試を申し込んだのですが、その際に国語と英語の試験だけを受けるような形で申し込んでしまいました。 志望校は国語、英語、社会1科目の3教科必要なの...,0,0
2299,2026/2/1 18:57,ドラゴンクエスト,非公開,8時間24分,2,17,8.5,0,3,0.034,11.76,0.0,0.41,あと3日,https://detail.chiebukuro.yahoo.co.jp/qa/question_detail/q12324905667,ドラクエで一番可愛いと思うモンスターは誰ですか？,0,0
2300,2026/2/1 18:57,邦楽,アクア,8時間24分,17,112,6.6,0,0,0.222,15.18,0.01,1.9,あと3日,https://detail.chiebukuro.yahoo.co.jp/qa/question_detail/q11324905666,【ハイ◯◯】から、思い浮かぶ１曲を教えて下さい♪︎ 文字数は自由、ジャンル問いません。,0,0
2301,2026/2/1 18:57,メイク、コスメ,b7bc2a055,8時間24分,1,7,7.0,0,0,0.014,14.29,0.0,0.11,あと3日,https://detail.chiebukuro.yahoo.co.jp/qa/question_detail/q14324905664,舞台メイク？のファンデーションの色がめっちゃ暗いのはなぜですか？？,0,0
2302,2026/2/1 18:57,携帯型ゲーム全般,fgtkeisidii,8時間24分,2,26,13.0,0,0,0.051,7.69,0.01,0.25,あと3日,https://detail.chiebukuro.yahoo.co.jp/qa/question_detail/q10324905665,鳴潮について質問です。 現在PUのオーガスタユーノを引くかエイメスを引くか迷っています。どちらを引くのがおすすめか教えてください。 今持ってる星五キャラは ヴェリーナ、千咲、フローヴァ、アンコのみで、...,0,0
2303,2026/2/1 18:57,アニメ,vqv********,8時間25分,3,11,3.7,0,0,0.022,27.27,0.0,0.32,あと3日,https://detail.chiebukuro.yahoo.co.jp/qa/question_detail/q12324905662,アニメや舞台のグッズを売りたいです。 アニメ『ヘタリア』や舞台（2.5次元）のワールドトリガーなどのグッズを高めに買ってくれるところはありますでしょうか？ らしんばん川越、らしんばん大宮、駿河屋大宮 ...,0,0
2304,2026/2/1 18:57,物理学,1252938431,8時間25分,1,19,19.0,0,0,0.038,5.26,0.01,0.14,あと3日,https://detail.chiebukuro.yahoo.co.jp/qa/question_detail/q11324905661,大学入試物理において、うなりの振動数を答える際に、一目では正負が分からないものは絶対値を付けたまま答えても良いのでしょうか。 この疑問が生じた問題は東大物理2024第3問Ⅱ(3)です。,0,0
2305,2026/2/1 18:57,大学受験,1051943377,8時間25分,2,22,11.0,0,0,0.044,9.09,0.0,0.24,あと3日,https://detail.chiebukuro.yahoo.co.jp/qa/question_detail/q14324905659,昭和女子大学の総合情報学部の2つの学科両方とも合格を頂いたのですがどちらに行くか決めかねています。それぞれの学科の特徴や学ぶ内容を教えていただけませんか？,0,0
2306,2026/2/1 18:57,妊娠、出産,ほみ,8時間25分,2,26,13.0,0,0,0.051,7.69,0.01,0.25,あと3日,https://detail.chiebukuro.yahoo.co.jp/qa/question_detail/q10324905660,妊娠糖尿病って、どのくらい食べすぎてたり偏った食事だとなるんでしょうか…？ 毎日甘いもの食べてたらやばいとか、野菜を一日一回も食べないとやばいとか２日連続マックだとやばいとかありますか？ 次の妊婦健診...,0,0
2307,2026/2/1 18:57,恋愛相談、人間関係の悩み,pjv********,8時間25分,0,0,0.0,0,0,0.0,0.0,0.0,0.0,あと3日,https://detail.chiebukuro.yahoo.co.jp/qa/question_detail/q13324905658,女性に質問です 自分は男でほっぺを触りながら可愛い～と言ってくる女の子がいるんですけどどういう心理なんでしょうか 酔うと可愛いと言う発言が増えたりボディタッチも増えます,0,0
2308,2026/2/1 18:57,パソコン,mec********,8時間25分,1,38,38.0,0,0,0.075,2.63,0.03,0.17,あと3日,https://detail.chiebukuro.yahoo.co.jp/qa/question_detail/q12324905657,コレってやばいやつですか？ 似たようなものがいくつかあるんですが、、、,0,0
2309,2026/2/1 18:57,プレイステーション4,xww********,8時間25分,1,4,4.0,0,0,0.008,25.0,0.0,0.11,あと3日,https://detail.chiebukuro.yahoo.co.jp/qa/question_detail/q11324905656,PS5のプレイステーションネットワークにサインインできません。どうすればいいでしょうか?,0,0
2310,2026/2/1 18:57,職業,a864bbb7e,8時間25分,4,14,3.5,0,2,0.028,28.57,0.0,0.54,あと3日,https://detail.chiebukuro.yahoo.co.jp/qa/question_detail/q10324905655,高一女子です。警察官目指してます。大学に進学してからなりたいんですが、警察官になるために有利な学科とかありますか？ あと警察官になるためにはシャトルラン63回くらい、腕立てとかできないままじゃダメです...,0,0
2311,2026/2/1 18:57,アルバイト、フリーター,1152647448,8時間25分,0,1,1.0,0,0,0.002,0.0,0.0,0.0,あと3日,https://detail.chiebukuro.yahoo.co.jp/qa/question_detail/q14324905654,焼き鳥工房のバイトについて質問です！ 私は焼き鳥工房のバイトに応募しようと考えているのですが、具体的にどんなことをするんですか！,0,0
2312,2026/2/1 18:57,大学受験,ab72e9e04,8時間25分,0,5,5.0,0,0,0.01,0.0,0.0,0.01,あと3日,https://detail.chiebukuro.yahoo.co.jp/qa/question_detail/q13324905653,赤本の解説と全国大学入試問題正解ってどっちのほうが解説詳しいと思います？正直、赤本には辟易としてるんですが…ちなみに青本は出されていない大学なんです,0,0
2313,2026/2/1 18:57,大学受験,椎名,8時間25分,0,6,6.0,0,0,0.012,0.0,0.0,0.01,あと3日,https://detail.chiebukuro.yahoo.co.jp/qa/question_detail/q12324905652,中高一貫校2年です。4年（高1）から選択科目になるので、それなりに大学の方向性を決めておかなければいけません。しかし、特になりたいものはなく得意科目も文理バラバラです。 将来ってどんなふうに決めたらい...,0,0
2314,2026/2/1 18:57,福祉、介護,bb1********,8時間25分,3,22,7.3,0,0,0.044,13.64,0.0,0.34,あと3日,https://detail.chiebukuro.yahoo.co.jp/qa/question_detail/q14324905649,生活保護4人家族の支給額は月に21万から28万らしいが、生活保護受けてない人いわゆる働いてる4人家族の1ヶ月平均収入は45万です。 なんと24万の開きがあるんですが生活保護4人家族の支給21万から28...,0,0
2315,2026/2/1 18:57,ドラゴンクエスト,非公開,8時間25分,2,10,5.0,0,3,0.02,20.0,0.0,0.39,あと3日,https://detail.chiebukuro.yahoo.co.jp/qa/question_detail/q11324905646,ドラクエで一番ストーリーが好きな作品はなんですか？,0,0
2316,2026/2/1 18:57,家族関係の悩み,非公開,8時間25分,6,115,19.2,0,0,0.227,5.22,0.04,0.82,あと3日,https://detail.chiebukuro.yahoo.co.jp/qa/question_detail/q13324905648,【至急】夫がいるのに元彼と不倫しちゃっています 結婚前に付き合っていた元彼のことが今でも好きで定期的に会ってエッチしちゃっています。彼のことを愛していると思います。 でも経済的安定を求めて結婚した今の...,0,0
2317,2026/2/1 18:57,病気、症状,楓,8時間25分,2,66,33.0,0,1,0.13,3.03,0.04,0.39,不明,https://detail.chiebukuro.yahoo.co.jp/qa/question_detail/q12324905647,足の指の先が腫れています。 10本中8本爪の下あたりが腫れていて、痒かったり、押すと少しだけ痛みを感じます。 数本、第二関節まで赤くなっています。 病院に行く時間があまりないのですが、何の病気かわかり...,0,0
2318,2026/2/1 18:57,恋愛相談、人間関係の悩み,nab********,8時間25分,1,6,6.0,0,0,0.012,16.67,0.0,0.11,あと3日,https://detail.chiebukuro.yahoo.co.jp/qa/question_detail/q14324905644,女性にノコノコついて行ったらぼったくりバーというケースはありますか？,0,0
2319,2026/2/1 18:57,スマホアプリ,るんるん,8時間26分,0,1,1.0,0,0,0.002,0.0,0.0,0.0,あと3日,https://detail.chiebukuro.yahoo.co.jp/qa/question_detail/q10324905645,チャットGPTについての質問です iPhoneのアプリで使用しています AIなどの知識は全然ないので説明が理解できなかったらすみません 無料版を使っています チャットgptでストーリーを作って外に出さ...,0,0
2320,2026/2/1 18:57,メルカリ,非公開,8時間26分,1,20,20.0,0,0,0.04,5.0,0.01,0.14,あと3日,https://detail.chiebukuro.yahoo.co.jp/qa/question_detail/q12324905642,出品タブを押下すると販売タイプがオークション形式になってしまいます。 通常の出品にしたいのですが自分が間違えていらん事をしてしまったのでしょうか？戻る方法を教えてほしいです。,0,0
2321,2026/2/1 18:57,恋愛相談、人間関係の悩み,ID非公開超信者たん,8時間26分,3,66,22.0,0,0,0.13,4.55,0.03,0.43,あと3日,https://detail.chiebukuro.yahoo.co.jp/qa/question_detail/q13324905643,初デート誘うならLINEか直接どちらがいいと思いますか？,0,0
2322,2026/2/1 18:57,Amazon,T.Kunii-Shin-K,8時間26分,0,2,2.0,0,0,0.004,0.0,0.0,0.0,あと3日,https://detail.chiebukuro.yahoo.co.jp/qa/question_detail/q14324905639,アマゾン USAで、購入したのですが 9日たっても、発送のメールが来ません。 通常、何日ほどかかりますか・・・,0,0
2323,2026/2/1 18:57,キャンプ、バーベキュー,ha_********,8時間26分,6,49,8.2,0,0,0.097,12.24,0.01,0.69,あと3日,https://detail.chiebukuro.yahoo.co.jp/qa/question_detail/q13324905638,キャンプで薪ストーブは何時から何時までですか？ キャンプ初心者です。 キャンプ場で配られる紙などに焚き火やクワイエットタイムについては何時から何時まで、と書いてあることが多いのでが薪ストーブの時間が見...,0,0
2324,2026/2/1 18:57,恋愛相談、人間関係の悩み,非公開,8時間26分,1,8,8.0,0,0,0.016,12.5,0.0,0.11,あと3日,https://detail.chiebukuro.yahoo.co.jp/qa/question_detail/q12324905637,気遣いができる人って具体的にどういう行動・発言をしますか？,0,0
2325,2026/2/1 18:57,飛行機、空港,ボンゴフレンディと黒塗りの高級車,8時間26分,3,53,17.7,0,0,0.105,5.66,0.02,0.4,あと3日,https://detail.chiebukuro.yahoo.co.jp/qa/question_detail/q11324905636,これから810時間のフライト貴方なら何処に座る？,0,0
2326,2026/2/1 18:57,観光地、行楽地,1150148010,8時間26分,1,10,10.0,0,0,0.02,10.0,0.0,0.12,あと3日,https://detail.chiebukuro.yahoo.co.jp/qa/question_detail/q10324905635,淡路島で鯛しゃぶを食べるならどこが良いですか？,0,0
2327,2026/2/1 18:56,大学,mwz********,8時間27分,1,13,13.0,0,0,0.026,7.69,0.0,0.12,あと3日,https://detail.chiebukuro.yahoo.co.jp/qa/question_detail/q14324905634,人の卒業論文をほとんどってか全部書いてるんですけど、これって証拠も含めて本人じゃない人が書いたってバラしたらどうなりますか？留年ですか？,0,0
2328,2026/2/1 18:56,ドラム、打楽器,kak********,8時間27分,2,79,39.5,0,0,0.156,2.53,0.06,0.35,あと3日,https://detail.chiebukuro.yahoo.co.jp/qa/question_detail/q13324905633,地元のカラオケ店にあるライブスタジオで、ドラムの練習をしたいのでのですが 曲を再生しながらやりたいので定員さんに聞いたら、携帯からUSB端子ケーブルをミキサーに接続すれば行けるそうです。 但し普通の充...,0,0
2329,2026/2/1 18:56,釣り,jyq********,8時間27分,3,100,33.3,0,5,0.197,3.0,0.07,0.79,あと3日,https://detail.chiebukuro.yahoo.co.jp/qa/question_detail/q12324905632,ダイワはモノコックボディだからギアをデカくできるのでタフで剛性が高いときいたのですが、セルテートのlt5000cxhや4000xh、イグジストの4000cxhって3000ボディですよね？ そこに比較に...,0,0
2330,2026/2/1 18:56,ホテル、旅館,jaw********,8時間27分,4,33,8.2,0,0,0.065,12.12,0.01,0.46,あと3日,https://detail.chiebukuro.yahoo.co.jp/qa/question_detail/q11324905631,旅館のおすすめを教えてください。 家族４人（夫婦、子ども５歳と１歳）、１歳の子どものお祝い目的で旅行に行こうと思います。 以下の条件で、良い宿を探しています。 ご存知の方いましたらご教示ください。 優...,0,0
2331,2026/2/1 18:56,自動車,Id非公開,8時間27分,1,20,20.0,0,0,0.039,5.0,0.01,0.14,あと3日,https://detail.chiebukuro.yahoo.co.jp/qa/question_detail/q10324905630,くるまのニュースは非常に質の悪い記事が多くないですか？ 挙げられる例としては以下のものがあります。 ・中古の高級車が新車の大衆車よりも安い →中古車であれば安くなる可能性あるのは当然です。 ・海外専売...,0,0
2332,2026/2/1 18:56,携帯型ゲーム全般,totoseg,8時間27分,0,5,5.0,0,0,0.01,0.0,0.0,0.01,あと3日,https://detail.chiebukuro.yahoo.co.jp/qa/question_detail/q14324905629,大至急！ 来シーズンからブロスタのトップランカーって消えるんですか？消える理由も知りたいです！,0,0
2333,2026/2/1 18:56,移住、田舎暮らし,****************,8時間28分,1,16,16.0,0,0,0.031,6.25,0.0,0.13,あと3日,https://detail.chiebukuro.yahoo.co.jp/qa/question_detail/q13324905628,日本中どこでも移住できるならどこがいいですか？ 理由もお願いします。,0,0
2334,2026/2/1 18:56,ポケットモンスター,ファジ、カマサポ,8時間28分,0,15,15.0,0,0,0.03,0.0,0.0,0.03,あと3日,https://detail.chiebukuro.yahoo.co.jp/qa/question_detail/q12324905627,今日ポケモンGOしてたらおこうたいて一分後にフリーザ(にげられました)でてその4分後に色違いサンダーでたのですがその確率はいくらぐらいでしょうか？,0,0
2335,2026/2/1 18:56,飲食店,mot********,8時間28分,1,4,4.0,0,0,0.008,25.0,0.0,0.11,あと3日,https://detail.chiebukuro.yahoo.co.jp/qa/question_detail/q10324905625,焼肉屋で厚切りタンの場合にはハサミで焼いた後にカットしてますか？,0,0
2336,2026/2/1 18:56,職場の悩み,1151270781,8時間28分,1,4,4.0,0,0,0.008,25.0,0.0,0.11,あと3日,https://detail.chiebukuro.yahoo.co.jp/qa/question_detail/q11324905626,退職代行ヤメルについて。 支払い方法は何がありますか？ また、、前払い制ですか？,0,0
2337,2026/2/1 18:56,病気、症状,1251879059,8時間28分,0,6,6.0,1,0,0.012,0.0,0.0,0.21,あと3日,https://detail.chiebukuro.yahoo.co.jp/qa/question_detail/q14324905624,子供の首や肩にこのような引っ掻き傷があります。 12月下旬から謎の引っ掻き傷ができ始め 今になるまで全然傷が埋まりません。 しかも最初の頃より増えてます… おかしいのが普通の引っ掻き傷なら 瘡蓋っぽく...,0,0
2338,2026/2/1 18:56,K-POP、アジア,bc4a43133,8時間28分,0,22,22.0,0,0,0.043,0.0,0.0,0.04,あと3日,https://detail.chiebukuro.yahoo.co.jp/qa/question_detail/q13324905623,最近ILITを好きになったものです。アイリットファンの皆さんにお聞きしたいことがあります。 ・グッズなどはかなりの争奪戦なのか ・グッズなどの情報はどこから手に入れることができるのか（大変申し訳ないの...,0,0
2339,2026/2/1 18:56,病気、症状,九龍行きたい,8時間28分,0,1,1.0,0,0,0.002,0.0,0.0,0.0,あと3日,https://detail.chiebukuro.yahoo.co.jp/qa/question_detail/q12324905622,泣きそうになるのを堪えると咽頭らへんがぐぐってなって、なんかモノがある感じで苦しくなるやつ、あれは何なんですか？ 他の人も質問していて、回答の多くにヒステリー球と書かれていますが、その解説をみても「な...,0,0
2340,2026/2/1 18:56,ローン,tri********,8時間28分,3,23,7.7,0,0,0.045,13.04,0.0,0.34,あと3日,https://detail.chiebukuro.yahoo.co.jp/qa/question_detail/q11324905621,借金についての質問です。 現在、カードローンで借金が残っているのですが、同じ銀行からカードローンではなく借入をすることは可能でしょうか？理由としては生活費が苦しいためです。,0,0
2341,2026/2/1 18:56,シニアライフ、シルバーライフ,翠,8時間28分,0,26,26.0,0,0,0.051,0.0,0.0,0.05,あと3日,https://detail.chiebukuro.yahoo.co.jp/qa/question_detail/q14324905619,自分に関わりがない人物なら、その人のいわゆる悪態や悪行を見ても、娑婆だなとわりと冷静な見方で見ることができるのに、事が自分の及ぶとそういう冷静な見方ができなくなってしまいます。 このことをあなたはどの...,0,0
2342,2026/2/1 18:56,YouTube,c9d264eb9,8時間28分,0,5,5.0,0,0,0.01,0.0,0.0,0.01,あと3日,https://detail.chiebukuro.yahoo.co.jp/qa/question_detail/q13324905618,写真にあるあるように予備の支払い方法でマスターカードがあります。先ほどYouTubeのメンバーシップに入る際、マスターカードで支払ったのですがこれはどこから後日請求されますか？登録してある銀行ですか？,0,0
2343,2026/2/1 18:56,病院、検査,ルッコラー,8時間28分,3,18,6.0,0,0,0.035,16.67,0.0,0.33,あと3日,https://detail.chiebukuro.yahoo.co.jp/qa/question_detail/q12324905617,献血がどんな感じか教えてください！ 何気なく見かける駅前の献血バス。いつも時間がなくて通り過ぎていますが来週時間があるので献血してみようと思います。20代前半男O型です。献血はこれまでした事ないので色...,0,0
2344,2026/2/1 18:56,気象、天気,名前無い,8時間28分,1,13,13.0,1,0,0.026,7.69,0.0,0.32,あと3日,https://detail.chiebukuro.yahoo.co.jp/qa/question_detail/q11324905616,最近黄砂また降りましたか？車が黄色く汚れてます。九州です。 先日の1月18日以前に黄砂が降ったので18日に洗車したのですが、また車に黄色い砂汚れがついています。,0,0
2345,2026/2/1 18:56,携帯型ゲーム全般,ac2a277cd,8時間28分,1,10,10.0,0,0,0.02,10.0,0.0,0.12,あと3日,https://detail.chiebukuro.yahoo.co.jp/qa/question_detail/q12324905612,ブロスタについての質問です。今育てるならなんのキャラがいいですかね？ 候補は、ガス、シェイド、スクウィーク、リコです。ガス、シェイド、リコはハイチャ持ってて、スクウィークはハイチャ持ってません。誰を育...,0,0
2346,2026/2/1 18:56,ゲーム,b736f3b5c,8時間28分,0,6,6.0,0,0,0.012,0.0,0.0,0.01,あと3日,https://detail.chiebukuro.yahoo.co.jp/qa/question_detail/q13324905613,フォトナのコンテンツビーコンエラーについて質問です(Switch有機です) 今日弟のSwitchでフォトナのブレインロットだけに入らなくなりコンテンツビーコンエラーと出てきます再起動も別のゲームにして...,0,0
2347,2026/2/1 18:56,携帯型ゲーム全般,鈴,8時間28分,1,20,20.0,0,0,0.039,5.0,0.01,0.14,あと3日,https://detail.chiebukuro.yahoo.co.jp/qa/question_detail/q11324905611,アークナイツについて質問です 12ー19が画像の編成でやってクリアできません…… 借りた方がいいキャラ、攻略配置など出来れば記載して欲しいです……！お願いします,0,0
2348,2026/2/1 18:56,大学受験,a78850664,8時間28分,2,28,14.0,0,0,0.055,7.14,0.01,0.25,不明,https://detail.chiebukuro.yahoo.co.jp/qa/question_detail/q14324905609,阪大文系数学についてです 青チャートの次が必要な場合なににすればいいですか？ よく話に出てくるのは 文系青 理系プラチカ 文系プラチカ だと思いますが、どれがお勧めですか?,0,0
2349,2026/2/1 18:56,プレイステーション4,野獣,8時間29分,0,4,4.0,0,0,0.008,0.0,0.0,0.01,あと3日,https://detail.chiebukuro.yahoo.co.jp/qa/question_detail/q11324905606,ARKについて質問です。 ブルードマザー、メガピテクス（ベータ）を倒すのにはレックスのステータスどのくらい必要でしょうか？,0,0
2350,2026/2/1 18:56,オーディオ,a36608b38,8時間29分,1,24,24.0,0,1,0.047,4.17,0.01,0.2,あと3日,https://detail.chiebukuro.yahoo.co.jp/qa/question_detail/q10324905605,iMacから2つのスピーカーを同時に鳴らしたくて画像のアダプターを使う予定なのですが、やはり音質は劣化するものなのでしょうか？,0,0
2351,2026/2/1 18:56,郵便、宅配,ツブシ,8時間29分,2,14,7.0,0,0,0.027,14.29,0.0,0.22,あと3日,https://detail.chiebukuro.yahoo.co.jp/qa/question_detail/q14324905604,遠距離中の彼氏がいます バレンタインでチョコをあげたいのですが、距離があるため郵送になってしまいます タルトを作ろうと思っているのですが、タルトはクール便で送れば何日持ちますか？ チョコとアラザン、チ...,0,0
2352,2026/2/1 18:56,ダイエット,非公開,8時間29分,6,21,3.5,0,0,0.041,28.57,0.0,0.63,あと3日,https://detail.chiebukuro.yahoo.co.jp/qa/question_detail/q13324905603,胸を残しつつ痩せる方法,0,0
2353,2026/2/1 18:56,カスタマイズ,qnk********,8時間29分,2,29,14.5,0,1,0.057,6.9,0.01,0.31,あと3日,https://detail.chiebukuro.yahoo.co.jp/qa/question_detail/q12324905602,ジムニーノマドのアイボリーを注文予定ですが、ルーフの黒色をアイボリー色にしたいのですが、塗装でなくラッピングする方法はありますか？その際、価格は塗装と比べてどうなりますか？ （軽蔑や誹謗中傷コメントは...,0,0
2354,2026/2/1 18:56,ライブ、コンサート,ce3f054d9,8時間29分,1,21,21.0,0,0,0.041,4.76,0.01,0.14,あと3日,https://detail.chiebukuro.yahoo.co.jp/qa/question_detail/q11324905601,チケットぴあで第1希望だけを申し込んだ場合と第1希望と第2希望両方申し込んだ場合ではどちらの方が当たりやすいですか？,0,0
2355,2026/2/1 18:56,男性アイドル,be23fab0,8時間29分,1,79,79.0,0,0,0.155,1.27,0.12,0.25,不明,https://detail.chiebukuro.yahoo.co.jp/qa/question_detail/q10324905600,M!lkの特典会についてお伺いしたいです。 この期間抽選っていうのはいつ頃結果がわかるんですか？ 『先着販売で1部と4部を購入された方、並びに 2・3・5・6部の各選された方にのみ、【東京会場】202...,0,0
2356,2026/2/1 18:56,Windows 10,b4ea69e95,8時間29分,1,10,10.0,0,0,0.02,10.0,0.0,0.12,あと3日,https://detail.chiebukuro.yahoo.co.jp/qa/question_detail/q14324905599,誰かこれを治す方法を知っていますか？ PC Windows11 Chrome、Edgeなど全てのサイトこの現象 かれこれ1、2週間はこの状態 このサイトのみ リロード、キャッシュの削除全て試しました ...,0,0
2357,2026/2/1 18:56,ライブ、コンサート,きん,8時間29分,1,67,67.0,1,0,0.131,1.49,0.09,0.43,あと3日,https://detail.chiebukuro.yahoo.co.jp/qa/question_detail/q13324905598,至急お願いします！！ ジャニーズの一般チケットが取れたのですが、ライブ翌日に大事な予定が入ってしまい、行けなくなってしまったため、友人に譲渡することにしました。 現在、チケットの支払いはまだしておらず...,0,0
2358,2026/2/1 18:56,ドラゴンクエスト,非公開,8時間29分,3,14,4.7,0,6,0.027,21.43,0.0,0.67,あと3日,https://detail.chiebukuro.yahoo.co.jp/qa/question_detail/q12324905597,ドラクエで一番好きなキャラクターは誰ですか？,0,0
2359,2026/2/1 18:56,男性アイドル,77294773,8時間29分,2,26,13.0,0,4,0.051,7.69,0.01,0.48,あと3日,https://detail.chiebukuro.yahoo.co.jp/qa/question_detail/q11324905596,NEWSのファンの方々に質問です！私は高校一年生で、今度増田貴久さんのライブに行こうと思うのですが一人で行って浮いちゃいますか？>_<(ちなみに学校帰りに行くつもりで制服です！) また事前にSNSなど...,0,0
2360,2026/2/1 18:56,就職活動,1251476165,8時間29分,3,32,10.7,0,1,0.063,9.38,0.01,0.42,あと3日,https://detail.chiebukuro.yahoo.co.jp/qa/question_detail/q10324905595,新卒就活についてです。stars文系学部の1年です。starsみたいな下位国立大学が東京で就活する上で不利になる点としては何がありますか？また、下位国立大学だと学歴フィルターにひっかかりますか？ 学歴...,0,0
2361,2026/2/1 18:56,デジタル一眼レフ,1150602910,8時間29分,1,19,19.0,1,0,0.037,5.26,0.01,0.33,あと3日,https://detail.chiebukuro.yahoo.co.jp/qa/question_detail/q14324905594,https://amzn.asia/d/1ZNAWNh これはSONYα7vに使えるのでしょうか？,0,0
2362,2026/2/1 18:55,恋愛相談,非公開,8時間30分,4,56,14.0,0,6,0.11,7.14,0.02,0.85,あと3日,https://detail.chiebukuro.yahoo.co.jp/qa/question_detail/q11324905591,同棲していた元彼がいた女性と結婚できますか？私は無理ですね。婚姻届とか出していなかっただけで実質離婚歴あり（バツ付き）と変わらないので。 ただの彼女までならいいけど。,0,0
2363,2026/2/1 18:55,決済、ポイントサービス,cf4b587f1,8時間30分,1,16,16.0,0,0,0.031,6.25,0.0,0.13,不明,https://detail.chiebukuro.yahoo.co.jp/qa/question_detail/q12324905592,至急です! 大宮のステーショナリー雄飛の店頭での決済方法を教えてください! また、PayPayやクレジットカード決済(クイックペイ)は使えるのでしょうか?,0,0
2364,2026/2/1 18:55,菓子、スイーツ,非公開,8時間31分,3,13,4.3,0,9,0.025,23.08,0.0,0.85,あと3日,https://detail.chiebukuro.yahoo.co.jp/qa/question_detail/q10324905590,今川焼はなぜそういうのでしょうか？,0,0
2365,2026/2/1 18:55,iPhone,1152545316,8時間31分,0,21,21.0,0,0,0.041,0.0,0.0,0.04,あと3日,https://detail.chiebukuro.yahoo.co.jp/qa/question_detail/q14324905589,今日トリッカルというゲームに課金したんですが「iTunes Store では、現在アイテムのご購入を処理できません。 しばらくたってからもう一度お試しください」って出てきて課金アイテムを獲得出来なかっ...,0,0
2366,2026/2/1 18:55,英語,1252854032,8時間31分,2,50,25.0,0,0,0.098,4.0,0.02,0.29,あと3日,https://detail.chiebukuro.yahoo.co.jp/qa/question_detail/q13324905588,英語ができません 中学生くらいまでは得意だった記憶があるのですが今は全くです 中2で英検二級を取得してすごく周囲から褒められたのですが準一級から全く歯が立たなくなりそこからズルズル引きずって現在大学1...,0,0
2367,2026/2/1 18:55,大学受験,aa0135289,8時間31分,2,106,53.0,0,1,0.207,1.89,0.11,0.46,あと3日,https://detail.chiebukuro.yahoo.co.jp/qa/question_detail/q12324905587,今日拓殖大学の全学部がありました。 英語は7割取れてるんですけど国語が難しくていつも5〜6割だったのに3割でした。商学部経営学科は受かる可能性はありますか？,0,0
2368,2026/2/1 18:55,大学受験,vdr********,8時間31分,2,103,51.5,0,1,0.201,1.94,0.1,0.45,あと3日,https://detail.chiebukuro.yahoo.co.jp/qa/question_detail/q11324905586,成成明学独国武、日東駒専の経済学部入学したい順に並べてください。 成蹊 成城 明治学院、武蔵 国学院 東洋 日大、東洋、専修 獨協,0,0
2369,2026/2/1 18:55,ニュース、事件,非公開ID,8時間31分,6,31,5.2,0,6,0.061,19.35,0.0,1.0,あと3日,https://detail.chiebukuro.yahoo.co.jp/qa/question_detail/q10324905585,最近ガソリンスタンドが減っていませんか,0,0
2370,2026/2/1 18:55,アニメ,M,8時間31分,2,17,8.5,0,0,0.033,11.76,0.0,0.23,あと3日,https://detail.chiebukuro.yahoo.co.jp/qa/question_detail/q14324905584,アニメ探してます！ 男の子が寝っ転がってました。 女の子がいたような気がします。 男の子は装備をつけてたような気がします。 ファンタジー系です。 情報が少なくてすみません。 みたことないです。 すみま...,0,0
2371,2026/2/1 18:55,Yahoo!知恵袋,*********,8時間31分,0,12,12.0,1,0,0.023,0.0,0.0,0.22,あと3日,https://detail.chiebukuro.yahoo.co.jp/qa/question_detail/q13324905583,それはおかしく無いですか？ 質問は変な事聞いたって自由で何の問題も無いですよね 回答は参考にならないものや間違ったことを書くのは迷惑行為ですよね これを混同してしまうのはいかがなものでしょうか？,0,0
2372,2026/2/1 18:55,大学受験,梅干し,8時間31分,4,30,7.5,0,0,0.059,13.33,0.0,0.45,あと3日,https://detail.chiebukuro.yahoo.co.jp/qa/question_detail/q12324905582,たくさんの回答待ってます 大学で工学部に行こうと思ってます。でも、できる限り現場仕事のある職業を避けたいと思っていて、何学科がいいと思いますか？情報工学以外でお願いします。,0,0
2373,2026/2/1 18:55,芸能人,c16798472,8時間31分,1,25,25.0,0,1,0.049,4.0,0.01,0.2,不明,https://detail.chiebukuro.yahoo.co.jp/qa/question_detail/q14324905579,M!LKのツーショ会って赤文字出たらもう確実に買えないのでしょうか？,0,0
2374,2026/2/1 18:55,高校数学,c65641547,8時間31分,6,42,7.0,0,0,0.082,14.29,0.01,0.67,あと3日,https://detail.chiebukuro.yahoo.co.jp/qa/question_detail/q13324905578,高校数学って中学数学と比にならない位難しいですか？,0,0
2375,2026/2/1 18:55,これ、探してます,1252923416,8時間31分,1,9,9.0,0,1,0.018,11.11,0.0,0.17,あと3日,https://detail.chiebukuro.yahoo.co.jp/qa/question_detail/q11324905576,ルブタンみたいなトゲってどこに売ってますか？トゲだけが欲しいです,0,0
2376,2026/2/1 18:55,高校受験,非公開,8時間31分,1,5,5.0,0,1,0.01,20.0,0.0,0.17,あと3日,https://detail.chiebukuro.yahoo.co.jp/qa/question_detail/q10324905575,北海道駒苫に一般入試総合進学コース内申241点で受けます。300点中何点で受かりますか？,0,0
2377,2026/2/1 18:55,予備校、進学塾,きのみ,8時間31分,4,24,6.0,0,0,0.047,16.67,0.0,0.44,あと3日,https://detail.chiebukuro.yahoo.co.jp/qa/question_detail/q12324905577,塾の先生ってものすごく大変だと思いませんか？？ 夜遅いし、小学生から中学生まで何十人もみないといけなくて、一人一人の面談などもあるのですごく大変そうだなーと思っていつも見ているのですが、しんどくないん...,0,0
2378,2026/2/1 18:55,ネコ,1152112842,8時間31分,0,11,11.0,0,0,0.021,0.0,0.0,0.02,あと3日,https://detail.chiebukuro.yahoo.co.jp/qa/question_detail/q14324905574,二日間猫に留守番させたら 鍋つゆキュービック旨塩チキンをばらまき 保冷剤も1袋中身を出してありました 一カ所フードを形のまま嘔吐 二カ所に液状を嘔吐 明日受診したほうがよいでしょうか？ 元気食欲はあり...,0,0
2379,2026/2/1 18:55,政治、社会問題,非公開,8時間31分,2,28,14.0,0,10,0.055,7.14,0.01,0.83,あと3日,https://detail.chiebukuro.yahoo.co.jp/qa/question_detail/q13324905573,【至急】自民党や参政党の憲法改正案のような国民から【国民主権と基本的人権を剥奪する】ような内容ならば現行憲法のままでいいと思いますがどう思いますか？,0,0
2380,2026/2/1 18:55,Visual Basic,mof********,8時間31分,3,67,22.3,0,0,0.131,4.48,0.03,0.42,あと3日,https://detail.chiebukuro.yahoo.co.jp/qa/question_detail/q12324905572,VBAについて質問です。 一番上に見出し行、A列にコード、B列に品名、C列に数量のシートがコード順にソートされた状態であります。コードごとに小計を出し、改ページしたいのですが、なかなか上手くいきません...,0,0
2382,2026/2/1 18:55,健康、病気、病院,1574********,8時間32分,0,3,3.0,0,0,0.006,0.0,0.0,0.01,あと3日,https://detail.chiebukuro.yahoo.co.jp/qa/question_detail/q10324905570,シナモンを毎日摂取している人いますか？ 何の為に飲んでますか？ 効果ありますか？,0,0
2383,2026/2/1 18:55,バイク,さゆ,8時間32分,9,91,10.1,0,4,0.178,9.89,0.02,1.29,あと3日,https://detail.chiebukuro.yahoo.co.jp/qa/question_detail/q14324905569,誰でもいいのでお答え頂けたら嬉しいです！ 彼氏が車やバイクを運転できるとかっこいいですか！ それと、運転できるのとできないのはどちらの方が良いですか！ ご回答たくさんお待ちしております！,0,0
2384,2026/2/1 18:55,読書,こんにちは世界の国からこんにちは,8時間32分,3,54,18.0,0,2,0.105,5.56,0.02,0.51,あと3日,https://detail.chiebukuro.yahoo.co.jp/qa/question_detail/q13324905568,故落合信彦氏の著書で、おすすめってありますか？,0,0
2385,2026/2/1 18:55,恋愛相談、人間関係の悩み,ran********,8時間32分,1,11,11.0,0,0,0.021,9.09,0.0,0.12,あと3日,https://detail.chiebukuro.yahoo.co.jp/qa/question_detail/q12324905567,皆さんは何歳で結婚しましたか？ また、もっと早くorもっと遅く結婚すれば良かったと思うことはありますか？,0,0
2386,2026/2/1 18:55,プロ野球,c28633025,8時間32分,2,17,8.5,0,0,0.033,11.76,0.0,0.23,あと3日,https://detail.chiebukuro.yahoo.co.jp/qa/question_detail/q10324905565,今回のWBCって勝てるのでしょうか？ まだ全選手決まったわけではないですが前回と比べて少し不安に見えます。 皆さんの意見も聞かせて欲しいです,0,0
2387,2026/2/1 18:55,病気、症状,1151971068,8時間32分,4,36,9.0,0,2,0.07,11.11,0.01,0.58,あと3日,https://detail.chiebukuro.yahoo.co.jp/qa/question_detail/q11324905566,至急です！工場のライン作業勤務してる女子です トイレが近く2時間ほどで行きたくなります 膀胱を大きくする方法ってありますか？ 工場だから流れ作業なので行きたくなったら どうしようって気持ちからきてるも...,0,0
2388,2026/2/1 18:55,カフェ、喫茶,チ。ーチキンナゲットについてー,8時間32分,1,5,5.0,0,0,0.01,20.0,0.0,0.11,あと3日,https://detail.chiebukuro.yahoo.co.jp/qa/question_detail/q13324905563,安いカフェってどこですか？,0,0
2389,2026/2/1 18:55,Yahoo!オークション,非公開,8時間32分,2,61,30.5,0,5,0.119,3.28,0.04,0.61,あと3日,https://detail.chiebukuro.yahoo.co.jp/qa/question_detail/q11324905561,メルカリが売れなくて、ヤフオク、ヤフーフリマ、ラクマが売れています。なぜでしょうか？,0,0
2390,2026/2/1 18:55,恋愛相談、人間関係の悩み,wyb********,8時間32分,0,13,13.0,0,0,0.025,0.0,0.0,0.03,あと3日,https://detail.chiebukuro.yahoo.co.jp/qa/question_detail/q10324905560,男性に質問。彼氏がいるけど、転勤で半年以上会ってない男友達（同期）と2人で会うのっていけないことだと思いますか？ （彼氏できる前から2人で会ったりすることはあったとして、複数人で会おうとしたが予定が合...,0,0
2391,2026/2/1 18:55,音楽,非公開,8時間32分,0,17,17.0,0,0,0.033,0.0,0.0,0.03,あと3日,https://detail.chiebukuro.yahoo.co.jp/qa/question_detail/q14324905559,とある曲・音源を探しています。 約10年前YouTubeのノスタルジック系の bgmが好きで聴いており、 また聴きたくなり何度も探したのですが ありませんでした。 曲の歌詞はないのですが、あああ、ああ...,0,0
2392,2026/2/1 18:54,就職活動,sklton,8時間33分,0,1,1.0,0,0,0.002,0.0,0.0,0.0,あと3日,https://detail.chiebukuro.yahoo.co.jp/qa/question_detail/q13324905558,テストセンターの高得点指標が言語なら長文2題、非言語はcb2つ＋推論6割というのを聞いたことあるんですが言語は抜き出し6文字より言語長文2つのほうが高得点というのは本当なんですか？ どっちが本当なのか...,0,0
2393,2026/2/1 18:54,メガネ、サングラス,1252911992,8時間33分,0,9,9.0,0,0,0.018,0.0,0.0,0.02,あと3日,https://detail.chiebukuro.yahoo.co.jp/qa/question_detail/q12324905557,パリミキって昔ながらのバイフォーカルレンズありますか？小窓がついてるやつです,0,0
2394,2026/2/1 18:54,メイク、コスメ,vlc********,8時間33分,0,6,6.0,0,0,0.012,0.0,0.0,0.01,あと3日,https://detail.chiebukuro.yahoo.co.jp/qa/question_detail/q10324905555,看護学生の友達に誕生日プレゼントをしたいと考えています ひとつはホットアイマスクにしようと思っているのですが、もうひとつに悩んでいます。 イブサンローランのリップかSHIROのディフューザーのどちらが...,0,0
2395,2026/2/1 18:54,恋愛相談、人間関係の悩み,c7cbbccb6,8時間33分,0,12,12.0,0,0,0.023,0.0,0.0,0.02,あと3日,https://detail.chiebukuro.yahoo.co.jp/qa/question_detail/q14324905554,4年ほど付き合ってる彼氏がいます。 初めの2年は遠距離で、今は1週間に一度は会えるのですが、会って幸せを感じるのですが、離れたあと実家へ帰ったらすごい寂しくなって、不吉ですが、彼氏が死んだらどうしよう...,0,0
2396,2026/2/1 18:54,資格,1252864691,8時間34分,0,9,9.0,0,0,0.018,0.0,0.0,0.02,あと3日,https://detail.chiebukuro.yahoo.co.jp/qa/question_detail/q13324905553,医師，薬剤師，看護師等の国家試験は2月中に実施されますか。,0,0
2397,2026/2/1 18:54,インターネット接続,eve********,8時間34分,1,13,13.0,0,0,0.025,7.69,0.0,0.12,あと3日,https://detail.chiebukuro.yahoo.co.jp/qa/question_detail/q12324905552,至急回答お願いします。 WindowsのノートパソコンをWi-Fiで使いたいです。 パソコンを修理に出すために初期化したところ、Wi-Fiで使えなくなりました。 どこにもWi-Fiのマークがないです。...,0,0
2398,2026/2/1 18:54,病気、症状,hsh********,8時間34分,2,20,10.0,0,0,0.039,10.0,0.0,0.23,あと3日,https://detail.chiebukuro.yahoo.co.jp/qa/question_detail/q11324905551,2歳の子供が生焼けの豚肉を食べてしまいました。 ほんの一口でしたが気づいた時には飲み込んでました。 表面は焼けていたんですが、中がピンク色でした。 吐かせるべきですか？様子を見るべきですか？ 食中毒は...,0,0
2399,2026/2/1 18:54,大学受験,1151039282,8時間34分,2,9,4.5,0,0,0.018,22.22,0.0,0.21,あと3日,https://detail.chiebukuro.yahoo.co.jp/qa/question_detail/q14324905549,今日第一志望校の全学部日程だったのですが政治経済は見直したほうがいいですか？あと2回その学校を個別日程で受けます,0,0
2400,2026/2/1 18:54,Tカード,めぐろ,8時間34分,1,6,6.0,0,0,0.012,16.67,0.0,0.11,あと3日,https://detail.chiebukuro.yahoo.co.jp/qa/question_detail/q13324905548,6000円以内で買えるおすすめのスクバありませんか(Т T）,0,0
2401,2026/2/1 18:54,飲食店,b69a8f41,8時間34分,1,25,25.0,0,0,0.049,4.0,0.01,0.15,あと3日,https://detail.chiebukuro.yahoo.co.jp/qa/question_detail/q11324905546,くら寿司で隣の席の子供がビッくらポンを回したいと騒いでいたので自分のお皿を全て渡した、という投稿を見たのですが、この人は食べた分の料金を支払わずに帰ったということですよね？,0,0
2402,2026/2/1 18:54,ライブ、コンサート,ねりいも,8時間34分,1,22,22.0,0,0,0.043,4.55,0.01,0.14,あと3日,https://detail.chiebukuro.yahoo.co.jp/qa/question_detail/q10324905545,にじさんじのvachessのライブに当選したのですがペンライトを買えていません。今後販売されるタイミングなどありますか？,0,0
2403,2026/2/1 18:54,自動車,き,8時間34分,2,25,12.5,0,0,0.049,8.0,0.01,0.24,あと3日,https://detail.chiebukuro.yahoo.co.jp/qa/question_detail/q14324905544,車のナンバーを好きなアーティストの語呂合わせに変えようか迷ってます(割と有名なナンバーです)。ゾロ目ではありません。 ただ、自分が運転が下手くそな自覚があり、もしやらかした(事故りそうになったとか交差...,0,0
2404,2026/2/1 18:54,観光地、行楽地,pom********,8時間34分,2,35,17.5,0,0,0.068,5.71,0.01,0.26,あと3日,https://detail.chiebukuro.yahoo.co.jp/qa/question_detail/q13324905543,2月19日に初めて横浜中華街に行こうと思っているのですが混雑状況はどうですかね？ 平日でイベントは特にない日のようですが、春節の時期に少し被ってるので混んでないか心配です。,0,0
2405,2026/2/1 18:54,ポータブル音楽プレーヤー,c2613bf4d,8時間34分,1,29,29.0,0,3,0.056,3.45,0.02,0.33,不明,https://detail.chiebukuro.yahoo.co.jp/qa/question_detail/q12324905542,ワイヤレスイヤホンの着脱検知あり、なしを両方使った事ある方に質問です。 新しくワイヤレスイヤホンを買いたいのですが、着脱検知ありの機器から着脱検知無しの機器に変更しようと思っています。 ありから無しに...,0,0
2406,2026/2/1 18:54,税金,rsm********,8時間34分,2,38,19.0,1,0,0.074,5.26,0.01,0.46,不明,https://detail.chiebukuro.yahoo.co.jp/qa/question_detail/q11324905541,給与所得の源泉徴収票について質問があります。 イデコを積み立てている場合、社会保険料等の金額欄には、２段に分けて、イデコの掛金額が上段に記載されていますが、この社会保険料等の金額には、イデコの積立額も...,0,0
2407,2026/2/1 18:54,ライブ、コンサート,1252348445,8時間34分,2,16,8.0,0,0,0.031,12.5,0.0,0.22,あと3日,https://detail.chiebukuro.yahoo.co.jp/qa/question_detail/q10324905540,地下アイドル（女の子）のライブに一人で行こうと思ってる高校生女子です 行くのは初めてでグッズとか一つも持ってないのに行って白い目で見られないでしょうか？ Xとかでライブの集合写真とか見るとお客さんは皆...,0,0
2408,2026/2/1 18:54,病気、症状,b13b157b2,8時間34分,0,4,4.0,0,0,0.008,0.0,0.0,0.01,あと3日,https://detail.chiebukuro.yahoo.co.jp/qa/question_detail/q14324905539,これは内反小趾でしょうか？ 靴が合わないのか、長時間歩くと稀に右足の小指が痛みます。,0,0
2409,2026/2/1 18:54,料理、食材,en2********,8時間34分,0,9,9.0,0,0,0.017,0.0,0.0,0.02,あと3日,https://detail.chiebukuro.yahoo.co.jp/qa/question_detail/q12324905537,鶏肉を切ってお鍋に入れたら、切るときには特に腐ったりしてる感じもなく。。 今日から一週間も経つ前に買って消費期限内に冷凍した鶏肉です。 それが茶色い血の塊みたいなところが加熱したら少し緑っぽくなってい...,0,0
2410,2026/2/1 18:54,ライブ、コンサート,1250095037,8時間34分,1,2,2.0,0,0,0.004,50.0,0.0,0.1,あと3日,https://detail.chiebukuro.yahoo.co.jp/qa/question_detail/q11324905536,Dリーグの一般販売でチケットを購入された方にお伺いしたいです。 一般販売で2枚購入した場合、連番（2連席）での購入はできない仕様なのでしょうか。 また、購入後に座席変更をしてもらえた事例や、当日会場内...,0,0
2411,2026/2/1 18:54,メイク、コスメ,c1a777858,8時間35分,1,24,24.0,0,1,0.047,4.17,0.01,0.2,不明,https://detail.chiebukuro.yahoo.co.jp/qa/question_detail/q13324905533,前髪グルーって肌荒れしたりしますか？ あと、どこに売ってますか？,0,0
2412,2026/2/1 18:54,病気、症状,非公開,8時間35分,1,11,11.0,0,0,0.021,9.09,0.0,0.12,あと3日,https://detail.chiebukuro.yahoo.co.jp/qa/question_detail/q14324905529,漢方薬について 45歳女性です。 自律神経、PMS、舌痛症等で半夏厚朴湯を処方されました。 初回服用して1時間程で首周りと右肩に蚊に刺されたようなまだらな発疹が出てしまいました。 翌日通院した病院が休...,0,0
2413,2026/2/1 18:54,アニメ,オーレッド,8時間35分,11,68,6.2,0,0,0.132,16.18,0.01,1.2,あと3日,https://detail.chiebukuro.yahoo.co.jp/qa/question_detail/q10324905530,あなたが、次の言葉で思い浮かべるアニメや特撮(作品やキャラクター)は？ 「言ってはいけない言葉を言う、言われてしまう」,0,0
2414,2026/2/1 18:54,ショッピング,ジョニー,8時間35分,0,4,4.0,1,0,0.008,0.0,0.0,0.2,あと3日,https://detail.chiebukuro.yahoo.co.jp/qa/question_detail/q11324905531,アストロプロダクツというお店が最近好きになりました。 見ててテンション上がるといいますか… ここで買うならこれ！みたいなオススメの品はありますか？,0,0
2415,2026/2/1 18:54,アルバイト、フリーター,1149987849,8時間35分,2,44,22.0,0,0,0.085,4.55,0.02,0.28,あと3日,https://detail.chiebukuro.yahoo.co.jp/qa/question_detail/q13324905528,至急お願いします。 先程シフトの確認ミスでバイトの出勤を忘れてしまい、お店に電話したところ17時出勤の予定を20時出勤にしてと言われました。 もうこれだけで超がつくほど申し訳ないのですが、 着いて真っ...,0,0
2416,2026/2/1 18:54,母子家庭、父子家庭,夜烏の源次,8時間35分,2,29,14.5,0,0,0.056,6.9,0.01,0.25,あと3日,https://detail.chiebukuro.yahoo.co.jp/qa/question_detail/q12324905527,今は母子家庭なら大学学費免除なんかい？ ちょっと知ってるシングルの母親さまに娘２人無償でいかしとると聞いたがホントなんかい？,0,0
2417,2026/2/1 18:54,年金,for********,8時間35分,0,6,6.0,0,0,0.012,0.0,0.0,0.01,あと3日,https://detail.chiebukuro.yahoo.co.jp/qa/question_detail/q11324905526,iDeCo 先ほどSBI証券で口座開設をしたのですが、いつかやるかもしれないと思ってiDeCoも同時申し込みをしました。 （その時に本人確認の為マイナンバーカードと自撮りをアップロードしました。） そ...,0,0
2418,2026/2/1 18:54,職場の悩み,ogtp,8時間35分,0,11,11.0,0,0,0.021,0.0,0.0,0.02,あと3日,https://detail.chiebukuro.yahoo.co.jp/qa/question_detail/q10324905525,男ですが職場の同じ部署の女性と話しているときに腕をボディタッチされましたが、少なくとも嫌われてはいないでしょうか,0,0
2419,2026/2/1 18:54,恋愛相談、人間関係の悩み,1150807034,8時間35分,2,22,11.0,0,0,0.043,9.09,0.0,0.24,あと3日,https://detail.chiebukuro.yahoo.co.jp/qa/question_detail/q14324905524,24歳女、大卒社会人2年目です。 同い年の社会人彼氏と付き合って1年を迎えようとしています。同世代の方、1年記念日はどのように過ごしていますか？私はディナーとかサプライズプレートとかしたいんですけど彼...,0,0
2420,2026/2/1 18:54,メイク、コスメ,ce5795396,8時間35分,1,17,17.0,0,0,0.033,5.88,0.01,0.13,あと3日,https://detail.chiebukuro.yahoo.co.jp/qa/question_detail/q13324905523,これって廃盤になってますか？,0,0
2421,2026/2/1 18:54,恋愛相談、人間関係の悩み,1252153946,8時間35分,4,90,22.5,0,0,0.175,4.44,0.04,0.56,あと3日,https://detail.chiebukuro.yahoo.co.jp/qa/question_detail/q12324905522,皆さんの意見を聞かせてください わたしは高校1年生です。付き合って1年ちょいの人がいます。同じ歳です。 学校は別で中距離なので月に2、3回ほど会っています。 わたし達は普段あまり会えない分長期休みにた...,0,0
2422,2026/2/1 18:54,ライブ、コンサート,b4b3d5cc9,8時間35分,3,34,11.3,0,0,0.066,8.82,0.01,0.36,あと3日,https://detail.chiebukuro.yahoo.co.jp/qa/question_detail/q10324905520,Ｖａｕｎｄｙのチケットを4枚購入しました。 座席は4人隣同士で座れるんでしょうか？,0,0
2423,2026/2/1 18:54,マラソン、陸上競技,a285f138c,8時間35分,1,52,52.0,0,0,0.101,1.92,0.05,0.2,あと3日,https://detail.chiebukuro.yahoo.co.jp/qa/question_detail/q13324905518,31歳男です。2月22日にフルマラソンを控えており、2月1日に30kmのロング走をしたのですが25km辺りから乳酸が溜まってきて、思うような走りができませんでした。 大体5分35秒くらいのペースで走り...,0,0
2424,2026/2/1 18:54,動画、映像,alo********,8時間35分,0,3,3.0,0,0,0.006,0.0,0.0,0.01,あと3日,https://detail.chiebukuro.yahoo.co.jp/qa/question_detail/q14324905519,zoomを動画録画したのですが、 電話音声だったために 音だけ入っていません。 何か音を出す方法はありますか？ また、今後zoomを動画録画する時に ちゃんと電話音声まで入れるには何かおすすめのアプリ...,0,0
2425,2026/2/1 18:53,ゲーム,ray********,8時間36分,3,12,4.0,0,0,0.023,25.0,0.0,0.31,あと3日,https://detail.chiebukuro.yahoo.co.jp/qa/question_detail/q12324905517,バイオハザード ヴィレッジの質問です 城をクリアしたあと、魚肉とか豚肉が手に入るようになったので、村に戻ったタイミングで全て狩り尽くして売ってしまいました その後で料理についての説明が出て（今更！？）...,0,0
2426,2026/2/1 18:53,ニュース、事件,sen,8時間37分,5,22,4.4,0,5,0.043,22.73,0.0,0.81,あと3日,https://detail.chiebukuro.yahoo.co.jp/qa/question_detail/q11324905516,当日に病休連絡を入れてきた部下や同僚をSNSで激しく叱責しても構わないのですか？,0,0
2427,2026/2/1 18:53,ネイルケア,ぽぽろぽろぽろ,8時間37分,1,21,21.0,0,0,0.041,4.76,0.01,0.14,あと3日,https://detail.chiebukuro.yahoo.co.jp/qa/question_detail/q13324905513,"ホットペッパーのこのクーポンって、長さだし10本分の値段プラス15,980円ですか？",0,0
2428,2026/2/1 18:53,政治、社会問題,ba11fbb4f,8時間37分,0,23,23.0,0,0,0.044,0.0,0.0,0.04,あと3日,https://detail.chiebukuro.yahoo.co.jp/qa/question_detail/q14324905514,高市が逃げ出した？大石勝利？みたいになってるらしい番組？では共同代表も攻撃して尺取ることもできないからちゃんと政策の発言をしたのでしょうか?,0,0
2429,2026/2/1 18:53,大学受験,b85e43442,8時間37分,0,52,52.0,0,0,0.101,0.0,0.0,0.1,あと3日,https://detail.chiebukuro.yahoo.co.jp/qa/question_detail/q12324905512,高2の北大志望です 高2二月の時点で東進共テ模試で五割はまずいですか？どれくらい遅れていますか？どれくらいやれば追いつけますか？最近通信制高校に転校し一日中勉強に使えます。,0,0
2430,2026/2/1 18:53,社会保険,1150506775,8時間37分,2,40,20.0,0,1,0.077,5.0,0.02,0.33,あと3日,https://detail.chiebukuro.yahoo.co.jp/qa/question_detail/q10324905510,結婚していて、子供も2人いてなるべく多く生活費を稼ぎたいのですが、パート時給1040円の10時〜17時の6時間週5日働き扶養を外れて働くなら、ぎりぎりの扶養内のままの方が手取りは良いのでしょうか？,0,0
2431,2026/2/1 18:53,家族関係の悩み,1253282180,8時間37分,8,48,6.0,0,3,0.093,16.67,0.01,1.04,あと3日,https://detail.chiebukuro.yahoo.co.jp/qa/question_detail/q11324905511,両親にもうお前のことは何もしないと言われました。 どうすればいいですか？,0,0
2432,2026/2/1 18:53,マインクラフト,1151905725,8時間37分,1,16,16.0,0,0,0.031,6.25,0.0,0.13,あと3日,https://detail.chiebukuro.yahoo.co.jp/qa/question_detail/q13324905508,マイクラ コマンドでの整地ができません 指定した領域にあるブロックが多すぎます とでるのですが、短距離しか整地できないのでしょうか？,0,0
2433,2026/2/1 18:53,メルカリ,c3f861c40,8時間37分,2,26,13.0,0,3,0.05,7.69,0.01,0.42,不明,https://detail.chiebukuro.yahoo.co.jp/qa/question_detail/q14324905509,メルカリのゆうゆうメルカリ便のコンビニ受取りはその名の通りコンビニで支払ってコンビニで受け取ることができるということでしょうか？ メルカリ コンビニ 通販,0,0
2434,2026/2/1 18:53,トレーディングカード,cb94ddba0,8時間37分,1,7,7.0,0,0,0.014,14.29,0.0,0.11,あと3日,https://detail.chiebukuro.yahoo.co.jp/qa/question_detail/q12324905507,デュエマについての質問です。 画像のカードの「自分のサイキッククリーチャーまたはデュエルメイトクリーチャーがあれば、このクリーチャーの召喚コストを1少なくする」という能力は場にサイキックかデュアルメイ...,0,0
2435,2026/2/1 18:53,LINE,nasuna,8時間37分,1,107,107.0,0,0,0.207,0.93,0.22,0.3,不明,https://detail.chiebukuro.yahoo.co.jp/qa/question_detail/q14324905504,LINEがすごく重くてサーバーエラーが多発しているんですけど、今何が起こっているのですか？,0,0
2436,2026/2/1 18:53,シニアライフ、シルバーライフ,自由研究(・∀・),8時間37分,2,55,27.5,0,21,0.106,3.64,0.03,1.51,あと3日,https://detail.chiebukuro.yahoo.co.jp/qa/question_detail/q11324905506,(・∀・) . みなさま、ごきげんよう。 SS出口調査です。 あなた様は次の総理を誰にするかもう決めましたか？,0,0
2437,2026/2/1 18:53,家族関係の悩み,emiririr,8時間37分,5,79,15.8,0,2,0.153,6.33,0.02,0.75,あと3日,https://detail.chiebukuro.yahoo.co.jp/qa/question_detail/q10324905505,3歳以下ぐらいの子供がいながら、毎週2日は友達と夜遊びに行くなんて難しいですよね？ 独身の友達に、 「結婚したんだし私の家の近くにマイホーム建てなよ。そしたら子供できても、平日も今夜遊ぼうとか明日ご飯...,0,0
2438,2026/2/1 18:53,宗教,90098333,8時間37分,2,11,5.5,0,0,0.021,18.18,0.0,0.21,あと3日,https://detail.chiebukuro.yahoo.co.jp/qa/question_detail/q13324905503,ミニマリストの人に質問です。お坊さんか、修道士になる予定はありますか？,0,0
2439,2026/2/1 18:53,家族関係の悩み,b15c0c3dc,8時間37分,1,23,23.0,0,0,0.044,4.35,0.01,0.14,あと3日,https://detail.chiebukuro.yahoo.co.jp/qa/question_detail/q11324905501,子供を持って後悔する人はごく少数ですか？,0,0
2440,2026/2/1 18:53,飲食店,1151294187,8時間38分,2,37,18.5,0,0,0.071,5.41,0.01,0.26,あと3日,https://detail.chiebukuro.yahoo.co.jp/qa/question_detail/q12324905502,博多 博多で一人で、イカの活きづくりコースが、 ある店を教えて下さい。,0,0
2441,2026/2/1 18:53,タブレット端末,そんどうみん,8時間38分,0,13,13.0,0,0,0.025,0.0,0.0,0.03,あと3日,https://detail.chiebukuro.yahoo.co.jp/qa/question_detail/q13324905498,至急です。 無印iPadかiPadAirを買おうかと思っています。 ケースはキーボード付きか普通のケースどちらがいいと思いますか？教えてください。 自分的にはキーボード付きの方が憧れはあります… 意見...,0,0
2442,2026/2/1 18:53,恋愛相談、人間関係の悩み,y,8時間38分,3,45,15.0,0,0,0.087,6.67,0.01,0.38,あと3日,https://detail.chiebukuro.yahoo.co.jp/qa/question_detail/q12324905497,相手の事情で半年くらい何もできない片思いをしている者です！進展も無いし何も動けないため面白いエピソードが無いのに、この片思いについて周りに聞いてほしくて仕方ないです。 周りにとって絶対どうでもいいこと...,0,0
2443,2026/2/1 18:53,病院、検査,vdr********,8時間38分,2,14,7.0,0,0,0.027,14.29,0.0,0.22,あと3日,https://detail.chiebukuro.yahoo.co.jp/qa/question_detail/q11324905496,大学病院、医学部教授はパワハラし放題なことどう思いますか？,0,0
2444,2026/2/1 18:53,コミック,ファンタコーラ,8時間38分,1,20,20.0,0,0,0.039,5.0,0.01,0.13,あと3日,https://detail.chiebukuro.yahoo.co.jp/qa/question_detail/q10324905495,ジョジョ3部においてディオはこの先何分何時間と時を止めれるようになるだろうと発言していますが、このことからやはりちゃんと時間を与えていれば最強スタンドはザ・ワールドなのでしょうか。,0,0
2445,2026/2/1 18:53,音楽,c1e5a679e,8時間38分,0,14,14.0,0,0,0.027,0.0,0.0,0.03,あと3日,https://detail.chiebukuro.yahoo.co.jp/qa/question_detail/q14324905494,かっぱ寿司に行った際に流れていた曲が気になって頭から離れません。だけど曲名が分からないのでわかる方いたら教えて欲しいです。 ななななんなんとーななななんなんとー いえっいえっいぇいいぇいフゥー！いえっ...,0,0
2446,2026/2/1 18:53,病気、症状,wjsham,8時間38分,1,33,33.0,0,0,0.064,3.03,0.02,0.16,不明,https://detail.chiebukuro.yahoo.co.jp/qa/question_detail/q13324905493,親知らずのことについて質問です。 親知らず4本抜歯から3週間が経ったくらいに急に歯茎？が腫れ始めて、左下の奥に500円玉くらいの大きなしこりができました。熱を持っていて顎下を押すと少し痛みます。普通に...,0,0
2447,2026/2/1 18:53,法律相談,yso********,8時間38分,3,33,11.0,0,2,0.064,9.09,0.01,0.47,あと3日,https://detail.chiebukuro.yahoo.co.jp/qa/question_detail/q12324905492,狩猟で撃ち殺した獲物をそのまま放置しとくのは法律上何か問題ありますかね?地主から文句でないのは大前提として,0,0
2448,2026/2/1 18:53,中古車,b50d06bcd,8時間38分,8,99,12.4,0,0,0.191,8.08,0.02,0.96,あと3日,https://detail.chiebukuro.yahoo.co.jp/qa/question_detail/q11324905491,自動車ローンについてです。 300〜400万前後の中古車を購入予定なのですが、ガリバーの審査、トヨタファイナンスの審査に落ちました。 年収は400万程度で、消費者金融２社に130万あります。 携帯代な...,0,0
2449,2026/2/1 18:53,住宅ローン,lov********,8時間38分,2,37,18.5,0,0,0.071,5.41,0.01,0.26,あと3日,https://detail.chiebukuro.yahoo.co.jp/qa/question_detail/q14324905489,ローン代行手数料について。 数ヶ月前に住宅を購入し、現在打ち合わせ中ですが、ローン代行手数料を支払わなくてもいいという情報を目にしました。 しかし既に住宅ローンの斡旋を仲介不動産にしてもらっていて（提...,0,0
2450,2026/2/1 18:53,ドラマ,1152924270,8時間38分,2,19,9.5,0,0,0.037,10.53,0.0,0.23,あと3日,https://detail.chiebukuro.yahoo.co.jp/qa/question_detail/q13324905488,花より男子で牧野と道明寺は何年生なんですか？学年違うんですか？,0,0
2451,2026/2/1 18:53,スキンケア,ゆ,8時間38分,1,9,9.0,0,0,0.017,11.11,0.0,0.11,あと3日,https://detail.chiebukuro.yahoo.co.jp/qa/question_detail/q12324905487,suisaiの酵素洗顔をお風呂の時に使おうと思うのですが、酵素洗顔をしたら普通の洗顔はしなくていいんですか？ また、泡立てる時に百均で売ってる洗顔泡立て器つかっても大丈夫ですか？,0,0
2452,2026/2/1 18:53,生き方、人生相談,a277772ea,8時間38分,6,30,5.0,0,0,0.058,20.0,0.0,0.63,あと3日,https://detail.chiebukuro.yahoo.co.jp/qa/question_detail/q11324905486,退職して時間が出来た時にあなたなら何をしたいですか。 先月退職して無職になった30代男です。 求職の身で、これといった経歴やスキルも無いので先が見えない不安がある状況ではありますが 折角時間が出来たの...,0,0
2454,2026/2/1 18:53,インターネットサービス,planck constant,8時間38分,1,6,6.0,0,0,0.012,16.67,0.0,0.11,あと3日,https://detail.chiebukuro.yahoo.co.jp/qa/question_detail/q12324905482,どうしてWikipediaのスタッフは、爆速で有名人の訃報を更新するのですか？他の項目はそうでもないのに。,0,0
2456,2026/2/1 18:53,専門学校、職業訓練,b20ba9f42,8時間39分,0,18,18.0,0,0,0.035,0.0,0.0,0.03,あと3日,https://detail.chiebukuro.yahoo.co.jp/qa/question_detail/q10324905480,職業訓練の事務分野を二つの選択肢で迷っています。 26歳です。今春からハローワークの職業訓練を受講しようと考えています。 人事労務科と総務経理科の2種で悩んでいます。皆様の経験や世間一般の目線からおす...,0,0
2457,2026/2/1 18:53,ニキビケア,1151804685,8時間39分,1,11,11.0,0,0,0.021,9.09,0.0,0.12,あと3日,https://detail.chiebukuro.yahoo.co.jp/qa/question_detail/q13324905478,肌荒れが酷く皮膚科に行ったのですが、炎症を治す塗り薬と、ニキビ跡を治すクラシエ柴苓湯エキス細粒という漢方薬をもらいました。 この漢方薬飲むだけでニキビ跡改善されるんですか？ ネットで調べてもあまりその...,0,0
2458,2026/2/1 18:52,政治、社会問題,sea********,8時間40分,1,8,8.0,0,0,0.015,12.5,0.0,0.11,あと3日,https://detail.chiebukuro.yahoo.co.jp/qa/question_detail/q12324905477,●“雪” の再利用は、エネルギー源等に不可能なのでしょうか？ 関東地方は、水不足ですが。 お聞かせ下さい！,0,0
2459,2026/2/1 18:52,SIMフリー端末,ab7e0144f,8時間40分,1,26,26.0,0,1,0.05,3.85,0.01,0.2,あと3日,https://detail.chiebukuro.yahoo.co.jp/qa/question_detail/q11324905476,レッドマジック11プロを購入しました。 auでiPhone15プロマックスを使っていて、いざSIMを変えて使おうとしたが電波入らず。 色々調べてAPNを設定しましたができず、今日auショップに行って聞...,0,0
2460,2026/2/1 18:52,プロ野球,1152844617,8時間40分,1,3,3.0,0,0,0.006,33.33,0.0,0.1,あと3日,https://detail.chiebukuro.yahoo.co.jp/qa/question_detail/q10324905475,山本由伸の1/25の直筆サインカードはいくらぐらいになりますか？,0,0
2461,2026/2/1 18:52,郵便、宅配,cec388f02,8時間40分,1,25,25.0,0,0,0.048,4.0,0.01,0.14,あと3日,https://detail.chiebukuro.yahoo.co.jp/qa/question_detail/q14324905474,至急お願いします！！ これっていつ届きますか、？？,0,0
2462,2026/2/1 18:52,音楽,1052956612,8時間40分,1,10,10.0,0,0,0.019,10.0,0.0,0.12,あと3日,https://detail.chiebukuro.yahoo.co.jp/qa/question_detail/q11324905471,"Eveのお気に召すままのサビの終わりって""僕の心をシェイクシェイクいえい""ですよね？ 僕の心わらわシェイクシェイクいえいみたいに聴こえるのは僕だけですか？",0,0
2463,2026/2/1 18:52,結婚,b15c0c3dc,8時間40分,4,45,11.2,0,0,0.086,8.89,0.01,0.47,あと3日,https://detail.chiebukuro.yahoo.co.jp/qa/question_detail/q12324905472,結婚して後悔している人は少数ですよね？,0,0
2464,2026/2/1 18:52,Yahoo!知恵袋,1150298147,8時間40分,1,14,14.0,0,1,0.027,7.14,0.0,0.18,あと3日,https://detail.chiebukuro.yahoo.co.jp/qa/question_detail/q10324905470,1番うるさいガンダム作品はなんですか？,0,0
2465,2026/2/1 18:52,友人関係の悩み,t,8時間40分,2,6,3.0,0,0,0.012,33.33,0.0,0.2,あと3日,https://detail.chiebukuro.yahoo.co.jp/qa/question_detail/q14324905469,学生時代の背の順で1番前だったら食が細く見えますか？,0,0
2466,2026/2/1 18:52,運転免許,Haru17156,8時間40分,9,115,12.8,0,8,0.221,7.83,0.03,1.54,あと3日,https://detail.chiebukuro.yahoo.co.jp/qa/question_detail/q13324905468,大学受験が終わり、マニュアル車の自動車免許を取りたいと思っている高校3年生です。 教習所に通わず一発試験で合格したいしたいと思っています。 ・本屋で自動車免許の問題集を購入して学科試験の勉強 ・試験場...,0,0
2467,2026/2/1 18:52,小説,ブロック,8時間40分,1,10,10.0,0,1,0.019,10.0,0.0,0.17,あと3日,https://detail.chiebukuro.yahoo.co.jp/qa/question_detail/q11324905466,身分差のある恋愛や友情のお話のタイトルを5つ挙げてください。日本の作品のみで翻案はなしでお願いします。 どのくらいの数ありますか。 よろしければそちらも回答してください。,0,0
2468,2026/2/1 18:52,政治、社会問題,dap********,8時間40分,3,14,4.7,0,0,0.027,21.43,0.0,0.31,あと3日,https://detail.chiebukuro.yahoo.co.jp/qa/question_detail/q10324905465,なぜ日本人って選挙が好きなんですか？ 普通、政治空白があるのを避けたいとおもうものと思いますが。 まあそれだけ切羽詰ってないってことなんでしょうけど。。。,0,0
2469,2026/2/1 18:52,恋愛相談、人間関係の悩み,ぴ,8時間40分,3,35,11.7,0,0,0.067,8.57,0.01,0.35,あと3日,https://detail.chiebukuro.yahoo.co.jp/qa/question_detail/q14324905464,22歳の女です。私には7個上の彼氏がいて遠距離なのですが、4月から同棲も考えています。しかし会う度に「子どもすぎる」「腐った性根を鍛えろ」と言われます。 私自身、実家暮らしで親に甘やかされて育った自覚...,0,0
2470,2026/2/1 18:52,学校の悩み,397©,8時間41分,4,97,24.2,0,5,0.186,4.12,0.05,0.86,あと3日,https://detail.chiebukuro.yahoo.co.jp/qa/question_detail/q13324905463,愚痴みたいになりますが聞いて欲しいし、なんでもいいので回答して欲しいです。私は私立中学校を辞めたい中一です。 お母さんに私立辞めたいことを言ってるし、話も沢山したのですが、お母さんが全然行動してくれま...,0,0
2471,2026/2/1 18:52,恋愛相談、人間関係の悩み,1151184970,8時間41分,3,30,10.0,0,0,0.058,10.0,0.01,0.34,あと3日,https://detail.chiebukuro.yahoo.co.jp/qa/question_detail/q12324905462,現在高校三年生で再来年の成人式の話を親としているのですが、メイク髪型、前撮りの話になると、自分は別に対して可愛くもないスタイルもよくないのに無理に着飾って写真撮ってもらうのも悲しいし申し訳ないし、 自...,0,0
2472,2026/2/1 18:52,コミック,a95df2f88,8時間41分,0,5,5.0,0,0,0.01,0.0,0.0,0.01,あと3日,https://detail.chiebukuro.yahoo.co.jp/qa/question_detail/q11324905461,至急です！！ 地縛少年花子くんについて質問があります！！ 普くんは司くんを殺して罪を償うために怪異になりました。でもどうして司くんは普くんを恨まないのですか？普通殺されたら恨むと思うのですが… どうし...,0,0
2473,2026/2/1 18:52,学校の悩み,あ,8時間41分,0,2,2.0,0,0,0.004,0.0,0.0,0.0,あと3日,https://detail.chiebukuro.yahoo.co.jp/qa/question_detail/q10324905460,4月から看護の専門学校に入学予定です。 学校からの課題とか出てないのですが生物とか何か勉強してた方がいいですか？,0,0
2474,2026/2/1 18:52,政治、社会問題,パンツは男を漁るエサ,8時間41分,0,7,7.0,0,0,0.013,0.0,0.0,0.01,あと3日,https://detail.chiebukuro.yahoo.co.jp/qa/question_detail/q13324905458,高市アンチの攻め手。 TMネットワークみたいな名前の報告書くらいしか攻撃材料がないんですか？,0,0
2475,2026/2/1 18:52,マインクラフト,あ,8時間41分,3,15,5.0,0,0,0.029,20.0,0.0,0.32,あと3日,https://detail.chiebukuro.yahoo.co.jp/qa/question_detail/q12324905457,スマホでマイクラアカウントを作ろうとしたら既にこのアカウントは存在していますと出てきました これが初めてなはずなんですけどどういうことですか？,0,0
2476,2026/2/1 18:52,恋愛相談、人間関係の悩み,非公開,8時間41分,1,21,21.0,0,0,0.04,4.76,0.01,0.14,あと3日,https://detail.chiebukuro.yahoo.co.jp/qa/question_detail/q11324905456,恋愛相談です！高校生です！ 好きな人と卒業式終わって写真撮り終わったあと、LINEで遊びに誘うか直接遊びに誘いたいなって思ってるんですけど、断られる確率どれくらいですか？ それかOK貰えるにはどうした...,0,0
2477,2026/2/1 18:52,友人関係の悩み,非公開,8時間41分,3,50,16.7,0,2,0.096,6.0,0.02,0.5,あと3日,https://detail.chiebukuro.yahoo.co.jp/qa/question_detail/q10324905455,知恵袋って大嘘を信じる人多過ぎませんか笑？明らかに嘘の内容なのに真面目に回答している人見ると何か可哀想になってきます,0,0
2478,2026/2/1 18:52,恋愛相談、人間関係の悩み,kur********,8時間41分,1,7,7.0,0,0,0.013,14.29,0.0,0.11,あと3日,https://detail.chiebukuro.yahoo.co.jp/qa/question_detail/q14324905454,私30 相手35です。好きなポケモンの話をしていて、 (私)⁡⁡可愛いポケモンが好きなんですね⁡ ⁡ポッチャマは私も好きです よみうりランドのポケモンエリアは気になってたりしますか？ (相手)可愛いポ...,0,0
2479,2026/2/1 18:52,就職活動,1053349081,8時間41分,0,6,6.0,0,0,0.012,0.0,0.0,0.01,あと3日,https://detail.chiebukuro.yahoo.co.jp/qa/question_detail/q11324905451,indeedで株式会社eマーケティングという求人に魅力を感じ応募しました。 webオンラインスクールの営業の求人で調べたのですがそのオンラインスクールのページや口コミが一切出てこなくて、会社のHPはあ...,0,0
2480,2026/2/1 18:52,自動車,1252258958,8時間41分,1,12,12.0,0,0,0.023,8.33,0.0,0.12,不明,https://detail.chiebukuro.yahoo.co.jp/qa/question_detail/q10324905450,vw ゴルフ7GTIで夏旅行に行く予定をしてます。夏の高速巡航 問題無く走れるポテンシャルはありますか？ 関西から東北 福島まで行きはぶっ通しで帰りは新潟等ちょいちょい泊まりながら帰る予定です。殆ど高...,0,0
2481,2026/2/1 18:52,メルカリ,グラちゃん,8時間41分,2,46,23.0,0,1,0.088,4.35,0.02,0.34,あと3日,https://detail.chiebukuro.yahoo.co.jp/qa/question_detail/q14324905449,メルカリで購入した覚えが無いのに購入している商品とかありませんか？ いいねもしていないのに、いいねしている商品もあります。皆さんは思い当たる節はありませんか。後、初期不良があってもメルカリは評価をすれ...,0,0
2482,2026/2/1 18:51,大学受験,非公開,8時間42分,3,53,17.7,1,0,0.101,5.66,0.02,0.58,あと3日,https://detail.chiebukuro.yahoo.co.jp/qa/question_detail/q13324905448,2/1明治学院大学の地理受けた人できました？ 私全然わからなかったです,0,0
2483,2026/2/1 18:51,家族関係の悩み,ooy********,8時間42分,1,26,26.0,0,0,0.05,3.85,0.01,0.15,あと3日,https://detail.chiebukuro.yahoo.co.jp/qa/question_detail/q12324905447,タワマンに住む人は、洗濯物はベランダに干すより、乾燥機を使うことが、一般のマンションの家庭より多いでしょうか。,0,0
2484,2026/2/1 18:51,懸賞、くじ,yum********,8時間42分,2,26,13.0,0,1,0.05,7.69,0.01,0.3,不明,https://detail.chiebukuro.yahoo.co.jp/qa/question_detail/q11324905446,クロスワードパクロス2026年2月号の小冊子、クロスワードパクロスポケットQ5のまちがいさがしですが、AとEが残ってしまいました。どんなに見比べても間違いが探せず、悪戦苦闘しています。 違いを教えて頂...,0,0
2485,2026/2/1 18:51,シニアライフ、シルバーライフ,泉,8時間43分,8,21,2.6,0,9,0.04,38.1,0.0,1.32,あと3日,https://detail.chiebukuro.yahoo.co.jp/qa/question_detail/q10324905445,恵方巻は好きですか？,0,0
2486,2026/2/1 18:51,レディース腕時計、アクセサリー,xeo********,8時間43分,2,19,9.5,0,0,0.036,10.53,0.0,0.23,あと3日,https://detail.chiebukuro.yahoo.co.jp/qa/question_detail/q14324905444,4°Cブライダルの婚約指輪はもらって嬉しいですか？ あー4°Cかぁみたいな感じにならないか不安です。 立派なブランドだと思うのですが、どうですか,0,0
2487,2026/2/1 18:51,政治、社会問題,gei********,8時間43分,2,10,5.0,0,0,0.019,20.0,0.0,0.21,あと3日,https://detail.chiebukuro.yahoo.co.jp/qa/question_detail/q13324905443,AIに褒められてもうれしいのですが、皆さんもそうですか？,0,0
2488,2026/2/1 18:51,生き方、人生相談,a88973703,8時間43分,2,14,7.0,0,0,0.027,14.29,0.0,0.22,あと3日,https://detail.chiebukuro.yahoo.co.jp/qa/question_detail/q12324905442,人生っていっくら頭よくても 死んじゃうんですね？ 人生って儚く切ない,0,0
2489,2026/2/1 18:51,携帯型ゲーム全般,1151176595,8時間43分,1,18,18.0,0,0,0.034,5.56,0.01,0.13,あと3日,https://detail.chiebukuro.yahoo.co.jp/qa/question_detail/q11324905441,妖怪ウォッチぷにぷにについて質問です。 初心者でどのキャラクターが強いかわかりません。 以下の画像に強いキャラクター、育成するべきキャラクターなどいますか？ なお、この画像の他のZZZキャラには ・ク...,0,0
2490,2026/2/1 18:51,Yahoo!知恵袋,非公開,8時間43分,1,15,15.0,0,3,0.029,6.67,0.0,0.3,あと3日,https://detail.chiebukuro.yahoo.co.jp/qa/question_detail/q10324905440,最近はAIに質問を考えさせて投稿してどんな回答がつくのか実験したりしてます。 AIを活用していますか？,0,0
2491,2026/2/1 18:51,Google ドライブ,1252326737,8時間43分,1,9,9.0,1,0,0.017,11.11,0.0,0.3,あと3日,https://detail.chiebukuro.yahoo.co.jp/qa/question_detail/q14324905439,Googleログイン パソコンでGoogle driveにログインしようとしたらパスワードが正しく有りません。と出て入れませんでした。その後スマホで同じアカウントに入ろうとしたら入れました。メールアド...,0,0
2492,2026/2/1 18:51,マナー,1052113222,8時間43分,3,32,10.7,0,8,0.061,9.38,0.01,0.8,あと3日,https://detail.chiebukuro.yahoo.co.jp/qa/question_detail/q13324905438,他人から注意されて素直に自分の非を認めずに反発する人が居ますが、何かしら注意される理由があるから注意される訳だと思いませんか？ 何も無ければ他人から注意される事は無いと思います。 注意する側がそう思っ...,0,0
2494,2026/2/1 18:51,税金,vru********,8時間43分,1,11,11.0,0,0,0.021,9.09,0.0,0.12,あと3日,https://detail.chiebukuro.yahoo.co.jp/qa/question_detail/q11324905436,大阪市東成区に住んでます。 確定申告はどこに行けばいいですか？ 東成区税務署ですか？,0,0
2495,2026/2/1 18:51,オークション、フリマサービス,1150778157,8時間43分,0,10,10.0,0,0,0.019,0.0,0.0,0.02,あと3日,https://detail.chiebukuro.yahoo.co.jp/qa/question_detail/q10324905435,とあるフリマサイトにあるものです。 状態も良さげで迷っているのですが、 偽物なのでしょうか？ 自分が見た限りは偽物っぽくは無さそうなのですが不安でして、、、 有識者の方の意見が聞きたいです。,0,0
2496,2026/2/1 18:51,飲食店,あ楽々,8時間43分,2,20,10.0,0,2,0.038,10.0,0.0,0.34,あと3日,https://detail.chiebukuro.yahoo.co.jp/qa/question_detail/q14324905434,餃子の王将と 大阪王将どっちがおいしいですか？ ＊各地方により、チェーン店でも味が違うかも？ 私は、餃子の王将が好きです。,0,0
2498,2026/2/1 18:51,恋愛相談,1253112566,8時間43分,2,17,8.5,0,0,0.032,11.76,0.0,0.22,あと3日,https://detail.chiebukuro.yahoo.co.jp/qa/question_detail/q14324905429,面白いイケメンってモテますか？,0,0
2499,2026/2/1 18:51,恋愛相談,吹奏楽部副部長,8時間43分,2,32,16.0,0,1,0.061,6.25,0.01,0.31,あと3日,https://detail.chiebukuro.yahoo.co.jp/qa/question_detail/q10324905430,恋愛で悩んでます！ 好きか好きじゃないか問題です！！ 私はいま好きなのかわからない人がいます。 いつもは好きな人はすごく好きで、ハグしたい！会いたい！ってなるんですけど、今の好きな人全然なりません。話...,0,0
2500,2026/2/1 18:51,芸能人,ab73a7773,8時間44分,1,15,15.0,0,1,0.029,6.67,0.0,0.18,あと3日,https://detail.chiebukuro.yahoo.co.jp/qa/question_detail/q13324905428,M!LKのSMILEPOPで撮影許可があると思うんですけど好きすぎて滅！ありますよね コールはやらない方がいいんですか？ 撮影許可の動画を見てみると声を出さず撮影に全集中！という方が多いような気がしま...,0,0
2501,2026/2/1 18:51,数学,こんにち,8時間44分,1,10,10.0,0,0,0.019,10.0,0.0,0.11,あと3日,https://detail.chiebukuro.yahoo.co.jp/qa/question_detail/q12324905427,中2数学の証明についての質問です。 証明の仮定から〜という言うときに ・仮定から〇〇＝〇〇・・・① というパターンと ・仮定から〜の〜は等しいから 〇〇＝〇〇・・・① というパターンがあると思うのです...,0,0
2502,2026/2/1 18:51,iPhone,mam********,8時間44分,1,17,17.0,0,0,0.032,5.88,0.01,0.13,あと3日,https://detail.chiebukuro.yahoo.co.jp/qa/question_detail/q11324905426,アップルウォッチSE3は毎日充電しないと、もちませんか？,0,0
2503,2026/2/1 18:51,政治、社会問題,夜烏の源次,8時間44分,5,32,6.4,0,0,0.061,15.62,0.0,0.54,あと3日,https://detail.chiebukuro.yahoo.co.jp/qa/question_detail/q10324905425,野田は何がやりたいんぞ？,0,0
2505,2026/2/1 18:51,メルカリ,a6059607f,8時間44分,0,11,11.0,0,0,0.021,0.0,0.0,0.02,あと3日,https://detail.chiebukuro.yahoo.co.jp/qa/question_detail/q13324905423,メルカリで受け取り評価されなくて自動評価もずっと拒否されたらお金入ってきませんか？,0,0
2506,2026/2/1 18:51,マラソン、陸上競技,1053239536,8時間44分,2,43,21.5,0,0,0.082,4.65,0.02,0.27,不明,https://detail.chiebukuro.yahoo.co.jp/qa/question_detail/q12324905422,目測2、3メートルから飛び降りたら危険ですかね？素人です,0,0
2507,2026/2/1 18:51,高校受験,1052290453,8時間44分,0,6,6.0,0,0,0.011,0.0,0.0,0.01,あと3日,https://detail.chiebukuro.yahoo.co.jp/qa/question_detail/q10324905420,白子高校の前期ですが昨年度から個人面接になりました。白子高校の個人面接って質問何個されるのですか？またどんな質問をよくされるのか受験するにあたってどんなことを気をつけた方がいいのか教えて欲しいです！！,0,0
2508,2026/2/1 18:51,恋愛相談,非公開,8時間44分,1,15,15.0,0,3,0.029,6.67,0.0,0.29,あと3日,https://detail.chiebukuro.yahoo.co.jp/qa/question_detail/q14324905419,自分軸のある男性は魅力的ですか？ またそのような男性は少ないですか？,0,0
2509,2026/2/1 18:51,職場の悩み,abe********,8時間44分,1,73,73.0,0,0,0.139,1.37,0.1,0.23,不明,https://detail.chiebukuro.yahoo.co.jp/qa/question_detail/q13324905418,仕事ができる人の特徴を教えてください,0,0
2510,2026/2/1 18:51,政治、社会問題,to7********,8時間44分,8,34,4.2,0,0,0.065,23.53,0.0,0.83,あと3日,https://detail.chiebukuro.yahoo.co.jp/qa/question_detail/q12324905417,みなさん選挙いきますか。,0,0
2511,2026/2/1 18:51,高校受験,1152617400,8時間44分,0,22,22.0,0,0,0.042,0.0,0.0,0.04,あと3日,https://detail.chiebukuro.yahoo.co.jp/qa/question_detail/q10324905415,内申79の神奈川在住中3生です あと16日後に入試です。 自分は今日受けた臨海模試で自己採点したところ210点でした。 あと60点は上げたいです 可能ですか？ 英語は中2の3学期は「3」で中3二学期は...,0,0
2512,2026/2/1 18:51,女性アイドル,ファイナル メイビー,8時間44分,0,7,7.0,0,0,0.013,0.0,0.0,0.01,あと3日,https://detail.chiebukuro.yahoo.co.jp/qa/question_detail/q11324905416,『量産型 ○○』 「量産型 リコ―最後のプラモ女子の人生組み立て記」（2024年夏期放送）主演・（当時）乃木坂46の３期生の与田祐希ちゃん、「量産型 ルカプラモ部員の青き逆襲―」（2025年夏期放送）...,0,0
2513,2026/2/1 18:51,YouTube,！！！,8時間44分,1,25,25.0,0,3,0.048,4.0,0.01,0.31,あと3日,https://detail.chiebukuro.yahoo.co.jp/qa/question_detail/q14324905414,にじさんじの一橋綾人氏のMBTIってなんだと思いますか？私はINTPだと思ってます,0,0
2514,2026/2/1 18:51,アニメ,ca5dce724,8時間44分,2,15,7.5,0,0,0.029,13.33,0.0,0.22,あと3日,https://detail.chiebukuro.yahoo.co.jp/qa/question_detail/q12324905412,クレヨンしんちゃんの作者臼井儀人は天才だと思いますか? 私は天才だと思います。,0,0
2515,2026/2/1 18:51,郵便、宅配,A1,8時間44分,1,5,5.0,0,0,0.01,20.0,0.0,0.1,あと3日,https://detail.chiebukuro.yahoo.co.jp/qa/question_detail/q11324905411,Amazonの配達はフードデリバリーみたいに近いですか？ ナビはAIで簡単と聞きましたが 郵便局の業務委託よりマシかなぁと思ってます,0,0
2516,2026/2/1 18:51,男性アイドル,R0827,8時間45分,1,8,8.0,0,0,0.015,12.5,0.0,0.11,あと3日,https://detail.chiebukuro.yahoo.co.jp/qa/question_detail/q14324905409,はい Snow Manのメンバーは車は、運転しますか？,0,0
2517,2026/2/1 18:51,バス、タクシー,さとし,8時間45分,1,31,31.0,0,3,0.059,3.23,0.02,0.33,不明,https://detail.chiebukuro.yahoo.co.jp/qa/question_detail/q13324905408,いすゞが作った大型バスは写真のように全て中央が金属なんですか？ 逆に日野が作った大型バスが写真のように中央が繋がっている場合はありますか？,0,0
2518,2026/2/1 18:51,料理、食材,ムッシュ村々,8時間45分,3,28,9.3,0,0,0.053,10.71,0.0,0.34,あと3日,https://detail.chiebukuro.yahoo.co.jp/qa/question_detail/q10324905410,好きなのわ 鰻重でふか、かつ重でふか？ （＾Ｏ＾）,0,0
2519,2026/2/1 18:51,生き方、人生相談,知恵袋用ID,8時間45分,1,8,8.0,0,0,0.015,12.5,0.0,0.11,あと3日,https://detail.chiebukuro.yahoo.co.jp/qa/question_detail/q12324905407,自分が可哀想なときどうしたらいいでしょう,0,0
2520,2026/2/1 18:51,園芸、ガーデニング,monchi,8時間45分,6,41,6.8,0,0,0.078,14.63,0.01,0.65,あと3日,https://detail.chiebukuro.yahoo.co.jp/qa/question_detail/q11324905406,根から抜きたいのですが、薬剤を使わずに枯らす方法ってありますか？ 夏から秋にかけて枝や葉を切り落としてここまで来ました。 幹が太く残っている状態です。 春に向けて新芽が出る前に根から駆除？したいと考え...,0,0
2522,2026/2/1 18:51,ニュース、事件,非公開,8時間45分,3,31,10.3,0,3,0.059,9.68,0.01,0.51,あと3日,https://detail.chiebukuro.yahoo.co.jp/qa/question_detail/q14324905404,自民党を応援したら世界平和になりますか？,0,0
2523,2026/2/1 18:51,野球全般,えだまめ,8時間45分,0,5,5.0,0,0,0.01,0.0,0.0,0.01,あと3日,https://detail.chiebukuro.yahoo.co.jp/qa/question_detail/q13324905403,野球グローブを購入しようと思っているのですが、東駒(トリニティ)とIPセレクトの革質の違いなどを教えてください。できたらどちらがおすすめか教えてください。,0,0
2524,2026/2/1 18:51,バイク,1251800456,8時間45分,3,50,16.7,1,1,0.095,6.0,0.02,0.63,あと3日,https://detail.chiebukuro.yahoo.co.jp/qa/question_detail/q11324905401,私はZZR250に乗っています。最近コーナーを曲がるときにステップとセンタースタンドが擦りステップをバックステップにし、センタースタンドを取り外しました。次はサイドスタンドどエキパイを擦りました。 マ...,0,0
2525,2026/2/1 18:51,iPhone,1052454550,8時間45分,1,51,51.0,1,3,0.097,1.96,0.05,0.55,不明,https://detail.chiebukuro.yahoo.co.jp/qa/question_detail/q12324905402,今日、都合上スマホの電源を落とす必要があり、2時間ほど経って再起動すると何故か5日前くらいに完了したはずのソフトウェアアップデートiOS26.2.1のアップデートが再び完了しており、 不思議に思って次...,0,0
2526,2026/2/1 18:50,公務員試験,b81212f31,8時間46分,1,29,29.0,1,1,0.055,3.45,0.02,0.4,あと3日,https://detail.chiebukuro.yahoo.co.jp/qa/question_detail/q10324905400,航空自衛隊自衛官候補生で入隊するのですが、運動服等持って行った方がいいですか？,0,0
2527,2026/2/1 18:50,英語,dai********,8時間46分,1,10,10.0,0,0,0.019,10.0,0.0,0.11,あと3日,https://detail.chiebukuro.yahoo.co.jp/qa/question_detail/q14324905399,デュオリンゴで日曜の0時〜19時、リーグリセット前に稼いだポイントは新しいリーグに引き継がれますか？,0,0
2528,2026/2/1 18:50,料理、食材,ひまじん,8時間46分,9,77,8.6,0,4,0.146,11.69,0.01,1.23,あと3日,https://detail.chiebukuro.yahoo.co.jp/qa/question_detail/q13324905398,生活保護は最低限の食事しか取れない？,0,0
2529,2026/2/1 18:50,Android,ID 非公開,8時間46分,1,23,23.0,0,0,0.044,4.35,0.01,0.14,不明,https://detail.chiebukuro.yahoo.co.jp/qa/question_detail/q12324905397,iPhoneからpixel9aへ乗換え、件数表示の件について。 iPhoneと違ってpixel9aはLINEや Gmailアプリ等の件数表示がされずドットでの表示となっております。 せめて濃い色のドッ...,0,0
2530,2026/2/1 18:50,テーマパーク,1253269874,8時間47分,0,14,14.0,1,0,0.027,0.0,0.0,0.22,あと3日,https://detail.chiebukuro.yahoo.co.jp/qa/question_detail/q11324905396,似ている曲を探しています！！！ 現在ディズニーランドで行われているミニーのファンダーランドでのパレード曲なのですが、(37秒〜) 『大きなリボンでおめかしして〜誰もが恋する女の子』 ここの部分と似てい...,0,0
2531,2026/2/1 18:50,観光地、行楽地,1252027088,8時間47分,8,56,7.0,0,8,0.106,14.29,0.01,1.32,あと3日,https://detail.chiebukuro.yahoo.co.jp/qa/question_detail/q10324905395,高尾山にスキーウェア（上だけ）は暑いですか？行く時間たいは大体お昼ごろで、6号か1号らへんのルートで行く予定です。,0,0
2532,2026/2/1 18:50,ゴルフ,e_p********,8時間47分,7,50,7.1,0,0,0.095,14.0,0.01,0.76,あと3日,https://detail.chiebukuro.yahoo.co.jp/qa/question_detail/q14324905394,ゴルフスイングについて 7番アイアンでインパクトの瞬間の握力はどのくらいの感覚が正しいですか？ アプローチではなく１５０ｙ～飛ばす時の感覚でお願いします アマの一意見ではなくティーチングプロやプロ選手...,0,0
2533,2026/2/1 18:50,喫煙マナー,mfc********,8時間47分,3,29,9.7,0,1,0.055,10.34,0.01,0.4,あと3日,https://detail.chiebukuro.yahoo.co.jp/qa/question_detail/q13324905393,友人からもらったタバコを先に外へ出て人通りのない路地裏で吸っていたら指導員?が来て過料2000円を請求されました。 精神の病が原因でお金が無く、１日食費は200円、電気ガスはなるべく使わない、水も止ま...,0,0
2534,2026/2/1 18:50,飲食店,Shen zhen shi.,8時間47分,0,7,7.0,0,0,0.013,0.0,0.0,0.01,あと3日,https://detail.chiebukuro.yahoo.co.jp/qa/question_detail/q12324905392,東京都足立区、葛飾区、荒川区、埼玉県草加市、三郷市、八潮市に下記URLのようなお店があれば、教えていただければと思います。 ・ ・ ・ ■ ウニやマグロ等が山のように…特上でも2000円を切る海鮮丼に...,0,0
2535,2026/2/1 18:50,メイク、コスメ,co2,8時間47分,1,4,4.0,0,0,0.008,25.0,0.0,0.1,あと3日,https://detail.chiebukuro.yahoo.co.jp/qa/question_detail/q11324905391,ジルのサムシングブルー2026を購入予定です。去年は@コスメ店舗または通販で予約または購入できましたか？またデパート以外でどこで販売しているのでしょうか。,0,0
2536,2026/2/1 18:50,メンタルヘルス,oto********,8時間47分,1,29,29.0,0,0,0.055,3.45,0.02,0.15,不明,https://detail.chiebukuro.yahoo.co.jp/qa/question_detail/q10324905390,大至急お願いします。統合失調症はドーパミンが出まくってる病気なんですよね。ドーパミンって勉強で出ますよね。統合失調症は勉強し過ぎってことですか？,0,0
2537,2026/2/1 18:50,K-POP、アジア,c30c15302,8時間47分,0,10,10.0,0,0,0.019,0.0,0.0,0.02,あと3日,https://detail.chiebukuro.yahoo.co.jp/qa/question_detail/q13324905388,スキズの展示会って所要時間1人何時間までとかありましたよね？ 私の記憶だと1時間半だった気がするのですが…調べてもなかなか出てこないのですが…それと、その所要時間では十分にゆっくり展示品を鑑賞できます...,0,0
2538,2026/2/1 18:50,カスタマイズ,tww********,8時間47分,2,15,7.5,0,0,0.028,13.33,0.0,0.22,あと3日,https://detail.chiebukuro.yahoo.co.jp/qa/question_detail/q14324905389,日産新型ノートマイナー後のオートライトセンサーカバーをネットで購入して交換しましたが、高架下など点いて欲しくない場所で結局ライトが点いてしまい効果がありませんでした あまり安い物は銭失いになると思いほ...,0,0
2539,2026/2/1 18:50,アニメ,ああああ,8時間47分,0,7,7.0,0,0,0.013,0.0,0.0,0.01,あと3日,https://detail.chiebukuro.yahoo.co.jp/qa/question_detail/q12324905387,インディーアニメーションを制作しています。 背景を3dcgで制作して、その後クリスタやフォトショで美術を加えて手書き感を出したいのですが3d上でカメラが動くとなると一枚描くだけではなくなりますよね。U...,0,0
2540,2026/2/1 18:50,鉄道、列車、駅,1150485825,8時間47分,1,18,18.0,0,1,0.034,5.56,0.01,0.19,あと3日,https://detail.chiebukuro.yahoo.co.jp/qa/question_detail/q11324905386,4直(京急、都営、京成、北総?)のそれぞれの会社の車両がどこまで乗り入れるか教えてください！,0,0
2541,2026/2/1 18:50,高校受験,ruru*****,8時間47分,0,14,14.0,0,0,0.027,0.0,0.0,0.03,あと3日,https://detail.chiebukuro.yahoo.co.jp/qa/question_detail/q10324905385,岡山城東高校の音楽類に行きたいと思っている中学2年生です！ 在学生、卒業生、またはその保護者の方々にお聞きしたいです。 まず、音楽類に行く方は音大志望の方々ばかりなのですかね？私は今吹奏楽部でフルート...,0,0
2542,2026/2/1 18:50,大相撲,cf43475b7,8時間47分,2,23,11.5,0,0,0.044,8.7,0.01,0.23,不明,https://detail.chiebukuro.yahoo.co.jp/qa/question_detail/q14324905384,現宮城野親方(旭富士)はもう断髪式で止め鋏を入れることはないですかね？ 照ノ富士が今後やるでしょうし,0,0
2543,2026/2/1 18:50,アニメ,1150446559,8時間47分,7,37,5.3,0,0,0.07,18.92,0.0,0.73,あと3日,https://detail.chiebukuro.yahoo.co.jp/qa/question_detail/q12324905382,悠木碧さんが演じているメインキャラクターはヒーリングっど♥プリキュアの花寺のどか/キュアグレースや魔法少女まどか☆マギカの鹿目まどか以外に何を思い付きますか？,0,0
2544,2026/2/1 18:50,大学院,reacter,8時間48分,1,27,27.0,0,0,0.051,3.7,0.01,0.15,あと3日,https://detail.chiebukuro.yahoo.co.jp/qa/question_detail/q13324905383,工学部から他大学の大学院に進学したいのに、情報学研究科や環境学研究科などの入試から工学系科目がどんどん廃止されていってる気がしませんか？ 工学部生はただでさえ自大の大学院に進学しても就職に有利なのに、...,0,0
2545,2026/2/1 18:50,周辺機器,bd8a6594b,8時間48分,0,3,3.0,0,0,0.006,0.0,0.0,0.01,あと3日,https://detail.chiebukuro.yahoo.co.jp/qa/question_detail/q10324905380,マイクアームについて 変換アダプタがfifinne AM8の マイクの穴から取れなくなりました。 潤滑油かけてコインでひねっても回らないのですが内部でひっかかったりしてるんですかね？ 取れないのはあき...,0,0
2546,2026/2/1 18:50,大学受験,b1decea97,8時間48分,0,25,25.0,0,0,0.047,0.0,0.0,0.05,あと3日,https://detail.chiebukuro.yahoo.co.jp/qa/question_detail/q11324905381,"問13のイとエで迷いました。 イの""130万人以上""のところを引っ掛けたいのは分かったんですが、本文には""1300万以上""と記述されており、正解にもなり得そうだなとも思いました。 明日、同大学で試験が...",0,0
2547,2026/2/1 18:50,ニュース、事件,sen,8時間48分,0,2,2.0,0,0,0.004,0.0,0.0,0.0,あと3日,https://detail.chiebukuro.yahoo.co.jp/qa/question_detail/q13324905378,我が国の自称リベラルの皆様は人の痛みが分からないのですか？,0,0
2548,2026/2/1 18:50,文房具,c2dd4723f,8時間48分,3,29,9.7,0,0,0.055,10.34,0.01,0.34,あと3日,https://detail.chiebukuro.yahoo.co.jp/qa/question_detail/q14324905379,木軸ペンのついてです。 今自分が保持している木軸がS20しかなく、他の木軸も欲しいと思いました。 おすすめの木軸シャーペン、ボールペンがあれば教えてください。 値段は4000円まででお願いします。,0,0
2549,2026/2/1 18:50,数学,ひゃまの飛んでもない光論,8時間48分,0,17,17.0,1,0,0.032,0.0,0.0,0.22,あと3日,https://detail.chiebukuro.yahoo.co.jp/qa/question_detail/q12324905377,決定論→非決定論→対等な因果（因論） https://note.com/s_hyama/n/n913a9f896249?app_launch=false これで長らくの自由と決定論の決着つくでしょ？ ...,0,0
2550,2026/2/1 18:50,家族関係の悩み,ゆりこ,8時間48分,1,59,59.0,0,0,0.112,1.69,0.07,0.21,あと3日,https://detail.chiebukuro.yahoo.co.jp/qa/question_detail/q11324905376,専業主婦の女性のモラハラについて教えてください。 もうすぐ４０歳になる生涯未婚予定のINFJ♀です。 下記の質問に対する回答で、専業主婦の女性に対する嫌悪感に触れる内容が散見されたので、こちらで再度質...,0,0
2551,2026/2/1 18:50,恋愛相談、人間関係の悩み,ahf********,8時間48分,3,20,6.7,1,0,0.038,15.0,0.0,0.51,あと3日,https://detail.chiebukuro.yahoo.co.jp/qa/question_detail/q14324905374,遠距離の彼氏が職場の同年代達と飲みに行ってて、朝帰りました。終電くらいの時間で帰る予定だったのでしょうが、メンバーのうちの一人が終電を逃し、そのまま(多分)全員で始発まで待ったらしいです。 昼間に集合...,0,0
2552,2026/2/1 18:50,職場の悩み,非公開,8時間48分,0,20,20.0,0,0,0.038,0.0,0.0,0.04,あと3日,https://detail.chiebukuro.yahoo.co.jp/qa/question_detail/q10324905375,タイミング悪く風邪をひいて悔しい 先日から風邪を引いているのですが、職場が人手不足で仕事を休めません。 去年同僚はインフルエンザと風邪で、合計10日間は休んでいました。しかし、今年に入ってから休職者が...,0,0
2553,2026/2/1 18:50,スーパーマーケット,t,8時間48分,5,14,2.8,0,2,0.026,35.71,0.0,0.61,あと3日,https://detail.chiebukuro.yahoo.co.jp/qa/question_detail/q13324905373,お家から近いスーパー、ドラッグストア、コンビニ、理髪店、病院を選びますか？,0,0
2554,2026/2/1 18:50,男性アイドル,1151837364,8時間48分,1,26,26.0,0,0,0.049,3.85,0.01,0.14,あと3日,https://detail.chiebukuro.yahoo.co.jp/qa/question_detail/q12324905372,Ald1の中で一番食いしん坊なのはどなたですか？,0,0
2555,2026/2/1 18:50,恋愛相談、人間関係の悩み,匿名,8時間48分,0,0,0.0,0,0,0.0,0.0,0.0,0.0,あと3日,https://detail.chiebukuro.yahoo.co.jp/qa/question_detail/q11324905371,小１の息子A｢男Bが人の家に放火したのを見たんだって｣ 男性警察官C｢誰が見たの？｣ A｢亡くなったお母さん｣ 陰にいる、Aの父D｢それは言わなくていい｣ A｢それは言わなくていいって｣ C｢それは言...,0,0
2556,2026/2/1 18:50,中古マンション,hyde,8時間48分,3,30,10.0,0,0,0.057,10.0,0.01,0.34,あと3日,https://detail.chiebukuro.yahoo.co.jp/qa/question_detail/q14324905369,LDK11.5畳ってどんな感じですか？？ 今中古でマンションも一軒家も含めて家を探しているのですが、築年数が浅めで手頃な家は結構な確率でLDKが11.5畳くらいです。 もちろん狭い分安いんだとは思いま...,0,0
2557,2026/2/1 18:50,カスタマイズ,c465c1a03,8時間48分,1,30,30.0,0,0,0.057,3.33,0.02,0.15,あと3日,https://detail.chiebukuro.yahoo.co.jp/qa/question_detail/q10324905370,走り屋の方にお聞きしたいのですが ツナギが脊椎パッドと肩パットとか入っててごついんですけど バトTを上からきたくて サイズとかってどのくらいのものを買っていますか？,0,0
2558,2026/2/1 18:50,税金,rsm********,8時間48分,2,27,13.5,0,0,0.051,7.41,0.01,0.24,不明,https://detail.chiebukuro.yahoo.co.jp/qa/question_detail/q12324905367,確定申告について質問があります。 毎月イデコを積み立てていますが、１１月と１２月は掛け金を増額しました。しかし、うちの会社では、１０月に年末調整の申告をしなければならず、掛け金の増額前の金額で会社へ申...,0,0
2559,2026/2/1 18:50,国際情勢,glm********,8時間48分,2,27,13.5,0,4,0.051,7.41,0.01,0.47,あと3日,https://detail.chiebukuro.yahoo.co.jp/qa/question_detail/q11324905366,参政党と日本保守党ではどちらが人気ありますか？,0,0
2560,2026/2/1 18:50,中学数学,b5f536669,8時間48分,2,48,24.0,0,2,0.091,4.17,0.02,0.39,不明,https://detail.chiebukuro.yahoo.co.jp/qa/question_detail/q14324905364,この問題の簡単な解き方を教えてください！ 四角形ABCDは1辺の長さが6cmの正方形です。辺CDを2:1に分ける点をEとし，辺CDの延長上に角CBE=角EBFとなる点をとります。このとき、DFの長さを...,0,0
2561,2026/2/1 18:50,学校の悩み,123456759,8時間49分,1,6,6.0,0,0,0.011,16.67,0.0,0.11,あと3日,https://detail.chiebukuro.yahoo.co.jp/qa/question_detail/q10324905365,色紙の寄せ書きを部活で作るんですけど私がマネージャーでどうゆうのか決めてよくて、 先輩が19人いて書く人は40人で人数が多く今までと同じように作ったらすごく高くなってしまいメッセージカードだけでも76...,0,0
2562,2026/2/1 18:50,英語,1051694518,8時間49分,1,47,47.0,0,0,0.089,2.13,0.04,0.18,不明,https://detail.chiebukuro.yahoo.co.jp/qa/question_detail/q13324905363,曲探し 小3.4あたりに、英語の授業で死ぬほど歌わされた歌を探しています。 歌詞のワンフレーズに、 Hello、Hello（Hello、Hello）how are you?（how are you?）...,0,0
2563,2026/2/1 18:49,ダイエット,c55e4b01e,8時間50分,4,28,7.0,0,4,0.053,14.29,0.0,0.66,あと3日,https://detail.chiebukuro.yahoo.co.jp/qa/question_detail/q11324905361,ちょうど1週間後にディズニーに行きます。 なので1週間で痩せる方法を教えてください！ キツくても大丈夫です！,0,0
2564,2026/2/1 18:49,英語,非公開,8時間50分,1,13,13.0,0,0,0.025,7.69,0.0,0.12,あと3日,https://detail.chiebukuro.yahoo.co.jp/qa/question_detail/q14324905359,TOEICの公式問題集についてです。当方TOEIC初心者でTOEICの勉強をはじめようと考えています。英検2級ギリギリ合格レベルです。まずは600点を目標に勉強しようと考えています。 でる単(600点...,0,0
2565,2026/2/1 18:49,日本映画,kgb********,8時間50分,3,23,7.7,0,0,0.043,13.04,0.0,0.33,あと3日,https://detail.chiebukuro.yahoo.co.jp/qa/question_detail/q10324905360,映画 孤狼の血を見たのですが実際にキャバクラにヤクザが乗り込んだり街中で銃撃戦などあったのでしょうか？ あと他の国のギャングとくらべてヤクザは強いのでしょうか？,0,0
2566,2026/2/1 18:49,Windows 全般,c482ab531,8時間50分,2,7,3.5,0,0,0.013,28.57,0.0,0.2,あと3日,https://detail.chiebukuro.yahoo.co.jp/qa/question_detail/q13324905358,windows11でMicrosoftアカウントを追加と押すと問題が発生しました0x80190001とでます,0,0
2567,2026/2/1 18:49,携帯型ゲーム全般,ぽん吉師匠,8時間50分,2,43,21.5,0,0,0.081,4.65,0.02,0.27,あと3日,https://detail.chiebukuro.yahoo.co.jp/qa/question_detail/q12324905357,ブルアカ ブルーアーカイブ 一天井分を臨戦アリスかケイどちらに使えばいいでしょうか？〇〇を持ってるなら〇〇いらないよというような理由もお願いします！自分の心的にはケイなんですがアリスがめちゃ強いらしい...,0,0
2568,2026/2/1 18:49,コミック,a8f0a51d1,8時間50分,2,33,16.5,0,2,0.062,6.06,0.01,0.36,あと3日,https://detail.chiebukuro.yahoo.co.jp/qa/question_detail/q11324905356,ハンターハンターのクラピカとヒソカのレートって同じくらいですか？？ ハンターハンターは基本的に全員人気ですよね？,0,0
2569,2026/2/1 18:49,ピアス,ゆきのやど,8時間50分,1,52,52.0,0,1,0.098,1.92,0.05,0.25,不明,https://detail.chiebukuro.yahoo.co.jp/qa/question_detail/q10324905355,ピアスをニードルで開けたいのですが痛みが軽減されるような軟膏はありますか、、、？ あったら教えて頂きたいです,0,0
2570,2026/2/1 18:49,演劇、ミュージカル,bcfa0898,8時間50分,0,15,15.0,0,0,0.028,0.0,0.0,0.03,あと3日,https://detail.chiebukuro.yahoo.co.jp/qa/question_detail/q14324905354,結婚式の生演奏(ビオラ)でお願いするミュージカル曲のおすすめを教えていただきたいです！ ・ミュージカル曲(2-3曲)以外はクラシックを流す予定 ・明るめだけど、クラシックの中に混ぜても浮かない曲 ・ミ...,0,0
2571,2026/2/1 18:49,家族関係の悩み,c1b3bdb0b,8時間50分,1,42,42.0,0,0,0.079,2.38,0.03,0.17,不明,https://detail.chiebukuro.yahoo.co.jp/qa/question_detail/q13324905353,無理を承知でリップピアス親にバレない方法ありますか？？？考えつく例がニキビパッチぐらいしか思い当たりません,0,0
2572,2026/2/1 18:49,大学受験,ppprn,8時間50分,1,271,271.0,1,0,0.511,0.37,1.38,0.79,あと3日,https://detail.chiebukuro.yahoo.co.jp/qa/question_detail/q11324905351,九州産業大学の自己採したいんですけど、解答出ませんよね？みなさんどうやって自己採してますか？塾とかですかね^^;,0,0
2573,2026/2/1 18:49,料理、食材,sa*********,8時間50分,3,23,7.7,0,5,0.043,13.04,0.0,0.61,不明,https://detail.chiebukuro.yahoo.co.jp/qa/question_detail/q12324905352,あなたの知っているルーローハンに酸味はありますか？,0,0
2574,2026/2/1 18:49,高校受験,みそ,8時間50分,0,4,4.0,0,0,0.008,0.0,0.0,0.01,あと3日,https://detail.chiebukuro.yahoo.co.jp/qa/question_detail/q10324905350,浜松東高校志望してます。 内申26 学力調査82 です。 このような感じなのですが受かると思いますか。,0,0
2575,2026/2/1 18:49,恋愛相談、人間関係の悩み,1152512793,8時間50分,1,20,20.0,0,0,0.038,5.0,0.01,0.13,あと3日,https://detail.chiebukuro.yahoo.co.jp/qa/question_detail/q14324905349,こうゆうバカなコメントする奴が腹立つのですがどうすればいいですか？,0,0
2576,2026/2/1 18:49,高校数学,初心者ですみません,8時間51分,2,28,14.0,0,2,0.053,7.14,0.01,0.35,あと3日,https://detail.chiebukuro.yahoo.co.jp/qa/question_detail/q13324905348,例題193(1)の解答ですが、1/x²<1/n²だとしても∫dx/x²はxがn〜n+1の時のn〜n+1までの1/x²の和ですから『ゆえに』とは結びつけられないと思うんですけど,0,0
2577,2026/2/1 18:49,大学受験,非公開,8時間51分,0,4,4.0,0,0,0.008,0.0,0.0,0.01,あと3日,https://detail.chiebukuro.yahoo.co.jp/qa/question_detail/q12324905347,塾に通っている方に質問です。先生が変わっても特に解き方だったりとか影響ない科目を教えていただきたいです。現代文、古文、英語、日本史でお願いします,0,0
2578,2026/2/1 18:49,邦楽,アクア,8時間51分,20,119,6.0,0,1,0.224,16.81,0.01,2.16,あと3日,https://detail.chiebukuro.yahoo.co.jp/qa/question_detail/q11324905346,【◯ックス】から、思い浮かぶ１曲を教えて下さい♪︎ 文字数は自由、ジャンル問いません。,0,0
2579,2026/2/1 18:49,観光地、行楽地,befef5464,8時間51分,3,35,11.7,0,0,0.066,8.57,0.01,0.35,あと3日,https://detail.chiebukuro.yahoo.co.jp/qa/question_detail/q14324905344,尾道に日帰りで、一人で行こうかと思っています。今回二回目です。ランチがなかなか決まらずにいます。MATINSUNBLE、またたびのどちらか？ 他お好み焼き、など。地元の方、そうじゃない方、オススメあり...,0,0
2580,2026/2/1 18:49,デンタルケア,野口英子,8時間51分,1,18,18.0,0,0,0.034,5.56,0.01,0.13,あと3日,https://detail.chiebukuro.yahoo.co.jp/qa/question_detail/q10324905345,舌の少し奥が白いんですけどこれが俗に言う舌ゴケと言うやつなんでしょうか？ いつも歯磨き粉はアメリカから取り寄せた5分もしたら口の中が痛くなるような刺激の強いものを使っていますがそれは意味ないんですかね...,0,0
2581,2026/2/1 18:49,子育ての悩み,**********,8時間51分,2,48,24.0,0,1,0.09,4.17,0.02,0.33,あと3日,https://detail.chiebukuro.yahoo.co.jp/qa/question_detail/q12324905342,ミニバスで離婚 子供がミニバスをしています。 下の子は4年の終わりに人手不足で誘われて入団し、もう直ぐ卒団です。 娘が5年までは、上の子もお世話になったことからチームにご恩返しと思って、大したことはで...,0,0
2582,2026/2/1 18:49,料理、食材,浪速のたこ,8時間51分,0,4,4.0,0,0,0.008,0.0,0.0,0.01,あと3日,https://detail.chiebukuro.yahoo.co.jp/qa/question_detail/q11324905341,フライパンにクッキングシート敷いて蒸し焼きしたしゅうまい中々美味しく出来ましたが せいろで蒸せばもっと美味しいのでしょうか？,0,0
2583,2026/2/1 18:49,恋愛相談、人間関係の悩み,ien********,8時間51分,2,39,19.5,0,0,0.073,5.13,0.01,0.26,あと3日,https://detail.chiebukuro.yahoo.co.jp/qa/question_detail/q10324905340,21歳大学生の女です。同い年の社会人の彼氏がいます。 今日デートの予定だったのですが、待ち合わせの3時間前に彼から「熱が出たから今日は行けなくなってしまった、予定立ててたのに体調管理できてなくてごめん...,0,0
2584,2026/2/1 18:49,香水,非公開,8時間51分,1,13,13.0,0,1,0.024,7.69,0.0,0.17,あと3日,https://detail.chiebukuro.yahoo.co.jp/qa/question_detail/q14324905339,これ持ってる方に質問です。 匂いの持続時間はどれくらいですか？,0,0
2585,2026/2/1 18:49,小・中学校、高校,magguuggamneo2,8時間51分,1,4,4.0,0,0,0.008,25.0,0.0,0.1,あと3日,https://detail.chiebukuro.yahoo.co.jp/qa/question_detail/q11324905336,学校で来世教育をすべきではないですか？,0,0
2586,2026/2/1 18:49,大学受験,cffa94c05,8時間51分,1,69,69.0,0,0,0.13,1.45,0.09,0.22,不明,https://detail.chiebukuro.yahoo.co.jp/qa/question_detail/q12324905337,学習院の入試コアで最低点55%だったんですけどそんなはずないですよね、? 偏差値換算って書いててよく分からないので説明して欲しいです あと実際なん割とれれば受かるのかも教えて欲しいです!!法学部です,0,0
2587,2026/2/1 18:49,LINE,1151141112,8時間51分,1,15,15.0,0,0,0.028,6.67,0.0,0.12,あと3日,https://detail.chiebukuro.yahoo.co.jp/qa/question_detail/q10324905335,LINE通話の履歴がiPhoneの電話履歴にも表示されると思うんですけど、iPhoneの電話履歴から特定の人だけLINE通話の履歴が消えたらそれは相手が私のことをアカウント削除、 つまり今は相手に友達...,0,0
2588,2026/2/1 18:49,アニメ,1152294297,8時間51分,0,5,5.0,0,0,0.009,0.0,0.0,0.01,あと3日,https://detail.chiebukuro.yahoo.co.jp/qa/question_detail/q14324905334,ビースターズ2期アニメについてですが 結局イブキがルイを裏社会から逃がすために食べようとしてフリーに撃たせた解釈が違う気がするので聞きたいです 簡単に闇市、組から抜け出せない(抜けようとすれば裏切りと...,0,0
2589,2026/2/1 18:49,大学受験,Yahoo知恵袋,8時間52分,1,14,14.0,0,0,0.026,7.14,0.0,0.12,あと3日,https://detail.chiebukuro.yahoo.co.jp/qa/question_detail/q11324905331,岩崎夏海さんの経歴見てて思ったんですが東京藝大って専攻によっては特に芸術関連の専門教育受けてなくともフラッと受験して合格できるもんだったりしますか？大阪芸大とか東京工芸大みたいに。 美大藝大受験生にあ...,0,0
2590,2026/2/1 18:49,鉄道ファン,dog********,8時間52分,2,35,17.5,0,0,0.066,5.71,0.01,0.25,あと3日,https://detail.chiebukuro.yahoo.co.jp/qa/question_detail/q10324905330,国鉄型車両について教えてください。 24系客車のオシ24には床下には3基の大きなタンクが、キハ181系気動車のキサシ180の床下にも3基のタンクが並んでいます。 あれは調理室用の水タンクだと思いますが...,0,0
2591,2026/2/1 18:49,就職活動,cb076fbfe,8時間52分,2,40,20.0,0,2,0.075,5.0,0.01,0.38,あと3日,https://detail.chiebukuro.yahoo.co.jp/qa/question_detail/q14324905329,現在就活中の大学生です。IT業界を見ていて、選考を受ける会社や内定の承諾で悩んでいます。下にあげた会社のランキングをつけていただきたいです。 日立製作所 NEC 富士通 CTC みずほリサーチ＆テクノ...,0,0
2592,2026/2/1 18:49,プロ野球,1053223591,8時間52分,3,33,11.0,1,0,0.062,9.09,0.01,0.53,あと3日,https://detail.chiebukuro.yahoo.co.jp/qa/question_detail/q13324905328,プエルトリコの野球代表監督が野球のWBCについて 「もう日本とアメリカだけでやれば？公平性のない大会」 どう思いますか？まさに組み合わせ抽選もなく開催地もアメリカ、日本。 世界大会とは程遠く茶番という...,0,0
2593,2026/2/1 18:49,日本史,iti********,8時間52分,0,3,3.0,0,0,0.006,0.0,0.0,0.01,あと3日,https://detail.chiebukuro.yahoo.co.jp/qa/question_detail/q11324905326,松平五井（宝飯郡 現・愛知県蒲郡）の6代松平伊昌の二男で、某 四郎兵衛について 何かご存じがなところがあればご教授お願いいたします。,0,0
2594,2026/2/1 18:49,バイク,1151540499,8時間52分,1,14,14.0,0,0,0.026,7.14,0.0,0.12,あと3日,https://detail.chiebukuro.yahoo.co.jp/qa/question_detail/q12324905327,バイクのカウルを塗装してメッキシートをカットして貼るのですが、貼ってからクリア塗装するか先にクリア吹いてから貼るのどちらがよろしいでしょうか？,0,0
2595,2026/2/1 18:49,メイク、コスメ,co2,8時間52分,0,2,2.0,0,0,0.004,0.0,0.0,0.0,あと3日,https://detail.chiebukuro.yahoo.co.jp/qa/question_detail/q10324905325,おすすめの保湿力が高い色付きリップ教えてください！ 普段は画像の使ってます！ リップフォンデュはベタベタしてだめでした 予算は1500円です,0,0
2596,2026/2/1 18:49,iPhone,yuy********,8時間52分,2,26,13.0,0,0,0.049,7.69,0.01,0.24,あと3日,https://detail.chiebukuro.yahoo.co.jp/qa/question_detail/q14324905324,IPhone12proを使ってます。 充電していると、充電ケーブルを繋いだときになる接続音が何回も鳴ります。「フォンッ」みたいな音です。 %表示のところも充電マークが切れたりついたりします。 差し込み...,0,0
2597,2026/2/1 18:49,プロ野球,1052636356,8時間52分,2,5,2.5,0,0,0.009,40.0,0.0,0.2,あと3日,https://detail.chiebukuro.yahoo.co.jp/qa/question_detail/q13324905323,中学生がプロ野球選手になろうと思ったらどんなトレーニングをしますか？1日のルーティンを教えてください,0,0
2598,2026/2/1 18:49,政治、社会問題,こんにちは世界の国からこんにちは,8時間52分,2,20,10.0,0,0,0.038,10.0,0.0,0.22,あと3日,https://detail.chiebukuro.yahoo.co.jp/qa/question_detail/q12324905322,参政党は躍進するそうですが「21世紀の創価学会＝公明党」といったポジションになるのですか？「疎外感を抱えた庶民に寄り添う政党」として存在感を増していくのですか？,0,0
2599,2026/2/1 18:48,コミック,a3u********,8時間53分,0,34,34.0,0,0,0.064,0.0,0.0,0.06,あと3日,https://detail.chiebukuro.yahoo.co.jp/qa/question_detail/q10324905320,ピッコマで連載中の｢幼馴染が私を殺そうとしてきます｣という漫画のネタバレを読んでいたらレリアはカシアンと結ばれると書いてあったのですが、カシアンとはカーリクスの事ですか？,0,0
2600,2026/2/1 18:48,発達障害,1153107504,8時間53分,7,45,6.4,2,0,0.084,15.56,0.01,1.11,あと3日,https://detail.chiebukuro.yahoo.co.jp/qa/question_detail/q14324905319,発達障害があり発達障害の症状にも悩まされてて友達も恋人もできず孤独で自○するのってどう思いますか？仕方ないと思いますか？,0,0
2601,2026/2/1 18:48,スマホアプリ,えい,8時間53分,2,30,15.0,0,0,0.056,6.67,0.01,0.24,あと3日,https://detail.chiebukuro.yahoo.co.jp/qa/question_detail/q12324905317,モンストでフリーレンか超・獣神祭は引いた方が良いのでしょうか？ 引くとすればどっちの方が良いですか？,0,0
2602,2026/2/1 18:48,家族関係の悩み,1251848438,8時間53分,3,19,6.3,0,10,0.036,15.79,0.0,0.88,あと3日,https://detail.chiebukuro.yahoo.co.jp/qa/question_detail/q10324905315,皆さん、こんばんは。私の姉について語りますから、ちゃんと聞いてください。朝10時半過ぎに、箕面市へ出かけました。仕事のために、行きました。仕事終了後は、大阪府内に帰ります。 私はウルサイ姉が帰ったから...,0,0
2603,2026/2/1 18:48,アロマ,gla********,8時間53分,1,12,12.0,1,2,0.022,8.33,0.0,0.41,あと3日,https://detail.chiebukuro.yahoo.co.jp/qa/question_detail/q11324905316,お香の種類と思うのですが以下のものは何と呼ぶのでしょうか？ 器に白い粉を敷き詰めて、道具を使って押し固め、その上に香りが出るであろうお香の原料の茶色い粉をステンシルシートのような一文字模様の型で作り、...,0,0
2604,2026/2/1 18:48,恋愛相談、人間関係の悩み,cdb795571,8時間54分,0,29,29.0,0,0,0.054,0.0,0.0,0.05,あと3日,https://detail.chiebukuro.yahoo.co.jp/qa/question_detail/q14324905314,2ヶ月後に入籍する予定の者です 同棲している彼女が先週、色々不安になっちゃって、と実家に帰ってしまいました 少し落ち着きたいから実家でのんびりしてみるとのことです 少し距離を置いたほうがいいと思い、会...,0,0
2605,2026/2/1 18:48,Suica,1152736197,8時間54分,1,6,6.0,0,0,0.011,16.67,0.0,0.1,あと3日,https://detail.chiebukuro.yahoo.co.jp/qa/question_detail/q13324905313,Suicaの多機能券売機でチャージが現金と専用のクレカ？だけでしか出来ないのちょっと変じゃないですか？これのせいで、「あ！現金の持ち合わせが無い！」ってなったら困るでしょ。電車って時間厳守なのに。,0,0
2606,2026/2/1 18:48,ライブ、コンサート,a40953714,8時間54分,0,5,5.0,0,0,0.009,0.0,0.0,0.01,あと3日,https://detail.chiebukuro.yahoo.co.jp/qa/question_detail/q12324905312,アイカツプリパラ合同ライブのチケットに全て落選してしまいました。 諦める他ないですか？どうしても行きたかったライブなので他に行ける可能性があれば教えて頂きたいです。,0,0
2607,2026/2/1 18:48,飲食店,sin********,8時間54分,3,10,3.3,0,0,0.019,30.0,0.0,0.3,あと3日,https://detail.chiebukuro.yahoo.co.jp/qa/question_detail/q10324905310,現地で食べたことがあるうどんはどれですか？ 下の中で、実際に現地で食べたことがあるうどんを教えてください。※チェーン店は除いてください。 1.讃岐うどん 2.稲庭うどん 3.五島うどん 4.水沢うどん...,0,0
2609,2026/2/1 18:48,クレジットカード,ポチャッコ,8時間54分,0,6,6.0,0,0,0.011,0.0,0.0,0.01,あと3日,https://detail.chiebukuro.yahoo.co.jp/qa/question_detail/q13324905308,Visaプリペの更新で新しいカードが送られてきたら、カードを有効化する必要がないですか？ 何もしなくていいのですか？,0,0
2610,2026/2/1 18:48,邦楽,アクア,8時間54分,19,102,5.4,0,1,0.191,18.63,0.01,2.02,あと3日,https://detail.chiebukuro.yahoo.co.jp/qa/question_detail/q11324905306,【小さい】【小さな】【ミニ】【プチ】【リトル】等が歌われてる、お好きな１曲を教えて下さい♪︎ ジャンル問いません。,0,0
2611,2026/2/1 18:48,情報番組、ワイドショー,ahp********,8時間54分,1,12,12.0,0,0,0.022,8.33,0.0,0.12,あと3日,https://detail.chiebukuro.yahoo.co.jp/qa/question_detail/q12324905307,そこまで言って委員会NPを見ていたら日本チャップリン協会の会長の大野裕之さんがご出演していたので私はチャップリンの映画を生まれて初めて見てみました。とても面白かったです。 しかし、そこまで言って委員会...,0,0
2612,2026/2/1 18:48,職場の悩み,bup********,8時間54分,2,23,11.5,0,0,0.043,8.7,0.0,0.23,あと3日,https://detail.chiebukuro.yahoo.co.jp/qa/question_detail/q13324905303,高校生の子どもがインフルエンザかもしれません。 高校生の子どもがインフルエンザかもしれません。 明日検査に行きますが、仕事をどうすべきか悩んでいます。 現在私の親と完全同居中。 高校生のため、具合のレ...,0,0
2613,2026/2/1 18:48,宿題,.,8時間54分,3,17,5.7,0,0,0.032,17.65,0.0,0.31,あと3日,https://detail.chiebukuro.yahoo.co.jp/qa/question_detail/q12324905302,中学三年生です。標本調査のレポートにて「はっきりしないこと・疑問に思ったこと」を書かないといけないのですが、何も思い浮かばないです。案をいただけたいでしょうか。,0,0
2614,2026/2/1 18:48,一般教養,1151759883,8時間54分,2,14,7.0,0,2,0.026,14.29,0.0,0.32,あと3日,https://detail.chiebukuro.yahoo.co.jp/qa/question_detail/q10324905300,時期を特定するのに 05年って言われたら 西暦と和暦 どちらを想像します？,0,0
2615,2026/2/1 18:48,英語,匿名4678,8時間54分,2,6,3.0,0,0,0.011,33.33,0.0,0.2,あと3日,https://detail.chiebukuro.yahoo.co.jp/qa/question_detail/q11324905301,"英語の受動態の範囲でIO,DOを取れる動詞とhave O ppをとる動詞の見分け方ってなんなんですか。 例えばI was stolen my watch.がなぜダメなのかとstealがIO,DOを用い...",0,0
2616,2026/2/1 18:48,予備校、進学塾,非公開,8時間54分,1,24,24.0,0,0,0.045,4.17,0.01,0.14,あと3日,https://detail.chiebukuro.yahoo.co.jp/qa/question_detail/q14324905299,至急 河合塾に通っている方に質問です。講座を変えたいと思っていた締切だった先生がキャンセルが出たのか締切間近に変わっていました。 ですが、校舎が営業時間外なので電話とか連絡して変更とかできないのですが...,0,0
2617,2026/2/1 18:48,デンタルケア,1150128117,8時間54分,1,20,20.0,0,0,0.037,5.0,0.01,0.13,あと3日,https://detail.chiebukuro.yahoo.co.jp/qa/question_detail/q13324905298,歯の着色汚れに悩んでいます。 ※注意※ 口腔内の写真あります。 20代後半女です。 1日のうちに、朝コーヒー1杯、夜ミルクティー1杯飲むだけの生活です。 タバコも吸っていません。 ですが、歯医者に行っ...,0,0
2618,2026/2/1 18:48,英語,1250204779,8時間55分,4,26,6.5,0,0,0.049,15.38,0.0,0.42,あと3日,https://detail.chiebukuro.yahoo.co.jp/qa/question_detail/q12324905297,"He is not willing to study hard for the exam, ()he wants to get a good grade. かっこに入るのは、なぜsoでBecauseじ...",0,0
2619,2026/2/1 18:48,鉄道、列車、駅,fiy********,8時間55分,2,38,19.0,1,1,0.071,5.26,0.01,0.5,あと3日,https://detail.chiebukuro.yahoo.co.jp/qa/question_detail/q10324905295,八高線八王子から八高線経由上越線後閑までで途中下車のために高崎〜上毛高原を新幹線経由にして八王子〜上毛高原の乗車券にすれば高崎問屋町〜沼田でも途中下車しながら後閑へ行けますが？,0,0
2620,2026/2/1 18:48,韓国・朝鮮語,sde3460032a,8時間55分,2,19,9.5,1,0,0.036,10.53,0.0,0.41,あと3日,https://detail.chiebukuro.yahoo.co.jp/qa/question_detail/q12324905292,성격と용기でㄱの発音が違うのはなぜでしょうか。 性格と勇気の韓国語の発音なんですけど、漢字だからどっちも濃音化されるのかと思ったら勇気は有声音化するんですよね。違いが分かりません。,0,0
2621,2026/2/1 18:48,資産運用、投資信託、NISA,1251829901,8時間55分,7,118,16.9,0,5,0.22,5.93,0.04,1.15,あと3日,https://detail.chiebukuro.yahoo.co.jp/qa/question_detail/q13324905293,"新NISAの非課税枠、最短だと5年で1,800万円を使い切った後、皆さんはどうされる予定ですか？ 特定口座での投資を続けるか、非課税枠のみで辞めてあとは手堅く銀行の定期預金や国債にするかなど。",0,0
2622,2026/2/1 18:48,政治、社会問題,aa4033324,8時間55分,0,5,5.0,0,0,0.009,0.0,0.0,0.01,あと3日,https://detail.chiebukuro.yahoo.co.jp/qa/question_detail/q11324905291,竹原はんの素踊りとマイケルジャクソンの踊りを比較して欲しい。日本文化の変容の問題だ。,0,0
2623,2026/2/1 18:48,飛行機、空港,1253108873,8時間55分,2,24,12.0,1,0,0.045,8.33,0.01,0.42,あと3日,https://detail.chiebukuro.yahoo.co.jp/qa/question_detail/q10324905290,至急です。 今週末(7日)って函館は大雪ですかね…？ 友達が関西に遊びに来る予定なのですがウェザーニュースで予測を見ると最高−6度最低−10度で大雪の見込みありと書いていました。 なんか月も前から凄く...,0,0
2624,2026/2/1 18:48,アルバイト、フリーター,1253131217,8時間55分,1,17,17.0,0,0,0.032,5.88,0.01,0.12,あと3日,https://detail.chiebukuro.yahoo.co.jp/qa/question_detail/q14324905289,スシローのバイトに応募しようと思うのですが、録画面接より対面面接の方が印象が良いなどありますか？どちらも同じ扱いでしょうか？,0,0
2625,2026/2/1 18:48,高校受験,cf353573b,8時間55分,0,10,10.0,0,0,0.019,0.0,0.0,0.02,あと3日,https://detail.chiebukuro.yahoo.co.jp/qa/question_detail/q13324905288,志望校が定員割れしていました。 私はもともと内申は平均より少し高いくらいで点数はいつも20点〜30点ほど足りない状況です。受かると思いますか？,0,0
2626,2026/2/1 18:48,ゲーム,bfd150f02,8時間55分,3,7,2.3,0,0,0.013,42.86,0.0,0.29,あと3日,https://detail.chiebukuro.yahoo.co.jp/qa/question_detail/q12324905287,あつ森の素朴なパーティーライトがタヌポートにないのですが解放条件とかありますか？ちなみにまだとたけけ呼んでないのですが関係ありますか？,0,0
2627,2026/2/1 18:48,メルカリ,M,8時間55分,1,41,41.0,0,0,0.077,2.44,0.03,0.17,あと3日,https://detail.chiebukuro.yahoo.co.jp/qa/question_detail/q11324905286,ゆうゆうメルカリ便で6日たっても相手に届かず、お問い合わせ番号が見つかりません。と出ます。今発送したものはどこにあるのでしょうか？この場合私はどうすれば良いのでしょうか？,0,0
2628,2026/2/1 18:48,労働条件、給与、残業,tamago,8時間55分,3,17,5.7,0,0,0.032,17.65,0.0,0.31,あと3日,https://detail.chiebukuro.yahoo.co.jp/qa/question_detail/q10324905285,給料は振り込みですか？,0,0
2629,2026/2/1 18:48,結婚,ajgtm,8時間55分,4,55,13.8,0,4,0.103,7.27,0.01,0.7,あと3日,https://detail.chiebukuro.yahoo.co.jp/qa/question_detail/q14324905284,付き合って半年の彼がいます。どちらも30代です。今年に入って彼から一緒に住まない？ と提案されました。私は早く結婚したいので、同棲するぐらいなら結婚したいと言いました。彼はとても誠実で私のことをとても...,0,0
2630,2026/2/1 18:48,デンタルケア,サクラ,8時間55分,0,8,8.0,0,0,0.015,0.0,0.0,0.01,あと3日,https://detail.chiebukuro.yahoo.co.jp/qa/question_detail/q13324905283,舌で前歯を触った時違和感があったので見てみると、上の歯の前歯の角が少し欠けてました。 見た目わからない0.1mm程度ですが、歯医者に行った方がいいですか？,0,0
2631,2026/2/1 18:48,賃貸物件,lov********,8時間55分,2,16,8.0,0,0,0.03,12.5,0.0,0.22,あと3日,https://detail.chiebukuro.yahoo.co.jp/qa/question_detail/q12324905282,50平米の1LDKはどんなイメージですか？ 広いですか？,0,0
2632,2026/2/1 18:48,恋愛相談、人間関係の悩み,a2af36b4f,8時間56分,2,14,7.0,0,0,0.026,14.29,0.0,0.21,あと3日,https://detail.chiebukuro.yahoo.co.jp/qa/question_detail/q11324905281,高一男子 [工業]です 一昨日彼女と別れました ドタイプすぎてずっと泣いていて友達が家まできてくれたり一緒に夜ご飯食べに行ってくれたりしました。非リアでも悪くないと思えましたがやっぱり頭の中にずっと元...,0,0
2633,2026/2/1 18:48,デンタルケア,vol********,8時間56分,1,18,18.0,0,0,0.034,5.56,0.01,0.13,あと3日,https://detail.chiebukuro.yahoo.co.jp/qa/question_detail/q14324905279,歯科治療について質問です。 左下一番奥に銀歯があります。全体的に覆われた銀歯です。その一つ手前に上っ面だけの銀歯が被さっていて、それが外れてしまいました。 その外れた銀歯は行きつけの歯医者で治療したも...,0,0
2634,2026/2/1 18:48,プレイステーション4,、。,8時間56分,3,4,1.3,0,2,0.007,75.0,0.0,0.4,あと3日,https://detail.chiebukuro.yahoo.co.jp/qa/question_detail/q12324905277,バイオハザードでストーリー要素が削られたRE:３か、不評の５か、どっちがまだマシですか？,0,0
2635,2026/2/1 18:48,リズム、音楽ゲーム,コハク虫,8時間56分,0,4,4.0,0,0,0.007,0.0,0.0,0.01,あと3日,https://detail.chiebukuro.yahoo.co.jp/qa/question_detail/q11324905276,TaikøNautsダウンロードしたのですが楽曲の追加の仕方が分かりません、どなたか教えていただけると嬉しいです。,0,0
2636,2026/2/1 18:48,Yahoo!ショッピング,*****,8時間56分,0,5,5.0,0,0,0.009,0.0,0.0,0.01,あと3日,https://detail.chiebukuro.yahoo.co.jp/qa/question_detail/q10324905275,期間限定paypayポイントが1000くらいあります。特に欲しいものありません。何を買えばいいでしょうか？,0,0
2637,2026/2/1 18:48,インフルエンザ,1051431823,8時間56分,2,21,10.5,0,0,0.039,9.52,0.0,0.23,あと3日,https://detail.chiebukuro.yahoo.co.jp/qa/question_detail/q14324905274,インフルについて 自分がインフルの検査を受けたほうがいいのかについて質問です。 学校でインフルが流行ってます、多分b型 インフルが流行り、その日あたりに頭のこめかみの部分やその奥に圧迫感がありました。...,0,0
2638,2026/2/1 18:47,病気、症状,忘らるる,8時間57分,1,26,26.0,0,3,0.048,3.85,0.01,0.31,あと3日,https://detail.chiebukuro.yahoo.co.jp/qa/question_detail/q13324905273,先週の火曜から、バ先では動きが鈍いと言われ、学校では貧血みたいな顔をしてると言われ、その次の日には病気みたいな顔をしてると言われました。 そして今日の10時42分に7度3部、12時12分に8度2部、1...,0,0
2639,2026/2/1 18:47,恋愛相談、人間関係の悩み,vyj********,8時間57分,1,8,8.0,0,0,0.015,12.5,0.0,0.11,あと3日,https://detail.chiebukuro.yahoo.co.jp/qa/question_detail/q12324905272,弱い女性と強い男は存在しない。というか、女性＞＞＞＞＞＞＞＞＞男ですか？（正確には、＞の数はもっとありますがキリがないので便宜上これだけで失礼します）,0,0
2640,2026/2/1 18:47,料理、食材,R0827,8時間57分,1,6,6.0,0,0,0.011,16.67,0.0,0.1,あと3日,https://detail.chiebukuro.yahoo.co.jp/qa/question_detail/q10324905270,はい。 中国の給食は、ジャージャー麺、チャーハン、焼売、餃子、ソース焼きそば、しいたけそばですか？,0,0
2641,2026/2/1 18:47,恋愛相談、人間関係の悩み,ith********,8時間57分,1,17,17.0,0,0,0.032,5.88,0.01,0.12,不明,https://detail.chiebukuro.yahoo.co.jp/qa/question_detail/q13324905268,現金払いをしている人やニーサなどの投資をしていない人をバカにする人がいますが何のためにバカにするのですか。他人のことなど気にせず勝手にキャッシュレスで支払い勝手に投資をしていればいいのではないですか。,0,0
2642,2026/2/1 18:47,転職,ＩＤ非公開,8時間57分,4,12,3.0,0,0,0.022,33.33,0.0,0.39,あと3日,https://detail.chiebukuro.yahoo.co.jp/qa/question_detail/q12324905267,転職を3社しか受けない場合、受かりますか。 狭き門の条件なので3社しかありません。 尚、新卒ではないとします。,0,0
2643,2026/2/1 18:47,テーマパーク,c451dc0d2,8時間57分,1,36,36.0,0,1,0.067,2.78,0.02,0.22,あと3日,https://detail.chiebukuro.yahoo.co.jp/qa/question_detail/q10324905265,2月にユニバーサルスタジオジャパンへ行く予定なのですが、足を骨折してしまい膝上から足の裏辺りまでギブスで固定されている状態です。 5歳なので松葉杖が難しいです。 この場合サポートパスは適応するのでしょ...,0,0
2644,2026/2/1 18:47,Instagram,be599adad,8時間57分,3,110,36.7,0,0,0.205,2.73,0.08,0.48,不明,https://detail.chiebukuro.yahoo.co.jp/qa/question_detail/q14324905264,インスタでブロックされている方法をしりたいです。至急お願いします。画像ではこうなっています。,0,0
2645,2026/2/1 18:47,家族関係の悩み,パンチパーマ,8時間57分,3,27,9.0,0,1,0.05,11.11,0.0,0.38,あと3日,https://detail.chiebukuro.yahoo.co.jp/qa/question_detail/q12324905262,母が酔っ払って帰ってきてそのまま玄関で寝てしまいました。 肩をたたくなどして起こそうとしたのですが「うん」と言うだけでなかなか起きません。家に大人はいないです。玄関は寒いので起きて別の場所で寝てほしい...,0,0
2646,2026/2/1 18:47,バイク,xxc********,8時間57分,0,6,6.0,0,0,0.011,0.0,0.0,0.01,あと3日,https://detail.chiebukuro.yahoo.co.jp/qa/question_detail/q11324905261,スティード 400について質問です。エアクリーナーボックスの裏にあるこの画像のホースがどこに繋がってるか教えてください。,0,0
2647,2026/2/1 18:47,生き方、人生相談,秋霜烈日,8時間57分,3,9,3.0,0,0,0.017,33.33,0.0,0.3,あと3日,https://detail.chiebukuro.yahoo.co.jp/qa/question_detail/q14324905259,あなたは死を恐れますか？ 私は恐れません。 嘘です。 恐すぎて考えることをやめただけです,0,0
2648,2026/2/1 18:47,この仕事教えて,みかん,8時間57分,3,45,15.0,0,3,0.084,6.67,0.01,0.53,不明,https://detail.chiebukuro.yahoo.co.jp/qa/question_detail/q10324905260,教員を志望しており、養護教諭、中学校の技術の先生、高校の情報の先生の３つに興味があります。それぞれの魅力と大変だと感じる点について、教員経験のある方に教えていただきたいです。 保護者対応や残業、生徒と...,0,0
2649,2026/2/1 18:47,ご近所の悩み,PS5好きのウマ娘マニア,8時間58分,4,59,14.8,1,5,0.11,6.78,0.02,0.94,あと3日,https://detail.chiebukuro.yahoo.co.jp/qa/question_detail/q12324905257,雪国に住むメリットは何？ 罰ゲームとしか思えないが,0,0
2650,2026/2/1 18:47,事件、事故,チェリアン,8時間58分,0,3,3.0,0,0,0.006,0.0,0.0,0.01,あと3日,https://detail.chiebukuro.yahoo.co.jp/qa/question_detail/q11324905256,LINEのメッセージなんていくらでも工作可能ですか？ スキャンダルでLINEの履歴が週刊誌に載りますが、工作したものもありますか？,0,0
2651,2026/2/1 18:47,男性アイドル,ciel,8時間58分,0,4,4.0,0,0,0.007,0.0,0.0,0.01,あと3日,https://detail.chiebukuro.yahoo.co.jp/qa/question_detail/q14324905254,cdtv春の大感謝祭、本人確認はあるんでしょうか。 昨年はどうだったんですかね？,0,0
2652,2026/2/1 18:47,自転車、サイクリング,cff950100,8時間58分,7,70,10.0,0,4,0.13,10.0,0.01,1.0,不明,https://detail.chiebukuro.yahoo.co.jp/qa/question_detail/q12324905252,自転車を定期的に点検というかメンテナンスしようと思うんですけど初心者でも分かる簡単なメンテを教えてください。 あとはみなさんは自転車のフレーム部分？を洗う時は何使ってますか？中性洗剤でいいんですか？ち...,0,0
2653,2026/2/1 18:47,コミュニケーションサービス,1151128412,8時間58分,0,16,16.0,0,0,0.03,0.0,0.0,0.03,あと3日,https://detail.chiebukuro.yahoo.co.jp/qa/question_detail/q13324905253,wickの公式ユーザー申請について、わかる方よければアドバイスをください。 私は先月の中旬辺りからwickを初め、一週間程前に申請をしました。 しかし中々通らず文を追加してみたり、他SNSのリンクを増...,0,0
2654,2026/2/1 18:47,DTM,cf41c49a7,8時間58分,1,16,16.0,1,0,0.03,6.25,0.0,0.31,あと3日,https://detail.chiebukuro.yahoo.co.jp/qa/question_detail/q11324905251,GarageBandで音を徐々に大きくするのはどうやってやるんですか？,0,0
2655,2026/2/1 18:47,小説,翠,8時間58分,5,47,9.4,0,0,0.087,10.64,0.01,0.55,あと3日,https://detail.chiebukuro.yahoo.co.jp/qa/question_detail/q10324905250,初めて小説の面白さを知ったのは大学生になってからでした。 それも21歳になってから。 切っ掛けは「罪と罰」でした。 ドストエフスキーという人は凄い人だなと思いました。 あなたは小説家ではどの小説家が凄...,0,0
2656,2026/2/1 18:47,高校受験,cf353573b,8時間58分,2,62,31.0,0,0,0.115,3.23,0.04,0.3,不明,https://detail.chiebukuro.yahoo.co.jp/qa/question_detail/q12324905247,志望校が定員割れしていました。 私はもともと内申は平均より少し高いくらいで点数はいつも20点〜30点ほど足りない状況です。受かると思いますか？,0,0
2657,2026/2/1 18:47,大学受験,cffa94c05,8時間58分,1,64,64.0,0,0,0.119,1.56,0.08,0.21,不明,https://detail.chiebukuro.yahoo.co.jp/qa/question_detail/q11324905246,明治大学法学部受ける人2月3日位まで受験票印刷できませんよね?! 1校だけ遅すぎて心配なんですけど、,0,0
2658,2026/2/1 18:47,政治、社会問題,非公開,8時間58分,3,17,5.7,0,0,0.032,17.65,0.0,0.31,あと3日,https://detail.chiebukuro.yahoo.co.jp/qa/question_detail/q14324905244,田中康夫は、長野の役所で 名刺を目の前で役人に折り曲げられました。 役人は、なぜそんなことをしたのですか？,0,0
2659,2026/2/1 18:47,ポケットモンスター,oka********,8時間58分,1,23,23.0,0,0,0.043,4.35,0.01,0.14,あと3日,https://detail.chiebukuro.yahoo.co.jp/qa/question_detail/q13324905243,ポケモン詳しい方お願いします。 ふわってしてて申し訳ないのですが一番強いポケモンってどのポケモンだと思いますか？ 対面の強さだったりシンプルに能力の高さです。 性格や努力値振りによる、持ち物による、ゲ...,0,0
2660,2026/2/1 18:47,妊娠、出産,ほみ,8時間58分,1,32,32.0,0,0,0.059,3.12,0.02,0.15,あと3日,https://detail.chiebukuro.yahoo.co.jp/qa/question_detail/q12324905242,28週の妊婦です。 次回2月3日の検診で子宮頸管の長さを測るそうなのですが、緊急入院とかにならないか不安です… 20週と24週あたりで子宮頸管の長さと早産リスクを調べるフィブロネクチン検査？というおり...,0,0
2661,2026/2/1 18:47,これ、探してます,c80f71dd2,8時間58分,0,6,6.0,0,0,0.011,0.0,0.0,0.01,あと3日,https://detail.chiebukuro.yahoo.co.jp/qa/question_detail/q10324905240,プロジェクトセカイのグッズについてです メモステの長いステッカーと短いステッカー アニメイト特典の箔押しイラストカードとクリアしおり 以上のスリーブ、クリアポケット(OPP袋)を探しております ダイソ...,0,0
2662,2026/2/1 18:47,コスメ、美容,1150510393,8時間58分,0,10,10.0,0,0,0.019,0.0,0.0,0.02,あと3日,https://detail.chiebukuro.yahoo.co.jp/qa/question_detail/q14324905239,口の縁が白いのを治したいです※写真注意 写真の丸のところのように口の端が白いです。光の反射で白いわけではありません。小さいときから唇を舐めるくせがあったのですがそのせいでしょうか？ リップやペンシルで...,0,0
2663,2026/2/1 18:47,ゲーム,1051578793,8時間58分,1,15,15.0,0,2,0.028,6.67,0.0,0.23,不明,https://detail.chiebukuro.yahoo.co.jp/qa/question_detail/q13324905238,オクトラ0の裏ボスの『祖竜アマツカミノオロチ』って １回倒したらもう戦えないんでしょうか？,0,0
2664,2026/2/1 18:47,恋愛相談、人間関係の悩み,1251632108,8時間58分,3,43,14.3,0,0,0.08,6.98,0.01,0.36,あと3日,https://detail.chiebukuro.yahoo.co.jp/qa/question_detail/q12324905237,4ヶ月付き合った彼氏に振られました。 上京するため、別れて欲しいとの事でした。 遠距離もついていくことも提案しましたが、両方断られました。 別れ話の直近に、心の距離があって不安という旨を伝え話し合いを...,0,0
2665,2026/2/1 18:47,ドコモ,a11e49284,8時間59分,1,26,26.0,0,0,0.048,3.85,0.01,0.14,あと3日,https://detail.chiebukuro.yahoo.co.jp/qa/question_detail/q11324905236,ドコモから楽天に機種、電話番号そのまま、で乗り換えようと思ってるんですけどこれ8万ほど支払わないといけないんですか？3年後に携帯返してくれれば大丈夫と伺っているのですが、,0,0
2666,2026/2/1 18:47,福祉、介護,xz********,8時間59分,1,20,20.0,0,0,0.037,5.0,0.01,0.13,あと3日,https://detail.chiebukuro.yahoo.co.jp/qa/question_detail/q10324905235,もし自分が高齢者になったり障害者になったりしたら どのような生活が待っているのか 一定の想像力は必要でしょうか？,0,0
2667,2026/2/1 18:47,恋愛相談、人間関係の悩み,^._.^,8時間59分,1,19,19.0,0,0,0.035,5.26,0.01,0.13,あと3日,https://detail.chiebukuro.yahoo.co.jp/qa/question_detail/q14324905234,自分の顔が嫌いで嫌いで仕方ないのですがどうしたら自分の顔を好きになれますか？ ほんとに嫌です。鏡を見たら泣くし可愛い子を見たら比べて落ち込みます。自分の顔が嫌いだったけど好きになれた！っていう方います...,0,0
2668,2026/2/1 18:47,恋愛相談、人間関係の悩み,非公開,8時間59分,1,24,24.0,0,0,0.045,4.17,0.01,0.14,あと3日,https://detail.chiebukuro.yahoo.co.jp/qa/question_detail/q13324905233,特定の女性とLINEしたり出かけていることをいちいち言ってくるのに、「好きなんでしょ？」と聞くと「ただの友達、お互い何も思ってない」と言ってくる男性がいます。 嫉妬させたいのかな？と思いましたが、それ...,0,0
2669,2026/2/1 18:46,家族関係の悩み,1052991610,9時間0分,2,16,8.0,0,1,0.03,12.5,0.0,0.27,あと3日,https://detail.chiebukuro.yahoo.co.jp/qa/question_detail/q12324905232,夕飯後ソファに顔を突っ伏してる弟に父がどーした？って聞いていたので、私が話しかけられたくないってーって言ってしまいました。 普段から私にデブだのバカだの言ってくるので私も父にタバコ臭いなど太ってきたな...,0,0
2670,2026/2/1 18:46,iPhone,lD非公開,9時間0分,0,4,4.0,0,0,0.007,0.0,0.0,0.01,あと3日,https://detail.chiebukuro.yahoo.co.jp/qa/question_detail/q11324905231,iPhoneの利用頻度が高い場所って、デフォルトではオンになってますか？,0,0
2671,2026/2/1 18:46,ダイエット,bes********,9時間0分,4,42,10.5,0,0,0.078,9.52,0.01,0.45,あと3日,https://detail.chiebukuro.yahoo.co.jp/qa/question_detail/q10324905230,太っている人の場合は、毎日朝食を抜く方が、毎日5kmのウォーキングをするよりも、継続困難ですか？,0,0
2672,2026/2/1 18:46,税金,a85e58978,9時間0分,2,36,18.0,0,2,0.067,5.56,0.01,0.36,あと3日,https://detail.chiebukuro.yahoo.co.jp/qa/question_detail/q13324905228,"還付金の払い戻し後の給与について 教えて頂きたいです。 普段の給与は総支給額500,000円で 税金等引かれて 手取り390,000円程ですが、 今年1月は還付金190,000円 ありましたが、 手取...",0,0
2673,2026/2/1 18:46,資格,1252864691,9時間0分,3,90,30.0,0,1,0.166,3.33,0.05,0.5,あと3日,https://detail.chiebukuro.yahoo.co.jp/qa/question_detail/q11324905226,昨日と今日の歯科医師国家試験終わりましたか。,0,0
2674,2026/2/1 18:46,ライブ、コンサート,a83df0e53,9時間0分,2,3,1.5,0,0,0.006,66.67,0.0,0.19,あと3日,https://detail.chiebukuro.yahoo.co.jp/qa/question_detail/q10324905225,popyors2026はもうチケット販売もうないですかね？,0,0
2675,2026/2/1 18:46,オークション、フリマサービス,1150487808,9時間0分,2,13,6.5,0,0,0.024,15.38,0.0,0.21,不明,https://detail.chiebukuro.yahoo.co.jp/qa/question_detail/q14324905224,ジモティーって現地引き取りしか取引出来ないのですか？郵送してくださいとか交渉出来ないのでしょうか?,0,0
2676,2026/2/1 18:46,FIFAワールドカップ,亀井ではなく仮名（仮名）,9時間0分,1,9,9.0,0,0,0.017,11.11,0.0,0.11,あと3日,https://detail.chiebukuro.yahoo.co.jp/qa/question_detail/q13324905223,ＦＩＦＡサッカーワールドカップ2026北中米大会 報道によると日本の主力選手である久保選手、鎌田選手、南野選手が負傷中です。 大会前に主力選手を潰すのも作戦の一つでしょうか?,0,0
2677,2026/2/1 18:46,ゲーム,1252239902,9時間0分,0,8,8.0,0,0,0.015,0.0,0.0,0.01,あと3日,https://detail.chiebukuro.yahoo.co.jp/qa/question_detail/q11324905221,クラロワのバトルパスの課金どう思いますか。ちなみにまだ初心者で3000帯です。,0,0
2678,2026/2/1 18:46,Xbox,あいう,9時間0分,0,4,4.0,0,0,0.007,0.0,0.0,0.01,あと3日,https://detail.chiebukuro.yahoo.co.jp/qa/question_detail/q12324905222,XboxseriesXでMSFS2024は今は快適に遊べますか？やっぱりラグりますか？,0,0
2679,2026/2/1 18:46,げっ歯類、ウサギ,b4510a610,9時間0分,0,10,10.0,0,0,0.018,0.0,0.0,0.02,あと3日,https://detail.chiebukuro.yahoo.co.jp/qa/question_detail/q10324905220,ハムスターついて質問です。 ジャンガリアンのメス(もうすぐ1歳)の子が、以前、病院でレーザー手術のミスをされてから、体力復活のために副食を多くしていました。 生野菜、ドライ野菜、豆腐ドーナツ、煮干し、...,0,0
2680,2026/2/1 18:46,男性アイドル,まさ,9時間1分,1,55,55.0,0,1,0.102,1.82,0.06,0.25,あと3日,https://detail.chiebukuro.yahoo.co.jp/qa/question_detail/q14324905219,STARTO ENTERTAINMENT （旧ジャニーズ）はこれからどうなると思いますか？当方テレビっ子の嵐世代です。テレビをつければVS嵐、嵐にしやがれ、Mステは2週連続嵐の時代です。その嵐の活動の...,0,0
2681,2026/2/1 18:46,パチンコ,ゆまちゃん,9時間1分,3,64,21.3,0,0,0.118,4.69,0.03,0.39,あと3日,https://detail.chiebukuro.yahoo.co.jp/qa/question_detail/q13324905218,誰も打ってないパチンコ台に2600玉ありました僕は誰よりも早く気づきましたがあとからパチンコ屋の店員が来て気づき知らんぷりをしてたら呼び出しがかかり見つけたみたいです本当にその人かな？,0,0
2682,2026/2/1 18:46,バラエティ、お笑い,フェニックス（Phoenix）,9時間1分,3,17,5.7,0,2,0.031,17.65,0.0,0.42,あと3日,https://detail.chiebukuro.yahoo.co.jp/qa/question_detail/q12324905217,テレ東の【デカ盛りハンター】は好きですか？,0,0
2683,2026/2/1 18:46,大学受験,shi********,9時間1分,1,20,20.0,0,0,0.037,5.0,0.01,0.13,あと3日,https://detail.chiebukuro.yahoo.co.jp/qa/question_detail/q10324905215,浪人したときに、講師の先生から言われて勇気付けられた言葉はありますか？ 私は、先生から、「大丈夫、一年やったんだから、どこかの大学には受かるよ」と言われました。最初は、「無責任だなぁ」ってかんじました...,0,0
2684,2026/2/1 18:46,宿題,あ,9時間1分,1,31,31.0,0,2,0.057,3.23,0.02,0.26,あと3日,https://detail.chiebukuro.yahoo.co.jp/qa/question_detail/q13324905213,看護学生で関連図を書くのに困ってます！緊急です！お願いします！(T_T) 例えばなのですが、心不全の話で肺うっ血があったり、spo2 80%後半だったりしてたけど、もう今は改善してて、身体面では特に問...,0,0
2685,2026/2/1 18:46,大学受験,b855e2448,9時間1分,0,42,42.0,0,0,0.078,0.0,0.0,0.08,あと3日,https://detail.chiebukuro.yahoo.co.jp/qa/question_detail/q14324905214,河合塾高一第3回全統記述模試で数学の偏差値が57でした。新高２生として駿台（大宮校）に行こうと思っています、数学のみ受講し難関クラスに入りたいです。 私はこんな偏差値ですが駿台に通っても大丈夫なんでし...,0,0
2686,2026/2/1 18:46,占い,a88973703,9時間1分,2,24,12.0,0,0,0.044,8.33,0.01,0.23,あと3日,https://detail.chiebukuro.yahoo.co.jp/qa/question_detail/q12324905212,占い師に 60歳過ぎたら生きてるか聞いたら Yesとは言いませんでした Noとも言いませんでした 何歳まで生きるか聞いたら60歳は…… って感じでした どういうことですか？ 占い的には60歳までは生き...,0,0
2687,2026/2/1 18:46,国際情勢,ohc********,9時間1分,2,18,9.0,0,0,0.033,11.11,0.0,0.22,あと3日,https://detail.chiebukuro.yahoo.co.jp/qa/question_detail/q11324905211,北朝鮮の平壌は岡山県の津山市よりも都会ですか？,0,0
2688,2026/2/1 18:46,国際情勢,あーあーあー,9時間1分,0,4,4.0,0,0,0.007,0.0,0.0,0.01,あと3日,https://detail.chiebukuro.yahoo.co.jp/qa/question_detail/q10324905210,親ウクライナの人と親パレスチナの人って常に喧嘩してますが何故でしょうか？,0,0
2689,2026/2/1 18:46,大学受験,1053180469,9時間1分,0,12,12.0,0,0,0.022,0.0,0.0,0.02,あと3日,https://detail.chiebukuro.yahoo.co.jp/qa/question_detail/q14324905209,前橋工科大学を受験しようと考えている受験生です 添付した写真は2026年の一般選抜のホームページの写真です これは各学科の合格最低点はなく学群の最低点を超えていれば合格できるということでしょうか？ ご...,0,0
2690,2026/2/1 18:46,Yahoo!知恵袋,t,9時間1分,1,3,3.0,0,0,0.006,33.33,0.0,0.1,あと3日,https://detail.chiebukuro.yahoo.co.jp/qa/question_detail/q13324905208,知恵袋をやりながら、ユーチューブ、ティーバーを観ながらご飯を食べると胃腸に良く無いですか？,0,0
2691,2026/2/1 18:46,菓子、スイーツ,1151237855,9時間1分,0,7,7.0,0,0,0.013,0.0,0.0,0.01,あと3日,https://detail.chiebukuro.yahoo.co.jp/qa/question_detail/q12324905207,皆さんはバレンタインなに作りますか！ 本命用で！,0,0
2692,2026/2/1 18:46,料理、食材,418の名ｐ,9時間1分,8,60,7.5,0,1,0.111,13.33,0.01,0.9,あと3日,https://detail.chiebukuro.yahoo.co.jp/qa/question_detail/q11324905206,毎日のご飯についてです。 来月から一人暮らしを始めることになり、アパートでの生活がいよいよ始まります。日々の食事は自炊を中心に考えていますが、基本的にはアルバイトの給料をもとに生活するため、できるだけ...,0,0
2693,2026/2/1 18:46,アニメ,1152781395,9時間1分,2,19,9.5,0,0,0.035,10.53,0.0,0.22,あと3日,https://detail.chiebukuro.yahoo.co.jp/qa/question_detail/q10324905205,呪術廻戦見た事ないのですが、乙骨くんのこの写真が好きすぎます。どこのシーンか教えて欲しいです。,0,0
2694,2026/2/1 18:46,バンド,mmy********,9時間2分,2,3,1.5,0,0,0.006,66.67,0.0,0.19,あと3日,https://detail.chiebukuro.yahoo.co.jp/qa/question_detail/q14324905204,質問をさせてください。ベースのSTERLING by MUSICMANがありますが、 同じ4弦でも７万円台から１５万円以上するものまであります。違いななんでしょうか？,0,0
2695,2026/2/1 18:46,男性アイドル,R0827,9時間2分,0,8,8.0,0,0,0.015,0.0,0.0,0.01,あと3日,https://detail.chiebukuro.yahoo.co.jp/qa/question_detail/q13324905203,はい。 ACEes 5人のメンバーのうち、写真の中で1番好きな人は、だれですか？ フルネームで言ってください,0,0
2696,2026/2/1 18:46,アルバイト、フリーター,うま,9時間2分,0,3,3.0,0,0,0.006,0.0,0.0,0.01,あと3日,https://detail.chiebukuro.yahoo.co.jp/qa/question_detail/q12324905202,居酒屋のアルバイトしたことある方に質問です どんなことが大変ですか？また嘔吐処理はどんな感じでするのですか 教えてください,0,0
2697,2026/2/1 18:46,自動車,1052603992,9時間2分,2,26,13.0,0,0,0.048,7.69,0.01,0.23,あと3日,https://detail.chiebukuro.yahoo.co.jp/qa/question_detail/q11324905201,SUBARUって通勤はスバル車だけとかありますか？,0,0
2698,2026/2/1 18:46,スマホアプリ,888888888,9時間2分,0,6,6.0,0,0,0.011,0.0,0.0,0.01,あと3日,https://detail.chiebukuro.yahoo.co.jp/qa/question_detail/q10324905200,ぷよクエで星7にするのがおすすめなキャラを教えてください。 今、所持しているコスト60のキャラはリャタフー1体です。 他に必要な情報があれば答えます。 よろしくお願いします( . .),0,0
2699,2026/2/1 18:46,数学,1251931562,9時間2分,2,29,14.5,0,0,0.053,6.9,0.01,0.24,あと3日,https://detail.chiebukuro.yahoo.co.jp/qa/question_detail/q14324905199,こちらの問題の答えがわかるかた 至急回答お願いします,0,0
2700,2026/2/1 18:46,トレーニング,1252759979,9時間2分,1,10,10.0,0,0,0.018,10.0,0.0,0.11,あと3日,https://detail.chiebukuro.yahoo.co.jp/qa/question_detail/q13324905198,ジムについて質問です。 最近フィットイージーに入りました。ライイングエクステンションをしたくてEZバーを使おうとしたところバーがなかったのですがプリーチャーベンチに置いてあるEZバーは違うところに持っ...,0,0
2701,2026/2/1 18:46,ゲーム,非公開,9時間2分,2,39,19.5,0,1,0.072,5.13,0.01,0.31,あと3日,https://detail.chiebukuro.yahoo.co.jp/qa/question_detail/q12324905197,8月にSwitch1のAPEX急遽サ終になることを聞いてps4への移行をしようとしたんですがSwitchで使っていたメールアドレスが、 機種変等によりdocomoからicloudに変わってしまい確認コ...,0,0
2702,2026/2/1 18:46,哲学、倫理,自由研究(・∀・),9時間2分,5,112,22.4,1,11,0.206,4.46,0.05,1.46,あと3日,https://detail.chiebukuro.yahoo.co.jp/qa/question_detail/q14324905194,(・∀・) . 正論は人を傷つける。 なんてことが言われたりしますけど、だとすれば逆に人を癒すのは詭弁になるんですか？,0,0
2703,2026/2/1 18:46,YouTube,1150954368,9時間2分,1,8,8.0,0,0,0.015,12.5,0.0,0.11,あと3日,https://detail.chiebukuro.yahoo.co.jp/qa/question_detail/q13324905193,YouTuberのあまみんさんが使用しているMMDモデルはどの方のですか？ 霊夢、魔理沙、妖夢のを教えて欲しいです。,0,0
2704,2026/2/1 18:46,就職活動,det********,9時間2分,0,17,17.0,0,0,0.031,0.0,0.0,0.03,あと3日,https://detail.chiebukuro.yahoo.co.jp/qa/question_detail/q12324905192,転職先企業の選考課題で以下の問題が出されました。 模範回答を教えてください。 【サンプル課題】 下記の問い合わせに対する回答をお客様に寄り添い作成ください。 ・レッスン時間中なのですが、予約したトレー...,0,0
2705,2026/2/1 18:46,数学,1052737681,9時間2分,2,23,11.5,0,0,0.042,8.7,0.0,0.23,あと3日,https://detail.chiebukuro.yahoo.co.jp/qa/question_detail/q11324905191,【至急】 上の問題の解説をお願いします> < ՞ 出来れば両方とも解説して頂けると大変助かります。,0,0
2706,2026/2/1 18:46,携帯電話キャリア,ライズ,9時間2分,3,30,10.0,0,1,0.055,10.0,0.01,0.39,あと3日,https://detail.chiebukuro.yahoo.co.jp/qa/question_detail/q10324905190,上の４本槍のアンテナは現WCPのAXGPなのは分かりますが、その下の筒アンテナが一本のみありますが何のためでどこのキャリアのアンテナなんでしょうか？どっかの4G/5Gでしょうか？ 旧ウィルコムの基地局...,0,0
2707,2026/2/1 18:46,Facebook,×,9時間2分,0,9,9.0,0,0,0.017,0.0,0.0,0.02,あと3日,https://detail.chiebukuro.yahoo.co.jp/qa/question_detail/q13324905188,<至急> zetaについてです。 非公開トークを作ったのですが、それを削除して、また新しく作ることは可能ですか？非公開トークは1つだけしか作れないと聞いたので、削除したら新しいのはもう作れないのでしょ...,0,0
2708,2026/2/1 18:46,大学受験,a1e787449,9時間2分,1,25,25.0,0,0,0.046,4.0,0.01,0.14,あと3日,https://detail.chiebukuro.yahoo.co.jp/qa/question_detail/q14324905189,高1 1月の進研模試を私の学校は1月31日に受験したのですが成績公開日は何日になりそうですか？ マナビジョンには模試の受験日は1月24日。成績公開日は2月13日と記載されていました。,0,0
2709,2026/2/1 18:46,法律相談,匿名,9時間2分,1,17,17.0,0,0,0.031,5.88,0.01,0.12,あと3日,https://detail.chiebukuro.yahoo.co.jp/qa/question_detail/q11324905186,法テラスは､なりすまし被害による情報開示請求を承諾してくれますか？ YouTube上で､なりすまし被害に遭っていて困っています……,0,0
2710,2026/2/1 18:46,職場の悩み,********,9時間3分,3,16,5.3,0,0,0.029,18.75,0.0,0.31,あと3日,https://detail.chiebukuro.yahoo.co.jp/qa/question_detail/q10324905185,仕事での名刺交換について質問です 自分はIT系の受託や客先常駐をする会社で働いているのですが、近日新しいプロジェクトの派遣先へPCを受け取りに行く用事があります。 仕事自体はフルリモートのため、会社の...,0,0
2711,2026/2/1 18:46,バンド,b15c0c3dc,9時間3分,1,14,14.0,0,0,0.026,7.14,0.0,0.12,あと3日,https://detail.chiebukuro.yahoo.co.jp/qa/question_detail/q14324905184,"一応メジャーのバンドで、15年前の写真集が未だに販売されています。 再販とかでなく、特典などで無料配布しても残っているようで、当時3,000円だったのを300円で売っています。 写真集の最低作成数はか...",0,0
2712,2026/2/1 18:46,カスタマイズ,a29a2d9a,9時間3分,1,54,54.0,0,0,0.099,1.85,0.05,0.19,あと3日,https://detail.chiebukuro.yahoo.co.jp/qa/question_detail/q13324905183,カーオーディオです。パワーアンプがすぐプロテクトモードになる。 パワーアンプをBOSSの1100wの新品に替えました(R1100M)。ウーファーはロックフォードの25cmシングル、定格500wピーク8...,0,0
2713,2026/2/1 18:45,家具、インテリア,1053022870,9時間4分,1,22,22.0,0,0,0.04,4.55,0.01,0.13,あと3日,https://detail.chiebukuro.yahoo.co.jp/qa/question_detail/q11324905181,この画像の大きさで半透明・マットタイプの袋どこに売ってるかわかる方いますか,0,0
2714,2026/2/1 18:45,ローン,1149804295,9時間4分,0,7,7.0,0,0,0.013,0.0,0.0,0.01,あと3日,https://detail.chiebukuro.yahoo.co.jp/qa/question_detail/q13324905178,PayPay銀行 本審査について 事前審査が通り本審査を申込みましたが、通った場合、金額や返済期間は申込みした通りにしかならないのでしょうか？ 事前審査より少ない金額、期間で申込んでしまいました…,0,0
2715,2026/2/1 18:45,妊娠、出産,a3539086,9時間4分,4,43,10.8,1,0,0.079,9.3,0.01,0.63,あと3日,https://detail.chiebukuro.yahoo.co.jp/qa/question_detail/q14324905179,妊娠6ヶ月を迎えた妊婦です。 食欲オバケなのですが みなさんこんな感じなんですか？^^; 食べて寝ての繰り返しです。,0,0
2716,2026/2/1 18:45,政治、社会問題,vdr********,9時間4分,3,40,13.3,0,4,0.073,7.5,0.01,0.57,あと3日,https://detail.chiebukuro.yahoo.co.jp/qa/question_detail/q12324905177,れいわの大石代表は大阪府職員時代、橋下徹知事にどれだけサービス残業してると思っているのと切れて、有名になった人ですか？,0,0
2717,2026/2/1 18:45,家族関係の悩み,a5a052f34,9時間4分,7,94,13.4,0,6,0.173,7.45,0.02,1.14,あと3日,https://detail.chiebukuro.yahoo.co.jp/qa/question_detail/q11324905176,ディーラーでの修理以外出したくないという夫。 一人一台車が当たり前の地方在住です。 夫の車(外車)の一部故障(部品交換)でディーラーに見せたところ修理代の見積もりが40万でした。 外車だから高いという...,0,0
2718,2026/2/1 18:45,アルバイト、フリーター,sho********,9時間4分,0,1,1.0,0,0,0.002,0.0,0.0,0.0,あと3日,https://detail.chiebukuro.yahoo.co.jp/qa/question_detail/q10324905175,リスキリング補助は２０２６年度も続くのでしょうか？ 会社を退職し、アルバイトや派遣労働をしているひとも対象になりますか？,0,0
2719,2026/2/1 18:45,福祉、介護,チ。ーチキンナゲットについてー,9時間4分,2,27,13.5,0,1,0.05,7.41,0.01,0.29,不明,https://detail.chiebukuro.yahoo.co.jp/qa/question_detail/q14324905174,障害者について 健常者と障害者という言葉に分けて説明させていただきますが、現在健常者の人数は障害者の人数より圧倒的に多いです。割合の話ですが、自分は健常者の人数と障害者の人数にここまで大きく差があるこ...,0,0
2720,2026/2/1 18:45,家族関係の悩み,非公開,9時間4分,1,19,19.0,1,0,0.035,5.26,0.01,0.31,あと3日,https://detail.chiebukuro.yahoo.co.jp/qa/question_detail/q12324905172,出産後、自分と母以外の人間が敵に見えます もう産んで8ヶ月も経ってるのに、いわゆるガルガル期が終わりません 夫の少しのミスでも怒りたくなってしまうし、誰にも娘を触らせたくありません。 でも夫は父親だし...,0,0
2721,2026/2/1 18:45,税金,やはりちゃん　その18,9時間4分,3,21,7.0,0,1,0.039,14.29,0.0,0.37,あと3日,https://detail.chiebukuro.yahoo.co.jp/qa/question_detail/q11324905171,住民税は、女性も男性も同じだと思いますでしょうか？ ※仮の話、可能性等含めまして、,0,0
2722,2026/2/1 18:45,日本語,秋霜烈日,9時間4分,1,18,18.0,0,2,0.033,5.56,0.01,0.23,あと3日,https://detail.chiebukuro.yahoo.co.jp/qa/question_detail/q10324905170,八月一日は漢字4文字なのに 苗字としての読み方が「ほずみ」です。 伊右衛門(いえもん)とか 「いうえもん」て読めばいいじゃねーか どういうことだよ？おぉコラ,0,0
2723,2026/2/1 18:45,コスプレ,njgf7569848,9時間4分,1,19,19.0,0,1,0.035,5.26,0.01,0.18,あと3日,https://detail.chiebukuro.yahoo.co.jp/qa/question_detail/q13324905168,長文ですみません。 コスプレに誘った友人とほぼ毎回併せで遊んでるので、たまに一人で好きな時に好きなだけ遊んで帰りたいです。なんというか、友達だから何でも一緒！みたいな感じの子でして、イベントの情報があ...,0,0
2724,2026/2/1 18:45,職場の悩み,1052674354,9時間5分,2,19,9.5,0,0,0.035,10.53,0.0,0.22,あと3日,https://detail.chiebukuro.yahoo.co.jp/qa/question_detail/q14324905169,嫌な上司が仕事でトラブルに見舞われたときめっちゃ嬉しくなります。性格わるいですかね？僕はやつへの天罰だと思っちゃいます。。,0,0
2725,2026/2/1 18:45,スマホアプリ,flo********,9時間5分,1,20,20.0,0,0,0.037,5.0,0.01,0.13,不明,https://detail.chiebukuro.yahoo.co.jp/qa/question_detail/q11324905166,このアプリ？はなんのアプリですか？ チャットGPTに聞いてみたら、「タップル」というマッチングアプリだということでしたが、、、。 どなたか、ご存知の方いらっしゃったら教えてください。,0,0
2726,2026/2/1 18:45,パソコン,cf527877f,9時間5分,1,18,18.0,0,0,0.033,5.56,0.01,0.12,あと3日,https://detail.chiebukuro.yahoo.co.jp/qa/question_detail/q10324905165,【LOLをDiscord、OBS配信すると画面がかくつく・砂嵐になる】 つい3か月前ほどからLeague of LegendをOBS/Discordで配信するとロビー状態では書くつかないですが、ゲーム...,0,0
2727,2026/2/1 18:45,ドラマ,1053335854,9時間5分,4,32,8.0,0,2,0.059,12.5,0.0,0.53,あと3日,https://detail.chiebukuro.yahoo.co.jp/qa/question_detail/q13324905163,本願寺顕如は大河ドラマでやらないの？他にも昭和天皇とか戦後経済の大物とかなら1年脚本かけるような気が┉大河ドラマは明治天皇とかはやらないの？,0,0
2728,2026/2/1 18:45,ミリタリー,まっさい,9時間5分,2,38,19.0,0,6,0.07,5.26,0.01,0.58,不明,https://detail.chiebukuro.yahoo.co.jp/qa/question_detail/q11324905161,映画教場後編の生徒の射撃訓練でSWの有効射程距離は 45メートルだが当らないと言って居ましたが本当でしょうか？ニューナンブと共に日本の警官はS &W使用して居るんですねよろしくお願いいたします。正確に...,0,0
2729,2026/2/1 18:45,大学受験,bfbef58f5,9時間5分,3,42,14.0,0,3,0.077,7.14,0.01,0.52,不明,https://detail.chiebukuro.yahoo.co.jp/qa/question_detail/q10324905160,GMARCH経済学部志望、高2で偏差値40程度です。 ついこの前文転を決意したため、数学選択で受験しようかなと思ってます。 使う科目は国語数学英語です。 4月から通信制高校に転学するため、時間はありま...,0,0
2730,2026/2/1 18:45,YouTube,mee********,9時間5分,0,5,5.0,0,0,0.009,0.0,0.0,0.01,あと3日,https://detail.chiebukuro.yahoo.co.jp/qa/question_detail/q14324905159,現在配信中のホロテラリアはSteam版ですか？,0,0
2731,2026/2/1 18:45,外国映画,MA,9時間5分,1,19,19.0,0,1,0.035,5.26,0.01,0.18,あと3日,https://detail.chiebukuro.yahoo.co.jp/qa/question_detail/q13324905158,映画「パターソン」は好きですか？ 理由とともに教えてください,0,0
2732,2026/2/1 18:45,数学,c8f9f5cf4,9時間5分,2,49,24.5,0,6,0.09,4.08,0.02,0.6,不明,https://detail.chiebukuro.yahoo.co.jp/qa/question_detail/q12324905157,数2恒等式です。 この計算のやり方教えて欲しいです。,0,0
2733,2026/2/1 18:45,観光地、行楽地,1252148075,9時間5分,0,1,1.0,0,0,0.002,0.0,0.0,0.0,あと3日,https://detail.chiebukuro.yahoo.co.jp/qa/question_detail/q11324905156,九州の 百名山は ゴ―ルデンウィ―ク明けは積雪はないですか？ その前からないですか？あるとすると チェーンスパイクで十分でしょうか？,0,0
2734,2026/2/1 18:45,デンタルケア,mon********,9時間5分,1,15,15.0,0,0,0.027,6.67,0.0,0.12,あと3日,https://detail.chiebukuro.yahoo.co.jp/qa/question_detail/q10324905155,歯ブラシについて。 自分は40代ですが、歯茎を引き締めたく、歯磨きを頑張ってます。 色々、試して、超極細毛などで磨くと歯間にはしっかり入るのですが、歯茎がチクチクして痛みが出ます。(柔らかめでも。)出...,0,0
2735,2026/2/1 18:45,クレジットカード,1150266255,9時間5分,1,11,11.0,0,0,0.02,9.09,0.0,0.11,あと3日,https://detail.chiebukuro.yahoo.co.jp/qa/question_detail/q14324905154,PayPayでチャージする時に三井住友カードのフレキシブルペイからする場合、クレジットモードとデビットモードどちらから落とされますか？,0,0
2736,2026/2/1 18:45,アニメ、コミック,ora********,9時間5分,1,15,15.0,0,1,0.027,6.67,0.0,0.17,あと3日,https://detail.chiebukuro.yahoo.co.jp/qa/question_detail/q13324905153,ゴールデンカムイ・・・・その後 杉元佐一と、アシリパは・・・・やっぱり結婚したんですかね？,0,0
2737,2026/2/1 18:45,菓子、スイーツ,非公開ID,9時間5分,1,7,7.0,0,0,0.013,14.29,0.0,0.1,あと3日,https://detail.chiebukuro.yahoo.co.jp/qa/question_detail/q12324905152,サクマドロップ。赤缶と緑缶どっちが好き？,0,0
2738,2026/2/1 18:45,アニメ,ATフィールド,9時間5分,1,13,13.0,0,2,0.024,7.69,0.0,0.22,不明,https://detail.chiebukuro.yahoo.co.jp/qa/question_detail/q11324905151,BLEACHについての質問です BLEACH21巻の内容はアニメの何話〜何話にあたりますか？,0,0
2739,2026/2/1 18:45,メンズ全般,wnp********,9時間5分,1,42,42.0,0,0,0.077,2.38,0.03,0.17,あと3日,https://detail.chiebukuro.yahoo.co.jp/qa/question_detail/q10324905150,Levi’sのタグついて質問です。 こういうタグは存在するものでしょうか？,0,0
2740,2026/2/1 18:45,観葉植物,buc********,9時間5分,0,3,3.0,0,0,0.005,0.0,0.0,0.01,あと3日,https://detail.chiebukuro.yahoo.co.jp/qa/question_detail/q10324905145,初めてダイギンリュウを育てています。 窓際の暖かな場所へ数日移動させたら、葉がしおれてしまいました… 冬場は植え替える時期ではないようですが、どうにか回復させられる方法はありませんか？ 植物を育てるこ...,0,0
2741,2026/2/1 18:45,ニュース、事件,善一郎,9時間6分,2,22,11.0,1,3,0.04,9.09,0.0,0.57,あと3日,https://detail.chiebukuro.yahoo.co.jp/qa/question_detail/q11324905146,日本列島を、強く豊かに。素晴らしいキャッチコピーですね？,0,0
2742,2026/2/1 18:45,インターネットサービス,pen********,9時間6分,1,15,15.0,0,0,0.027,6.67,0.0,0.12,あと3日,https://detail.chiebukuro.yahoo.co.jp/qa/question_detail/q12324905147,Googleマップを開くと検索窓の横に「レストラン」「コーヒー」「学校」とかいろんな検索キーが並んで地図が隠れてしまいます。 余計な検索ワードは消せないのでしょうか？,0,0
2743,2026/2/1 18:45,ホテル、旅館,cc59c85ca,9時間6分,0,16,16.0,0,0,0.029,0.0,0.0,0.03,あと3日,https://detail.chiebukuro.yahoo.co.jp/qa/question_detail/q13324905148,日本旅行というサイトでの予約について質問です。 3月29日〜31日に友人と旅行へ行くのに、新幹線と宿のパックを予約しようと思い空室状況を見たのですが、これはどういった状態なのでしょうか？もう部屋が埋ま...,0,0
2744,2026/2/1 18:45,電池,ues********,9時間6分,1,4,4.0,0,0,0.007,25.0,0.0,0.1,あと3日,https://detail.chiebukuro.yahoo.co.jp/qa/question_detail/q14324905144,AirTagの電池交換について ネットで色々調べて試してみたのですが、電池を入れた時に鳴るはずの通電音が、何度電池を出し入れしても音が鳴りません。 音が鳴らない=通電してない=リセットできない状態で困...,0,0
2745,2026/2/1 18:45,家族関係の悩み,SF,9時間6分,4,41,10.2,0,4,0.075,9.76,0.01,0.66,あと3日,https://detail.chiebukuro.yahoo.co.jp/qa/question_detail/q13324905143,30代夫婦で、結婚8年目。6歳の子どもがいます。 家計に余裕はそこまでなく、共働きで、妻はパート勤務。家事・育児は完全に分担し、協力して生活しています。家計管理は私が担当しています。 ここ3年ほど、妻...,0,0
2746,2026/2/1 18:44,バス、タクシー,hrk********,9時間7分,4,55,13.8,0,0,0.1,7.27,0.01,0.47,あと3日,https://detail.chiebukuro.yahoo.co.jp/qa/question_detail/q11324905141,皆さんは交通費（旅行は除いて、普段の移動）に年いくら支出していますか？ 私は年15万円ほどです。 普段の移動は主にバスを利用しています。最寄りのバス停から大学までの定期券に、市内中心部(半径4ｋｍほど...,0,0
2747,2026/2/1 18:44,恋愛相談、人間関係の悩み,仲原,9時間7分,4,13,3.2,0,0,0.024,30.77,0.0,0.39,あと3日,https://detail.chiebukuro.yahoo.co.jp/qa/question_detail/q10324905140,LINEをやらない40歳の職場の女性について、グループのグループLINEがあるのですが入ろうとしません。どう思いますか？,0,0
2748,2026/2/1 18:44,就職、転職,ba7876736,9時間7分,3,52,17.3,0,0,0.095,5.77,0.02,0.37,あと3日,https://detail.chiebukuro.yahoo.co.jp/qa/question_detail/q14324905139,中小の施工管理会社ってワークライフバランスそんなにやばいんですか？ の友達にやめとけと言われました,0,0
2749,2026/2/1 18:44,自動車,bc977a065,9時間7分,2,42,21.0,0,0,0.077,4.76,0.02,0.26,あと3日,https://detail.chiebukuro.yahoo.co.jp/qa/question_detail/q13324905138,カーリースは事故ったら、任意保険と車両保険に入っていても、実費での修理になりますか?,0,0
2750,2026/2/1 18:44,職場の悩み,ＩＤ非公開,9時間7分,3,24,8.0,0,0,0.044,12.5,0.0,0.32,あと3日,https://detail.chiebukuro.yahoo.co.jp/qa/question_detail/q12324905137,障害者雇用でデスクワーク系を大学卒業したらやろうと思ってるんですが、新卒だからまだ幅は広がるけど、定年までの同じ会社の割合が（女は育児とかあるので自分はしないつもりなので）男で32%でとても不安です。...,0,0
2751,2026/2/1 18:44,スマホアプリ,b8d566139,9時間7分,1,34,34.0,0,2,0.062,2.94,0.02,0.26,あと3日,https://detail.chiebukuro.yahoo.co.jp/qa/question_detail/q10324905135,にゃんこ大戦争の質問です。 今さっきガマトトを開いたら特殊エリアがあったので猫目洞窟だと思って見てみたんですよ。けどXP収穫祭の初級がポツンとあるだけ…という状況でした。 これって私に限らず皆様もこう...,0,0
2752,2026/2/1 18:44,飲食店,プー,9時間7分,3,10,3.3,0,4,0.018,30.0,0.0,0.51,あと3日,https://detail.chiebukuro.yahoo.co.jp/qa/question_detail/q14324905134,皆さんがお勧めするラーメン屋ってありますか？あったらぜひ教えて欲しいです。,0,0
2753,2026/2/1 18:44,格闘技、武術全般,1251824411,9時間7分,2,28,14.0,0,0,0.051,7.14,0.01,0.23,あと3日,https://detail.chiebukuro.yahoo.co.jp/qa/question_detail/q13324905133,空道というものを始めてみたいのですが、格闘技初心者には厳しいでしょうか？ 18歳の男です。先日身に危険を感じる瞬間があったのでなにか習おうと思い色々調べたところ空道が気になったのですが、いくつか気にな...,0,0
2754,2026/2/1 18:44,ファーストフード,k2y********,9時間7分,0,9,9.0,0,0,0.016,0.0,0.0,0.02,あと3日,https://detail.chiebukuro.yahoo.co.jp/qa/question_detail/q12324905132,ケンタッキーのネットオーダーを利用しようとした際に、ネットオーダーで使えるクーポンの画面からツイスターとポテトのクーポンを選択しました。 しかし、利用条件が満たされていませんという文言が出て注文を進め...,0,0
2755,2026/2/1 18:44,美容整形,1252265738,9時間7分,2,69,34.5,0,3,0.126,2.9,0.04,0.47,あと3日,https://detail.chiebukuro.yahoo.co.jp/qa/question_detail/q11324905131,昔からアゴがデカいのがコンプレックスで、整形も考えてます。 知り合いや友達に聞いてもそんなことないと言われるのですが、やっぱり自分じゃめちゃくちゃ気になります。客観的にみて私のアゴはどうですか？？また...,0,0
2756,2026/2/1 18:44,インターネットサービス,1152788358,9時間7分,1,22,22.0,1,0,0.04,4.55,0.01,0.31,あと3日,https://detail.chiebukuro.yahoo.co.jp/qa/question_detail/q10324905130,VPNについてです 安全性向上のためにVPNを契約しようと思ったのですが、「まずはなぜ安全になるのか仕組みを知ってからにしよう」と思い、今現在その仕組みについて勉強しています。ただ、わからない点が複数...,0,0
2757,2026/2/1 18:44,ダイエット,tio********,9時間8分,1,9,9.0,0,0,0.016,11.11,0.0,0.11,あと3日,https://detail.chiebukuro.yahoo.co.jp/qa/question_detail/q13324905128,食べ物のカロリーと言う単位は、やはり体重が増えるか減るかといったことに用いるためだけのものなんですか？,0,0
2758,2026/2/1 18:44,メンズ全般,1049859960,9時間8分,0,4,4.0,0,0,0.007,0.0,0.0,0.01,あと3日,https://detail.chiebukuro.yahoo.co.jp/qa/question_detail/q12324905127,カバーオール ヘラクレスかペイデイ欲しいけど金ないです。 ビッグマックがギリです。 カーハートとか買ったら後悔しますか？,0,0
2759,2026/2/1 18:44,ネイルケア,usa********,9時間8分,1,13,13.0,0,0,0.024,7.69,0.0,0.11,あと3日,https://detail.chiebukuro.yahoo.co.jp/qa/question_detail/q11324905126,ペロリンってネイルチップ剥がすときにも使えますか？ SHEINなどでネイルチップを購入し 接着剤で自分でつけたチップは ペロリンで剥がせますか？ また剥がせた場合、チップの色は落ちますか？,0,0
2760,2026/2/1 18:44,税金,kad********,9時間8分,1,12,12.0,0,0,0.022,8.33,0.0,0.11,あと3日,https://detail.chiebukuro.yahoo.co.jp/qa/question_detail/q10324905125,賃貸にだしていた自宅売却に伴う譲渡所得税について質問です。 首都圏に自宅（マンション）を所有してます。 転勤に伴い賃貸にだしてました。 当時、子供が小さく将来的に首都圏に戻る可能性もあったため、定期契...,0,0
2761,2026/2/1 18:44,恋愛相談、人間関係の悩み,匿名,9時間8分,0,6,6.0,0,0,0.011,0.0,0.0,0.01,あと3日,https://detail.chiebukuro.yahoo.co.jp/qa/question_detail/q14324905124,女性Aは、旦那にDVされて、娘を施設に入れて、旦那とは別の男性Bの家に避難している 罪がないのに、施設に入れられた、Aの娘を可哀想と思いますか？,0,0
2762,2026/2/1 18:44,スマホアプリ,a62084d06,9時間8分,0,4,4.0,0,0,0.007,0.0,0.0,0.01,あと3日,https://detail.chiebukuro.yahoo.co.jp/qa/question_detail/q13324905123,Tiktokのライブでギフトをしてロブロックスの寄付をしてお願いというのを通じてロバを貰うのがあるんですけどそのロバが渡されてるか確認する方法はありますか？今日が初日です,0,0
2763,2026/2/1 18:44,男性アイドル,知恵,9時間8分,1,33,33.0,0,0,0.06,3.03,0.02,0.15,あと3日,https://detail.chiebukuro.yahoo.co.jp/qa/question_detail/q12324905122,同担拒否になりたくないです！ 最近同担拒否っぽい気持ちが出てきて焦ってます。 別に推しに恋愛感情があるとかないですし推しの事FA書いてる人とか切り抜き上げてる人とか感想ツイートしてる人をフォローしてま...,0,0
2764,2026/2/1 18:44,大学受験,b9d03af99,9時間8分,0,10,10.0,0,0,0.018,0.0,0.0,0.02,あと3日,https://detail.chiebukuro.yahoo.co.jp/qa/question_detail/q11324905121,2027年度京都教育大学英語領域受験予定です。 総合型選抜を目指してます。集団面接はどういう感じなのか、また、小論文のことについても聞きたいです！よろしくお願いします！,0,0
2765,2026/2/1 18:44,大学受験,1251600023,9時間8分,0,23,23.0,0,0,0.042,0.0,0.0,0.04,あと3日,https://detail.chiebukuro.yahoo.co.jp/qa/question_detail/q10324905120,関学の英語併用試験は、ボーダー以上の生徒は全員合格になるんですか？それとも人数が決まっていて、ボーダー以上でも不合格の場合がありますか？,0,0
2766,2026/2/1 18:44,インターネットショッピング,yuz********,9時間8分,0,3,3.0,0,0,0.005,0.0,0.0,0.01,あと3日,https://detail.chiebukuro.yahoo.co.jp/qa/question_detail/q14324905119,SHEINでの購入について。 画像の（626円）かと思いかごに入れましたが、実際の金額は（870円）となっています。 下にある引換券 カテゴリー別クーポンはどうしたら貰えるんでしょうか?,0,0
2767,2026/2/1 18:44,サッカー,1152805980,9時間8分,1,13,13.0,0,0,0.024,7.69,0.0,0.11,不明,https://detail.chiebukuro.yahoo.co.jp/qa/question_detail/q13324905118,浦和レッズの試合について質問です。 2月28日の鹿島アントラーズとの開幕戦を見に行きたいと考えています。初観戦であまり知識もなくてわからないのですが、できるだけ近い席で見たいです。おすすめの席を教えて...,0,0
2768,2026/2/1 18:44,Windows 全般,c482ab531,9時間8分,4,17,4.2,0,1,0.031,23.53,0.0,0.45,あと3日,https://detail.chiebukuro.yahoo.co.jp/qa/question_detail/q12324905117,windows11にアカウントを入れるためにサインインを押したら問題が発生しましたとでます。解決策はありますか？,0,0
2769,2026/2/1 18:43,予備校、進学塾,clu********,9時間9分,4,73,18.2,0,0,0.133,5.48,0.02,0.5,不明,https://detail.chiebukuro.yahoo.co.jp/qa/question_detail/q11324905116,個別指導の塾に通わせていますが、冬の講習（追加授業？）を100コマとか提案され月謝の10倍ぐらいの金額で驚いてしまいました。 そんなには時間的に通えない、金額も厳しいことを伝えると50コマとか30コマ...,0,0
2770,2026/2/1 18:43,事件、事故,ken********,9時間9分,2,82,41.0,1,0,0.149,2.44,0.06,0.51,あと3日,https://detail.chiebukuro.yahoo.co.jp/qa/question_detail/q10324905115,暴行事件（いじめを超えたリンチ）で今、話題の 会津若松市立第五中学校の女子生徒が問題になっています。 Xでは加害した本人の名前、家族構成、親の会社など晒されていますが、ふと思ったのですが、この暴行リン...,0,0
2771,2026/2/1 18:43,政治、社会問題,わしが男塾塾長 楽天パンダである,9時間9分,0,9,9.0,1,0,0.016,0.0,0.0,0.2,あと3日,https://detail.chiebukuro.yahoo.co.jp/qa/question_detail/q13324905113,黒髪女子初の 早苗総理は、 リウマチのドクターの 診断書を19.2秒 チラ見せしてくれますか？,0,0
2772,2026/2/1 18:43,資格,cfa24c261,9時間9分,2,66,33.0,0,0,0.12,3.03,0.04,0.3,あと3日,https://detail.chiebukuro.yahoo.co.jp/qa/question_detail/q14324905114,美容師国家試験実技を終えて、不安に思うことがあります。 カットの準備時間中に、消毒済みのシザーを手に取った時にいつも使ってるインチじゃないことに気づき、焦って持っていたシザーを消毒済みの道具皿にいれま...,0,0
2773,2026/2/1 18:43,大学受験,1051876279,9時間9分,0,35,35.0,0,0,0.064,0.0,0.0,0.06,あと3日,https://detail.chiebukuro.yahoo.co.jp/qa/question_detail/q11324905111,予定 自分は共テでこけてしまって地元の公立に出願しましたが、本当に行きたいところでは無いので、仮面か編入をしようと思います。そこでのプランなのですが、TOEICの勉強をして、共テ前に英語をならす。 国...,0,0
2774,2026/2/1 18:43,登山,1152284931,9時間10分,3,40,13.3,0,3,0.073,7.5,0.01,0.51,あと3日,https://detail.chiebukuro.yahoo.co.jp/qa/question_detail/q10324905110,雪洞掘って泊まってみたいのですが バカが上を歩いて天井落ちて来ないか怖いです 対策有りますか,0,0
2775,2026/2/1 18:43,ストレス,Eko,9時間10分,3,31,10.3,0,1,0.056,9.68,0.01,0.38,あと3日,https://detail.chiebukuro.yahoo.co.jp/qa/question_detail/q14324905109,自傷行為についてです。苦手な方はスルー等を。批判コメントはご遠慮ください。 私は最近、辛いことや不安なことなどがあるとコンパスの針で左の手の甲を強めに引っ掻いてしまいます。特に血は出てません。酷いもの...,0,0
2777,2026/2/1 18:43,ライブ、コンサート,tosmradj1738j,9時間10分,0,134,134.0,2,0,0.244,0.0,0.0,0.61,あと3日,https://detail.chiebukuro.yahoo.co.jp/qa/question_detail/q13324905103,急募 HANAのチケットボードで先払いでpaypayを支払ったのですが、それのすぐにファンクラブでのチケットボードの抽選があるのですがpaypay一向に返ってこなくて抽選ができません。 もう諦めるしか...,0,0
2778,2026/2/1 18:43,コスメ、美容,とんかつ,9時間10分,0,1,1.0,0,0,0.002,0.0,0.0,0.0,あと3日,https://detail.chiebukuro.yahoo.co.jp/qa/question_detail/q14324905104,青が今の爪の長さで深爪です。赤のとこぐらいまで長さ出しをしたいのですがスカルプになります？ あと千葉で安くていいとこあったら教えてほしいです。,0,0
2779,2026/2/1 18:43,WiiU,1149707573,9時間10分,2,9,4.5,0,0,0.016,22.22,0.0,0.2,あと3日,https://detail.chiebukuro.yahoo.co.jp/qa/question_detail/q11324905101,ピクミン4をしています マップの移動をしたいです どうすればいいですか？ 微妙に未達成だったひだまりの庭が 100%になったので 途中までやっていた花ふぶきの楽園に戻りたいのですが 再出発？できないの...,0,0
2780,2026/2/1 18:43,美容整形,匿名,9時間10分,0,10,10.0,0,0,0.018,0.0,0.0,0.02,あと3日,https://detail.chiebukuro.yahoo.co.jp/qa/question_detail/q12324905102,二重埋没 下記の中でどのクリニックがおすすめですか？逆にここはやめた方がいい。とかもあれば知りたいです。 下記以外にもおすすめがあったら教えていただきたいです。 関東で探してます。 技術、コスト、良心...,0,0
2781,2026/2/1 18:43,自動車,sak********,9時間10分,1,24,24.0,0,3,0.044,4.17,0.01,0.3,あと3日,https://detail.chiebukuro.yahoo.co.jp/qa/question_detail/q10324905100,ETCについて質問です。 自家用車のETC車載器の調子が悪そうです。 配線が悪いのか、電源がついたり消えたりします。 高速入口では反応しても出口で電源消えていたりします。 何回も起動音が鳴ったりもしま...,0,0
2782,2026/2/1 18:43,iPhone,ST******,9時間10分,1,13,13.0,0,0,0.024,7.69,0.0,0.11,あと3日,https://detail.chiebukuro.yahoo.co.jp/qa/question_detail/q14324905099,昔のiPhoneで屋外の動画撮影（歩き撮り）をしようと思います。 バッテリーの劣化がかなり激しいので、モバイルバッテリーに接続したまま撮影しようと思うんですが、その時に落ちないように、また安定して手に...,0,0
2783,2026/2/1 18:43,生き方、人生相談,jap********,9時間10分,4,27,6.8,0,0,0.049,14.81,0.0,0.41,あと3日,https://detail.chiebukuro.yahoo.co.jp/qa/question_detail/q13324905098,男に質問。自分ならどんな気分？別にクレーム入れない？ マック。昨日の夕方行った所、テーブル席で受け取るのを選んだんだが、持ってきた女店員がテーブル席に無言で置いた。 同じ店員が、俺の隣の客には「お待た...,0,0
2784,2026/2/1 18:43,スマホアプリ,ca5c5615,9時間10分,1,28,28.0,0,1,0.051,3.57,0.01,0.2,あと3日,https://detail.chiebukuro.yahoo.co.jp/qa/question_detail/q12324905097,助けてください。僕は1年ほど前からグラビティという人と話すアプリを利用しています。そのアプリで「投稿」という、Xみたいにツイートできる機能があり、僕はほとんどその機能を使ったことがありません。 しかし...,0,0
2785,2026/2/1 18:43,政治、社会問題,ohc********,9時間10分,8,64,8.0,0,0,0.116,12.5,0.01,0.84,あと3日,https://detail.chiebukuro.yahoo.co.jp/qa/question_detail/q11324905096,このまま行けば自民党は大勝しますか？,0,0
2786,2026/2/1 18:43,菓子、スイーツ,c8967dee,9時間10分,0,3,3.0,0,0,0.005,0.0,0.0,0.01,あと3日,https://detail.chiebukuro.yahoo.co.jp/qa/question_detail/q10324905095,至急です。 Rstylというケーキ屋さんでケーキを頼みました、ですが日時を設定するのを忘れてしまい一応メールを送らせて頂いたのですがですが、変更できるか不安です。 どなたか同じ状況になった方や変更して...,0,0
2787,2026/2/1 18:43,YouTube,lilnya_.,9時間10分,0,4,4.0,0,0,0.007,0.0,0.0,0.01,あと3日,https://detail.chiebukuro.yahoo.co.jp/qa/question_detail/q14324905094,写真のアプリでめっちゃ小さくできてたのになんか横幅5枚しか小さくできなくなりました みなさんもそうですか？バグですか？？,0,0
2788,2026/2/1 18:43,恋愛相談、人間関係の悩み,be50e3b60,9時間10分,1,22,22.0,0,1,0.04,4.55,0.01,0.18,あと3日,https://detail.chiebukuro.yahoo.co.jp/qa/question_detail/q13324905093,これって追いLINEですか？ 昨日〜今日のLINE 私 〇日いける？ 相手 大丈夫よ〜 私 了解！ 相手 スタンプ ここで明日の朝、私がおはよ〜今週も頑張ろ的なLINEしたらこれって追いLINEですか...,0,0
2790,2026/2/1 18:43,英語,mit********,9時間11分,3,18,6.0,0,0,0.033,16.67,0.0,0.3,あと3日,https://detail.chiebukuro.yahoo.co.jp/qa/question_detail/q10324905090,筆記体書けますか？,0,0
2791,2026/2/1 18:42,大学受験,1052372977,9時間12分,1,75,75.0,0,3,0.136,1.33,0.1,0.39,不明,https://detail.chiebukuro.yahoo.co.jp/qa/question_detail/q13324905088,神戸市外大第二部を受けるものです。 共通テストは290/450です。 共テリサーチはD(DとCのど真ん中の点数) 去年の共テの最低点は283.6点です。 去年の共テと二次合計の最低点は529.1。平均...,0,0
2792,2026/2/1 18:42,ネコ,tyo********,9時間12分,2,26,13.0,0,0,0.047,7.69,0.01,0.23,あと3日,https://detail.chiebukuro.yahoo.co.jp/qa/question_detail/q11324905086,猫 口内炎 歯肉炎 歯周病 難治性口内炎 11歳の猫の口の痛みに悩んでいます。 3年前に抜歯済みで、1年前から抗生剤を処方され飲んでいますが効果が薄れてきました。 ステロイド注射をすると痛みがなくなり...,0,0
2793,2026/2/1 18:42,高校数学,1150673431,9時間12分,2,39,19.5,0,0,0.071,5.13,0.01,0.25,不明,https://detail.chiebukuro.yahoo.co.jp/qa/question_detail/q12324905087,高校数学の問題について質問です。 写真の1の(1)でACを求める際、写真右のように考えたところ余計な解、x=√3＋1が出てきてしまいました。 模範解答ではcos120°を用いることで解を絞っていたので...,0,0
2794,2026/2/1 18:42,Google Chrome,him********,9時間12分,2,6,3.0,0,0,0.011,33.33,0.0,0.19,あと3日,https://detail.chiebukuro.yahoo.co.jp/qa/question_detail/q10324905085,チャットＧPTとGoogleのＧｅｍiniのどちらが精度は高いでしょうか？,0,0
2795,2026/2/1 18:42,高校受験,c2b01c105,9時間12分,1,6,6.0,0,0,0.011,16.67,0.0,0.1,あと3日,https://detail.chiebukuro.yahoo.co.jp/qa/question_detail/q13324905083,横浜南陵高校を受験しようと思っていて内申が94で倍率が1.15なのですが当日何点取れば合格できると思いますか？,0,0
2796,2026/2/1 18:42,恋愛相談、人間関係の悩み,nuo********,9時間12分,0,23,23.0,0,0,0.042,0.0,0.0,0.04,あと3日,https://detail.chiebukuro.yahoo.co.jp/qa/question_detail/q14324905084,ザ・ノンフィクションの婚活の見ました。 介護士でも年収2000万の女と結婚できるんですかね？ 31歳なら20代余裕で狙える歳なのにね。 やはり介護士には20代の女無理なん？ 年上の金持ちより若い普通の...,0,0
2797,2026/2/1 18:42,スキンケア,1051609054,9時間12分,0,25,25.0,0,0,0.045,0.0,0.0,0.05,あと3日,https://detail.chiebukuro.yahoo.co.jp/qa/question_detail/q11324905081,ニュースキン製品のルミスパがお手頃価格で購入できるキャンペーンがありますが、リニューアル前のセールということでしょうか？,0,0
2798,2026/2/1 18:42,職場の悩み,cla********,9時間12分,3,39,13.0,0,0,0.071,7.69,0.01,0.34,あと3日,https://detail.chiebukuro.yahoo.co.jp/qa/question_detail/q12324905082,ボーナスがない正社員で働いている42歳独身です。 やっぱりボーナスが欲しいと思います。 ボーナスがあると思って4か月前に今の仕事に転職しました。 働き始めて言われたんですが、ボーナスがないと… それを...,0,0
2799,2026/2/1 18:42,iPhone,yus********,9時間12分,2,16,8.0,0,0,0.029,12.5,0.0,0.21,あと3日,https://detail.chiebukuro.yahoo.co.jp/qa/question_detail/q14324905079,iPhoneのバッテリー交換するならどっちのお店でやったほうがいい、 Apple ストアとクイックガレージ 立川 至急お願いします。,0,0
2800,2026/2/1 18:42,ダイエット,tio********,9時間12分,2,17,8.5,0,0,0.031,11.76,0.0,0.21,あと3日,https://detail.chiebukuro.yahoo.co.jp/qa/question_detail/q10324905080,病院や刑務所の食事と言うのはカロリーを厳密にコントロールしていると思います。 結局どこに到達することを目標にしているのでしょうか？ 中肉中背にするための数字と言うことになりますか？,0,0
2801,2026/2/1 18:42,ゲーム,ins********,9時間12分,1,25,25.0,0,2,0.045,4.0,0.01,0.24,あと3日,https://detail.chiebukuro.yahoo.co.jp/qa/question_detail/q12324905077,悪役や外道な主人公側が因果応報の最期を迎える作品を教えて下さい 知ってるのデスノートです アクメツみたいに主人公側がダークヒーロー的なものではなく主人公側がかなりの屑な奴でお願いします,0,0
2802,2026/2/1 18:42,プロレス,mit********,9時間12分,3,27,9.0,0,3,0.049,11.11,0.0,0.48,あと3日,https://detail.chiebukuro.yahoo.co.jp/qa/question_detail/q13324905078,人生はチャレンジだ！は故ジャンボ鶴田さん(元全日本プロレス、プロレスラー)の名言ですが、皆さんはこれまでの人生でこれにチャレンジしたぞ！と胸を張って、公言出来る事は一つでもありますか？ またこれについ...,0,0
2803,2026/2/1 18:42,携帯型ゲーム全般,b658bcd56,9時間12分,1,8,8.0,0,0,0.014,12.5,0.0,0.1,あと3日,https://detail.chiebukuro.yahoo.co.jp/qa/question_detail/q11324905076,2月からアークナイツを始めた者です ステインレスくんが始める前から気になっており始めたのですが、ガチャのすり抜け以外にステインレスくんの入手方法についてご教授して頂きたいです！また、ピックアップなどの...,0,0
2804,2026/2/1 18:42,韓国・朝鮮語,pot********,9時間12分,4,62,15.5,0,2,0.112,6.45,0.02,0.58,あと3日,https://detail.chiebukuro.yahoo.co.jp/qa/question_detail/q14324905074,韓国の名前は文字の最初でも濁る表記なのはどうしてですか？ ハングル初学者です。 ㄱㄷㅂㅈは文字の最初だと濁らずにK T P CHと発音すると学びましたが、韓国アイドルの名前を見ると 다현→DAHYUN...,0,0
2805,2026/2/1 18:42,避妊,なな,9時間12分,2,56,28.0,0,0,0.101,3.57,0.03,0.28,あと3日,https://detail.chiebukuro.yahoo.co.jp/qa/question_detail/q11324905071,ネット(医師からの電話対応)でアフターピルを購入したのですが購入してから言うのもおかしいですが偽物でしょうか？ その買った会社？を調べたら本物で大丈夫と書かれていましたがどうなのでしょうか？ 前に購入...,0,0
2806,2026/2/1 18:42,政治、社会問題,ライトニング(プロフィール必見),9時間13分,0,7,7.0,0,0,0.013,0.0,0.0,0.01,あと3日,https://detail.chiebukuro.yahoo.co.jp/qa/question_detail/q13324905073,※前の質問の改良版です。釣りではありません。 もし、 1些細な悪口をはじめとした全ての誹謗中傷の刑罰が、年齢を問わず、50年以上の懲役＆9000垓円以上の絶対に費用倒れが起きない賠償金と厳罰化。 2時...,0,0
2807,2026/2/1 18:42,政治、社会問題,そこら辺にいる人間,9時間13分,3,22,7.3,0,3,0.04,13.64,0.0,0.47,あと3日,https://detail.chiebukuro.yahoo.co.jp/qa/question_detail/q12324905072,無知で申し訳ないのですが、参政、れいわ、中道がネットで嫌となんで言われているんですか?,0,0
2808,2026/2/1 18:42,野球全般,Div********,9時間13分,2,55,27.5,0,4,0.099,3.64,0.03,0.5,あと3日,https://detail.chiebukuro.yahoo.co.jp/qa/question_detail/q10324905070,WBC（野球）の今大会は、地上波放送がなくNetflixの独占配信ですが、視聴のために有料登録しますか？,0,0
2809,2026/2/1 18:42,テレビ、DVD、ホームシアター,t,9時間13分,1,5,5.0,1,1,0.009,20.0,0.0,0.33,あと3日,https://detail.chiebukuro.yahoo.co.jp/qa/question_detail/q14324905069,衛星放送より地デジの方が見慣れてますか？,0,0
2810,2026/2/1 18:42,爬虫類、両生類,c36f8052c,9時間13分,4,51,12.8,0,3,0.092,7.84,0.01,0.62,あと3日,https://detail.chiebukuro.yahoo.co.jp/qa/question_detail/q12324905067,生後5ヶ月なりたてレオパがいます！ 1日に11匹ほど余裕で食べるのですが食べ過ぎですか？ 食べるだけ与えましょうと書いてあったり、4.5匹目安だと書いてあったり いろいろあるのですが何を信じればいいの...,0,0
2811,2026/2/1 18:42,メンタルヘルス,ren********,9時間13分,3,46,15.3,1,6,0.083,6.52,0.01,0.86,あと3日,https://detail.chiebukuro.yahoo.co.jp/qa/question_detail/q11324905066,自己嫌悪、自分嫌いから抜け出すいい方法を探しています どんなに頑張っても抜け出せず、たとえば テレビを見ていて自分の顔が映るだけで落ち込みます 鏡は絶対見ませんし、ショーウインドウやガラスに映るのさえ...,0,0
2812,2026/2/1 18:42,メルカリ,aebf988af,9時間13分,0,17,17.0,0,0,0.031,0.0,0.0,0.03,あと3日,https://detail.chiebukuro.yahoo.co.jp/qa/question_detail/q13324905068,メルカリで購入したこのMCMリュックは正規品でしょうか？,0,0
2813,2026/2/1 18:42,友人関係の悩み,bd3a42120,9時間13分,3,48,16.0,0,2,0.087,6.25,0.01,0.47,あと3日,https://detail.chiebukuro.yahoo.co.jp/qa/question_detail/q10324905065,至急 頭が悪い？知能が低い？人に対するイライラがたまりません。 同じ部活の同級生にそのような人がいてとても仲良くしているのですが、正直いって離れたいです。 人数が少なく協力が必要なので離れられませんが...,0,0
2814,2026/2/1 18:42,トレーニング,cut********,9時間13分,2,16,8.0,0,1,0.029,12.5,0.0,0.26,あと3日,https://detail.chiebukuro.yahoo.co.jp/qa/question_detail/q14324905064,筋力と筋肉の断面積は比例すると聞いたのですが、それなら筋肉量が同じなら、身長が低い人の方が筋肉が短く、断面積が大きいので筋力が強いのでしょうか。,0,0
2815,2026/2/1 18:42,大学受験,1253112785,9時間13分,0,1,1.0,0,0,0.002,0.0,0.0,0.0,あと3日,https://detail.chiebukuro.yahoo.co.jp/qa/question_detail/q12324905062,シス単に載ってる熟語みたいなやつで熟語は足りますか？,0,0
2816,2026/2/1 18:42,自動車,man********,9時間13分,3,56,18.7,0,0,0.101,5.36,0.02,0.37,あと3日,https://detail.chiebukuro.yahoo.co.jp/qa/question_detail/q11324905061,自分が運転してるときに、助手席から｢こういうときはね～｣とか言ってくるやつなんなんすか？ ｢ならおまえがやれや、、｣としか思えないのですが、、、,0,0
2817,2026/2/1 18:42,恋愛相談、人間関係の悩み,cd7718fde,9時間13分,0,9,9.0,0,0,0.016,0.0,0.0,0.02,あと3日,https://detail.chiebukuro.yahoo.co.jp/qa/question_detail/q10324905060,スタバのパートナーさん又は常連さんに質問です いつも通っている店舗があるのですがそこの店舗のとあるパートナーさんが自分の名前を聞いてきてくれました 名前で呼ばれることは1回しかありませんでしたが通う頻...,0,0
2818,2026/2/1 18:42,オーディオ,sk2********,9時間13分,1,36,36.0,0,0,0.065,2.78,0.02,0.16,あと3日,https://detail.chiebukuro.yahoo.co.jp/qa/question_detail/q14324905059,オーディオのauxにBluetoothレシーバーを挿して、スマホと繋げたのですがオーディオの音量もスマホの音量もマックスにしても音がかすかにしか流れません。 何か考えられる原因わかる方いらっしゃいまし...,0,0
2819,2026/2/1 18:42,法律相談,1251793196,9時間13分,2,70,35.0,1,1,0.126,2.86,0.04,0.54,あと3日,https://detail.chiebukuro.yahoo.co.jp/qa/question_detail/q12324905057,不同意わいせつ罪で被害届を提出します。 被害に遭った状況としましては 複数名人がいると言い呼び出し 実際は加害者と自分の2人だった。 早々に帰ろうとしたところドライブに誘われ 断った後、2度、同意なく...,0,0
2820,2026/2/1 18:42,冷蔵庫、キッチン家電,sss********,9時間13分,1,4,4.0,0,0,0.007,25.0,0.0,0.1,あと3日,https://detail.chiebukuro.yahoo.co.jp/qa/question_detail/q13324905058,冷蔵庫の冷えが悪くなった気がして温度計を複数購入して入れていました。 デジタル2個とアナログ2個、いずれも百均のものです。 その日によって温度が変わるのですが、デジタルが1℃や2℃の時でもアナログは7...,0,0
2821,2026/2/1 18:42,テレビゲーム全般,非公開,9時間13分,1,30,30.0,0,0,0.054,3.33,0.02,0.14,あと3日,https://detail.chiebukuro.yahoo.co.jp/qa/question_detail/q11324905056,PS5proの マイナーチェンジモデル 消費電力が若干下がり、静音性がより向上したそうですが 中古美品のマイナーチェンジ前(7000)を買うより 新品のマイナーチェンジモデル(7100)を購入した方が...,0,0
2822,2026/2/1 18:42,日本映画,1150341296,9時間14分,2,37,18.5,0,0,0.067,5.41,0.01,0.25,あと3日,https://detail.chiebukuro.yahoo.co.jp/qa/question_detail/q14324905054,70年代だったか80年代だったかな？SF映画（邦画）を探してるのですが、ラストのシーンがうろ覚えでしかありません。 外人の女性と車椅子の未来版みたいなのに乗っている日本男性が、墓の前で祈りを捧げた後に...,0,0
2823,2026/2/1 18:42,病気、症状,1150892299,9時間14分,1,5,5.0,0,0,0.009,20.0,0.0,0.1,あと3日,https://detail.chiebukuro.yahoo.co.jp/qa/question_detail/q10324905055,お酒を飲んだ翌日〜2日後ぐらい胸が締め付けられたり、背中が痛かったりします。過去にはそーゆーことはなかったのですが、EBウイルスが完治した後飲酒したらこのような症状がでました。,0,0
2824,2026/2/1 18:42,恋愛相談、人間関係の悩み,b428a58e0,9時間14分,1,6,6.0,0,0,0.011,16.67,0.0,0.1,あと3日,https://detail.chiebukuro.yahoo.co.jp/qa/question_detail/q12324905052,ヤンキーの女版はギャルですか？,0,0
2825,2026/2/1 18:42,パソコン,オミリ,9時間14分,1,31,31.0,0,1,0.056,3.23,0.02,0.2,不明,https://detail.chiebukuro.yahoo.co.jp/qa/question_detail/q11324905051,原神の写真機で写真を撮ったのですが、パソコンのどこに保存されますか？ 調べて探しても全く分かりませんでした(；；),0,0
2826,2026/2/1 18:42,レディースバッグ、財布、小物類,ba7643eba,9時間14分,3,40,13.3,0,0,0.072,7.5,0.01,0.34,あと3日,https://detail.chiebukuro.yahoo.co.jp/qa/question_detail/q10324905050,高いメーカーやブランドの靴やバッグは、何度もお手入れして、長く使いたくなるものですか？,0,0
2827,2026/2/1 18:42,ライブ、コンサート,1151231557,9時間14分,0,18,18.0,0,0,0.032,0.0,0.0,0.03,あと3日,https://detail.chiebukuro.yahoo.co.jp/qa/question_detail/q13324905048,XGチケットをローチケで1枚分を2回応募してしまっていて譲る場合分配ができないので譲った人には同じ会場で自分のスマホを渡してチケットを表示してもらう方法で合ってますか？,0,0
2828,2026/2/1 18:42,キッチン用品,nzc********,9時間14分,1,21,21.0,0,1,0.038,4.76,0.01,0.18,あと3日,https://detail.chiebukuro.yahoo.co.jp/qa/question_detail/q12324905047,鉄フライパンを購入し、 油ならしをして使用した後に タワシで洗ったのですがこのようになってしまいました。大丈夫でしょうか、、、,0,0
2829,2026/2/1 18:42,学校の悩み,1150340288,9時間14分,1,21,21.0,0,0,0.038,4.76,0.01,0.13,あと3日,https://detail.chiebukuro.yahoo.co.jp/qa/question_detail/q14324905049,飛鳥未来1年生です 私は社交不安障害で教室に長い時間や人が多いと倒れたり過呼吸になったりします。 単位認定試験があるんですけど別室で受けるんですけど過呼吸とかになって廊下出たら10分以内に戻らないとダ...,0,0
2830,2026/2/1 18:42,メルカリ,1149901661,9時間14分,2,50,25.0,0,0,0.09,4.0,0.02,0.27,あと3日,https://detail.chiebukuro.yahoo.co.jp/qa/question_detail/q11324905046,メルカリについての質問です メルカリで1510円になるものを1100円で買いたいと値下げをお願いされたのですが、現在最大1割引で考えています ですが、売り切りたいとも考えているため、「現在、最大1割引...,0,0
2831,2026/2/1 18:42,恋愛相談、人間関係の悩み,ccff3f158,9時間14分,2,7,3.5,0,0,0.013,28.57,0.0,0.19,あと3日,https://detail.chiebukuro.yahoo.co.jp/qa/question_detail/q10324905045,事実無根の悪い噂を流されました 怖いだの仲良くもない人に言われて最悪です、 じっとしてればすぐ収まりますか？,0,0
2832,2026/2/1 18:42,鉄道、列車、駅,ana********,9時間14分,0,20,20.0,0,0,0.036,0.0,0.0,0.04,あと3日,https://detail.chiebukuro.yahoo.co.jp/qa/question_detail/q14324905044,JR西日本の株主優待について教えて下さい。 京都から出雲大社(出雲市)に行きたいです。 一筆書き(片道扱い)適用のルートはありますか？ 出来れば、行き銀河を利用したいのですが (予約が取れれば…),0,0
2833,2026/2/1 18:42,職場の悩み,kyo********,9時間14分,0,3,3.0,0,0,0.005,0.0,0.0,0.01,あと3日,https://detail.chiebukuro.yahoo.co.jp/qa/question_detail/q11324905041,くら寿司フロアーの仕事で発達や知的の方は仕事する人は多いのでしょうか?,0,0
2834,2026/2/1 18:42,恋愛相談、人間関係の悩み,Fjdzisks,9時間14分,1,10,10.0,0,0,0.018,10.0,0.0,0.11,あと3日,https://detail.chiebukuro.yahoo.co.jp/qa/question_detail/q12324905042,高校生、女です。SNSの相互フォローを解除したことから逆上されてしまい投稿していた自分の顔が写っている画像を保存されとあるSNSのアイコンにされていてなりすましをされています。 そのSNSでは既に報告...,0,0
2835,2026/2/1 18:42,鉄道、列車、駅,たろう,9時間14分,1,21,21.0,0,0,0.038,4.76,0.01,0.13,あと3日,https://detail.chiebukuro.yahoo.co.jp/qa/question_detail/q10324905040,JR東日本のキュンパスを使って2人で旅行したいのですが、2人席の指定席は1人ずつ取るとかではなく2人分で取れますか？,0,0
2836,2026/2/1 18:42,アニメ,lgwunhc,9時間14分,0,4,4.0,0,0,0.007,0.0,0.0,0.01,あと3日,https://detail.chiebukuro.yahoo.co.jp/qa/question_detail/q14324905039,ネトフリで今BLEACH見れないですよね、？,0,0
2837,2026/2/1 18:42,家族関係の悩み,1252795412,9時間14分,8,84,10.5,0,6,0.151,9.52,0.02,1.19,あと3日,https://detail.chiebukuro.yahoo.co.jp/qa/question_detail/q11324905036,親が子供に「お金10万貸して｣と言うのは おかしいでしょうか。,0,0
