ID,質問日時,カテゴリ,投稿者名,経過時間,回答数,閲覧数,回答難易度,共感数,回答リアクション総数,注目度,回答競争率,注目/競争比,ランキングポテンシャル,受付終了まで,URL,本文冒頭,マイフラグ,ベストアンサーフラグ
1,2026/2/1 7:51,読書,yok********,7時間19分,0,6,6.0,0,0,0.014,0.0,0.0,0.01,あと3日,https://detail.chiebukuro.yahoo.co.jp/qa/question_detail/q13324886773,村上春樹作品の中で、エリック・サティに言及しているものはありますか？,0,0
3,2026/2/1 7:50,家族関係の悩み,cha********,7時間20分,3,55,18.3,0,2,0.125,5.45,0.02,0.6,あと3日,https://detail.chiebukuro.yahoo.co.jp/qa/question_detail/q14324886769,価値観（特に金銭的）な『全く』違う夫婦が、定年後などに一緒に生活していくことは可能だと思いますか？ 例 片方：夫婦二人で一ヶ月10万で十分生活できる 片方：20万はないと無理 ※これはあくまで例ですか...,0,0
4,2026/2/1 7:50,海外ドラマ,1051444825,7時間20分,1,5,5.0,0,0,0.011,20.0,0.0,0.12,あと3日,https://detail.chiebukuro.yahoo.co.jp/qa/question_detail/q13324886768,マイケルスコフィールドは0.2秒の無量空所をくらってもフリーズしないですか？,0,0
5,2026/2/1 7:50,法律相談,tak********,7時間20分,4,41,10.2,0,0,0.093,9.76,0.01,0.55,あと3日,https://detail.chiebukuro.yahoo.co.jp/qa/question_detail/q12324886767,人に貸した車が事故を起こした時 この知人に車を貸しました。 何事もなく返ってきましたが興味本意でドラレコを確認するとびっくりするくらい荒い運転をしてました。住宅街を速く走ったり、交差点で二段階停止せず...,0,0
6,2026/2/1 7:50,ライブ、コンサート,V_bioxoid_V,7時間20分,1,23,23.0,0,0,0.052,4.35,0.01,0.17,あと3日,https://detail.chiebukuro.yahoo.co.jp/qa/question_detail/q11324886766,至急！！ 今日PayPayドームであるsmtownliveの銀テはスタンドまで届きますか？？ 終わった後にアリーナまで行って取りに行ったりとかできますかね、？？,0,0
7,2026/2/1 7:50,海外,other2,7時間20分,0,7,7.0,0,0,0.016,0.0,0.0,0.02,あと3日,https://detail.chiebukuro.yahoo.co.jp/qa/question_detail/q10324886765,韓国チェジュ島の구좌人参を日本から取り寄せるか、日本のお店で食べることは可能でしょうか。,0,0
8,2026/2/1 7:50,生き方、人生相談,非公開,7時間20分,4,30,7.5,0,1,0.068,13.33,0.01,0.59,あと3日,https://detail.chiebukuro.yahoo.co.jp/qa/question_detail/q14324886764,大学中退という経歴は、一般的に印象として、言わない方がいいのですか？ 中退でも、一旦合格して高卒よりも経験を積んだことにはそれなりの価値が見られると思っていましたが、中退というと「途中で断念した」イメ...,0,0
9,2026/2/1 7:50,恋愛相談,b185c5a67,7時間21分,3,56,18.7,0,0,0.127,5.36,0.02,0.47,あと3日,https://detail.chiebukuro.yahoo.co.jp/qa/question_detail/q13324886763,高校3年の男子です。この前好きな子をユニバに誘ってOKを貰ったのですが脈アリの可能性はどれくらいあるでしょうか？ 相手の子は小学校の頃の仲良かった友達で僕はその子に１回告白されてます。しかし中学、高校...,0,0
11,2026/2/1 7:50,海外,レモン,7時間21分,2,18,9.0,0,0,0.041,11.11,0.0,0.27,あと3日,https://detail.chiebukuro.yahoo.co.jp/qa/question_detail/q11324886761,アジア大陸は広いですか？ 行ったことあるアジアの国はどこですか？ 東アジア: 日本、中国、韓国、台湾、北朝鮮 東南アジア: タイ、インドネシア、ベトナム、マレーシア、フィリピン 南アジア: インド、パ...,0,0
12,2026/2/1 7:50,アニメ,匿名,7時間21分,1,74,74.0,0,2,0.168,1.35,0.12,0.42,不明,https://detail.chiebukuro.yahoo.co.jp/qa/question_detail/q10324886760,アニメを探してます。ノーパンノーブラで学校に登校する。→黒板を消すために男子に肩車してもらう。→見えそうになる。 こんなシチュがあった気がします。だれかわかりますか？,0,0
13,2026/2/1 7:50,Yahoo!知恵袋,horizon,7時間21分,13,51,3.9,0,1,0.116,25.49,0.0,1.65,あと3日,https://detail.chiebukuro.yahoo.co.jp/qa/question_detail/q14324886759,最も好きな果物は何ですか？ 画像にない果物でも構いません。,0,0
14,2026/2/1 7:50,算数,R0827,7時間21分,3,24,8.0,0,0,0.054,12.5,0.0,0.39,あと3日,https://detail.chiebukuro.yahoo.co.jp/qa/question_detail/q13324886758,申し訳ございません。 3.62は、偶数ですか？,0,0
15,2026/2/1 7:50,iPhone,ファントム,7時間21分,2,36,18.0,0,0,0.082,5.56,0.01,0.31,あと3日,https://detail.chiebukuro.yahoo.co.jp/qa/question_detail/q12324886757,メルカリで中古のAirPods3を買いましたがペアリングが出来ないです。 背面のボタンを長押しして初期化しました。白→オレンジ→緑色と変わりました。 Bluetoothをオンにして背面のリセットボタン...,0,0
16,2026/2/1 7:49,読書,James1950s,7時間22分,1,4,4.0,0,3,0.009,25.0,0.0,0.32,あと3日,https://detail.chiebukuro.yahoo.co.jp/qa/question_detail/q10324886755,畠山 直哉 『陸前高田 ２０１１‐２０１４』この書籍はおすすめでしょうか?,0,0
17,2026/2/1 7:49,病気、症状,るぅむ,7時間22分,1,37,37.0,0,1,0.084,2.7,0.03,0.26,不明,https://detail.chiebukuro.yahoo.co.jp/qa/question_detail/q14324886754,【大至急】 昨日､人が多い場所に行きました。 朝起きたら 喉の痛み､鼻水、寒気、頭痛､ 体のだるさ、全身がいたい。 微熱、息苦しさなどがあります。 風邪でしょうか？それともインフルでしょうか。,0,0
18,2026/2/1 7:49,ファイナルファンタジー,1150902365,7時間22分,2,22,11.0,0,0,0.05,9.09,0.01,0.27,あと3日,https://detail.chiebukuro.yahoo.co.jp/qa/question_detail/q13324886753,FF7リメイクは面白いですか？ FFシリーズはこれまでにやったことありません。 ドラクエならあります。 とりあえず体験版FF7リメイクをやってみたんですけど、私には難しすぎました。最初のボスを5回ほど...,0,0
19,2026/2/1 7:49,政治、社会問題,rhj********,7時間22分,1,19,19.0,0,0,0.043,5.26,0.01,0.16,あと3日,https://detail.chiebukuro.yahoo.co.jp/qa/question_detail/q12324886752,自分の働いている会社は中国で物を作り（自社の工場で100%作ってます） それを日本や中国、北米等々…中東…いろいろな国で売るのが基本的な商売です。 円安ドル高の今だと日本国内は利益が出づらいのでしょう...,0,0
20,2026/2/1 7:49,メルカリ,qur********,7時間22分,3,39,13.0,0,0,0.088,7.69,0.01,0.43,あと3日,https://detail.chiebukuro.yahoo.co.jp/qa/question_detail/q11324886751,メルカリの大型配送について。 IKEAのデトルフを二ついらなくなったのでメルカリで売りたいのですが、梱包配送頼める便というものがあるらしくこれで配送できるのでしょうか。 もし可能でしたら料金や仕組み教...,0,0
21,2026/2/1 7:49,タブレット端末,1151140396,7時間22分,2,38,19.0,0,0,0.086,5.26,0.02,0.31,不明,https://detail.chiebukuro.yahoo.co.jp/qa/question_detail/q10324886750,現在、iPad（第5世代） を使っているのですが、動作が限界になってきたため買い替えを考えています。 また、パソコンでゲームもしたいと思っており、タブレットにもなるような セパレート型（2in1タイプ...,0,0
22,2026/2/1 7:49,国内,awl********,7時間22分,2,17,8.5,0,0,0.038,11.76,0.0,0.26,あと3日,https://detail.chiebukuro.yahoo.co.jp/qa/question_detail/q14324886749,札幌市と松山市では、都会度でかなり大きい差がついたのはなぜだと思いますか？ どちらも人口が少なめの各地方（北海道、四国）にある最大都市とはいえ。,0,0
23,2026/2/1 7:49,ゴルフ,daz********,7時間22分,3,27,9.0,0,0,0.061,11.11,0.01,0.4,あと3日,https://detail.chiebukuro.yahoo.co.jp/qa/question_detail/q12324886747,キャロウェイのxフォージドCBを使用しています。新しくzxi7に変更しようと思っています。難易度は上がりますか？両方打った方がいれば教えて下さい。,0,0
24,2026/2/1 7:49,政治、社会問題,翠,7時間23分,1,39,39.0,0,26,0.088,2.56,0.03,1.96,あと3日,https://detail.chiebukuro.yahoo.co.jp/qa/question_detail/q13324886748,オールドメディアの記事や論評を読んでいるのはオールドのファンだけになって来つつあるのでしょうか。 オールドファン好みの論評を書いていかないと益々オールドメディアから離れて行ってしまうと思っているのでし...,0,0
25,2026/2/1 7:49,賃貸物件,a8ccab424,7時間23分,1,93,93.0,0,0,0.21,1.08,0.19,0.32,不明,https://detail.chiebukuro.yahoo.co.jp/qa/question_detail/q11324886746,賃貸の契約を進めています。 現在、審査が通ったところで、次が重要事項説明になります。 その前に初期費用の見積もりを仲介業者にお願いしましたが、オーナー様がまだ見積もりがきていないと言われました。見積も...,0,0
26,2026/2/1 7:49,家族関係の悩み,b54d30402,7時間23分,5,59,11.8,0,1,0.133,8.47,0.02,0.76,あと3日,https://detail.chiebukuro.yahoo.co.jp/qa/question_detail/q14324886744,SNSの動画配信で。 生活保護貰ってます…みたいな若者いるけど。 一方 80歳手前で月5万 年金もらい 家賃5万払い 左官屋だから 良くて 月15万 確定申告してるから 国保代や市県民税 まじめに 払...,0,0
27,2026/2/1 7:49,病気、症状,1052032555,7時間23分,0,21,21.0,0,0,0.047,0.0,0.0,0.05,あと3日,https://detail.chiebukuro.yahoo.co.jp/qa/question_detail/q13324886743,助けてください明日受験なのに3日前に熱出て39.42日前38.8きのう38.6今日38.8です 発熱後12時間くらいにコロナインフル検査して陰性でした 喉は痛かったですがもうだいぶ治りました ずっと熱...,0,0
28,2026/2/1 7:49,妊娠、出産,ntm********,7時間23分,1,25,25.0,0,0,0.056,4.0,0.01,0.17,あと3日,https://detail.chiebukuro.yahoo.co.jp/qa/question_detail/q12324886742,これっていつが排卵日か分かりますか？ 私的には基礎体温と検査薬の結果で29日かな？と思っているのですが教えて頂きたいです。 排卵検査薬の写真も言ってくだされば貼ります。,0,0
29,2026/2/1 7:49,Yahoo!メール,ska********,7時間23分,1,11,11.0,0,0,0.025,9.09,0.0,0.14,あと3日,https://detail.chiebukuro.yahoo.co.jp/qa/question_detail/q11324886741,iPhoneのメールでYahooメールを登録してましたが、パスワード変更後再設定ができなくなりました。個人の連絡先は全てヤフーメールに設定しているので、とても不便です。 ユーザー名とパスワードは間違っ...,0,0
30,2026/2/1 7:49,テーマパーク,真珠,7時間23分,0,27,27.0,1,0,0.061,0.0,0.0,0.29,あと3日,https://detail.chiebukuro.yahoo.co.jp/qa/question_detail/q10324886740,ファンタジースプリングスホテルに泊まるのですが、帰りの羽田行きリムジンバスの予約がファンタジースプリングス発がいっぱいだったため、ディズニーシー発を取りました。 最終日がシーで、荷物をファンタジースプ...,0,0
31,2026/2/1 7:49,レディース全般,1251060134,7時間23分,1,9,9.0,0,0,0.02,11.11,0.0,0.13,あと3日,https://detail.chiebukuro.yahoo.co.jp/qa/question_detail/q14324886739,よくアーノルドパーマーのショップで服を買っています。 しまむらでアーニーパーマーのスウェットパンツが売っています。 安いですが、質が良くないのですか？ また、そのスウェットパンツで旅行に行くのはおかし...,0,0
32,2026/2/1 7:49,アニメ,1150446559,7時間23分,0,2,2.0,0,0,0.005,0.0,0.0,0.0,あと3日,https://detail.chiebukuro.yahoo.co.jp/qa/question_detail/q13324886738,ONE PIECEのナミとボボボーボ・ボーボボのビュティが戦ったらどっちが強いでしょうか？,0,0
33,2026/2/1 7:48,Amazon,b332bb033,7時間24分,2,54,27.0,0,0,0.121,3.7,0.03,0.35,不明,https://detail.chiebukuro.yahoo.co.jp/qa/question_detail/q12324886737,Amazonで今日届くものが未だ発送済みにならないです。よく分からないなりの考察ですが、出荷元がAmazonでAmazonによる発送になっているから、発送と同時に配達っていうことになっているんですか？...,0,0
34,2026/2/1 7:48,ヘアケア,sur********,7時間24分,2,8,4.0,0,0,0.018,25.0,0.0,0.24,あと3日,https://detail.chiebukuro.yahoo.co.jp/qa/question_detail/q11324886736,シャンプーやコンディショナー、トリートメントって、同じ商品系統のもので揃えて使った方がいいんでしょうか？,0,0
35,2026/2/1 7:48,Linux系,1150602747,7時間24分,1,20,20.0,0,0,0.045,5.0,0.01,0.16,あと3日,https://detail.chiebukuro.yahoo.co.jp/qa/question_detail/q10324886735,Arm64 linux に 10G Ethernet LINUX driver(r8127) をインストールするにはどうしたら良いのでしょうか rapi5 8G (Arm64 linux Ubuntu...,0,0
36,2026/2/1 7:48,ビジネスマナー,野奈芽,7時間24分,9,75,8.3,0,1,0.169,12.0,0.01,1.25,あと3日,https://detail.chiebukuro.yahoo.co.jp/qa/question_detail/q14324886734,社会人女子のマナーなのですか？ バッグに避妊具って？,0,0
37,2026/2/1 7:48,商品の発送、受け取り,未設定,7時間24分,1,14,14.0,0,0,0.031,7.14,0.0,0.14,あと3日,https://detail.chiebukuro.yahoo.co.jp/qa/question_detail/q12324886732,SHEINで商品を注文し、配達予定日が明日までなのですが今日見てみたら朝の四時頃に出荷準備完了となっていました。絶対に明日使いたいので今日届かないと間に合わないのですが届くでしょうか; ;？,0,0
38,2026/2/1 7:48,読書,James1950s,7時間24分,0,5,5.0,0,0,0.011,0.0,0.0,0.01,あと3日,https://detail.chiebukuro.yahoo.co.jp/qa/question_detail/q11324886731,黒柳 徹子 『トットひとり』この書籍はおすすめでしょうか?,0,0
39,2026/2/1 7:48,アニメ,1150446559,7時間24分,0,1,1.0,0,0,0.002,0.0,0.0,0.0,あと3日,https://detail.chiebukuro.yahoo.co.jp/qa/question_detail/q10324886730,コロッケ!(漫画)のコロッケとボボボーボ・ボーボボのビュティが戦ったらどっちが強いでしょうか？,0,0
41,2026/1/31 8:56,インターネット接続,a3b6c235f,30時間17分,2,25864,12932.0,2,54,14.234,0.01,1423.4,15.28,不明,https://detail.chiebukuro.yahoo.co.jp/qa/question_detail/q11324852806,85xo 85poってもう見れなくなりました、？？ 全く開かなくて困ってるんですけど 接続できないと表示されます,0,0
42,2026/1/28 17:10,iPhone,hid********,94時間3分,25,42469,1698.8,54,518,7.526,0.06,125.43,11.46,回答受付が終了しました,https://detail.chiebukuro.yahoo.co.jp/qa/question_detail/q13324767573,iPhone8＋をiOS16.7.13にアップデートしようとダウンロード を終えてインストールしようとしたらこんな表示が出てきて出来ません。 暫くすれば通知が来てインストール出来るのでしょうか？詳しい...,0,0
43,2026/2/1 1:49,声優,匿名希望,13時間24分,8,1934,241.8,1,3,2.405,0.41,5.87,3.13,あと3日,https://detail.chiebukuro.yahoo.co.jp/qa/question_detail/q10324883190,声優の花守ゆみりさんがTVアニメ『株式会社マジルミエ』の越谷仁美役を降板されるそうですが、一体何があったのでしょうか？,0,0
44,2026/1/28 18:14,K-POP、アジア,tap********,92時間59分,2,11653,5826.5,5,31,2.089,0.02,104.45,2.36,回答受付が終了しました,https://detail.chiebukuro.yahoo.co.jp/qa/question_detail/q12324769677,"ENHYPENのニキ、何があったんですか？ X見てたら""ENHYPENは7人、ニキが脱退するなんて反対""""みんな離れていった""みたいなのが流れてきて。 なぜそんな流れになってるんですか？ 事務所がマス...",0,0
45,2026/1/28 18:13,自動車,cb7a27856,93時間0分,4,57695,14423.8,9,29,10.339,0.01,1033.9,10.69,不明,https://detail.chiebukuro.yahoo.co.jp/qa/question_detail/q14324769634,85XOにアクセスできなくなっています。対処法ありますか？ミラーサイトなど存在してますかね,0,0
46,2026/2/1 3:27,恋愛相談、人間関係の悩み,非公開,11時間46分,6,371,61.8,0,3,0.525,1.62,0.32,1.08,不明,https://detail.chiebukuro.yahoo.co.jp/qa/question_detail/q12324884482,至急相談です。 私は高1で彼氏は他校、高2です。 彼氏の家に行くと必ず胸揉まれます(胸揉みたいだけだから！他には何もしない！と言ってます。確かに何もされてない。胸ぐらい良いかなと)。 交際してもうすぐ...,0,0
47,2026/1/29 20:32,iPhone,ghi********,66時間41分,6,4976,829.3,0,8,1.244,0.12,10.37,1.38,不明,https://detail.chiebukuro.yahoo.co.jp/qa/question_detail/q12324807317,iOS26.2.1にアップデートってした方がいいのでしょうか？ iPhone16とMacPCのアップデートについてです。,0,0
48,2026/2/1 3:34,恋愛相談,不明,11時間39分,1,299,299.0,0,2,0.427,0.33,1.29,0.58,不明,https://detail.chiebukuro.yahoo.co.jp/qa/question_detail/q12324884567,可愛いですか？,0,0
49,2026/1/23 8:38,メンズシューズ,fbv********,222時間35分,5,16034,3206.8,4,35,1.201,0.03,40.03,1.33,不明,https://detail.chiebukuro.yahoo.co.jp/qa/question_detail/q11324582746,怪しいと思ってここに相談させて貰ってます!! 本日も皆様の知見をお借りできたら嬉しいです。 TikTokで流れてきた、 「NIKEの新春セール」なる広告でした。 以下、そのURLとサイトの写真になりま...,0,0
50,2026/2/1 0:40,携帯型ゲーム全般,アミノ,14時間33分,4,2913,728.2,1,0,3.334,0.14,23.81,3.67,あと3日,https://detail.chiebukuro.yahoo.co.jp/qa/question_detail/q13324881663,ツムツムの新キャラクラウドってもしかしてコイン稼ぎキャラなのでしょうか？,0,0
51,2026/2/1 7:48,料理、食材,sanyaso_fusigi,7時間25分,2,35,17.5,1,5,0.079,5.71,0.01,0.86,あと3日,https://detail.chiebukuro.yahoo.co.jp/qa/question_detail/q12324886727,なぜ新潟5区の自民党候補の高鳥修一氏は苦戦中ですか、 そもそも本当だと思いますか？ ＝＝＝ 詳細： 新潟5区の自民党候補、高鳥修一氏が苦戦中らしいです。 そもそも本当ですか？ 本当の場合、なぜでしょう...,0,0
52,2026/2/1 7:48,職場の悩み,1251670529,7時間25分,3,50,16.7,0,0,0.112,6.0,0.02,0.45,あと3日,https://detail.chiebukuro.yahoo.co.jp/qa/question_detail/q10324886725,質問です。 私のバイト先は基本バイトしかいません。 店長もバイトです。 本社は近所にあり、支店も何店舗かありますがうちの店舗以外は親族経営で少し阻害されていて 業務形態も少し違うためほぼ孤立してます。...,0,0
55,2026/2/1 7:48,国際情勢,farewell ：フェアウェル,7時間26分,3,21,7.0,0,0,0.047,14.29,0.0,0.38,あと3日,https://detail.chiebukuro.yahoo.co.jp/qa/question_detail/q12324886722,米政府機関、一部が閉鎖状態に 昨秋以来、期間は限定的か 共同通信 【ワシントン共同】米連邦政府の支出を賄うつなぎ予算が2026 1月31日未明、失効し、政府機関の一部が閉鎖状態に陥った。昨年秋にも過去...,0,0
56,2026/2/1 7:47,イヌ,ID 非公開,7時間27分,2,17,8.5,0,0,0.038,11.76,0.0,0.26,不明,https://detail.chiebukuro.yahoo.co.jp/qa/question_detail/q11324886721,SQL Serverはジャパンケネルクラブの認定犬種をサポートしていますか？,0,0
57,2026/2/1 7:47,日本史,BA&AB777,7時間27分,0,5,5.0,0,0,0.011,0.0,0.0,0.01,あと3日,https://detail.chiebukuro.yahoo.co.jp/qa/question_detail/q10324886720,戦国時代の水軍で教えてください。 1560年頃と1590年の朝鮮出兵の時の 船に大きさ・作り・乗船人数・ 船の防水・浸水対策は どうしていたのでしょうか？ よろしくお願いします。,0,0
58,2026/2/1 7:47,アニメ,Gorilla,7時間27分,1,33,33.0,0,3,0.074,3.03,0.02,0.39,あと3日,https://detail.chiebukuro.yahoo.co.jp/qa/question_detail/q14324886719,キルケーの魔女を見たんですが、ケネスはハサウェイがマフティーだと既にに見抜いているんですか？,0,0
59,2026/2/1 7:47,テレビゲーム全般,21号,7時間27分,1,34,34.0,0,0,0.076,2.94,0.03,0.19,不明,https://detail.chiebukuro.yahoo.co.jp/qa/question_detail/q12324886717,あつまれどうぶつの森(あつ森)で、フータがテントを立てて、展示品を寄贈するところまで進んだのですが、このタイミングで寄贈した生きものは、博物館が建った後にも保持されますか？,0,0
60,2026/2/1 7:47,病院、検査,きゅうり,7時間27分,2,22,11.0,0,2,0.049,9.09,0.01,0.41,あと3日,https://detail.chiebukuro.yahoo.co.jp/qa/question_detail/q11324886716,看護師と臨床検査技師だったらプライベートに余裕があるのはどちらでしょうか？,0,0
61,2026/2/1 7:47,ゲーム,1150217729,7時間27分,0,3,3.0,0,0,0.007,0.0,0.0,0.01,あと3日,https://detail.chiebukuro.yahoo.co.jp/qa/question_detail/q14324886714,airport simulator plane cityでスタッフの割り当てはどうやる？,0,0
62,2026/2/1 7:47,自動車,James1950s,7時間27分,0,2,2.0,0,0,0.004,0.0,0.0,0.0,あと3日,https://detail.chiebukuro.yahoo.co.jp/qa/question_detail/q10324886715,クルマ解剖研究所 『働く車分解図鑑』この書籍はおすすめでしょうか?,0,0
63,2026/2/1 7:47,ゲーム,人間です。,7時間27分,1,7,7.0,0,1,0.016,14.29,0.0,0.19,あと3日,https://detail.chiebukuro.yahoo.co.jp/qa/question_detail/q13324886713,マリオカートワールドについて質問です。 マリオカートワールドでは「テレサ」がありますが、テレサに取られないアイテムはありますか？「ダッシュフード」はテレサに盗られますか？,0,0
64,2026/2/1 7:47,自動車,1149827839,7時間27分,7,42,6.0,0,3,0.094,16.67,0.01,1.07,あと3日,https://detail.chiebukuro.yahoo.co.jp/qa/question_detail/q12324886712,アイスバーンは車重が重い車ほど速く走れる？,0,0
65,2026/2/1 7:47,自動車,red********,7時間27分,0,7,7.0,0,0,0.016,0.0,0.0,0.02,あと3日,https://detail.chiebukuro.yahoo.co.jp/qa/question_detail/q11324886711,日産モコのドルチェ（MG33S）について質問です。 モコのドルチェは通常のタイプと違いシートが専用品（合皮）になっておりますが、この素材や作り方に近い市販品のシートカバーはどのようなものがあるかご存知...,0,0
66,2026/2/1 7:47,メルカリ,tak********,7時間27分,4,52,13.0,0,4,0.116,7.69,0.02,0.83,不明,https://detail.chiebukuro.yahoo.co.jp/qa/question_detail/q10324886710,メルカリで利用枠が0になったまま回復しません。過去に一度だけ20日ほど支払いがすぎたことがあったのですが、どうすればまた使えるようになりますか？,0,0
67,2026/2/1 7:47,政治、社会問題,妖怪 厨2壁,7時間27分,2,13,6.5,0,1,0.029,15.38,0.0,0.32,あと3日,https://detail.chiebukuro.yahoo.co.jp/qa/question_detail/q14324886709,【経済秩序】結局、正義では無いと思いますか？,0,0
68,2026/2/1 7:47,算数,R0827,7時間27分,2,16,8.0,0,0,0.036,12.5,0.0,0.26,あと3日,https://detail.chiebukuro.yahoo.co.jp/qa/question_detail/q13324886708,申し訳ございません。 26.05は、奇数ですか？,0,0
70,2026/2/1 7:47,カフェ、喫茶,みかん,7時間27分,3,27,9.0,1,1,0.06,11.11,0.01,0.68,あと3日,https://detail.chiebukuro.yahoo.co.jp/qa/question_detail/q11324886706,快活クラブの利用が初めてなので教えてください。途中外出出来ると聞きました。例えば夜に安いパック？にしてシャワーをお借りしたりして自分の車で寝るのも可能ですか？ 途中トイレやドリンクのために入店し、また...,0,0
71,2026/2/1 7:47,言葉、語学,コンコルド打法,7時間28分,2,1,0.5,0,0,0.002,200.0,0.0,0.22,あと3日,https://detail.chiebukuro.yahoo.co.jp/qa/question_detail/q10324886705,Searchin' For New World. 意味は何ですか?,0,0
72,2026/2/1 7:46,ニュース、事件,my_********,7時間29分,2,12,6.0,0,0,0.027,16.67,0.0,0.25,あと3日,https://detail.chiebukuro.yahoo.co.jp/qa/question_detail/q14324886704,政府は票が欲しいからと団塊世代や団塊ジュニア世代ばかりに気を遣うので、団塊直後が割を喰うのは仕方ないのですか？,0,0
73,2026/2/1 7:46,メルカリ,BA&AB777,7時間29分,5,82,16.4,0,10,0.183,6.1,0.03,1.4,あと3日,https://detail.chiebukuro.yahoo.co.jp/qa/question_detail/q13324886703,メルカリで ゆうパケットポスト専用箱か 発送シールかのどちらかで 新品メンズ下着・4L・2枚組 出品したいのですが 小さくたたまれていて 袋の中でゴムの部分が重なっていて 押せば少しはへこみますが そ...,0,0
74,2026/2/1 7:46,大学受験,な,7時間29分,0,8,8.0,0,0,0.018,0.0,0.0,0.02,あと3日,https://detail.chiebukuro.yahoo.co.jp/qa/question_detail/q12324886702,千葉大の文学部歴史学コース志望の高二です。 2次で使う科目が、英国社で、数学は共通テストのみです。 自分は英数国の基礎固めが終わっていなく、日本史は結構今まで真面目にやってきていて大体の模試やテストで...,0,0
75,2026/2/1 7:46,鉄道、列車、駅,gak********,7時間29分,1,34,34.0,0,3,0.076,2.94,0.03,0.39,あと3日,https://detail.chiebukuro.yahoo.co.jp/qa/question_detail/q11324886701,そもそも 近鉄電車の 名古屋線と 大阪線の 普通車両が青への塗装変更で一体何なんでしょうか？ 8 A 系と 1 A 系 の導入によって 既存の車両 に関しては 奈良線と 京都線を走る 一般車両に関して...,0,0
76,2026/2/1 7:46,家族関係の悩み,1152611088,7時間29分,2,17,8.5,0,0,0.038,11.76,0.0,0.26,あと3日,https://detail.chiebukuro.yahoo.co.jp/qa/question_detail/q10324886700,祖母の家に行くと買い物を付き合わされて私の運転で行く時、歩いてる人や自転車の人が私を見てたよと言ってきます。 言っても意味のないことですよね そういうことを毎回言ってくるのを嫌だなと思ってて顔にでるの...,0,0
77,2026/2/1 7:46,国民健康保険,m.mi,7時間29分,4,42,10.5,0,4,0.093,9.52,0.01,0.8,あと3日,https://detail.chiebukuro.yahoo.co.jp/qa/question_detail/q14324886699,退職し、社会保険から国民健康保険に切り替え手続きをするのですが、手続きをする日の午後に病院に行く予定があります。 切り替えた日に受診しても何も問題ないでしょうか？,0,0
78,2026/2/1 7:46,競馬,1249847597,7時間29分,2,64,32.0,0,4,0.142,3.12,0.05,0.63,不明,https://detail.chiebukuro.yahoo.co.jp/qa/question_detail/q13324886698,競馬で三連単過去最高配当出ましたが、当選者１人でしたが、いくら分購入したかはわからない？公表しないんですか？,0,0
79,2026/2/1 7:46,飲食店,1053149452,7時間29分,2,40,20.0,0,0,0.089,5.0,0.02,0.31,あと3日,https://detail.chiebukuro.yahoo.co.jp/qa/question_detail/q12324886697,昼から飲食店に出かけて、手洗い無しで食事。 手洗いせず顔を触る。 濡れたシャツをきて、その上にパジャマを着る。 冷風で髪を乾かす。 15分夜のベランダにでる。 0度。冷凍庫で冷やした冷たいシェイク飲む...,0,0
80,2026/2/1 7:46,釣り,ewe********,7時間29分,0,9,9.0,0,0,0.02,0.0,0.0,0.02,あと3日,https://detail.chiebukuro.yahoo.co.jp/qa/question_detail/q11324886696,ダイワのエメラルダス2500番のドラグノブを海に落として無くしたんですけど、他のダイワ2500番リールのドラグノブは流用ができますか？,0,0
81,2026/2/1 7:46,競馬,ポートピア81,7時間29分,2,19,9.5,0,0,0.042,10.53,0.0,0.26,あと3日,https://detail.chiebukuro.yahoo.co.jp/qa/question_detail/q10324886695,2月1日京都競馬7Rを予想してください。,0,0
82,2026/2/1 7:46,政治、社会問題,翠,7時間29分,1,34,34.0,0,0,0.076,2.94,0.03,0.19,あと3日,https://detail.chiebukuro.yahoo.co.jp/qa/question_detail/q13324886693,自分たちは政府のご意見番だという意識を持って、それぞれのメディアが論評を書いたりしているのでしょうか。そして相も変わらず自分たちこそは第四権力だというような意識を未だに持っているのでしょうか。,0,0
83,2026/2/1 7:46,日本語,R0827,7時間29分,2,5,2.5,0,0,0.011,40.0,0.0,0.23,あと3日,https://detail.chiebukuro.yahoo.co.jp/qa/question_detail/q14324886694,はい ロングシートとワークシート 違いを、教えてください,0,0
84,2026/2/1 7:46,動物,ひまじん,7時間29分,4,48,12.0,0,1,0.107,8.33,0.01,0.62,不明,https://detail.chiebukuro.yahoo.co.jp/qa/question_detail/q12324886692,恐竜時代は鳴き声とかうるさい世界ですか？,0,0
85,2026/2/1 7:46,クラシック,ca58ce755,7時間29分,8,116,14.5,0,3,0.258,6.9,0.04,1.34,あと3日,https://detail.chiebukuro.yahoo.co.jp/qa/question_detail/q11324886691,質問失礼します。 私は大学生からヴァイオリンを始めたいと考えているものです。 音楽に関しては私自身4歳の頃からスズキメソードのピアノ科で習っていました。もうすでにやめてしまいました 今は好きな曲を耳コ...,0,0
86,2026/2/1 7:46,懸賞、くじ,onga510,7時間30分,1,614,614.0,0,6,1.364,0.16,8.53,1.87,不明,https://detail.chiebukuro.yahoo.co.jp/qa/question_detail/q10324886690,2月1日 中日新聞クロスワードの答えは、エホエマキ(恵方巻)でいいですか？ ヒントは、今年はどちらが縁起のいい方向かな？,0,0
87,2026/2/1 7:45,バレエ,afd5d4b07,7時間31分,2,15,7.5,0,0,0.033,13.33,0.0,0.25,あと3日,https://detail.chiebukuro.yahoo.co.jp/qa/question_detail/q13324886688,「体を動かしているだけ」と「踊っている」の違いは何だと思いますか,0,0
88,2026/2/1 7:45,ガラケーサービス,dwc********,7時間31分,0,8,8.0,0,0,0.018,0.0,0.0,0.02,あと3日,https://detail.chiebukuro.yahoo.co.jp/qa/question_detail/q12324886687,どなたかマンガダウンロードの退会方法を教えてください。,0,0
89,2026/2/1 7:45,テーマパーク,ldn********,7時間31分,2,63,31.5,1,0,0.14,3.17,0.04,0.58,不明,https://detail.chiebukuro.yahoo.co.jp/qa/question_detail/q11324886686,ディズニーランドのプライオリティパスについて 今度GW明けの土曜日にランドへいきます。 プーさんとビッグサンダーのPPを取りたいのですが、どちらも午前中にはなくなってるイメージです。 PPは時間指定で...,0,0
90,2026/2/1 7:45,Macintosh（Mac),tak********,7時間31分,3,23,7.7,0,0,0.051,13.04,0.0,0.38,あと3日,https://detail.chiebukuro.yahoo.co.jp/qa/question_detail/q14324886684,MacBook Airの容量と動画編集に関する質問です。256GBの容量を買いました。家族との思い出の旅行の記録のため、動画編集を始めようと思ってます。 ネットを調べると、256GBでは、容量が少ない...,0,0
91,2026/2/1 7:45,大学受験,beb0e741a,7時間31分,0,21,21.0,0,0,0.047,0.0,0.0,0.05,あと3日,https://detail.chiebukuro.yahoo.co.jp/qa/question_detail/q13324886683,二次試験の勉強法について 共テが終わってあと25日で二次試験となります。計算では二次で7割取る必要がある大学を志望しているため二次試験での逆転が必要です。 自分がやっている勉強が合っているのか不安です...,0,0
92,2026/2/1 7:45,競馬,ポートピア81,7時間31分,1,18,18.0,0,0,0.04,5.56,0.01,0.15,あと3日,https://detail.chiebukuro.yahoo.co.jp/qa/question_detail/q12324886682,2月1日京都競馬6Rを予想してください。,0,0
93,2026/2/1 7:44,メンズ腕時計、アクセサリー,tai********,7時間32分,0,13,13.0,0,0,0.029,0.0,0.0,0.03,あと3日,https://detail.chiebukuro.yahoo.co.jp/qa/question_detail/q10324886680,このラブブは本物ですか?偽物ですか?,0,0
95,2026/2/1 7:44,発達障害,c24ce0a6a,7時間32分,3,44,14.7,2,4,0.097,6.82,0.01,1.13,あと3日,https://detail.chiebukuro.yahoo.co.jp/qa/question_detail/q12324886677,精神科のテストの結果についてです 中学生です 個人的に私は病名が出した方が楽だったので発達障害のテストを受けてみて、結果が出る日に病院へ行けなかったので母だけ行きました そして母に病名は何だったのかと...,0,0
96,2026/2/1 7:44,結婚,b1e4bba01,7時間32分,3,74,24.7,0,1,0.163,4.05,0.04,0.56,不明,https://detail.chiebukuro.yahoo.co.jp/qa/question_detail/q11324886676,"★結婚式の参列する際、 ""このようなカバンを持ち歩いていいのか"" というのを聞きたいです。 ※同世代で、厳かではない場面になります。 私は、写真と似たような ハンドバッグを持っています。 見た目は、持...",0,0
97,2026/2/1 7:44,政治、社会問題,azu********,7時間32分,1,11,11.0,0,2,0.024,9.09,0.0,0.27,あと3日,https://detail.chiebukuro.yahoo.co.jp/qa/question_detail/q10324886675,「中道」と言う党は、以前みかけた幸福実現党と同じなんでしょうか。,0,0
98,2026/2/1 7:44,ゲーム,1150217729,7時間32分,0,2,2.0,0,0,0.004,0.0,0.0,0.0,あと3日,https://detail.chiebukuro.yahoo.co.jp/qa/question_detail/q14324886674,airport simulator plane cityでスタッフの下に箱みたいなものが書かれているものはどこから手に入る？,0,0
99,2026/2/1 7:44,スロット,qxt********,7時間32分,0,19,19.0,0,0,0.042,0.0,0.0,0.04,あと3日,https://detail.chiebukuro.yahoo.co.jp/qa/question_detail/q13324886673,苫小牧マルハンについて質問です この店、どっかのタイミングから設定をイベ日にしっかり使うようになりました。（グール6確認済み ただ、見た日がメガニャンギラスの示唆の日だったので、その示唆以外は弱いのか...,0,0
100,2026/2/1 7:44,車、高速道路,odo********,7時間32分,2,15,7.5,0,0,0.033,13.33,0.0,0.25,あと3日,https://detail.chiebukuro.yahoo.co.jp/qa/question_detail/q12324886672,高速道路の深夜割引って深夜割引適応時間に高速に入れば適応されるのですか？割引き適応外の時間で入って割引き適応の時間に出たら安くなるのかどちらでしょうか？,0,0
101,2026/2/1 7:44,バス、タクシー,フランシスコ・ザビエル,7時間33分,3,29,9.7,0,4,0.064,10.34,0.01,0.66,あと3日,https://detail.chiebukuro.yahoo.co.jp/qa/question_detail/q11324886671,この道、観光バスで通るのはキツイと思いますか？,0,0
102,2026/2/1 7:44,算数,R0827,7時間33分,2,12,6.0,0,0,0.026,16.67,0.0,0.25,あと3日,https://detail.chiebukuro.yahoo.co.jp/qa/question_detail/q10324886670,はい 013は、奇数ですか？,0,0
103,2026/2/1 7:44,恋愛相談、人間関係の悩み,oto********,7時間33分,5,62,12.4,0,7,0.137,8.06,0.02,1.15,あと3日,https://detail.chiebukuro.yahoo.co.jp/qa/question_detail/q14324886669,人から冷めてると言われます。いつも明るく前向きになんてできません。なぜ冷めてるのが悪いみたいな風潮なんでしょうか？ 自分の考えを話すと冷めてるねと言われます。 ネガティブなオーラを放ってるみたいです。...,0,0
104,2026/2/1 7:44,鉄道、列車、駅,b8e4458a8,7時間33分,1,18,18.0,0,0,0.04,5.56,0.01,0.15,あと3日,https://detail.chiebukuro.yahoo.co.jp/qa/question_detail/q13324886668,JR東日本とJR東海どちらが鉄道安全作業がしっかりしてますか？,0,0
105,2026/2/1 7:44,女性の病気,kid********,7時間33分,3,28,9.3,0,0,0.062,10.71,0.01,0.39,あと3日,https://detail.chiebukuro.yahoo.co.jp/qa/question_detail/q12324886667,女性の方に質問です。 生理では無いのに茶色の織物が出ている(おりものシートにいっぱい) 疲れやすく、怒りっぽくなってしまっている、 また腰が痛い このような症状があり困っています。 繁盛期ということも...,0,0
106,2026/2/1 7:44,鉄道、列車、駅,1251781001,7時間33分,1,35,35.0,0,3,0.077,2.86,0.03,0.39,不明,https://detail.chiebukuro.yahoo.co.jp/qa/question_detail/q11324886666,地下鉄天王寺から万博公園前に行く場合 谷町線で大日まで行ってからモノレールに乗り換えるルートと 御堂筋線で千里中央まで行ってモノレールに乗り換えるルート どちらの方が早いか どちらの方が安いか 教えて...,0,0
107,2026/2/1 7:43,カスタマイズ,dhw********,7時間34分,0,11,11.0,0,0,0.024,0.0,0.0,0.02,あと3日,https://detail.chiebukuro.yahoo.co.jp/qa/question_detail/q10324886665,車のラゲッジマットですが、ラバー素材とTPE素材とではどちらがよろしいでしょうか？ それぞれの特徴や耐久性を教えてください 滑りにくく、ハサミで切っても大丈夫なのがいいです。,0,0
108,2026/2/1 7:43,動物園、水族館,レモン,7時間34分,6,24,4.0,0,1,0.053,25.0,0.0,0.78,あと3日,https://detail.chiebukuro.yahoo.co.jp/qa/question_detail/q14324886664,パンダが減って寂しい今こそ、他の動物達やレッサーパンダが主役になるチャンス、今こそ、出番！ですか？ レッサーパンダは「Panda（竹を食べるもの）」という名前、まさに「原点」、彼らが元祖パンダ。 ジャ...,0,0
109,2026/2/1 7:43,音楽,(´･ω･)っ旦~お茶,7時間34分,0,10,10.0,0,0,0.022,0.0,0.0,0.02,あと3日,https://detail.chiebukuro.yahoo.co.jp/qa/question_detail/q13324886663,https://youtu.be/D31IQ44kXuI?si=pk93UulLZdtXmHM5 この音源のボーカルを教えてください,0,0
110,2026/2/1 7:43,運転免許,1150071159,7時間34分,5,55,11.0,0,1,0.121,9.09,0.01,0.74,あと3日,https://detail.chiebukuro.yahoo.co.jp/qa/question_detail/q12324886662,運転免許は、オートマ限定しか持っていません。 軽自動車を普段使いしていますが、どうしても運転する際の安全確認はモニター頼りにしてしまいます。 いずれはミニバンも乗りたいですし、、2tトラックくらいは乗...,0,0
111,2026/2/1 7:43,ゲーム,とと,7時間34分,1,16,16.0,0,0,0.035,6.25,0.01,0.14,あと3日,https://detail.chiebukuro.yahoo.co.jp/qa/question_detail/q11324886661,スマブラ勝てなくて人生つらいです いまはリュウ使ってます。 どうしたら上手くなるでしょうか またコパン2回からの昇竜拳時にコマンドが上手くいかずBボタンを使うか悩んでいます,0,0
112,2026/2/1 7:43,外国映画,未設定,7時間34分,4,37,9.2,0,15,0.081,10.81,0.01,1.51,あと3日,https://detail.chiebukuro.yahoo.co.jp/qa/question_detail/q10324886660,映画について。００７シリーズで魅力的だった味方役や悪役の俳優さんを教えて下さい。,0,0
113,2026/2/1 7:43,結婚,c7d5c6048,7時間34分,4,59,14.8,0,3,0.13,6.78,0.02,0.77,あと3日,https://detail.chiebukuro.yahoo.co.jp/qa/question_detail/q14324886659,結婚式のご祝儀袋について質問です。 私は女性でして、初めて新郎友人として参加します。 そこでこちらのご祝儀袋を購入しました。 いつもですと新婦のイメージに合ったものを選ぶのですが、今回は新郎友人の為デ...,0,0
114,2026/2/1 7:43,My Yahoo!,ID 非公開,7時間34分,1,13,13.0,0,0,0.029,7.69,0.0,0.14,不明,https://detail.chiebukuro.yahoo.co.jp/qa/question_detail/q13324886658,My Yahoo!にはジャパンケネルクラブ公認のクリエイターが作った犬の背景デザインがありましたか？,0,0
115,2026/2/1 7:43,カスタマイズ,ii9********,7時間34分,0,4,4.0,0,0,0.009,0.0,0.0,0.01,あと3日,https://detail.chiebukuro.yahoo.co.jp/qa/question_detail/q12324886657,MSD6ALの取り付けについてしってる方がいましたら助けて 下さい、S30Zに取り付けてもエンジがかかりません、フルトラでは普通にかかります、デスビはアンプ内蔵で2本線でコイルの＋−につなぐだけで、エ...,0,0
116,2026/2/1 7:43,iPhone,1150885792,7時間34分,2,35,17.5,0,1,0.077,5.71,0.01,0.36,あと3日,https://detail.chiebukuro.yahoo.co.jp/qa/question_detail/q11324886656,iPhoneのLIVEフォト、通常写真についての質問です。 LIVEフォトを編集で通常写真にすると容量が減ると聞いた（3秒動画を編集する訳なんで理解できる）ので編集してみたのですが容量が変わりませんで...,0,0
117,2026/2/1 7:43,生き方、人生相談,1253236898,7時間35分,1,79,79.0,0,1,0.174,1.27,0.14,0.35,不明,https://detail.chiebukuro.yahoo.co.jp/qa/question_detail/q10324886655,「高所得世帯」っていくらからなんですか？ 「私の中では〜」とかではなく正式な線引きがあるんでしょうか？,0,0
118,2026/2/1 7:42,競馬,ポートピア81,7時間36分,1,19,19.0,0,0,0.042,5.26,0.01,0.15,あと3日,https://detail.chiebukuro.yahoo.co.jp/qa/question_detail/q14324886654,2月1日京都競馬5Rを予想してください。,0,0
119,2026/2/1 7:42,釣り,1251945071,7時間36分,0,10,10.0,0,0,0.022,0.0,0.0,0.02,あと3日,https://detail.chiebukuro.yahoo.co.jp/qa/question_detail/q13324886653,ダイワのクラブデミ20RLについて質問です。 ハンドルノブがくるくる回らないのですがこれが通常なんでしょうか？ そしてリールフットはこの様に曲がっているものでしょうか？,0,0
120,2026/2/1 7:42,大学受験,1153309560,7時間36分,2,176,88.0,0,0,0.386,1.14,0.34,0.6,あと3日,https://detail.chiebukuro.yahoo.co.jp/qa/question_detail/q11324886651,①芝浦工業大学を明日受験するものです｡英語換算で91点は芝浦のなかでは(上位7％=偏差値65)いきますか？ ②滑り止めにしていたのですが偏差値換算といま知ってめちゃくちゃ焦っています｡先進機械コースだ...,0,0
121,2026/2/1 7:42,高校野球,R0827,7時間36分,3,11,3.7,0,0,0.024,27.27,0.0,0.35,あと3日,https://detail.chiebukuro.yahoo.co.jp/qa/question_detail/q12324886652,はい 高校野球 英明 香川 2029年以降に、ユニフォームを漢字から英語の文字 EIMEIへ変更するには、どうすればいいですか？,0,0
122,2026/2/1 7:42,ライブ、コンサート,おとは,7時間36分,0,7,7.0,0,0,0.015,0.0,0.0,0.02,あと3日,https://detail.chiebukuro.yahoo.co.jp/qa/question_detail/q10324886650,MORESTARの単独ライブについての質問です。 うちわを2枚持つことは可能でしょうか？ 可能だとしても他のファンの方に不快な思いをさせますか？ 初めての界隈で分からないことだらけなので教えていただけ...,0,0
123,2026/2/1 7:42,政治、社会問題,ble********,7時間36分,4,39,9.8,0,0,0.085,10.26,0.01,0.52,あと3日,https://detail.chiebukuro.yahoo.co.jp/qa/question_detail/q14324886649,昨日(1月31日)、期日前投票に行きました。 その際「最高裁判官の国民審査は明日からじゃないと出来ないですがいいですか？」と言われ、出直すの面倒だったのでそのまま昨日投票したのですが、これってまた国民...,0,0
124,2026/2/1 7:42,Yahoo!オークション,coi********,7時間36分,0,4,4.0,0,0,0.009,0.0,0.0,0.01,あと3日,https://detail.chiebukuro.yahoo.co.jp/qa/question_detail/q13324886648,ヤフオクの説明欄にY-tubeのリンクを載せてもリンクに飛びません アドレスの部分をコピーの容量で色をかえて右クリックでこのサイトに移動を選ぶとリンクに飛びます こんなものでしょうか,0,0
125,2026/2/1 7:42,携帯型ゲーム全般,1252901903,7時間36分,1,23,23.0,0,1,0.05,4.35,0.01,0.23,不明,https://detail.chiebukuro.yahoo.co.jp/qa/question_detail/q12324886647,原神について質問です！ コロンビーナ1凸とイネファはゲットしました。 コンビーナは2凸した方がいいですか？ 微課金なので余剰なら1凸のままで良いかなと思っています。 誰か教えてください！！！,0,0
126,2026/2/1 7:42,パート,maf********,7時間36分,1,24,24.0,0,0,0.053,4.17,0.01,0.16,あと3日,https://detail.chiebukuro.yahoo.co.jp/qa/question_detail/q11324886646,週3日〜シフト自由なパートの仕事に応募するのに、土日休み希望と言うのはひんしゅく買いますか？,0,0
127,2026/2/1 7:41,料理、食材,野奈芽,7時間37分,3,21,7.0,0,1,0.046,14.29,0.0,0.44,あと3日,https://detail.chiebukuro.yahoo.co.jp/qa/question_detail/q10324886645,コスパの高い袋ラーメンを教えて下さい。スーパーでいくらなら買いなのか。 例えばサッポロ一番塩ラーメン5袋で300円未満なら買！とかね。,0,0
128,2026/2/1 7:41,クラシック,砂糖 茶,7時間37分,2,63,31.5,1,1,0.138,3.17,0.04,0.64,あと3日,https://detail.chiebukuro.yahoo.co.jp/qa/question_detail/q14324886644,音楽鑑賞にコーヒーはなくてはなりませんが、 セブンカフェのラージのカップは、あまりにも貧弱ではありませんか？ LAWSONやファミリーマートは、 ラージはリブがあるので安定して持てますが、 7-ELE...,0,0
129,2026/2/1 7:41,妊娠、出産,1151278103,7時間37分,2,56,28.0,1,0,0.122,3.57,0.03,0.56,あと3日,https://detail.chiebukuro.yahoo.co.jp/qa/question_detail/q13324886643,前の生理は1月3日で 排卵日がおそらく1月16日、行為が1月17日のみ。 そこから、今までずーっと高温期です。 37.02度とか36.90とか高温期が2週間以上続いてます。今日も36.90度。妊娠検査...,0,0
130,2026/2/1 7:41,交通、運転マナー,hiy********,7時間37分,9,113,12.6,1,0,0.247,7.96,0.03,1.45,あと3日,https://detail.chiebukuro.yahoo.co.jp/qa/question_detail/q12324886642,道路交通法38条に関する質問です。 貴方は片側二車線の第二走行車線を走行しています。前方に信号のない横断歩道がある交差点があり、通過しようとしています。貴方に一時停止義務が生じるのは次のどれになります...,0,0
131,2026/2/1 7:41,移住、田舎暮らし,非公開,7時間37分,2,35,17.5,0,0,0.076,5.71,0.01,0.29,あと3日,https://detail.chiebukuro.yahoo.co.jp/qa/question_detail/q10324886640,田舎暮らし、田舎移住が流行っているので、鹿児島の人気が高そうですが、なぜ鹿児島の移住人気は上がらないのですか？ やはり桜島の火山灰被害が想像を超える尋常じゃない酷さだから？,0,0
132,2026/2/1 7:41,競馬,ポートピア81,7時間37分,1,50,50.0,0,0,0.109,2.0,0.05,0.22,あと3日,https://detail.chiebukuro.yahoo.co.jp/qa/question_detail/q11324886641,2月1日京都競馬4Rを予想してください。,0,0
133,2026/2/1 7:41,SIMフリー端末,ぺんぎん,7時間38分,1,32,32.0,0,0,0.07,3.12,0.02,0.18,不明,https://detail.chiebukuro.yahoo.co.jp/qa/question_detail/q14324886639,海外用eSIMの購入を検討しています。 Amazonで安いeSIMを探していたところ手頃な価格のものが見つかり、詳細を見てみると新品と中古の2種類が用意されていました。(価格差は200円程度です) 今...,0,0
134,2026/2/1 7:41,運転免許,tok********,7時間38分,6,43,7.2,0,0,0.094,13.95,0.01,0.75,あと3日,https://detail.chiebukuro.yahoo.co.jp/qa/question_detail/q13324886638,うちの近所のお年寄りの方が数人免許返納して車を手放しました。また、近所の若い子も車の免許を取らないみたいです。年寄りが乗らなくなって若い子が免許取らないと車離れしませんか？ それに地方が過疎化でも起き...,0,0
135,2026/2/1 7:41,ライブ、コンサート,sou********,7時間38分,4,33,8.2,0,0,0.072,12.12,0.01,0.51,不明,https://detail.chiebukuro.yahoo.co.jp/qa/question_detail/q12324886637,至急 ライブの指定席ってたっても座ってもどちらでもいいんですか？,0,0
136,2026/2/1 7:41,政治、社会問題,moGmoG,7時間38分,4,125,31.2,1,2,0.273,3.2,0.09,1.06,あと3日,https://detail.chiebukuro.yahoo.co.jp/qa/question_detail/q11324886636,ヤマダ電機はなんで、「中道改革連合」を支援するのでしょうか？,0,0
137,2026/2/1 7:40,家族関係の悩み,非公開,7時間39分,3,43,14.3,0,5,0.094,6.98,0.01,0.75,あと3日,https://detail.chiebukuro.yahoo.co.jp/qa/question_detail/q10324886635,夫の娘に対しての態度や扱いが凄く気になります。 娘は友達にゲームソフトを貸して、だいぶ長い間返して貰えず困っていました。 何度返却をお願いしても、のらりくらりと交わされ、借りパクされてしまうんじゃない...,0,0
138,2026/2/1 7:40,日本史,ＩＤ非公開,7時間39分,4,28,7.0,1,4,0.061,14.29,0.0,0.97,あと3日,https://detail.chiebukuro.yahoo.co.jp/qa/question_detail/q14324886634,江戸時代に江戸から京都まで手紙を出す場合に費用はどの程度ですか ５日位の速い便だと現在の100万円位 はしますか 運搬する人はどこかで中継して １０人位で行く感じですか,0,0
139,2026/2/1 7:40,政治、社会問題,1052798944,7時間39分,12,45,3.8,0,10,0.098,26.67,0.0,2.05,あと3日,https://detail.chiebukuro.yahoo.co.jp/qa/question_detail/q13324886633,自衛隊の人手不足は自衛官の定年が早いことも一因ですか？,0,0
140,2026/2/1 7:40,料理、食材,R0827,7時間39分,1,22,22.0,1,0,0.048,4.55,0.01,0.37,あと3日,https://detail.chiebukuro.yahoo.co.jp/qa/question_detail/q12324886632,はい 長野の給食は、キムタクご飯、ざるそば、お焼きですか？,0,0
141,2026/2/1 7:40,シニアライフ、シルバーライフ,翠,7時間39分,2,36,18.0,0,3,0.078,5.56,0.01,0.49,あと3日,https://detail.chiebukuro.yahoo.co.jp/qa/question_detail/q11324886631,世界に、この知恵袋のように本当に様々な人たちが行き来する交差点はありますか。 以下、実際事例 ・・・ 変な人・心の病い系、 暇な小中高生、 女子高生や妊婦になりすましたおっさん、 反社関係、 諸外国の...,0,0
142,2026/2/1 7:40,クレジットカード,スタテングロッサー,7時間39分,3,41,13.7,0,9,0.089,7.32,0.01,1.0,あと3日,https://detail.chiebukuro.yahoo.co.jp/qa/question_detail/q14324886629,PayPayカードのご利用可能額 月が変わったのに0円のままです なぜですか？,0,0
143,2026/2/1 7:40,競馬,ポートピア81,7時間39分,2,14,7.0,0,0,0.03,14.29,0.0,0.25,あと3日,https://detail.chiebukuro.yahoo.co.jp/qa/question_detail/q13324886628,2月1日京都競馬3Rを予想してください。,0,0
144,2026/2/1 7:40,中国語,non********,7時間39分,0,1,1.0,0,0,0.002,0.0,0.0,0.0,あと3日,https://detail.chiebukuro.yahoo.co.jp/qa/question_detail/q12324886627,中国語で王子礼してというボードを作りたいので、分かる方いらっしゃったら教えていただきたいです。,0,0
145,2026/2/1 7:40,職場の悩み,ogtp,7時間39分,0,14,14.0,0,0,0.03,0.0,0.0,0.03,あと3日,https://detail.chiebukuro.yahoo.co.jp/qa/question_detail/q11324886626,男で総務経理をしており2ヶ月間仕事を女性の上司から教わることになって1ヶ月たち、社長と3人で話す機会があり仕事を1人で出来そうかと聞かれた時に正直まだ厳しいと伝えた所、 上司が小声で結構出来てるけどと...,0,0
146,2026/2/1 7:39,鉄道、列車、駅,tomato1201,7時間40分,1,27,27.0,0,0,0.059,3.7,0.02,0.17,不明,https://detail.chiebukuro.yahoo.co.jp/qa/question_detail/q10324886625,今電車に乗っています 電車から キュッキュッ という鳥のような音がします これの正体ってなんですか？ 教えてください,0,0
147,2026/2/1 7:39,家族関係の悩み,yui********,7時間40分,0,46,46.0,0,0,0.1,0.0,0.0,0.1,あと3日,https://detail.chiebukuro.yahoo.co.jp/qa/question_detail/q14324886624,どう思われますか？ 昨年の夏、母方の親戚（伯父・伯母、従兄夫婦）と絶縁しました。きっかけは、母方のお盆の法事の席で起きた出来事です。 それまで一切の供養を担ってきた祖母が認知症となったため、今回初めて...,0,0
148,2026/2/1 7:39,テーマパーク,a5b3b57fb,7時間41分,2,28,14.0,0,3,0.061,7.14,0.01,0.47,あと3日,https://detail.chiebukuro.yahoo.co.jp/qa/question_detail/q13324886623,ディズニーチケットをカードで買うとき、一回目は上手く買えたのですが、2日目を買う時エラーが何度も出てしまって上手く変えず結局PayPayで買いました。 ディズニー内でDPAを買うつもりなのですが、1回...,0,0
149,2026/2/1 7:39,コミック,少年の夢,7時間41分,0,5,5.0,0,0,0.011,0.0,0.0,0.01,あと3日,https://detail.chiebukuro.yahoo.co.jp/qa/question_detail/q12324886622,土曜早売りジャンプを読んだ人にお聞きしたいんですが 明日の魔男のイチはどっちのターンですか？ デスカラスの続きなのか ゴクラクたちのほうでしょうか それだけ教えてください,0,0
150,2026/2/1 7:39,飲食店,hib********,7時間41分,0,26,26.0,0,0,0.056,0.0,0.0,0.06,あと3日,https://detail.chiebukuro.yahoo.co.jp/qa/question_detail/q11324886621,横浜家系ラーメン魂心家の味噌ラーメンのスープは 白味噌系の甘い味ですか？ 山岡家の特製味噌のような味が嫌いなので お聞きしました,0,0
151,2026/2/1 7:39,決済、ポイントサービス,ba24e2294,7時間41分,0,1,1.0,0,0,0.002,0.0,0.0,0.0,あと3日,https://detail.chiebukuro.yahoo.co.jp/qa/question_detail/q10324886620,うれせんのポイント交換無料券はどうしたら争奪戦に勝てますか？,0,0
152,2026/2/1 7:39,家族関係の悩み,ltx********,7時間41分,4,50,12.5,0,0,0.108,8.0,0.01,0.54,あと3日,https://detail.chiebukuro.yahoo.co.jp/qa/question_detail/q14324886619,私の母親は世間体や、ママ友が大好きすぎます。 私が卒業した後でもPTAの役員の集まりの人と幼稚園から高校までのそれぞれの集まりに参加を今でもしてその度に悪口を言って帰ってきます。 私が部活選ぶ時もママ...,0,0
153,2026/2/1 7:39,不妊,ryo********,7時間41分,2,17,8.5,0,0,0.037,11.76,0.0,0.25,あと3日,https://detail.chiebukuro.yahoo.co.jp/qa/question_detail/q13324886618,妊活開始から約一年、なかなか授からないので不妊治療を視野に入れていました。 色々調べていたのですが、私たちの地域では妊活前の健康状態をチェックする健診を申請すれば無料で出来るそうです。 私たちは既に妊...,0,0
154,2026/2/1 7:39,掃除機、洗濯機,shu********,7時間41分,0,2,2.0,0,0,0.004,0.0,0.0,0.0,あと3日,https://detail.chiebukuro.yahoo.co.jp/qa/question_detail/q12324886617,日立の衣類乾燥機の件で(de-n45fx) ドラムは回るが温風がでない！ ヒーターなのか? 温風センサーなのか原因が分からない 何故冷風のままなのか？ ヒーターのヒューズなのか？ ヒーターユニットを交...,0,0
155,2026/2/1 7:39,競馬,ポートピア81,7時間41分,2,14,7.0,0,0,0.03,14.29,0.0,0.25,あと3日,https://detail.chiebukuro.yahoo.co.jp/qa/question_detail/q11324886616,2月1日京都競馬2Rを予想してください。,0,0
156,2026/2/1 7:39,メンズ腕時計、アクセサリー,sug********,7時間41分,1,11,11.0,0,0,0.024,9.09,0.0,0.13,不明,https://detail.chiebukuro.yahoo.co.jp/qa/question_detail/q14324886614,スマートウォッチの文字盤を購入しようと思うのですが、値段の表記がJPY 270.00とあるのですが、これは270円ということで合ってますか？,0,0
157,2026/2/1 7:39,家族関係の悩み,非公開,7時間41分,4,95,23.8,1,1,0.206,4.21,0.05,0.92,あと3日,https://detail.chiebukuro.yahoo.co.jp/qa/question_detail/q13324886613,この特徴は自閉症ですか？また自閉症は父親から子供に遺伝しますか？ 旦那は軽度吃音、無口（自分から雑談しない、無駄な会話に意味を見出せない、語彙力もなく雑談が苦手、会話はそうだねで終わる事が多い）、こだ...,0,0
158,2026/2/1 7:38,法律相談,kya********,7時間42分,2,20,10.0,0,0,0.043,10.0,0.0,0.26,あと3日,https://detail.chiebukuro.yahoo.co.jp/qa/question_detail/q12324886612,法律に関係するものか分からないのですが、有識者の方教えて下さい。 以前、某輸入車系ディーラー（A社とします）にセールスマンとして数年勤めていました。 入社当時の自家用車は国産乗用車でしたが、入社直後に...,0,0
159,2026/2/1 7:38,恋愛相談、人間関係の悩み,be1fa086a,7時間42分,1,11,11.0,0,0,0.024,9.09,0.0,0.13,あと3日,https://detail.chiebukuro.yahoo.co.jp/qa/question_detail/q11324886611,インスタのいいね！について。 女性は男性から好意を感じたら、LINEでは普通にやり取りしていても、その男性のインスタ投稿にいいね！はしませんか？ たぶん…女性は誤解をさせたくないから、控えているんだと...,0,0
160,2026/2/1 7:38,恋愛相談、人間関係の悩み,あ,7時間42分,1,41,41.0,1,1,0.089,2.44,0.04,0.48,あと3日,https://detail.chiebukuro.yahoo.co.jp/qa/question_detail/q10324886610,私が聞きたいのは下記2点です。 ①どうしたら自分と向き合えるようになるか ②自分を大事にするにはどうしたらいいのか 私は20歳大学生です。バイト先の人からは元気、明るい、よく喋る、と言ってもらえますが...,0,0
161,2026/2/1 7:38,ニュース、事件,my_********,7時間42分,4,27,6.8,0,1,0.058,14.81,0.0,0.55,あと3日,https://detail.chiebukuro.yahoo.co.jp/qa/question_detail/q14324886609,今まで働きづめに働いてきても、デフレで賃金が抑えられてきたのに、定年時期になって急にインフレになるのは酷いですよね？ 今さら賃上げも関係無いし、運だからと諦めるしか無い？,0,0
162,2026/2/1 7:38,恋愛相談、人間関係の悩み,アーニャ（アカウント復刻版）,7時間42分,1,22,22.0,0,1,0.048,4.55,0.01,0.22,あと3日,https://detail.chiebukuro.yahoo.co.jp/qa/question_detail/q13324886608,これって世間一般で言う、所謂面長なのでしょうか？出来れば、顔の黄金比を測って下されば幸いです,0,0
163,2026/2/1 7:38,競馬,ポートピア81,7時間42分,2,26,13.0,0,0,0.056,7.69,0.01,0.27,あと3日,https://detail.chiebukuro.yahoo.co.jp/qa/question_detail/q11324886606,2月1日京都競馬１Rを予想してください。,0,0
164,2026/2/1 7:38,X（旧Twitter）,ba51baaf3,7時間43分,0,6,6.0,0,0,0.013,0.0,0.0,0.01,あと3日,https://detail.chiebukuro.yahoo.co.jp/qa/question_detail/q10324886605,大大大至急です❗️ Tiktokの消したいアカウントが開けなくなってしまい、何を試してもだめでした。メアドも電話番号も紐付けしてないアカウントです。そこでTiktokに問い合わせようと思ったのですが故...,0,0
165,2026/2/1 7:37,恋愛相談、人間関係の悩み,1151113553,7時間44分,2,17,8.5,0,0,0.037,11.76,0.0,0.25,あと3日,https://detail.chiebukuro.yahoo.co.jp/qa/question_detail/q14324886604,早いですが、好きな人に「バレンタインだから」と言ってチョコを渡しました。 手作りではなく買ったやつです。 二人で映画を見に行った時別れ際に渡しました。 本命なのか義理なのかは言ってないです。 好意は伝...,0,0
166,2026/2/1 7:37,恋愛相談、人間関係の悩み,そすう,7時間44分,1,19,19.0,0,0,0.041,5.26,0.01,0.15,あと3日,https://detail.chiebukuro.yahoo.co.jp/qa/question_detail/q13324886603,どれだけ女の子と関わっても、 1. 女の子に対してだけ全肯定マシーンになる 2. 喋る/電話する/デートするだけで、我慢汁まで出てしまう 3. 少しでも優しくされると「好きなのかな、、、」と勘違いして...,0,0
167,2026/2/1 7:37,郵便、宅配,1152436257,7時間44分,0,12,12.0,0,0,0.026,0.0,0.0,0.03,あと3日,https://detail.chiebukuro.yahoo.co.jp/qa/question_detail/q12324886602,"SHEINを24日に注文して29日に通関倉庫に発送てなってるんですけど、そこから2,3日追跡動かなくて、佐川急便の追跡で調べてもデータが登録されていないと出てしまいます。 明日までに届くのでしょうか？",0,0
168,2026/2/1 7:37,国内,a6a526888,7時間44分,3,21,7.0,0,0,0.045,14.29,0.0,0.37,あと3日,https://detail.chiebukuro.yahoo.co.jp/qa/question_detail/q11324886601,関西人って割と優秀だと思いますか？,0,0
170,2026/2/1 7:37,化学,car********,7時間44分,2,39,19.5,0,1,0.084,5.13,0.02,0.36,あと3日,https://detail.chiebukuro.yahoo.co.jp/qa/question_detail/q14324886599,アクシデントで硬化できなかったUVレジン(ジェルネイル)の処理は、どうするの？ 【捨てる時は“必ず”硬化してから】というルールがあると思います。 たまに、「いつまでも硬化しない」「太陽光を当てても液状...,0,0
171,2026/2/1 7:37,ライブ、コンサート,gjmdajwgm,7時間44分,1,35,35.0,0,0,0.075,2.86,0.03,0.18,あと3日,https://detail.chiebukuro.yahoo.co.jp/qa/question_detail/q13324886598,今日、東京ドームでライブがあります。 ですが、泊まるところを予約していません。 PayPayやクレカは使えず、今から予約してチェックイン時またはチェックアウト時に現金払いできるところは東京にありますか...,0,0
172,2026/2/1 7:37,労働問題,mih********,7時間44分,4,44,11.0,1,3,0.095,9.09,0.01,0.93,あと3日,https://detail.chiebukuro.yahoo.co.jp/qa/question_detail/q12324886597,私の会社は1年の内5ヶ月間だけ土曜日が隔週で出勤になります。 しかしここ2年くらいは業務が暇(社長はそんな言い方をしていませんが実際はそうです)なので全社員に有給を募り全員が行使します。有給残が0の社...,0,0
173,2026/2/1 7:37,スキンケア,ななし,7時間44分,1,13,13.0,0,1,0.028,7.69,0.0,0.2,あと3日,https://detail.chiebukuro.yahoo.co.jp/qa/question_detail/q11324886596,肌の悩みです。 鼻の下と上唇の髭が生える部分なのですが、そこに髭剃りなどしたりするとすぐニキビができるんです。 それがコンプレックスでほんとに直したいです。 有識者の方対処法など教えてください。,0,0
174,2026/2/1 7:37,哲学、倫理,Draeman,7時間44分,3,63,21.0,0,7,0.136,4.76,0.03,0.91,あと3日,https://detail.chiebukuro.yahoo.co.jp/qa/question_detail/q14324886594,「甲子園で泣く女子高生にめっちや腹立つねんお前らが放課後マクドで遊んでる間にも選手は毎日のように練習してた事には見向きもせえへんのに甲子園の応援だけ盛り上がって泣いてアホかって」 ある方の言葉です ど...,0,0
175,2026/2/1 7:37,デジタルカメラ,1251813416,7時間44分,2,8,4.0,0,0,0.017,25.0,0.0,0.23,あと3日,https://detail.chiebukuro.yahoo.co.jp/qa/question_detail/q10324886595,"カシオのデチタルカメラの電源コードを失くしました。12.,5xで、16..1MEGAPIXELSと印字されてます。宜しくお願いいたします❗",0,0
176,2026/2/1 7:37,政治、社会問題,ブロック,7時間44分,9,47,5.2,0,13,0.101,19.15,0.01,1.9,あと3日,https://detail.chiebukuro.yahoo.co.jp/qa/question_detail/q13324886593,自民と中道ならどちらが日本人ファーストですか。,0,0
177,2026/2/1 7:37,アニメ,c66451a5a,7時間44分,1,21,21.0,0,1,0.045,4.76,0.01,0.22,あと3日,https://detail.chiebukuro.yahoo.co.jp/qa/question_detail/q12324886592,推しの子のBのリベンジ、ほんとに神じゃないですか？すきすぎて無限にリピしちゃう,0,0
178,2026/2/1 7:37,英語,匿名,7時間45分,0,7,7.0,0,0,0.015,0.0,0.0,0.02,あと3日,https://detail.chiebukuro.yahoo.co.jp/qa/question_detail/q11324886591,TOEICのパート4が苦手です。 3は得意なのですが4は結構間違えてしまいます。 良かったらアドバイスよろしくお願いします。,0,0
179,2026/2/1 7:37,競馬,ポートピア81,7時間45分,2,38,19.0,0,0,0.082,5.26,0.02,0.3,あと3日,https://detail.chiebukuro.yahoo.co.jp/qa/question_detail/q10324886590,2月1日小倉競馬12Rを予想してください。,0,0
180,2026/2/1 7:37,スマホアプリ,lqf********,7時間45分,0,3,3.0,0,0,0.006,0.0,0.0,0.01,あと3日,https://detail.chiebukuro.yahoo.co.jp/qa/question_detail/q14324886589,ツムツム、新ツムについてです。 今2体追加されて、それぞれ6%と7%ですけど、月末のピックアップでは確率は変わりますか？ 他にも新ツム来ると思うんですけど、その分落ちるのかなーと,0,0
181,2026/2/1 7:36,性の悩み、相談,猫,7時間46分,4,126,31.5,0,2,0.27,3.17,0.09,0.83,あと3日,https://detail.chiebukuro.yahoo.co.jp/qa/question_detail/q13324886588,彼氏に性行為をするのは初めてだと嘘をついています。言った方が良いでしょうか？長くなるのですが相談乗ってください。 中二の時に部活の先輩のネッ友(35ぐらい)の人に遊びに誘われて連れていかれたのはラブホ...,0,0
182,2026/2/1 7:36,化学,t,7時間46分,1,10,10.0,0,0,0.021,10.0,0.0,0.13,あと3日,https://detail.chiebukuro.yahoo.co.jp/qa/question_detail/q12324886587,火のエレメントはハキハキしてますか？,0,0
183,2026/2/1 7:36,男性の病気,ゴン,7時間46分,2,22,11.0,0,0,0.047,9.09,0.01,0.26,不明,https://detail.chiebukuro.yahoo.co.jp/qa/question_detail/q11324886586,宜しくお願いします シアリスを飲んだ後、24時間後にバルデナフィルを飲んでも問題ないでしょうか アドバイスお願いします,0,0
184,2026/2/1 7:36,就職、転職,fas********,7時間46分,3,36,12.0,0,0,0.077,8.33,0.01,0.4,あと3日,https://detail.chiebukuro.yahoo.co.jp/qa/question_detail/q14324886584,製造業で求人を探すなら、何を作るところを選ぶのがコスパが良いですか？ とりあえず食品工場は昔、漬物を作る40人ほどの会社で経験しましたがブラックでした。手足は荒れるし、給与は低いし、最悪でした。メリッ...,0,0
185,2026/2/1 7:36,競馬,ポートピア81,7時間46分,3,61,20.3,0,0,0.131,4.92,0.03,0.45,あと3日,https://detail.chiebukuro.yahoo.co.jp/qa/question_detail/q12324886582,2月1日小倉競馬11Rを予想してください。,0,0
186,2026/2/1 7:36,パチンコ,wan********,7時間46分,1,9,9.0,0,0,0.019,11.11,0.0,0.13,あと3日,https://detail.chiebukuro.yahoo.co.jp/qa/question_detail/q13324886583,行きつけのパチ屋の彼女お借りしますのデカヘソですが少し開けてありますか？,0,0
187,2026/2/1 7:36,大学受験,1252723619,7時間46分,2,85,42.5,0,0,0.182,2.35,0.08,0.4,あと3日,https://detail.chiebukuro.yahoo.co.jp/qa/question_detail/q11324886581,出願先を決めかねています。 徳島大学医学部医学科か山口大学医学部医学科に出願しようと考えています。 共テ失敗して、元々の志望校よりも下げたので受ければ受かる大学です。 なので2次試験については心配あり...,0,0
188,2026/2/1 7:36,恋愛相談、人間関係の悩み,HIME,7時間46分,6,69,11.5,0,1,0.148,8.7,0.02,0.85,あと3日,https://detail.chiebukuro.yahoo.co.jp/qa/question_detail/q14324886579,親や当時働いてた職場の人に「いじめられる原因を自分で作ってる」って言われたことが何度もあったのですが、 それは＝「いじめは本来、どんな理由があってもやってはいけないけど、いじめられる原因をその人が作っ...,0,0
189,2026/2/1 7:36,飲食店,kel********,7時間46分,1,6,6.0,0,0,0.013,16.67,0.0,0.12,あと3日,https://detail.chiebukuro.yahoo.co.jp/qa/question_detail/q13324886578,指名料金無料のキャバクラは少ないですか。 入店時に指名しましたが、もう一人のキャストが体調不良で休みの連絡があり終日ワンオペか確定しました。 最後の会計時に指名料金の記載はありません ワンオペなので請...,0,0
190,2026/2/1 7:36,化学,t,7時間46分,1,5,5.0,0,0,0.011,20.0,0.0,0.12,あと3日,https://detail.chiebukuro.yahoo.co.jp/qa/question_detail/q12324886577,水のエレメントは優しいイメージがありますか？,0,0
191,2026/2/1 7:35,政治、社会問題,妖怪 厨2壁,7時間47分,0,12,12.0,0,0,0.026,0.0,0.0,0.03,あと3日,https://detail.chiebukuro.yahoo.co.jp/qa/question_detail/q14324886574,【金換金・消費税分利益】結局、資本主義=投資は正義では無いと思いますか？,0,0
192,2026/2/1 7:35,あの人は今,chaconne……‥1004,7時間47分,0,88,88.0,1,0,0.188,0.0,0.0,0.4,あと3日,https://detail.chiebukuro.yahoo.co.jp/qa/question_detail/q13324886573,この人は誰でしょうか？ 綾野剛でしょうかぁ〜？笑 分かる方おりますかぁ？ 回答待ってます。,0,0
193,2026/2/1 7:35,Y!mobile,b50d2a391,7時間48分,1,17,17.0,0,0,0.036,5.88,0.01,0.14,あと3日,https://detail.chiebukuro.yahoo.co.jp/qa/question_detail/q12324886572,俺のワイモバイル1円AndroidスマホOPPOa79ahamoSIMにそこらの寄生虫ストーカーが見てやがるのか何なのでしょう？,0,0
194,2026/2/1 7:35,恋愛相談,cb9238c32,7時間48分,5,72,14.4,0,0,0.154,6.94,0.02,0.69,あと3日,https://detail.chiebukuro.yahoo.co.jp/qa/question_detail/q11324886571,復縁の時の告白ではどんなことを言うべきですか。 正直、全く連絡を取っていなかった期間、どうしても忘れられなかったし、その子以上の人は現れませんでした。 でもこの思ってることを全部正直に言うと重くなっち...,0,0
195,2026/2/1 7:35,政治、社会問題,霞ヶ関監視機構,7時間48分,2,24,12.0,0,3,0.051,8.33,0.01,0.46,あと3日,https://detail.chiebukuro.yahoo.co.jp/qa/question_detail/q10324886570,高市首相は文書中の「神奈川」の記述が間違っていることを文書の不当性を示す証拠として挙げているが、 「神奈川」は高市氏に巨額献金した謎の宗教団体の名称である「神奈我良」のハングル表記が「神奈川」と同じに...,0,0
196,2026/2/1 7:35,競馬,abm********,7時間48分,2,36,18.0,0,0,0.077,5.56,0.01,0.29,あと3日,https://detail.chiebukuro.yahoo.co.jp/qa/question_detail/q14324886569,小倉６レースで３連単史上最高額の配当が出ましたが、馬連、馬単、３連複はそれぞれの史上最高額だったんですか？,0,0
197,2026/2/1 7:35,不動産,b9e1d4f4b,7時間48分,3,30,10.0,0,0,0.064,10.0,0.01,0.38,あと3日,https://detail.chiebukuro.yahoo.co.jp/qa/question_detail/q13324886568,62坪の土地を所有しています。 坪15万円☓62=930万円 、空家取壊し-200万円 730万円残る計算ですが、不動産手数料、税金等で、手元に残る現金はいくら位になるでしょう？ または100万円かけ...,0,0
198,2026/2/1 7:35,競馬,ポートピア81,7時間48分,3,15,5.0,0,0,0.032,20.0,0.0,0.35,あと3日,https://detail.chiebukuro.yahoo.co.jp/qa/question_detail/q12324886567,2月1日小倉競馬10Rを予想してください。,0,0
199,2026/2/1 7:35,家具、インテリア,৲( ˃੭ ˂)৴,7時間48分,0,10,10.0,0,0,0.021,0.0,0.0,0.02,あと3日,https://detail.chiebukuro.yahoo.co.jp/qa/question_detail/q10324886565,賃貸に引っ越す予定です。1ldkなのですが、カウンターキッチンでリビングが狭く、実質4帖なので、使い方に迷っています。 アンテナ端子は二箇所あり、右側は、備え付けのワークスペースのところにあり、幅が狭...,0,0
200,2026/2/1 7:35,ご近所の悩み,***,7時間48分,1,48,48.0,0,0,0.102,2.08,0.05,0.21,あと3日,https://detail.chiebukuro.yahoo.co.jp/qa/question_detail/q14324886564,周りがみんな同じ苗字。 新築を建てるために土地を買いました。 住んでみないと隣人の方たちとの相性はわからないと思うのですが、自分の家の周りを取り囲む10軒が全て同じ苗字の家でした。 みんなご親戚の可能...,0,0
201,2026/2/1 7:34,ゲーム,0111,7時間49分,0,2,2.0,0,0,0.004,0.0,0.0,0.0,あと3日,https://detail.chiebukuro.yahoo.co.jp/qa/question_detail/q13324886563,ハートピアについて 通知できてたのですが ログインで10連無料とありました どこでひけるかわかりますか？,0,0
202,2026/2/1 7:34,シニアライフ、シルバーライフ,m1o********,7時間49分,1,20,20.0,0,3,0.043,5.0,0.01,0.34,あと3日,https://detail.chiebukuro.yahoo.co.jp/qa/question_detail/q11324886561,映画を見ながらポップコーンを食べるのは 至福のい喜びです。 あなたは その喜びをご存じですか？ 家で食べるポップコーンとは ちがい 口中に喜びがひろがります。 映画館で ポップコーンを食べたことのない...,0,0
203,2026/2/1 7:34,職場の悩み,ogtp,7時間49分,1,29,29.0,0,0,0.062,3.45,0.02,0.17,あと3日,https://detail.chiebukuro.yahoo.co.jp/qa/question_detail/q12324886562,男で総務経理をしており今仕事を女性の上司から教わっていますが、女性が教える時の距離が近く、人半分くらいの距離です。 教えているのだからこれくらい近くなるのでしょうか？ それとも教えているとはいえ近過ぎ...,0,0
204,2026/2/1 7:34,LINE,hap********,7時間49分,1,9,9.0,1,0,0.019,11.11,0.0,0.34,あと3日,https://detail.chiebukuro.yahoo.co.jp/qa/question_detail/q10324886560,LINEのアカウントを削除したいです。 機種変更と共にLINEも新しくしようとして、手順が悪かったのか、現在アカウントは残ったままログインできない状態。電話番号でログインしようとしても、（おかえりなさ...,0,0
205,2026/2/1 7:34,鳥類,ca1ddb5c6,7時間49分,3,19,6.3,0,3,0.04,15.79,0.0,0.55,あと3日,https://detail.chiebukuro.yahoo.co.jp/qa/question_detail/q14324886559,ベランダに鳩がよく遊びに来ます。 その鳩がベランダに卵を産みました！ 外敵から卵を守るには何か対策はありますか？,0,0
206,2026/2/1 7:34,コミック,1152100791,7時間49分,1,13,13.0,0,0,0.028,7.69,0.0,0.13,あと3日,https://detail.chiebukuro.yahoo.co.jp/qa/question_detail/q12324886557,「ソラニン」や「NHKにようこそ」といった話が好きなので、こういうフリーターが主人公の漫画、アニメのおすすめを教えてください。 同作者の他作品は見る予定です。,0,0
207,2026/2/1 7:34,結婚,a550dcbfd,7時間49分,2,22,11.0,0,1,0.047,9.09,0.01,0.32,あと3日,https://detail.chiebukuro.yahoo.co.jp/qa/question_detail/q11324886556,今日、結婚相談所へ初めて行きますけどネクタイ締めて行くのが良いか、タートルネック白の服に画像のジャケットで行くのが良いか、どちらが良いでしょうか？ 画像はベージュ色？ でしょうか？,0,0
208,2026/2/1 7:34,イヌ,kqk********,7時間50分,1,31,31.0,0,0,0.066,3.23,0.02,0.17,あと3日,https://detail.chiebukuro.yahoo.co.jp/qa/question_detail/q10324886555,友だちにお節介を言ってしまった。内容は後悔してないけど、ずっと（やっちまった）みたいな気持ちがある。どうすればよかったか教えてほしいです。 友だちが犬を保護してくれる人はいないか探してるようだった。理...,0,0
209,2026/2/1 7:34,政治、社会問題,faa********,7時間50分,4,97,24.2,0,1,0.206,4.12,0.05,0.69,あと3日,https://detail.chiebukuro.yahoo.co.jp/qa/question_detail/q14324886554,【政治と金:裏金】れいわ新撰組の大石あきこ代表は「私のは裏金とは違う、自民とは違う」と完全否定してますが皆さんはどう思われますか？ なるべく感情論とか好き嫌い抜きにしてご意見ください。 大石さんの言い...,0,0
210,2026/2/1 7:33,競馬,ポートピア81,7時間51分,2,18,9.0,0,0,0.038,11.11,0.0,0.25,あと3日,https://detail.chiebukuro.yahoo.co.jp/qa/question_detail/q13324886553,2月1日小倉競馬9Rを予想してください。,0,0
211,2026/2/1 7:33,ガラケーサービス,ID 非公開,7時間51分,1,13,13.0,0,0,0.028,7.69,0.0,0.13,あと3日,https://detail.chiebukuro.yahoo.co.jp/qa/question_detail/q12324886552,ガラケー特有の文化で、犬の文字や背景を装飾したメールの総称を何といいますか？,0,0
212,2026/2/1 7:33,飲食店,b42f44973,7時間51分,1,30,30.0,0,0,0.064,3.33,0.02,0.17,不明,https://detail.chiebukuro.yahoo.co.jp/qa/question_detail/q11324886551,モーニングショーでやってました。 東京には屋台ラーメンがないのですか？,0,0
213,2026/2/1 7:33,恋愛相談,ksp165294jh,7時間51分,3,52,17.3,0,1,0.11,5.77,0.02,0.49,あと3日,https://detail.chiebukuro.yahoo.co.jp/qa/question_detail/q10324886550,告白して断られてもすぐに立ち直って別の人に告白してる人は、あまり好きではなくても告白してるんですか？ ものすごく好きな人に告白してフラれたら、ショックで立ち直れないと思うのですが。 変な書き方をしてま...,0,0
214,2026/2/1 7:33,菓子、スイーツ,t,7時間51分,0,2,2.0,0,0,0.004,0.0,0.0,0.0,あと3日,https://detail.chiebukuro.yahoo.co.jp/qa/question_detail/q14324886549,ライトミールブロック系チョコ味、ソフールプレーン味は食べた感じが無いから嫌ですか？,0,0
215,2026/2/1 7:33,ニュース、事件,my_********,7時間51分,0,4,4.0,0,0,0.008,0.0,0.0,0.01,あと3日,https://detail.chiebukuro.yahoo.co.jp/qa/question_detail/q13324886548,特殊詐欺事件で、被害額が信じられないほど高額なのは、高額で無いと報道されないからですか？思った以上に特殊詐欺は多い？,0,0
216,2026/2/1 7:33,コミック,少年の夢,7時間51分,2,30,15.0,0,0,0.064,6.67,0.01,0.28,あと3日,https://detail.chiebukuro.yahoo.co.jp/qa/question_detail/q12324886547,手塚治虫に間違いないんですがロバに変身させられるってなんでしたっけ ワンダー3やブレーメンではありません 漫画です,0,0
217,2026/2/1 7:33,自動車,j_a********,7時間51分,1,19,19.0,0,0,0.04,5.26,0.01,0.15,あと3日,https://detail.chiebukuro.yahoo.co.jp/qa/question_detail/q11324886546,C28セレナのコネクトナビですがソフトウェア更新後、走行中テレビ視聴できるが、 ギアをPレンジに入れると停止中に視聴できますとテレビ画面の上に文字が出ます(テレビはそのまま映っている)同じ現象のかたい...,0,0
219,2026/2/1 7:32,大学受験,a,7時間52分,1,45,45.0,0,1,0.095,2.22,0.04,0.26,不明,https://detail.chiebukuro.yahoo.co.jp/qa/question_detail/q13324886543,大至急 正確な解答を望みます。 立命館の文系選択科目は出願時に決めますよね？ それの確認がしたいのですが、どこでできますか？それとも出願時ではなかったでしょうか？,0,0
220,2026/2/1 7:32,釣り,1152585030,7時間52分,0,1,1.0,0,0,0.002,0.0,0.0,0.0,あと3日,https://detail.chiebukuro.yahoo.co.jp/qa/question_detail/q12324886542,スクイッドマニアのロッドでコルク仕様教えてください！,0,0
222,2026/2/1 7:32,大学受験,ろく,7時間52分,5,113,22.6,0,9,0.239,4.42,0.05,1.34,あと3日,https://detail.chiebukuro.yahoo.co.jp/qa/question_detail/q10324886540,大学受験について。 拙い文章ですがご容赦ください。 通信制に通っている16歳高校一年生です。 最近、将来が不安になり、ほとんど寝れず食事もあまり採れていません。主に、進学についての不安です。 僕はかな...,0,0
223,2026/2/1 7:32,パソコン,ああああ,7時間52分,1,10,10.0,0,1,0.021,10.0,0.0,0.19,あと3日,https://detail.chiebukuro.yahoo.co.jp/qa/question_detail/q14324886539,インテルのCore i5-14400や14400Fって、ギリギリインテルの中では使えるCPUでしたか？ 13，14世代は全てゴミであるものの、土台が12世代の物なら普通に使えるはずなのですが。,0,0
224,2026/2/1 7:32,YouTube,IDは非公開,7時間52分,0,99,99.0,0,0,0.209,0.0,0.0,0.21,あと3日,https://detail.chiebukuro.yahoo.co.jp/qa/question_detail/q12324886537,はらぺこツインズのYouTubeは怖い。 重度の鬱病だと発表した精神疾患のある双子は動画を見ていると共依存で、もしも1人が○○未遂したとき、もう1人も一緒にやりそうで。 重度の鬱病で精神疾患のある共依...,0,0
225,2026/2/1 7:32,イヌ,ID 非公開,7時間52分,1,8,8.0,0,0,0.017,12.5,0.0,0.12,あと3日,https://detail.chiebukuro.yahoo.co.jp/qa/question_detail/q11324886536,アラスカン・マラミュートにみられる亜鉛反応性皮膚症は、栄養吸収とどう関係していますか？,0,0
227,2026/2/1 7:32,大学受験,c6dd43a61,7時間53分,1,5,5.0,1,0,0.011,20.0,0.0,0.33,あと3日,https://detail.chiebukuro.yahoo.co.jp/qa/question_detail/q14324886534,関学博士に質問です。関学経済共テ併用数学を受ける予定です。共テ163/200で個別試験は何点取れば受かりますか？ちなみに過去問は2年分解いて両方満点でした。,0,0
228,2026/2/1 7:32,ヘアケア,さくらもち,7時間53分,1,9,9.0,0,0,0.019,11.11,0.0,0.12,あと3日,https://detail.chiebukuro.yahoo.co.jp/qa/question_detail/q13324886533,地毛黒髪、ブリーチなしダブルカラー3回経験、縮毛矯正何度かしている髪です。黒髪に戻そうと思っているのですがこの場合メニューは普通のカラーで大丈夫ですよね??,0,0
229,2026/2/1 7:32,自動車,xnp********,7時間53分,3,38,12.7,0,0,0.08,7.89,0.01,0.4,あと3日,https://detail.chiebukuro.yahoo.co.jp/qa/question_detail/q12324886532,タントカスタムターボの助手席が動く福祉車両を買おうと思っています。別居の父親が身体障害者1級の手帳を持っています。その場合、父親名義で買わないと消費税非課税で変えないんですか？ もともとカタログには、...,0,0
230,2026/2/1 7:32,メンズ全般,c3043d134,7時間53分,3,7,2.3,0,0,0.015,42.86,0.0,0.33,あと3日,https://detail.chiebukuro.yahoo.co.jp/qa/question_detail/q11324886531,リーバイスフィリピン製の工場ナンバーは359 と思うのですが最近タグに1300とか3073とか出てますが偽物でしょうか？ボタン裏刻印とうちタグ番号の相違の物も多数出ています。,0,0
231,2026/2/1 7:31,邦楽,非公開,7時間54分,9,55,6.1,9,47,0.116,16.36,0.01,5.92,不明,https://detail.chiebukuro.yahoo.co.jp/qa/question_detail/q10324886530,アグネス・チャンの好きな一曲をください！,0,0
232,2026/2/1 7:31,競馬,ポートピア81,7時間54分,3,32,10.7,0,1,0.067,9.38,0.01,0.45,あと3日,https://detail.chiebukuro.yahoo.co.jp/qa/question_detail/q14324886529,2月1日小倉競馬8Rを予想してください。,0,0
233,2026/2/1 7:31,恋愛相談,t,7時間54分,7,42,6.0,0,0,0.089,16.67,0.01,0.82,あと3日,https://detail.chiebukuro.yahoo.co.jp/qa/question_detail/q13324886528,パートナーを傷付けるのは良く無いですか？,0,0
234,2026/2/1 7:31,葬儀,1053094033,7時間54分,4,122,30.5,0,0,0.257,3.28,0.08,0.68,不明,https://detail.chiebukuro.yahoo.co.jp/qa/question_detail/q11324886526,葬式が理解できません (口が悪いです、ごめんなさい) 知らんお坊さんに名前付けてもらうのとか意味が分かりません、普通に親に付けてもらった大切な名前があるのに… 死んだ後もその名前を使いたいです そして...,0,0
235,2026/2/1 7:31,自動車,swh********,7時間54分,4,29,7.2,0,0,0.061,13.79,0.0,0.48,あと3日,https://detail.chiebukuro.yahoo.co.jp/qa/question_detail/q14324886524,レンタカーって、保険きかすためには敷地内で車をスった時も電話しなくちゃですか？ また連絡が数日送れたり、返す日に言うとどうなりますか？,0,0
236,2026/2/1 7:31,携帯型ゲーム全般,j5lmel,7時間54分,0,2,2.0,0,0,0.004,0.0,0.0,0.0,あと3日,https://detail.chiebukuro.yahoo.co.jp/qa/question_detail/q13324886523,パワプロアプリについて SRガチャ券を引いたらハイキューコラボの日向が出たんですが、普通のガチャ券から恒常キャラ以外も出るんですか？,0,0
237,2026/2/1 7:31,シニアライフ、シルバーライフ,m1o********,7時間54分,2,28,14.0,0,0,0.059,7.14,0.01,0.27,あと3日,https://detail.chiebukuro.yahoo.co.jp/qa/question_detail/q12324886522,お宝画像です、 大都会でしか 食べられない 鶏肉です。 おいしそうですね。大都会にはミニストップという コンビニがあります。 人口３００万人以上の都会であります。 あんたさんの おちかくのコンビニは何...,0,0
238,2026/2/1 7:31,模型、プラモデル、ラジコン,nun********,7時間54分,1,10,10.0,0,0,0.021,10.0,0.0,0.13,あと3日,https://detail.chiebukuro.yahoo.co.jp/qa/question_detail/q10324886520,るかっぷの実弥が欲しいです。 発売日が1月下旬になっているので本来は発売されてると思うのですが、カートに入れるとかなにもないということはここのサイトでは買えないということですか？ 初めてフィギュアを買...,0,0
239,2026/2/1 7:31,イヌ,ID 非公開,7時間54分,1,9,9.0,0,0,0.019,11.11,0.0,0.12,あと3日,https://detail.chiebukuro.yahoo.co.jp/qa/question_detail/q14324886519,ペキニーズに多い椎間板疾患は、短頭種であることと関連がありますか？,0,0
240,2026/2/1 7:31,政治、社会問題,man********,7時間54分,1,9,9.0,0,0,0.019,11.11,0.0,0.12,あと3日,https://detail.chiebukuro.yahoo.co.jp/qa/question_detail/q11324886521,総理大臣の猛者教えて 総理大臣で小泉純一郎氏が歴代NO1に話がうまいと思うがどう？間の取り方とか聴衆を引きつけました。 私は小泉純一郎氏を支持していた訳ではありません。,0,0
241,2026/2/1 7:31,iPhone,vel********,7時間55分,0,10,10.0,0,0,0.021,0.0,0.0,0.02,あと3日,https://detail.chiebukuro.yahoo.co.jp/qa/question_detail/q13324886518,iPhoneのメモが消えてしまいました。 お分かりになる方、教えて下さい。 原因は添付の画面を操作してしまったことによるものです。 iCloudの容量がいっぱいになり、iPhone側でiCloudを操...,0,0
242,2026/2/1 7:31,運転免許,1150727370,7時間55分,5,57,11.4,0,3,0.12,8.77,0.01,0.83,あと3日,https://detail.chiebukuro.yahoo.co.jp/qa/question_detail/q12324886517,至急！！！！ 今日仮免試験があるのですが、この写真で(曲がる先には交差点)このように右折する時、車が見えない時も必ず一時停止しなければなりませんか？それとも確認次第、徐行しそのまま右折していいのですか...,0,0
243,2026/2/1 7:31,文学、古典,giy********,7時間55分,4,20,5.0,0,2,0.042,20.0,0.0,0.59,あと3日,https://detail.chiebukuro.yahoo.co.jp/qa/question_detail/q11324886516,明治時代に「文学界」という文芸雑誌がありました。それに投稿している作者には、そうそうたるメンバーが揃っています。作者名を挙げれば、北村透谷や島崎藤村、樋口一葉や田山花袋などです。 私はこれら作者の作品...,0,0
244,2026/2/1 7:31,法律相談,md2********,7時間55分,1,17,17.0,1,0,0.036,5.88,0.01,0.35,あと3日,https://detail.chiebukuro.yahoo.co.jp/qa/question_detail/q10324886515,インスタのＤＭをストーリーで晒された場合、名誉毀損で訴えることはできますか？(メンションもされ、下の名前もプロフィールに書いてあります) もしできる場合の方法を教えていただきたいです。,0,0
245,2026/2/1 7:31,釣り,kam********,7時間55分,3,41,13.7,1,1,0.086,7.32,0.01,0.67,あと3日,https://detail.chiebukuro.yahoo.co.jp/qa/question_detail/q14324886514,アメマスって美味しくないんですか？,0,0
246,2026/2/1 7:31,化学,ID未解決,7時間55分,6,98,16.3,0,13,0.206,6.12,0.03,1.65,あと3日,https://detail.chiebukuro.yahoo.co.jp/qa/question_detail/q13324886513,合成ダイヤモンドや合成真珠があるみたいなのに、どうして、合成の金銀プラチナは開発されてきてないのでしょうか,0,0
247,2026/2/1 7:31,園芸、ガーデニング,a4f58b119,7時間55分,1,13,13.0,0,0,0.027,7.69,0.0,0.13,あと3日,https://detail.chiebukuro.yahoo.co.jp/qa/question_detail/q12324886512,至急 このような部屋でそのまま田植えをやる事なった際は、何日程度で影響がありますか,0,0
248,2026/2/1 7:31,小学校,にゃん,7時間55分,4,134,33.5,0,0,0.282,2.99,0.09,0.7,不明,https://detail.chiebukuro.yahoo.co.jp/qa/question_detail/q11324886511,質問です 小学校の先生に 黒板の字間違えてますよって言ったら ブチ切れられ 理科の授業で人間の骨の絵を 描いたらうちだけ馬鹿にされ 「人間の骨こんなわけないだろ笑」 と言われたのですが 結局この人は他...,0,0
249,2026/2/1 7:30,アニメ、コミック,あ,7時間56分,1,8,8.0,0,0,0.017,12.5,0.0,0.12,あと3日,https://detail.chiebukuro.yahoo.co.jp/qa/question_detail/q14324886509,猫耳の女が、男の手を掴んで胸を揉ませるシーンのあるアニメを教えてください,0,0
250,2026/2/1 7:30,X（旧Twitter）,あ,7時間56分,1,17,17.0,0,0,0.036,5.88,0.01,0.14,不明,https://detail.chiebukuro.yahoo.co.jp/qa/question_detail/q13324886508,Twitterの取引で飛ばされたという意味はどういう基準で示すものですか？住所交換後に白紙にされることですか？それともDMで住所交換前に詳細について話した後に白紙にされることですか？,0,0
251,2026/2/1 7:30,ポケットモンスター,1150446559,7時間56分,2,11,5.5,0,0,0.023,18.18,0.0,0.23,あと3日,https://detail.chiebukuro.yahoo.co.jp/qa/question_detail/q12324886507,パルデア地方で好きなポケモンは誰ですか？,0,0
252,2026/2/1 7:30,競馬,ポートピア81,7時間56分,2,24,12.0,0,2,0.05,8.33,0.01,0.39,あと3日,https://detail.chiebukuro.yahoo.co.jp/qa/question_detail/q11324886506,2月1日小倉競馬7Rを予想してください。,0,0
253,2026/2/1 7:30,ロシア語,Любовь,7時間56分,2,30,15.0,0,5,0.063,6.67,0.01,0.59,あと3日,https://detail.chiebukuro.yahoo.co.jp/qa/question_detail/q13324886503,Российский истребитель выпустил две ракеты и потопил украинский эсминец. これの意味は何ですか？,0,0
254,2026/2/1 7:30,生き方、人生相談,非公開,7時間56分,3,20,6.7,0,0,0.042,15.0,0.0,0.36,あと3日,https://detail.chiebukuro.yahoo.co.jp/qa/question_detail/q11324886501,99%の努力と1%の閃きの本当の意味教えてください。1%の閃きないと99%の努力無駄になると聞いた事ありますけど,0,0
255,2026/2/1 7:30,アニメ、コミック,wor********,7時間56分,2,12,6.0,0,0,0.025,16.67,0.0,0.23,あと3日,https://detail.chiebukuro.yahoo.co.jp/qa/question_detail/q10324886500,漫画akiraがすごいという話を聞き興味があるのですが、漫画とアニメどちらから入ればいいでしようか？,0,0
256,2026/2/1 7:29,プログラミング,chi********,7時間58分,0,2,2.0,0,0,0.004,0.0,0.0,0.0,あと3日,https://detail.chiebukuro.yahoo.co.jp/qa/question_detail/q13324886498,NovelAIで画像生成を行い、同じプロンプトで生成を押すと『前回の世代と同一のパラメータです。イメージシードを変更または削除する必要があるかもしれません。』と出るようになってしまいました。 今までそ...,0,0
257,2026/2/1 7:29,ダイエット,1052764129,7時間58分,3,39,13.0,0,0,0.082,7.69,0.01,0.39,あと3日,https://detail.chiebukuro.yahoo.co.jp/qa/question_detail/q12324886497,先日買ったタニタの体重計は59.75kg、数年前にニトリで買った体重計は60kgと出ます。タニタの方が正確と思って大丈夫でしょうか？ しかしタニタの体重計は硬いフローリングの上で測っても乗る度に59....,0,0
258,2026/2/1 7:29,ゲーム,1251071890,7時間58分,0,3,3.0,0,0,0.006,0.0,0.0,0.01,あと3日,https://detail.chiebukuro.yahoo.co.jp/qa/question_detail/q11324886496,オクトパストラベラー0の全てを授けし者と祖龍アマツカミノオロチは何者ですか？,0,0
259,2026/2/1 7:29,ソフトバンク,htq********,7時間58分,1,6,6.0,1,0,0.013,16.67,0.0,0.33,あと3日,https://detail.chiebukuro.yahoo.co.jp/qa/question_detail/q10324886495,SoftBankからlinemoに契約を変更すると損をするでしょうか？,0,0
260,2026/2/1 7:29,ポケットモンスター,1150446559,7時間58分,2,6,3.0,0,0,0.013,33.33,0.0,0.22,あと3日,https://detail.chiebukuro.yahoo.co.jp/qa/question_detail/q14324886494,ジョウト地方のポケモンは誰が好きですか？,0,0
261,2026/2/1 7:29,Firefox,ID 非公開,7時間58分,1,8,8.0,0,0,0.017,12.5,0.0,0.12,あと3日,https://detail.chiebukuro.yahoo.co.jp/qa/question_detail/q13324886493,Firefoxはハードウェアアクセラレーションを犬小屋で利用できますか？,0,0
262,2026/2/1 7:29,ライブ、コンサート,b7406e5e9,7時間58分,0,10,10.0,0,0,0.021,0.0,0.0,0.02,あと3日,https://detail.chiebukuro.yahoo.co.jp/qa/question_detail/q12324886492,ちゃんみなの何かのライブのMCで 「ここで皆に出会っちゃったから、会ってる今も、会わない時も、いつでもみんなのこと気にかけてる。」 みたいな事を言っているライブ、または曲ご存知の方はいないでしょうか？...,0,0
263,2026/2/1 7:29,メンズ腕時計、アクセサリー,ミント,7時間58分,1,28,28.0,0,2,0.059,3.57,0.02,0.29,不明,https://detail.chiebukuro.yahoo.co.jp/qa/question_detail/q11324886491,時計店にタンスの奥にあったこの2つの腕時計を持っていったら、片方はなおったけどもう片方はあけたらしまらなくなる可能性があると言われたので、直せなかったです。では、どっちの時計？,0,0
264,2026/2/1 7:29,就職活動,k*******,7時間58分,0,13,13.0,0,0,0.027,0.0,0.0,0.03,あと3日,https://detail.chiebukuro.yahoo.co.jp/qa/question_detail/q10324886490,現在… 移動式クレーンの仕事をしてましてラフター・オルター・クローラ経験済みです。 先日、クレデリ運転士の免許取得してタワークレーン会社を検索中です。 某大手求人アプリの他にオペ募集してる会社さんはあ...,0,0
265,2026/2/1 7:29,大学受験,bf01b115e,7時間58分,2,50,25.0,1,0,0.104,4.0,0.03,0.52,あと3日,https://detail.chiebukuro.yahoo.co.jp/qa/question_detail/q14324886489,立教、青学志望の高2です。武田塾を参考に参考書ルートを作ったのですが、変えた方がいいものや増やすべき·減らすべきものがあれば教えて頂きたいです。 【英語】 ターゲット1900▷大岩▷高校英文読解をひと...,0,0
266,2026/2/1 7:29,女性アイドル,子猫のかっきー,7時間58分,2,18,9.0,0,0,0.038,11.11,0.0,0.25,あと3日,https://detail.chiebukuro.yahoo.co.jp/qa/question_detail/q13324886488,皆さんは元アイドル歌手の「岡村有希子」をご存知ですか？ https://ja.wikipedia.org/wiki/%E5%B2%A1%E6%9D%91%E6%9C%89%E5%B8%8C%E5%AD...,0,0
267,2026/2/1 7:29,海外,***,7時間58分,4,46,11.5,0,4,0.096,8.7,0.01,0.76,あと3日,https://detail.chiebukuro.yahoo.co.jp/qa/question_detail/q12324886487,上海ディズニーに行きたいです。 GWに関空から大人２名で上海ディズニーに行きたいのですが、中国に行くのが初めての為経験者の方がいましたらお話をお聞きしたいです。(韓国は渡航済) . 当初は旅行会社のツ...,0,0
268,2026/2/1 7:29,携帯型ゲーム全般,1151540943,7時間58分,1,2,2.0,0,0,0.004,50.0,0.0,0.11,あと3日,https://detail.chiebukuro.yahoo.co.jp/qa/question_detail/q11324886486,アナダンのトトシアターワールドについて質問です。 攻略サイトによると、③の位置に迷いの森攻略に必要なソウルスコープをくれる霊媒師がいるはずなんですがいません。 これはバグでしょうか？ もしくは場所が違...,0,0
269,2026/2/1 7:29,デジタル一眼レフ,enk********,7時間58分,3,29,9.7,0,0,0.061,10.34,0.01,0.37,あと3日,https://detail.chiebukuro.yahoo.co.jp/qa/question_detail/q10324886485,ソニーの70-300mm f4.5-5.6 G SSMは、ハードオフで買い取りしてもらえますか？ 付属品は、元箱・レンズフード・本体・レンズケース・レンズキャップです。,0,0
270,2026/2/1 7:29,園芸、ガーデニング,********,7時間58分,1,12,12.0,0,0,0.025,8.33,0.0,0.13,あと3日,https://detail.chiebukuro.yahoo.co.jp/qa/question_detail/q14324886484,アボカドの種の水栽培について教えてください 縦に割れて、種の中に5ミリ〜1センチの棒状の物が見えますが、そこから伸びずに1か月ほどたちます。そのパターンが4個続いています。 1か月伸びなければ、これ以...,0,0
271,2026/2/1 7:29,教養、ドキュメンタリー,1150446559,7時間59分,1,4,4.0,0,0,0.008,25.0,0.0,0.11,あと3日,https://detail.chiebukuro.yahoo.co.jp/qa/question_detail/q11324886481,おかあさんといっしょについて質問です。 上原りさお姉さんと秋元杏月お姉さんどっちが好きですか？,0,0
272,2026/2/1 7:28,季節のおでかけ,ren0213,8時間0分,1,33,33.0,0,0,0.069,3.03,0.02,0.17,あと3日,https://detail.chiebukuro.yahoo.co.jp/qa/question_detail/q10324886480,2月中頃に山形の蔵王樹氷を見に行く際のスノーブーツの検討をしています。 都内から履いていきます。スキーはしません！ ワークマン ・氷雪耐滑ケベックネオ ・防寒ブーツケベック ・防寒ブーツケベックネオ ...,0,0
273,2026/2/1 7:28,ニュース、事件,lD非公開,8時間0分,2,67,33.5,1,6,0.14,2.99,0.05,0.93,あと3日,https://detail.chiebukuro.yahoo.co.jp/qa/question_detail/q14324886479,裁判官の国民審査ですが、 今回、山上徹也被告に無期懲役を言い渡した 田中伸一裁判長は出てますか？ 無知ですみません、 裁判官の選挙の仕組みがよく判りません。,0,0
274,2026/2/1 7:28,アニメ,tor********,8時間0分,0,9,9.0,0,0,0.019,0.0,0.0,0.02,あと3日,https://detail.chiebukuro.yahoo.co.jp/qa/question_detail/q13324886478,閃光のハサウェイ 外看板 先月末から劇場公開が始まった閃光のハサウェイですが映画館に大きめの外看板があるところはないでしょうか？ 東京か埼玉でよろしくお願いします。,0,0
275,2026/2/1 7:28,学校の悩み,Ｍ0113,8時間0分,1,24,24.0,0,0,0.05,4.17,0.01,0.15,あと3日,https://detail.chiebukuro.yahoo.co.jp/qa/question_detail/q12324886477,ある中学校での体育祭の部活動対抗リレーのスタート前の画像です。 パソコン部・卓球部・柔道部の中でどの部活が速そうなイメージがありますか？ パソコン部・卓球部・柔道部 この中で1位から3位まで順位を予想...,0,0
276,2026/2/1 7:28,一般教養,ひかる,8時間0分,0,6,6.0,0,0,0.012,0.0,0.0,0.01,あと3日,https://detail.chiebukuro.yahoo.co.jp/qa/question_detail/q11324886476,今回の桑沢デザイン研究所の入試の一般教養の用紙に自分のグループ番号が分からず、受験番号と名前しか書けませんでした(T ^ T) 一般教養の試験が終わってから前の黒板にグループ名が書いてあることに気づき...,0,0
277,2026/2/1 7:28,SQL Server,ID 非公開,8時間0分,1,11,11.0,0,0,0.023,9.09,0.0,0.13,あと3日,https://detail.chiebukuro.yahoo.co.jp/qa/question_detail/q10324886475,SQL ServerのWHEREとは犬のおもちゃのことですか？,0,0
278,2026/2/1 7:28,コンビニ,非公開,8時間0分,3,17,5.7,0,0,0.035,17.65,0.0,0.35,不明,https://detail.chiebukuro.yahoo.co.jp/qa/question_detail/q14324886474,ローソンの店内調理の弁当が店頭にならび始めるのって何時からですか？,0,0
279,2026/2/1 7:28,ご近所の悩み,ダークウイング,8時間0分,2,24,12.0,0,0,0.05,8.33,0.01,0.26,あと3日,https://detail.chiebukuro.yahoo.co.jp/qa/question_detail/q13324886473,パトカーのサイレンがうるさすぎて眠れません 割と街中に住んでるんですが、毎日毎日パトカーが夜中にサイレン鳴らしまくって全然眠れません そんな何の罪も犯してない人に迷惑かけ無いといけないことなんでしょう...,0,0
280,2026/2/1 7:28,生き方、人生相談,非公開,8時間0分,3,17,5.7,0,0,0.035,17.65,0.0,0.35,あと3日,https://detail.chiebukuro.yahoo.co.jp/qa/question_detail/q12324886472,一万時間の法則や10年の法則はやれば極められる、成功する、必ずそうなるとは限りませんよね? 努力が報われるとは限らないし、正しい努力でやり続けないと、間違った勘違いのやり方では、一万時間や10年の法則...,0,0
281,2026/2/1 7:28,教養、ドキュメンタリー,1150446559,8時間0分,0,1,1.0,0,0,0.002,0.0,0.0,0.0,あと3日,https://detail.chiebukuro.yahoo.co.jp/qa/question_detail/q11324886471,おかあさんといっしょについて質問です。 小野あつこお姉さんとながたまやお姉さんどっちが好きですか？,0,0
282,2026/2/1 7:28,資産運用、投資信託、NISA,まつたか,8時間0分,3,57,19.0,0,1,0.119,5.26,0.02,0.49,あと3日,https://detail.chiebukuro.yahoo.co.jp/qa/question_detail/q14324886469,初心者おすすめの個別株がNTTとソフトバンクって桐谷さんが言ってたので言う通り100株ずつ購入しましたが、何がいいんですか？,0,0
283,2026/2/1 7:28,妊娠、出産,sa_********,8時間0分,1,34,34.0,0,0,0.071,2.94,0.02,0.17,あと3日,https://detail.chiebukuro.yahoo.co.jp/qa/question_detail/q13324886468,最近妊活を始めた26歳です。 基礎体温も最近測り始めたので、はっきり言えませんが、排卵日は1/23だと思っています。 なので、排卵予定日から1週間ずれたのかなと思います。 最終行為は1/18の朝です。...,0,0
284,2026/2/1 7:28,メイク、コスメ,b19b8f2a9,8時間0分,5,24,4.8,0,1,0.05,20.83,0.0,0.63,あと3日,https://detail.chiebukuro.yahoo.co.jp/qa/question_detail/q11324886466,ブルベ冬（クールウィンター）に、ゴールドは似合うと思いますか？,0,0
285,2026/2/1 7:27,哲学、倫理,krlf,8時間1分,1,14,14.0,0,0,0.029,7.14,0.0,0.13,あと3日,https://detail.chiebukuro.yahoo.co.jp/qa/question_detail/q10324886465,エウリピデス(古代ギリシャの詩人)の ｢語録｣にあるという言葉「必然に随順する者、これ賢者にして神を知る者なり。」の内容を御教示下さい。,0,0
286,2026/2/1 7:27,イヌ,ID 非公開,8時間1分,1,7,7.0,0,0,0.015,14.29,0.0,0.12,あと3日,https://detail.chiebukuro.yahoo.co.jp/qa/question_detail/q14324886464,ドーベルマンに多発する拡張型心筋症は、遺伝検査でどこまで予測可能ですか？,0,0
287,2026/2/1 7:27,模型、プラモデル、ラジコン,maz********,8時間2分,5,47,9.4,0,1,0.098,10.64,0.01,0.68,あと3日,https://detail.chiebukuro.yahoo.co.jp/qa/question_detail/q12324886462,ガンプラについて質問です。MG1/100のウイングガンダムEW敗者達の栄光のキットなんですが、完成後、どうやっても、バスターライフルを持たせる事が出来ません。 箱の完成写真にはちゃんと、持たせる事が出...,0,0
289,2026/2/1 7:27,教養、ドキュメンタリー,1150446559,8時間2分,0,2,2.0,0,0,0.004,0.0,0.0,0.0,あと3日,https://detail.chiebukuro.yahoo.co.jp/qa/question_detail/q12324886457,おかあさんといっしょ 最新ソングブック カオカオカ〜オに収録されている歌は何が好きですか？,0,0
290,2026/2/1 7:27,資産運用、投資信託、NISA,非公開,8時間2分,2,35,17.5,0,1,0.073,5.71,0.01,0.34,あと3日,https://detail.chiebukuro.yahoo.co.jp/qa/question_detail/q11324886456,証券マンになるとお金の動きとか、お金持ちの資産動向を知れて お金運用のノウハウとお金持ちの傾向も知れて 自身が運用したときにお金を増やしやすいですか？,0,0
291,2026/2/1 7:27,邦楽,horizon,8時間2分,20,114,5.7,1,27,0.236,17.54,0.01,4.19,あと3日,https://detail.chiebukuro.yahoo.co.jp/qa/question_detail/q10324886455,果物が出てくる曲は何がありますか？ もしあったら1曲ご紹介下さい！！ 米津玄師‐こころにくだもの https://youtu.be/7tdSnuXmal4?si=voggy9bU9LKZ1VXn,0,0
292,2026/2/1 7:27,動画サービス,a5462ed06,8時間2分,1,9,9.0,0,0,0.019,11.11,0.0,0.12,あと3日,https://detail.chiebukuro.yahoo.co.jp/qa/question_detail/q14324886454,未成年です。 Myfansで動画を購入し、コンビニ支払いの際年齢確認などをされる可能性はありますか？,0,0
293,2026/2/1 7:27,政治、社会問題,1052508475,8時間2分,4,80,20.0,0,1,0.166,5.0,0.03,0.64,あと3日,https://detail.chiebukuro.yahoo.co.jp/qa/question_detail/q13324886453,移民賛成！ どんどん外国人を日本にいれよう！ ただしコンビニで働ける日本語ができる優秀な人だけね！ って考えは 極右、右翼、中道、左翼、極左 のどのカテゴリーに分類されますか？ もう一度記載しますが外...,0,0
294,2026/2/1 7:27,スマートフォン,あ,8時間2分,3,19,6.3,0,0,0.039,15.79,0.0,0.35,あと3日,https://detail.chiebukuro.yahoo.co.jp/qa/question_detail/q12324886452,みなさんはスマホたくさん使いますか？ 私は1日8時間くらい使ってしまいます、多くて10時間使います。 仕事の都合で使うとかではなく、SNSを目的もなくぐるぐるしています。 これではダメだと思い、やめよ...,0,0
295,2026/2/1 7:26,イヌ,ID 非公開,8時間3分,1,8,8.0,0,0,0.017,12.5,0.0,0.12,あと3日,https://detail.chiebukuro.yahoo.co.jp/qa/question_detail/q11324886451,ロットワイラーに多い骨肉腫は、大型犬特有の成長様式とどう結びついていますか？,0,0
296,2026/2/1 7:26,ネコ,Userr,8時間3分,4,42,10.5,0,1,0.087,9.52,0.01,0.56,不明,https://detail.chiebukuro.yahoo.co.jp/qa/question_detail/q10324886450,猫って可愛いですよね。,0,0
297,2026/2/1 7:26,政治、社会問題,あ,8時間3分,1,9,9.0,0,0,0.019,11.11,0.0,0.12,あと3日,https://detail.chiebukuro.yahoo.co.jp/qa/question_detail/q14324886449,好きな国を教えてください,0,0
298,2026/2/1 7:26,Macintosh（Mac),mini#black#05,8時間3分,3,17,5.7,0,0,0.035,17.65,0.0,0.34,あと3日,https://detail.chiebukuro.yahoo.co.jp/qa/question_detail/q13324886448,MacBookair 5.6年使用していくなら 512G ギガで充分でしょうか イラストレーターやphotoshopを使います,0,0
299,2026/2/1 7:26,パソコン,gog********,8時間3分,1,26,26.0,0,0,0.054,3.85,0.01,0.16,あと3日,https://detail.chiebukuro.yahoo.co.jp/qa/question_detail/q12324886447,外部モニターの解像度とリフレッシュレート設定、ＰＣのグラフィック性能等について質問させていただきます。 27インチ×2モニターからウルトラワイドモニターに変換しましたが、最高解像度の５Ｋ×２Ｋを設定す...,0,0
300,2026/2/1 7:26,政治、社会問題,1150902365,8時間3分,7,31,4.4,0,17,0.064,22.58,0.0,1.84,あと3日,https://detail.chiebukuro.yahoo.co.jp/qa/question_detail/q11324886446,日本の技術の起源はサムスンですよね？,0,0
302,2026/2/1 7:26,友人関係の悩み,0kjMBHMX,8時間4分,5,24,4.8,0,0,0.05,20.83,0.0,0.56,あと3日,https://detail.chiebukuro.yahoo.co.jp/qa/question_detail/q14324886444,もうすぐ高校生になるんですが、今度友達と2人で遊ぶのですがおすすめの場所とかってありますか？ 施設名でも地名でもなんでも良いです！,0,0
303,2026/2/1 7:26,ポケットモンスター,1150446559,8時間4分,1,4,4.0,0,0,0.008,25.0,0.0,0.11,あと3日,https://detail.chiebukuro.yahoo.co.jp/qa/question_detail/q13324886443,全国図鑑No.131〜140のポケモンはこの中で誰が好きですか？ 1.ラプラス 2.メタモン 3.イーブイ 4.シャワーズ 5.サンダース 6.ブースター 7.ポリゴン 8.オムナイト 9.オムスター...,0,0
304,2026/2/1 7:26,FIFAワールドカップ,1151230806,8時間4分,0,2,2.0,0,0,0.004,0.0,0.0,0.0,あと3日,https://detail.chiebukuro.yahoo.co.jp/qa/question_detail/q12324886442,今年開催されるワールドカップで日本は予選突破できると思いますか？ また、できるとしたら何位通過だと思います？,0,0
305,2026/2/1 7:25,楽天市場,sho********,8時間5分,1,35,35.0,0,0,0.072,2.86,0.03,0.17,あと3日,https://detail.chiebukuro.yahoo.co.jp/qa/question_detail/q11324886441,楽天市場全商品で使える1000円OFFクーポン 先着3125注文 このクーポンは何秒で終了しましたか？ 2月1日朝7時に注文しようとしたらクーポンが消えていて使えない状態です。 それともまだ使えますか...,0,0
306,2026/2/1 7:25,宗教,1051979647,8時間5分,4,33,8.2,0,13,0.068,12.12,0.01,1.28,あと3日,https://detail.chiebukuro.yahoo.co.jp/qa/question_detail/q14324886439,神様の教会の人にキリスト教を信じないと地獄に落ちると言われて強迫性障害が悪化しました 助けてください,0,0
307,2026/2/1 7:25,大学受験,gydjaaj_,8時間5分,4,67,16.8,0,0,0.138,5.97,0.02,0.55,あと3日,https://detail.chiebukuro.yahoo.co.jp/qa/question_detail/q13324886438,皆さんはどのくらいの時間をかけて大学に通っていますか？または通っていましたか？ 1時間半を超えるとやはりきついでしょうか？ 偏差値少し高いけど遠いところに行くか、そこよりは低いけど30分くらい近いとこ...,0,0
308,2026/2/1 7:25,イヌ,ID 非公開,8時間5分,1,7,7.0,0,0,0.014,14.29,0.0,0.12,あと3日,https://detail.chiebukuro.yahoo.co.jp/qa/question_detail/q12324886437,将来的に犬ワクチンで「抗体価＋細胞性免疫評価」が求められると考えられる理由は何ですか？,0,0
309,2026/2/1 7:25,スマホアプリ,1150490429,8時間5分,0,59,59.0,0,0,0.122,0.0,0.0,0.12,あと3日,https://detail.chiebukuro.yahoo.co.jp/qa/question_detail/q11324886436,ツムツムの今月のガチャは今引くべきですか？,0,0
310,2026/2/1 7:25,ギター、ベース,star_mv7,8時間5分,3,30,10.0,0,3,0.062,10.0,0.01,0.55,あと3日,https://detail.chiebukuro.yahoo.co.jp/qa/question_detail/q10324886435,アンプラグドライブの魅力を教えて下さいますか？そうでないライブとどう異なりますか？ 今度世田谷のカフェでアンプラグドのミニライブを観に行きます。,0,0
311,2026/2/1 7:25,政治、社会問題,m1o********,8時間5分,0,14,14.0,0,0,0.029,0.0,0.0,0.03,あと3日,https://detail.chiebukuro.yahoo.co.jp/qa/question_detail/q14324886434,大都会にお住いの人に 質問です。あんたは コンビニで何を買いますか？ したの 画像は どこの コンビニの鶏肉でしょう？ もし 近くにコンビニのない人は いま コンビニのない街が社会問題になっています。...,0,0
312,2026/2/1 7:25,競馬,1249847597,8時間5分,2,43,21.5,0,0,0.089,4.65,0.02,0.29,あと3日,https://detail.chiebukuro.yahoo.co.jp/qa/question_detail/q13324886433,競馬で最高配当三連単100円で5千万超え出ましたが、当選者１人でしたが、もし２人だった場合、配当金はどの位になるんですか？,0,0
313,2026/2/1 7:25,アニメ,a5cd9a872,8時間5分,1,34,34.0,0,0,0.07,2.94,0.02,0.17,あと3日,https://detail.chiebukuro.yahoo.co.jp/qa/question_detail/q12324886432,私はアイカツというアニメの藤堂ユリカというキャラクターを推している者です。 3月にアイカツの映画のアンコール上映があり、そこに藤堂ユリカの痛バを持って行きたいのですが、少し心配事があるので皆様に質問で...,0,0
314,2026/2/1 7:24,法律相談,aki********,8時間6分,2,43,21.5,0,1,0.088,4.65,0.02,0.35,あと3日,https://detail.chiebukuro.yahoo.co.jp/qa/question_detail/q11324886431,財物奪取の意思を持って暴行を加え負傷させた後、財物奪取に失敗した場合は強盗致傷罪の未遂でしょうか？既遂でしょうか？ また、窃盗の目的で侵入した後金品を物色したがめぼしい金品を発見できないうちに家主が帰...,0,0
315,2026/2/1 7:24,恋愛相談、人間関係の悩み,非公開,8時間6分,5,24,4.8,0,1,0.049,20.83,0.0,0.62,あと3日,https://detail.chiebukuro.yahoo.co.jp/qa/question_detail/q10324886430,成功者になる条件教えてください。例えば小さい頃から始めてるや、性格的に向き不向き技術能力がや、環境、運、人脈、キャリア、その他,0,0
316,2026/2/1 7:24,同人誌、コミケ,1052830510,8時間6分,2,12,6.0,0,0,0.025,16.67,0.0,0.23,あと3日,https://detail.chiebukuro.yahoo.co.jp/qa/question_detail/q14324886429,二次創作の夢について質問です 例として ・ソシャゲ主人公がプレイヤー自身の場合に、二次創作にていわゆる“創作主人公”がキャラの1人として描かれてる ・本編にはいないオリキャラやモブが登場する などでキ...,0,0
317,2026/2/1 7:24,アニメ,1150446559,8時間6分,0,2,2.0,0,0,0.004,0.0,0.0,0.0,あと3日,https://detail.chiebukuro.yahoo.co.jp/qa/question_detail/q13324886428,RAVEのハル・グローリーとFAIRY TAILのジルコニスが戦ったらどっちが強いですか？,0,0
318,2026/2/1 7:24,サッカー,みい,8時間7分,0,6,6.0,0,0,0.012,0.0,0.0,0.01,あと3日,https://detail.chiebukuro.yahoo.co.jp/qa/question_detail/q12324886427,宮城郡利府町の利府高校に関しての質問です。 サッカー部の1年生は坊主にしなければならないと言う決まりはありますか？ 知ってる方回答お願いします。,0,0
319,2026/2/1 7:24,ライブ、コンサート,chi********,8時間7分,0,18,18.0,0,0,0.037,0.0,0.0,0.04,あと3日,https://detail.chiebukuro.yahoo.co.jp/qa/question_detail/q11324886426,原因は自分にある。のツアーが3月から始まるので行ってみたいなと思っているのですが、まだFCやキラリに入っていないため一般販売を待っている状態です。 各会場のキャパを調べてみたら2500人程度。 年末か...,0,0
320,2026/2/1 7:24,動画サービス,zbr********,8時間7分,1,10,10.0,0,0,0.021,10.0,0.0,0.12,不明,https://detail.chiebukuro.yahoo.co.jp/qa/question_detail/q10324886425,U-NEXTのUコインについてです。 Uコインをブラウザ版でも使えると思い，購入してしまったのですが、Uコインはブラウザ版では使えないのでしょうか？,0,0
321,2026/2/1 7:24,イヌ,ID 非公開,8時間7分,1,10,10.0,0,0,0.021,10.0,0.0,0.12,不明,https://detail.chiebukuro.yahoo.co.jp/qa/question_detail/q14324886424,パルボ感染歴がある成犬は、ワクチン追加接種の免疫上昇がより強くなりますか？,0,0
322,2026/2/1 7:24,友人関係の悩み,1150956290,8時間7分,3,51,17.0,0,3,0.105,5.88,0.02,0.6,不明,https://detail.chiebukuro.yahoo.co.jp/qa/question_detail/q12324886422,私は既婚済みの男性です。 2月に女性の友人Aさんに結婚祝いを渡しに行きます。 直接家まで行って渡して終わりでいいかなと個人的に思っていたのですが、Aさんが駅に集合しようよと連絡がありました。 「そのあ...,0,0
323,2026/2/1 7:24,恋愛相談、人間関係の悩み,dic********,8時間7分,1,11,11.0,0,0,0.023,9.09,0.0,0.12,あと3日,https://detail.chiebukuro.yahoo.co.jp/qa/question_detail/q11324886421,一人なのですが全体写真が取りたいんです、他人に撮ってもらうって難易度高くないですか？どういえば怪しまれずに伝えられますかね？,0,0
324,2026/2/1 7:23,K-POP、アジア,1151208698,8時間8分,1,55,55.0,0,1,0.113,1.82,0.06,0.28,あと3日,https://detail.chiebukuro.yahoo.co.jp/qa/question_detail/q10324886420,RIIZEとスンハン(ソロ)を見ると複雑すぎてスムコン行けないって人いませんか？ スンハンペンではないですが、あの時のRIIZEが好きすぎて気づいたらRIIZEも降りてしまったし、スムコンも行けそうに...,0,0
325,2026/2/1 7:23,テーマパーク,zas********,8時間8分,3,18,6.0,0,0,0.037,16.67,0.0,0.34,あと3日,https://detail.chiebukuro.yahoo.co.jp/qa/question_detail/q14324886419,ディズニーで男一人がトゥールーズのファンキャップ被ってたら変ですか？,0,0
326,2026/2/1 7:23,アニメ,1052946928,8時間8分,1,14,14.0,0,2,0.029,7.14,0.0,0.25,あと3日,https://detail.chiebukuro.yahoo.co.jp/qa/question_detail/q13324886418,名探偵プリキュアの変身アイテムの特典って買うだけでいいやつですか？画像のヤツです,0,0
327,2026/2/1 7:23,恋愛相談、人間関係の悩み,匿名,8時間8分,0,35,35.0,1,0,0.072,0.0,0.0,0.28,あと3日,https://detail.chiebukuro.yahoo.co.jp/qa/question_detail/q12324886417,知人の女性について相談です。 先日、その知人がトラブルの末に措置入院となりました。 彼女は以前から私に対して執拗なLINEや、多額の金銭を要求（無心）してくることがあり、非常に困惑していました。精神的...,0,0
328,2026/2/1 7:23,ゲーム,avg********,8時間8分,0,3,3.0,0,0,0.006,0.0,0.0,0.01,あと3日,https://detail.chiebukuro.yahoo.co.jp/qa/question_detail/q10324886415,ポピープレイタイムChapter4について質問です。 ニンテンドーswitch版の日本語翻訳版ソフトを入れてホーム画面のゲームソフト名を確認したらポピープレイタイムチャプタートよっつと表記されておりま...,0,0
329,2026/2/1 7:23,アニメ,1150446559,8時間8分,0,6,6.0,0,0,0.012,0.0,0.0,0.01,あと3日,https://detail.chiebukuro.yahoo.co.jp/qa/question_detail/q14324886414,ふたりはプリキュアMax Heartのキュアブラック、キュアホワイト、シャイニールミナスとおとぎ銃士 赤ずきんの赤ずきんが戦ったらどっちが勝ちますか？,0,0
330,2026/2/1 7:23,病気、症状,ぴっぴ,8時間8分,1,10,10.0,0,1,0.02,10.0,0.0,0.18,あと3日,https://detail.chiebukuro.yahoo.co.jp/qa/question_detail/q13324886413,指先が紙で薄っすら切れて切り傷ができました。 何もしなくても治りそうなくらいの傷だったので放置していたら、、、 よく朝から腕全体に痛みと触ってわかるほどの熱を帯びてきました。 外科に行くと傷口からばい...,0,0
331,2026/2/1 7:23,男性アイドル,b19b8f2a9,8時間8分,0,3,3.0,0,0,0.006,0.0,0.0,0.01,あと3日,https://detail.chiebukuro.yahoo.co.jp/qa/question_detail/q11324886411,知念侑李くんのパーソナルカラーは、何だと思いますか？ ブルベ冬？,0,0
332,2026/2/1 7:23,ヘアケア,t,8時間8分,2,13,6.5,0,0,0.027,15.38,0.0,0.23,あと3日,https://detail.chiebukuro.yahoo.co.jp/qa/question_detail/q10324886410,寒い時に短髪にしたら後悔をしませんか？,0,0
333,2026/2/1 7:23,メルカリ,amq********,8時間8分,2,50,25.0,0,0,0.102,4.0,0.03,0.31,あと3日,https://detail.chiebukuro.yahoo.co.jp/qa/question_detail/q14324886409,メルカリで今販売手数料50%ポイント還元キャンペーンを開催してますが、オークションは対象に含まれますか？ 期間内にオークションとして出品した場合どうなるか教えて欲しいです。,0,0
334,2026/2/1 7:22,病気、症状,はひふへほうへか,8時間10分,1,32,32.0,0,0,0.065,3.12,0.02,0.17,あと3日,https://detail.chiebukuro.yahoo.co.jp/qa/question_detail/q12324886407,最近布団に入って寝ようとしてスマホやめて目つぶって寝っ転がってるのですが今までの人生の失敗した事や後悔してる事、嫌だった事、 あの時こうしてれば今の人生より良い人生送れてたのかななど考えてしまって2....,0,0
335,2026/2/1 7:22,男性の病気,ish********,8時間10分,1,25,25.0,0,1,0.051,4.0,0.01,0.21,あと3日,https://detail.chiebukuro.yahoo.co.jp/qa/question_detail/q11324886406,睾丸が痛いです。 当方中年男性です。 原因不明なのですが、左右の睾丸に長時間鈍痛があります。 触ってみると、はっきりしませんが睾丸の下の方が特に痛い気がします。（ラグビーボールでいうところの先っぽ部分...,0,0
336,2026/2/1 7:22,アルバイト、フリーター,きゅうり,8時間10分,2,10,5.0,0,0,0.02,20.0,0.0,0.22,あと3日,https://detail.chiebukuro.yahoo.co.jp/qa/question_detail/q10324886405,北里大学相模原キャンパス付近でバイトはできますか？,0,0
337,2026/2/1 7:22,英語,あ,8時間10分,2,44,22.0,0,0,0.09,4.55,0.02,0.29,あと3日,https://detail.chiebukuro.yahoo.co.jp/qa/question_detail/q14324886404,このネイティブ英発音なんですけど、 『ネイティブ英発音＝日本語発音』という風に 置き換えたいです。日本語発音にすると、どのように発音しているのでしょうか？ 日本人と日本人で流暢に話せるくらい、ネイティ...,0,0
338,2026/2/1 7:22,飲食店,1153157880,8時間10分,0,2,2.0,0,0,0.004,0.0,0.0,0.0,あと3日,https://detail.chiebukuro.yahoo.co.jp/qa/question_detail/q13324886403,三田製麺所について質問です。 強い魚の味が苦手なんですけど､つけ麺とみ田のスープが大丈夫なら三田のつけ麺も食べられますか？,0,0
339,2026/2/1 7:22,小説,1051538491,8時間10分,0,12,12.0,0,0,0.024,0.0,0.0,0.02,あと3日,https://detail.chiebukuro.yahoo.co.jp/qa/question_detail/q12324886402,本のタイトルについて質問です。 昔読んだ本のタイトルが思い出せず、探しています。 内容はなんとなく印象に残っているのですが、記憶が少し曖昧で、別作品と混ざっている可能性もあります。以下がその内容です。...,0,0
340,2026/2/1 7:22,家族関係の悩み,a1d4c5538,8時間10分,2,50,25.0,0,0,0.102,4.0,0.03,0.31,あと3日,https://detail.chiebukuro.yahoo.co.jp/qa/question_detail/q11324886401,父親がストレスすぎて産後里帰りしたくありません。 父親は今年還暦ですが自己愛が強くかなり子どもっぽいです。家事育児に非協力的なのはもちろん、sns中毒で家族のことを様々なsnsに上げています。（もちろ...,0,0
341,2026/2/1 7:22,パソコン,1251116144,8時間10分,1,22,22.0,0,0,0.045,4.55,0.01,0.15,不明,https://detail.chiebukuro.yahoo.co.jp/qa/question_detail/q10324886400,デスクトップpcについて質問です。 マウスコンピューターのデスクトップpcを購入したんですが、納期が今月末なんですよね・・・ そういうもんですか？,0,0
342,2026/2/1 7:22,大学受験,1052674102,8時間10分,1,33,33.0,0,0,0.067,3.03,0.02,0.17,あと3日,https://detail.chiebukuro.yahoo.co.jp/qa/question_detail/q14324886399,東北学院大学の一般入試ではシャーペンは使ってもいいのですか？,0,0
343,2026/2/1 7:22,ファッション,a4f58b119,8時間10分,0,13,13.0,0,0,0.026,0.0,0.0,0.03,あと3日,https://detail.chiebukuro.yahoo.co.jp/qa/question_detail/q13324886398,大々至急 このようなブーツを履いた状態で田植えをやった後は、どんなイメージとなりますか。合成して欲しいです,0,0
344,2026/2/1 7:22,アニメ,1150446559,8時間10分,1,6,6.0,0,0,0.012,16.67,0.0,0.11,あと3日,https://detail.chiebukuro.yahoo.co.jp/qa/question_detail/q12324886397,魔法騎士レイアースのアルシオーネとFAIRY TAIL 100年クエストの水神竜メルクフォビアが戦ったらどっちが勝ちますか？,0,0
345,2026/2/1 7:22,スマホアプリ,すわむ,8時間10分,0,8,8.0,0,0,0.016,0.0,0.0,0.02,あと3日,https://detail.chiebukuro.yahoo.co.jp/qa/question_detail/q11324886396,tiktokライブの話です。 ライブではシェアされて〇〇が参加しましたというのがユーザーに表示されますが、配信者は誰のシェアで参加したかわかるのでしょうか？,0,0
346,2026/2/1 7:21,話題の本,ID 非公開,8時間11分,1,5,5.0,0,0,0.01,20.0,0.0,0.11,あと3日,https://detail.chiebukuro.yahoo.co.jp/qa/question_detail/q10324886395,犬の診断仮説修正は追加情報で行われますか？,0,0
347,2026/2/1 7:21,恋愛相談、人間関係の悩み,非公開,8時間11分,5,80,16.0,0,0,0.163,6.25,0.03,0.67,あと3日,https://detail.chiebukuro.yahoo.co.jp/qa/question_detail/q14324886394,好きな人がいるのですが、自分ではだめな気がしてきました。 同じ部門で私より1歳上の男性です。 最初は「おはようございます」と挨拶程度だったのですが今は少し関係性が変わりました。 彼は周囲とあまり必要以...,0,0
348,2026/2/1 7:21,ダイエット,1053149452,8時間11分,6,42,7.0,0,0,0.085,14.29,0.01,0.69,あと3日,https://detail.chiebukuro.yahoo.co.jp/qa/question_detail/q13324886393,ダイエット中なのですが、体重が1kg減ってから、１ヶ月以上体重が変わらないです。食事制限、1万歩歩くなど、色々やっているのに体重が変わらなくて辛いです。原因わかる方はいますか？,0,0
349,2026/2/1 7:21,政治、社会問題,Dublin,8時間12分,3,22,7.3,0,2,0.045,13.64,0.0,0.47,あと3日,https://detail.chiebukuro.yahoo.co.jp/qa/question_detail/q12324886392,大阪都構想が実現したら大阪府の府庁所在地は堺市になるんですか？,0,0
350,2026/2/1 7:21,卓球,loc********,8時間12分,0,7,7.0,0,0,0.014,0.0,0.0,0.01,あと3日,https://detail.chiebukuro.yahoo.co.jp/qa/question_detail/q11324886391,JUIC Dr.ノイバウア エクスプロージョン こちらの表ソフトラバー購入したのですが、どんな感じのラバーでしょうか？ 粒高ラバーに近いと聞いた事あります。 使用した人の感想を聞いてみたいです。 よろ...,0,0
351,2026/2/1 7:21,コミック,1251508070,8時間12分,3,28,9.3,0,0,0.057,10.71,0.01,0.36,あと3日,https://detail.chiebukuro.yahoo.co.jp/qa/question_detail/q10324886390,冨樫義博は何かの病気ですか？,0,0
352,2026/2/1 7:21,Yahoo!オークション,yuk********,8時間12分,2,43,21.5,0,0,0.087,4.65,0.02,0.29,あと3日,https://detail.chiebukuro.yahoo.co.jp/qa/question_detail/q14324886389,はじめまして。 ヤフーオークションについて教えてください。 1円スタート・送料落札者負担で落札しました。 1円で落札出来、商品も届きましたが、届いた商品が説明文と異なりました。 出品者に連絡を取ったと...,0,0
353,2026/2/1 7:21,メンズバッグ、財布、小物類,lD非公開,8時間12分,1,26,26.0,0,0,0.053,3.85,0.01,0.15,あと3日,https://detail.chiebukuro.yahoo.co.jp/qa/question_detail/q13324886388,路上で財布を落とした人がいたようなので声をかけようとしたらいきなり逃げられました。なぜかわかりますか？ https://www.youtube.com/live/K0fMPudO3w0?si=r8PC...,0,0
354,2026/2/1 7:21,アニメ,1150446559,8時間12分,0,3,3.0,0,0,0.006,0.0,0.0,0.01,あと3日,https://detail.chiebukuro.yahoo.co.jp/qa/question_detail/q12324886387,FAIRY TAILでジャッカルと月神竜セレーネが戦ったらどっちが勝ちますか？,0,0
355,2026/2/1 7:21,コンビニ,m1o********,8時間12分,1,34,34.0,0,0,0.069,2.94,0.02,0.17,あと3日,https://detail.chiebukuro.yahoo.co.jp/qa/question_detail/q11324886386,大都会には コンビニというお店があります。きっとTVでご覧になったと思います。 そこでは とてもおいしい鶏肉が売られています。 食べたことのない人は想像でおこたえください。 日曜日の朝は なにをたべま...,0,0
356,2026/2/1 7:21,動物,1253236898,8時間12分,1,27,27.0,0,1,0.055,3.7,0.01,0.22,不明,https://detail.chiebukuro.yahoo.co.jp/qa/question_detail/q10324886385,太古の昔の生き物の化石から 「獲物の狩り方はこうで〜」「群れで行動していて〜」「性格は（獰猛・臆病)」とか考古学者は予想してますけど、骨格からは一切分かりませんよね あの人達、誰も分からないと思って適...,0,0
357,2026/2/1 7:21,温泉,非公開ID,8時間12分,1,37,37.0,0,2,0.075,2.7,0.03,0.3,あと3日,https://detail.chiebukuro.yahoo.co.jp/qa/question_detail/q12324886382,一昨日、スパ施設で久々に岩盤浴をしました。長めにしました。昨日は何故か身体が疲れきってて全然動けなく横なってて家事も出来ず自宅で休んでました。 いつもは岩盤浴の無いスパ施設に行くので、サウナ、水風呂は...,0,0
358,2026/2/1 7:21,政治、社会問題,IDは非公開に設定されています,8時間12分,3,26,8.7,0,0,0.053,11.54,0.0,0.36,あと3日,https://detail.chiebukuro.yahoo.co.jp/qa/question_detail/q13324886383,参政党「SNS発信広がらず」 意外とNHK党が参政党批判をしていた影響が大きかったということでしょうか？,0,0
359,2026/2/1 7:20,競馬,oew********,8時間13分,1,32,32.0,0,0,0.065,3.12,0.02,0.17,あと3日,https://detail.chiebukuro.yahoo.co.jp/qa/question_detail/q11324886381,18頭レースで3連単全通り1口100円を買うなら何万必要ですか？,0,0
360,2026/2/1 7:20,高校数学,初心者ですみません,8時間13分,2,29,14.5,0,2,0.059,6.9,0.01,0.38,不明,https://detail.chiebukuro.yahoo.co.jp/qa/question_detail/q10324886380,これは白チャート旧課程数学ⅢのEX191(3)の最後ですが、∫¹₀√(1−x²)dxの積分方法は白チャートには記載されておらず、四分円の面積を表すからπ/4と締め括っていますが、 青チャートとかだと∫...,0,0
361,2026/2/1 7:20,アニメ,1150446559,8時間13分,1,6,6.0,0,0,0.012,16.67,0.0,0.11,あと3日,https://detail.chiebukuro.yahoo.co.jp/qa/question_detail/q14324886379,ひろがるスカイ！プリキュアのキュアウィングとFAIRY TAILのフレアが戦ったらどっちが勝ちますか？,0,0
362,2026/2/1 7:20,哲学、倫理,krlf,8時間13分,4,15,3.8,0,1,0.03,26.67,0.0,0.5,あと3日,https://detail.chiebukuro.yahoo.co.jp/qa/question_detail/q12324886377,自由について考察していく場合、「自由の中での不自由」「不自由の中での自由」という見方は有効であるか、御教示下さい。 後者の「不自由」は束縛・支配・制御・管理といったことです。このような見方をした思想家...,0,0
363,2026/2/1 7:20,自動車,tor********,8時間13分,3,33,11.0,0,0,0.067,9.09,0.01,0.37,あと3日,https://detail.chiebukuro.yahoo.co.jp/qa/question_detail/q11324886376,冬の季節の車系youtube動画はスバル車の雪道走行動画が多くなります。 所謂スバリストと呼ばれる人たちは何でわざわざ危険な雪道を走りたがるのですか？,0,0
364,2026/2/1 7:20,高校,1052528317,8時間13分,0,7,7.0,0,0,0.014,0.0,0.0,0.01,あと3日,https://detail.chiebukuro.yahoo.co.jp/qa/question_detail/q14324886374,福岡で今日修学旅行の高校ありますか？,0,0
365,2026/2/1 7:20,テレビゲーム全般,hug********,8時間14分,1,25,25.0,0,1,0.051,4.0,0.01,0.21,不明,https://detail.chiebukuro.yahoo.co.jp/qa/question_detail/q13324886373,現在のPSポータルと2027年に噂されてる新型PSPって被らないのですか？ どちらもPS5のゲームを遊ぶ為の携帯機ですが 仮に2027年に新型PSPが本当に発売されたとしたら、現在のPSポータルって完...,0,0
366,2026/2/1 7:20,アニメ,少年の夢,8時間14分,3,86,28.7,0,9,0.174,3.49,0.05,1.02,不明,https://detail.chiebukuro.yahoo.co.jp/qa/question_detail/q12324886372,名探偵コナンの声優ネタってどれだけいるんでしょう 昨日久しぶりにコナン母の友人の遺産相続の話みたんですが 彼女の名前がゆきこって 二階堂由紀子さんからだったんですね！ 変装の名人でバイク乗りってまんま...,0,0
367,2026/2/1 7:20,恋愛相談、人間関係の悩み,1149796430,8時間14分,0,1,1.0,0,0,0.002,0.0,0.0,0.0,あと3日,https://detail.chiebukuro.yahoo.co.jp/qa/question_detail/q11324886371,コレコレさんの１０００円のメンシプって、過去の動画どの程度みれるんでしょうか？,0,0
368,2026/2/1 7:19,話題の本,ID 非公開,8時間15分,2,13,6.5,0,0,0.026,15.38,0.0,0.23,あと3日,https://detail.chiebukuro.yahoo.co.jp/qa/question_detail/q14324886369,老犬で筋肉量が低下すると起こりやすい生活上の問題は何ですか。,0,0
369,2026/2/1 7:19,ゲーム,Kuroneko,8時間15分,2,33,16.5,0,0,0.067,6.06,0.01,0.27,あと3日,https://detail.chiebukuro.yahoo.co.jp/qa/question_detail/q12324886367,原神 鍛錬の道で誰の凸素材を貰うか迷ってます。 無課金エンジョイ勢で性能よりも推しを優先してます。性能重視してないなら自分で決めろよって思われるかもしれませんが優柔不断過ぎて決めれなくて…候補の中から...,0,0
370,2026/2/1 7:19,トレーニング,1052508475,8時間15分,2,164,82.0,0,0,0.331,1.22,0.27,0.53,不明,https://detail.chiebukuro.yahoo.co.jp/qa/question_detail/q13324886368,どのくらいの筋トレで写真のような身体になれますか？,0,0
371,2026/2/1 7:19,競馬,T,8時間15分,0,7,7.0,0,0,0.014,0.0,0.0,0.01,あと3日,https://detail.chiebukuro.yahoo.co.jp/qa/question_detail/q11324886366,厩務員の方ってどのような方と結婚することが多いですか？ 勤務時間帯的にも同業者の方が多いのかなと思っているんですが、一般の方と結婚される方も多いのでしょうか。 個人の意見ではありますが、一般の方とは生...,0,0
372,2026/2/1 7:19,テーマパーク,fnm********,8時間15分,1,41,41.0,0,1,0.083,2.44,0.03,0.24,不明,https://detail.chiebukuro.yahoo.co.jp/qa/question_detail/q14324886364,ランドホテルについてです。 ディズニーホテルにに詳しい方教えてください。 現在、スーペリアアルコーブルーム（パークグランドビュー）を予約しています。 空きを見ると、コンシェルジュアルコーブルーム（パー...,0,0
373,2026/2/1 7:19,大学受験,1252901507,8時間15分,0,5,5.0,0,0,0.01,0.0,0.0,0.01,あと3日,https://detail.chiebukuro.yahoo.co.jp/qa/question_detail/q10324886365,看護の小論文に役立ちそうな小説などはありますか？？？,0,0
374,2026/2/1 7:19,ライブ、コンサート,1150855924,8時間15分,2,39,19.5,0,1,0.079,5.13,0.02,0.34,あと3日,https://detail.chiebukuro.yahoo.co.jp/qa/question_detail/q12324886362,本日はFRUITSZIPPERの東京ドーム公演があり、前からとても楽しみにしていました。ただ、昨夜から腰痛が出てきてしまい2〜3時間ライブで立ち続けるというなのが難しい有り様です。 しかも明後日から5...,0,0
375,2026/2/1 7:19,恋愛相談、人間関係の悩み,b4ec8013a,8時間15分,2,41,20.5,0,0,0.083,4.88,0.02,0.28,不明,https://detail.chiebukuro.yahoo.co.jp/qa/question_detail/q11324886361,ふってきたひとが その後数日で連絡してくるのは後悔や未練があるからですか？ 内容としては 「今自分はこう思ってる、こうだったからこうしてる、」 のような今どう感じているかどうしてこう言う行動をとったか...,0,0
376,2026/2/1 7:19,ソフトバンク,tak********,8時間15分,0,9,9.0,1,0,0.018,0.0,0.0,0.22,あと3日,https://detail.chiebukuro.yahoo.co.jp/qa/question_detail/q10324886360,ソフトバンクでiPhone17ぷろマックスを48回分割の新とくするサポートプラスのプランで購入するのですが、 今は私が契約者で母親が支払いと使用しています。 こちらの本体残金はありません。 iPhon...,0,0
377,2026/2/1 7:19,邦楽,30代独身,8時間15分,6,73,12.2,1,19,0.147,8.22,0.02,2.1,あと3日,https://detail.chiebukuro.yahoo.co.jp/qa/question_detail/q13324886358,「ロマンスの神様」はスキー 「負けないで」はマラソン 「CAN YOU CELEBRATE?」は結婚式 自分の中では、このイメージなんですが、大体合ってますか？,0,0
378,2026/2/1 7:19,アニメ,1150446559,8時間15分,1,7,7.0,0,0,0.014,14.29,0.0,0.11,あと3日,https://detail.chiebukuro.yahoo.co.jp/qa/question_detail/q14324886359,ドラえもんのジャイアンとニャッキ!のワルが戦ったらどっちが勝ちますか？,0,0
379,2026/2/1 7:19,政治、社会問題,非公開,8時間15分,1,58,58.0,1,1,0.117,1.72,0.07,0.48,あと3日,https://detail.chiebukuro.yahoo.co.jp/qa/question_detail/q12324886357,しばき隊ってなぜ犯罪にならないんですか？ あんな大勢で恫喝して威圧するのって、万引きとか信号無視とかセクハラよりどう考えても問題だと思うのですが（比べることではないですが）、なぜ野放しになってるのかわ...,0,0
380,2026/2/1 7:19,ヘアスタイル,あ,8時間16分,1,13,13.0,0,0,0.026,7.69,0.0,0.13,あと3日,https://detail.chiebukuro.yahoo.co.jp/qa/question_detail/q11324886356,はじめまして。 みずのさんの、この髪型、 なんていう名前のウルフヘアーですか？詳細が知りたいです。 助けて頂けると幸いです。,0,0
381,2026/2/1 7:18,恋愛相談、人間関係の悩み,サラまならや,8時間17分,2,63,31.5,0,0,0.127,3.17,0.04,0.33,あと3日,https://detail.chiebukuro.yahoo.co.jp/qa/question_detail/q10324886355,どの女性がタイプですか？,0,0
382,2026/2/1 7:18,模型、プラモデル、ラジコン,idn********,8時間17分,2,9,4.5,0,0,0.018,22.22,0.0,0.22,あと3日,https://detail.chiebukuro.yahoo.co.jp/qa/question_detail/q14324886354,タミヤのTBLE04SR に Ni-MHバッテリーは使用できますか？,0,0
383,2026/2/1 7:18,ポケットモンスター,1150446559,8時間17分,2,11,5.5,0,0,0.022,18.18,0.0,0.22,あと3日,https://detail.chiebukuro.yahoo.co.jp/qa/question_detail/q13324886353,ポケモンでダンデとトウガンが対戦したらどっちが勝ちますか？,0,0
384,2026/2/1 7:18,イヌ,ID 非公開,8時間17分,1,8,8.0,0,0,0.016,12.5,0.0,0.12,あと3日,https://detail.chiebukuro.yahoo.co.jp/qa/question_detail/q12324886352,多飲多尿が見られる犬で疑われる代表的な疾患は何ですか。,0,0
385,2026/2/1 7:18,政治、社会問題,kawaia1750a,8時間17分,4,20,5.0,0,1,0.04,20.0,0.0,0.5,あと3日,https://detail.chiebukuro.yahoo.co.jp/qa/question_detail/q11324886351,スピード違反してくれた方が反則金も入り国の財政は潤いますよね？財政破綻しそうなら一層のこと1年間500万円で違反し放題の免罪符を国が売り出したらどうでしょうか？,0,0
386,2026/2/1 7:18,恋愛相談、人間関係の悩み,1052508475,8時間17分,1,42,42.0,0,0,0.084,2.38,0.04,0.18,あと3日,https://detail.chiebukuro.yahoo.co.jp/qa/question_detail/q14324886349,私が貴方にとって嫌な行動をしたとします。 この腕を見て注意しますか？ それとも相手にせず無視しますか？ もちろん身体に影響あることではなく、 間接的に嫌なことされた場合です。 あっ警察を読んだり人へ助...,0,0
387,2026/2/1 7:18,園芸、ガーデニング,a4f58b119,8時間17分,0,19,19.0,0,0,0.038,0.0,0.0,0.04,あと3日,https://detail.chiebukuro.yahoo.co.jp/qa/question_detail/q10324886350,大々至急 このようなフローリングの部屋でそのまま稲刈りをやるとしたら壁紙は、どんな影響がありますか,0,0
388,2026/2/1 7:18,ゲーム,1150446559,8時間17分,3,6,2.0,0,0,0.012,50.0,0.0,0.31,あと3日,https://detail.chiebukuro.yahoo.co.jp/qa/question_detail/q13324886348,マリオシリーズのクッパとゼルダの伝説のガノンドロフが戦ったらどっちが強いですか？,0,0
389,2026/2/1 7:18,ピアス,1150915363,8時間17分,2,31,15.5,0,0,0.062,6.45,0.01,0.26,あと3日,https://detail.chiebukuro.yahoo.co.jp/qa/question_detail/q12324886347,トラガスを開けました。 接続について軽く考えており、爪が長いことと同ゲージ接続だったこともあり、接続に6時間ほどかかってしまいました。 その間、抜いたり刺したりを10回ほど繰り返してしまい、結果的に本...,0,0
390,2026/2/1 7:17,イヌ,ID 非公開,8時間18分,1,8,8.0,0,0,0.016,12.5,0.0,0.12,不明,https://detail.chiebukuro.yahoo.co.jp/qa/question_detail/q11324886346,入院中の犬で体位変換が必要な理由は何ですか。,0,0
391,2026/2/1 7:17,大学受験,aec8efdd2,8時間18分,5,69,13.8,0,2,0.138,7.25,0.02,0.76,不明,https://detail.chiebukuro.yahoo.co.jp/qa/question_detail/q10324886345,大学受験に受かるためには睡眠時間と食事以外勉強すべき？,0,0
392,2026/2/1 7:17,病気、症状,saku,8時間18分,0,24,24.0,0,0,0.048,0.0,0.0,0.05,あと3日,https://detail.chiebukuro.yahoo.co.jp/qa/question_detail/q12324886342,先週風邪を引いて金曜日に熱は引いたのですが、ずっと鼻づまりが酷かったせいで口呼吸になっていたのかさっき起きたら喉がおかしくなっていました(イガイガする、声がめちゃ低くなっている) 接客業をしているので...,0,0
393,2026/2/1 7:17,大学受験,田中,8時間18分,3,84,28.0,0,0,0.168,3.57,0.05,0.47,あと3日,https://detail.chiebukuro.yahoo.co.jp/qa/question_detail/q11324886341,至急お願いします。名城大学経済学部経済学科を受験する者です。 今日が当日なのですが、定員を改めて調べたら、A方式55人、F方式22人、K方式8人でした。(パスナビ参照) この人数は1日ごとの合格者数な...,0,0
394,2026/2/1 7:17,ポケットモンスター,1150446559,8時間18分,2,10,5.0,0,0,0.02,20.0,0.0,0.22,あと3日,https://detail.chiebukuro.yahoo.co.jp/qa/question_detail/q10324886340,カントー地方のくさタイプのポケモンはこの中で誰が好きですか？ 1.フシギダネ 2.フシギソウ 3.フシギバナ 4.ナゾノクサ 5.クサイハナ 6.ラフレシア 7.パラス 8.パラセクト 9.マダツボミ...,0,0
395,2026/2/1 7:17,携帯型ゲーム全般,btmxpgjwpjmXg,8時間18分,1,7,7.0,0,0,0.014,14.29,0.0,0.11,あと3日,https://detail.chiebukuro.yahoo.co.jp/qa/question_detail/q14324886339,携帯ゲームのブームビーチについてですが最近相手の司令部からユニットが出て来てやたら強く勝ちにくくなって来ました。自分も設定したいのですがこれはどこでどうやって設定するんですか？,0,0
396,2026/2/1 7:17,女性アイドル,ミント,8時間19分,3,14,4.7,0,0,0.028,21.43,0.0,0.33,あと3日,https://detail.chiebukuro.yahoo.co.jp/qa/question_detail/q13324886338,日向坂46のファンに質問 日向坂46の四期生で最初に個性が出たのは誰になるのかな？もしかして、山下葉留花さん？それもと平尾帆夏さん？また、別のメンバーになるのかな？,0,0
397,2026/2/1 7:16,就職活動,htj********,8時間20分,4,41,10.2,0,1,0.082,9.76,0.01,0.54,あと3日,https://detail.chiebukuro.yahoo.co.jp/qa/question_detail/q12324886337,中途の最終面接について 私は入社するまでは企業と求職者は対等だと思うので、企業の指定してきた日程が合わず調整が入るのも仕方ないと思っております。 知恵袋だと企業の日程に従うべきという方が多く驚きました...,0,0
398,2026/2/1 7:16,オーディオ,a8b0b7773,8時間20分,4,58,14.5,1,0,0.116,6.9,0.02,0.71,あと3日,https://detail.chiebukuro.yahoo.co.jp/qa/question_detail/q11324886336,5.1チャンネルのスピーカーについて知りたいです 長文かもしれませんがよろしくお願いします。 前にも質問したのですが5.1chのスピーカーを買おうと思っています。今までは写真のYAMAHAのやつを買お...,0,0
399,2026/2/1 7:16,鉄道、列車、駅,lD非公開,8時間20分,1,23,23.0,0,0,0.046,4.35,0.01,0.15,あと3日,https://detail.chiebukuro.yahoo.co.jp/qa/question_detail/q10324886335,https://youtu.be/cDzSZgoBOyE?si=HtqjF0B2wdG91Beh&t=2 これってどっちが悪いんですか？電車内でお酒飲んでるのか、座席を2席分使ってるのか。どっちですか...,0,0
400,2026/2/1 7:16,日本史,はにかむたまご,8時間20分,3,47,15.7,0,1,0.094,6.38,0.01,0.45,あと3日,https://detail.chiebukuro.yahoo.co.jp/qa/question_detail/q12324886332,日本軍の古参兵は誰でも通る道なんですか？ 例えば徴兵で入って初年兵が古参兵になるとか,0,0
401,2026/2/1 7:16,レディースバッグ、財布、小物類,yay********,8時間20分,0,10,10.0,0,0,0.02,0.0,0.0,0.02,あと3日,https://detail.chiebukuro.yahoo.co.jp/qa/question_detail/q11324886331,CHANELのこちらのカードケースが欲しいのですが店舗で取り扱いしているかおわかりになるかたいらっしゃいますか？ 購入しにいく場合、都内でしたらどちらの店舗にみに行くのが良いでしょうか？,0,0
402,2026/2/1 7:16,料理、食材,おちゃ子,8時間20分,1,21,21.0,0,0,0.042,4.76,0.01,0.14,あと3日,https://detail.chiebukuro.yahoo.co.jp/qa/question_detail/q10324886330,業務スーパーの冷凍唐揚げ1kg580円くらいですが 中国産のみですか？ 普通のニチレイとかのと比べて味はどうですか？,0,0
403,2026/2/1 7:16,ドラマ,com********,8時間20分,3,34,11.3,2,21,0.068,8.82,0.01,2.02,あと3日,https://detail.chiebukuro.yahoo.co.jp/qa/question_detail/q14324886329,不適切にもほどがあるのドラマ、これ以上続編は作れないですか？,0,0
404,2026/2/1 7:16,英語,非公開,8時間20分,2,15,7.5,0,0,0.03,13.33,0.0,0.23,あと3日,https://detail.chiebukuro.yahoo.co.jp/qa/question_detail/q12324886327,英検１級や司法試験はそんなに取るの大変何ですか？難題課題多いと、これら以外でさらに難題課題多い資格や物事教えてください。FX極めるのもこの２つより大変だと聞きましたし,0,0
405,2026/2/1 7:15,大学受験,kto********,8時間21分,5,80,16.0,0,7,0.16,6.25,0.03,1.07,あと3日,https://detail.chiebukuro.yahoo.co.jp/qa/question_detail/q11324886326,お恥ずかしい話なのですが、浪人で浪人生が少ないような大学を受験する場合、周りからの視線が気になるので制服を着ていきたいのですが、大丈夫でしょうか。,0,0
406,2026/2/1 7:15,政治、社会問題,1153347243,8時間21分,4,24,6.0,0,4,0.048,16.67,0.0,0.68,あと3日,https://detail.chiebukuro.yahoo.co.jp/qa/question_detail/q10324886325,最も科学研究に積極的な政党はどこだと思いますか？自民党？みらい？,0,0
407,2026/2/1 7:15,健康、病気、病院,れいくんママ,8時間21分,2,31,15.5,0,0,0.062,6.45,0.01,0.26,あと3日,https://detail.chiebukuro.yahoo.co.jp/qa/question_detail/q14324886324,至急！この症状何！ 突然全身の震えが止まらなくなった！ 23歳女 生後８ヶ月の息子がいて寝不足 今日もいつもと変わらない日を過ごしましたが、 時系列で言うとこんな感じです⤵︎ 18:30ごろにスト缶を...,0,0
408,2026/2/1 7:15,メール,その辺の金魚,8時間21分,1,29,29.0,1,1,0.058,3.45,0.02,0.42,あと3日,https://detail.chiebukuro.yahoo.co.jp/qa/question_detail/q10324886320,こんなメールが来てたのですが わたしこの時間寝てるし楽天銀行なんて1/27日から開いていません。 詐欺メールとかですか？？教えてください‬т т,0,0
409,2026/2/1 7:15,プログラミング,pan********,8時間21分,1,15,15.0,0,0,0.03,6.67,0.0,0.13,不明,https://detail.chiebukuro.yahoo.co.jp/qa/question_detail/q14324886319,"パワーシェルに関する質問です。 $files = Get-ChildItem -Path . -Filter *.png | Sort-Object Name $time = Get-Date ""20...",0,0
411,2026/2/1 7:14,園芸、ガーデニング,a4f58b119,8時間22分,0,8,8.0,0,0,0.016,0.0,0.0,0.02,あと3日,https://detail.chiebukuro.yahoo.co.jp/qa/question_detail/q12324886317,大々至急 今直ぐに回答をお願いします。このようなフローリングが泥だらけの田んぼだったらどのように見えたりしますか。合成して欲しいです,0,0
412,2026/2/1 7:14,学校の悩み,c18891a58,8時間22分,3,41,13.7,0,0,0.082,7.32,0.01,0.38,あと3日,https://detail.chiebukuro.yahoo.co.jp/qa/question_detail/q11324886316,デザイン専門学校は卒業できないということがあるのでしょうか？ かなり甘えた考えです。不快になったらすみません 現在2年制の専門学校に通っているものです。 卒業できるか不安です。 大量の課題やコンペさら...,0,0
413,2026/2/1 7:14,大学受験,a918dc6d6,8時間23分,3,46,15.3,0,0,0.091,6.52,0.01,0.39,あと3日,https://detail.chiebukuro.yahoo.co.jp/qa/question_detail/q10324886315,2026年の岡山理科大獣医学科のB日程を受けて数学2倍で計算すると84%でした。厳しいですか？A日程は78%でした。,0,0
414,2026/2/1 7:14,妊娠、出産,西川　健,8時間23分,8,89,11.1,0,1,0.177,8.99,0.02,1.03,あと3日,https://detail.chiebukuro.yahoo.co.jp/qa/question_detail/q14324886314,娘の妊娠について質問です。 娘は大学1年生、お相手の彼氏は23歳の社会人です。 先日、妊娠したので出産したいと報告がありました。 娘の考えは大学は辞めて二人で育てる覚悟だと言われました。 突然の報告に...,0,0
415,2026/2/1 7:14,大学受験,aaab46a0f,8時間23分,1,12,12.0,0,0,0.024,8.33,0.0,0.12,あと3日,https://detail.chiebukuro.yahoo.co.jp/qa/question_detail/q13324886313,現在高校2年生です。部活に所属してます。 大学受験のことを考えて最近平均4時間くらいは勉強しています。朝の自習室＋学校の休み時間で5時間半〜6時間は平日でもしてます。しかしこれだけじゃ足りないなと感じ...,0,0
416,2026/2/1 7:14,インターネットショッピング,トクモト,8時間23分,0,4,4.0,0,0,0.008,0.0,0.0,0.01,あと3日,https://detail.chiebukuro.yahoo.co.jp/qa/question_detail/q12324886312,AmazonやDMMのアカウントが乗っ取られた場合、乗っ取った奴は買い物し放題になるのですか？,0,0
417,2026/2/1 7:14,画像処理、制作,1150048101,8時間23分,3,43,14.3,0,1,0.085,6.98,0.01,0.44,あと3日,https://detail.chiebukuro.yahoo.co.jp/qa/question_detail/q11324886311,PowerPointにおいて、画像印刷のためにA3サイズでpng保存を行うと画質が粗い場合の対処方法を教えて欲しいです。 知恵袋用に仮の画像ファイルをA3用紙を今回作成しました。それが、「A」だとして...,0,0
418,2026/2/1 7:14,アニメ、コミック,もゆゆ,8時間23分,1,20,20.0,0,0,0.04,5.0,0.01,0.14,あと3日,https://detail.chiebukuro.yahoo.co.jp/qa/question_detail/q10324886310,群像劇でおすすめの作品を教えてください。漫画でも小説でもジャンルは問いません。ワールドトリガーは視聴済みです,0,0
419,2026/2/1 7:14,政治、社会問題,わしが男塾塾長 楽天パンダである,8時間23分,1,12,12.0,0,0,0.024,8.33,0.0,0.12,不明,https://detail.chiebukuro.yahoo.co.jp/qa/question_detail/q13324886308,これは参議院 しげる大敗の影響ですか？ ケンコバ家内プレグナント,0,0
420,2026/2/1 7:14,大学受験,1253110304,8時間23分,0,21,21.0,0,0,0.042,0.0,0.0,0.04,あと3日,https://detail.chiebukuro.yahoo.co.jp/qa/question_detail/q11324886306,"【至急です！】日大のA方式の選択科目って事前に申し込みの時に選択してありますか?または、当日に決められますか？（理科or国語、数学Ⅰ,Ⅱ,Ⅲ,A,B,C or数学Ⅰ,Ⅱ,A,B,Cなど）",0,0
421,2026/2/1 7:14,洋楽,horizon,8時間23分,19,174,9.2,1,21,0.346,10.92,0.03,3.67,あと3日,https://detail.chiebukuro.yahoo.co.jp/qa/question_detail/q12324886307,「超難題」静かなイントロから始まり終盤に一気に盛り上がる曲は何がありますか？ もしあったら1曲ご紹介下さい！！ セリーヌ・ディオン‐My Heart Will Go On https://youtu....,0,0
422,2026/2/1 7:14,恋愛相談,非公開,8時間23分,9,89,9.9,0,9,0.177,10.11,0.02,1.6,あと3日,https://detail.chiebukuro.yahoo.co.jp/qa/question_detail/q14324886304,僕はよく女性から、「マジで気持ち悪い！」と褒められるのですが、もしかして僕は女性に好かれる体質なのでしょうか？,0,0
423,2026/2/1 7:13,大学数学,非公開,8時間24分,2,37,18.5,0,0,0.073,5.41,0.01,0.27,あと3日,https://detail.chiebukuro.yahoo.co.jp/qa/question_detail/q13324886303,在野数学者、大学受験数学の良問の解説者・翻訳者になって月５～２０万円以上稼ぐことはできますか？,0,0
424,2026/2/1 7:13,病気、症状,ckb********,8時間24分,1,11,11.0,0,1,0.022,9.09,0.0,0.18,あと3日,https://detail.chiebukuro.yahoo.co.jp/qa/question_detail/q12324886302,人口透析に詳しい方に質問です。 ドライウェイトが56キロで透析前に計ると56.9キロでした。除水は0.9キロです。静水を入れても全部で1.1キロです。この日は除水を間違えて2.2キロになっていました。...,0,0
425,2026/2/1 7:13,子育ての悩み,1052508475,8時間24分,1,74,74.0,0,0,0.147,1.35,0.11,0.25,不明,https://detail.chiebukuro.yahoo.co.jp/qa/question_detail/q11324886301,今年６才になる男の子供がいます。 これ○○なのー これいいでしょー って繰り返し繰り返し同じことを言います。 長文をしゃべりません。 発育が悪いでしょうか？,0,0
426,2026/2/1 7:13,日本史,ＩＤ非公開,8時間25分,5,48,9.6,0,0,0.095,10.42,0.01,0.59,あと3日,https://detail.chiebukuro.yahoo.co.jp/qa/question_detail/q10324886300,鎌倉には鶴岡八幡宮や大仏以外に いい見学場所はありますか 源頼朝の家等で 足利尊氏や平清盛との戦争で使ってた日本刀や槍の展示はしてないですか,0,0
427,2026/2/1 7:13,香水,非公開,8時間25分,0,4,4.0,0,0,0.008,0.0,0.0,0.01,あと3日,https://detail.chiebukuro.yahoo.co.jp/qa/question_detail/q14324886299,Laboratorio Olfattivo オードパルファム ニードユーはどんな感じの香水ですか？ https://noseshop.jp/products/136535903,0,0
428,2026/2/1 7:13,郵便、宅配,cor********,8時間25分,5,35,7.0,0,0,0.069,14.29,0.0,0.56,あと3日,https://detail.chiebukuro.yahoo.co.jp/qa/question_detail/q13324886298,速達と普通別れてるポストありますよね？？日曜日に出したら明日届くんですかね？,0,0
430,2026/2/1 7:13,政治、社会問題,わしが男塾塾長 楽天パンダである,8時間25分,3,18,6.0,0,0,0.036,16.67,0.0,0.33,あと3日,https://detail.chiebukuro.yahoo.co.jp/qa/question_detail/q10324886295,れいわ 大石共同は ポスト早苗で 全てにおいて 絶対に間違え無しですか？,0,0
432,2026/2/1 7:13,職場の悩み,nxw********,8時間25分,5,57,11.4,0,0,0.113,8.77,0.01,0.61,あと3日,https://detail.chiebukuro.yahoo.co.jp/qa/question_detail/q13324886293,職場での人間関係ですぐネガティブになってしまう自分に疲れました。 今年、入社した会社で先輩と上手く仲良くなれず、いつかいじめられるんじゃないかとか、無視されるのではないかとか、起きてもないことをずっと...,0,0
433,2026/2/1 7:13,インターネット接続,ifk********,8時間25分,3,26,8.7,0,3,0.051,11.54,0.0,0.53,あと3日,https://detail.chiebukuro.yahoo.co.jp/qa/question_detail/q11324886291,ソフトバンクエアーの有線接続ってLANケーブル変えるだけで回線が安定したりしますか？ 今使ってるLANケーブルはcat5eってのを使っています。 パソコンでオンラインゲームをしてて常にpingが50-...,0,0
434,2026/2/1 7:13,園芸、ガーデニング,a4f58b119,8時間25分,0,11,11.0,0,0,0.022,0.0,0.0,0.02,あと3日,https://detail.chiebukuro.yahoo.co.jp/qa/question_detail/q14324886289,至急 このような部屋でそのまま田植えと稲刈りをやるとしたらどんな影響がありますか。また何がダメになると思いますか,0,0
435,2026/2/1 7:13,プロレス,ysg********,8時間25分,3,38,12.7,0,6,0.075,7.89,0.01,0.73,あと3日,https://detail.chiebukuro.yahoo.co.jp/qa/question_detail/q13324886288,今までのアントニオ猪木の試合での猪木コールが凄かったのはどの試合を挙げますか？ 私は1984年IWGP優勝戦対ホーガン戦です。,0,0
436,2026/2/1 7:13,病気、症状,a7557851c,8時間25分,1,9,9.0,0,0,0.018,11.11,0.0,0.12,あと3日,https://detail.chiebukuro.yahoo.co.jp/qa/question_detail/q12324886287,今インフルで、なんか味が苦かったり、食べていないのにプリンの味がします。治し方教えてください。 また、めっちゃフラフラして起き上がることもできません。熱が出てから1日半くらい立ってます。水分とるのも大...,0,0
437,2026/2/1 7:13,トレーディングカード,1049805142,8時間25分,2,7,3.5,0,0,0.014,28.57,0.0,0.21,あと3日,https://detail.chiebukuro.yahoo.co.jp/qa/question_detail/q10324886285,デュエルマスターズについての質問です！ 《至高の邪騎 スベルニル》の「出た時」の能力で墓地から《アビスラブ=ジャシン帝》を出す際、バトルゾーンや墓地からアビスを１体指定し、２体のアビスを進化元にして出...,0,0
438,2026/2/1 7:12,香水,非公開,8時間26分,0,7,7.0,0,0,0.014,0.0,0.0,0.01,あと3日,https://detail.chiebukuro.yahoo.co.jp/qa/question_detail/q14324886284,Thoo | オードパルファム ザタイム｜現在はどんなイメージな香水でしょうか？ https://noseshop.jp/products/134024834,0,0
440,2026/2/1 7:12,アジア・韓国ドラマ,titiootiti,8時間26分,1,22,22.0,0,0,0.043,4.55,0.01,0.14,不明,https://detail.chiebukuro.yahoo.co.jp/qa/question_detail/q12324886282,韓国俳優のユ・ヨンソクが着ていたニットはどこのブランドかわかる方いらっしゃいますか。,0,0
441,2026/2/1 7:12,日本史,har********,8時間26分,4,19,4.8,1,2,0.037,21.05,0.0,0.75,あと3日,https://detail.chiebukuro.yahoo.co.jp/qa/question_detail/q11324886281,人に親切にすると「あなたは創価学会？」と言われるのですれしいですか。,0,0
442,2026/2/1 7:12,職場の悩み,dnm********,8時間26分,2,66,33.0,0,1,0.13,3.03,0.04,0.39,不明,https://detail.chiebukuro.yahoo.co.jp/qa/question_detail/q10324886280,職場の女性正社員1人がいます その人は平気で嘘をつき人を利用します 最近私も利用され許せないし腹が立ちます 仕返ししたいしです どうしたらそういう人追い出せますか❓,0,0
443,2026/2/1 7:12,政治、社会問題,※※※※※※※※※※※※,8時間27分,5,31,6.2,1,5,0.061,16.13,0.0,1.05,あと3日,https://detail.chiebukuro.yahoo.co.jp/qa/question_detail/q14324886279,れいわは、移民政策には反対であるのにネトウヨに媚中扱いされるのはなぜですか？,0,0
444,2026/2/1 7:12,ニキビケア,くろい,8時間27分,2,34,17.0,0,0,0.067,5.88,0.01,0.26,あと3日,https://detail.chiebukuro.yahoo.co.jp/qa/question_detail/q13324886278,画像分かりづらくてすみません 青丸で囲んでるこれってなんですかね？見た感じニキビっぽくなくて 顔の目の周りやおでこにできてます,0,0
445,2026/2/1 7:12,社会保険,ja3mwxx,8時間27分,4,49,12.2,0,0,0.097,8.16,0.01,0.49,あと3日,https://detail.chiebukuro.yahoo.co.jp/qa/question_detail/q12324886277,社会保険の加入について教えてください。 2025年12月31で前職（扶養内パート）を退職したため、1月に12月までのお給料や有給の残りを20万ほどいただきました。 現在は2025年12月から入社した会...,0,0
446,2026/2/1 7:12,携帯型ゲーム全般,mim********,8時間27分,1,16,16.0,0,0,0.032,6.25,0.01,0.13,不明,https://detail.chiebukuro.yahoo.co.jp/qa/question_detail/q11324886276,アークナイツエンドフィールドについて教えてください。 レーヴァテイン編成なのですが、 ウルフガードが灼熱だかなんだかの付着役アルデリアがHP回復腐食付着役アケクリがSP回復役 ということは、火力として...,0,0
447,2026/2/1 7:12,役所、手続き,1151093681,8時間27分,3,57,19.0,0,2,0.112,5.26,0.02,0.53,不明,https://detail.chiebukuro.yahoo.co.jp/qa/question_detail/q10324886275,どなたか教えて頂きたいです。 2025年度の確定申告の日程は 2/16から3/16となっていますが、 この日程は、祝日が重なっている場合を除いて毎年固定ですか？,0,0
448,2026/2/1 7:12,鉄道、列車、駅,1152458598,8時間27分,0,7,7.0,0,0,0.014,0.0,0.0,0.01,あと3日,https://detail.chiebukuro.yahoo.co.jp/qa/question_detail/q13324886273,池袋 新宿 渋谷周辺で d払いで支払えるメンエスってありますか？,0,0
449,2026/2/1 7:12,政治、社会問題,非公開ID,8時間27分,4,23,5.8,0,1,0.045,17.39,0.0,0.5,あと3日,https://detail.chiebukuro.yahoo.co.jp/qa/question_detail/q12324886272,スターマー首相は中国に騙されていませんか,0,0
450,2026/2/1 7:12,一般教養,har********,8時間27分,4,14,3.5,0,1,0.028,28.57,0.0,0.48,あと3日,https://detail.chiebukuro.yahoo.co.jp/qa/question_detail/q11324886271,人に親切にすると「あなたは創価学会？」と言われるのですれしいですか。,0,0
451,2026/2/1 7:11,料理、食材,at1mdw1÷=6^5555,8時間28分,5,38,7.6,0,0,0.075,13.16,0.01,0.57,あと3日,https://detail.chiebukuro.yahoo.co.jp/qa/question_detail/q10324886270,鶏肉の生焼けを食べた場合、下痢になるのは、本当に２日から５日後なのでしょうか？ 昨日、鶏肉を30分煮込んだのですが、中身が少しピンク色の物を食べてしまいました。 食べたのが昨日の夜の7時です。 １２時...,0,0
452,2026/2/1 7:11,特撮,1150446559,8時間28分,1,9,9.0,0,0,0.018,11.11,0.0,0.12,あと3日,https://detail.chiebukuro.yahoo.co.jp/qa/question_detail/q14324886269,ウルトラマンマックスとFAIRY TAILのナツ・ドラグニルが戦ったらどっちが勝ちますか？,0,0
453,2026/2/1 7:11,プロ野球,非公開,8時間28分,5,34,6.8,0,0,0.067,14.71,0.0,0.56,あと3日,https://detail.chiebukuro.yahoo.co.jp/qa/question_detail/q13324886268,2026年度のプロ野球で起こりそうなことを予想してください。,0,0
454,2026/2/1 7:11,病気、症状,匿名,8時間28分,2,25,12.5,0,0,0.049,8.0,0.01,0.25,あと3日,https://detail.chiebukuro.yahoo.co.jp/qa/question_detail/q12324886267,自律神経失調症のような症状のためか、交感神経から副交感神経へ上手く切り替える事が出来ないためか、不眠症気味で、体の疲れが取れていない気がします。 睡眠不足になる日が多く、また高血圧気味で、心臓に負担が...,0,0
455,2026/2/1 7:11,園芸、ガーデニング,a4f58b119,8時間28分,0,16,16.0,0,0,0.031,0.0,0.0,0.03,あと3日,https://detail.chiebukuro.yahoo.co.jp/qa/question_detail/q11324886266,めちゃくちゃ大々至急 今直ぐに回答をお願いします。このようなフローリングの真ん中辺りがミニ田んぼだったらどのように見えたりしますか。実際に合成して欲しいです。,0,0
456,2026/2/1 7:11,事件、事故,非公開,8時間28分,2,2,1.0,0,0,0.004,100.0,0.0,0.2,あと3日,https://detail.chiebukuro.yahoo.co.jp/qa/question_detail/q10324886265,無理無茶は、良くないと思いますけど、やはり病気怪我事故事件の原因なりやすいですよね？不幸なりやすいし,0,0
457,2026/2/1 7:11,iPhone,flm********,8時間28分,4,59,14.8,0,0,0.116,6.78,0.02,0.51,あと3日,https://detail.chiebukuro.yahoo.co.jp/qa/question_detail/q14324886264,2.3000円くらいするちゃんとしたケーブル買うべきか迷ってます。 最近ゲオで760円でiPhoneの充電ケーブル「認証品」を購入したのですが充電してもすぐ切れて充電しなくなったりします。 これて端末...,0,0
458,2026/2/1 7:11,政治、社会問題,さくら,8時間28分,7,62,8.9,0,15,0.122,11.29,0.01,1.69,あと3日,https://detail.chiebukuro.yahoo.co.jp/qa/question_detail/q13324886263,実際は円安と円高どっちが 日本国民にとっていいと思いますか？,0,0
459,2026/2/1 7:11,ファッション,非公開,8時間29分,1,24,24.0,0,0,0.047,4.17,0.01,0.15,あと3日,https://detail.chiebukuro.yahoo.co.jp/qa/question_detail/q11324886261,もしも画像のようなスライムの服が発売されたら欲しいですか？,0,0
460,2026/2/1 7:11,特撮,1150446559,8時間29分,4,18,4.5,0,0,0.035,22.22,0.0,0.43,あと3日,https://detail.chiebukuro.yahoo.co.jp/qa/question_detail/q12324886262,マジレンジャーとフレッシュプリキュア!のナケワメーケが戦ったらどっちが勝ちますか？,0,0
461,2026/2/1 7:11,大学受験,nyan_uq,8時間29分,1,51,51.0,0,0,0.1,1.96,0.05,0.2,不明,https://detail.chiebukuro.yahoo.co.jp/qa/question_detail/q10324886260,拓殖大学の全学部統一受ける人、私服ですか？制服できますか？,0,0
462,2026/2/1 7:11,住宅,a4f58b119,8時間29分,0,11,11.0,0,0,0.022,0.0,0.0,0.02,あと3日,https://detail.chiebukuro.yahoo.co.jp/qa/question_detail/q14324886259,めちゃくちゃ大々至急 今直ぐに回答をお願いします。このような玄関がぐちゃぐちゃの牛小屋だったらどのようなイメージとなりますか。合成して欲しいです,0,0
463,2026/2/1 7:10,政治、社会問題,平凡な人,8時間30分,0,28,28.0,0,0,0.055,0.0,0.0,0.05,あと3日,https://detail.chiebukuro.yahoo.co.jp/qa/question_detail/q13324886258,中道改革連合に合流せず、立憲民主党や公明党に残留した人の中で、誰が代表や幹事長などの役職を務めますか？,0,0
464,2026/2/1 7:10,ファッション,b9d6540dc,8時間30分,0,7,7.0,0,0,0.014,0.0,0.0,0.01,あと3日,https://detail.chiebukuro.yahoo.co.jp/qa/question_detail/q11324886256,この服のメーカーわかりますか？,0,0
465,2026/2/1 7:10,国際情勢,ボンゴフレンディと黒塗りの高級車,8時間30分,2,16,8.0,0,0,0.031,12.5,0.0,0.23,あと3日,https://detail.chiebukuro.yahoo.co.jp/qa/question_detail/q14324886254,北の人間はやさしいですか？,0,0
466,2026/2/1 7:10,アニメ,1150446559,8時間30分,1,6,6.0,0,0,0.012,16.67,0.0,0.11,あと3日,https://detail.chiebukuro.yahoo.co.jp/qa/question_detail/q13324886253,キミとアイドルプリキュア♪のカッティンダーとFAIRY TAIL 100年クエストの月神竜セレーネが戦ったらどっちが勝つと思いますか？,0,0
467,2026/2/1 7:10,温泉,a4f58b119,8時間30分,0,14,14.0,0,0,0.027,0.0,0.0,0.03,あと3日,https://detail.chiebukuro.yahoo.co.jp/qa/question_detail/q12324886252,めちゃくちゃ大々至急 必ず回答をお願いします。このような玄関が露天風呂や大浴場、銭湯の中だったらどのようなイメージとなりますか。実際に合成して欲しいです,0,0
468,2026/2/1 7:10,家族関係の悩み,ba5879422,8時間30分,0,7,7.0,0,0,0.014,0.0,0.0,0.01,あと3日,https://detail.chiebukuro.yahoo.co.jp/qa/question_detail/q14324886249,千葉駅付近に住んでる方いますか? 友達が今日受験で、親御さん達と喧嘩してしまったらしく野宿してるんですけど、位置情報見たら充電が0パーで、アラームとか電話が聞こえてないんですよね。無理なのはわかるので...,0,0
469,2026/2/1 7:10,宗教,あ,8時間30分,5,55,11.0,0,13,0.108,9.09,0.01,1.36,あと3日,https://detail.chiebukuro.yahoo.co.jp/qa/question_detail/q13324886248,イスラエルのメシアとは誰のことですか？ イエスキリストですか？,0,0
470,2026/2/1 7:10,新築一戸建て,aul********,8時間30分,6,90,15.0,0,0,0.176,6.67,0.03,0.76,あと3日,https://detail.chiebukuro.yahoo.co.jp/qa/question_detail/q12324886247,一軒家に住んでいます。 年々夏が暑くなるので以下のような事を考えています。 専門的視点での指摘、批判なんでも構いませんのでご意見下さい。 床下が涼しいのでリビングの床に穴を開ける。（蓋付き） 壁の上の...,0,0
471,2026/2/1 7:10,恋愛相談、人間関係の悩み,tok********,8時間30分,3,47,15.7,0,2,0.092,6.38,0.01,0.5,不明,https://detail.chiebukuro.yahoo.co.jp/qa/question_detail/q14324886244,好かれているのに気付かないなんてこと有り得ますか？ モテない人間が自分に言い聞かせているだけじゃないですか？,0,0
472,2026/2/1 7:09,生き方、人生相談,acr********,8時間31分,1,18,18.0,0,0,0.035,5.56,0.01,0.13,あと3日,https://detail.chiebukuro.yahoo.co.jp/qa/question_detail/q12324886242,成功者が 「美談」にしている奴 なんも思いやりなくない？,0,0
473,2026/2/1 7:09,ライブ、コンサート,mmmv,8時間31分,1,24,24.0,0,0,0.047,4.17,0.01,0.14,あと3日,https://detail.chiebukuro.yahoo.co.jp/qa/question_detail/q11324886241,今日iLiFE!のライブに初参戦しようとしている新参者です、物販について分からないので優しいアイライファーの方教えてください。 まずチケットAを買いました、そこに特典会参加券付きと書いていたので前物販...,0,0
474,2026/2/1 7:09,恋愛相談,ksp165294jh,8時間32分,3,25,8.3,0,0,0.049,12.0,0.0,0.34,あと3日,https://detail.chiebukuro.yahoo.co.jp/qa/question_detail/q13324886238,肉体的なことを要求しないなら、付き合わないで、仲のいい友達でいいですよね？,0,0
475,2026/2/1 7:09,移住、田舎暮らし,非公開,8時間32分,0,16,16.0,0,0,0.031,0.0,0.0,0.03,あと3日,https://detail.chiebukuro.yahoo.co.jp/qa/question_detail/q12324886237,奈良県奈良市で暮らしていますが、旦那が左遷になったため北海道根室市に転勤で引っ越すにあたり、どんな注意が必要でしょうか？ 至急よろしくお願いします。,0,0
476,2026/2/1 7:09,釣り,hir********,8時間32分,0,10,10.0,0,0,0.02,0.0,0.0,0.02,あと3日,https://detail.chiebukuro.yahoo.co.jp/qa/question_detail/q10324886235,ワカサギ釣りにハマってます。今価格の安いプロックス製の穂先を使用しているのですがDaiwaの穂先とどのくらい違いがあるのでしょうか？ まだまだ腕は大したことはないのですが釣果が変わるのであれば購入を検...,0,0
477,2026/2/1 7:09,ゲームセンター,dog********,8時間32分,1,12,12.0,0,0,0.023,8.33,0.0,0.12,あと3日,https://detail.chiebukuro.yahoo.co.jp/qa/question_detail/q11324886236,記憶の果てにあるゲームセンターとかゲームコーナーで見たような気がする、ロボット？ゲーム？が思い出せません。 ​ボディ: 人型ではなく、台座から伸びた1本の太い支柱の上に、完全な球体の頭部（胴体）が乗っ...,0,0
478,2026/2/1 7:09,学校の悩み,hay********,8時間32分,0,14,14.0,0,0,0.027,0.0,0.0,0.03,あと3日,https://detail.chiebukuro.yahoo.co.jp/qa/question_detail/q14324886234,tukiって声で同じ学校の同級生にバレないんですか？？ 髪の長さでもバレると思うんですけど。 本当はバレてる？,0,0
479,2026/2/1 7:09,災害,1052508475,8時間32分,3,25,8.3,1,0,0.049,12.0,0.0,0.54,不明,https://detail.chiebukuro.yahoo.co.jp/qa/question_detail/q13324886233,雨降りませんね 心配になりませんか？火事とか水不足とか,0,0
480,2026/2/1 7:09,映画,m1o********,8時間32分,3,44,14.7,0,1,0.086,6.82,0.01,0.44,あと3日,https://detail.chiebukuro.yahoo.co.jp/qa/question_detail/q12324886232,大都会には 映画館というものいがあります。そこではおいしいポップコーンという食べ物があります。とてもおいしいです。このポップコーンの誘惑に勝つ方法はありますか？ おちかくに 映画館のない田舎の方は お...,0,0
481,2026/2/1 7:09,イヌ,oku********,8時間32分,2,30,15.0,0,0,0.059,6.67,0.01,0.25,あと3日,https://detail.chiebukuro.yahoo.co.jp/qa/question_detail/q11324886231,長文ですみません 今家で飼っている雌犬の8歳の子についてお知恵をいただけたら幸いです 昨年の12月頃から食欲がなくなりごはんを食べなくなりました 今では口を開けて直接脇からピューレなどを入れて食べさせ...,0,0
482,2026/2/1 7:09,ゲーム,……,8時間32分,2,25,12.5,0,0,0.049,8.0,0.01,0.24,あと3日,https://detail.chiebukuro.yahoo.co.jp/qa/question_detail/q10324886230,原神の武器ガチャについて相談です。 イネファの武器狙いで今66連してます。 単発貯まったら引くという感じなのでほんとギリギリです。 なのですり抜けたらそのまま終わりです(コロ餅所持済なので尚更)。 餅...,0,0
483,2026/2/1 7:08,飲食店,kel********,8時間33分,2,6,3.0,0,0,0.012,33.33,0.0,0.21,あと3日,https://detail.chiebukuro.yahoo.co.jp/qa/question_detail/q14324886229,ホストクラブで新規の客で同伴は稀ですか。 19時から22時までの契約で、21時から22時が同伴でした。 当日決まったらしいです。,0,0
484,2026/2/1 7:08,女性アイドル,1253353643,8時間33分,4,37,9.2,1,1,0.072,10.81,0.01,0.71,あと3日,https://detail.chiebukuro.yahoo.co.jp/qa/question_detail/q13324886228,今、松田聖子より可愛いソロのアイドルいますか？ https://youtu.be/cG6oqawLRtI?si=,0,0
485,2026/2/1 7:08,自動車,匿名希望,8時間33分,2,30,15.0,0,0,0.058,6.67,0.01,0.25,あと3日,https://detail.chiebukuro.yahoo.co.jp/qa/question_detail/q12324886227,ホンダ ヴェゼル（RV5）で純正ナビを社外品に交換した方、使用感を教えてください ホンダ ヴェゼル ハイブリッド（令和3年式／RV5／e:HEV X）に乗っています。 走行性能や車自体にはとても満足し...,0,0
486,2026/2/1 7:08,バイク,HONDAしか勝たん,8時間33分,10,90,9.0,0,18,0.175,11.11,0.02,2.19,あと3日,https://detail.chiebukuro.yahoo.co.jp/qa/question_detail/q10324886225,ちょっと最近喉が痛くて体調悪いです。 でも晴れてバイク日和なら乗るべきですよね？ ちょっと気分が優れなくてもほんとにバイク好きを公言するなら乗るのが正解ですよね？ 体調をいい訳にするのはバイクYouT...,0,0
487,2026/2/1 7:08,友人関係の悩み,cb328c56a,8時間33分,0,18,18.0,0,0,0.035,0.0,0.0,0.03,あと3日,https://detail.chiebukuro.yahoo.co.jp/qa/question_detail/q14324886224,LINEで以前友達になっていた学生時代の友人を非表示してから削除しました。 年賀状じまいのハガキが届き、家族も見るので義理で今年もよろしくね！と書いてあったので携帯の留守電に私からは連絡はできないので...,0,0
488,2026/2/1 7:08,声優,1150446559,8時間33分,9,44,4.9,0,3,0.086,20.45,0.0,1.13,あと3日,https://detail.chiebukuro.yahoo.co.jp/qa/question_detail/q13324886223,藤原啓治さんの演じたキャラクターは何が好きですか？,0,0
489,2026/2/1 7:08,洋楽,lD非公開,8時間34分,1,15,15.0,0,0,0.029,6.67,0.0,0.13,あと3日,https://detail.chiebukuro.yahoo.co.jp/qa/question_detail/q12324886222,マライア・キャリーは、現地の若い世代ではどんな位置づけなんですか？ 私は色褪せなくて大好きな曲が沢山あるのですが、向こうの若い子たちからみたら、90年代に流行ったレトロ曲っていう感じなのでしょうか？ ...,0,0
490,2026/2/1 7:08,カウンセリング、治療,レモン,8時間34分,2,37,18.5,1,0,0.072,5.41,0.01,0.46,あと3日,https://detail.chiebukuro.yahoo.co.jp/qa/question_detail/q11324886221,ひきこもりの人は、アジア大陸的な「他人の目を気にしない哲学」を持てば楽になれる、平気になるのかもしれないですか？ ​日本には「人様に迷惑をかけてはいけない」「世間に顔向けできない」という「恥の文化」が...,0,0
491,2026/2/1 7:08,大学受験,cd7d9be,8時間34分,1,13,13.0,0,0,0.025,7.69,0.0,0.12,あと3日,https://detail.chiebukuro.yahoo.co.jp/qa/question_detail/q14324886219,大阪公立大学の文系数学って整数出ますよね? どのレベルまでやっておけばいいんですか？ 不定方程式とかも必要ですか?,0,0
492,2026/2/1 7:07,気象、天気,har********,8時間35分,4,51,12.8,1,3,0.099,7.84,0.01,0.85,あと3日,https://detail.chiebukuro.yahoo.co.jp/qa/question_detail/q13324886218,東北、北陸等では大雪で、関東では雨不足で渇水になっていて、雪を関東や太平洋側に運べたらいいのにって思うんですが、雪が流れるルートって作ることは可能なんですかね？ 地下とか高速道路の一部を利用するとか。...,0,0
493,2026/2/1 7:07,生物、動物、植物,a835378ff,8時間35分,2,20,10.0,0,0,0.039,10.0,0.0,0.23,あと3日,https://detail.chiebukuro.yahoo.co.jp/qa/question_detail/q11324886216,DNAの抽出についてです。 画像の手順3で塩を加えることによってDNAを沈殿しやすくしていると解答に書いてあったのですが、問1の手順4を行った目的として「沈殿したタンパク質とDNAを多く含む上澄みとを...,0,0
494,2026/2/1 7:07,格安スマホ,kawaia1750a,8時間35分,3,60,20.0,0,12,0.116,5.0,0.02,1.1,あと3日,https://detail.chiebukuro.yahoo.co.jp/qa/question_detail/q10324886215,楽天モバイル、少し田舎行くと繋がらなくてイライラそんなもんですか？,0,0
495,2026/2/1 7:07,インターネット接続,lD非公開,8時間35分,4,47,11.8,0,0,0.091,8.51,0.01,0.48,あと3日,https://detail.chiebukuro.yahoo.co.jp/qa/question_detail/q14324886214,自宅のWi-Fiを家族以外に教えてデメリットないですか？友達や親戚が来たときに教えてと言われ、困ります。上手い断り方ないですか？皆さんどうされてますか？,0,0
498,2026/2/1 7:07,アニメ,1252967948,8時間35分,0,4,4.0,0,0,0.008,0.0,0.0,0.01,あと3日,https://detail.chiebukuro.yahoo.co.jp/qa/question_detail/q11324886211,テイコウペンギンで株式会社某企画面倒な仕事振られがち部やってられる課という名前が初登場したのはどの回ですか？,0,0
499,2026/2/1 7:07,声優,1150446559,8時間35分,4,15,3.8,0,0,0.029,26.67,0.0,0.42,あと3日,https://detail.chiebukuro.yahoo.co.jp/qa/question_detail/q10324886210,石塚運昇さんの演じたキャラクターは何が好きですか？,0,0
500,2026/2/1 7:07,ゲーム,匿名,8時間35分,0,6,6.0,0,0,0.012,0.0,0.0,0.01,あと3日,https://detail.chiebukuro.yahoo.co.jp/qa/question_detail/q14324886209,ゼンゼロの親愛イベントについての質問です。 エレンにDMを送ろうとしたところ 添付の画像のような選択画面が表示されました。 これについて片方を選んだ場合もう片方のイベントを見ることは可能ですか？ また...,0,0
501,2026/2/1 7:07,自動車,i53********,8時間35分,4,36,9.0,0,0,0.07,11.11,0.01,0.46,あと3日,https://detail.chiebukuro.yahoo.co.jp/qa/question_detail/q12324886207,スタバの前に車が道路にあふれてるのを良く見ますが何か特別な物売ってるのですか?,0,0
502,2026/2/1 7:07,LINE,afad361d1,8時間35分,0,9,9.0,0,0,0.017,0.0,0.0,0.02,あと3日,https://detail.chiebukuro.yahoo.co.jp/qa/question_detail/q11324886206,LINEの通知が来てそのまま放置してて返信しようとしたときにはメッセージが消えてたんですが、送信取り消しの文字も無く、アプリアイコンに表示される未読の数字も消えてました。 送信取り消ししたらこちら側に...,0,0
503,2026/2/1 7:07,サッカー,1052508475,8時間35分,1,37,37.0,0,0,0.072,2.7,0.03,0.17,不明,https://detail.chiebukuro.yahoo.co.jp/qa/question_detail/q10324886205,税リーグと揶揄されるJリーグ。 アンチ税リーグ論者VS税リーグ論者 の激突は地方議員同士で今後加速していくと思いますか？ 秋田市の市長への質問なんて 熊被害よりスタジアム建設の質問が多かったみたいで ...,0,0
504,2026/2/1 7:07,英語,ちか,8時間36分,3,24,8.0,0,2,0.047,12.5,0.0,0.45,不明,https://detail.chiebukuro.yahoo.co.jp/qa/question_detail/q14324886204,物語が幸せな形で終わるのをハッピーエンドというのに対して、不幸な形で終わるのをバッドエンドだと言いますが、 英語として正しい対義語ですか？,0,0
505,2026/2/1 7:07,恋愛相談、人間関係の悩み,非公開,8時間36分,2,2,1.0,0,0,0.004,100.0,0.0,0.2,あと3日,https://detail.chiebukuro.yahoo.co.jp/qa/question_detail/q13324886203,350歳の新留くんが6000歳の小迫さんとの仕事を休んだため9歳のりっくんと6000歳の小迫さんで遊んでます。仕事を休むのは良くないですか？,0,0
506,2026/2/1 7:07,ポケットモンスター,1150446559,8時間36分,2,4,2.0,0,0,0.008,50.0,0.0,0.2,あと3日,https://detail.chiebukuro.yahoo.co.jp/qa/question_detail/q12324886202,ポケモンDPでスズナとゴヨウが対戦したらどっちが勝ちますか？,0,0
507,2026/2/1 7:06,家電、AV機器,おちゃ子,8時間37分,2,11,5.5,0,0,0.021,18.18,0.0,0.21,あと3日,https://detail.chiebukuro.yahoo.co.jp/qa/question_detail/q11324886201,電化製品の質問です 着脱式の電源コードですが本体に電源がついていないのでコードを抜くだけです 抜く順番の最良の方法を教えて下さい 自分は本体側をぬいてコンセントの順番です,0,0
508,2026/2/1 7:06,日本史,abc,8時間37分,0,27,27.0,0,0,0.052,0.0,0.0,0.05,あと3日,https://detail.chiebukuro.yahoo.co.jp/qa/question_detail/q10324886200,源実朝は自身の死を予見していたのですか？ 鶴岡八幡宮で殺される前に詠んだこの歌はどう考えても辞世の句にしか思えないのですが…。それともこれは後世の人が勝手に作ったものなのでしょうか？ 出でていなば 主...,0,0
509,2026/2/1 7:06,スロット,暇なんですか？,8時間37分,6,59,9.8,0,0,0.114,10.17,0.01,0.69,あと3日,https://detail.chiebukuro.yahoo.co.jp/qa/question_detail/q14324886199,ノーマル機を打っている方々は2000枚の壁はあると思いますか？,0,0
510,2026/2/1 7:06,日本語,wsa********,8時間37分,4,17,4.2,0,0,0.033,23.53,0.0,0.42,あと3日,https://detail.chiebukuro.yahoo.co.jp/qa/question_detail/q13324886198,例えば、働きたいと望む相手に対して、働く機会を奪う行為を何と言えば良いのですか？,0,0
511,2026/2/1 7:06,学校の悩み,1151954367,8時間37分,3,50,16.7,0,1,0.097,6.0,0.02,0.44,不明,https://detail.chiebukuro.yahoo.co.jp/qa/question_detail/q12324886197,東北保健医療専門学校に通っている娘がいるのですが地震による電車遅延で実習を休まざる得なくなり休んだことによって留年になるかもしれないと言われました。 1日だけの休みなのですが学校側に連絡した時了解をさ...,0,0
512,2026/2/1 7:06,ドラム、打楽器,111456324,8時間37分,3,46,15.3,0,0,0.089,6.52,0.01,0.38,あと3日,https://detail.chiebukuro.yahoo.co.jp/qa/question_detail/q11324886196,ドラムスティックのラバーチップって叩き心地や消音性どんなもんですかね。電子ドラムで少しでも打撃音を減らすために装着しようと思います。,0,0
513,2026/2/1 7:06,園芸、ガーデニング,a4f58b119,8時間37分,0,9,9.0,0,0,0.017,0.0,0.0,0.02,あと3日,https://detail.chiebukuro.yahoo.co.jp/qa/question_detail/q14324886194,大々至急 このような部屋でそのまま田植えを春先にやるとしたらどんな影響がありますか。,0,0
514,2026/2/1 7:06,ネコ,aed88c37c,8時間37分,5,154,30.8,0,2,0.297,3.25,0.09,0.89,あと3日,https://detail.chiebukuro.yahoo.co.jp/qa/question_detail/q13324886193,うちの猫ちゃんは、体重が4キロぐらいなのですが 1日のご飯の量が、この60gの袋を5.7袋 2回に分けてあげるとありますが 1袋でも結構な量がありますが 5.7袋もあげるもんなのでしょうか？,0,0
515,2026/2/1 7:06,デンタルケア,1252969106,8時間37分,2,23,11.5,0,0,0.044,8.7,0.01,0.24,あと3日,https://detail.chiebukuro.yahoo.co.jp/qa/question_detail/q11324886191,これから旅行に行くのですが、歯のリテーナーを忘れてしまいました。 四日間リテーナーをつけない状態になるのですが、歯が戻らないか心配です。 矯正は去年の10月に終わり、それから毎日リテーナーをつけて過ご...,0,0
516,2026/2/1 7:06,賃貸物件,うにゃんうにゃん軍曹,8時間37分,1,31,31.0,0,0,0.06,3.23,0.02,0.16,あと3日,https://detail.chiebukuro.yahoo.co.jp/qa/question_detail/q10324886190,2月1日からレオパレスに入居予定だったんですが 前日の1日月31日も当日の2月1日朝7時になっても レオパレスからスマートロック招待SMSやメール 届かないです アカウント登録とかしないと鍵を貰え無い...,0,0
517,2026/2/1 7:06,生き方、人生相談,cac********,8時間37分,5,36,7.2,0,0,0.07,13.89,0.01,0.55,あと3日,https://detail.chiebukuro.yahoo.co.jp/qa/question_detail/q14324886189,28歳PTSDうつ病無職は人生這い上がれるのは難しくて手遅れでしょうか？ 学生の頃のクラス崩壊や人見知りで人間関係うまくいかなかったトラウマで対人恐怖が悪化してしまい不安な気持ちが止まらないです。,0,0
518,2026/2/1 7:05,音楽,1150399616,8時間38分,1,22,22.0,0,0,0.042,4.55,0.01,0.14,あと3日,https://detail.chiebukuro.yahoo.co.jp/qa/question_detail/q12324886187,先日息子の服の片付けをしていたら、突然昔聞いた歌を口ずさんでいました。 ♪父さんはいない～母さんと僕～、二人一緒に～豆を植えた～。オーーーホォエ～ 小さな芽が～伸びてきた～、可愛い芽が～伸びてきた～。...,0,0
519,2026/2/1 7:05,アニメ,1150446559,8時間39分,0,1,1.0,0,0,0.002,0.0,0.0,0.0,あと3日,https://detail.chiebukuro.yahoo.co.jp/qa/question_detail/q13324886188,ふしぎの海のナディアのグランディス一味とFAIRY TAIL 100年クエストの水神竜メルクフォビアが戦ったらどっちが勝ちますか？,0,0
520,2026/2/1 7:05,哲学、倫理,krlf,8時間39分,3,19,6.3,0,1,0.037,15.79,0.0,0.38,あと3日,https://detail.chiebukuro.yahoo.co.jp/qa/question_detail/q11324886186,「自由」の分類として、「条件としての自由(前提としての自由、～からの自由)」に対しての「結果としての自由」「～への自由」は、どういった自由のことか、御教示下さい。 「結果としての自由」とは、与えられた...,0,0
521,2026/2/1 7:05,アニメ,もっそりうに,8時間39分,0,1,1.0,0,0,0.002,0.0,0.0,0.0,あと3日,https://detail.chiebukuro.yahoo.co.jp/qa/question_detail/q14324886184,とっとこハム太郎のかぶるくんの帽子外したのは何話ですか？教えてくれば幸いです。,0,0
522,2026/2/1 7:05,邦楽,kot********,8時間39分,0,3,3.0,1,0,0.006,0.0,0.0,0.2,あと3日,https://detail.chiebukuro.yahoo.co.jp/qa/question_detail/q12324886182,Dragon Ash の1999年10月17日・横浜アリーナ公演でバックを務めていた“女性3人組”は誰ですかね？ dashgptやgeminiに聞いても間違えます。 一次情報も添えて教えて頂きたいです...,0,0
523,2026/2/1 7:05,料理、食材,kasamira,8時間39分,10,56,5.6,0,3,0.108,17.86,0.01,1.24,あと3日,https://detail.chiebukuro.yahoo.co.jp/qa/question_detail/q13324886183,寒い朝です 何を飲んでいますか？,0,0
524,2026/2/1 7:05,住宅,こばちゃん,8時間39分,2,28,14.0,0,1,0.054,7.14,0.01,0.3,不明,https://detail.chiebukuro.yahoo.co.jp/qa/question_detail/q11324886181,新築戸建て住宅の水回りについて質問です。 美装が終わったら、水回りにDIYでコーティング施工をしたいと考えています。 施工品はウィルコートで検討してます。 しかし、妻からは「掃除するし、引き渡しすぐに...,0,0
525,2026/2/1 7:05,福祉、介護,非公開,8時間39分,3,15,5.0,0,0,0.029,20.0,0.0,0.32,あと3日,https://detail.chiebukuro.yahoo.co.jp/qa/question_detail/q10324886180,ショートステイを頼む場合、1泊だけする方もいますか？最低2泊ですか？ また、だいたい何時にお迎え、何時に帰ってくるものですか？ ケアマネジャーに相談してみては、なしで教えてください。宜しくお願いします...,0,0
526,2026/2/1 7:04,病気、症状,あ,8時間40分,2,33,16.5,0,0,0.063,6.06,0.01,0.26,あと3日,https://detail.chiebukuro.yahoo.co.jp/qa/question_detail/q12324886177,統合失調症で1日6錠ほど薬を飲んでいるんですけど、やはり多い方ですか？ 寿命縮まります？,0,0
527,2026/2/1 7:04,ボートレース（競艇）,T・Aエジソン,8時間40分,3,10,3.3,0,0,0.019,30.0,0.0,0.31,あと3日,https://detail.chiebukuro.yahoo.co.jp/qa/question_detail/q11324886176,2月１日三国競艇12Rの買い目を教えて下さい。,0,0
528,2026/2/1 7:04,アニメ,少年の夢,8時間40分,5,70,14.0,0,13,0.134,7.14,0.02,1.36,不明,https://detail.chiebukuro.yahoo.co.jp/qa/question_detail/q10324886175,わが青春のアルカディアはなぜ失敗したんでしょう 久しぶりに最終回みたら ジャンプの打ち切り漫画でした( ﾟдﾟ) エルガイムやバイファムと同時期くらいですよね,0,0
529,2026/2/1 7:04,自動車,1149827839,8時間40分,2,33,16.5,0,0,0.063,6.06,0.01,0.25,あと3日,https://detail.chiebukuro.yahoo.co.jp/qa/question_detail/q14324886174,ポジションランプをデイライト並みに明るく視認性を良くしたいのですが、何ルーメン、何カンデラのライトを買えば良いでしょうか？,0,0
530,2026/2/1 7:04,アニメ,もっそりうに,8時間40分,0,2,2.0,0,0,0.004,0.0,0.0,0.0,あと3日,https://detail.chiebukuro.yahoo.co.jp/qa/question_detail/q13324886173,とっとこハム太郎のちび丸ちゃんの素顔何話見られますか？教えてくれば幸いです。,0,0
531,2026/2/1 7:04,競馬,ポートピア81,8時間40分,2,46,23.0,0,0,0.088,4.35,0.02,0.28,あと3日,https://detail.chiebukuro.yahoo.co.jp/qa/question_detail/q12324886172,2月1日小倉競馬6Rを予想してください。,0,0
532,2026/2/1 7:04,麻雀,安楽死おばけ,8時間40分,1,46,46.0,0,0,0.088,2.17,0.04,0.18,あと3日,https://detail.chiebukuro.yahoo.co.jp/qa/question_detail/q10324886170,麻雀についての質問です。 画像のようなときの1萬と2萬の切り順が何故1萬からなのかの考え方を教えて欲しいです。 よろしくお願いします。,0,0
533,2026/2/1 7:04,大学受験,b7802e481,8時間40分,3,39,13.0,0,1,0.075,7.69,0.01,0.42,不明,https://detail.chiebukuro.yahoo.co.jp/qa/question_detail/q14324886169,大分大学理工学部志望です。 圧縮で360点/650点でした。共テはa判定です。 プログラムにもよりますが機械工学、知能機械システムだと2次は400点満点中何点いりますか？ 探してもあまり書いてなかった...,0,0
534,2026/2/1 7:04,コミック,ccd99b9d7,8時間41分,0,15,15.0,0,0,0.029,0.0,0.0,0.03,あと3日,https://detail.chiebukuro.yahoo.co.jp/qa/question_detail/q13324886168,4〜6年くらい前にWEBで読んだラブコメ漫画を探しています。 冒頭近くに、小学生時代の回想で女子だけ体育館に集められて先生から「思春期になると体に変化が起きる」みたいな説明シーンがあったはずです（生理...,0,0
535,2026/2/1 7:04,アニメ,1150446559,8時間41分,0,2,2.0,0,0,0.004,0.0,0.0,0.0,あと3日,https://detail.chiebukuro.yahoo.co.jp/qa/question_detail/q12324886167,NARUTOのうずまきナルトとYAIBAのトータス・ヨーロッパが戦ったらどっちが勝ちますか？,0,0
536,2026/2/1 7:03,ご近所の悩み,shi********,8時間42分,4,86,21.5,0,8,0.165,4.65,0.04,1.01,あと3日,https://detail.chiebukuro.yahoo.co.jp/qa/question_detail/q11324886166,後から引っ越してきた建売住宅の人ですが、もうそこに住んでいて、１０年以上経過しています。 それなのに、どうにも町会長を引き受けないので困っています！そもそも、町会長を決める会議にも出てこないのですが、...,0,0
537,2026/2/1 7:03,iPhone,あ,8時間42分,1,29,29.0,0,3,0.056,3.45,0.02,0.32,あと3日,https://detail.chiebukuro.yahoo.co.jp/qa/question_detail/q10324886165,iPhone 13 mini に変わる機種ありますか？ 現在 メイン機種→iPhone 13 mini（赤） サブ機種 → POCO X7 Pro（黒と黄色のツートンカラー） 2台持ちです 在宅ワーク...,0,0
538,2026/2/1 7:03,政治、社会問題,弦なき弓に羽抜け鳥,8時間42分,4,29,7.2,0,9,0.056,13.79,0.0,0.95,あと3日,https://detail.chiebukuro.yahoo.co.jp/qa/question_detail/q13324886163,中道改革連合、略して「中革連」。 あってますよね。,0,0
539,2026/2/1 7:03,競馬,ポートピア81,8時間42分,2,100,50.0,0,0,0.191,2.0,0.1,0.38,あと3日,https://detail.chiebukuro.yahoo.co.jp/qa/question_detail/q12324886162,2月1日小倉競馬5Rを予想してください。,0,0
540,2026/2/1 7:03,男性アイドル,みーみ,8時間42分,0,19,19.0,0,0,0.036,0.0,0.0,0.04,あと3日,https://detail.chiebukuro.yahoo.co.jp/qa/question_detail/q10324886160,ジュニアSTARto FESTIVAL 2026（スタフェス）の1月31日昼公演に参戦したのですが、 関西ジュニアコーナーでなにわ男子のダイヤモンドスマイルの大橋和也くんのパート「プラチナのジェットに...,0,0
541,2026/2/1 7:03,交通事故,44Km44Ko44OP44Op,8時間42分,3,31,10.3,0,0,0.059,9.68,0.01,0.35,あと3日,https://detail.chiebukuro.yahoo.co.jp/qa/question_detail/q13324886158,片側2車線が交わる交差点に、車と自転車（自分）が同時に進入して、左折した車にまっすぐ走っていた自転車が接触したとしました。（下手な絵ですが画像の通り） 主に悪いのはどちらでしょうか。 自転車は車道側を...,0,0
542,2026/2/1 7:03,ボートレース（競艇）,T・Aエジソン,8時間42分,3,12,4.0,0,0,0.023,25.0,0.0,0.31,あと3日,https://detail.chiebukuro.yahoo.co.jp/qa/question_detail/q11324886156,2月１日三国競艇11Rの買い目を教えて下さい。,0,0
543,2026/2/1 7:03,スキー,nos********,8時間42分,1,23,23.0,0,0,0.044,4.35,0.01,0.14,あと3日,https://detail.chiebukuro.yahoo.co.jp/qa/question_detail/q14324886154,古いKAZAMAのスキー板AIRFLOCOMP2SL(エアフロコンプセカンド)について質問です。 当時17万くらいしたという父の持っていた重くて長いこの板を譲ってもらったのですが、こちらの板をお使いに...,0,0
544,2026/2/1 7:02,病気、症状,toy********,8時間43分,0,7,7.0,0,0,0.013,0.0,0.0,0.01,あと3日,https://detail.chiebukuro.yahoo.co.jp/qa/question_detail/q11324886151,唇にできるヘルペスはビタミン不足とも関係あるでしょうか？ 関係あるとすれば、何のビタミンが必要でしょうか、,0,0
545,2026/2/1 7:02,家族関係の悩み,cdmt,8時間43分,1,8,8.0,0,0,0.015,12.5,0.0,0.11,あと3日,https://detail.chiebukuro.yahoo.co.jp/qa/question_detail/q10324886150,スマホがバッキバキに割れていても使えるから、ずっと使っているという人いますか？,0,0
546,2026/2/1 7:02,動画サービス,fei********,8時間43分,1,14,14.0,0,0,0.027,7.14,0.0,0.12,あと3日,https://detail.chiebukuro.yahoo.co.jp/qa/question_detail/q13324886148,U-NEXTで、だいぶ前(2025前半くらい)に無料期間で登録してその後解約、急に今日U-NEXTから8000円ほど引き落としされたんですがこれはなんですか？？？,0,0
547,2026/2/1 7:02,不動産,匿名希望,8時間43分,3,39,13.0,0,1,0.074,7.69,0.01,0.42,不明,https://detail.chiebukuro.yahoo.co.jp/qa/question_detail/q12324886147,ネットでおよその実家売却額を調べれるサイトがありますが、あたりまえですが住所入力が必要です。サイトによっては電話番号とかも。 このようなサイトを使ったことある方に聞きたいのですが、訪問されたり電話かか...,0,0
548,2026/2/1 7:02,デンタルケア,kaz********,8時間43分,0,34,34.0,0,0,0.065,0.0,0.0,0.06,あと3日,https://detail.chiebukuro.yahoo.co.jp/qa/question_detail/q11324886146,歯科の強制についての質問です。子供が中学生の時から初めて7年経っても 終わらず...月1回 歯科に行っていますがたいした治療する事もなく 月日だけが 過ぎています。強制器具のせいで虫歯が出来やすいとは...,0,0
549,2026/2/1 7:02,競馬,ポートピア81,8時間43分,2,17,8.5,0,1,0.032,11.76,0.0,0.28,あと3日,https://detail.chiebukuro.yahoo.co.jp/qa/question_detail/q10324886145,2月1日小倉競馬4Rを予想してください。,0,0
550,2026/2/1 7:02,コンビニ,まんまるちそん,8時間44分,2,12,6.0,0,0,0.023,16.67,0.0,0.21,あと3日,https://detail.chiebukuro.yahoo.co.jp/qa/question_detail/q14324886144,コンビニ払いをしたいんですけどイーコンテクストってデイリーヤマザキもいけますか？,0,0
551,2026/2/1 7:02,アニメ,1150446559,8時間44分,1,3,3.0,0,0,0.006,33.33,0.0,0.1,あと3日,https://detail.chiebukuro.yahoo.co.jp/qa/question_detail/q13324886143,ボボボーボ・ボーボボのボーボボとしゅごキャラ!のバツたまが戦ったらどっちが勝ちますか？,0,0
552,2026/2/1 7:02,音楽,ana********,8時間44分,2,46,23.0,1,0,0.088,4.35,0.02,0.47,あと3日,https://detail.chiebukuro.yahoo.co.jp/qa/question_detail/q10324886140,耳コピで邦楽と洋楽だと比較的どちらが難易度低いですか？自分は圧倒的に邦楽が難しいです。,0,0
553,2026/2/1 7:02,家族関係の悩み,花,8時間44分,8,111,13.9,0,0,0.212,7.21,0.03,0.97,あと3日,https://detail.chiebukuro.yahoo.co.jp/qa/question_detail/q14324886139,旦那さんが車を持っていない方はいますか？都会ではないのでまあまあ不便なのですが、彼が車で事故をしたので恐怖で運転をしたくないそうで。そのまま結婚しても大丈夫なのかと不安でふ。,0,0
554,2026/2/1 7:02,職場の悩み,b17d84228,8時間44分,6,70,11.7,0,0,0.133,8.57,0.02,0.7,あと3日,https://detail.chiebukuro.yahoo.co.jp/qa/question_detail/q13324886138,バイト先に本当に無理な社員がいるのですが、みなさんがどう思うか教えてほしいです。 自分は高校生のアルバイトなのですが、社員に一人、自分のことを過剰に気に入っているというか、無駄に絡んでくる人がいて、そ...,0,0
555,2026/2/1 7:02,K-POP、アジア,ab03ae4f,8時間44分,2,50,25.0,0,0,0.095,4.0,0.02,0.29,あと3日,https://detail.chiebukuro.yahoo.co.jp/qa/question_detail/q11324886136,BOYNEXTDOORのイハンさんについて、正直なところまだ魅力がよく分かっていません。 BOYNEXTDOOR自体は嫌いというわけではなく、むしろ楽曲もよく聴いています。ただ、イハンさんが人気メンバ...,0,0
556,2026/2/1 7:02,バス、タクシー,ooi********,8時間44分,1,27,27.0,0,7,0.051,3.7,0.01,0.55,あと3日,https://detail.chiebukuro.yahoo.co.jp/qa/question_detail/q10324886135,バスの中にバス停留所の案内図（始発から終着までの）がないのはなぜでしょうか？,0,0
557,2026/2/1 7:01,ポケットモンスター,1150446559,8時間45分,0,2,2.0,0,0,0.004,0.0,0.0,0.0,あと3日,https://detail.chiebukuro.yahoo.co.jp/qa/question_detail/q12324886132,ニャッキ!のワルとポケモンのカビゴンが戦ったらどっちが勝ちますか？,0,0
558,2026/2/1 7:01,ボートレース（競艇）,T・Aエジソン,8時間45分,3,6,2.0,0,0,0.011,50.0,0.0,0.3,あと3日,https://detail.chiebukuro.yahoo.co.jp/qa/question_detail/q10324886130,2月１日三国競艇10Rの買い目を教えて下さい。,0,0
559,2026/2/1 7:01,ライブ、コンサート,1252593572,8時間45分,0,8,8.0,0,0,0.015,0.0,0.0,0.02,あと3日,https://detail.chiebukuro.yahoo.co.jp/qa/question_detail/q14324787119,テックトックのライブで海外勢がライブで、ギフトをしたら、ロバックスを、寄付するってやつで、ギフトしたけど、いちよう他の人に送るのを見てたけど、 偽物みたいに増えてなかったからギフトを送ったら寄付しても...,0,0
560,2026/2/1 7:01,ファッション,mpx********,8時間45分,1,18,18.0,0,0,0.034,5.56,0.01,0.13,あと3日,https://detail.chiebukuro.yahoo.co.jp/qa/question_detail/q14324787034,現在札幌で、量産型や地雷系のお洋服を買えるお店ってどこありますか？т т,0,0
561,2026/2/1 7:01,カラオケ,dan********,8時間45分,0,49,49.0,1,0,0.093,0.0,0.0,0.28,あと3日,https://detail.chiebukuro.yahoo.co.jp/qa/question_detail/q14324787079,昔スナックでタイの女性が良くカラオケで歌っていた曲が思い出せなくて困っています タイ人ならば皆んな知っていると思います タイの女性にカラオケを頼むとてもまずこの曲が 歌われます 民族衣装を着て長い爪つ...,0,0
562,2026/2/1 7:01,教養、ドキュメンタリー,私の質問内では逆質問は一切禁止,8時間45分,0,5,5.0,0,0,0.01,0.0,0.0,0.01,あと3日,https://detail.chiebukuro.yahoo.co.jp/qa/question_detail/q14324786839,「NHKアーカイブス」とその関連事業等に関する質問です。 ↓ 以下のサイト内記載の「10個のサイト(補足内も含む)」をそれぞれ全て閲覧して読んだ「感想」を「理由付き」にして教えて下さい。 ▼ ※以下の...,0,0
563,2026/2/1 7:01,病気、症状,cc40378c,8時間45分,0,21,21.0,0,0,0.04,0.0,0.0,0.04,あと3日,https://detail.chiebukuro.yahoo.co.jp/qa/question_detail/q14324786674,最近、夢でほかの夢を見ていたのに急に場面が変わってうがいする夢を見ました。そのときうがいして口から出すときに唾液が出てしまいます。 最近こういうことが結構あって困っているので改善方法とか教えていただき...,0,0
564,2026/2/1 7:01,職場の悩み,1251431708,8時間46分,2,33,16.5,0,1,0.063,6.06,0.01,0.31,あと3日,https://detail.chiebukuro.yahoo.co.jp/qa/question_detail/q14324886129,上司が出勤して仕事するのに代わりに自分が半日だけ出勤してくれと言われ了承したのに、当日になると半日ではなくて丸1日の仕事になってました こんな嘘をつくクソ上司どう思いますか？,0,0
565,2026/2/1 7:01,恋愛相談、人間関係の悩み,lD非公開,8時間46分,0,14,14.0,0,0,0.027,0.0,0.0,0.03,あと3日,https://detail.chiebukuro.yahoo.co.jp/qa/question_detail/q13324787048,アイコンを拾い画から自撮りに変えたら、ネタ切れだったり、マンネリ気味だった男の人から連絡が来たり即レスになったり、何年も喋ってなかった男からもdm来たりするのですが、男の人ってここまで単純ですか？ で...,0,0
566,2026/2/1 7:01,大学受験,1253254808,8時間46分,0,12,12.0,0,0,0.023,0.0,0.0,0.02,あと3日,https://detail.chiebukuro.yahoo.co.jp/qa/question_detail/q13324787008,入試につながる 合格る 数学Ⅲ＋Ｃと合格る計算 数学Ⅲ＋Ｃはどう違いますか？,0,0
567,2026/2/1 7:01,大学受験,1252757360,8時間46分,1,10,10.0,0,0,0.019,10.0,0.0,0.11,あと3日,https://detail.chiebukuro.yahoo.co.jp/qa/question_detail/q13324787098,国語 古文 漢文 以舟称象 赤いところで場面が変わってるんですか？ また、三日後に自首しろって言ったのに沖は先に自分で太祖に噛まれたこと言っちゃったんですか？,0,0
568,2026/2/1 7:01,レディース腕時計、アクセサリー,1151949906,8時間46分,0,13,13.0,0,0,0.025,0.0,0.0,0.02,あと3日,https://detail.chiebukuro.yahoo.co.jp/qa/question_detail/q13324786963,Chrome Heartsのイヤリングのトップはネックレスとして使うことは可能ですか？,0,0
569,2026/2/1 7:01,男性アイドル,mar********,8時間46分,0,34,34.0,0,0,0.065,0.0,0.0,0.06,あと3日,https://detail.chiebukuro.yahoo.co.jp/qa/question_detail/q13324787063,NYLON ネクスト の超特急マサヒロくん、すごく不機嫌でしたよね 何があったのでしょう,0,0
570,2026/2/1 7:01,大学受験,acac7943b,8時間46分,0,113,113.0,0,0,0.215,0.0,0.0,0.21,あと3日,https://detail.chiebukuro.yahoo.co.jp/qa/question_detail/q13324786898,今年の地学オリンピック2次予選について質問です。 合格点予想はいくつですか? 115ぐらいですか？,0,0
571,2026/2/1 7:01,アニメ,私の質問内では逆質問は一切禁止,8時間46分,0,29,29.0,1,0,0.055,0.0,0.0,0.24,あと3日,https://detail.chiebukuro.yahoo.co.jp/qa/question_detail/q13324786888,2026年2月～3月の間に放送予定の「みんなのうた」の「再放送曲」を閲覧した「感想」を「理由付き」にして教えて下さい。 ↓ ※1 以下の方々は回答しないで下さい。 ↓ 「何も思わない方」・「『理由』も...,0,0
572,2026/2/1 7:01,ニコニコ動画,1053159889,8時間46分,0,23,23.0,0,0,0.044,0.0,0.0,0.04,あと3日,https://detail.chiebukuro.yahoo.co.jp/qa/question_detail/q13324786953,ニコニコのゲーム実況者等で加藤純一より凄かった人を教えてください。 面白さとかではなく、知名度とか再生数です。,0,0
573,2026/2/1 7:01,iPhone,cb181f978,8時間46分,0,5,5.0,0,0,0.009,0.0,0.0,0.01,あと3日,https://detail.chiebukuro.yahoo.co.jp/qa/question_detail/q13324786718,Siriにアラームoff、アラーム解除を呼びかけても無視されるときがあるのですが何故でしょうか？ 毎朝たくさんのアラームを設定するので手動で止めるのが面倒臭いです。4年前にも同じような内容の質問があっ...,0,0
574,2026/2/1 7:01,ネイルケア,mik********,8時間46分,0,31,31.0,0,0,0.059,0.0,0.0,0.06,あと3日,https://detail.chiebukuro.yahoo.co.jp/qa/question_detail/q13324786723,指ローラーとハイポの関係について質問です。 ハイポを育てたくて、ネイルオイルを馴染ませたあと 指先をマッサージして指を握ったりしてます。 (添付写真のやり方です) 指でマッサージする時の力加減が分から...,0,0
575,2026/2/1 7:01,男性アイドル,1252456877,8時間46分,0,29,29.0,0,0,0.055,0.0,0.0,0.05,あと3日,https://detail.chiebukuro.yahoo.co.jp/qa/question_detail/q13324786753,取引に理解がある方のみのご回答お願いいたします。 昨年、ACEesのツアー相場はいくらくらいだったでしょうか。QR毎、番手、ランダム、それぞれ教えて貰いたいです。 ジュニア ジャニーズジュニア ACE...,0,0
576,2026/2/1 7:01,菓子、スイーツ,nnn.poyo,8時間46分,0,15,15.0,0,0,0.028,0.0,0.0,0.03,あと3日,https://detail.chiebukuro.yahoo.co.jp/qa/question_detail/q13324786768,ペコちゃんのポップキャンディグレープ味が大好きなのですが、袋にまとめてあるのであまり好きではない味も入っています。グレープ味「だけ」はないのでしょうか？ また、なくても近い味で単品で売っているキャンデ...,0,0
577,2026/2/1 7:01,労働問題,gfh********,8時間46分,1,35,35.0,1,1,0.066,2.86,0.02,0.41,あと3日,https://detail.chiebukuro.yahoo.co.jp/qa/question_detail/q13324886128,アルバイトをクビになった人が嫌がらせで、現在はたらいてるアルバイトをまどわして、もっといいバイト先あるよといったり、クビにした上司の悪口をいったりして、10人くらい辞職においやり、ともに転職した場合、...,0,0
578,2026/2/1 7:01,アニメ、コミック,まさかず@ぽっちゃりこそ至高！,8時間46分,0,10,10.0,0,0,0.019,0.0,0.0,0.02,あと3日,https://detail.chiebukuro.yahoo.co.jp/qa/question_detail/q12324787127,キミとアイドルプリキュア♪ 第３３話 「どすこ～い！アイドルデビュー！？」 ワンチャンス、次のプリキュアはお相撲プリキュアになっていた可能性もあった？ そのための市場調査回？,0,0
579,2026/2/1 7:01,健康、病気、病院,a88973703,8時間47分,0,14,14.0,0,0,0.027,0.0,0.0,0.03,あと3日,https://detail.chiebukuro.yahoo.co.jp/qa/question_detail/q12324786922,7時間以上寝たいんですけど 寝る時間を早くしても途中で起きてしまいます 途中で寝ようとしても寝づらくて 朝の起きるまでに1時間～2時間寝るだけ ってなっちゃいます まぁそもそもいつもは夜遅くまで起きて...,0,0
580,2026/2/1 7:01,ゲーム,charlotte,8時間47分,0,8,8.0,0,0,0.015,0.0,0.0,0.02,あと3日,https://detail.chiebukuro.yahoo.co.jp/qa/question_detail/q12324786807,ぶいすぽキーボードを使用しています。 APEXでチャットを開く際エンターキーを押すのですが、1回しか押してないのに2回押した判定になってるのか開いてすぐ閉じてしまいます。何度か連打したり強打すると直る...,0,0
581,2026/2/1 7:01,アルバイト、フリーター,あ,8時間47分,0,159,159.0,0,0,0.302,0.0,0.0,0.3,あと3日,https://detail.chiebukuro.yahoo.co.jp/qa/question_detail/q12324786957,今度選挙の出口調査のアルバイトをすることになったのですが、どんなお仕事なのですか？ 経験者の方の感想を知りたいです。 どれくらい休憩があるのかも知りたいです！,0,0
582,2026/2/1 7:01,大学受験,1251704846,8時間47分,1,61,61.0,1,0,0.116,1.64,0.07,0.4,不明,https://detail.chiebukuro.yahoo.co.jp/qa/question_detail/q12324786827,信州大学農学部に出願予定です 二次試験で生物を使うのですがセミナーだけでいけますかね？ 基礎問題精巧など買った方がいいのでしょうか,0,0
583,2026/2/1 7:01,大学,1153136946,8時間47分,0,17,17.0,0,0,0.032,0.0,0.0,0.03,あと3日,https://detail.chiebukuro.yahoo.co.jp/qa/question_detail/q12324786822,北九州市立大学を志望している者です。 ピアノ会というサークルはまだありますか？ また、他に文化系で大人数ではないおすすめのサークルがあったら教えて下さい。,0,0
584,2026/2/1 7:01,子育ての悩み,b6d95d234,8時間47分,0,9,9.0,0,0,0.017,0.0,0.0,0.02,あと3日,https://detail.chiebukuro.yahoo.co.jp/qa/question_detail/q12324786712,抱っこ紐 べべスワンをお使いの方に質問です デメリット メリットを教えて下さい,0,0
585,2026/2/1 7:01,ネットバンキング,aaefd7044,8時間47分,2,13,6.5,0,0,0.025,15.38,0.0,0.21,あと3日,https://detail.chiebukuro.yahoo.co.jp/qa/question_detail/q12324786802,手渡しも振り込みと、同じ日の30日なのでしょうか？,0,0
586,2026/2/1 7:01,大学受験,1152033660,8時間47分,0,23,23.0,0,0,0.044,0.0,0.0,0.04,あと3日,https://detail.chiebukuro.yahoo.co.jp/qa/question_detail/q11324786961,日本大学法学部A方式入試の英語の長文中の語句と近い意味の語句を選ぶ問題って皆さんどのくらい解けますか？ 単語のレベルが高すぎて前後の文から予測しないと無理ですよね？ また、受けたことある人は第1問の長...,0,0
587,2026/2/1 7:01,Android,tk1********,8時間47分,1,29,29.0,0,0,0.055,3.45,0.02,0.15,あと3日,https://detail.chiebukuro.yahoo.co.jp/qa/question_detail/q11324786816,Androidのスマホを使ってます。 自動バックアップはオフの方がいいでしょうか？ オンオフの仕方、オンとオフの状態の違いなど知りたいです。,0,0
588,2026/2/1 7:01,小説,まかろに,8時間47分,0,15,15.0,0,0,0.028,0.0,0.0,0.03,あと3日,https://detail.chiebukuro.yahoo.co.jp/qa/question_detail/q11324786851,昔読んだ携帯小説を探しています。 恋愛もので、主人公の男の子の名前が「シン」 ちょっとやんちゃで主人公の女の子に コンビニ前で初めて出会う話だった気がします。 実際に本を持っていたのですが、表紙には ...,0,0
589,2026/2/1 7:01,パソコン,くわとろ,8時間47分,2,54,27.0,0,0,0.102,3.7,0.03,0.29,あと3日,https://detail.chiebukuro.yahoo.co.jp/qa/question_detail/q11324786636,グラボの調子が悪いです。動画編集で毎回再起動になったり、AI生成画像でいつもより時間がかかったりエラーになります。 グラボは4090で、まだ無償延長保障期間中ですが今修理に出してグラボの交換、修理は行...,0,0
590,2026/2/1 7:01,恋愛相談、人間関係の悩み,1051711300,8時間47分,0,6,6.0,0,0,0.011,0.0,0.0,0.01,あと3日,https://detail.chiebukuro.yahoo.co.jp/qa/question_detail/q11324786706,三局会合の相性でなくても結婚して幸せになれますか？ よろしくお願いします,0,0
591,2026/2/1 7:01,ライブ、コンサート,しろくま,8時間47分,0,64,64.0,0,0,0.121,0.0,0.0,0.12,あと3日,https://detail.chiebukuro.yahoo.co.jp/qa/question_detail/q10324787090,コレサワちゃんの初の全国ホールツアー2026に一般で初めて参戦しようと思うのですが、倍率高いでしょうか。 埼玉と東京どちらかにするかどっちも応募するか迷っています。 この中だったらどこが1番倍率が低い...,0,0
592,2026/2/1 7:01,ゲーム,pri********,8時間47分,0,41,41.0,0,0,0.078,0.0,0.0,0.08,あと3日,https://detail.chiebukuro.yahoo.co.jp/qa/question_detail/q10324786835,スマホ版ブループロトコルスターレゾナンスのログイン方法について質問です。 タイトル画面から複数あるgoogleアカウントから選択してログインしようとするとPC版だと選択できるのですがスマホだと選択でき...,0,0
593,2026/2/1 7:01,メンズ全般,ajl********,8時間47分,0,28,28.0,0,0,0.053,0.0,0.0,0.05,あと3日,https://detail.chiebukuro.yahoo.co.jp/qa/question_detail/q10324786850,先日NIKE×STUSSYのジップパーカーを購入したのですが、こちらは本物で間違いないでしょうか。有識者の方教えていただきたいです。,0,0
594,2026/2/1 7:01,冷蔵庫、キッチン家電,家電一般人,8時間47分,1,13,13.0,0,0,0.025,7.69,0.0,0.12,あと3日,https://detail.chiebukuro.yahoo.co.jp/qa/question_detail/q10324786920,パナソニック NR-F539HPXの冷蔵室の最上段の温度について 冷蔵室の最上段にBluetoothログ温度計を設置して測定すると5-9度辺りを30分単位で上下しております。これは正常な温度制御でしょ...,0,0
595,2026/2/1 7:01,ドラマ,mei********,8時間48分,0,27,27.0,0,0,0.051,0.0,0.0,0.05,あと3日,https://detail.chiebukuro.yahoo.co.jp/qa/question_detail/q10324786975,冬のなんかさ、春のなんかねのドラマに望蘭ちゃん出てなかった？喫茶店のシーンで、杉咲花ちゃんの後ろの席で何か食べてる。だいぶぼかしてるけど、もー望蘭ちゃんにしか見えない。,0,0
596,2026/2/1 7:01,絵画,bbfa83098,8時間48分,2,22,11.0,0,3,0.042,9.09,0.0,0.4,あと3日,https://detail.chiebukuro.yahoo.co.jp/qa/question_detail/q10324786960,色紙にイラストを描いてる方に質問です。 色紙24cm×27cmをスキャンしてデータ化する際、 どのようなスキャナーを皆さんお使いですか？,0,0
597,2026/2/1 7:01,政治、社会問題,b7ac58079,8時間48分,0,6,6.0,0,0,0.011,0.0,0.0,0.01,あと3日,https://detail.chiebukuro.yahoo.co.jp/qa/question_detail/q10324787065,今年の明治全学部の政経の問題はどんな時事問題、範囲が出ると思いますか？ 注目ポイントおしえてほしいです！,0,0
598,2026/2/1 7:01,レディースシューズ,lD非公開,8時間48分,1,33,33.0,0,0,0.062,3.03,0.02,0.16,あと3日,https://detail.chiebukuro.yahoo.co.jp/qa/question_detail/q10324786755,セレクトショップとかではなく、ちゃんとブランドが出してる8-10cmくらいの厚底ブーツを教えて下さい。 ロングかショートかはどちらでもいいです。 EMODAのは履き心地がいいのですが、少しヒールが高す...,0,0
599,2026/2/1 7:01,ファッション,b3c252bbf,8時間48分,0,12,12.0,0,0,0.023,0.0,0.0,0.02,あと3日,https://detail.chiebukuro.yahoo.co.jp/qa/question_detail/q10324786640,昭和レトロな服が売っている通販アプリはありますか？店舗でも教えていただきたいです。,0,0
600,2026/2/1 7:01,病気、症状,._. b,8時間48分,0,26,26.0,0,0,0.049,0.0,0.0,0.05,あと3日,https://detail.chiebukuro.yahoo.co.jp/qa/question_detail/q10324786680,(おにぎりの絵文字)障害←これの読み方を教えて欲しいです 摂食障害？脱毛症？何を表してるんでしょうか,0,0
601,2026/2/1 7:01,外国為替、FX,1150195022,8時間48分,2,50,25.0,0,0,0.095,4.0,0.02,0.28,あと3日,https://detail.chiebukuro.yahoo.co.jp/qa/question_detail/q10324786775,日経平均、ビットコインを100万ずつ買った場合10年後どのくらいまで上がると思いますか？,0,0
602,2026/2/1 7:01,アニメ,1150446559,8時間48分,0,4,4.0,0,0,0.008,0.0,0.0,0.01,あと3日,https://detail.chiebukuro.yahoo.co.jp/qa/question_detail/q11324886126,ぜんまいざむらいとニャッキ!のワルが戦ったらどっちが勝ちますか？,0,0
603,2026/2/1 7:01,Yahoo!知恵袋,それでも街は廻っている,8時間48分,1,18,18.0,0,1,0.034,5.56,0.01,0.19,あと3日,https://detail.chiebukuro.yahoo.co.jp/qa/question_detail/q10324886125,Yahoo知恵袋 いつからか、ほとんどトップページは解決済ばかり、確かに閲覧数が多い質問は同じ質問をしようとしていた人にはたすかります。 しかし、逆に、質問を見て答えて欲しい人にはとても厳しい。それに...,0,0
604,2026/2/1 7:01,政治、社会問題,1170597,8時間48分,7,39,5.6,1,2,0.074,17.95,0.0,1.04,あと3日,https://detail.chiebukuro.yahoo.co.jp/qa/question_detail/q13324886123,政治、選挙についてなんですが 自分は最近まで選挙にも行かず政治に無関心だったのですが最近選挙行くようになりニュースなどで流れる演説だったり討論も見るようになったのですがなんで演説だったり討論なのに野党...,0,0
605,2026/2/1 7:00,芸能人,1251551564,8時間49分,0,10,10.0,0,0,0.019,0.0,0.0,0.02,あと3日,https://detail.chiebukuro.yahoo.co.jp/qa/question_detail/q12324886122,バイトな女子というアプリの広告に出てくるこの左側の女の子は誰ですか？,0,0
606,2026/2/1 7:00,洋楽,きーぼ,8時間49分,1,37,37.0,0,0,0.07,2.7,0.03,0.16,あと3日,https://detail.chiebukuro.yahoo.co.jp/qa/question_detail/q11324886121,ずっと昔に聞いた洋楽が思い出せません。 探しても見つからないのでお力をお貸しください ジャンルはエモ、スクリーモ、ポストハードコアとかその辺だったと思います。15年前くらいにニコ動にあった洋楽まとめの...,0,0
607,2026/2/1 7:00,恋愛相談、人間関係の悩み,ずんどこべろんちょ,8時間49分,1,38,38.0,0,0,0.072,2.63,0.03,0.17,あと3日,https://detail.chiebukuro.yahoo.co.jp/qa/question_detail/q10324886120,バツイチ子持ち（中高生2人）の方と結婚された同僚がいます。もう半年以上会社に来ていません。どうやら奥さんが会社へ行くなと言うらしい。当人が来る気があるので会社の籍は一応あるみたい。 どう思いますか？,0,0
608,2026/2/1 7:00,病気、症状,cca6468a2,8時間49分,0,1,1.0,0,0,0.002,0.0,0.0,0.0,あと3日,https://detail.chiebukuro.yahoo.co.jp/qa/question_detail/q14324886119,中学の頃に第五腰椎分離滑り症と言われました。それって滑り症用のベットなり、マットってありませんか？今は無印のベットを使っているのですが、朝起きると腰が痛いので体にあったマットレスが欲しいです。,0,0
609,2026/2/1 7:00,競馬,ポートピア81,8時間49分,2,17,8.5,0,0,0.032,11.76,0.0,0.22,あと3日,https://detail.chiebukuro.yahoo.co.jp/qa/question_detail/q13324886118,2月1日小倉競馬3Rを予想してください。,0,0
610,2026/2/1 7:00,妊娠、出産,砂糖,8時間49分,0,9,9.0,0,0,0.017,0.0,0.0,0.02,あと3日,https://detail.chiebukuro.yahoo.co.jp/qa/question_detail/q12324886117,高温期になってますか？今日測ったら36.69℃でした。,0,0
611,2026/2/1 7:00,レディース全般,1253167559,8時間49分,0,6,6.0,0,0,0.011,0.0,0.0,0.01,あと3日,https://detail.chiebukuro.yahoo.co.jp/qa/question_detail/q11324886116,このサブリナみたいな巻き方ってなんて言いますか❓,0,0
612,2026/2/1 7:00,職場の悩み,b8313b584,8時間50分,2,30,15.0,0,0,0.057,6.67,0.01,0.24,あと3日,https://detail.chiebukuro.yahoo.co.jp/qa/question_detail/q10324886115,バイトをしている人に質問です。 私は某ハンバーガーショップで働いていますが、本当に辞めたくなる出来事がありました。 店に親子が来店されたのですが、席を取る前に注文し、商品を持ったまま席を探していました...,0,0
613,2026/2/1 7:00,Instagram,ゆりり,8時間50分,1,39,39.0,0,0,0.074,2.56,0.03,0.17,あと3日,https://detail.chiebukuro.yahoo.co.jp/qa/question_detail/q14324886114,至急です。 インスタでしか繋がってない友達がいて、最近毎日のように話していたのですが、急に返信が来なくなっておかしいなって思っていたら、プロフィールを見たらこのようになっていましたりこれはアカウントが...,0,0
614,2026/2/1 7:00,病気、症状,a50967299,8時間50分,1,24,24.0,0,1,0.045,4.17,0.01,0.2,不明,https://detail.chiebukuro.yahoo.co.jp/qa/question_detail/q13324886113,足の指に昨日なかったホクロが急にできています悪性かとても心配なのですが大丈夫でしょうか,0,0
615,2026/2/1 7:00,ポケットモンスター,1150446559,8時間50分,1,9,9.0,0,0,0.017,11.11,0.0,0.11,あと3日,https://detail.chiebukuro.yahoo.co.jp/qa/question_detail/q12324886112,ポケモンでカスミとタロが対戦したらどっちが勝ちますか？,0,0
616,2026/2/1 7:00,家族関係の悩み,知恵袋,8時間50分,6,50,8.3,0,0,0.094,12.0,0.01,0.66,不明,https://detail.chiebukuro.yahoo.co.jp/qa/question_detail/q10324886110,歳をとるのはあっとゆうまですよね,0,0
617,2026/2/1 7:00,大学受験,1150204107,8時間50分,1,25,25.0,0,1,0.047,4.0,0.01,0.2,あと3日,https://detail.chiebukuro.yahoo.co.jp/qa/question_detail/q14324886109,漢文早覚え速答法って、ほぼ初学者みたいな人が最初にやる漢文の参考書としては難しいですか？もし難しい場合代わりに最初にやるべき参考書も教えて頂きたいです。漢文は共テのみ使います。,0,0
618,2026/2/1 7:00,運転免許,1051902355,8時間50分,5,54,10.8,0,5,0.102,9.26,0.01,0.85,あと3日,https://detail.chiebukuro.yahoo.co.jp/qa/question_detail/q13324886108,教習所で可愛い子がいて、仲良くなりたいのですが、会えるタイミングが三週間後の学科試験のタイミングしかありません。 SNSくらい交換したいと思っているのですが、どうしたらいいでしょうか…,0,0
619,2026/2/1 7:00,株と経済,cha********,8時間50分,4,113,28.2,0,0,0.213,3.54,0.06,0.59,あと3日,https://detail.chiebukuro.yahoo.co.jp/qa/question_detail/q11324886106,都心 子育て 収入。 年末に第一子を出産しました。 39歳初産、収入や年齢的にも子供はひとりです。 39歳 時短前年収600万 非上場メーカー秘書 夫 52歳 都心総合病院外科医 年収1500万強 築...,0,0
620,2026/2/1 6:59,コミック,nor********,8時間51分,1,26,26.0,0,1,0.049,3.85,0.01,0.2,あと3日,https://detail.chiebukuro.yahoo.co.jp/qa/question_detail/q14324886104,画像は、1985年に週刊少年チャンピオンに六話だけ連載された、菊地秀行原作、細馬信一作画「黙示録戦士」第一話からの抜粋です。このマンガ、知ってる人いますか？,0,0
621,2026/2/1 6:59,アニメ,じぐざぐ,8時間51分,1,5,5.0,0,0,0.009,20.0,0.0,0.1,あと3日,https://detail.chiebukuro.yahoo.co.jp/qa/question_detail/q10324886105,「そしてこのエンディングである」で思いつくアニメといえば？,0,0
622,2026/2/1 6:59,ポケットモンスター,1150446559,8時間51分,3,6,2.0,0,0,0.011,50.0,0.0,0.29,あと3日,https://detail.chiebukuro.yahoo.co.jp/qa/question_detail/q13324886103,ポケモンでホウエン四天王のカゲツ(あくタイプの使い手)とブルベリーグ四天王のタロ(フェアリータイプの使い手)が対戦したらどっちが勝ちますか？,0,0
623,2026/2/1 6:59,政治、社会問題,kir********,8時間51分,3,40,13.3,0,0,0.075,7.5,0.01,0.36,あと3日,https://detail.chiebukuro.yahoo.co.jp/qa/question_detail/q12324886102,中道改革連合の衆議院選挙における 食料品の消費税を恒久的にゼロにする公約ですが ①自民党でさえ、2年間ゼロというというなら、恒久的ゼロは夢物語ではない？ ②野田共同代表は、自身が総理大臣のときに5%か...,0,0
624,2026/2/1 6:59,iPhone,1250379725,8時間51分,0,23,23.0,0,0,0.043,0.0,0.0,0.04,あと3日,https://detail.chiebukuro.yahoo.co.jp/qa/question_detail/q11324886101,iPhoneのアップデートについて ios26.2.1に朝起きたらアップデートされていたのですが、何かを共有するかしないかを、寝ぼけて間違えて共有するを押してしまい、「さあはじめよう」の画面に進んでし...,0,0
625,2026/2/1 6:59,飲食店,b6e3c5778,8時間51分,1,11,11.0,0,0,0.021,9.09,0.0,0.11,あと3日,https://detail.chiebukuro.yahoo.co.jp/qa/question_detail/q10324886100,寿司屋の大将が若いと高級寿司より回転寿司の方がうまいと言う子が多いと聞きました。実際自分の子も同じように言っていたと。 これって本当なんでしょうか？なんか過去の知恵袋をみたら全く同じような意見がありま...,0,0
626,2026/2/1 6:59,政治、社会問題,Radiguet（ラディゲ）,8時間51分,1,14,14.0,0,0,0.026,7.14,0.0,0.12,あと3日,https://detail.chiebukuro.yahoo.co.jp/qa/question_detail/q14324886099,ムガル帝国が長続きしたのは「寛容」だったから？アクバルとアウラングゼーブの差について。 ムガル帝国の第3代皇帝アクバルが、ヒンドゥー教徒へのジズヤ（人頭税）を廃止するなど、融和政策をとったことは有名で...,0,0
627,2026/2/1 6:59,恋愛相談、人間関係の悩み,1150042122,8時間51分,2,30,15.0,0,0,0.056,6.67,0.01,0.24,あと3日,https://detail.chiebukuro.yahoo.co.jp/qa/question_detail/q13324886098,失恋をしました。22歳の大学生です。 先日、2か月間付き合っていた彼女の二股が発覚し、別れることになりました。 彼女には元彼がいて、関係が完全に切れておらず、定期的に会っていたそうです。 また、彼女は...,0,0
628,2026/2/1 6:59,競馬,ポートピア81,8時間52分,2,12,6.0,0,0,0.023,16.67,0.0,0.21,あと3日,https://detail.chiebukuro.yahoo.co.jp/qa/question_detail/q11324886096,2月1日小倉競馬2Rを予想してください。,0,0
630,2026/2/1 6:59,ニュース、事件,c95174b44,8時間52分,0,9,9.0,0,0,0.017,0.0,0.0,0.02,あと3日,https://detail.chiebukuro.yahoo.co.jp/qa/question_detail/q10324886095,なんかニュースで人が死んで「涙が出ました」とか【悲しいです」って言ってる人いますけど、絶対嘘でしょと思うのは僕だけですか？ 赤の他人が亡くなって涙が出るとか悲しくなることあります？,0,0
631,2026/2/1 6:59,ライブ、コンサート,非公開,8時間52分,1,19,19.0,0,0,0.036,5.26,0.01,0.13,あと3日,https://detail.chiebukuro.yahoo.co.jp/qa/question_detail/q14324886094,eplusでとあるコンサートに申し込みします。 ですが、上の方に「プレオーダー受付(抽選•後払)との記載があります。 これは具体的にどう言う意味なのでしょうか？ プレオーダー受付自体もあまりよく分かっ...,0,0
632,2026/2/1 6:59,政治、社会問題,b42f44973,8時間52分,1,24,24.0,0,0,0.045,4.17,0.01,0.14,不明,https://detail.chiebukuro.yahoo.co.jp/qa/question_detail/q11324886091,トドによる漁業被害１０億円 トドは食用になるのですか？,0,0
633,2026/2/1 6:58,ネコ,af6a4daa8,8時間53分,0,3,3.0,0,0,0.006,0.0,0.0,0.01,あと3日,https://detail.chiebukuro.yahoo.co.jp/qa/question_detail/q14324886089,ネコ球児猫バッターなどでウルトラメェメェって倒せないんですか？,0,0
634,2026/2/1 6:58,資産運用、投資信託、NISA,fjd********,8時間53分,2,31,15.5,0,0,0.058,6.45,0.01,0.25,あと3日,https://detail.chiebukuro.yahoo.co.jp/qa/question_detail/q13324886088,nisa成長投資枠でTQQQは買えますか？ 友人の楽天証券口座では一見買えそうなUIでした。ですが、私のSBI証券では買えなさそうに見えます。レバレッジ商品は買えない認識でした。お詳しい方いますか？,0,0
635,2026/2/1 6:58,恋愛相談、人間関係の悩み,1150042122,8時間53分,1,33,33.0,1,0,0.062,3.03,0.02,0.34,あと3日,https://detail.chiebukuro.yahoo.co.jp/qa/question_detail/q11324886086,失恋をしました。22歳の大学生です。 先日、2か月間付き合っていた彼女の二股が発覚し、別れることになりました。 彼女には元彼がいて、関係が完全に切れておらず、定期的に会っていたそうです。 また、彼女は...,0,0
636,2026/2/1 6:58,物理学,非公開,8時間53分,0,7,7.0,0,0,0.013,0.0,0.0,0.01,あと3日,https://detail.chiebukuro.yahoo.co.jp/qa/question_detail/q10324886085,高2共通テスト模試の物理の範囲に円運動や万有引力ははいるのでしょうか,0,0
637,2026/2/1 6:58,トレーニング,grock731,8時間53分,8,45,5.6,0,11,0.084,17.78,0.0,1.45,あと3日,https://detail.chiebukuro.yahoo.co.jp/qa/question_detail/q14324886084,筋トレだけしてるやつが格闘技弱いのは 見せかけの筋肉だからですよね,0,0
638,2026/2/1 6:58,ボートレース（競艇）,T・Aエジソン,8時間53分,3,5,1.7,0,0,0.009,60.0,0.0,0.29,あと3日,https://detail.chiebukuro.yahoo.co.jp/qa/question_detail/q13324886083,2月１日三国競艇9Rの買い目を教えて下さい。,0,0
639,2026/2/1 6:58,政治、社会問題,Radiguet（ラディゲ）,8時間53分,2,34,17.0,1,0,0.064,5.88,0.01,0.44,あと3日,https://detail.chiebukuro.yahoo.co.jp/qa/question_detail/q11324886081,あんなに栄えた仏教が、なぜ本国インドではヒンドゥー教に吸収される形で衰退したのでしょうか？ インド史を勉強していて、アショーカ王やカニシカ王の頃にはあれほど隆盛を極めた仏教が、中世以降のインドで急速に...,0,0
640,2026/2/1 6:58,家族関係の悩み,まりーごーるど,8時間53分,8,68,8.5,0,1,0.127,11.76,0.01,0.93,あと3日,https://detail.chiebukuro.yahoo.co.jp/qa/question_detail/q10324886080,結婚前は子供がほしいと 言ってた彼が結婚後、子供ほしくないって 気持ちが変わったら、どうしたらいいですか？ 一生、子なしで夫に合わせて生きていかなきゃ いけないですか？ お見合い結婚なので、恋愛感情な...,0,0
642,2026/2/1 6:58,Windows 10,jas********,8時間53分,0,10,10.0,0,0,0.019,0.0,0.0,0.02,あと3日,https://detail.chiebukuro.yahoo.co.jp/qa/question_detail/q11324886076,GameSir Nova（liteなどではない無印の2024年発売）を買って、 Windows10のパソコンでBluetooth接続したいんですが、レビューであんまり良くない感じの書き込みがあった気が...,0,0
643,2026/2/1 6:57,競馬,ポートピア81,8時間55分,2,30,15.0,0,0,0.056,6.67,0.01,0.24,あと3日,https://detail.chiebukuro.yahoo.co.jp/qa/question_detail/q10324886075,2月1日小倉競馬１Rを予想してください。,0,0
644,2026/2/1 6:57,ドラマ,lD非公開,8時間55分,5,37,7.4,0,3,0.069,13.51,0.01,0.7,あと3日,https://detail.chiebukuro.yahoo.co.jp/qa/question_detail/q14324886074,NHK ドラマ 時代劇 あきない世伝 金と銀2 #7 で 女性の着物を着た男性が 頭のてっぺんに布を付けていましたが あれは何ですか？ 何かを隠していたのですか？ 当時のファッションですか？ . スト...,0,0
645,2026/2/1 6:57,運転免許,1150125521,8時間55分,2,16,8.0,0,0,0.03,12.5,0.0,0.22,あと3日,https://detail.chiebukuro.yahoo.co.jp/qa/question_detail/q13324886073,これから大和自動車学校でAT車の教習所を受けるのですが、(これからカートレーナー)何か気をつけた方がいい所等ありますか？縦列等 教えて下さると助かります,0,0
646,2026/2/1 6:57,政治、社会問題,tos********,8時間55分,1,14,14.0,0,0,0.026,7.14,0.0,0.12,あと3日,https://detail.chiebukuro.yahoo.co.jp/qa/question_detail/q11324886071,Youtubeの広告で首相が、 『守るだけではいけません！』 って言ってました。 -- 犯罪しても問題ないってことでしょうか？,0,0
647,2026/2/1 6:57,恋愛相談、人間関係の悩み,uws********,8時間55分,1,35,35.0,0,0,0.065,2.86,0.02,0.16,あと3日,https://detail.chiebukuro.yahoo.co.jp/qa/question_detail/q12324886072,皆さんが彼氏と別れようと思う基準はなんですか？ 私は現在付き合って6年になる彼氏がいます。 彼氏との連絡は必要最低限で飲みの連絡すらしません。 女の子がいる飲みは連絡して欲しいとお願いしていましたが、...,0,0
648,2026/2/1 6:57,ポケットモンスター,1150446559,8時間55分,3,6,2.0,0,0,0.011,50.0,0.0,0.29,あと3日,https://detail.chiebukuro.yahoo.co.jp/qa/question_detail/q14324886069,ポケモンでホウエン四天王のゲンジ(ドラゴンタイプの使い手)とシンオウジムリーダーのナタネ(くさタイプの使い手)が対戦したらどっちが勝ちますか？,0,0
649,2026/2/1 6:57,プロレス,unc********,8時間55分,0,2,2.0,0,0,0.004,0.0,0.0,0.0,あと3日,https://detail.chiebukuro.yahoo.co.jp/qa/question_detail/q13324886068,Yuto-Iceと、マサ北宮、ぶつかったら面白いんじゃないでしょうかあ？,0,0
650,2026/2/1 6:57,恋愛相談、人間関係の悩み,非公開,8時間55分,1,8,8.0,0,0,0.015,12.5,0.0,0.11,あと3日,https://detail.chiebukuro.yahoo.co.jp/qa/question_detail/q12324886067,大学生の男性でもバレンタインチョコは欲しいと思うものですか？？ 今気になる人がいて、お互い大学1年なのですがチョコを渡すべきか分かりません。今のところ友達以上恋人未満みたいな関係です…というかチョコ渡...,0,0
651,2026/2/1 6:57,吹奏楽,[ ],8時間55分,2,21,10.5,0,0,0.039,9.52,0.0,0.23,あと3日,https://detail.chiebukuro.yahoo.co.jp/qa/question_detail/q11324886066,大至急です 今日本番なのに、喉が痛くいつも通りに吹けるか分かりません。バリサクを吹いていて体調が万全ではないのに本番に出るのはなしですよね 悪化しても悪い音で吹くのも迷惑かかるだけなのでこれは休んだ方...,0,0
652,2026/2/1 6:56,政治、社会問題,Radiguet（ラディゲ）,8時間56分,3,14,4.7,0,3,0.026,21.43,0.0,0.47,あと3日,https://detail.chiebukuro.yahoo.co.jp/qa/question_detail/q10324886065,「カノッサの屈辱」から「アナーニ事件」まで、教皇の権威はなぜこれほど急激に失墜したのでしょうか？ 中世ヨーロッパにおける教皇と皇帝（国王）の権力争いについて質問です。11世紀の「カノッサの屈辱」では皇...,0,0
653,2026/2/1 6:56,鉄道、列車、駅,ony********,8時間56分,7,87,12.4,0,1,0.162,8.05,0.02,0.87,不明,https://detail.chiebukuro.yahoo.co.jp/qa/question_detail/q13324886063,新幹線の指定席の荷物スペースって、最後尾の席を予約した人が使えるっていう認識で合ってますか？ 先日新潟行きの指定席に乗った時最後尾の席を予約したのですが他の人の荷物がいっぱいで置けませんでした。 隣の...,0,0
654,2026/2/1 6:56,タブレット端末,みかちゃん,8時間56分,0,8,8.0,0,0,0.015,0.0,0.0,0.01,あと3日,https://detail.chiebukuro.yahoo.co.jp/qa/question_detail/q12324886062,Googleのデバイスの追加のやり方を教えてください タブレット買い換えをしたのですが Googleが切り替えられず困っています。 いろいろよくわからず、分かりやすくお願い致します。,0,0
655,2026/2/1 6:56,大学受験,匿名,8時間56分,2,62,31.0,0,16,0.115,3.23,0.04,1.19,あと3日,https://detail.chiebukuro.yahoo.co.jp/qa/question_detail/q11324886061,九州地方の大学の難易度ランキングを教えてください。,0,0
656,2026/2/1 6:56,バラエティ、お笑い,kea********,8時間56分,0,14,14.0,0,0,0.026,0.0,0.0,0.03,あと3日,https://detail.chiebukuro.yahoo.co.jp/qa/question_detail/q10324886060,昨夜の相葉くんと吉村さんがMCのモノマネ番組で、女性群の団体で広瀬香美のマネをしてピアノを弾いていたのはミラクルひかるさんでしたか？ あまり顔のアップが無くて、多分そうだと思うのですが教えて下さい ピ...,0,0
657,2026/2/1 6:56,携帯型ゲーム全般,あ,8時間56分,2,16,8.0,0,0,0.03,12.5,0.0,0.22,あと3日,https://detail.chiebukuro.yahoo.co.jp/qa/question_detail/q14324886059,プロスピaリーグ勢です。 24Siri1セレクション大瀬良(球制同値A)持ってるのですが、25Siri2大瀬良(スタミナ型)が当たりました。 乗り換えるべきだと思いますか？ 同値を考えてもスピリッツ3...,0,0
658,2026/2/1 6:56,政治、社会問題,Radiguet（ラディゲ）,8時間57分,1,18,18.0,0,5,0.034,5.56,0.01,0.41,あと3日,https://detail.chiebukuro.yahoo.co.jp/qa/question_detail/q12324886057,中世ヨーロッパの「都市の空気は自由にする」という言葉、実際にはどれほど過酷な自由だったのでしょうか？ 中世の封建社会において、農奴が荘園から逃げ出し、都市で一年と一日過ごせば自由の身になれるという話を...,0,0
659,2026/2/1 6:56,iPhone,1151694816,8時間57分,2,38,19.0,0,0,0.071,5.26,0.01,0.26,あと3日,https://detail.chiebukuro.yahoo.co.jp/qa/question_detail/q11324886056,今iPhoneを買おうとしてますが、iPhone14proとiPhone15proのどちらかにしようと思います。 違いがしりたいです。主にカメラメインで使いたいです。その場合128ギガでも大丈夫ですか...,0,0
660,2026/2/1 6:56,ボートレース（競艇）,T・Aエジソン,8時間57分,3,5,1.7,0,0,0.009,60.0,0.0,0.29,あと3日,https://detail.chiebukuro.yahoo.co.jp/qa/question_detail/q10324886055,2月１日三国競艇8Rの買い目を教えて下さい。,0,0
661,2026/2/1 6:56,ゲーム,aka********,8時間57分,0,4,4.0,0,0,0.007,0.0,0.0,0.01,あと3日,https://detail.chiebukuro.yahoo.co.jp/qa/question_detail/q14324886054,VRCのアバター改変でのunityについて質問です。 テクスチャーを光らせたいのですが、どの様にすれば良いか分かりません。発光設定の所かと思うのですが、よく分かりません。 知りりたいこと ➀テクスチャ...,0,0
662,2026/2/1 6:56,アニメ,1150446559,8時間57分,0,2,2.0,0,0,0.004,0.0,0.0,0.0,あと3日,https://detail.chiebukuro.yahoo.co.jp/qa/question_detail/q12324886052,FAIRY TAILのナツ・ドラグニルとおとぎ銃士 赤ずきんの赤ずきんが戦ったらどっちが強いでしょうか？,0,0
663,2026/2/1 6:55,住宅,cbl********,8時間58分,5,38,7.6,0,4,0.071,13.16,0.01,0.76,あと3日,https://detail.chiebukuro.yahoo.co.jp/qa/question_detail/q11324886051,プロパンガスのアパートなのですが、お湯になるまで時間がかかるし、出てもしばらくしたらすぐに水になります。 またしばらくしたらお湯に戻るのですが、それの繰り返しでかなりストレスです。 ただでさえ寒いキッ...,0,0
664,2026/2/1 6:55,法律相談,aki********,8時間58分,1,22,22.0,0,0,0.041,4.55,0.01,0.13,不明,https://detail.chiebukuro.yahoo.co.jp/qa/question_detail/q14324886049,私はまとめて強盗罪1罪として4番だと思ったのですが、これは1と4のどちらでしょうか？,0,0
665,2026/2/1 6:55,政治、社会問題,Radiguet（ラディゲ）,8時間58分,0,3,3.0,0,0,0.006,0.0,0.0,0.01,あと3日,https://detail.chiebukuro.yahoo.co.jp/qa/question_detail/q13324886048,イル・ハン国において、モンゴル人の支配層はなぜあれほど急速にイスラーム化したのでしょうか？ チンギス・ハンの孫フラグがイランに建てた「イル・ハン国」についてです。当初はバグダードを破壊するなどイスラー...,0,0
666,2026/2/1 6:55,アニメ,1150446559,8時間58分,0,1,1.0,0,0,0.002,0.0,0.0,0.0,あと3日,https://detail.chiebukuro.yahoo.co.jp/qa/question_detail/q12324886047,キン肉マンとフレッシュプリキュア!のナケワメーケが戦ったらどっちが勝ちますか？,0,0
667,2026/2/1 6:55,予備校、進学塾,非公開,8時間58分,0,24,24.0,0,0,0.045,0.0,0.0,0.04,あと3日,https://detail.chiebukuro.yahoo.co.jp/qa/question_detail/q11324886046,Q(x)を2次式とする。整式P(x)はQ(x)で割り切れないが、{P(x)}^2はQ(x)で割り切れるという。このとき、2次方程式Q(x)=0は重解をもつことを示せ。（京大） この数学問題は、京大の中...,0,0
668,2026/2/1 6:55,恋愛相談、人間関係の悩み,tok********,8時間58分,3,32,10.7,0,0,0.059,9.38,0.01,0.34,あと3日,https://detail.chiebukuro.yahoo.co.jp/qa/question_detail/q10324886045,何故女性は感情に任せて好き勝手な振る舞いをした後、謝罪も説明もないまま今まで通りに接してこようとするんですか？,0,0
669,2026/2/1 6:55,ボートレース（競艇）,T・Aエジソン,8時間58分,3,6,2.0,0,0,0.011,50.0,0.0,0.29,あと3日,https://detail.chiebukuro.yahoo.co.jp/qa/question_detail/q14324886044,2月１日三国競艇7Rの買い目を教えて下さい。,0,0
670,2026/2/1 6:55,事件、事故,odo********,8時間58分,4,27,6.8,0,0,0.05,14.81,0.0,0.42,あと3日,https://detail.chiebukuro.yahoo.co.jp/qa/question_detail/q13324886043,日本の場合、死刑執行が行われた場合必ず報道がありますか？,0,0
671,2026/2/1 6:54,高校,匿名,8時間59分,2,108,54.0,0,6,0.2,1.85,0.11,0.72,あと3日,https://detail.chiebukuro.yahoo.co.jp/qa/question_detail/q12324886042,新潟市内在住の方にお聞きしたいです。新潟第一高校のイメージってどんな感じですか？中越地方に住んでいるので、まったく情報が入ってきません。何でもいいので教えてください。,0,0
672,2026/2/1 6:54,政治、社会問題,Radiguet（ラディゲ）,8時間59分,0,2,2.0,0,0,0.004,0.0,0.0,0.0,あと3日,https://detail.chiebukuro.yahoo.co.jp/qa/question_detail/q14324886039,モンゴル帝国の分裂と崩壊は、世界の「経済ネットワーク」をどれほど停滞させたのでしょうか？ モンゴル帝国時代、ジャムチ（駅伝制）によって東西の往来がかつてないほど活発になった「パクス・モンゴリカ（モンゴ...,0,0
673,2026/2/1 6:54,株式,1151782674,9時間0分,2,19,9.5,0,0,0.035,10.53,0.0,0.22,あと3日,https://detail.chiebukuro.yahoo.co.jp/qa/question_detail/q10324886040,2026年に入ってから山善の株価はなぜ低迷しているのですか？,0,0
674,2026/2/1 6:54,政治、社会問題,りりこ三世,9時間0分,1,15,15.0,0,0,0.028,6.67,0.0,0.12,あと3日,https://detail.chiebukuro.yahoo.co.jp/qa/question_detail/q13324886038,高市早苗総理の連日の街頭演説が盛り上がっていますが、小選挙区であれば票に直結するとも思えないのですが、どうですか、、、？ 野次馬や物珍しさで集まっているのでしょうか？,0,0
675,2026/2/1 6:54,ポケットモンスター,1150446559,9時間0分,0,2,2.0,0,0,0.004,0.0,0.0,0.0,あと3日,https://detail.chiebukuro.yahoo.co.jp/qa/question_detail/q12324886037,ニャッキ!のワルとポケモンのマグカルゴが戦ったらどっちが勝ちますか？,0,0
676,2026/2/1 6:54,ボートレース（競艇）,T・Aエジソン,9時間0分,3,6,2.0,0,0,0.011,50.0,0.0,0.29,あと3日,https://detail.chiebukuro.yahoo.co.jp/qa/question_detail/q11324886036,2月１日三国競艇6Rの買い目を教えて下さい。,0,0
677,2026/2/1 6:54,ドラマ,fuy********,9時間0分,0,10,10.0,0,0,0.019,0.0,0.0,0.02,あと3日,https://detail.chiebukuro.yahoo.co.jp/qa/question_detail/q10324886035,今新作の映画も上映されるようで、ドラマの「教場」を熱心に見ています。本物の警察学校って実際のところドラマのように厳しいのでしょうか？ もっとも、国家権力の実力行使ができる公務員としては、ある程度軍隊の...,0,0
678,2026/2/1 6:54,クレジットカード,1152759639,9時間0分,5,41,8.2,0,21,0.076,12.2,0.01,1.7,あと3日,https://detail.chiebukuro.yahoo.co.jp/qa/question_detail/q14324886034,クレジットカードの支払いを半年連続3週間ほど滞納したらブラックに入りますか？一応毎月遅れてますが払ってます。,0,0
679,2026/2/1 6:54,政治、社会問題,Radiguet（ラディゲ）,9時間0分,0,4,4.0,1,0,0.007,0.0,0.0,0.19,あと3日,https://detail.chiebukuro.yahoo.co.jp/qa/question_detail/q13324886033,ロシアの歴史における「タタールのくびき」は、単なる暗黒時代だったのでしょうか？ キプチャク・ハン国（ジョチ・ウル）によるロシア支配について質問です。一般的に「タタールのくびき」と呼ばれ、ロシアの発展を...,0,0
680,2026/2/1 6:53,職場の悩み,opp********,9時間1分,2,48,24.0,1,1,0.089,4.17,0.02,0.51,あと3日,https://detail.chiebukuro.yahoo.co.jp/qa/question_detail/q12324886032,仕事行きたくなくて行きたくなくて土曜日の夕方からすでに憂鬱です。 何か気持ちを切り替えるマインドをください。 よろしくお願いいたします。,0,0
681,2026/2/1 6:53,恋愛相談、人間関係の悩み,1053304822,9時間1分,0,10,10.0,0,0,0.018,0.0,0.0,0.02,あと3日,https://detail.chiebukuro.yahoo.co.jp/qa/question_detail/q11324886031,好きな人にDM送る時の話題のネタ提供お願いします‼️,0,0
682,2026/2/1 6:53,ゲーム,1252625027,9時間1分,0,19,19.0,0,0,0.035,0.0,0.0,0.04,あと3日,https://detail.chiebukuro.yahoo.co.jp/qa/question_detail/q10324886030,ポケコロツインについてです。 画像アイテムの交換の提案(当方エクステを譲る側)が来たのですがみなさんだったらどうしますか？ 特欲のシャルムやまだ復刻の無いミリタリーヴァンパイアの瞳を含む提案なのでかな...,0,0
683,2026/2/1 6:53,ボートレース（競艇）,T・Aエジソン,9時間1分,3,7,2.3,0,0,0.013,42.86,0.0,0.29,あと3日,https://detail.chiebukuro.yahoo.co.jp/qa/question_detail/q13324886028,2月１日三国競艇5Rの買い目を教えて下さい。,0,0
684,2026/2/1 6:53,アニメ,1150446559,9時間1分,1,3,3.0,0,0,0.006,33.33,0.0,0.1,あと3日,https://detail.chiebukuro.yahoo.co.jp/qa/question_detail/q12324886027,ドラゴンボールの悟空としゅごキャラ!のアミュレットハートが戦ったらどっちが勝ちますか？,0,0
685,2026/2/1 6:53,野球全般,ad82d5fa1,9時間1分,1,4,4.0,0,0,0.007,25.0,0.0,0.1,あと3日,https://detail.chiebukuro.yahoo.co.jp/qa/question_detail/q11324886026,私は今野球で右のサイドスローをやっているのですが、投げた後にひだりのお尻ら辺がとても重いというか、痛いです。何かそのことについて知っている方や同じ症状の方対策などを教えていただきたいです。 お願いしま...,0,0
686,2026/2/1 6:53,料理、食材,1051507018,9時間1分,5,30,6.0,0,0,0.055,16.67,0.0,0.52,あと3日,https://detail.chiebukuro.yahoo.co.jp/qa/question_detail/q10324886025,今日はゆで卵の日なんですが、あなたの好きな卵を使った料理はなんですか？,0,0
687,2026/2/1 6:53,スキンケア,ivs********,9時間1分,1,12,12.0,0,0,0.022,8.33,0.0,0.11,あと3日,https://detail.chiebukuro.yahoo.co.jp/qa/question_detail/q14324886024,リップクリームって1度体温で温めてからのほうが良いんですよね？開けてすぐ口に塗るんじゃなく,0,0
688,2026/2/1 6:53,海外ドラマ,aaafda9ee,9時間1分,2,12,6.0,0,0,0.022,16.67,0.0,0.21,あと3日,https://detail.chiebukuro.yahoo.co.jp/qa/question_detail/q13324886023,ドラマ『ブラウン神父』について質問です。 作中のパーティで演奏されている曲の名前を教えてください。,0,0
689,2026/2/1 6:52,病気、症状,1051979647,9時間2分,2,10,5.0,0,0,0.018,20.0,0.0,0.2,あと3日,https://detail.chiebukuro.yahoo.co.jp/qa/question_detail/q12324886022,強迫性障害による発作が辛いです 発作が起きると暴れてしまいます。 なんで発作が起きるんですか？,0,0
690,2026/2/1 6:52,病気、症状,Radiguet（ラディゲ）,9時間3分,1,20,20.0,0,0,0.037,5.0,0.01,0.13,あと3日,https://detail.chiebukuro.yahoo.co.jp/qa/question_detail/q11324886021,毎日、暑いので熱中症にならないように気をつけていますか？,0,0
691,2026/2/1 6:52,生き方、人生相談,1052053603,9時間3分,6,35,5.8,0,0,0.064,17.14,0.0,0.62,あと3日,https://detail.chiebukuro.yahoo.co.jp/qa/question_detail/q10324886020,全部めんどくさいから死にたいです。 学校も行ってません。勉強もしてません。アルバイトをはじめましたが、物覚えが悪い自分には難しくて続きそうにありません。 昼夜逆転していて、毎日10時間以上寝てしまいま...,0,0
692,2026/2/1 6:52,恋愛相談、人間関係の悩み,mpt********,9時間3分,0,3,3.0,0,0,0.006,0.0,0.0,0.01,あと3日,https://detail.chiebukuro.yahoo.co.jp/qa/question_detail/q14324886019,日本の中で、おっさんは多いですか?,0,0
693,2026/2/1 6:52,ボートレース（競艇）,T・Aエジソン,9時間3分,3,6,2.0,0,0,0.011,50.0,0.0,0.29,あと3日,https://detail.chiebukuro.yahoo.co.jp/qa/question_detail/q12324886017,2月１日三国競艇4Rの買い目を教えて下さい。,0,0
694,2026/2/1 6:52,Excel,gun********,9時間3分,1,48,48.0,0,0,0.088,2.08,0.04,0.18,あと3日,https://detail.chiebukuro.yahoo.co.jp/qa/question_detail/q11324886016,エクセルで、2つの質問に対して結果を選ぶ方法について、質問です。 チェックボックスを使って、FILTER関数を使って表示させる・・などしているのですが、２つの質問を組み合わせて、結果をつけるみたいなこ...,0,0
695,2026/2/1 6:52,ポケットモンスター,1150446559,9時間3分,2,7,3.5,0,0,0.013,28.57,0.0,0.2,あと3日,https://detail.chiebukuro.yahoo.co.jp/qa/question_detail/q10324886015,ホウエン地方のみずタイプのポケモンはこの中で誰が好きですか？ 1.ミズゴロウ 2.ヌマクロー 3.ラグラージ 4.ハスボー 5.ハスブレロ 6.ルンパッパ 7.キャモメ 8.ペリッパー 9.アメタマ ...,0,0
696,2026/2/1 6:52,鉄道、列車、駅,jun********,9時間3分,3,33,11.0,0,0,0.061,9.09,0.01,0.34,あと3日,https://detail.chiebukuro.yahoo.co.jp/qa/question_detail/q14324886014,平日の9時くらいに名鉄名古屋駅から名城線の名城公園駅に行く場合、桜通線で久屋大通経由で行くのと、東山線で栄経由で行くのとどちらが混雑を避けられますか？また、どちらが乗り換えなど分かりやすいですか？,0,0
697,2026/2/1 6:52,車検、メンテナンス,1151472819,9時間3分,6,171,28.5,0,1,0.315,3.51,0.09,0.92,あと3日,https://detail.chiebukuro.yahoo.co.jp/qa/question_detail/q13324886013,車検について。車を持ちたての18歳で何も知識がないのでお手柔らかにお答えしていただきたいです。笑 91年式のユーノスロードスターを所有しているのですが、今度の3月に購入して以来初めての車検がきます。自...,0,0
698,2026/2/1 6:51,貯金,1149987419,9時間4分,1,23,23.0,0,1,0.042,4.35,0.01,0.19,あと3日,https://detail.chiebukuro.yahoo.co.jp/qa/question_detail/q12324886012,みずほ銀行に口座を持っているのですが、諸事情でキャッシュカードと通帳どちらも使えない状態にあります。この場合、銀行窓口で口座名義人本人と本人確認書類があればお金は引き出せるのでしょうか。,0,0
699,2026/2/1 6:51,シニアライフ、シルバーライフ,m1o********,9時間4分,2,29,14.5,0,0,0.053,6.9,0.01,0.24,あと3日,https://detail.chiebukuro.yahoo.co.jp/qa/question_detail/q11324886011,あの～ お友達を 最近作りましたか？ 年取って新しいお友達が欲しいと思うことありませんか？ さいきん 新しいお友達を作った人いますか？ どこで知り合いましたか？,0,0
700,2026/2/1 6:51,ボートレース（競艇）,T・Aエジソン,9時間4分,3,6,2.0,0,0,0.011,50.0,0.0,0.29,あと3日,https://detail.chiebukuro.yahoo.co.jp/qa/question_detail/q10324886010,2月１日三国競艇3Rの買い目を教えて下さい。,0,0
701,2026/2/1 6:51,気象、天気,レモン,9時間4分,7,29,4.1,1,0,0.053,24.14,0.0,0.88,あと3日,https://detail.chiebukuro.yahoo.co.jp/qa/question_detail/q14324886009,寒過ぎです。 暖かくなるのは、いつ頃からでしょうか？ ３月になれば少しは暖かくなると思いますか。,0,0
702,2026/2/1 6:51,テーマパーク,rud********,9時間4分,1,64,64.0,0,0,0.117,1.56,0.07,0.21,あと3日,https://detail.chiebukuro.yahoo.co.jp/qa/question_detail/q13324886008,5月にディズニーシーへ1泊で行く予定です。 人数は私と子供2人(小学生高学年)です。 今の所予約が取れているのが、ミラコスタのヴェネツィアテラスルームの平日と、ハーバービューの金曜(スペチではない)で...,0,0
703,2026/2/1 6:51,メンタルヘルス,grock731,9時間4分,4,32,8.0,0,2,0.059,12.5,0.0,0.53,あと3日,https://detail.chiebukuro.yahoo.co.jp/qa/question_detail/q12324886007,うつ病は病気だとは思いますけど 適応障害が病気かと言われると「？」です 適応障害も病気なんですか,0,0
704,2026/2/1 6:51,政治、社会問題,1052508475,9時間5分,5,66,13.2,0,4,0.121,7.58,0.02,0.8,不明,https://detail.chiebukuro.yahoo.co.jp/qa/question_detail/q10324886005,私は高市早苗内閣を支持します。 とはいえ支持がありすぎるのも怖いです。 暴走した時にブレーキをかけてくれる党は何党でしょうか？ まず中道なんちゃらは無いですよね？ 国民民主かなぁ。みらいかなぁ。,0,0
705,2026/2/1 6:51,Yahoo!知恵袋,^_^;,9時間5分,1,15,15.0,0,0,0.028,6.67,0.0,0.12,あと3日,https://detail.chiebukuro.yahoo.co.jp/qa/question_detail/q14324886004,今日、2月1日は、神戸プリンの日ですね。さて、あなたは、神戸プリンは好きですか？,0,0
706,2026/2/1 6:51,家族関係の悩み,maa********,9時間5分,7,104,14.9,0,7,0.191,6.73,0.03,1.22,あと3日,https://detail.chiebukuro.yahoo.co.jp/qa/question_detail/q13324886003,消えたいです。 子供の名前を決めた時に神社で見てもらい最終的に2つに絞られどちらか相当悩み決めました。そもそもその2つの名前が気に入らなかったのですが1ヶ月も早く産まれ、神社に見繕ってもらい他の名前の...,0,0
707,2026/2/1 6:50,ボートレース（競艇）,T・Aエジソン,9時間6分,3,8,2.7,0,0,0.015,37.5,0.0,0.29,あと3日,https://detail.chiebukuro.yahoo.co.jp/qa/question_detail/q11324886001,2月１日三国競艇2Rの買い目を教えて下さい。,0,0
708,2026/2/1 6:50,ご近所の悩み,cef02a63f,9時間6分,3,84,28.0,0,3,0.154,3.57,0.04,0.59,あと3日,https://detail.chiebukuro.yahoo.co.jp/qa/question_detail/q14324885999,静かな住宅街です。 裏の中年夫婦が土日に早朝６時ごろ出かけるのですが、どこからか車持ってきてエンジンかけたままうちの前に止め、出発まで15分以上バタンバタンと叩きつけるように車の扉閉めます。早朝なのに...,0,0
709,2026/2/1 6:50,温泉,mit********,9時間6分,3,17,5.7,0,3,0.031,17.65,0.0,0.47,あと3日,https://detail.chiebukuro.yahoo.co.jp/qa/question_detail/q13324885998,都会から田舎へ、某温泉地に直通の高速バス乗り場で乗り降りする観光客がいますが①車も無しに、なぜ田舎の温泉地にホテル旅館に宿泊するのですか？ ②観光客の目当ては、美味しい料理と温泉でゆっくりリフレッシュ...,0,0
710,2026/2/1 6:50,シミュレーションゲーム,ad6f1053d,9時間6分,2,47,23.5,0,0,0.086,4.26,0.02,0.27,あと3日,https://detail.chiebukuro.yahoo.co.jp/qa/question_detail/q12324885997,FGOの武蔵ちゃんって座から消えたんじゃないんですか？なんで冠位戴冠戦にいるんですか？,0,0
711,2026/2/1 6:50,政治、社会問題,わしが男塾塾長 楽天パンダである,9時間6分,1,16,16.0,0,1,0.029,6.25,0.0,0.18,不明,https://detail.chiebukuro.yahoo.co.jp/qa/question_detail/q11324885996,一国のトップが 離婚伝説したら ナウいですか？ 高市首相夫妻に離婚危機 「激しい言い争いが」 山本拓氏に聞くと…,0,0
712,2026/2/1 6:50,観光地、行楽地,kor********,9時間6分,1,24,24.0,0,0,0.044,4.17,0.01,0.14,あと3日,https://detail.chiebukuro.yahoo.co.jp/qa/question_detail/q10324885995,名古屋観光 名古屋観光します(大人二人)。 １日目、昼に着予定です。 行きたいのは名古屋城、うんこミュージアム、万松寺、熱田神宮、テレビ塔です。他におすすめあれば、教えて欲しいです。 名古屋駅に宿泊し...,0,0
713,2026/2/1 6:50,模型、プラモデル、ラジコン,弦なき弓に羽抜け鳥,9時間6分,2,22,11.0,0,4,0.04,9.09,0.0,0.44,あと3日,https://detail.chiebukuro.yahoo.co.jp/qa/question_detail/q14324885994,アオシマ 1/32デコトラ。 最近アオシマの1/32のトラックに興味を持ってるのですが、普通のトラックの種類が少ないです。 そこで、デコトラのキットを購入した場合、ノーマル車で製作できますか？ 普通の...,0,0
714,2026/2/1 6:50,大学受験,grock731,9時間6分,4,39,9.8,1,0,0.071,10.26,0.01,0.62,あと3日,https://detail.chiebukuro.yahoo.co.jp/qa/question_detail/q13324885993,なぜ大手メディアが関西の私大を扱うときは 関関同立、産近甲龍までなのですか,0,0
716,2026/2/1 6:49,郵便、宅配,1151779974,9時間7分,4,43,10.8,0,1,0.079,9.3,0.01,0.5,あと3日,https://detail.chiebukuro.yahoo.co.jp/qa/question_detail/q11324885991,佐川急便が配送日や時間を決められない荷物を朝の5時半に届けてきました。私は起きてなく、もちろん受け取れませんでした。朝早くに配送されるのはよくあることなんですか？,0,0
717,2026/2/1 6:49,ボートレース（競艇）,T・Aエジソン,9時間7分,3,9,3.0,0,0,0.016,33.33,0.0,0.29,あと3日,https://detail.chiebukuro.yahoo.co.jp/qa/question_detail/q10324885990,2月１日三国競艇１Rの買い目を教えて下さい。,0,0
718,2026/2/1 6:49,恋愛相談、人間関係の悩み,非公開,9時間7分,4,118,29.5,0,4,0.215,3.39,0.06,0.8,あと3日,https://detail.chiebukuro.yahoo.co.jp/qa/question_detail/q14324885989,今付き合っている彼女をセフレに格下げしたいです。 今両思いになってる子がいて人格はこのみだけど体はこのみじゃないので、体は気に入ってる今の彼女をセフレにして二股にならないように新しい子と付き合おうと思...,0,0
720,2026/2/1 6:49,プロ野球,1052508475,9時間7分,1,49,49.0,0,0,0.089,2.04,0.04,0.18,不明,https://detail.chiebukuro.yahoo.co.jp/qa/question_detail/q11324885986,プロ野球ファンの話です。 12球団で【球場の外でのマナーが悪い】 のはどこのファンですか？ 私はベイスターズだと認識してます。 野毛や福富町な曙町でのベイスターズファンが特に酷い がそれは人それぞれの...,0,0
721,2026/2/1 6:49,職場の悩み,1251451025,9時間8分,3,35,11.7,0,0,0.064,8.57,0.01,0.34,あと3日,https://detail.chiebukuro.yahoo.co.jp/qa/question_detail/q12324885987,工場勤務で３交代制で働いてるものです。 ３交代制をする理由は何ですか？ 私の工場は、正社員、派遣、パートがいるのですが、 正社員のみ３交代制です。 時間帯は、5～14時、13～22時、21～6時と分か...,0,0
722,2026/2/1 6:49,生き方、人生相談,t,9時間8分,0,6,6.0,0,0,0.011,0.0,0.0,0.01,あと3日,https://detail.chiebukuro.yahoo.co.jp/qa/question_detail/q10324885985,声はしっかりしててお体がしんどいのは珍しいですか？,0,0
723,2026/2/1 6:49,恋愛相談、人間関係の悩み,わんこ,9時間8分,3,52,17.3,0,2,0.095,5.77,0.02,0.48,あと3日,https://detail.chiebukuro.yahoo.co.jp/qa/question_detail/q13324885983,至急です。 今から自分が話すことにつきましては、賛否両論だと思います。お願いします、 まず、自分は半年前から一個上、19歳の恋人がいました。交際期間は半年間ですが、いろんな事がありました。浮気は6回さ...,0,0
724,2026/2/1 6:48,病気、症状,やり逃げX,9時間9分,1,17,17.0,0,0,0.031,5.88,0.01,0.12,あと3日,https://detail.chiebukuro.yahoo.co.jp/qa/question_detail/q11324885981,親が話しかけてくると強くあたってしまったり親と話そうとするとなかなか話せなくて覚悟がいるっていうか楽に話すことができないです。 大事なことも後回しにしてしまう癖もあったり過敏性腸症候群があったり後回し...,0,0
725,2026/2/1 6:48,ファッション,hik********,9時間9分,0,3,3.0,0,0,0.005,0.0,0.0,0.01,あと3日,https://detail.chiebukuro.yahoo.co.jp/qa/question_detail/q10324885980,こちらのカラーはオレンジ、レオパードイエロー、サミットゴールドどちらの色でしょうか？,0,0
726,2026/2/1 6:48,Yahoo!知恵袋,^_^;,9時間9分,3,18,6.0,0,0,0.033,16.67,0.0,0.31,あと3日,https://detail.chiebukuro.yahoo.co.jp/qa/question_detail/q14324885979,今日、2月1日は、においの日ですね。さて、あなたが1番好きなにおいを1つだけ教えて下さい。,0,0
727,2026/2/1 6:48,プロレス,ohhirahiroshi,9時間9分,3,53,17.7,0,0,0.096,5.66,0.02,0.37,不明,https://detail.chiebukuro.yahoo.co.jp/qa/question_detail/q13324885978,第1回IWGP決勝リーグ戦優勝のハルクホーガン、初代王者アントニオ猪木が源のIWGP世界ヘビー級王座が 第1回IWAワールドシリーズ優勝、初代王者ビル・ロビンソンが源のIWA世界ヘビー級王座を 価値と...,0,0
728,2026/2/1 6:48,メンズ全般,yuv********,9時間9分,3,22,7.3,0,0,0.04,13.64,0.0,0.31,あと3日,https://detail.chiebukuro.yahoo.co.jp/qa/question_detail/q12324885977,男です。メンズスカートに手を出してみたいです。黒の長めな丈のやつを調べてます。こういうのって、 ①何をスカートの中に履くでしょうか？ ②トップスは何を合わせればいいですか？ ③メンズとして売ってるもの...,0,0
729,2026/2/1 6:48,恋愛相談、人間関係の悩み,pon********,9時間9分,0,10,10.0,0,0,0.018,0.0,0.0,0.02,あと3日,https://detail.chiebukuro.yahoo.co.jp/qa/question_detail/q11324885976,職場恋愛しています 他の女性スタッフは 明るいしあんな風になりたいと話したら とあるスタッフから ◯◯さん彼氏のこといいんやない、どう思うって聞いたら まず100%ない イケメンやないし まで自分に報...,0,0
730,2026/2/1 6:48,国際情勢,grock731,9時間9分,0,5,5.0,0,0,0.009,0.0,0.0,0.01,あと3日,https://detail.chiebukuro.yahoo.co.jp/qa/question_detail/q10324885975,ゾンビタバコ、アメリカで大変なことになってますし 日本も持ち込んだ奴無期懲役くらいにしないと 手遅れになりますよね？政府は何か対策してんでしょうか？,0,0
731,2026/2/1 6:48,韓国・朝鮮語,1153037514,9時間9分,3,39,13.0,1,0,0.071,7.69,0.01,0.52,あと3日,https://detail.chiebukuro.yahoo.co.jp/qa/question_detail/q14324885974,Duolingoで韓国語は喋れるようになりますか？,0,0
732,2026/2/1 6:48,家具、インテリア,pei********,9時間9分,2,46,23.0,1,2,0.084,4.35,0.02,0.56,あと3日,https://detail.chiebukuro.yahoo.co.jp/qa/question_detail/q13324885973,天井付けLEDシーリングライトですが、今回購入したのがよくあるリモコンで調光、調色できるもので便利かなと思ったけど使ってみると壁のスイッチのオンオフでいちいち光源の色がかわり煩わしいです。 部屋への出...,0,0
733,2026/2/1 6:48,恋愛相談、人間関係の悩み,※※※※※※,9時間9分,2,14,7.0,0,5,0.025,14.29,0.0,0.48,あと3日,https://detail.chiebukuro.yahoo.co.jp/qa/question_detail/q12324885972,事実の事を広めるのと、嘘の事を広めるのってどっちが悪い？,0,0
734,2026/2/1 6:48,邦楽,1150446559,9時間9分,5,26,5.2,1,0,0.047,19.23,0.0,0.68,あと3日,https://detail.chiebukuro.yahoo.co.jp/qa/question_detail/q11324885971,松浦亜弥で好きな曲は何ですか？,0,0
735,2026/2/1 6:48,ボートレース（競艇）,T・Aエジソン,9時間9分,3,6,2.0,0,0,0.011,50.0,0.0,0.28,あと3日,https://detail.chiebukuro.yahoo.co.jp/qa/question_detail/q10324885970,2月１日鳴門競艇12Rの買い目を教えて下さい。,0,0
737,2026/2/1 6:47,政治、社会問題,tur********,9時間11分,2,16,8.0,0,4,0.029,12.5,0.0,0.43,あと3日,https://detail.chiebukuro.yahoo.co.jp/qa/question_detail/q13324885968,奈良三区小選挙区について質問です。 維新の原山大亮さんってどんな人ですか。 自民の田野瀬太道さんとならどっちに投票した方がいいと思いますか。 個人的には国民民主党推しなのですが残念ながら杉本あおいさん...,0,0
738,2026/2/1 6:47,ポケットモンスター,1150446559,9時間11分,2,9,4.5,0,0,0.016,22.22,0.0,0.2,あと3日,https://detail.chiebukuro.yahoo.co.jp/qa/question_detail/q12324885967,ジョウト地方のでんきタイプのポケモンはこの中で誰が好きですか？ 1.チョンチー 2.ランターン 3.ピチュー 4.メリープ 5.モココ 6.デンリュウ 7.エレキッド 8.ライコウ,0,0
739,2026/2/1 6:47,料理、食材,平凡な人,9時間11分,4,29,7.2,0,18,0.053,13.79,0.0,1.39,あと3日,https://detail.chiebukuro.yahoo.co.jp/qa/question_detail/q11324885966,もやしをキムチの素で合えるのはありですか？,0,0
740,2026/2/1 6:47,YouTube,jpm,9時間11分,2,13,6.5,0,0,0.024,15.38,0.0,0.2,あと3日,https://detail.chiebukuro.yahoo.co.jp/qa/question_detail/q10324885965,なぜYouTuberはマックの動画はアップロードするのに バーガーキングはアップロードしないんですか？,0,0
741,2026/2/1 6:47,俳優、女優,ー ー ー,9時間11分,0,30,30.0,0,0,0.054,0.0,0.0,0.05,あと3日,https://detail.chiebukuro.yahoo.co.jp/qa/question_detail/q14324885964,20歳男です。学生時代を含め、今日まで恋愛経験が全くありません。 私は堀北真希さんが大好きです。特に顔が私のタイプです。写真集も買いました。気持ち悪いですよね、、 現在は適応障害治療中ですが、彼女を見...,0,0
742,2026/2/1 6:47,恋愛相談、人間関係の悩み,アミダ,9時間11分,2,19,9.5,0,0,0.034,10.53,0.0,0.22,あと3日,https://detail.chiebukuro.yahoo.co.jp/qa/question_detail/q13324885963,20代後半の女性です。恋愛するのが怖いです。 今まで家族との仲が合わず、若い頃人間関係がズタボロで、トラウマ持ちで強い怒りに苛まれます。周りが放っておいてくれずこれ以上消費されたくない、一人になりたい...,0,0
743,2026/2/1 6:46,病院、検査,t,9時間12分,2,16,8.0,0,0,0.029,12.5,0.0,0.21,あと3日,https://detail.chiebukuro.yahoo.co.jp/qa/question_detail/q12324885962,お体が悪いのに病院に行かないのは入院が怖い、身だしなみが整ってないからですか？,0,0
744,2026/2/1 6:46,俳優、女優,bun********,9時間12分,2,50,25.0,0,0,0.09,4.0,0.02,0.27,あと3日,https://detail.chiebukuro.yahoo.co.jp/qa/question_detail/q11324885961,芦田愛菜と橋本環奈は2人とも身長低いですが、芦田愛菜はちんちくりんて感じないのに、橋本環奈はちんちくりんて感じがします。しかも芦田愛菜の方が身長低いです。なぜでしょうか？不思議です。わかる方いますか？,0,0
745,2026/2/1 6:46,料理、食材,sanyaso_fusigi,9時間12分,4,43,10.8,0,8,0.078,9.3,0.01,0.87,あと3日,https://detail.chiebukuro.yahoo.co.jp/qa/question_detail/q10324885960,ラ王ってホントにそんなに美味しいのですか？ ＝＝＝ 詳細： 私の近くの店ではラ王の値段は高すぎて、 私は食べたことがないです、 他の人もあまり買ってないと思います、 売場面積ほとんどなしなので。 爆盛...,0,0
746,2026/2/1 6:46,プロ野球,1150941630,9時間12分,0,6,6.0,0,0,0.011,0.0,0.0,0.01,あと3日,https://detail.chiebukuro.yahoo.co.jp/qa/question_detail/q14324885959,楽天での買い物でd払いも出来ますか？,0,0
747,2026/2/1 6:46,ボートレース（競艇）,T・Aエジソン,9時間12分,3,6,2.0,0,0,0.011,50.0,0.0,0.28,あと3日,https://detail.chiebukuro.yahoo.co.jp/qa/question_detail/q11324885956,2月１日鳴門競艇11Rの買い目を教えて下さい。,0,0
748,2026/2/1 6:46,病気、症状,kyou,9時間12分,0,34,34.0,0,0,0.062,0.0,0.0,0.06,あと3日,https://detail.chiebukuro.yahoo.co.jp/qa/question_detail/q10324885955,知恵袋の質問で、衰弱している80代の祖父の方が肺炎の治療中、看護師が酸素吸入器を外したために酸素濃度が下がり苦しそうにしていたので、看護師に聞いたら、 「酸素が安定しているので酸素吸入器を外しました」...,0,0
749,2026/2/1 6:46,病気、症状,凪々,9時間12分,3,25,8.3,0,0,0.045,12.0,0.0,0.32,あと3日,https://detail.chiebukuro.yahoo.co.jp/qa/question_detail/q14324885954,父が朝に咳をしていて、肺が痛いと言っていました。 何かの病気でしょうか？ 誰か回答お願いします,0,0
750,2026/2/1 6:46,Yahoo!知恵袋,^_^;,9時間12分,0,5,5.0,0,0,0.009,0.0,0.0,0.01,あと3日,https://detail.chiebukuro.yahoo.co.jp/qa/question_detail/q12324885952,今日、2月1日は、明治プロビオヨーグルトLG21の日ですね。さて、あなたは、明治プロビオヨーグルトLG21は、好んでいただいていますか？,0,0
751,2026/2/1 6:46,ポケットモンスター,1150446559,9時間13分,2,11,5.5,0,0,0.02,18.18,0.0,0.2,あと3日,https://detail.chiebukuro.yahoo.co.jp/qa/question_detail/q10324885950,カントー地方のでんきタイプのポケモンはこの中で誰が好きですか？ 1.ピカチュウ 2.ライチュウ 3.コイル 4.レアコイル 5.ビリリダマ 6.マルマイン 7.エレブー 8.サンダース 9.サンダー,0,0
752,2026/2/1 6:45,ゲーム,1051762519,9時間14分,3,12,4.0,0,0,0.022,25.0,0.0,0.29,あと3日,https://detail.chiebukuro.yahoo.co.jp/qa/question_detail/q12324885947,原神についての質問です。がみんを運用するときは完凸じゃないと駄目ですか？,0,0
753,2026/2/1 6:45,車検、メンテナンス,a298c2b4b,9時間14分,9,73,8.1,0,2,0.132,12.33,0.01,1.05,あと3日,https://detail.chiebukuro.yahoo.co.jp/qa/question_detail/q11324885946,長年、オイル交換を車屋でお願いしていましたが、値上げしました。 1回3000円弱です。 イエローハットに変更するか迷っています。 車屋のメリットは、今までの付き合いと、他に不備があったら教えてくれる事...,0,0
754,2026/2/1 6:45,恋愛相談、人間関係の悩み,pon********,9時間14分,1,24,24.0,0,0,0.043,4.17,0.01,0.13,あと3日,https://detail.chiebukuro.yahoo.co.jp/qa/question_detail/q14324885944,職場恋愛していますが 現在喧嘩はしてないけど、 冷却期間期間中です。 とあるスタッフが 色々嫌味を言ってきたときの対応について。 ①貴方彼のこと好きなの？ 見たら分かるよ 貴方のほうがぞっこん 好きな...,0,0
755,2026/2/1 6:45,大学受験,1253163152,9時間14分,2,23,11.5,0,0,0.041,8.7,0.0,0.22,あと3日,https://detail.chiebukuro.yahoo.co.jp/qa/question_detail/q13324885943,龍谷大学の試験についてです。自分は共通テスト2科目併用方式で出願したのですが、共通テストの日本史、国語と龍谷大学一般の試験日本史で判定されるのは本当なんでしょうか？被っててもいいんでしょうか？,0,0
756,2026/2/1 6:45,ゲーム,a930565de,9時間14分,0,17,17.0,0,0,0.031,0.0,0.0,0.03,あと3日,https://detail.chiebukuro.yahoo.co.jp/qa/question_detail/q12324885942,ウマ娘全冠について質問です。 ステイゴールドで全冠を取りたくて頑張っているのですが、どうしてもジュニア12月後半の全日本ジュニア優駿が勝てません。 初期ステータスがダートGマイルGなので、因子をダート...,0,0
757,2026/2/1 6:45,掃除機、洗濯機,どれみ,9時間14分,1,23,23.0,0,0,0.041,4.35,0.01,0.13,あと3日,https://detail.chiebukuro.yahoo.co.jp/qa/question_detail/q11324885941,コードレス掃除機おすすめありますか？ コードありの掃除機がいよいよ寿命を迎えました… 軽くて、吸引力つよい、紙パックなし、持続時間長めがいいなと思っています。コスト面も安いと嬉しいですがうるさいのは気...,0,0
758,2026/2/1 6:45,職場の悩み,1052850070,9時間14分,5,66,13.2,0,0,0.119,7.58,0.02,0.57,あと3日,https://detail.chiebukuro.yahoo.co.jp/qa/question_detail/q14324885939,店長に辞めたいですとLINEで伝えたら丸一日既読無視されてます。 店長に伝えた理由は 期末テストでまた1ヶ月休みを貰わないといけないのと受験期ということでまた長期間休みを貰うより辞めさせていただいたほ...,0,0
759,2026/2/1 6:45,アニメ,1150446559,9時間14分,0,3,3.0,0,0,0.005,0.0,0.0,0.01,あと3日,https://detail.chiebukuro.yahoo.co.jp/qa/question_detail/q13324885938,ぴちぴちピッチのあららとFAIRY TAILのアクノロギアが戦ったらどっちが勝ちますか？,0,0
760,2026/2/1 6:44,恋愛相談、人間関係の悩み,1252248794,9時間15分,5,67,13.4,0,5,0.121,7.46,0.02,0.84,あと3日,https://detail.chiebukuro.yahoo.co.jp/qa/question_detail/q12324885937,彼女に２回目の嘘をつかれました。別れるかどうか皆さんだったらどうするか聞かせてください。長文失礼します 内容としては1回目 去年の9月頃 彼女は友達とご飯や服の買い物をしに行くといいましたが嘘をつき高...,0,0
761,2026/2/1 6:44,スマートフォン,aac********,9時間15分,0,1,1.0,0,0,0.002,0.0,0.0,0.0,あと3日,https://detail.chiebukuro.yahoo.co.jp/qa/question_detail/q11324885936,現在SoftBankを使っています。 茨城県桜川市（岩瀬地区）に転勤することになるのですが、下見で赴いた際、手元のスマホのアンテナが１本、稀に２本しか立たず、動画ではなく普通の検索すらまともにできませ...,0,0
762,2026/2/1 6:43,ゲーム,1150446559,9時間16分,1,4,4.0,0,0,0.007,25.0,0.0,0.1,あと3日,https://detail.chiebukuro.yahoo.co.jp/qa/question_detail/q10324885935,ロックマンエグゼシリーズのロックマンとスーパードンキーコング2のグラッバが戦ったらどっちが勝ちますか？,0,0
763,2026/2/1 6:43,ダイエット、フィットネス,。。。,9時間16分,2,23,11.5,0,0,0.041,8.7,0.0,0.22,あと3日,https://detail.chiebukuro.yahoo.co.jp/qa/question_detail/q14324885934,体重維持の仕方を教えてください。 私は10月頃まで53キロありましたが、現在48キロまで減量しています。 特に何か運動はしたかと言われると、ダイエットはしてはいませんが、通学ルートが変わり往復で歩く時...,0,0
764,2026/2/1 6:43,プロレス,unc********,9時間16分,2,28,14.0,0,0,0.05,7.14,0.01,0.23,あと3日,https://detail.chiebukuro.yahoo.co.jp/qa/question_detail/q13324885933,トペとかプランチャとかトップロープから攻撃はさ、敢えて受けるワケじゃんプロレスラーって。ならさ、たまには「来いこらー！」って言えばいいのにね。 チョップ合戦やエルボー合戦では「来いこらー！」って言うの...,0,0
765,2026/2/1 6:43,福祉、介護,c95174b44,9時間17分,3,91,30.3,0,2,0.163,3.3,0.05,0.54,不明,https://detail.chiebukuro.yahoo.co.jp/qa/question_detail/q10324885930,ナマポ受給者です ぶっちゃけ給料手渡しのアルバイトしてもバレなくないですか？,0,0
766,2026/2/1 6:43,生物、動物、植物,a835378ff,9時間17分,1,12,12.0,0,1,0.022,8.33,0.0,0.16,不明,https://detail.chiebukuro.yahoo.co.jp/qa/question_detail/q14324885929,DNAを抽出するときにタンパク質をできるだけ取り除く必要があるのはなぜですか？,0,0
767,2026/2/1 6:43,家族関係の悩み,抹茶ラテ,9時間17分,2,64,32.0,0,0,0.115,3.12,0.04,0.29,あと3日,https://detail.chiebukuro.yahoo.co.jp/qa/question_detail/q12324885927,高３女子です中1の弟が起こしてもときません。 親が毎朝泣いて怒鳴って親がほんとに可愛そうです、 もうひとりの弟は普通に起きれるのですが弟がおこさてもおきないしさすがにイライラして今日ブチ切れて病気だろ...,0,0
768,2026/2/1 6:43,簿記,kat********,9時間17分,4,54,13.5,0,4,0.097,7.41,0.01,0.67,あと3日,https://detail.chiebukuro.yahoo.co.jp/qa/question_detail/q11324885926,簿記一級を持っている人がいます。 それが本当か確かめる方法を教えてください。,0,0
769,2026/2/1 6:43,アニメ,1150446559,9時間17分,1,7,7.0,0,0,0.013,14.29,0.0,0.1,あと3日,https://detail.chiebukuro.yahoo.co.jp/qa/question_detail/q10324885925,ハートキャッチプリキュア!のデザトリアンとFAIRY TAIL 100年クエストの月神竜セレーネが戦ったらどっちが勝ちますか？,0,0
770,2026/2/1 6:43,ボートレース（競艇）,T・Aエジソン,9時間17分,3,5,1.7,0,0,0.009,60.0,0.0,0.28,あと3日,https://detail.chiebukuro.yahoo.co.jp/qa/question_detail/q14324885924,2月１日鳴門競艇10Rの買い目を教えて下さい。,0,0
771,2026/2/1 6:43,友人関係の悩み,aafc103a5,9時間17分,3,15,5.0,0,0,0.027,20.0,0.0,0.3,あと3日,https://detail.chiebukuro.yahoo.co.jp/qa/question_detail/q13324885923,自分コミュ障で友達と話したいけど話題も返し方もなかなか思いつかないんです…… 話題や上手な返し方教えてほしいです。,0,0
772,2026/2/1 6:43,ポケットモンスター,レトロ,9時間17分,0,5,5.0,0,0,0.009,0.0,0.0,0.01,あと3日,https://detail.chiebukuro.yahoo.co.jp/qa/question_detail/q12324885922,フリマなどで売られてるポケモンバンクやバーチャルコンソールを不正ダウンロードした本体を買って不正ダウンロードされたバーチャルコンソールでゲットしたポケモンは、svなどでも使っていいのでしょうか？ オン...,0,0
773,2026/2/1 6:42,職場の悩み,1052508475,9時間18分,3,70,23.3,0,0,0.125,4.29,0.03,0.39,不明,https://detail.chiebukuro.yahoo.co.jp/qa/question_detail/q11324885921,転勤で札幌に配属なった時。 すすきのの飲み屋で 地方に飛ばされてきましたー！！ って酔って割りとはっきり言ったら一人のおっさんキレました。 って東京本社で私みたいな同じような経験した転勤族の人いません...,0,0
774,2026/2/1 6:42,メルカリ,1153175622,9時間18分,0,20,20.0,0,0,0.036,0.0,0.0,0.04,あと3日,https://detail.chiebukuro.yahoo.co.jp/qa/question_detail/q10324885920,今回のドラゴンボール一番くじについてです。 A賞の悟空を狙っていたんですが悔しいことにゲットできず、メルカリなどのフリマサイトで購入しようか検討しているんですが、少し値段が高すぎると思っています。 な...,0,0
775,2026/2/1 6:42,学校の悩み,Ｍ0113,9時間18分,2,23,11.5,0,1,0.041,8.7,0.0,0.27,あと3日,https://detail.chiebukuro.yahoo.co.jp/qa/question_detail/q14324885919,中学校の部活動についての質問です。 大半の中学校の男子卓球部は 「根暗」・「地味」・「ユニフォームのパンツが短い」というイメージはありますか？？ 正直な意見宜しくおねがいします,0,0
776,2026/2/1 6:42,病気、症状,1052069740,9時間18分,2,39,19.5,0,0,0.07,5.13,0.01,0.25,不明,https://detail.chiebukuro.yahoo.co.jp/qa/question_detail/q13324885918,便秘と下痢とどっちも腸の不調というのには変わりませんけど、なぜか下痢のほうが精神的に弱くなるし、体調が悪く感じるのはなぜなのでしょうか,0,0
777,2026/2/1 6:42,料理、食材,^_^;,9時間18分,10,58,5.8,0,0,0.104,17.24,0.01,1.0,あと3日,https://detail.chiebukuro.yahoo.co.jp/qa/question_detail/q12324885917,今日、2月1日は、茹で卵の日ですね。さて、あなたがゆで卵を使った料理の中で1番好きな献立を1つだけ教えて下さい。,0,0
778,2026/2/1 6:42,政治、社会問題,助,9時間18分,3,16,5.3,0,0,0.029,18.75,0.0,0.3,あと3日,https://detail.chiebukuro.yahoo.co.jp/qa/question_detail/q10324885915,受験生を考慮した、受験生に優しい選挙活動しているのは賞賛されてますか？,0,0
779,2026/2/1 6:42,携帯型ゲーム全般,わかんないよ （ ｉ _ ｉ ）,9時間18分,1,6,6.0,0,0,0.011,16.67,0.0,0.1,あと3日,https://detail.chiebukuro.yahoo.co.jp/qa/question_detail/q11324885916,完凸嘉明の武器はどれが良いですか？ 聖遺物はファントムを付けてます。 螭龍は持ってますが、火魔女は厳選中なので他の武器にしようと思ってます！,0,0
780,2026/2/1 6:42,インターネットサービス,nay********,9時間18分,6,30,5.0,0,0,0.054,20.0,0.0,0.59,あと3日,https://detail.chiebukuro.yahoo.co.jp/qa/question_detail/q14324885914,ネット回線の「新規」と「転用事業者変更」の違いがよく分かりません。 今までauひかり回線でプロバイダはBIGLOBEを利用していました。 GMOに変えようと思うのですが、変更する場合は新たに工事が必要...,0,0
781,2026/2/1 6:42,アニメ,1150446559,9時間19分,1,4,4.0,0,0,0.007,25.0,0.0,0.1,あと3日,https://detail.chiebukuro.yahoo.co.jp/qa/question_detail/q13324885913,ニャンダーかめんのニャオンとポケモンのサマヨールが戦ったらどっちが勝つと思いますか？,0,0
782,2026/2/1 6:42,大学受験,あ,9時間19分,3,46,15.3,0,6,0.082,6.52,0.01,0.67,あと3日,https://detail.chiebukuro.yahoo.co.jp/qa/question_detail/q12324885912,早慶専願の者です。 大学入ってから入試は三教科な分、大学入ってから数学や理科を勉強する時間はありますか？,0,0
783,2026/2/1 6:42,生き方、人生相談,lal********,9時間19分,5,71,14.2,0,4,0.127,7.04,0.02,0.79,あと3日,https://detail.chiebukuro.yahoo.co.jp/qa/question_detail/q11324885911,26歳女です。 私は同性愛者で学生の頃から鬱傾向があり、希死念慮が今現在までずっとあります。 あるけど死ねる勇気はまだなく日々生活をしています。 この年齢になると周りが結婚や妊娠ラッシュで、こんな精神...,0,0
784,2026/2/1 6:41,外国映画,まろ,9時間20分,3,32,10.7,0,9,0.057,9.38,0.01,0.81,あと3日,https://detail.chiebukuro.yahoo.co.jp/qa/question_detail/q10324885910,映画グリーンマイル 家族で見て、気まずいシーンはないですか？ あと、溺れるシーンとかがとても怖いです。 溺れるシーンとかはないですか？,0,0
785,2026/2/1 6:41,妊娠、出産,非公開,9時間20分,0,24,24.0,0,0,0.043,0.0,0.0,0.04,あと3日,https://detail.chiebukuro.yahoo.co.jp/qa/question_detail/q14324885909,6週5日で稽留流産と診断されました。（枯死卵）7週0日から茶オリが出始め、翌日から生理2日目より多めの鮮血が4日ほど続き、レバー状の塊もたくさん出ました。 7週6日で診察を受けたのですが胎嚢は排出され...,0,0
786,2026/2/1 6:41,アニメ,1150446559,9時間20分,0,3,3.0,0,0,0.005,0.0,0.0,0.01,あと3日,https://detail.chiebukuro.yahoo.co.jp/qa/question_detail/q13324885908,ドラえもんとニャッキ!のワルが戦ったらどっちが勝ちますか？,0,0
787,2026/2/1 6:41,飛行機、空港,ずんどこべろんちょ,9時間20分,1,37,37.0,0,0,0.066,2.7,0.02,0.15,あと3日,https://detail.chiebukuro.yahoo.co.jp/qa/question_detail/q12324885907,旅客機が着陸するとき、滑走路へタイヤがドスンと強く加わった方が安全と言われますが、滑らずにブレーキの制動がいいのでしょうか？,0,0
788,2026/2/1 6:40,超常現象、オカルト,マリンブルー,9時間21分,2,31,15.5,0,0,0.055,6.45,0.01,0.23,あと3日,https://detail.chiebukuro.yahoo.co.jp/qa/question_detail/q10324885905,霊感があり、見える方へお聞きします。 実際にどんな風に見えるんですか？生きている人とそんな変わらないですか？夏季にテレビなどでやる白装束で長髪で雨に濡れた女の霊とか本当にいるんですか？中にはトンネル付...,0,0
789,2026/2/1 6:40,ポケットモンスター,1150446559,9時間21分,0,2,2.0,0,0,0.004,0.0,0.0,0.0,あと3日,https://detail.chiebukuro.yahoo.co.jp/qa/question_detail/q14324885904,ニャッキ!のワルとポケモンのケンタロスが戦ったらどっちが強いですか？,0,0
790,2026/2/1 6:40,ミュージック,1251134733,9時間21分,0,3,3.0,0,0,0.005,0.0,0.0,0.01,あと3日,https://detail.chiebukuro.yahoo.co.jp/qa/question_detail/q13324885903,コンスィーヤってなんだっけ,0,0
791,2026/2/1 6:40,ゲーム,osg********,9時間21分,2,18,9.0,0,0,0.032,11.11,0.0,0.21,あと3日,https://detail.chiebukuro.yahoo.co.jp/qa/question_detail/q12324885902,ハートピアスローライフのスノーシーズンイベントについて ハートピアスローライフの朝活で、ログイン後イベント期間限定の料理の材料を購入し、専用の料理台で料理をしようとしたら他のユーザーが一人で2台使って...,0,0
792,2026/2/1 6:40,交通、運転マナー,ー ー ー,9時間21分,7,74,10.6,0,1,0.132,9.46,0.01,0.81,あと3日,https://detail.chiebukuro.yahoo.co.jp/qa/question_detail/q11324885901,横断歩道等歩行者妨害について。 通勤途中の道に信号のない横断歩道があります。 朝に、小学生の男の子が立っていたので、私は停止線で一時停止をしたのですが、いくら待ってもその男の子が一向に渡る気配がなかっ...,0,0
793,2026/2/1 6:40,ゲーム,1252625027,9時間21分,1,20,20.0,0,0,0.036,5.0,0.01,0.12,不明,https://detail.chiebukuro.yahoo.co.jp/qa/question_detail/q14324885899,HUNDRED LINEについて。昨日面影歪くんの誕生日ツイートが流れてきたのですがあの誕生日絵？本編のスチル？どちらかは分かりませんが果たしてどのような状況なのでしょうか。 ゲーム名くらいしか知らず...,0,0
794,2026/2/1 6:40,アニメ,1150446559,9時間21分,0,3,3.0,0,0,0.005,0.0,0.0,0.01,あと3日,https://detail.chiebukuro.yahoo.co.jp/qa/question_detail/q13324885898,たこやきマントマンのレッド、ブルー、グリーン、イエロー、ピンクの5人とぴちぴちピッチのマリアが戦ったらどっちが勝ちますか？,0,0
795,2026/2/1 6:40,プロレス,unc********,9時間22分,1,17,17.0,0,0,0.03,5.88,0.01,0.12,あと3日,https://detail.chiebukuro.yahoo.co.jp/qa/question_detail/q14324885894,フワちゃん、ちょっとプロレスの才能が凄いぞコイツ...。試合の動きは勿論、マイクから試合後のインタビューから、ちゃんと感情が乗ってる...。なんだこいつは？,0,0
796,2026/2/1 6:39,パソコン,rih********,9時間23分,5,15,3.0,0,0,0.027,33.33,0.0,0.47,あと3日,https://detail.chiebukuro.yahoo.co.jp/qa/question_detail/q13324885893,DELLの計算機なのですが1TBのSATA接続HDD 2つを搭載しており、RAID 0で組まれたPCがあります。 OSはWindows10です。 これらをバックアップするためにデュプリケータ（ロジテッ...,0,0
797,2026/2/1 6:39,女性アイドル,a1e796667,9時間23分,1,19,19.0,1,0,0.034,5.26,0.01,0.3,不明,https://detail.chiebukuro.yahoo.co.jp/qa/question_detail/q12324885892,乃木坂46のカップリングのライブの当選落選の発表はいつ頃か分かりますか。 ライブは2/21です。 昔の乃木坂46のバスラとか 昔のカップリングのライブとか アンダーライブとか。 昔乃木坂46乃ライブに...,0,0
798,2026/2/1 6:39,プロ野球,1052508475,9時間23分,2,18,9.0,0,0,0.032,11.11,0.0,0.21,あと3日,https://detail.chiebukuro.yahoo.co.jp/qa/question_detail/q11324885891,今後ソフトバンクホークスがパ・リーグ優勝を５年間逃す って何年先ですか？ 読売ジャイアンツのリーグ優勝と日本一の回数を抜きますでしょうか？,0,0
799,2026/2/1 6:39,料理、食材,ca657f0e5,9時間23分,11,27,2.5,0,0,0.048,40.74,0.0,1.02,あと3日,https://detail.chiebukuro.yahoo.co.jp/qa/question_detail/q10324885890,かき揚げに合う食材は？？,0,0
800,2026/2/1 6:39,スロット,哲也,9時間23分,1,26,26.0,0,0,0.046,3.85,0.01,0.13,不明,https://detail.chiebukuro.yahoo.co.jp/qa/question_detail/q14324885889,スマスロ未経験者ですが、北斗でラオウとバトル中に2チェやレア小役引いたらどうなりますか？4号機初代北斗で一か月で最高140万勝ちの経験があり、機会があればスマスロ北斗打ってみようかなと思ってます。,0,0
801,2026/2/1 6:39,Android,Air,9時間23分,2,65,32.5,0,3,0.115,3.08,0.04,0.45,不明,https://detail.chiebukuro.yahoo.co.jp/qa/question_detail/q13324885888,PayPayカード普通郵便で簡単契約 21時半までに口座登録してください。とGmailにありましたが22時過ぎて無理でした。登録に１ヶ月掛かりますか⁉️,0,0
802,2026/2/1 6:39,恋愛相談、人間関係の悩み,aaa5ce900,9時間23分,3,37,12.3,0,1,0.066,8.11,0.01,0.38,あと3日,https://detail.chiebukuro.yahoo.co.jp/qa/question_detail/q12324885887,恋愛について質問です。最近、毎日夜にラインしている子がいるんですけど、思い切って予定ある？って誘ってみたんですけど、いつ？ って言われて2月中って言ったら、部活のコンサートがあるからまじで忙しいんだよ...,0,0
803,2026/2/1 6:39,恋愛相談、人間関係の悩み,1251395846,9時間23分,5,43,8.6,0,0,0.076,11.63,0.01,0.52,あと3日,https://detail.chiebukuro.yahoo.co.jp/qa/question_detail/q11324885886,注意とか指示すると、嫌がらせや足を引っ張ってくる人ってどう思いますか？ 明らかに何もしないとか、周りの迷惑になってるとかで注意しないといけない場面でそう言った人ならどう言えばよいのですかね？ 何される...,0,0
804,2026/2/1 6:39,新築一戸建て,1052656582,9時間23分,4,37,9.2,0,0,0.066,10.81,0.01,0.42,あと3日,https://detail.chiebukuro.yahoo.co.jp/qa/question_detail/q10324885885,戸建て新築工事計画中のものです。 今現在ハウスメーカー（工務店）の選定段階です。 価格の違いは、使用部材の種類やグレードにもよるのかと思いますが、部材ごとの知識が乏しいため良し悪しを計りかねています。...,0,0
805,2026/2/1 6:38,資産運用、投資信託、NISA,tom********,9時間24分,1,45,45.0,0,0,0.08,2.22,0.04,0.17,あと3日,https://detail.chiebukuro.yahoo.co.jp/qa/question_detail/q14324885884,NISAを始めたばかりの初心者です。 楽天証券のNISA積立枠ボーナス一括設定について教えて下さい。 例えば、今年の2/6にNISA積立枠を一括で埋めたい場合、月々の積立額を100円にして、残りの金額...,0,0
806,2026/2/1 6:38,土地,ab6994040,9時間24分,2,22,11.0,0,0,0.039,9.09,0.0,0.22,あと3日,https://detail.chiebukuro.yahoo.co.jp/qa/question_detail/q13324885883,最近、家を建てようと土地を探している者です。 ハウスメーカーから紹介された不動産の方に、紹介された土地の一つに良い物がありました。直ぐ近くにコンビニがありトイレを借りた際、女性トイレの壁に女性相談ダイ...,0,0
807,2026/2/1 6:38,コンタクトレンズ、視力矯正,非公開,9時間24分,0,2,2.0,0,0,0.004,0.0,0.0,0.0,あと3日,https://detail.chiebukuro.yahoo.co.jp/qa/question_detail/q12324885882,サンドイッチ製法かつベースカーブが‎8.8以上のカラコンがあったら教えていただきたいです。,0,0
808,2026/2/1 6:38,格安スマホ,1052798944,9時間24分,5,37,7.4,0,1,0.065,13.51,0.0,0.56,あと3日,https://detail.chiebukuro.yahoo.co.jp/qa/question_detail/q10324885880,スマホでNHK+が見れないのですがNHKと契約しないとだめなんですか？,0,0
809,2026/2/1 6:38,鉄道、列車、駅,ID,9時間25分,0,56,56.0,0,0,0.099,0.0,0.0,0.1,あと3日,https://detail.chiebukuro.yahoo.co.jp/qa/question_detail/q14324885879,ここはどこの踏切ですか？,0,0
810,2026/2/1 6:38,職場の悩み,cd721c577,9時間25分,3,38,12.7,0,1,0.067,7.89,0.01,0.39,あと3日,https://detail.chiebukuro.yahoo.co.jp/qa/question_detail/q13324885878,職場の女性の話なんですが、女性は、会話していてこちらは、全然会話に参加してないけど、急にこっちに「ね！？」と同意してくるのは、どんな心理なんでしょうか？ 最近頻度が多い気がします！,0,0
811,2026/2/1 6:38,料理、食材,sanyaso_fusigi,9時間25分,2,25,12.5,2,0,0.044,8.0,0.01,0.57,あと3日,https://detail.chiebukuro.yahoo.co.jp/qa/question_detail/q12324885877,左翼政党が勝つのは怖いけど、自民党が圧勝するのも心配では？ ＝＝＝ 詳細： 左翼政党が勝つのは確かに怖いけど、 本当に重要な問題を避けて通っている（と私は本当に思っている）自民党が圧勝するのも心配では...,0,0
812,2026/2/1 6:38,プレイステーション4,yuz********,9時間25分,3,4,1.3,0,0,0.007,75.0,0.0,0.27,あと3日,https://detail.chiebukuro.yahoo.co.jp/qa/question_detail/q11324885876,ゲーム機に詳しくない者てす。まずストリートファイター、鉄拳、サッカーゲームをやりたくてプレステ5かSwitch2を買うか迷っています。どなたか良きアドバイスをお願い致します。,0,0
813,2026/2/1 6:38,プロ野球,1052508475,9時間25分,3,82,27.3,0,0,0.145,3.66,0.04,0.41,不明,https://detail.chiebukuro.yahoo.co.jp/qa/question_detail/q10324885875,なぜ広島カープは弱いのでしょうか？,0,0
814,2026/2/1 6:38,パズルゲーム,しゅ,9時間25分,1,41,41.0,0,0,0.073,2.44,0.03,0.16,あと3日,https://detail.chiebukuro.yahoo.co.jp/qa/question_detail/q14324885874,パズドラについてです。 以下の編成で太陽チャレンジ挑んでるんですが。クリア可能かどうかって分かりますか？恐らくクリアできると思ってやってるんですがボス発狂で4500万飛んでくるっぽいので心配です。 あ...,0,0
815,2026/2/1 6:37,大学受験,ba5879422,9時間26分,2,23,11.5,0,0,0.041,8.7,0.0,0.22,あと3日,https://detail.chiebukuro.yahoo.co.jp/qa/question_detail/q13324885873,受験で数1Aを受験するつもりだったんですけど、よく見たら数１A２B Cまでが一科目に換算されてて、流石に間に合わないし諦めようと思ってます。入試には行った方がいいですかね。 それか二日間あるので別の大...,0,0
816,2026/2/1 6:37,ゲーム,a8cdb74c5,9時間26分,1,16,16.0,0,0,0.028,6.25,0.0,0.12,あと3日,https://detail.chiebukuro.yahoo.co.jp/qa/question_detail/q11324885871,第五人格 勝率についてです。サバイバーでここまでは大丈夫だけどここからはちょっとやばいみたいなラインってありますか？ ちなみに僕は29%と30%を行ったり来たりしてます。,0,0
817,2026/2/1 6:37,菓子、スイーツ,食費が足りない,9時間26分,2,30,15.0,0,0,0.053,6.67,0.01,0.23,あと3日,https://detail.chiebukuro.yahoo.co.jp/qa/question_detail/q10324885870,チョコレートを食べたいんだが、量多くて安いやつを探してて中々買えずに数ヶ月経過してて、チョコレート食いたい欲だけが溜まっていきます。オススメ教えてほしいです。 板の様な自分で割って食べるものではなく、...,0,0
818,2026/2/1 6:37,マラソン、陸上競技,col********,9時間26分,1,20,20.0,0,3,0.035,5.0,0.01,0.28,あと3日,https://detail.chiebukuro.yahoo.co.jp/qa/question_detail/q14324885869,サブ3達成者ってトレッドミルの時速14.5から15で難なく90分程度走れるものなんですか？,0,0
819,2026/2/1 6:37,テレビゲーム全般,tmm********,9時間26分,0,10,10.0,0,0,0.018,0.0,0.0,0.02,あと3日,https://detail.chiebukuro.yahoo.co.jp/qa/question_detail/q13324885868,PS2のレースゲームを探しています。 20〜25年くらい前にプレイしたと思うのですが、特徴しか覚えていなくて、探しても見つけられません。 ・レース以外でオープンワールドのように自由に走れたと思う。 ・...,0,0
820,2026/2/1 6:37,鉄道、列車、駅,1052575117,9時間26分,4,124,31.0,0,0,0.219,3.23,0.07,0.57,あと3日,https://detail.chiebukuro.yahoo.co.jp/qa/question_detail/q12324885867,至急お願いします！ 甲府駅から熱海駅までSuicaで行くことはできますか？ 富士駅で乗り換えなのですがSuicaが使える場合1度改札を出なければいけないなどありますか？,0,0
821,2026/2/1 6:37,Yahoo!知恵袋,^_^;,9時間26分,1,17,17.0,0,0,0.03,5.88,0.01,0.12,あと3日,https://detail.chiebukuro.yahoo.co.jp/qa/question_detail/q11324885866,今日、2月1日は、ガーナチョコレートの日ですね。さて、あなたが、ロッテのガーナチョコレートの中で好きな味の種類を1つだけ教えて下さい。,0,0
822,2026/2/1 6:37,目の病気,1151166084,9時間26分,3,44,14.7,0,1,0.078,6.82,0.01,0.39,あと3日,https://detail.chiebukuro.yahoo.co.jp/qa/question_detail/q10324885865,夜勤中休憩から戻り掃除をしていると目の前に黒い物体が飛んできたように見えたのですが探しても居なかったです。 それ以降は全く見えないです。 昨日は左目の下瞼がピクピクしていて今日の朝方は右目が重い感じで...,0,0
823,2026/2/1 6:37,デジタルカメラ,1252930991,9時間26分,2,29,14.5,0,1,0.051,6.9,0.01,0.28,あと3日,https://detail.chiebukuro.yahoo.co.jp/qa/question_detail/q14324885864,すみません、本日旅先に行く前にカメラの購入を想定している者ですが、昨日に「iPhoneとデジカメならば薄く望遠などは積み込めない分後付け可能なデジカメに軍配が上がる」という意見がもらえたのですが、 ふ...,0,0
824,2026/2/1 6:37,超常現象、オカルト,はんちゃ,9時間26分,0,10,10.0,0,0,0.018,0.0,0.0,0.02,あと3日,https://detail.chiebukuro.yahoo.co.jp/qa/question_detail/q13324885863,皆さんは、ニューラリンクの手術を受けますか？ 最終的に10万円程度で、手術を受けられるようになるみたいです。 5年後から6年後くらいみたいです。,0,0
825,2026/2/1 6:37,海外サッカー,hokukun,9時間26分,2,21,10.5,0,0,0.037,9.52,0.0,0.21,不明,https://detail.chiebukuro.yahoo.co.jp/qa/question_detail/q12324885862,MLSが秋春制じゃないのは何故ですか？ アメリカではNFL、NBAが冬にやっていますよね。,0,0
826,2026/2/1 6:36,プロ野球,1052508475,9時間28分,1,34,34.0,0,0,0.06,2.94,0.02,0.15,不明,https://detail.chiebukuro.yahoo.co.jp/qa/question_detail/q11324885861,なぜ読売ジャイアンツはAクラスばかりなのでしょうか？ なぜヤクルトは最下位争いばかりなのでしょうか？ なぜdenaベイスターズは98年の優勝から優勝できていないのでしょうか？,0,0
827,2026/2/1 6:36,生き方、人生相談,acr********,9時間28分,2,36,18.0,0,0,0.063,5.56,0.01,0.24,あと3日,https://detail.chiebukuro.yahoo.co.jp/qa/question_detail/q10324885860,何か差が付く奴をやると 死人が出ませんか？ 何か差が付く奴 嬉しいと言うよりは みんなやりたくない奴では？,0,0
828,2026/2/1 6:36,音楽,さともち,9時間28分,1,18,18.0,0,0,0.032,5.56,0.01,0.12,あと3日,https://detail.chiebukuro.yahoo.co.jp/qa/question_detail/q14324885859,BGMについて質問です。 ててててれてててれてててんてれてててんみたいな感じの曲の名前を教えてください！ 詳細に書くと ててて、てれてて、てれてててん、てれてててんといった感じのBGMです最近流行った...,0,0
829,2026/2/1 6:36,職場の悩み,ー ー ー,9時間28分,4,80,20.0,0,0,0.141,5.0,0.03,0.49,あと3日,https://detail.chiebukuro.yahoo.co.jp/qa/question_detail/q13324885858,皆さんが生きていて良かったと思える瞬間は、いつですか？ 閲覧ありがとうございます。20歳男です。たまに消えたくなったり、◯にたくなったりする瞬間があります。 適応障害で転職し、先月から新しい会社で勤務...,0,0
830,2026/2/1 6:36,商品の発送、受け取り,anh********,9時間28分,1,11,11.0,0,0,0.019,9.09,0.0,0.11,あと3日,https://detail.chiebukuro.yahoo.co.jp/qa/question_detail/q12324885857,韓国から発送された商品の通関についてです。 28日水曜日に出荷完了、29日木曜日18時頃通関場に到着と表示されています。 1週間前に同じショップで買った商品は同じような感じで金曜日の15時頃に通関完了...,0,0
831,2026/2/1 6:36,爬虫類、両生類,1253231648,9時間28分,4,55,13.8,0,8,0.097,7.27,0.01,0.87,あと3日,https://detail.chiebukuro.yahoo.co.jp/qa/question_detail/q11324885856,コレは何という動物ですか？,0,0
832,2026/2/1 6:36,職場の悩み,1150889247,9時間28分,2,60,30.0,0,0,0.106,3.33,0.03,0.28,あと3日,https://detail.chiebukuro.yahoo.co.jp/qa/question_detail/q10324885855,前に「職場の空気を悪くしている人をどう思いますか？」という質問があった記憶がありました。私は周りが、その人をそういう人にしたのではと思います。職場は仲良しこよしで仕事する所ではないと思いますけど みな...,0,0
833,2026/2/1 6:35,プレイステーション4,fps********,9時間29分,1,4,4.0,0,0,0.007,25.0,0.0,0.09,不明,https://detail.chiebukuro.yahoo.co.jp/qa/question_detail/q14324885854,仁王3 キャラクリやり直したいけど どのタイミングでできます？ 結構探索したけど,0,0
834,2026/2/1 6:35,大学,匿名,9時間29分,2,42,21.0,1,8,0.074,4.76,0.02,0.84,あと3日,https://detail.chiebukuro.yahoo.co.jp/qa/question_detail/q12324885852,北九州市立大学と南山大学では入試難易度はどちらの方が上ですか？やはり北九州市立大学が上でしょうか？,0,0
835,2026/2/1 6:35,テレビ、ラジオ,^_^;,9時間29分,4,20,5.0,0,0,0.035,20.0,0.0,0.39,あと3日,https://detail.chiebukuro.yahoo.co.jp/qa/question_detail/q10324885850,今日、2月1日は、テレビ放送記念日ですね。さて、あなたが1番好きなテレビのバラエティー番組を1つだけ教えて下さい。,0,0
836,2026/2/1 6:34,爬虫類、両生類,ごんた,9時間30分,3,50,16.7,0,5,0.088,6.0,0.01,0.61,不明,https://detail.chiebukuro.yahoo.co.jp/qa/question_detail/q14324885849,ゼニガメを室内飼育しているのですが、最近の寒さも関係あるのか餌をあまり食べずに浮島にあがってよく寝ています、これって体調でも悪いんですかね？ 小さい頃から飼っていて2年目になるのですが去年はこんなこと...,0,0
837,2026/2/1 6:34,メイク、コスメ,非公開,9時間30分,0,12,12.0,0,0,0.021,0.0,0.0,0.02,あと3日,https://detail.chiebukuro.yahoo.co.jp/qa/question_detail/q13324885848,アイラインはリキッドタイプのもので書くより、ペンシルや濃いアイシャドウで書いた方が盛れるのですが顔タイプは何かわかりますか？,0,0
838,2026/2/1 6:34,ヘアスタイル,れい,9時間30分,2,52,26.0,0,0,0.091,3.85,0.02,0.27,あと3日,https://detail.chiebukuro.yahoo.co.jp/qa/question_detail/q12324885847,16歳男です。昔から髪の毛が長いことに憧れてきました。 通信高校に今は通っているのですが、中学生の頃は不登校でした、その時期に髪を伸ばしてる時期もあったのですが、僕は天パを持っていてどうしてもアフロみ...,0,0
839,2026/2/1 6:34,コミック,1220579l52,9時間30分,2,60,30.0,0,1,0.105,3.33,0.03,0.33,あと3日,https://detail.chiebukuro.yahoo.co.jp/qa/question_detail/q14324885844,呪術廻戦で受肉ってあると思うんですけど、あれって受肉する現代の人間と受肉した昔の呪詛師で容姿はどっちがベースになるんですか？,0,0
840,2026/2/1 6:34,サッカー,1251411995,9時間30分,0,7,7.0,0,0,0.012,0.0,0.0,0.01,あと3日,https://detail.chiebukuro.yahoo.co.jp/qa/question_detail/q10324885845,至急お願いいたします！！(-_-;) サッカー⚽️Jリーグいよいよ開幕しますが、サンフレッチェ広島、やはりことしもファンレターダメでしょうか？ コロナ禍になる前までは返事きてました！,0,0
842,2026/2/1 6:34,病気、症状,1151845854,9時間31分,0,17,17.0,0,0,0.03,0.0,0.0,0.03,あと3日,https://detail.chiebukuro.yahoo.co.jp/qa/question_detail/q13324885843,腎移植後クレアチニン１.32 egfr３３.2 総蛋白７.0腎移植後4年後で透析歴1年後の数値は近い将来透析に戻りますか？移植後の皆さんもどうですか？後カリウムやリンの制限を最近気にして食べるものがあ...,0,0
843,2026/2/1 6:34,楽天市場,1149770094,9時間31分,1,9,9.0,0,0,0.016,11.11,0.0,0.1,不明,https://detail.chiebukuro.yahoo.co.jp/qa/question_detail/q11324885841,シャープの空気清浄機の集じんフィルターについて質問です 家にkc-g50とkc-50th3があります それぞれ対応する集じんフィルターがfz-d50hfとfz-d60hfです fz-d50hfは楽天市...,0,0
844,2026/2/1 6:34,リズム、音楽ゲーム,1052262388,9時間31分,1,11,11.0,0,0,0.019,9.09,0.0,0.11,あと3日,https://detail.chiebukuro.yahoo.co.jp/qa/question_detail/q10324885840,学マス、キャラのレベル上げについて 質問を見てくださりありがとうございます。 今月学マスを始めた初心者です!! 現在、最初にもらったLuna say maybe手毬が好きで、メインとして使っているので...,0,0
845,2026/2/1 6:34,ゲーム,あ,9時間31分,1,11,11.0,0,0,0.019,9.09,0.0,0.11,あと3日,https://detail.chiebukuro.yahoo.co.jp/qa/question_detail/q14324885839,原神について質問です。 コロンビーナとイネファを同じ編成で使う時の聖遺物教えてください,0,0
846,2026/2/1 6:34,アニメ,t,9時間31分,3,24,8.0,0,2,0.042,12.5,0.0,0.41,あと3日,https://detail.chiebukuro.yahoo.co.jp/qa/question_detail/q13324885838,テレビ1台だったら他のチャンネルのアニメが観れないから嫌ですか？,0,0
847,2026/2/1 6:34,職場の悩み,非公開ID,9時間31分,2,9,4.5,0,0,0.016,22.22,0.0,0.19,あと3日,https://detail.chiebukuro.yahoo.co.jp/qa/question_detail/q12324885837,社長の前では必ず大丈夫ですと返事をするリーダー。作業員が必死にやってるから回ってるだけ。リーダーは手柄を持っていくタイプです。指示をするのもろくにできないため、サブの方が必死にまわしています。 職場の...,0,0
848,2026/2/1 6:33,メルカリ,1153345938,9時間32分,13,186,14.3,0,46,0.325,6.99,0.05,3.86,あと3日,https://detail.chiebukuro.yahoo.co.jp/qa/question_detail/q11324885836,メルカリで5100円のものを5000円に値引きしない人っているんでしょうか？ いいねしてる商品に5100→5000にお値下げして欲しいと言っているのを断られていました。 他の人を焦らせて飼わせるための...,0,0
849,2026/2/1 6:33,シニアライフ、シルバーライフ,kasamira,9時間32分,9,86,9.6,0,1,0.15,10.47,0.01,0.99,あと3日,https://detail.chiebukuro.yahoo.co.jp/qa/question_detail/q10324885835,朝ごはん何ですか？ おはようございます,0,0
850,2026/2/1 6:33,政治、社会問題,我々のコリブリ,9時間32分,2,9,4.5,0,0,0.016,22.22,0.0,0.19,あと3日,https://detail.chiebukuro.yahoo.co.jp/qa/question_detail/q14324885834,選挙 時々選挙期間中は普通に候補者の選挙運動をやっていた人達が 投票日当日になると急に毛色を変えて候補者の名前も政党も 出さずに投票に行こう運動をしている事例が有りますが あれは大丈夫なんですかね？ ...,0,0
851,2026/2/1 6:33,恋愛相談、人間関係の悩み,1052508475,9時間32分,1,34,34.0,0,0,0.059,2.94,0.02,0.15,不明,https://detail.chiebukuro.yahoo.co.jp/qa/question_detail/q13324885833,飲み屋のバー 客と話したくないです。 そんな私はバーに行くべきではないのでしょうか。 極端な例だとするとゴールデン街ですね。 まあ極端すぎましたか。,0,0
852,2026/2/1 6:33,政治、社会問題,山女魚,9時間32分,7,160,22.9,1,13,0.279,4.38,0.06,1.74,あと3日,https://detail.chiebukuro.yahoo.co.jp/qa/question_detail/q11324885831,高市総理大臣の積極財政って、言葉は違えど安倍政権と同じ事ですね。 その結果、大企業と金融業界が労働者の賃金を抑え、株式への投資で利益を上げ、それを又株式などの金融市場で廻したのですよね。昨年の大企業の...,0,0
853,2026/2/1 6:33,メイク、コスメ,af8b67548,9時間32分,1,16,16.0,0,1,0.028,6.25,0.0,0.17,あと3日,https://detail.chiebukuro.yahoo.co.jp/qa/question_detail/q10324885830,まつ毛を保護できるものはありますか？ ビューラーを使っていて心なしか量が少し減ったような…まつ毛も傷んでいかないか将来的に不安です 長さは求めてはいないためどのようなものがいいのかわかりません 回答よ...,0,0
854,2026/2/1 6:33,レディース全般,1150412185,9時間32分,3,68,22.7,0,0,0.119,4.41,0.03,0.38,不明,https://detail.chiebukuro.yahoo.co.jp/qa/question_detail/q14324885829,大学一年生の娘のファッションについて。全身黒ずくめのパンツスタイルにします。もう少し若々しい服を着て貰いたいのですが、どうしたら良いでしょうか？ 解決策として、パーソナルカラー診断を受けさせようかと考...,0,0
855,2026/2/1 6:33,高校数学,minamino,9時間32分,0,25,25.0,0,0,0.044,0.0,0.0,0.04,あと3日,https://detail.chiebukuro.yahoo.co.jp/qa/question_detail/q11324885826,24年度国立理系入試問題^_^202 信州大学後期(理工学部)(7)【╰(*´︶`*)╯♡ 何卒よろしくお願いします,0,0
856,2026/2/1 6:33,恋愛相談、人間関係の悩み,m09********,9時間33分,7,98,14.0,0,2,0.171,7.14,0.02,0.88,あと3日,https://detail.chiebukuro.yahoo.co.jp/qa/question_detail/q10324885825,付き合ってない男性とご飯に行った帰りに、その男がキスしようとしてるなって雰囲気って分かりますか？ そんな時あなたも同じ気持ちなら、キスしやすい雰囲気に持っていったりしますか？ また嫌ならそんな雰囲気を...,0,0
857,2026/2/1 6:33,Android,1151727525,9時間33分,2,17,8.5,0,0,0.03,11.76,0.0,0.2,あと3日,https://detail.chiebukuro.yahoo.co.jp/qa/question_detail/q14324885824,WiFiとBluetoothが繋がりません Googlepixel10です 何故かWiFiがオフになっており、オンにしても家のWiFiもどこのWiFiもでてきません。そして気づいたらオフになっています...,0,0
858,2026/2/1 6:33,アニメ,カイザー,9時間33分,1,5,5.0,0,0,0.009,20.0,0.0,0.1,あと3日,https://detail.chiebukuro.yahoo.co.jp/qa/question_detail/q12324885822,質問 ラブライブ虹ヶ崎のムビチケの最終章を購入し 特典の壁紙のをダウンロードしたいのですが やり方を教えてくれませんか,0,0
859,2026/2/1 6:32,DIY,太郎,9時間34分,2,25,12.5,0,0,0.044,8.0,0.01,0.22,あと3日,https://detail.chiebukuro.yahoo.co.jp/qa/question_detail/q11324885821,天井のコーキング部分が、ぽつぽつと気泡っぽくなっていました。 原因はなんでしょうか？ ジョイントコークで上から埋めるので対策法としてはよろしいでしょうか？,0,0
860,2026/2/1 6:32,結婚,gwt********,9時間34分,11,114,10.4,0,10,0.198,9.65,0.02,1.68,あと3日,https://detail.chiebukuro.yahoo.co.jp/qa/question_detail/q14324885819,結婚はいいものですか？（身の上話見たくない方は一番下まで） 私の中で結婚はリスク、いつ失ってもおかしくないものです。 躁鬱の父親を持ち幼少から高校までは家庭内別居状態でした。一触即発の雰囲気の中で両親...,0,0
861,2026/2/1 6:32,車検、メンテナンス,fps********,9時間34分,3,55,18.3,0,0,0.096,5.45,0.02,0.36,あと3日,https://detail.chiebukuro.yahoo.co.jp/qa/question_detail/q13324885818,車 コーティング キーパー もう五年前かな、キーパーで10万払ってコーティングしていまだに綺麗なんだけど、よーく見ると黒い点々とか、樹脂？部分に垢とか、これってコーティング時に綺麗にしてもらえるんです...,0,0
862,2026/2/1 6:32,アニメ,t,9時間34分,0,4,4.0,0,0,0.007,0.0,0.0,0.01,あと3日,https://detail.chiebukuro.yahoo.co.jp/qa/question_detail/q11324885816,クレヨンしんちゃん、ドラえもん、青のミブロ、名探偵コナンの放送を見逃した事がありますか？,0,0
863,2026/2/1 6:32,アニメ,1150446559,9時間34分,1,2,2.0,0,0,0.003,50.0,0.0,0.09,あと3日,https://detail.chiebukuro.yahoo.co.jp/qa/question_detail/q14324885814,クレヨンしんちゃんの野原家にポケモンのゲノセクトが居たらどうなりますか？,0,0
864,2026/2/1 6:32,家族関係の悩み,まりーごーるど,9時間34分,4,52,13.0,0,3,0.09,7.69,0.01,0.59,あと3日,https://detail.chiebukuro.yahoo.co.jp/qa/question_detail/q13324885813,子供がほしくない夫と結婚した場合 夫に合わせて、自分の気持ちを押し殺して 生きていくことが正解ですか？ それとも、離婚する人が多いですか？ どちらが美しい生き方ですか？ 正解がわからなくて質問しました...,0,0
865,2026/2/1 6:31,恋愛相談、人間関係の悩み,zax********,9時間35分,1,9,9.0,0,1,0.016,11.11,0.0,0.15,あと3日,https://detail.chiebukuro.yahoo.co.jp/qa/question_detail/q11324885811,推しに睨まれたら諦めますか？,0,0
866,2026/2/1 6:31,iPhone,c95174b44,9時間35分,0,15,15.0,0,0,0.026,0.0,0.0,0.03,あと3日,https://detail.chiebukuro.yahoo.co.jp/qa/question_detail/q10324885810,【至急】 中古iPhone13pro256 GBバッテリー最大容量80%カメラレンズ1眼割れ36000円 買うべきですか？やめておいた方がいいと思いますか？,0,0
867,2026/2/1 6:31,政治、社会問題,hit********,9時間35分,0,5,5.0,0,0,0.009,0.0,0.0,0.01,あと3日,https://detail.chiebukuro.yahoo.co.jp/qa/question_detail/q13324885808,遠藤利明衆議院議員後継者として検討されたのは誰々ですか+,0,0
868,2026/2/1 6:31,デンタルケア,非公開,9時間35分,0,13,13.0,0,0,0.023,0.0,0.0,0.02,あと3日,https://detail.chiebukuro.yahoo.co.jp/qa/question_detail/q14324885809,笑った時歯茎が見えるのが嫌です と言ってもガミースマイルではなく、画像のようなごく普通に少し見える程度なのですが、私の歯はとても小さいので歯茎が見えてしまうと馬鹿っぽく見えてしまうのがコンプレックスで...,0,0
869,2026/2/1 6:31,テレビゲーム全般,Jari1234Jari4321,9時間35分,0,9,9.0,0,0,0.016,0.0,0.0,0.02,あと3日,https://detail.chiebukuro.yahoo.co.jp/qa/question_detail/q12324885807,ジャックポットってなんですか？ 大乱闘スマッシュブラザーズ（ニンテンドー６４）の１人PLAYモードのスコアで「ジャックポット」というのがあります。 スコアは5000だったと思います。 検索したところ「...,0,0
870,2026/2/1 6:31,教養、ドキュメンタリー,私の質問内では逆質問は一切禁止,9時間35分,0,1,1.0,0,0,0.002,0.0,0.0,0.0,あと3日,https://detail.chiebukuro.yahoo.co.jp/qa/question_detail/q11324885806,以下の「NHK番組発掘プロジェクト」のサイト内記載の5個の「当時のエンタメ番組特集記事」をそれぞれ全て読んだ「感想」を「理由付き」にして教えて下さい。 ↓ ※以下の方々は回答しないで下さい。 ↓ 「何...,0,0
872,2026/2/1 6:31,高校数学,minamino,9時間36分,1,19,19.0,0,0,0.033,5.26,0.01,0.12,あと3日,https://detail.chiebukuro.yahoo.co.jp/qa/question_detail/q14324885804,24年度国立理系入試問題^_^201 信州大学後期(理工学部)(6)【微分╰(*´︶`*)╯♡ 何卒よろしくお願いします,0,0
873,2026/2/1 6:31,病気、症状,ukx********,9時間36分,1,37,37.0,0,0,0.064,2.7,0.02,0.15,あと3日,https://detail.chiebukuro.yahoo.co.jp/qa/question_detail/q12324885802,背中に違和感を感じて見てみたらこうなっていました これが一体なんなのかわかる方いますか？ 痛みとしてはあざっぽい痛みとヒリヒリとか少し熱を持ってる気もします,0,0
874,2026/2/1 6:30,生き方、人生相談,acr********,9時間37分,0,9,9.0,0,0,0.016,0.0,0.0,0.02,あと3日,https://detail.chiebukuro.yahoo.co.jp/qa/question_detail/q10324885800,なぜ メンターもいつまで経っても 「美談」にして 放っておくんですか？,0,0
875,2026/2/1 6:30,妊娠、出産,1150163370,9時間37分,1,21,21.0,0,0,0.036,4.76,0.01,0.12,あと3日,https://detail.chiebukuro.yahoo.co.jp/qa/question_detail/q14324885799,生理が予定日をすぎてから3日経つけど来ません。 前回の生理が12/28で周期はだいたい32-33です。 今回の予定日はルナルナでいうと1/29でした。 1/9.22.28.30で行為しました。 いずれ...,0,0
876,2026/2/1 6:30,iPhone,add462735,9時間37分,1,21,21.0,0,1,0.036,4.76,0.01,0.17,あと3日,https://detail.chiebukuro.yahoo.co.jp/qa/question_detail/q13324885798,iPhone13って10分鍋で茹でても壊れませんか？ 電源つく可能性ありますか？,0,0
877,2026/2/1 6:30,家族関係の悩み,a2230b858,9時間37分,5,57,11.4,0,1,0.099,8.77,0.01,0.58,あと3日,https://detail.chiebukuro.yahoo.co.jp/qa/question_detail/q11324885796,私にはトランプそっくりの親族がいます。顔ではなく中身です。 お金はたんまりあって地位も名誉もあり、トランプ関税の時のように物凄く意地も悪くて でも良いところもあるんでしょうけど、権力を振りかざしてみん...,0,0
878,2026/2/1 6:30,恋愛相談,448974123,9時間37分,3,68,22.7,0,0,0.118,4.41,0.03,0.38,あと3日,https://detail.chiebukuro.yahoo.co.jp/qa/question_detail/q10324885795,恋愛相談です つい最近の出来事なのですが snsでかっこいいと思ってた人と2ヶ月前からちょくちょくdmで話すようになって、向こうから飲みに誘われて最近サシ飲みしてきました まず当日（酔っててあまり覚え...,0,0
879,2026/2/1 6:30,教養、ドキュメンタリー,私の質問内では逆質問は一切禁止,9時間37分,0,3,3.0,0,0,0.005,0.0,0.0,0.01,あと3日,https://detail.chiebukuro.yahoo.co.jp/qa/question_detail/q13324885793,以下の「NHK番組発掘プロジェクト」のサイト内記載の「当時のテレビドラマ番組特集記事5つ」をそれぞれ全て読んだ「感想」を「理由付き」にして教えて下さい。 ↓ ※以下の方々は回答しないで下さい。 ↓ 「...,0,0
880,2026/2/1 6:30,女性アイドル,tak********,9時間37分,1,18,18.0,0,0,0.031,5.56,0.01,0.12,あと3日,https://detail.chiebukuro.yahoo.co.jp/qa/question_detail/q12324885792,橋本環奈の体重はジャスト40kgくらいですか？,0,0
881,2026/2/1 6:29,Yahoo!知恵袋,非公開,9時間38分,2,31,15.5,0,0,0.054,6.45,0.01,0.23,あと3日,https://detail.chiebukuro.yahoo.co.jp/qa/question_detail/q11324885791,Yahoo!知恵袋のアカウントをもう1個作りたいけど、どうしたらいいかな？というか、今のやつは捨てて乗り換えることが目的です アカウントに傷がついてるようなので,0,0
882,2026/2/1 6:29,飲食店,kazutora,9時間38分,0,4,4.0,0,0,0.007,0.0,0.0,0.01,あと3日,https://detail.chiebukuro.yahoo.co.jp/qa/question_detail/q14324885789,2月の中旬に男女6名でアベノ周辺で飲み会(飲むのは2人です)をする予定です。 梅田や福島だと何回か飲み会実施しましたが、アベノ周辺は初めてなので 食べ物が充実していて、程々の価格のお店を教えて下さい。,0,0
883,2026/2/1 6:29,政治、社会問題,1053048010,9時間38分,4,34,8.5,0,0,0.059,11.76,0.01,0.4,あと3日,https://detail.chiebukuro.yahoo.co.jp/qa/question_detail/q12324885787,共産党の移民謎政策はナンでですか？ 以前は移民反対と言っていたのに最近は排外主義反対と言って移民賛成とも取れる主張としていていますが、そもそも移民推進してるのは安い労働力確保したい経営者側であってそう...,0,0
884,2026/2/1 6:29,高校,ad3bcd864,9時間38分,0,11,11.0,0,0,0.019,0.0,0.0,0.02,あと3日,https://detail.chiebukuro.yahoo.co.jp/qa/question_detail/q10324885785,この制服の高校名をご存じの方がいれば教えてください。,0,0
885,2026/2/1 6:29,料理、食材,レモン,9時間38分,9,27,3.0,0,0,0.047,33.33,0.0,0.82,あと3日,https://detail.chiebukuro.yahoo.co.jp/qa/question_detail/q14324885784,好きなブロッコリー（野菜）の食べ方はどんな食べ方ですか？,0,0
886,2026/2/1 6:28,高校数学,minamino,9時間39分,0,17,17.0,0,0,0.029,0.0,0.0,0.03,あと3日,https://detail.chiebukuro.yahoo.co.jp/qa/question_detail/q13324885783,24年度国立理系入試問題^_^200 信州大学後期(理工学部)(5)【図形問題╰(*´︶`*)╯♡ 何卒よろしくお願いします,0,0
887,2026/2/1 6:28,生き方、人生相談,acr********,9時間40分,0,8,8.0,0,0,0.014,0.0,0.0,0.01,あと3日,https://detail.chiebukuro.yahoo.co.jp/qa/question_detail/q12324885782,出来る・出来ない 本当に何か差を付けた以外に 功績がないと聞いて、 どう思いますか？,0,0
888,2026/2/1 6:28,海外,ぽえぽえ,9時間40分,10,138,13.8,0,21,0.238,7.25,0.03,2.18,あと3日,https://detail.chiebukuro.yahoo.co.jp/qa/question_detail/q11324885781,海外初心者です。 今度友達と香港に行くのですが、自分と友達は別の場所から出発し、空港で集合にしています。自分が1時間ほど早く空港に着くのですが、入国審査など初めてで1人では不安で友達を待とうと思ってい...,0,0
889,2026/2/1 6:28,ヘアケア,Am,9時間40分,1,11,11.0,0,0,0.019,9.09,0.0,0.1,あと3日,https://detail.chiebukuro.yahoo.co.jp/qa/question_detail/q10324885780,5月頃初ブリーチなしダブルカラー、6月頃初縮毛矯正、 11月頃初ブリーチを1回してそれからは市販のカラー剤でセルフカラーを2週間おきくらいにしているのですがこの履歴で２回目の縮毛矯正しても大丈夫でしょ...,0,0
890,2026/2/1 6:28,料理、食材,log********,9時間40分,0,5,5.0,0,0,0.009,0.0,0.0,0.01,あと3日,https://detail.chiebukuro.yahoo.co.jp/qa/question_detail/q14324885779,食べ物の好き嫌いの多さと、ストレス耐性の低さは相関関係があると思いますか？,0,0
891,2026/2/1 6:28,スマホアプリ,名無し,9時間40分,0,26,26.0,0,0,0.045,0.0,0.0,0.04,あと3日,https://detail.chiebukuro.yahoo.co.jp/qa/question_detail/q13324885778,ラストウォーサバイバルというソシャゲですが課金ランキングで常に上位なんなら年間トップクラスなのは何がそんな面白いのですか？いわゆる広告ゲーですよね？ モンストやFGO、プロスピパズドラホヨバゲーなどを...,0,0
892,2026/2/1 6:28,国内,上越市ばっかりいいめにあって,9時間40分,3,75,25.0,0,1,0.129,4.0,0.03,0.44,あと3日,https://detail.chiebukuro.yahoo.co.jp/qa/question_detail/q11324885776,なぜ金沢市は政令指定都市になれないのですか？,0,0
893,2026/2/1 6:27,気象、天気,暇な人,9時間41分,4,41,10.2,1,1,0.071,9.76,0.01,0.64,あと3日,https://detail.chiebukuro.yahoo.co.jp/qa/question_detail/q10324885775,沖縄は何故 雪が降らないのですか,0,0
894,2026/2/1 6:27,政治、社会問題,社会問題の人,9時間41分,8,82,10.2,0,5,0.141,9.76,0.01,1.08,あと3日,https://detail.chiebukuro.yahoo.co.jp/qa/question_detail/q14324885774,給料が上がらないって言ってる人は、給料は勝手に上がっていくって思ってるんですかね？ 給料って自ら上げていく努力をしなければ、当然上がらないと思うんですよ 会社の業績が良くて貰えるものはボーナスであって...,0,0
895,2026/2/1 6:27,数学,けしかす,9時間41分,1,15,15.0,0,0,0.026,6.67,0.0,0.11,不明,https://detail.chiebukuro.yahoo.co.jp/qa/question_detail/q13324885773,数II二項展開式の分野で質問です。 下の画像で、青で囲んである公式がありますよね。 この式の「r」というのは、求めろと言われた項の右側の文字の指数のことですか？ （例えば: a^2b^4だったらr＝4...,0,0
896,2026/2/1 6:27,お笑い芸人,avn********,9時間41分,2,17,8.5,0,0,0.029,11.76,0.0,0.2,あと3日,https://detail.chiebukuro.yahoo.co.jp/qa/question_detail/q12324885772,お見送り芸人とはどういう意味ですか？,0,0
897,2026/2/1 6:27,DIY,水木森（ミズキモリ）,9時間41分,1,40,40.0,0,1,0.069,2.5,0.03,0.21,あと3日,https://detail.chiebukuro.yahoo.co.jp/qa/question_detail/q14324885769,アクリアのようなグラスウール断熱材を、DIYで2階天井裏の既存断熱材の上に「増し敷き」する場合、袋を破って裸にして敷くであっておりますでしょうか？ 既に袋入りのグラスウール断熱材が敷かれている新築建売...,0,0
898,2026/2/1 6:27,カラオケ,1152202878,9時間41分,1,16,16.0,0,0,0.027,6.25,0.0,0.11,あと3日,https://detail.chiebukuro.yahoo.co.jp/qa/question_detail/q13324885768,"今日はお昼ランチに、目利きの銀次の「ドカ盛り店長海鮮丼 通常税込1,700円を1,000円 10名様迄」を食べに行きました。 カラオケルームがあるとの事で、その海鮮丼食べながら一曲歌おうかなと感じまし...",0,0
899,2026/2/1 6:27,資産運用、投資信託、NISA,sanyaso_fusigi,9時間41分,1,38,38.0,1,3,0.065,2.63,0.02,0.48,あと3日,https://detail.chiebukuro.yahoo.co.jp/qa/question_detail/q12324885767,「三菱UFJ 純金ファンド」のような投資信託はどんな仕組みで「国内の取引所における金価格の値動きをとらえることをめざす」ことが可能になっているのですか。 また、この基準価額が本当の金価格と小さく、また...,0,0
900,2026/2/1 6:27,国内,上越市ばっかりいいめにあって,9時間41分,2,13,6.5,0,0,0.022,15.38,0.0,0.19,あと3日,https://detail.chiebukuro.yahoo.co.jp/qa/question_detail/q11324885766,なぜ金沢市は新潟市に勝てないのですか？,0,0
901,2026/2/1 6:27,パソコン,1050905254,9時間42分,4,48,12.0,0,0,0.082,8.33,0.01,0.43,あと3日,https://detail.chiebukuro.yahoo.co.jp/qa/question_detail/q10324885765,HPのノートパソコンです。 ACアダプターを刺したら、 差し込み口付近のランプが点滅し、 電源ボタンも点滅、 caps Lock ボタンも点滅し、 WIN11が起動しません。 WIN11 25H2 が...,0,0
902,2026/2/1 6:27,自動車,5行ぐらいにヨロピク,9時間42分,3,23,7.7,0,0,0.04,13.04,0.0,0.3,あと3日,https://detail.chiebukuro.yahoo.co.jp/qa/question_detail/q13324885763,軽自動車のタイヤ4本買うとオートバックスクーポンでpaypay支払いすると1回分購入1000ポイント上限超えてしまうので、2本ずつ2回の会計にした方がポイントが得られるのではないかと思いまして、 店員...,0,0
903,2026/2/1 6:27,恋愛相談、人間関係の悩み,chu********,9時間42分,3,20,6.7,0,0,0.034,15.0,0.0,0.29,あと3日,https://detail.chiebukuro.yahoo.co.jp/qa/question_detail/q11324885761,彼氏が月に一回は朝まで会社の人と飲みに行ってます。 次の日が休みだと大抵私と会うのですが 昼から会っても家で彼氏は寝て、時間になって私が帰るみたいなのがよくあります。 どうせ寝てるなら会いたくないです...,0,0
904,2026/2/1 6:27,レディースバッグ、財布、小物類,a3c26ea53,9時間42分,1,13,13.0,0,1,0.022,7.69,0.0,0.16,あと3日,https://detail.chiebukuro.yahoo.co.jp/qa/question_detail/q10324885760,お財布についての質問です。 m＋(間違っていたら申し訳ありません)さんのお財布は事前告知は行わないと公式に書いておられるのですが父にプレゼントしたいのでどのくらいの周期で再販するのか目安が知りたいです...,0,0
905,2026/2/1 6:27,ショッピング,c97e9fea1,9時間42分,1,9,9.0,0,0,0.015,11.11,0.0,0.1,あと3日,https://detail.chiebukuro.yahoo.co.jp/qa/question_detail/q14324885759,千円の図書カードを使いたいんですが千円を超えた時って残高は現金で払う事って出来ますか？,0,0
906,2026/2/1 6:27,ウイルス対策、セキュリティ対策,非公開,9時間42分,1,17,17.0,0,0,0.029,5.88,0.0,0.11,あと3日,https://detail.chiebukuro.yahoo.co.jp/qa/question_detail/q13324885758,マカフィーはPC向けのウイルス対策ソフトで知られてるけど、 今やPC1台としての有効期間1年間向けというパターンのものは 無くなっているのですか。 そういうパターンが有るソフトメーカーとなると ノート...,0,0
907,2026/2/1 6:27,職場の悩み,1152390297,9時間42分,1,14,14.0,0,3,0.024,7.14,0.0,0.26,あと3日,https://detail.chiebukuro.yahoo.co.jp/qa/question_detail/q12324885757,高卒社会人3年目。 仕事の愚痴を、家で言ったら、 嫌なら、辞めて大学でもどこでも行けばいいじゃんとか、訳わからないことしか、言わない母親やばくね。,0,0
908,2026/2/1 6:26,メルカリ,gan********,9時間43分,1,9,9.0,0,0,0.015,11.11,0.0,0.1,あと3日,https://detail.chiebukuro.yahoo.co.jp/qa/question_detail/q10324885755,みそきんの12個入りのダンボールは 新みそきんと旧みそきんの違いってどこだか教えて欲しいです。 箱で新みそきんとして出してるフリマアプリを見つけて箱買いしたいのですが、どれも写真では従来のみそきんにし...,0,0
909,2026/2/1 6:26,パソコン,ce75cb22e,9時間43分,2,27,13.5,0,0,0.046,7.41,0.01,0.22,あと3日,https://detail.chiebukuro.yahoo.co.jp/qa/question_detail/q14324885754,モニターの買い替えを検討しており、かなり悩んだ結果以下の三択まで絞りました 27インチWQHDはマストの条件として、ゲームも動画鑑賞も楽しみたいと考えています もし自分だったら以下の三つのどれにします...,0,0
910,2026/2/1 6:26,政治、社会問題,rep,9時間43分,3,40,13.3,0,2,0.069,7.5,0.01,0.43,あと3日,https://detail.chiebukuro.yahoo.co.jp/qa/question_detail/q12324885752,この選挙ポスターの立候補者は政党名を隠したいのですか？ さて、どこに書いてあるでしょうか。,0,0
911,2026/2/1 6:26,海外,****************,9時間43分,2,20,10.0,0,0,0.034,10.0,0.0,0.21,あと3日,https://detail.chiebukuro.yahoo.co.jp/qa/question_detail/q11324885751,オーストラリアでツアーに参加せずに海に行ってそのままシュノーケリングが楽しめるキレイなビーチを教えてください！,0,0
912,2026/2/1 6:26,デジタル一眼レフ,enk********,9時間43分,3,19,6.3,0,0,0.033,15.79,0.0,0.29,あと3日,https://detail.chiebukuro.yahoo.co.jp/qa/question_detail/q10324885750,ソニーの70-300mm4.5-5.6G SSMをハードオフにもっていったらいくらで買い取りしてもらえますか？ 元箱・ポーチ・レンズフード・本体すべてつけてです。,0,0
913,2026/2/1 6:26,シニアライフ、シルバーライフ,高杉ムク,9時間43分,1,16,16.0,0,0,0.027,6.25,0.0,0.11,あと3日,https://detail.chiebukuro.yahoo.co.jp/qa/question_detail/q14324885749,ローマ皇帝、アウグストゥス曰く「若者よ、今の老人が若い頃に聞いたことに耳を傾けなさい」を今、実行したいです ご年配の方に質問です あなたたちが若かった頃、親や世間からなんと言われて育ちましたか？ 教え...,0,0
914,2026/2/1 6:26,コミック,aec4b81f2,9時間43分,1,35,35.0,0,0,0.06,2.86,0.02,0.15,あと3日,https://detail.chiebukuro.yahoo.co.jp/qa/question_detail/q13324885748,ジョジョの奇妙な冒険って ジョナサンは他主人公とは血のつながりないんですよね？ ジョルノはジョナサンを乗っ取ったDIOの子供だからそうだとおもうんですが ジョセフとジョナサンは実の親子ではないですよね...,0,0
915,2026/2/1 6:25,料理、食材,レモン,9時間44分,3,9,3.0,0,0,0.015,33.33,0.0,0.27,あと3日,https://detail.chiebukuro.yahoo.co.jp/qa/question_detail/q11324885746,鍋焼きうどんに鍋用の豆腐は合うと思いますか？,0,0
916,2026/2/1 6:25,恋愛相談、人間関係の悩み,123456あかさたなは,9時間44分,7,94,13.4,0,0,0.161,7.45,0.02,0.76,あと3日,https://detail.chiebukuro.yahoo.co.jp/qa/question_detail/q10324885745,緊急です。元カノシングルマザーとの金銭トラブルです。 元カノに貸すと言うていたお金を貸すことに躊躇しています。 今まで3300万ほど貸しており尚且つまだ要求されたので警察と相手の親に相談し話し合おうと...,0,0
917,2026/2/1 6:25,パソコン,tok********,9時間45分,5,25,5.0,0,0,0.043,20.0,0.0,0.47,あと3日,https://detail.chiebukuro.yahoo.co.jp/qa/question_detail/q14324885744,タルコフはメモリ64GBないと動きませんか？,0,0
918,2026/2/1 6:25,職場の悩み,oos********,9時間45分,3,14,4.7,0,0,0.024,21.43,0.0,0.28,あと3日,https://detail.chiebukuro.yahoo.co.jp/qa/question_detail/q12324885742,正社員が、派遣社員から学ぶモノはありますか？,0,0
919,2026/2/1 6:25,就職活動,1149856439,9時間45分,0,11,11.0,0,0,0.019,0.0,0.0,0.02,あと3日,https://detail.chiebukuro.yahoo.co.jp/qa/question_detail/q11324885741,正社員、試用期間三ヶ月満了で、本採用にならず、退職した場合、次の就職活動で、前職三ヶ月の短期間しか勤めていない場合、より良い面接対策はありますか？ もう退職してる場合の対策 同じような職種で次も就職活...,0,0
920,2026/2/1 6:25,ポケットモンスター,1150446559,9時間45分,1,5,5.0,0,0,0.009,20.0,0.0,0.09,あと3日,https://detail.chiebukuro.yahoo.co.jp/qa/question_detail/q10324885740,ポケモンのナゾノクサをたまごっちのキャラで例えたら誰だと思いますか？,0,0
921,2026/2/1 6:25,病気、症状,1153299804,9時間45分,0,2,2.0,0,0,0.003,0.0,0.0,0.0,あと3日,https://detail.chiebukuro.yahoo.co.jp/qa/question_detail/q14324885739,今朝起きたあとすぐに(1秒後くらい？)明るいピンクの服がグレーに見えました。他のものには色がついていたように思うのですが、これはなんですか？,0,0
922,2026/2/1 6:25,友人関係の悩み,あいう,9時間45分,1,8,8.0,0,0,0.014,12.5,0.0,0.1,あと3日,https://detail.chiebukuro.yahoo.co.jp/qa/question_detail/q12324885737,至急！ いまBeRealって共通の友達以外の 友達の友達のピン留めって 見られるんですか,0,0
923,2026/2/1 6:25,外国為替、FX,bgegg,9時間45分,6,57,9.5,0,3,0.097,10.53,0.01,0.76,あと3日,https://detail.chiebukuro.yahoo.co.jp/qa/question_detail/q11324885736,元手が少ないからfxレバ1000倍やるという選択肢があります、ノイズ程度でロスカットになるので、結局のところ潤沢な余剰金が必要になるし、現実的ではないのでしょうか？,0,0
924,2026/2/1 6:25,生き方、人生相談,30代独身,9時間45分,6,134,22.3,0,3,0.229,4.48,0.05,0.89,あと3日,https://detail.chiebukuro.yahoo.co.jp/qa/question_detail/q10324885735,自分は人生のパートナーを得たことがありません。 また、女と性行為をしたこともありません。 よく30歳を過ぎてから一度も結婚したことがない男は、世間的には人間的に問題があるように言われるようですが、離婚...,0,0
925,2026/2/1 6:24,日本史,ずんどこべろんちょ,9時間46分,6,119,19.8,0,4,0.203,5.04,0.04,0.92,あと3日,https://detail.chiebukuro.yahoo.co.jp/qa/question_detail/q14324885734,昭和生まれの方に聞きます。昭和の良かったところ悪かったところを挙げてください。,0,0
926,2026/2/1 6:24,国際情勢,たけし,9時間46分,5,58,11.6,0,8,0.099,8.62,0.01,0.93,あと3日,https://detail.chiebukuro.yahoo.co.jp/qa/question_detail/q13324885733,なんかニュースでみたんですがアメリカは今度はイランと戦争するんですか？ アメリカの艦隊がイランに向かってるって言ってましたが本当に攻撃すると思いますか？,0,0
927,2026/2/1 6:24,パソコン,sde3460032a,9時間46分,0,7,7.0,0,0,0.012,0.0,0.0,0.01,あと3日,https://detail.chiebukuro.yahoo.co.jp/qa/question_detail/q12324885732,valorantが遊べなくなってたんですけど何かbios?っていうのをアプデしないといけないみたいですがどうやるんですか?,0,0
928,2026/2/1 6:24,スマホアプリ,lov********,9時間46分,2,13,6.5,0,0,0.022,15.38,0.0,0.19,あと3日,https://detail.chiebukuro.yahoo.co.jp/qa/question_detail/q10324885730,ある人からアプリ「THUCHDPO」をインストールしてみて！って話がありました。 検索しても詳細が分からないアプリです。 詐欺などに使われているアプリでしょうか？ それとも、普通に使用されているアプリ...,0,0
929,2026/2/1 6:24,ソフトバンク,ac9bc3fed,9時間46分,2,26,13.0,1,2,0.044,7.69,0.01,0.49,あと3日,https://detail.chiebukuro.yahoo.co.jp/qa/question_detail/q14324885729,ソフトバンク携帯ショップに来る人を店員さんはなんで格安スマホにしないのだろうと思っていますか？,0,0
930,2026/2/1 6:24,Yahoo!知恵袋,Toku,9時間46分,2,70,35.0,1,0,0.119,2.86,0.04,0.46,あと3日,https://detail.chiebukuro.yahoo.co.jp/qa/question_detail/q13324885728,https://detail.chiebukuro.yahoo.co.jp/qa/question_detail/q13324844398 よく意味がわからない質問について すみません。後学のために教...,0,0
931,2026/2/1 6:23,バイク,1051981681,9時間48分,0,4,4.0,0,0,0.007,0.0,0.0,0.01,あと3日,https://detail.chiebukuro.yahoo.co.jp/qa/question_detail/q11324885726,スズキの原付バイク、ZZは規制前と規制後で何か変わっている点などありますか？,0,0
932,2026/2/1 6:23,アニメ,1151404107,9時間48分,1,16,16.0,0,3,0.027,6.25,0.0,0.26,あと3日,https://detail.chiebukuro.yahoo.co.jp/qa/question_detail/q13324885723,ダンガンロンパについて質問です。 ダンガンロンパ1と2はプレイ済みなのでダンガンロンパ3のアニメを見たいんですが、見る前に絶対絶望少女はやっておいた方がいいのでしょうか？,0,0
933,2026/2/1 6:23,政治、社会問題,car********,9時間48分,7,90,12.9,0,3,0.153,7.78,0.02,0.9,あと3日,https://detail.chiebukuro.yahoo.co.jp/qa/question_detail/q12324885722,国民民主の玉木は 高齢者より現役世代を厚くしようとしている これって聞こえはいいが、老人イジメだと思いませんか？ 住民税非課税世帯になるための基準を厳しくして 住民税非課税世帯を減らそうとしている マ...,0,0
934,2026/2/1 6:23,資産運用、投資信託、NISA,sanyaso_fusigi,9時間48分,1,46,46.0,1,1,0.078,2.17,0.04,0.38,あと3日,https://detail.chiebukuro.yahoo.co.jp/qa/question_detail/q10324885720,国産米価格が大暴落したら連動してドッカーンする株式や投資信託を教えて下さい。 もうすぐ大暴落が起きる気がしたので、先ほどから。 SBI証券アカウントで、 シロートでも売買できるものでお願いします。 ＝...,0,0
935,2026/2/1 6:23,ウイルス対策、セキュリティ対策,非公開,9時間48分,1,22,22.0,0,2,0.037,4.55,0.01,0.22,あと3日,https://detail.chiebukuro.yahoo.co.jp/qa/question_detail/q14324885719,PCのウイルス対策ソフトは ノートンとかマカフィーとかいろいろあるようだけど どのメーカーのものを使うのが一番良いものですか。 安全上として余分というべき機能がありすぎるなら PCの動き全体が遅くなり...,0,0
936,2026/2/1 6:22,動画、映像,1152043065,9時間49分,0,6,6.0,0,0,0.01,0.0,0.0,0.01,あと3日,https://detail.chiebukuro.yahoo.co.jp/qa/question_detail/q13324885718,https://vt.tiktok.com/ZSaVSQ94H/ この動画の音源ってなんで調べれば出てきますか？ アニメ紹介のショート動画とかでよく使われてて、聴くたびに気になってます、、,0,0
937,2026/2/1 6:22,政治、社会問題,dtw********,9時間49分,1,30,30.0,0,1,0.051,3.33,0.02,0.19,あと3日,https://detail.chiebukuro.yahoo.co.jp/qa/question_detail/q12324885717,今回の衆院選で 自民党中国ブロック比例順位一位の 広島の寺田稔氏とは愛国的な考えの 候補者なのでしょうか？ 今回高市政権下で 比例順位一位になった理由とは何なのか？ 実際どんな思想信条の人ですか？ 保...,0,0
938,2026/2/1 6:22,恋愛相談、人間関係の悩み,awa********,9時間49分,7,83,11.9,0,1,0.141,8.43,0.02,0.78,あと3日,https://detail.chiebukuro.yahoo.co.jp/qa/question_detail/q10324885715,婚活ってどんな感じなんですか？全く未知の世界なのですが、なぜ大半がうまくいかないのか、これまでの恋愛経験などと比較して教えて欲しいです。,0,0
939,2026/2/1 6:22,恋愛相談、人間関係の悩み,dgu********,9時間49分,1,46,46.0,0,0,0.078,2.17,0.04,0.16,あと3日,https://detail.chiebukuro.yahoo.co.jp/qa/question_detail/q14324885714,彼氏に振られました。 でもどこかスッキリしている自分がいます。 原因は、私が不安や不満から不機嫌になってしまい彼に冷たい言葉や態度を取ってしまうことが続いてしまい、彼を私が思っているより傷つけてしまっ...,0,0
940,2026/2/1 6:21,生き方、人生相談,acr********,9時間50分,0,22,22.0,0,0,0.037,0.0,0.0,0.04,あと3日,https://detail.chiebukuro.yahoo.co.jp/qa/question_detail/q12324885712,誰も 落ちたくもないし、 誰もミスしたくもないし、 誰も失敗したくもないですよね。 誰も 「人生うまくいかないから面白い」を やりたくないですよね。 何か差が付く奴 何かやばくないですか？,0,0
941,2026/2/1 6:21,俳優、女優,teq********,9時間50分,2,34,17.0,2,9,0.058,5.88,0.01,1.02,あと3日,https://detail.chiebukuro.yahoo.co.jp/qa/question_detail/q11324885711,どのドラマも膨張する演技になるのですか？ドラマは膨張しすぎて一般の生活ではあり得ません。ドラマはもっと自然に演技したらと思いますけど。,0,0
942,2026/2/1 6:21,ゲーム,1253355176,9時間50分,1,15,15.0,0,0,0.025,6.67,0.0,0.11,あと3日,https://detail.chiebukuro.yahoo.co.jp/qa/question_detail/q10324885710,グランブルファンタジーについて質問です。武器の編成について悩んでます。最近火の神石編成に手を出したのですがマグナよりも弱く感じます…アドバイス欲しいです。 持ってる武器 ・滅尽剣(非リビルド) 2本 ...,0,0
943,2026/2/1 6:21,YouTube,b277ab3e9,9時間50分,0,7,7.0,0,0,0.012,0.0,0.0,0.01,あと3日,https://detail.chiebukuro.yahoo.co.jp/qa/question_detail/q13324885708,昔にyoutubeで見ていたチャンネルを探しています。 特徴 ・東方mmdを使いながら物語形式でマイクラをしていた。 ・投稿主はドラゴンボールが好き 覚えている特徴が少なく申し訳ないですが、ご協力よろ...,0,0
944,2026/2/1 6:20,恋愛相談、人間関係の悩み,ban********,9時間52分,3,37,12.3,0,0,0.062,8.11,0.01,0.32,あと3日,https://detail.chiebukuro.yahoo.co.jp/qa/question_detail/q10324885705,マッチングアプリでの日程調整 マッチングアプリでやりとりしている女性で、電話の後お会いすることになったのですが、直近で日程がなかなか合わず、別日でまた連絡しますと言われました。 これって脈なしでしょう...,0,0
945,2026/2/1 6:20,恋愛相談、人間関係の悩み,1151247341,9時間52分,4,41,10.2,0,0,0.069,9.76,0.01,0.41,あと3日,https://detail.chiebukuro.yahoo.co.jp/qa/question_detail/q14324885704,私の心が狭いのでしょうか？ 当方21歳女です。 今日彼氏とデートの約束をしているのですが、 昨日の夜に、急に飲みに誘われたから言ってくるね と伝えられ、その時は了解!! とだけ返しました。 位置情報を...,0,0
946,2026/2/1 6:20,高校数学,非公開,9時間52分,3,93,31.0,0,0,0.157,3.23,0.05,0.41,あと3日,https://detail.chiebukuro.yahoo.co.jp/qa/question_detail/q13324885703,Q(x)を2次式とする。整式P(x)はQ(x)で割り切れないが、{P(x)}^2はQ(x)で割り切れるという。このとき、2次方程式Q(x)=0は重解をもつことを示せ。（京大） この数学問題は、京大の中...,0,0
947,2026/2/1 6:19,アニメ,我々のコリブリ,9時間53分,9,111,12.3,0,10,0.187,8.11,0.02,1.45,あと3日,https://detail.chiebukuro.yahoo.co.jp/qa/question_detail/q11324885701,子どもに見せたくないアニメみたいなのが昔から有ると思います そこでですが両親がオタクで小さな子どものいる家庭 特に女の子が複数いるような家庭にこの質問したら 圧倒的な1位はメダリストになると思うのです...,0,0
948,2026/2/1 6:19,ゲームセンター,dbeksns,9時間53分,1,16,16.0,0,0,0.027,6.25,0.0,0.11,あと3日,https://detail.chiebukuro.yahoo.co.jp/qa/question_detail/q10324885700,クレーンゲーム専門のゲーセンバイトってどんな感じですかね？,0,0
949,2026/2/1 6:19,クレジットカード,bee********,9時間53分,2,58,29.0,0,0,0.098,3.45,0.03,0.27,あと3日,https://detail.chiebukuro.yahoo.co.jp/qa/question_detail/q14324885699,三井住友銀行のオリーブクレジットvisaで27件連続で不正利用されていました。 1/20：ショートメールにて確認の通知が入り、不正利用を知る 一切無関係の為、カードの利用停止と再発行進める 1/30：...,0,0
950,2026/2/1 6:19,政治、社会問題,非公開,9時間53分,8,92,11.5,0,8,0.155,8.7,0.02,1.23,あと3日,https://detail.chiebukuro.yahoo.co.jp/qa/question_detail/q13324885698,移民が問題になってますが移民を受け入れてるのは自民維新公明政権です！！ しかし移民を庇うしばき隊(共産党など)を叩く人が多いですが移民を受け入れて自民党、維新、公明に文句言うべきじゃないですか？ 共産...,0,0
951,2026/2/1 6:19,車検、メンテナンス,tos********,9時間53分,3,30,10.0,0,1,0.051,10.0,0.01,0.35,あと3日,https://detail.chiebukuro.yahoo.co.jp/qa/question_detail/q12324885697,ダイハツムーブL175sのバッテリーについて教えて頂きたいです。 自分で交換してみようかと思っています。 国産車用カーバッテリー 40B19L コレは適用しますか？ またもっと安価なバッテリーご存知の...,0,0
952,2026/2/1 6:19,テレビゲーム全般,kaw********,9時間53分,3,15,5.0,0,0,0.025,20.0,0.0,0.28,あと3日,https://detail.chiebukuro.yahoo.co.jp/qa/question_detail/q11324885696,格ゲーの｢エックス・メン｣はストⅡの2番煎じですか？,0,0
953,2026/2/1 6:19,大学受験,c249c190e,9時間53分,1,19,19.0,0,0,0.032,5.26,0.01,0.12,あと3日,https://detail.chiebukuro.yahoo.co.jp/qa/question_detail/q10324885695,春から昭和女子大学環境デザイン学科に進学するものです。 入学までにやっておいた方がいい勉強などありますか？是非教えてくれると嬉しいです！,0,0
954,2026/2/1 6:19,冷蔵庫、キッチン家電,red********,9時間53分,1,8,8.0,0,3,0.013,12.5,0.0,0.25,あと3日,https://detail.chiebukuro.yahoo.co.jp/qa/question_detail/q13324885693,ホットプレートについてお願いいたします。今日使用時に何かガタつくと思ったら平面プレートが歪んで(曲がっている)いました。アイリスオーヤマです。 前回使用時は気付かなかったのですが……特に重い物を上に乗...,0,0
955,2026/2/1 6:17,就職活動,ndjjmz13gw,9時間55分,1,13,13.0,0,0,0.022,7.69,0.0,0.11,あと3日,https://detail.chiebukuro.yahoo.co.jp/qa/question_detail/q12324885687,大学4年の2月で内定もらえるんですかね。 Uターン就活を1月終盤から始め、企業を探してる状況です。 経験者いたら教えてください。,0,0
956,2026/2/1 6:17,バスケットボール,lgs********,9時間55分,1,13,13.0,1,0,0.022,7.69,0.0,0.27,あと3日,https://detail.chiebukuro.yahoo.co.jp/qa/question_detail/q10324885685,Bリーグで有名な選手といえば誰ですか？,0,0
957,2026/2/1 6:17,大学受験,1052035969,9時間55分,2,20,10.0,0,0,0.034,10.0,0.0,0.2,あと3日,https://detail.chiebukuro.yahoo.co.jp/qa/question_detail/q12324885682,早稲田大学法学部受験する高校3年生です。日本史の代わりに共通テストの数学で受験しようと思っています。 こと国語と英語の出来いかんにもよると思いますが、両科目がそこそこ出来たとして、共通テストの数学は、...,0,0
958,2026/2/1 6:17,占い,さわむら,9時間55分,0,14,14.0,0,0,0.023,0.0,0.0,0.02,あと3日,https://detail.chiebukuro.yahoo.co.jp/qa/question_detail/q11324885681,膝の裏からエノキがごっそりパンパンに生えるという、私史上最も気持ちの悪い夢を見ました。しかもそのエノキをハサミで切るとなぜか墨だらけになって、エノキのあの気持ち悪い断面が真っ黒に染まりました。 エノキ...,0,0
959,2026/2/1 6:17,ボートレース（競艇）,T・Aエジソン,9時間56分,3,6,2.0,0,0,0.01,50.0,0.0,0.26,あと3日,https://detail.chiebukuro.yahoo.co.jp/qa/question_detail/q10324885680,2月１日鳴門競艇9Rの買い目を教えて下さい。,0,0
960,2026/2/1 6:17,サッカー,はるちゃん,9時間56分,0,49,49.0,0,0,0.082,0.0,0.0,0.08,あと3日,https://detail.chiebukuro.yahoo.co.jp/qa/question_detail/q14324885679,サカつく2026で移籍したらクラブハウススタジアムはレベル1からですか あとスペインリーグ行けるようになりましたがレアルやバルセロナに移籍できないのはなぜですか,0,0
961,2026/2/1 6:16,恋愛相談,30代独身,9時間57分,7,116,16.6,0,4,0.194,6.03,0.03,0.98,あと3日,https://detail.chiebukuro.yahoo.co.jp/qa/question_detail/q12324885677,デキ婚をした知り合いの女が「30過ぎてから一度も結婚したことがない男とかキモすぎて引く」とか言ってました。 それで、私がその女に「自分がだらしないデキ婚をしたことを必死に正当化したいからといって、そう...,0,0
962,2026/2/1 6:16,テーマパーク,ayv********,9時間57分,1,18,18.0,0,0,0.03,5.56,0.01,0.11,あと3日,https://detail.chiebukuro.yahoo.co.jp/qa/question_detail/q11324885676,ディズニーシーに行くのですが日程を迷ってます。 2月19日の13時頃から行くか、20日の朝から行くか、です。 旅行で行くので楽しみたいです。 19日は午前にどうしても行かなければならない用事ができてし...,0,0
963,2026/2/1 6:16,ゲーム,pra********,9時間57分,3,23,7.7,0,0,0.039,13.04,0.0,0.29,あと3日,https://detail.chiebukuro.yahoo.co.jp/qa/question_detail/q10324885675,ブレワイなどのSwitch2エディションを買った場合、もちろんそのままSwitchに挿しても遊べない（カードを認識しない）と思いますが、 ダウンロード版だったらSwitch版としてSwitchで遊べた...,0,0
964,2026/2/1 6:16,スマートフォン,ac9bc3fed,9時間57分,3,28,9.3,0,4,0.047,10.71,0.0,0.5,あと3日,https://detail.chiebukuro.yahoo.co.jp/qa/question_detail/q12324885672,スマホは出来る限り修理して新しいスマホは買わないですか？,0,0
965,2026/2/1 6:16,数学,2028年受験組,9時間57分,1,31,31.0,0,0,0.052,3.23,0.02,0.14,あと3日,https://detail.chiebukuro.yahoo.co.jp/qa/question_detail/q11324885671,メネラウスの定理の証明について質問です！ 文中のCQ∕QA=CP∕PDはなぜこの式が成り立つのですか？,0,0
966,2026/2/1 6:16,ゲーム,bb3d083a7,9時間57分,1,27,27.0,1,2,0.045,3.7,0.01,0.4,不明,https://detail.chiebukuro.yahoo.co.jp/qa/question_detail/q10324885670,プロセカについて。 iOS26のバグはもう直ってますか？まだアップデートしない方がいいんでしょうか？,0,0
967,2026/2/1 6:15,生き方、人生相談,1053308455,9時間58分,6,59,9.8,0,6,0.099,10.17,0.01,0.9,あと3日,https://detail.chiebukuro.yahoo.co.jp/qa/question_detail/q12324885667,中三から引きこもり現在２２歳です。 精神的な理由で中三から引きこもり現在まで働かずにニートを続けてます。 同い年が一人暮らしやパートナーと同棲していく中、自分は親のすねをかじることしかできません。 一...,0,0
968,2026/2/1 6:15,画像処理、制作,1151165745,9時間58分,0,2,2.0,0,0,0.003,0.0,0.0,0.0,あと3日,https://detail.chiebukuro.yahoo.co.jp/qa/question_detail/q11324885666,qgisでポリゴンを点に変換して、編集状態にして、点を削除したり、点地物を追加するで追加したりしました。 その後、いいかんじに点群を作れたので点を線に変換で入力レイヤ(今作った点群)だけ入れて、実行を...,0,0
969,2026/2/1 6:15,ここ、探してます,1252565927,9時間58分,0,2,2.0,0,0,0.003,0.0,0.0,0.0,あと3日,https://detail.chiebukuro.yahoo.co.jp/qa/question_detail/q10324885665,BeRealのリアクションのめっちゃ盛れる場所教えてください！,0,0
970,2026/2/1 6:15,生物、動物、植物,a835378ff,9時間58分,1,17,17.0,0,0,0.028,5.88,0.0,0.11,あと3日,https://detail.chiebukuro.yahoo.co.jp/qa/question_detail/q13324885663,生物基礎 グリフィスによる肺炎双球菌を用いた実験についてです。 加熱殺菌するとDNAまで壊れてしまうのにもかかわらず、加熱殺菌したＳ型菌と生きたR型菌を混合してネズミに注射すると形質転換が起こるのはな...,0,0
971,2026/2/1 6:15,ボートレース（競艇）,T・Aエジソン,9時間58分,3,9,3.0,0,0,0.015,33.33,0.0,0.27,あと3日,https://detail.chiebukuro.yahoo.co.jp/qa/question_detail/q12324885662,2月１日鳴門競艇8Rの買い目を教えて下さい。,0,0
972,2026/2/1 6:15,デンタルケア,1152160044,9時間58分,1,14,14.0,0,0,0.023,7.14,0.0,0.11,あと3日,https://detail.chiebukuro.yahoo.co.jp/qa/question_detail/q14324885659,20代学生です。 急に歯が寝れなくなってしまうほどズキズキ痛くて今日明日中に近くの歯医者さんに行こうと思っているのですが、上京してきたばかりで歯医者さんの相場や治療費が分からず困っています。 しばらく...,0,0
973,2026/2/1 6:15,アニメ,kaw********,9時間59分,1,8,8.0,0,0,0.013,12.5,0.0,0.1,あと3日,https://detail.chiebukuro.yahoo.co.jp/qa/question_detail/q10324885660,｢ど根性ガエル｣は分類で言うならギャグ漫画ですか？,0,0
974,2026/2/1 6:15,美容整形,ANIH,9時間59分,0,22,22.0,0,0,0.037,0.0,0.0,0.04,あと3日,https://detail.chiebukuro.yahoo.co.jp/qa/question_detail/q13324885658,二重全切開ダウンタイム4日目です。これは失敗ですか？；； 伏し目にすると画像のような感じで、目頭側の二重ラインが急カーブしてしまい、キツイイメージになってしまっているのが気になります。 元々埋没をして...,0,0
975,2026/2/1 6:15,ファッション,tak********,9時間59分,0,14,14.0,0,0,0.023,0.0,0.0,0.02,あと3日,https://detail.chiebukuro.yahoo.co.jp/qa/question_detail/q11324885656,TikTokで見かけたこのモンクレールめちゃ可愛い！欲しい！とテンション上がったのですが、よく見るとロゴが少し、、、、？これ本物ですが？,0,0
976,2026/2/1 6:14,新築一戸建て,mir********,10時間0分,0,9,9.0,0,0,0.015,0.0,0.0,0.01,あと3日,https://detail.chiebukuro.yahoo.co.jp/qa/question_detail/q10324885655,家サポの加入について。 新築の建売りの購入を考えています。 家サポという保険に年間2万ちょと支払うと加入出来るのですが、入ってよかったメリットデメリット教えてください。 網戸やカーテンレール等のオプシ...,0,0
977,2026/2/1 6:14,ボートレース（競艇）,T・Aエジソン,10時間0分,3,9,3.0,0,0,0.015,33.33,0.0,0.26,あと3日,https://detail.chiebukuro.yahoo.co.jp/qa/question_detail/q12324885652,2月１日鳴門競艇7Rの買い目を教えて下さい。,0,0
978,2026/2/1 6:14,鉄道、列車、駅,mar********,10時間0分,2,35,17.5,1,5,0.058,5.71,0.01,0.64,不明,https://detail.chiebukuro.yahoo.co.jp/qa/question_detail/q11324885651,休日お出かけパスで新幹線に乗る件について質問です。 千葉→前橋に休日お出かけパスで乗越精算する前提で高崎迄新幹線に乗りたいです。東京駅の新幹線改札を通れないような気がするのですが駅員さんに説明すれば通...,0,0
979,2026/2/1 6:14,オンラインゲーム,ab7543cb9,10時間0分,0,18,18.0,0,0,0.03,0.0,0.0,0.03,あと3日,https://detail.chiebukuro.yahoo.co.jp/qa/question_detail/q10324885650,原神初心者です。 現在の編成がコロンビーナ、フィッシュル、ジン、行秋なんですが、イネファが入る場合、誰を除けばいいですか？,0,0
980,2026/2/1 6:14,賃貸物件,匿名希望,10時間0分,3,18,6.0,0,0,0.03,16.67,0.0,0.28,あと3日,https://detail.chiebukuro.yahoo.co.jp/qa/question_detail/q14324885649,部屋の広さキッチンの広さなど最低限の賃貸と1万円高いけど部屋の広さキッチンの広さなどゆとりがある賃貸どちらを選びますか？ 駅までの立地など、敷金礼金など他の条件は一緒とします。,0,0
981,2026/2/1 6:14,ヘアスタイル,ID非ふへほ,10時間0分,1,22,22.0,0,0,0.037,4.55,0.01,0.12,あと3日,https://detail.chiebukuro.yahoo.co.jp/qa/question_detail/q13324885648,美容師さん 年単位の顧客が、急に音沙汰なしに連絡つかず予約も入らず 全く接点無くなっても特に問題ないですよね？ 気にならないと思いませんか？ 1人分の客の歩合で給与大きく変わるわけでもないし,0,0
982,2026/2/1 6:13,ギャンブル,ac9bc3fed,10時間1分,1,2,2.0,0,1,0.003,50.0,0.0,0.14,あと3日,https://detail.chiebukuro.yahoo.co.jp/qa/question_detail/q12324885647,借金返済終了した時点でギャンブルやめるのがいいですか？,0,0
983,2026/2/1 6:13,ウイルス対策、セキュリティ対策,ましゅまろん,10時間1分,2,48,24.0,0,4,0.08,4.17,0.02,0.44,あと3日,https://detail.chiebukuro.yahoo.co.jp/qa/question_detail/q11324885646,トロイの木馬についてです(写真は撮れなかったので他の方のを引用させていただきました) サイトを押したら急に｢あなたのスマホはトロイの木馬のウイルスにかかりました｣と表示され、私は焦って右のボタンの｢保...,0,0
984,2026/2/1 6:13,政治、社会問題,非公開,10時間1分,3,35,11.7,0,6,0.058,8.57,0.01,0.61,あと3日,https://detail.chiebukuro.yahoo.co.jp/qa/question_detail/q14324885644,維新の参議院議員が今行われてる衆議院選挙のお手伝いをアピールしその時にカップ焼そばを車で食べて庶民アピールしてましたがリプでお湯どうした？ が多く本人はコンビニで捨てたと言ってましたが今のコンビニはお...,0,0
985,2026/2/1 6:13,恋愛相談、人間関係の悩み,1250974981,10時間1分,2,27,13.5,0,0,0.045,7.41,0.01,0.21,あと3日,https://detail.chiebukuro.yahoo.co.jp/qa/question_detail/q10324885645,相手31歳（経営者） 私27歳（現在ニート・転職中） 彼は、アルバイトや職場の人に「ご飯行きましょう」と言われると奢るタイプです。 私（彼女）との食事では、2/3くらいは払ってくれますが、ちょくちょく...,0,0
986,2026/2/1 6:13,恋愛相談、人間関係の悩み,むにえる,10時間1分,0,9,9.0,0,0,0.015,0.0,0.0,0.01,あと3日,https://detail.chiebukuro.yahoo.co.jp/qa/question_detail/q13324885643,高校生の方に質問です。 もし他校の彼女、彼氏ができたとしてその学校の偏差値や校風などを気にしますか？,0,0
987,2026/2/1 6:13,パソコン,rim********,10時間1分,1,7,7.0,0,0,0.012,14.29,0.0,0.09,あと3日,https://detail.chiebukuro.yahoo.co.jp/qa/question_detail/q14324885639,家で3Dモデルをトラッキングするには、どのような手段がありますでしょうか、調べる際に参考になりそうなサービスや商品など教えていただけたらありがたいです。 動きのトレース(正確さ)よりも機敏にうごけるの...,0,0
988,2026/2/1 6:13,携帯型ゲーム全般,cca4a16d7,10時間1分,0,8,8.0,0,0,0.013,0.0,0.0,0.01,あと3日,https://detail.chiebukuro.yahoo.co.jp/qa/question_detail/q10324885640,Xのシャドウバンどうやったら解除されますか？ できることは全てしたと思うんですけど、ひたすら待つだけですか？,0,0
989,2026/2/1 6:13,アニメ、コミック,sir********,10時間1分,2,39,19.5,0,0,0.065,5.13,0.01,0.23,あと3日,https://detail.chiebukuro.yahoo.co.jp/qa/question_detail/q13324885638,シリーズ作品にはよくある、いわゆる後付け設定で、ロボット作品の中で 1.後付け設定が下手 2.後付け設定が上手い ↑と思う作品を挙げて下さい。 アニメ、マンガ、ゲーム、何でもOKです。 1は、やっぱり...,0,0
990,2026/2/1 6:13,恋愛相談、人間関係の悩み,Toki0906,10時間2分,4,69,17.2,0,4,0.115,5.8,0.02,0.65,あと3日,https://detail.chiebukuro.yahoo.co.jp/qa/question_detail/q12324885637,気になってる女性とのLINEでのやり取り。 とある女優さんに似てるという会話の流れで、相手のことを可愛いと褒めて、否定されてたので可愛いから自信持っていいよと言うと、可愛くなくていい！と返されました。...,0,0
991,2026/2/1 6:13,家族関係の悩み,12345680,10時間2分,6,120,20.0,0,17,0.199,5.0,0.04,1.54,あと3日,https://detail.chiebukuro.yahoo.co.jp/qa/question_detail/q11324885636,兄弟での親の介護について質問です。 私は地元を離れ地元にいる姉が母の介護を1年半ほどしてくれていて、3ヶ月前に施設に入れました。 ネットで遠方住みは金銭面でサポートと言うのは理解したので、母の貯金が底...,0,0
992,2026/2/1 6:12,アニメ,1152353718,10時間3分,3,26,8.7,0,0,0.043,11.54,0.0,0.29,あと3日,https://detail.chiebukuro.yahoo.co.jp/qa/question_detail/q11324885631,1番賛否両論あるアニメって何だと思いますか？ 自分はメイドインアビスorリゼロだと思いました。 ハマるとサスペンス、ミステリーが 非常に面白いのですがやっぱりグロ系統と 主人公が無能、空回りしやすいと...,0,0
993,2026/2/1 6:12,病気、症状,bch********,10時間3分,2,61,30.5,0,0,0.101,3.28,0.03,0.27,不明,https://detail.chiebukuro.yahoo.co.jp/qa/question_detail/q10324885630,至急お願いします ストレスがかかったりしてしまうと、失神する病気?!持ってます。（PNES非てんかん発作）他の理由で入院中です。発作を起こし失神してる時に、看護師に、意識無いのに薬を口に入れたみたいで...,0,0
994,2026/2/1 6:12,動物,レモン,10時間3分,2,13,6.5,0,1,0.022,15.38,0.0,0.24,あと3日,https://detail.chiebukuro.yahoo.co.jp/qa/question_detail/q14324885629,パンダが木や木の階段に登るのは運動の為ですか？,0,0
995,2026/2/1 6:11,クレジットカード,a38752bb4,10時間4分,1,22,22.0,0,2,0.036,4.55,0.01,0.22,あと3日,https://detail.chiebukuro.yahoo.co.jp/qa/question_detail/q13324885628,りそなのプレミアムカードって、だれでも買えるの？ 審査はあるけど...,0,0
996,2026/2/1 6:11,俳優、女優,不明,10時間4分,2,7,3.5,0,3,0.012,28.57,0.0,0.33,あと3日,https://detail.chiebukuro.yahoo.co.jp/qa/question_detail/q12324885627,中村愛美ちゃんって可愛いですか？,0,0
997,2026/2/1 6:11,カスタマイズ,1151930907,10時間4分,2,20,10.0,0,0,0.033,10.0,0.0,0.2,あと3日,https://detail.chiebukuro.yahoo.co.jp/qa/question_detail/q11324885626,フェンダーがタイヤと干渉してタイヤの側面が燃えてしまいます。 木材か鉄アレイで少し引っ張り出せば入るのですが何かいい方法ありますか？ 10.5Jの20インチワイトレ200mmです,0,0
998,2026/2/1 6:11,プロ野球,讀賣とタイガー大好き,10時間4分,2,64,32.0,0,4,0.106,3.12,0.03,0.47,あと3日,https://detail.chiebukuro.yahoo.co.jp/qa/question_detail/q10324885625,プロ野球に詳しいかたにおたずねいたします。 わたしは大のカープファンなのですが、最近江川さんの動画にハマっています。 江川さんが空振りを取るとき、高目の肩の高さのボールを振らせています。見逃せば当然「...,0,0
999,2026/2/1 6:11,コミック,oew********,10時間4分,2,28,14.0,0,0,0.046,7.14,0.01,0.21,あと3日,https://detail.chiebukuro.yahoo.co.jp/qa/question_detail/q14324885624,デスノート、無関係な人間に死神の存在を悟られると、死神はなんらかのペナルティを受けますか？ というのも実写版で、リュークにリンゴを投げるシーンがありましたが、リュークはそれを無視、ライトの問いかけにも...,0,0
1000,2026/2/1 6:11,プロ野球,kaw********,10時間4分,3,36,12.0,1,0,0.06,8.33,0.01,0.47,あと3日,https://detail.chiebukuro.yahoo.co.jp/qa/question_detail/q13324885623,昭和40年代の夏 ビールと枝豆で巨人戦を見るのがサラリーマンの娯楽だったんですか？,0,0
1001,2026/2/1 6:11,政治、社会問題,非公開,10時間4分,3,30,10.0,0,0,0.05,10.0,0.01,0.3,あと3日,https://detail.chiebukuro.yahoo.co.jp/qa/question_detail/q14324885619,ただいま衆議院選挙が行われてますが何で選挙の時だけ庶民ぶった食事をしてSNSでアピールするのでしょうか？ 散々やってきて進次郎がトドメを刺したので逆効果だと思うんですけど？,0,0
1002,2026/2/1 6:10,料理、食材,I,10時間5分,2,27,13.5,0,0,0.045,7.41,0.01,0.21,あと3日,https://detail.chiebukuro.yahoo.co.jp/qa/question_detail/q11324885616,ニンニクを食べると頭が痛くなってしまいます。 ニンニクが入ったパスタや、ラーメンなどを食べると食べてる時から頭痛がしてきます。 原因を知りたくて自分で調べても、なぜなのか分かりませんでした。 ニンニク...,0,0
1003,2026/2/1 6:10,家族関係の悩み,a38752bb4,10時間5分,4,43,10.8,0,0,0.071,9.3,0.01,0.4,あと3日,https://detail.chiebukuro.yahoo.co.jp/qa/question_detail/q14324885614,一人暮らしも実家暮らしもあんま変わらんくね,0,0
1004,2026/2/1 6:10,ドコモ,por********,10時間6分,0,2,2.0,0,0,0.003,0.0,0.0,0.0,あと3日,https://detail.chiebukuro.yahoo.co.jp/qa/question_detail/q13324885613,d menuアプリって朝刊みると前日の夕刊とかも見れてましたがもう見れなくなったんですか？,0,0
1005,2026/2/1 6:10,ボートレース（競艇）,T・Aエジソン,10時間6分,3,7,2.3,0,0,0.012,42.86,0.0,0.26,あと3日,https://detail.chiebukuro.yahoo.co.jp/qa/question_detail/q12324885612,2月１日鳴門競艇6Rの買い目を教えて下さい。,0,0
1006,2026/2/1 6:10,国内,dre********,10時間6分,4,310,77.5,0,5,0.511,1.29,0.4,1.09,あと3日,https://detail.chiebukuro.yahoo.co.jp/qa/question_detail/q11324885611,急遽今週5日の休みが取れました せっかくなので国内旅行にいきたいのですが、急な話なのでアドバイスいただければと思います！ 飛行機のマイルがあるので関東から空路でどこか行きたいと思っています 雪は苦手な...,0,0
1007,2026/2/1 6:10,バラエティ、お笑い,por********,10時間6分,0,1,1.0,0,0,0.002,0.0,0.0,0.0,あと3日,https://detail.chiebukuro.yahoo.co.jp/qa/question_detail/q10324885610,さんまのまんまで話してたコーディネーターのハタノさん？の売れたアイドルって誰のことですか？,0,0
1008,2026/2/1 6:09,プロ野球,gak********,10時間7分,2,23,11.5,0,0,0.038,8.7,0.0,0.2,あと3日,https://detail.chiebukuro.yahoo.co.jp/qa/question_detail/q14324885609,キャンプインしたけども阪神→ DeNA のデュプランティエ について相川亮二監督やベイ首脳陣の皆さんは 懸念とかしていないんでしょうかね？ 日本への来日の目処が との事らしいが,0,0
1009,2026/2/1 6:09,コミック,1150329946,10時間7分,0,13,13.0,0,0,0.021,0.0,0.0,0.02,あと3日,https://detail.chiebukuro.yahoo.co.jp/qa/question_detail/q10324885605,少し前に読んだ漫画の題名を忘れてしまい探しています。 回帰物だったと思います。 回帰前の主人公は、魔力があるためいいお家の養子に入ったのですが、同じく養子にはいった義理の姉に騙されて魔力を取られてしま...,0,0
1010,2026/2/1 6:08,Amazon,jxh********,10時間8分,3,23,7.7,0,0,0.038,13.04,0.0,0.28,あと3日,https://detail.chiebukuro.yahoo.co.jp/qa/question_detail/q13324885603,Amazon の返金について 楽天銀行のデビットカードを使って、商品を購入したのですが色を間違えてしまったためキャンセルしました。 キャンセルは問題なくできたのですが、銀行のアプリを確認すると既に口座...,0,0
1011,2026/2/1 6:08,鉄道、列車、駅,1150635521,10時間8分,2,64,32.0,0,3,0.105,3.12,0.03,0.42,あと3日,https://detail.chiebukuro.yahoo.co.jp/qa/question_detail/q11324885601,至急回答お願いします。 駅で改札機にSuicaのアプリを、入れているのでスマホをかざして通るのですがたまにピンポーンとなります。ただ、見るとエラーでもなく普通に金引かれてるのですがどういうことなんでし...,0,0
1012,2026/2/1 6:08,友人関係の悩み,c11a1ba79,10時間8分,2,44,22.0,0,1,0.072,4.55,0.02,0.29,あと3日,https://detail.chiebukuro.yahoo.co.jp/qa/question_detail/q10324885600,先日友達とBARに行き、途中から合流しお会計する時に半分払ってと言われ揉めて半分置いて相手は帰ってしまい残りの半分はつけになり、帰宅後酔っ払って何も覚えてないと言われました。 途中参加で割り勘に納得い...,0,0
1013,2026/2/1 6:08,法律相談,b96cd1c23,10時間8分,0,6,6.0,0,0,0.01,0.0,0.0,0.01,あと3日,https://detail.chiebukuro.yahoo.co.jp/qa/question_detail/q14324885599,勝手にアイドルグループやバンドのロゴを作って、ファンアートという形でsnsに投稿するのって大丈夫ですか？ 法律に抵触する可能性あったら教えて欲しいです！,0,0
1014,2026/2/1 6:07,日本史,こんにちは世界の国からこんにちは,10時間9分,7,108,15.4,0,0,0.177,6.48,0.03,0.75,あと3日,https://detail.chiebukuro.yahoo.co.jp/qa/question_detail/q13324885598,桶狭間の戦いで、信長軍による義元本陣への奇襲はなかったのですか？創作だったのですか？,0,0
1015,2026/2/1 6:07,スロット,abc********,10時間9分,1,15,15.0,0,0,0.025,6.67,0.0,0.11,あと3日,https://detail.chiebukuro.yahoo.co.jp/qa/question_detail/q11324885596,スマスロシャーマンキングのOSR中に葉のセリフでスピリットオブソウル 白鵠！って言ってると思うんですけど、原作だとスピリットオブソードではなかったですか？ 自分の聞き間違えなのかスロット用のそういう演...,0,0
1016,2026/2/1 6:07,妊娠、出産,あ,10時間9分,3,80,26.7,0,2,0.131,3.75,0.03,0.47,あと3日,https://detail.chiebukuro.yahoo.co.jp/qa/question_detail/q14324885594,妊娠から出産まで十分な猶予がありながら自分達で決断しといて子供三人産んだのを後悔してる奴をみると本当に腹が立ちます 余裕がないくせに三人も産むなって 思いませんか？,0,0
1017,2026/2/1 6:07,病気、症状,ホワイティ,10時間9分,3,26,8.7,0,1,0.043,11.54,0.0,0.34,不明,https://detail.chiebukuro.yahoo.co.jp/qa/question_detail/q10324885595,寝違えて 首が痛いです 治し方 どうすれば良いと思いますか ？,0,0
1018,2026/2/1 6:07,ボートレース（競艇）,T・Aエジソン,10時間9分,3,9,3.0,0,0,0.015,33.33,0.0,0.26,あと3日,https://detail.chiebukuro.yahoo.co.jp/qa/question_detail/q13324885593,2月１日鳴門競艇5Rの買い目を教えて下さい。,0,0
1019,2026/2/1 6:07,Wii,a7dd6576a,10時間10分,1,14,14.0,0,1,0.023,7.14,0.0,0.15,あと3日,https://detail.chiebukuro.yahoo.co.jp/qa/question_detail/q12324885592,スーパーマリオギャラクシーのいたずらコメットについて質問です。 タイムアタック！タマゴの星のディノパックンが出現するスターの数はどれぐらいですか？,0,0
1020,2026/2/1 6:07,日本史,kaw********,10時間10分,7,50,7.1,1,14,0.082,14.0,0.01,1.51,あと3日,https://detail.chiebukuro.yahoo.co.jp/qa/question_detail/q11324885591,楠木正成が戦前に英雄化されたのは何故ですか？,0,0
1021,2026/2/1 6:06,ボートレース（競艇）,T・Aエジソン,10時間11分,3,8,2.7,0,0,0.013,37.5,0.0,0.26,あと3日,https://detail.chiebukuro.yahoo.co.jp/qa/question_detail/q10324885590,2月１日鳴門競艇4Rの買い目を教えて下さい。,0,0
1022,2026/2/1 6:06,車検、メンテナンス,ドラえもん,10時間11分,1,17,17.0,0,0,0.028,5.88,0.0,0.11,あと3日,https://detail.chiebukuro.yahoo.co.jp/qa/question_detail/q14324885589,クボタトラクターＧＬ467ののМAコントローラーを取り替えると倍速ターンの表示やグローの表示など点滅の不良は直りますか？ それによってかもわかりませんが点滅不良の時に少しパワーが不足するような気がしま...,0,0
1023,2026/2/1 6:06,パソコン,ああああ,10時間11分,0,10,10.0,0,0,0.016,0.0,0.0,0.02,あと3日,https://detail.chiebukuro.yahoo.co.jp/qa/question_detail/q12324885587,U9 285Kって結局、どんな用途に適したCPUなのかサッパリ分からんです。 誰か教えてください。 2026年版最速ゲーミングCPU「AMD Ryzen 7 9850X3D」最速検証！【vs. 980...,0,0
1024,2026/2/1 6:05,ゲーム,a8cdb74c5,10時間12分,2,6,3.0,0,0,0.01,33.33,0.0,0.17,あと3日,https://detail.chiebukuro.yahoo.co.jp/qa/question_detail/q14324885584,第五人格 今サバが５段の4なんですけど来シーズンに４段の３になってから頑張れば七段行けますか？,0,0
1025,2026/2/1 6:05,将棋、囲碁,ysi********,10時間12分,7,51,7.3,0,1,0.083,13.73,0.01,0.7,あと3日,https://detail.chiebukuro.yahoo.co.jp/qa/question_detail/q13324885583,将棋ウォーズっていうアプリで将棋してるんですが、1勝もできなくて30級から1つも上に上がりません。 対戦相手が4級とかの人としか当たらなくて無理ゲーになっています。 どうすれば勝てるか分かりません,0,0
1026,2026/2/1 6:05,生き方、人生相談,ID未公開,10時間12分,9,55,6.1,0,3,0.09,16.36,0.01,0.97,あと3日,https://detail.chiebukuro.yahoo.co.jp/qa/question_detail/q12324885582,稼ぎがあって家を建てる所業を成し遂げてる人でも人間がなってない人はいますか？,0,0
1027,2026/2/1 6:05,携帯型ゲーム全般,1253145062,10時間12分,0,7,7.0,0,0,0.011,0.0,0.0,0.01,あと3日,https://detail.chiebukuro.yahoo.co.jp/qa/question_detail/q10324885580,ブロスタについてです この1番下にあるアイコンってなんのアイコンなんですか,0,0
1028,2026/2/1 6:05,釣り,nin********,10時間12分,2,22,11.0,0,0,0.036,9.09,0.0,0.2,あと3日,https://detail.chiebukuro.yahoo.co.jp/qa/question_detail/q14324885579,今バス釣りで汎用性の高いロッドを探していて、オライオンのムーンゲイザーにしようかユミハリにしようかかなり迷っています。これらはロッド特性も近いので...。 使っている方がいましたら使用感などを教えてい...,0,0
1029,2026/2/1 6:05,鉄道、列車、駅,1051972729,10時間12分,5,60,12.0,1,9,0.098,8.33,0.01,1.11,不明,https://detail.chiebukuro.yahoo.co.jp/qa/question_detail/q12324885577,千葉県に新幹線の線路や駅はありますか？,0,0
1030,2026/2/1 6:04,テーマパーク,aea3111f2,10時間13分,1,18,18.0,0,0,0.029,5.56,0.01,0.11,あと3日,https://detail.chiebukuro.yahoo.co.jp/qa/question_detail/q11324885576,ディズニー行きたいんですがポップコーン入れも荷物検査されますか？,0,0
1031,2026/2/1 6:04,ゲーム,a8cdb74c5,10時間13分,1,12,12.0,0,0,0.02,8.33,0.0,0.1,あと3日,https://detail.chiebukuro.yahoo.co.jp/qa/question_detail/q14324885574,第五人格 野良でサバランに潜っているのですが前に比べて口が悪くなってきてしまいました。言いたくないけどつい声に出ちゃいます。何かいい解決策はありませんか？,0,0
1032,2026/2/1 6:04,邦楽,MASTERGRAVE,10時間14分,2,35,17.5,1,6,0.057,5.71,0.01,0.67,あと3日,https://detail.chiebukuro.yahoo.co.jp/qa/question_detail/q13324885573,紅白に興味なくて、今更サカナクションが出ていると知り絶望的な気分です。 https://www.youtube.com/watch?v=3Jt5HTRh3hk ここから無料で見れるとリンクを開こうとし...,0,0
1033,2026/2/1 6:04,恋愛相談、人間関係の悩み,1150042122,10時間14分,3,39,13.0,0,0,0.064,7.69,0.01,0.31,あと3日,https://detail.chiebukuro.yahoo.co.jp/qa/question_detail/q12324885572,失恋をしました。22歳の大学生です。 先日、2か月間付き合っていた彼女の二股が発覚し、別れることになりました。 彼女には元彼がいて、関係が完全に切れておらず、定期的に会っていたそうです。 また、彼女は...,0,0
1034,2026/2/1 6:04,ホテル、旅館,あ,10時間14分,3,59,19.7,0,5,0.096,5.08,0.02,0.58,あと3日,https://detail.chiebukuro.yahoo.co.jp/qa/question_detail/q11324885571,京都でナインアワーズというホテルに泊まったことがあるのですが、鍵とかはありませんでした。 東京で泊まる予定があるので、丸っこい穴に入るだけですが、安いので検討しています。 (ちょうど水道橋に用があるの...,0,0
1035,2026/2/1 6:04,政治、社会問題,ハッピーラッキー,10時間14分,5,32,6.4,1,7,0.052,15.62,0.0,0.96,あと3日,https://detail.chiebukuro.yahoo.co.jp/qa/question_detail/q10324885570,北方領土は返還されるでしょうか。,0,0
1036,2026/2/1 6:03,プロ野球,kaw********,10時間15分,0,6,6.0,0,0,0.01,0.0,0.0,0.01,あと3日,https://detail.chiebukuro.yahoo.co.jp/qa/question_detail/q14324885569,元日ハムの広瀬哲朗氏は監督やコーチには就任しないんですか？,0,0
1037,2026/2/1 6:03,競馬,凸,10時間15分,3,46,15.3,0,3,0.075,6.52,0.01,0.46,あと3日,https://detail.chiebukuro.yahoo.co.jp/qa/question_detail/q13324885568,凸の一日一問！（第1488問） 【シルクロードS？】 ◎⑦オタルエバー（幸） ◯①アブキールベイ（吉村） ▲⑬エイシンフェンサー（川又） △⑨⑪⑭⑯ 買い目 馬単マルチ⑦↔︎①⑨⑪⑬⑭⑯-12点 大好...,0,0
1038,2026/2/1 6:03,恋愛相談、人間関係の悩み,非公開,10時間15分,1,51,51.0,0,0,0.083,1.96,0.04,0.16,不明,https://detail.chiebukuro.yahoo.co.jp/qa/question_detail/q12324885567,彼氏がマチアプで知り合って遠距離でバツイチ子持ちで子供と実家暮らしってきいてて独身偽造を疑ってしまいます。 冷静に考えてみれば仮に実家暮らしの既婚者で独身偽造してた場合、実家の住所なんてリスクあるから...,0,0
1039,2026/2/1 6:03,不動産,マリンブルー,10時間15分,7,30,4.3,0,0,0.049,23.33,0.0,0.62,あと3日,https://detail.chiebukuro.yahoo.co.jp/qa/question_detail/q11324885566,賃貸や中古の不動産物件で内見に行った際、不吉な空気というかイヤな感じで契約を見送った方はいますか？ 業者さんは事故物件ではないと言いながらも、事件から１契約はさんで紹介の場合、告知義務はないと聞きます...,0,0
1040,2026/2/1 6:03,アニメ,1052043223,10時間15分,2,35,17.5,0,6,0.057,5.71,0.01,0.51,あと3日,https://detail.chiebukuro.yahoo.co.jp/qa/question_detail/q14324885564,とにかく泣けるアニメを探しています。 古い作品は少し苦手意識があるのですが、今まで見てきた作品の中で泣けた度で表すと あの花 ◎◎ シャーロット○ 色ずく世界の明日から ◎◎ プラスティックメモリーズ...,0,0
1041,2026/2/1 6:03,鉄道、列車、駅,Yokoshin1009,10時間15分,1,13,13.0,1,0,0.021,7.69,0.0,0.26,あと3日,https://detail.chiebukuro.yahoo.co.jp/qa/question_detail/q13324885563,名鉄のミユースカイが4両単独で走行するのは、どの曜日でどの時間帯が多いですか？,0,0
1042,2026/2/1 6:03,ボートレース（競艇）,T・Aエジソン,10時間15分,3,12,4.0,0,0,0.019,25.0,0.0,0.26,あと3日,https://detail.chiebukuro.yahoo.co.jp/qa/question_detail/q11324885561,2月１日鳴門競艇3Rの買い目を教えて下さい。,0,0
1043,2026/2/1 6:03,iPhone,and********,10時間15分,0,5,5.0,0,0,0.008,0.0,0.0,0.01,あと3日,https://detail.chiebukuro.yahoo.co.jp/qa/question_detail/q10324885560,iPhoneです エックスでプレミアム会員なんですが太文字変換ボタンが消えてしばらく立ちます。 太文字ボタンの復活はできないのでしょうか？ 太文字使いたいです,0,0
1044,2026/2/1 6:03,大学受験,bab1dc587,10時間15分,0,41,41.0,1,0,0.067,0.0,0.0,0.23,あと3日,https://detail.chiebukuro.yahoo.co.jp/qa/question_detail/q14324885559,帝京大学医療技術学部を受験した方に質問です。 今年の難易度だと合格最低点は下がっていると思いますか？,0,0
1045,2026/2/1 6:02,住宅ローン,sai********,10時間16分,2,66,33.0,0,1,0.107,3.03,0.04,0.32,あと3日,https://detail.chiebukuro.yahoo.co.jp/qa/question_detail/q13324885558,住宅ローンについて質問です。 約5年前にも、信用情報に異動があるので各種ローンが組めない…。という旨の質問をさせていただきました。 支払遅滞を二度としないと、心に強く刻み自分なりに頑張って生活してきた...,0,0
1046,2026/2/1 6:02,ボートレース（競艇）,T・Aエジソン,10時間16分,3,10,3.3,0,0,0.016,30.0,0.0,0.26,あと3日,https://detail.chiebukuro.yahoo.co.jp/qa/question_detail/q12324885557,2月１日鳴門競艇2Rの買い目を教えて下さい。,0,0
1047,2026/2/1 6:02,データベース,ぺこりん,10時間16分,1,17,17.0,0,2,0.028,5.88,0.0,0.21,あと3日,https://detail.chiebukuro.yahoo.co.jp/qa/question_detail/q11324885556,ChatGPTは有料版を利用すべきですか？,0,0
1048,2026/2/1 6:02,サッカー,por********,10時間17分,0,0,0.0,0,0,0.0,0.0,0.0,0.0,あと3日,https://detail.chiebukuro.yahoo.co.jp/qa/question_detail/q10324885555,女子サッカー神村学園のボンバーヘッドの選手は誰ですか？,0,0
1049,2026/2/1 6:02,周辺機器,ミント,10時間17分,2,18,9.0,0,0,0.029,11.11,0.0,0.19,あと3日,https://detail.chiebukuro.yahoo.co.jp/qa/question_detail/q14324885554,映像編集が趣味な人に下記の中からどれかをプレゼントと言ったら二択で迷ったと言いました。では、どれとどれで迷ってた？ ①ゲーミングチェア ②スピーカー ③キーボード ④ＳＳＤ ⑤モニター ⑥デジカメ ⑦...,0,0
1050,2026/2/1 6:02,恋愛相談、人間関係の悩み,a38752bb4,10時間17分,3,13,4.3,0,0,0.021,23.08,0.0,0.26,あと3日,https://detail.chiebukuro.yahoo.co.jp/qa/question_detail/q13324885553,恋人できると家族との仲悪くなるの？,0,0
1051,2026/2/1 6:01,アニメ,b5cee9ec8,10時間18分,1,15,15.0,0,0,0.024,6.67,0.0,0.1,あと3日,https://detail.chiebukuro.yahoo.co.jp/qa/question_detail/q11324885551,転生したらスライムだった件について転スラには、アニメや漫画それと小説版とweb版？みたいなのがあると聞いてそれは転スラのアニメとなんの関係があるか簡単に教えて欲しいです,0,0
1052,2026/2/1 6:01,バラエティ、お笑い,por********,10時間18分,0,1,1.0,0,0,0.002,0.0,0.0,0.0,あと3日,https://detail.chiebukuro.yahoo.co.jp/qa/question_detail/q10324885550,さんまのまんまで陸上ジョセフさんのお土産ってなんでしょうか？,0,0
1053,2026/2/1 6:01,ライブ、コンサート,ユート,10時間18分,0,15,15.0,0,0,0.024,0.0,0.0,0.02,あと3日,https://detail.chiebukuro.yahoo.co.jp/qa/question_detail/q12324885552,下北沢SHELTERに初めて行くのですが、開場後の物販の場所はどこですか？ Tシャツを買いたいので会場に入る前に買えるか確認したいです,0,0
1054,2026/2/1 6:01,動物,unc********,10時間18分,6,63,10.5,0,7,0.102,9.52,0.01,0.93,あと3日,https://detail.chiebukuro.yahoo.co.jp/qa/question_detail/q14324885549,冬眠してる熊って、見つけるの難しいのですかね？？今のうちに数減らしておけないのでしょうか？？,0,0
1055,2026/2/1 6:01,ボートレース（競艇）,T・Aエジソン,10時間18分,3,7,2.3,0,0,0.011,42.86,0.0,0.25,あと3日,https://detail.chiebukuro.yahoo.co.jp/qa/question_detail/q13324885548,2月１日鳴門競艇１Rの買い目を教えて下さい。,0,0
1056,2026/2/1 6:01,バイク,1052540524,10時間18分,2,54,27.0,1,1,0.087,3.7,0.02,0.46,あと3日,https://detail.chiebukuro.yahoo.co.jp/qa/question_detail/q14324786539,1995年式 xjr400 4hmに乗っています。 インシュレーターなど、キャブのOリング、バタフライシャフトのシールなど二次エアーを吸うような箇所は交換したのですが二次エアーのような症状が治りません...,0,0
1057,2026/2/1 6:01,鉄道、列車、駅,qwert,10時間18分,0,57,57.0,0,0,0.092,0.0,0.0,0.09,あと3日,https://detail.chiebukuro.yahoo.co.jp/qa/question_detail/q14324786474,横須賀線235系は120キロほどで走っていて爆音がすごいとありますが、つくばエクスプレスはさらに130キロ、走行音はどんな感じですか？,0,0
1058,2026/2/1 6:01,アニメ,aph********,10時間18分,1,17,17.0,0,0,0.027,5.88,0.0,0.11,あと3日,https://detail.chiebukuro.yahoo.co.jp/qa/question_detail/q14324786389,BSS構文とかいうのがあるみたいですがなぜ自分のほうがその男子より上だと無根拠に思えるのですか？,0,0
1059,2026/2/1 6:01,スキンケア,abc************,10時間18分,0,11,11.0,0,0,0.018,0.0,0.0,0.02,あと3日,https://detail.chiebukuro.yahoo.co.jp/qa/question_detail/q14324786314,卓上スマートミラーが気になっていて買おうか迷っています。 https://fpdvision.jp/products/fpd-smart-makeup-mirror シミや毛穴黒ずみ分析、メイクアイテ...,0,0
1060,2026/2/1 6:01,男性アイドル,cafdb669b,10時間18分,0,24,24.0,0,0,0.039,0.0,0.0,0.04,あと3日,https://detail.chiebukuro.yahoo.co.jp/qa/question_detail/q13324786543,めておらのらぴすくんのお礼についてです。 先日のasmr配信でお茶爆100を投げたのですがまだお礼が送られてきていません ちなみにその配信の始まってすぐに投げました。 貰えないってことではないですよね...,0,0
1061,2026/2/1 6:01,ニキビケア,abb68f83d,10時間18分,1,19,19.0,0,0,0.031,5.26,0.01,0.11,あと3日,https://detail.chiebukuro.yahoo.co.jp/qa/question_detail/q13324786348,ニキビ肌なんですけど長期的にできにくくする方法教えて欲しいです,0,0
1062,2026/2/1 6:01,ネイルケア,qof********,10時間19分,0,20,20.0,0,0,0.032,0.0,0.0,0.03,あと3日,https://detail.chiebukuro.yahoo.co.jp/qa/question_detail/q12324786302,自爪にペロリンを塗ってネイルチップで長さ出し→その上からスカルプで強度を強めると オフする時は ペロリン剥がしでオフできますか？,0,0
1063,2026/2/1 6:01,日用品、生活雑貨,1105874569,10時間19分,0,21,21.0,0,0,0.034,0.0,0.0,0.03,あと3日,https://detail.chiebukuro.yahoo.co.jp/qa/question_detail/q11324786406,ペーパー加湿器についての質問です。 母が加湿器が嫌いで加湿器をつけたことがなく、私は実家に帰省する度に喉を痛めてもう嫌になりました。 そこで自然気化式(ペーパー加湿器)なら狭い範囲そうだしいいだろうと...,0,0
1064,2026/2/1 6:01,大学受験,c78b1b0a2,10時間19分,1,48,48.0,1,0,0.078,2.08,0.04,0.32,あと3日,https://detail.chiebukuro.yahoo.co.jp/qa/question_detail/q11324786481,京大地球工の1回生です 資源コース志望なのですが、どれくらいの成績を取ればいいでしょうか 近年資源の人気が上がっていると聞きます 正直自分の成績はいい方とは言えないので来年以降の目安としてお願いします,0,0
1065,2026/2/1 6:01,ゲーム,poc********,10時間19分,0,6,6.0,0,0,0.01,0.0,0.0,0.01,あと3日,https://detail.chiebukuro.yahoo.co.jp/qa/question_detail/q11324786506,discordのbotについての質問です。 こちらが１分と記載したら「60、59、58・・・」と読み上げてくれるbotはないでしょうか？,0,0
1066,2026/2/1 6:01,コミュニケーションサービス,b438fcba8,10時間19分,0,7,7.0,0,0,0.011,0.0,0.0,0.01,あと3日,https://detail.chiebukuro.yahoo.co.jp/qa/question_detail/q10324786600,Discordについてです。 ある日なぜかいつも通り開いたら認証してくださいという画面になりよく分からずログアウトというボタンがあったので押したらログイン画面になったんですがログイン方法が電話番号なの...,0,0
1067,2026/2/1 6:01,周辺機器,c8abdc29a,10時間19分,0,15,15.0,0,0,0.024,0.0,0.0,0.02,あと3日,https://detail.chiebukuro.yahoo.co.jp/qa/question_detail/q10324786415,ガラスマウスパッドについて質問です。長らくskypad3.0を愛用していたのですが、買い換えようと考えています。このタイミングで買うならsp005 かsp004なのですがどちらがいいでしょうか？ cr...,0,0
1068,2026/2/1 6:01,子育ての悩み,池小新,10時間19分,1,83,83.0,0,0,0.134,1.2,0.11,0.21,あと3日,https://detail.chiebukuro.yahoo.co.jp/qa/question_detail/q10324786305,男の子のお母さんに質問します 息子さんが絶対にブリーフしか履かないという方限定でお願いします。 絶対にブリーフしか履かない理由は何ですか？ 履いてるサイズは何cmですか？ 何処で購入してますか？ ボク...,0,0
1069,2026/2/1 6:01,流行、話題のことば,por********,10時間19分,0,18,18.0,0,0,0.029,0.0,0.0,0.03,あと3日,https://detail.chiebukuro.yahoo.co.jp/qa/question_detail/q12324885547,成人式で女子が花魁の格好でストリップを始めたのってどこの成人式ですか？,0,0
1070,2026/2/1 6:00,大学,b21a57403,10時間20分,1,50,50.0,0,0,0.081,2.0,0.04,0.16,あと3日,https://detail.chiebukuro.yahoo.co.jp/qa/question_detail/q10324885545,"東京藝大油画専攻の休学事情について教えてください。 1, 自信喪失やスランプ脱却を理由に休学をとる学生は居るのか 2, 居たとして、どの時期に休学するケースが多いのか（何年生の前/後期） 3, 1年生...",0,0
1071,2026/2/1 6:00,スマホアプリ,por********,10時間20分,0,0,0.0,0,0,0.0,0.0,0.0,0.0,あと3日,https://detail.chiebukuro.yahoo.co.jp/qa/question_detail/q14324885544,d menuアプリを更新すると高校野球タブがなくなりました、万博タブが増えました、とでましたが万博タブは見当たらないのですがどこで見れますか？10/10,0,0
1072,2026/2/1 6:00,法律相談,mff********,10時間20分,3,19,6.3,0,0,0.031,15.79,0.0,0.27,あと3日,https://detail.chiebukuro.yahoo.co.jp/qa/question_detail/q13324885543,ドラッグストアの防犯カメラは赤外線カメラですか？ 明るい時でも赤外線カメラをONにしてますか？,0,0
1073,2026/2/1 6:00,ボートレース（競艇）,T・Aエジソン,10時間20分,3,8,2.7,0,0,0.013,37.5,0.0,0.25,あと3日,https://detail.chiebukuro.yahoo.co.jp/qa/question_detail/q12324885542,2月１日芦屋競艇12Rの買い目を教えて下さい。,0,0
1074,2026/2/1 6:00,外国映画,顔面偏差値低,10時間20分,0,13,13.0,0,0,0.021,0.0,0.0,0.02,あと3日,https://detail.chiebukuro.yahoo.co.jp/qa/question_detail/q11324885541,ミス・ペレグリンと奇妙な子供達 小学生の頃にみてから洋画の中で1番すきな映画だったんですが、今日Netflixでさしぶりに見ました（あるの知らなかったです、、、、） エイブリン ヴィクター ブロンウィ...,0,0
1075,2026/2/1 6:00,大学受験,a8299c588,10時間20分,2,127,63.5,0,2,0.205,1.57,0.13,0.46,あと3日,https://detail.chiebukuro.yahoo.co.jp/qa/question_detail/q10324885540,今日立命館大学経営学部を受験するものです。 合格最低点予想はいかほどですか？,0,0
1076,2026/2/1 6:00,恋愛相談、人間関係の悩み,iqv********,10時間20分,3,64,21.3,0,2,0.103,4.69,0.02,0.44,あと3日,https://detail.chiebukuro.yahoo.co.jp/qa/question_detail/q13324885538,あと三日後に結婚します でも彼は私の事あまり好きじゃないみたい… 子供も出来たから仕方なくって感じそう これ昨日言ったらなら別れれば？て感じで止めもしなかった(私がこうなるのが多くて、何回目？と言われ...,0,0
1077,2026/2/1 6:00,政治、社会問題,すとろべりー,10時間20分,6,27,4.5,0,1,0.043,22.22,0.0,0.57,あと3日,https://detail.chiebukuro.yahoo.co.jp/qa/question_detail/q12324885537,皆さんは、もう選挙期日前はしましたか？する予定ですか？投票日にしますか？,0,0
1078,2026/2/1 6:00,恋愛相談、人間関係の悩み,noa********,10時間21分,0,15,15.0,0,0,0.024,0.0,0.0,0.02,あと3日,https://detail.chiebukuro.yahoo.co.jp/qa/question_detail/q11324885536,とあるゲーム配信者の男性のことが気になっています。 彼は、 誰にでも大好きと言う、誰にでも愛想が良い、下ネタが多い、すぐごめんねと言う、イケメン、天然、愛嬌がある、リスナーをあだ名呼び、恥ずかしくなる...,0,0
1079,2026/2/1 6:00,バイク,な,10時間21分,12,144,12.0,0,4,0.232,8.33,0.03,1.39,あと3日,https://detail.chiebukuro.yahoo.co.jp/qa/question_detail/q10324885535,初バイクでsr400の購入を考えています。 車両確認の際見るべき箇所やおすすめの年式、キャブorインジェクションどっちがいいかなど教えて頂きたいです。 あとバイク屋さんはレッドバロン、バイク王、近所の...,0,0
1080,2026/2/1 5:59,恋愛相談、人間関係の悩み,非公開,10時間22分,5,120,24.0,0,0,0.193,4.17,0.05,0.59,不明,https://detail.chiebukuro.yahoo.co.jp/qa/question_detail/q14324885534,至急m(_ _)m 昨日、私(高1)好きな人(高2)とカフェ行きました！ ケーキとか美味しいね！とか話したら「Ｂちゃん分かる？」クラス別ですがタメですよ！と話したら「俺Ｂちゃんの事好きなんだよね！マジ...,0,0
1081,2026/2/1 5:59,大学受験,ふみる,10時間22分,0,25,25.0,0,0,0.04,0.0,0.0,0.04,あと3日,https://detail.chiebukuro.yahoo.co.jp/qa/question_detail/q12324885532,日本大学の入試を受けたことがある人や日大生の方に質問です。 日本大学の入試の問題用紙のサイズを教えてください。,0,0
1082,2026/2/1 5:59,数学,c88115bd3,10時間22分,2,67,33.5,0,2,0.108,2.99,0.04,0.36,不明,https://detail.chiebukuro.yahoo.co.jp/qa/question_detail/q10324885530,"中3数学二次関数と回転体の体積:この問題の解き方を分かりやすく教えて欲しいです！ 放物線m:y=x^2と直線l:y=x+6が下の図のように２点A,Bで交わっている。このとき、y軸を軸として△AOBを一...",0,0
1083,2026/2/1 5:59,バラエティ、お笑い,por********,10時間22分,0,1,1.0,0,0,0.002,0.0,0.0,0.0,あと3日,https://detail.chiebukuro.yahoo.co.jp/qa/question_detail/q14324885529,1/11の番宣で万博の成功の秘策みたいな番宣を見たのですが何の番宣だったかわかりますか？,0,0
1084,2026/2/1 5:59,恋愛相談、人間関係の悩み,1151482482,10時間22分,3,21,7.0,0,0,0.034,14.29,0.0,0.27,あと3日,https://detail.chiebukuro.yahoo.co.jp/qa/question_detail/q13324885528,ISTPの方に質問です。 実際会っている時は脈アリ行動ばかりなのに LINEを3日間未読されています。 やっぱり脈アリではないんですかね？,0,0
1085,2026/2/1 5:59,ボートレース（競艇）,T・Aエジソン,10時間22分,3,7,2.3,0,0,0.011,42.86,0.0,0.25,あと3日,https://detail.chiebukuro.yahoo.co.jp/qa/question_detail/q12324885527,2月１日芦屋競艇11Rの買い目を教えて下さい。,0,0
1086,2026/2/1 5:59,恋愛相談、人間関係の悩み,ID未公開,10時間22分,3,29,9.7,0,0,0.047,10.34,0.0,0.29,あと3日,https://detail.chiebukuro.yahoo.co.jp/qa/question_detail/q10324885525,男ってたまに人との接し方が下手な人がいてよくあの人は不器用な人だから〜と言ったりしますけど、普通に不快だし嫌じゃないですか？私は嫌です。そんな人を理解しようとも思いません,0,0
1087,2026/2/1 5:58,学校の悩み,Ｍ0113,10時間23分,3,38,12.7,0,1,0.061,7.89,0.01,0.35,あと3日,https://detail.chiebukuro.yahoo.co.jp/qa/question_detail/q14324885524,メルカリやラクマなどのフリマアプリで顔も知らない、会ったこともない生徒の名前の刻印が入ったアルトリコーダーを買うのってどう思いますか？ ちなみに、中学生の男子生徒が使用した男子生徒の名前の刻印彫りが入...,0,0
1088,2026/2/1 5:58,恋愛相談、人間関係の悩み,tjqdmwp,10時間23分,2,23,11.5,0,0,0.037,8.7,0.0,0.2,あと3日,https://detail.chiebukuro.yahoo.co.jp/qa/question_detail/q13324885523,恋愛相談です。 一応彼氏的存在の人が1人います。 ですが私のことを彼女扱いにほぼせずおでかけもなし、嘘をつかれてる気がしたり毎日ストレスがたまってます。 ですが私は好きで抜け出せずにいる状況です。 休...,0,0
1089,2026/2/1 5:57,インターネット接続,1151556861,10時間24分,1,45,45.0,0,0,0.072,2.22,0.03,0.15,あと3日,https://detail.chiebukuro.yahoo.co.jp/qa/question_detail/q12324885522,家のWiFiについてなのですが、一部のランプが赤く点灯しており、WiFiに接続できません。 ケーブルの抜き差しなどは試しましたが、状況は変わりません。 どのように対処すればよいでしょうか？,0,0
1090,2026/2/1 5:57,サッカー,1251411995,10時間24分,0,3,3.0,0,0,0.005,0.0,0.0,0.0,あと3日,https://detail.chiebukuro.yahoo.co.jp/qa/question_detail/q10324885520,至急お願いいたします！！(-_-;) サッカー⚽️Jリーグ、モンテディオ山形が鹿児島県霧島市キャンプにきょうまでですが、練習時間何時からでしょうか？ また鹿児島キャンプ終了しても地元には帰らないですね...,0,0
1091,2026/2/1 5:57,デンタルケア,rei********,10時間24分,2,21,10.5,0,0,0.034,9.52,0.0,0.19,あと3日,https://detail.chiebukuro.yahoo.co.jp/qa/question_detail/q13324885518,年を取ると歯が抜けると言われますが、抜ける時は歯茎が痩せて、痛みなく自然に抜けるような感じなのでしょうか？ グラグラして歯医者さんで抜くような感じになるのでしょうか？ なんかイメージが湧かないので、ど...,0,0
1092,2026/2/1 5:57,ボートレース（競艇）,T・Aエジソン,10時間25分,1,6,6.0,0,0,0.01,16.67,0.0,0.09,あと3日,https://detail.chiebukuro.yahoo.co.jp/qa/question_detail/q12324885517,2月１日芦屋競艇10Rの買い目を教えて下さい。,0,0
1093,2026/2/1 5:57,携帯型ゲーム全般,1251490655,10時間25分,1,19,19.0,0,0,0.03,5.26,0.01,0.11,あと3日,https://detail.chiebukuro.yahoo.co.jp/qa/question_detail/q11324885516,原神について コロンビーナ2凸餅、イネファ無凸餅 今のガチャの間に凸進めるならどちらですか。 フリンズを復刻で1凸餅までは引こうと思ってます。,0,0
1094,2026/2/1 5:56,ファイナルファンタジー,虚構世界とガラクタの都市,10時間26分,2,24,12.0,0,0,0.038,8.33,0.0,0.2,あと3日,https://detail.chiebukuro.yahoo.co.jp/qa/question_detail/q10324885515,スクウェア・エニックス アカウントについて質問です。 FF14やドラクエXを遊びたいのですが、間違えてアカウントを消してしまい、今メインで使ってるメールアドレスで新規登録をしようとしたら、アカウントが...,0,0
1096,2026/2/1 5:56,ボートレース（競艇）,T・Aエジソン,10時間26分,3,8,2.7,0,0,0.013,37.5,0.0,0.25,あと3日,https://detail.chiebukuro.yahoo.co.jp/qa/question_detail/q12324885512,2月１日芦屋競艇9Rの買い目を教えて下さい。,0,0
1097,2026/2/1 5:55,ゲームセンター,nos********,10時間27分,1,6,6.0,0,0,0.01,16.67,0.0,0.09,あと3日,https://detail.chiebukuro.yahoo.co.jp/qa/question_detail/q10324885510,頭文字DACについて フルチューンチケットのかけらの残数の確認方法が知りたいです。,0,0
1098,2026/2/1 5:55,恋愛相談、人間関係の悩み,555:9587,10時間27分,1,25,25.0,0,1,0.04,4.0,0.01,0.17,あと3日,https://detail.chiebukuro.yahoo.co.jp/qa/question_detail/q13324885508,恋愛で受け身の女性ってどう思いますか 俺は正直甘えてるなって思います皆んな恋愛で傷つくのは怖いし自信ないのは当たり前何のに 怖いとか自信ないとか言い訳するプライド高く自分がかわいくて仕方ない女性情け無...,0,0
1099,2026/2/1 5:55,職場の悩み,c2743e75,10時間27分,4,54,13.5,0,0,0.086,7.41,0.01,0.4,あと3日,https://detail.chiebukuro.yahoo.co.jp/qa/question_detail/q11324885506,ガールズバーで働いています。 まだ始めて1ヶ月程度なのですが、本指10名様、場内20名程度と割といいスタートダッシュを決められています。 昨日新しく指名していただいたお客様がいるのですが、かなり複雑な...,0,0
1100,2026/2/1 5:55,ボートレース（競艇）,T・Aエジソン,10時間27分,3,7,2.3,0,0,0.011,42.86,0.0,0.25,あと3日,https://detail.chiebukuro.yahoo.co.jp/qa/question_detail/q10324885505,2月１日芦屋競艇8Rの買い目を教えて下さい。,0,0
1101,2026/2/1 5:54,家族関係の悩み,shm********,10時間28分,2,54,27.0,0,3,0.086,3.7,0.02,0.39,あと3日,https://detail.chiebukuro.yahoo.co.jp/qa/question_detail/q14324885504,まだ夫が彼氏だった頃、彼氏名義の口座から帰省した時の交通費だったか食費だったか(1万円)を引き出したらそれを彼氏の母親が見ていたらしく(アプリかなにかで分かるのかな？ )彼宛になぜ1万円が引き出された...,0,0
1102,2026/2/1 5:54,ゲーム,1151243133,10時間28分,1,9,9.0,0,0,0.014,11.11,0.0,0.09,あと3日,https://detail.chiebukuro.yahoo.co.jp/qa/question_detail/q12324885502,フォートナイトのブレインロットでアイスファイア家の雷変異って何交換できますか？,0,0
1103,2026/2/1 5:54,テレビ、ラジオ,1251949592,10時間28分,1,22,22.0,0,0,0.035,4.55,0.01,0.11,あと3日,https://detail.chiebukuro.yahoo.co.jp/qa/question_detail/q11324885501,アンパンマンの放送時間について 今たまたまテレビを着けたらアンパンマンやってました。まだ日も登らぬ朝5時ですよ… びっくりして調べたら1番早い時間として午前5時から放送している局が何個かありました。 ...,0,0
1104,2026/2/1 5:54,iPhone,非公開,10時間28分,0,12,12.0,0,0,0.019,0.0,0.0,0.02,あと3日,https://detail.chiebukuro.yahoo.co.jp/qa/question_detail/q10324885500,ある日から突然ダウンロード完了のお知らせが出なくなりました。 いつもこの時計の隣あたりに、ダウンロードを始めると下向きの矢印の下にアンダーバーのような記号が点滅し、完了するとそのままくっきり標示されて...,0,0
1105,2026/2/1 5:54,ボートレース（競艇）,T・Aエジソン,10時間28分,3,6,2.0,0,0,0.01,50.0,0.0,0.25,あと3日,https://detail.chiebukuro.yahoo.co.jp/qa/question_detail/q12324885497,2月１日芦屋競艇7Rの買い目を教えて下さい。,0,0
1106,2026/2/1 5:54,自動車,c88a8ebc3,10時間28分,2,10,5.0,0,0,0.016,20.0,0.0,0.17,あと3日,https://detail.chiebukuro.yahoo.co.jp/qa/question_detail/q10324885495,トヨタのノアですが１２万キロでパワースライドドアが使えないですが、修理代は、高いですか？,0,0
1107,2026/2/1 5:54,政治、社会問題,nes********,10時間28分,8,34,4.2,0,1,0.054,23.53,0.0,0.74,あと3日,https://detail.chiebukuro.yahoo.co.jp/qa/question_detail/q14324885494,選挙権は権利なので行使するもしないも権利者の自由、 よって投票に行った者が投票に行かなかったものを批判することは言語道断ではないですか？,0,0
1108,2026/2/1 5:54,職業,kob********,10時間29分,2,18,9.0,0,0,0.029,11.11,0.0,0.19,あと3日,https://detail.chiebukuro.yahoo.co.jp/qa/question_detail/q13324885493,消防団の話しです。 消防団の支団本部からの通達で、本部員の補助、入れ替わりをしたから分団から1人推薦人を出せと言われ、僕が推薦者として候補として上がりました。ですが支団本部の副支団長から「アイツはダメ...,0,0
1109,2026/2/1 5:53,メール,ウイングストレス,10時間30分,2,53,26.5,0,0,0.084,3.77,0.02,0.24,あと3日,https://detail.chiebukuro.yahoo.co.jp/qa/question_detail/q12324885492,VTAオーディションについてです。 VTAオーディションの結果は合格者のみメールと書いてあったのですが、フォームに書いて送ったメールアドレスに来るんですよね？ 大体どれぐらいで来るんですかね、AIくん...,0,0
1110,2026/2/1 5:53,ボートレース（競艇）,T・Aエジソン,10時間30分,3,9,3.0,0,0,0.014,33.33,0.0,0.25,あと3日,https://detail.chiebukuro.yahoo.co.jp/qa/question_detail/q14324885489,2月１日芦屋競艇6Rの買い目を教えて下さい。,0,0
1111,2026/2/1 5:53,趣味,1051133033,10時間30分,2,32,16.0,0,0,0.051,6.25,0.01,0.21,あと3日,https://detail.chiebukuro.yahoo.co.jp/qa/question_detail/q13324885488,私のイラストを描く目的というか目標についての相談です。 私は去年の春あたりからイラストの練習をし始め半年ぐらい経ってiPadで絵を描き始めました。他人からみたら醜いかもしれないですが私の目標はpixi...,0,0
1112,2026/2/1 5:53,テーマパーク,nte********,10時間30分,1,12,12.0,0,0,0.019,8.33,0.0,0.1,あと3日,https://detail.chiebukuro.yahoo.co.jp/qa/question_detail/q12324885487,JCOMのディズニープラスの最大3カ月間無料ってどういう意味ですか？ 例えば2月の末に入ったら4月末までなのか、90日間ってことで5月まで見れるのかどっちですか？,0,0
1113,2026/2/1 5:53,就職活動,1253197040,10時間30分,3,47,15.7,0,0,0.075,6.38,0.01,0.31,あと3日,https://detail.chiebukuro.yahoo.co.jp/qa/question_detail/q11324885486,広島修道大学に進学し、もし司法試験に合格出来たとしても、就職は難しいのでしょうか？,0,0
1114,2026/2/1 5:52,資産運用、投資信託、NISA,1148968278,10時間31分,3,65,21.7,0,2,0.103,4.62,0.02,0.43,あと3日,https://detail.chiebukuro.yahoo.co.jp/qa/question_detail/q10324885485,30代とかで人生終わっても実家に居れるなら、軽いバイトして月10〜15万円を投資に出せば50歳には4000〜6000万になってるから、普通に老後はその他のサラリーマンと同じように穏やかに過ごせるか、 ...,0,0
1115,2026/2/1 5:52,企業と経営,1250974981,10時間31分,1,17,17.0,0,0,0.027,5.88,0.0,0.11,あと3日,https://detail.chiebukuro.yahoo.co.jp/qa/question_detail/q14324885484,相手経営者31歳 私現在ニート転職中27歳 アルバイトや職場の人にご飯連れて行ってとか言われたら連れて行くのに彼女の私とご飯行ったら多くは払ってくれたり奢ってくれたりもするけどちょくちょくお金請求して...,0,0
1116,2026/2/1 5:52,ボートレース（競艇）,T・Aエジソン,10時間31分,3,8,2.7,0,0,0.013,37.5,0.0,0.25,あと3日,https://detail.chiebukuro.yahoo.co.jp/qa/question_detail/q13324885483,2月１日芦屋競艇5Rの買い目を教えて下さい。,0,0
1117,2026/2/1 5:51,レディースバッグ、財布、小物類,非公開,10時間32分,2,13,6.5,0,0,0.021,15.38,0.0,0.18,あと3日,https://detail.chiebukuro.yahoo.co.jp/qa/question_detail/q12324885482,SHEINで購入したバッグなのですがボタンを閉めても画像のように開きます。どうしたら閉まるようになりますか？,0,0
1118,2026/2/1 5:51,家庭菜園,a4f58b119,10時間32分,1,18,18.0,0,0,0.028,5.56,0.01,0.11,あと3日,https://detail.chiebukuro.yahoo.co.jp/qa/question_detail/q11324885481,至急 このようなフローリングの部屋でそのまま田植えをやった後にそのままにしたらどのような影響がありますか,0,0
1119,2026/2/1 5:51,税金,hin********,10時間32分,1,47,47.0,0,1,0.074,2.13,0.03,0.2,不明,https://detail.chiebukuro.yahoo.co.jp/qa/question_detail/q10324885480,"タイミーの確定申告について 確定申告について全く無知なためお聞きしたいです。 タイミーでの給与所得としての源泉徴収票の合計が201,297でした。 本業は4月から幼稚園で正社員として働いていていますが...",0,0
1120,2026/2/1 5:51,恋愛相談、人間関係の悩み,「謝」,10時間32分,0,17,17.0,0,0,0.027,0.0,0.0,0.03,あと3日,https://detail.chiebukuro.yahoo.co.jp/qa/question_detail/q14324885479,年下の妻や年下の彼女「カップル」から 「可愛い」と言われる男性ならば嫌われてはいませんか？？,0,0
1121,2026/2/1 5:51,ボートレース（競艇）,T・Aエジソン,10時間32分,3,9,3.0,0,0,0.014,33.33,0.0,0.25,あと3日,https://detail.chiebukuro.yahoo.co.jp/qa/question_detail/q13324885478,2月１日芦屋競艇4Rの買い目を教えて下さい。,0,0
1122,2026/2/1 5:50,画像、写真共有,kom********,10時間33分,1,26,26.0,0,0,0.041,3.85,0.01,0.12,あと3日,https://detail.chiebukuro.yahoo.co.jp/qa/question_detail/q12324885477,もはやネットのおもちゃ化とされているこの画像とパロディの元ネタ知っている方いますか？,0,0
1123,2026/2/1 5:50,スマートフォン,115010/8363,10時間33分,0,6,6.0,0,0,0.009,0.0,0.0,0.01,あと3日,https://detail.chiebukuro.yahoo.co.jp/qa/question_detail/q11324885476,Windowsリンク について。 WindowsパソコンとAndroidスマートフォンをリンク させる場合、同時に接続出来るのは スマートフォン何台まで可能でしょうか？ １台だけでしょうか？複数台接続...,0,0
1124,2026/2/1 5:50,DIY,fxo********,10時間34分,1,6,6.0,0,1,0.009,16.67,0.0,0.14,あと3日,https://detail.chiebukuro.yahoo.co.jp/qa/question_detail/q10324885475,tomont薪ストーブを購入しました。天上に付いているバッフルプレートの角度がわからないのですが教えてもらえますか。 下げておくと、煙突や薪が入らないし、買った時は上に重なるように付いてたが意味がない...,0,0
1125,2026/2/1 5:50,外国映画,a42fd97d,10時間34分,1,30,30.0,0,2,0.047,3.33,0.01,0.22,不明,https://detail.chiebukuro.yahoo.co.jp/qa/question_detail/q14324885474,全体的にメイズ・ランナーに似ている映画ってありますか？,0,0
1126,2026/2/1 5:50,ボートレース（競艇）,T・Aエジソン,10時間34分,3,9,3.0,0,0,0.014,33.33,0.0,0.25,あと3日,https://detail.chiebukuro.yahoo.co.jp/qa/question_detail/q13324885473,2月１日芦屋競艇3Rの買い目を教えて下さい。,0,0
1127,2026/2/1 5:50,コミック,Hiiiiinnnn,10時間34分,0,10,10.0,0,0,0.016,0.0,0.0,0.02,あと3日,https://detail.chiebukuro.yahoo.co.jp/qa/question_detail/q12324885472,漫画についてお聞きしたいです！ コーヒー＆バニラ、俺の声に堕ちてください の漫画が好きです。えろめな笑 他にこういう感じでおすすめあればたくさん教えて頂きたいです。 ちなみにラブファントムは読みました...,0,0
1128,2026/2/1 5:50,政治、社会問題,dam********,10時間34分,5,74,14.8,3,3,0.117,6.76,0.02,1.12,あと3日,https://detail.chiebukuro.yahoo.co.jp/qa/question_detail/q11324885471,日本政府は多額の資産を持っており、日本の財政はバランスシート（貸借対照表）で考えなければいけない！ と主張される方がいますので実際の日本政府の貸借対照表を見てみたのですが、すさまじい累積赤字（図の右下...,0,0
1129,2026/2/1 5:49,ゲーム,匿名,10時間35分,1,17,17.0,0,2,0.027,5.88,0.0,0.2,あと3日,https://detail.chiebukuro.yahoo.co.jp/qa/question_detail/q14324885469,スタレについて 最近初めて、4.0のガチャ引く為に最速で石集めしたいのですがどれが1番効率いいですか？ ストーリーは仙舟終わったところです。 ストーリーしかして無いのでイベントとか探索もほぼやってない...,0,0
1130,2026/2/1 5:49,カラオケ,非公開,10時間35分,6,33,5.5,0,0,0.052,18.18,0.0,0.52,あと3日,https://detail.chiebukuro.yahoo.co.jp/qa/question_detail/q13324885468,声がブスでカラオケで歌うの躊躇しちゃいます。アイドルや声優がやってるようなボイトレ等したら変わるものなんでしょうか?それとも生まれ持った声は生涯変わらないのでしょうか?,0,0
1131,2026/2/1 5:49,政治、社会問題,お米8合,10時間35分,1,12,12.0,0,0,0.019,8.33,0.0,0.1,あと3日,https://detail.chiebukuro.yahoo.co.jp/qa/question_detail/q12324885467,経済発展する成長の早い国は全て右翼政権ですか？,0,0
1132,2026/2/1 5:49,資産運用、投資信託、NISA,rao********,10時間35分,5,137,27.4,0,4,0.216,3.65,0.06,0.8,あと3日,https://detail.chiebukuro.yahoo.co.jp/qa/question_detail/q11324885466,先週末に大きめの下落がありましたが 金(ゴールド)をはじめとする銀やプラチナなど貴金属はまだ下がると思いますか？ 中央銀行が買ってるからまだ上がる派 と バブルだからこれからも下がる派 に分かれていま...,0,0
1133,2026/2/1 5:49,ネコ,翔平0518,10時間35分,4,65,16.2,0,1,0.102,6.15,0.02,0.46,あと3日,https://detail.chiebukuro.yahoo.co.jp/qa/question_detail/q10324885465,うちの猫は可愛いですか？,0,0
1134,2026/2/1 5:49,パソコン,a5f01964f,10時間35分,3,50,16.7,0,0,0.079,6.0,0.01,0.31,あと3日,https://detail.chiebukuro.yahoo.co.jp/qa/question_detail/q14324885464,パソコンに詳しい方教えてください。 コンセントが抜けちゃってて、刺したらこの画面になりました。どうしたらふつうの画面になりますか？教えてください。,0,0
1135,2026/2/1 5:49,携帯型ゲーム全般,a92f08,10時間35分,0,3,3.0,0,0,0.005,0.0,0.0,0.0,あと3日,https://detail.chiebukuro.yahoo.co.jp/qa/question_detail/q13324885463,10周年の時に始めた初心者なんですが最近スコアタにハマってます 今これで稼いでるんですけど毎回最高28億位で止まってしまうんですよね パーティーはこれでいいですかね？ 調べたら攻撃力アップ2とスコアU...,0,0
1136,2026/2/1 5:49,アニメ,朱莉,10時間35分,1,35,35.0,0,0,0.055,2.86,0.02,0.13,あと3日,https://detail.chiebukuro.yahoo.co.jp/qa/question_detail/q12324885462,近年にアニメ化された、もしくはアニメ化される予定のなろう系作品で、 一妻多夫(逆ハーレム)な人たちもいる、という設定のある作品をご存知でしたら教えてください そういう設定があれば、実際にそういうキャラ...,0,0
1137,2026/2/1 5:49,ボートレース（競艇）,T・Aエジソン,10時間35分,3,8,2.7,0,0,0.013,37.5,0.0,0.25,あと3日,https://detail.chiebukuro.yahoo.co.jp/qa/question_detail/q10324885460,2月１日芦屋競艇2Rの買い目を教えて下さい。,0,0
1138,2026/2/1 5:48,家族関係の悩み,1253187134,10時間36分,6,71,11.8,0,4,0.111,8.45,0.01,0.77,あと3日,https://detail.chiebukuro.yahoo.co.jp/qa/question_detail/q13324885458,24歳女です。 父親が元容疑者で逮捕され、その後今仮釈放？なのですが もともと離婚しているのに家に泊まりに来ることがよくありました。 私は二世帯で一階は母方の祖父母、二階は私が住んでいます。 母は別居...,0,0
1139,2026/2/1 5:47,ボートレース（競艇）,T・Aエジソン,10時間38分,3,13,4.3,0,0,0.02,23.08,0.0,0.26,あと3日,https://detail.chiebukuro.yahoo.co.jp/qa/question_detail/q11324885456,2月１日芦屋競艇１Rの買い目を教えて下さい。,0,0
1140,2026/2/1 5:47,政治、社会問題,lov********,10時間38分,4,69,17.2,1,4,0.108,5.8,0.02,0.77,あと3日,https://detail.chiebukuro.yahoo.co.jp/qa/question_detail/q10324885455,国民民主の住民税非課税世帯の基準枠を上げる政策は 年金生活者にとって厳しすぎると思いませんか？ 玉木の言うマイナンバーを駆使して国民の資産を明らかにする これって高齢者の資産をガラス張りにしろと言って...,0,0
1141,2026/2/1 5:47,携帯型ゲーム全般,ぽんた,10時間38分,2,90,45.0,0,2,0.141,2.22,0.06,0.39,あと3日,https://detail.chiebukuro.yahoo.co.jp/qa/question_detail/q14324885454,プロスピで逮捕された羽月隆太郎選手はシルエットになるんですか？,0,0
1142,2026/2/1 5:46,職場の悩み,※※※※※※,10時間39分,6,54,9.0,0,5,0.084,11.11,0.01,0.79,あと3日,https://detail.chiebukuro.yahoo.co.jp/qa/question_detail/q11324885451,パート辞めようか悩みます。 これまで何度か辞めようかなって思う事があり、まず人が少なくて大変。誰か1人でも、休んだらどうするん？という状況。 人員削減体制なんで増える見込みがない事。 いうわりに稼げな...,0,0
1143,2026/2/1 5:46,ビデオカメラ,mff********,10時間39分,0,12,12.0,0,0,0.019,0.0,0.0,0.02,あと3日,https://detail.chiebukuro.yahoo.co.jp/qa/question_detail/q12324885452,ドラッグストアの防犯カメラは 赤外線カメラをしようしていますか？ 明るい時でもサングラスを透かしますか？,0,0
1144,2026/2/1 5:46,恋愛相談、人間関係の悩み,.,10時間39分,1,30,30.0,0,1,0.047,3.33,0.01,0.17,あと3日,https://detail.chiebukuro.yahoo.co.jp/qa/question_detail/q10324885450,答えを求めない好きを伝えるのは相手にとって迷惑ですか？ もうすぐ物理的に離れてしまう好きな人がいます。過去に数年お付き合いしていた人です。戻りたいわけじゃないし、もう戻れないことは分かっていますが、ど...,0,0
1145,2026/2/1 5:46,ゲーム,b3aa61d99,10時間39分,1,6,6.0,0,0,0.009,16.67,0.0,0.09,あと3日,https://detail.chiebukuro.yahoo.co.jp/qa/question_detail/q14324885449,billbillのことについて質問です。この画像の青いイナズママーク？がついているアカウントは起業の公式アカウントと聞いたのですが、それは本当ですか？なりすましである可能性はありますか？ この青いマー...,0,0
1146,2026/2/1 5:46,占い,1250744384,10時間39分,4,8,2.0,0,0,0.013,50.0,0.0,0.32,あと3日,https://detail.chiebukuro.yahoo.co.jp/qa/question_detail/q12324885447,夢について（恋愛） ①職場のメンバーで運動会の準備している夢をみました。一部の人ははっきりと出てきたのですが…どのような意味がありますか？ ②電車のドアが閉まる時、走り込みで間に合いました。 この2件...,0,0
1147,2026/2/1 5:45,恋愛相談、人間関係の悩み,a38752bb4,10時間40分,1,7,7.0,0,0,0.011,14.29,0.0,0.09,あと3日,https://detail.chiebukuro.yahoo.co.jp/qa/question_detail/q13324885443,自殺未遂した人って、攻撃性高いひと多くないですか,0,0
1148,2026/2/1 5:45,読書,bb9944f20,10時間40分,0,8,8.0,0,0,0.012,0.0,0.0,0.01,あと3日,https://detail.chiebukuro.yahoo.co.jp/qa/question_detail/q12324885442,梨さんの『ここにひとつの□がある』を読んだ方に質問です。 第七章 「虹色の水疱瘡、或いは廃墟で痙攣するケロイドが見た夢の中の風景」 で、「あんな記憶は遠い過去のものとして、知らないままでいる方がいいと...,0,0
1149,2026/2/1 5:44,アニメ,朱莉,10時間41分,0,1,1.0,0,0,0.002,0.0,0.0,0.0,あと3日,https://detail.chiebukuro.yahoo.co.jp/qa/question_detail/q11324885441,小説の右園死児がもしもアニメ化するとしたら 何クール必要だと思いますか？,0,0
1150,2026/2/1 5:43,Yahoo!知恵袋,b7c1ddbbe,10時間42分,0,12,12.0,0,0,0.019,0.0,0.0,0.02,あと3日,https://detail.chiebukuro.yahoo.co.jp/qa/question_detail/q14324885439,ブロックブラストです。詰みですか？,0,0
1151,2026/2/1 5:43,恋愛相談、人間関係の悩み,lem*****,10時間42分,2,17,8.5,0,2,0.026,11.76,0.0,0.27,あと3日,https://detail.chiebukuro.yahoo.co.jp/qa/question_detail/q13324885438,人と話すだけで疲れます。 どうしたら慣れるんですか？,0,0
1152,2026/2/1 5:43,テーマパーク,cab8918df,10時間42分,2,45,22.5,0,0,0.07,4.44,0.02,0.23,あと3日,https://detail.chiebukuro.yahoo.co.jp/qa/question_detail/q12324885437,至急‼️‼️‼️ ディズニーチケットについて グループ同士をくっつけたいのですが出来ますか？ 子供二人で行くのですが、二人とも親がチケットを購入しいてチケットを表示するために既にグループに入ってしまっ...,0,0
1153,2026/2/1 5:43,テレビ、ラジオ,非公開,10時間42分,3,18,6.0,0,1,0.028,16.67,0.0,0.31,あと3日,https://detail.chiebukuro.yahoo.co.jp/qa/question_detail/q11324885436,早朝と深夜にテレビショッピングの放送が多いのはなぜですか？ それぞれどのような層が視聴・利用しているのでしょうか？,0,0
1154,2026/2/1 5:43,資格,朱莉,10時間43分,0,11,11.0,0,0,0.017,0.0,0.0,0.02,あと3日,https://detail.chiebukuro.yahoo.co.jp/qa/question_detail/q14324885434,例えば、ボイラー技士という資格に、 敢えて木火土金水などの属性をつけるとしたら、 何属性に分類されると思いますか？,0,0
1155,2026/2/1 5:42,エステ、脱毛,非公開,10時間44分,2,21,10.5,0,4,0.033,9.52,0.0,0.37,あと3日,https://detail.chiebukuro.yahoo.co.jp/qa/question_detail/q13324885433,家庭用光脱毛は業務用に比べてパワーが低いですがパワーが低いかわりに高頻度、高回数で使用すれば効果は高くなりますか？,0,0
1156,2026/2/1 5:42,家族関係の悩み,非公開,10時間44分,7,62,8.9,0,6,0.096,11.29,0.01,0.92,あと3日,https://detail.chiebukuro.yahoo.co.jp/qa/question_detail/q10324885430,専業主婦のメリットとは何でしょうか？,0,0
1157,2026/2/1 5:42,家族関係の悩み,b2f4142a5,10時間44分,8,103,12.9,0,8,0.16,7.77,0.02,1.15,あと3日,https://detail.chiebukuro.yahoo.co.jp/qa/question_detail/q14324885429,兄からの性的暴行についてです。私は高校一年生で兄は高校三年生ですが、兄は今学校を中退してもう少ししたら働くそうです。兄は小さい頃から私に殴ったりつねったりを日常的に繰り返していました。 ですがそれは兄...,0,0
1158,2026/2/1 5:42,模型、プラモデル、ラジコン,rin********,10時間44分,0,7,7.0,0,0,0.011,0.0,0.0,0.01,あと3日,https://detail.chiebukuro.yahoo.co.jp/qa/question_detail/q13324885428,JAJANのフィギュアケース棚を購入予定なのですが、LEDテープ選びに悩んでおります。 引き戸のハイタイプで背面ミラーもつける予定です。そこで更に公式のRGBのLEDテープもつけて購入するべきか、また...,0,0
1159,2026/2/1 5:42,病気、症状,りさ,10時間44分,2,15,7.5,0,0,0.023,13.33,0.0,0.18,あと3日,https://detail.chiebukuro.yahoo.co.jp/qa/question_detail/q12324885427,RSウイルスって大人にうつりますか？,0,0
1160,2026/2/1 5:42,恋愛相談、人間関係の悩み,1253277431,10時間44分,3,44,14.7,0,0,0.068,6.82,0.01,0.3,あと3日,https://detail.chiebukuro.yahoo.co.jp/qa/question_detail/q11324885426,メンタルが弱くなっているので、中傷的な回答はご遠慮ください…ご協力お願いします。 交際7年同棲6年でいつでも結婚できるような関係の彼氏というよりも内縁の相手がラブホテルでカードを切っているのが2回分か...,0,0
1161,2026/2/1 5:41,恋愛相談,@@,10時間45分,0,6,6.0,0,0,0.009,0.0,0.0,0.01,あと3日,https://detail.chiebukuro.yahoo.co.jp/qa/question_detail/q10324885425,ISTP-a で堅実系ちゃっかりうさぎの特徴などあれば教えてほしいです！,0,0
1162,2026/2/1 5:41,バイク,beb********,10時間45分,0,7,7.0,0,0,0.011,0.0,0.0,0.01,あと3日,https://detail.chiebukuro.yahoo.co.jp/qa/question_detail/q12324885422,西川口の東口に125cc 原付二種のバイクを 時間貸し で止められる駐輪場 駐車場を教えてください 東口になければ 西口でも探しています,0,0
1163,2026/2/1 5:41,年金,非公開,10時間45分,5,83,16.6,0,2,0.129,6.02,0.02,0.61,あと3日,https://detail.chiebukuro.yahoo.co.jp/qa/question_detail/q11324885421,国民年金は60歳になったら、もう払わなくていいのですか？,0,0
1164,2026/2/1 5:41,バトルスピリッツ,西指,10時間45分,1,23,23.0,0,0,0.036,4.35,0.01,0.11,不明,https://detail.chiebukuro.yahoo.co.jp/qa/question_detail/q10324885420,バトルスピリッツの｢滅神星龍ダークヴルム・ノヴァXV｣の【魔界放】について分からないことがあります。 質問① 自分の場に回復状態の滅神星龍ダークヴルム・ノヴァと超神星龍ジークヴルム・ノヴァが各1枚づつ...,0,0
1165,2026/2/1 5:41,生理,ID 非公開,10時間45分,2,23,11.5,0,0,0.036,8.7,0.0,0.19,あと3日,https://detail.chiebukuro.yahoo.co.jp/qa/question_detail/q14324885419,PMSで不安やイライラが治らなくて自分でもどうにもできなくて辛いです。 生理前1週間あたりからモヤモヤや漠然とした不安感が軽く始まり、５日前〜はまるで人格が変わったかのように今まで気にならなかったこと...,0,0
1167,2026/2/1 5:40,法律相談,kis********,10時間46分,19,123,6.5,0,19,0.19,15.45,0.01,2.54,あと3日,https://detail.chiebukuro.yahoo.co.jp/qa/question_detail/q11324885416,免停中に車を運転したらバレますか？,0,0
1168,2026/2/1 5:40,葬儀,c63903c38,10時間47分,4,26,6.5,0,2,0.04,15.38,0.0,0.44,あと3日,https://detail.chiebukuro.yahoo.co.jp/qa/question_detail/q14324885414,至急です、センターベントをノーベントにできませんか？喪服について。 今現在スーツや喪服を持っておらず、学校の制服(結構色味がある)しかありません。 そこで、家にあった家族のスーツを借りて葬式に参加する...,0,0
1169,2026/2/1 5:40,Amazon,ああ,10時間47分,1,11,11.0,0,1,0.017,9.09,0.0,0.14,あと3日,https://detail.chiebukuro.yahoo.co.jp/qa/question_detail/q11324885411,Amazonで買えるお得な商品やおすすめ商品などを教えてください。,0,0
1170,2026/2/1 5:40,クレジットカード,いちにい,10時間47分,1,38,38.0,0,0,0.059,2.63,0.02,0.14,不明,https://detail.chiebukuro.yahoo.co.jp/qa/question_detail/q10324885410,クレジットカードで登録出来ないカードですはどうなってるんですか？,0,0
1171,2026/2/1 5:39,YouTube,1153017687,10時間48分,0,8,8.0,0,0,0.012,0.0,0.0,0.01,あと3日,https://detail.chiebukuro.yahoo.co.jp/qa/question_detail/q12324885407,YouTubeアイコン画像がピンク髪、ニット帽、ヘッドフォンのゆっくり饅頭でマイクラの世界でHELLSINGキャラのアーカードやドラゴンボールキャラのベジータ、 東方projectキャラほぼ全員出てく...,0,0
1172,2026/2/1 5:39,男性アイドル,「謝」,10時間48分,0,11,11.0,0,0,0.017,0.0,0.0,0.02,あと3日,https://detail.chiebukuro.yahoo.co.jp/qa/question_detail/q11324885406,ハンサムの基準とは何ですか？？ またイケメンや色男とはまた別です？？,0,0
1173,2026/2/1 5:39,政治、社会問題,萬珍楼,10時間48分,13,176,13.5,0,20,0.271,7.39,0.04,2.2,あと3日,https://detail.chiebukuro.yahoo.co.jp/qa/question_detail/q10324885405,今回の衆議院選挙？自民圧勝という予想が出てますが、世も末ですかね？,0,0
1174,2026/2/1 5:38,アニメ,1153241049,10時間49分,0,8,8.0,0,0,0.012,0.0,0.0,0.01,あと3日,https://detail.chiebukuro.yahoo.co.jp/qa/question_detail/q14324885404,勝利の女神ニケのメインストーリー最新章で最後の方にリバーレリオが「私が説得するから待ってて」的な事言ってました。 これ盛大なフラグ立ててると思うのですが、今後生き残る可能性ってありませんか？やっぱり死...,0,0
1175,2026/2/1 5:38,シニアライフ、シルバーライフ,********21,10時間49分,7,102,14.6,1,16,0.157,6.86,0.02,1.59,あと3日,https://detail.chiebukuro.yahoo.co.jp/qa/question_detail/q12324885402,変わり者のバカ息子をマトモに働かす事ができず20年近くも酒でウサを晴らしながら生きてきました。 娘はとっくに嫁ぎ孫もいますが遠方に住んでるので疎遠です。親類縁者もほとんど亡くなってしまい孤独です。 今...,0,0
1176,2026/2/1 5:37,占い,lem*****,10時間50分,2,28,14.0,0,0,0.043,7.14,0.01,0.2,あと3日,https://detail.chiebukuro.yahoo.co.jp/qa/question_detail/q14324885399,占いお願いします。 次に付き合う人はどんな人ですか？,0,0
1177,2026/2/1 5:37,鉄道、列車、駅,mou********,10時間50分,1,22,22.0,0,0,0.034,4.55,0.01,0.11,不明,https://detail.chiebukuro.yahoo.co.jp/qa/question_detail/q13324885398,ナポリ中央駅から高速鉄道で ローマテルミニ駅に向かう場合 駅構内で表示される列車番号は どういうものなのですか?,0,0
1178,2026/2/1 5:36,ダイエット,1151462646,10時間51分,2,58,29.0,0,0,0.089,3.45,0.03,0.24,あと3日,https://detail.chiebukuro.yahoo.co.jp/qa/question_detail/q11324885396,写真のように太ももがゴツくて細くしたいんですけどどう細くすればいいですか？骨ストです,0,0
1179,2026/2/1 5:36,交通、運転マナー,ano********,10時間51分,2,52,26.0,0,1,0.08,3.85,0.02,0.28,あと3日,https://detail.chiebukuro.yahoo.co.jp/qa/question_detail/q10324885395,先日、横断歩道でもないのに自転車で横断しようとした60過ぎぐらいのおじさんに近くにいた警察官が「危ないですよ！！｣と忠告したら「うっせえ！！あほ！！！｣と言って去っていきました。 このようなことは現在...,0,0
1180,2026/2/1 5:36,政治、社会問題,霞ヶ関監視機構,10時間51分,0,12,12.0,0,0,0.018,0.0,0.0,0.02,あと3日,https://detail.chiebukuro.yahoo.co.jp/qa/question_detail/q14324885394,平井卓也がやってますか？,0,0
1181,2026/2/1 5:36,インターネット接続,J007,10時間52分,10,117,11.7,0,11,0.179,8.55,0.02,1.45,あと3日,https://detail.chiebukuro.yahoo.co.jp/qa/question_detail/q11324885391,宅パソコンの利用者の皆さんに「お尋ね・質問」です ――― インターネットをするのに月額費用（料金）は幾らですか 特に、現役を終えた70才レベルのシニア世代の人にもお尋ねです,0,0
1182,2026/2/1 5:35,病気、症状,田中,10時間53分,2,26,13.0,0,0,0.04,7.69,0.01,0.19,あと3日,https://detail.chiebukuro.yahoo.co.jp/qa/question_detail/q10324885390,睡眠薬が切れてしまいしばらく病院に 行く機会もないので頑張ろうと思ってたのですが 1日目から寝ても寝た感覚にならなかったり そもそも寝られたのかどうかも分からなかったり 何度も覚醒します。 昨日の夜か...,0,0
1183,2026/2/1 5:35,温泉,yos********,10時間53分,0,4,4.0,0,0,0.006,0.0,0.0,0.01,あと3日,https://detail.chiebukuro.yahoo.co.jp/qa/question_detail/q14324885389,塩原温泉の不動の湯はいつ閉鎖されましたか。 土日祝日の期間限定の営業は現在も行われていますか。,0,0
1184,2026/2/1 5:35,一般教養,ac9bc3fed,10時間53分,3,26,8.7,0,2,0.04,11.54,0.0,0.36,あと3日,https://detail.chiebukuro.yahoo.co.jp/qa/question_detail/q13324885388,消費者金融で３０万借りて別の消費者金融から３０万借りて最初の消費者金融にかえして別のから借りて返してを繰り返したらいいのでは？？,0,0
1185,2026/2/1 5:35,スマホアプリ,a67c0c748,10時間53分,1,24,24.0,0,6,0.037,4.17,0.01,0.39,不明,https://detail.chiebukuro.yahoo.co.jp/qa/question_detail/q12324885387,放置少女について質問です。 月間ログインのログインカプセルが たまりました。イザナミを持っているので、イベントでペアで来てたコマを 選択しようか、覚醒丹にしようか迷ってます。イザナミとコマを揃えた場合...,0,0
1186,2026/2/1 5:35,本、雑誌,yfb********,10時間53分,3,21,7.0,1,4,0.032,14.29,0.0,0.6,あと3日,https://detail.chiebukuro.yahoo.co.jp/qa/question_detail/q11324885386,今月、孫が３歳の誕生日をむかえます。 プレゼントに本をあげようかと思います。 お薦めの本をおしえてください。,0,0
1187,2026/2/1 5:35,病気、症状,非公開,10時間53分,4,86,21.5,0,0,0.132,4.65,0.03,0.44,あと3日,https://detail.chiebukuro.yahoo.co.jp/qa/question_detail/q10324885385,くも膜下で倒れて10分以内に病院に着いた場合、生存率は上がりますか？ 母がくも膜下で倒れました。まだ若く50代前半です。 運がいいことに助手席に乗っているときで、頭を抑えてすぐに意識がなくなり、その場...,0,0
1188,2026/2/1 5:35,メガネ、サングラス,mff********,10時間53分,0,6,6.0,0,0,0.009,0.0,0.0,0.01,あと3日,https://detail.chiebukuro.yahoo.co.jp/qa/question_detail/q14324885384,赤外線カメラを使用すれば、 黒いグラスのサングラスを付けている人の目は透けて見えますか？ それは赤外線カメラが暗い場所でしか 意味ないですか？ 明るい場所では出来ないですか？,0,0
1189,2026/2/1 5:35,音楽,1251512930,10時間53分,1,10,10.0,0,0,0.015,10.0,0.0,0.09,あと3日,https://detail.chiebukuro.yahoo.co.jp/qa/question_detail/q13324885383,曲を探しています ドレミはうろ覚えなので間違えてるかもしれません そっれどーそっれどー しーーらーーしーーらーー れれそーそらふぁそーれれそーららしそれー そーどー れ れ れ れ どーらー 書いてて...,0,0
1190,2026/2/1 5:34,鉄道、列車、駅,gvp********,10時間54分,2,55,27.5,0,3,0.084,3.64,0.02,0.37,あと3日,https://detail.chiebukuro.yahoo.co.jp/qa/question_detail/q12324885382,学割証を使って電車の切符を買う際、みどりの窓口での支払い方法は現金以外でも可能ですか？JR西日本です。,0,0
1191,2026/2/1 5:34,ゲーム,あ,10時間54分,0,11,11.0,0,0,0.017,0.0,0.0,0.02,あと3日,https://detail.chiebukuro.yahoo.co.jp/qa/question_detail/q11324885381,プロセカ ボーダーについて 今開催されている司バナーを1000ランしようと思っているのですが、1000位ボーダーがどれくらいになるのか分からなく不安です。現在は400位くらいです 1000位ボーダーが...,0,0
1192,2026/2/1 5:33,恋愛相談、人間関係の悩み,前川優希,10時間55分,0,5,5.0,0,0,0.008,0.0,0.0,0.01,あと3日,https://detail.chiebukuro.yahoo.co.jp/qa/question_detail/q13324885378,VALORANTについての質問です VCTかVCJのサンセットレイズでマケまでブラパで飛んでプラント阻止した人が一生思い出せなくて困ってます 有識者の方力を貸してください,0,0
1193,2026/2/1 5:33,占い,lem*****,10時間55分,1,14,14.0,0,0,0.021,7.14,0.0,0.1,あと3日,https://detail.chiebukuro.yahoo.co.jp/qa/question_detail/q12324885377,私が次に付き合う人の職業が知りたいです。 タロットカード占いして欲しいです。お願いします。,0,0
1194,2026/2/1 5:33,話題の人物,ash,10時間55分,9,61,6.8,1,3,0.093,14.75,0.01,1.07,あと3日,https://detail.chiebukuro.yahoo.co.jp/qa/question_detail/q11324885376,【色気】がある男性と言えば誰ですか？,0,0
1195,2026/2/1 5:33,ビデオカメラ,mff********,10時間56分,2,9,4.5,0,0,0.014,22.22,0.0,0.17,あと3日,https://detail.chiebukuro.yahoo.co.jp/qa/question_detail/q10324885375,赤外線カメラは明るい場所では機能しませんか？,0,0
1196,2026/2/1 5:33,ライブ、コンサート,キャラメル,10時間56分,1,30,30.0,0,1,0.046,3.33,0.01,0.17,不明,https://detail.chiebukuro.yahoo.co.jp/qa/question_detail/q14324885374,M!LK のグッズ販売についての質問です。 SMILE POPの全ての公演終了後に事後通販はあるのでしょうか？また、行われる場合は公式LINE等でいつから開始するなど予告されますか？,0,0
1197,2026/2/1 5:33,pixiv,ryu_______t_0,10時間56分,2,31,15.5,0,0,0.047,6.45,0.01,0.2,不明,https://detail.chiebukuro.yahoo.co.jp/qa/question_detail/q13324885373,pixivってアプリ版だと「△△ 000」って検索できないんですか？？なぜか何一つ出てこなかったんですが…,0,0
1198,2026/2/1 5:32,カラオケ,エナドリ野郎,10時間57分,2,7,3.5,0,2,0.011,28.57,0.0,0.25,あと3日,https://detail.chiebukuro.yahoo.co.jp/qa/question_detail/q11324885371,ビックエコーについて質問です。 2/22(日)に友達と2人で行きます。 翌日の23日が天皇誕生日で祝日にあたると思うのですが22日に来た場合フリータイムも使えるのでしょうか?,0,0
1199,2026/2/1 5:32,邦楽,gan********,10時間57分,0,10,10.0,1,0,0.015,0.0,0.0,0.17,あと3日,https://detail.chiebukuro.yahoo.co.jp/qa/question_detail/q10324885370,曲のタイトルが分かりません。スマホで確認、もう１回もぐもぐしょ願いを、こめて無言で1本食べきるまで、お願いします,0,0
1200,2026/2/1 5:32,家電、AV機器,XDr2,10時間57分,2,25,12.5,0,0,0.038,8.0,0.0,0.19,あと3日,https://detail.chiebukuro.yahoo.co.jp/qa/question_detail/q14324885369,静電気除去グッズって効果ありますか？ PCパーツみたいな電子機器をよく触るので極力静電気は除去したいのですが これは効くってのがあれば紹介してほしいです,0,0
1201,2026/2/1 5:32,美容整形,ちえごろう,10時間57分,1,19,19.0,0,0,0.029,5.26,0.01,0.1,あと3日,https://detail.chiebukuro.yahoo.co.jp/qa/question_detail/q13324885368,2日前に顎下、エラ下、頬の脂肪吸引注射をしました。施術してから12時間後くらいから少しずつ下顎が腫れ、2日目の今朝起きたらガマガエルのように下顎がとても腫れています。 施術後に腫れるのはわかっているの...,0,0
1202,2026/2/1 5:32,パズルゲーム,a8ef6e86,10時間57分,1,18,18.0,0,0,0.027,5.56,0.0,0.1,あと3日,https://detail.chiebukuro.yahoo.co.jp/qa/question_detail/q12324885367,原神海灯祭星4交換について質問です。 今、藍硯無凸、嘉明1凸しててどっちを交換で選ぶか迷っています。どちらも育成してて凸を進めたいと考えてます。,0,0
1203,2026/2/1 5:31,郵便、宅配,「謝」,10時間58分,4,48,12.0,1,2,0.073,8.33,0.01,0.62,あと3日,https://detail.chiebukuro.yahoo.co.jp/qa/question_detail/q11324885366,往復ハガキの返信でハガキを切り取らないで折り返すだけにして返信してくる人ばかりだったり、 行や宛を様や御中に書き直さない人ばかり。 今は余り郵便マナー知らない方が意外と多いのですか？？ あと封筒の裏の...,0,0
1204,2026/2/1 5:31,アニメ,,10時間58分,2,7,3.5,0,0,0.011,28.57,0.0,0.16,あと3日,https://detail.chiebukuro.yahoo.co.jp/qa/question_detail/q10324885365,銀魂 367話で最後、橋で新八と銀時が会った時夕方(な感じがしたような…)でセミファイナルでは朝になっていましたがどこかで触れらていますか？？,0,0
1205,2026/2/1 5:31,プログラミング,duf********,10時間58分,12,114,9.5,1,37,0.173,10.53,0.02,2.92,あと3日,https://detail.chiebukuro.yahoo.co.jp/qa/question_detail/q14324885364,プログラミングスクールについて質問です。 未経験の専業主婦でもスクール(オンライン)に入校して10〜12週間ほど学習すれば、スキマ時間にクラウドワークスの仕事で数万〜30万以上稼げるようになってはいけ...,0,0
1206,2026/2/1 5:31,国際情勢,竜神,10時間58分,5,86,17.2,0,21,0.131,5.81,0.02,1.46,あと3日,https://detail.chiebukuro.yahoo.co.jp/qa/question_detail/q13324885363,高市早苗さん イギリスの首相との会談 何時もの、作り笑顔？ 流石に、この頃、違和感がある？ コメントも何時ものセリフ？ 解散選挙する前に？ 何か実績が欲しいです？,0,0
1207,2026/2/1 5:31,爬虫類、両生類,********,10時間58分,1,16,16.0,0,0,0.024,6.25,0.0,0.1,あと3日,https://detail.chiebukuro.yahoo.co.jp/qa/question_detail/q12324885362,クサガメの行動について質問です。 室内飼育しているクサガメ（オス・8歳）がいるのですが、私が彼の水槽の前に行き指を差し出すと、猫のような臨戦態勢をしてひたすら頭突きをしてきます。 一方、別の家族が彼の...,0,0
1208,2026/2/1 5:31,サイエンス,栃ノ嵐,10時間58分,1,50,50.0,0,1,0.076,2.0,0.04,0.2,あと3日,https://detail.chiebukuro.yahoo.co.jp/qa/question_detail/q11324885361,水素エナジーについての疑問です。ある有識者の講演を聞いたんですが、水素は必ず水の電気分解で作るということです。そうでなければ意味がない。石油は輸入が必須だが水なら自己調達ができるからということでした。...,0,0
1209,2026/2/1 5:30,インターネットショッピング,1051602112,10時間59分,1,3,3.0,0,0,0.005,33.33,0.0,0.08,あと3日,https://detail.chiebukuro.yahoo.co.jp/qa/question_detail/q14324885359,Qoo10で買い物をしたんですが 大阪府の泉南郵便局に30日引き取りになってます 東京には何時ごろ届きますか？,0,0
1210,2026/2/1 5:30,ミリタリー,非公開,11時間0分,3,35,11.7,1,6,0.053,8.57,0.01,0.7,あと3日,https://detail.chiebukuro.yahoo.co.jp/qa/question_detail/q13324885358,戦前の日本の海軍兵学校は中学校卒業（当時は5年制）の頭が良くて身体強健な若者が志願しましたね。兵学校で鍛えられてみんな筋肉隆々だったのでしょうか？,0,0
1211,2026/2/1 5:30,ポケットモンスター,アップルティー,11時間0分,2,24,12.0,0,0,0.036,8.33,0.0,0.19,あと3日,https://detail.chiebukuro.yahoo.co.jp/qa/question_detail/q12324885357,ポケモンzaについての質問です。 ふしぎなおくりものを受け取ると受け取った日付と時間が履歴に残ると思うのですが既に受け取った履歴を改造などで自分の好きな日付時間に変える事はできるのでしょうか？ また出...,0,0
1212,2026/2/1 5:30,パソコン,ヤッホー,11時間0分,2,42,21.0,0,0,0.064,4.76,0.01,0.21,あと3日,https://detail.chiebukuro.yahoo.co.jp/qa/question_detail/q11324885356,最近パソコンで生成AIをやり始めました。 月額2400円のseaart AIという日本でも比較的有名なAIソフトウェアです。スマホでもできますがね。快適ではなくなるのでパソコンでやっています。 ミニP...,0,0
1213,2026/2/1 5:29,フランス語,Umatasene2015,11時間1分,4,53,13.2,0,8,0.08,7.55,0.01,0.74,あと3日,https://detail.chiebukuro.yahoo.co.jp/qa/question_detail/q10324885355,真に哲学的に深刻な問題は「自殺」しかない。生かされているという苦痛ことにたいして生きる意味があるかないかはこの哲学根本的問いに対して答えることである（アルベール・カミュ） Il n'y a qu'un...,0,0
1214,2026/2/1 5:29,au,さ,11時間1分,2,38,19.0,0,0,0.057,5.26,0.01,0.21,あと3日,https://detail.chiebukuro.yahoo.co.jp/qa/question_detail/q14324885354,ずっとauです。新しい機種にしようか検討中ですが、借り入れがいくらかあるため携帯のローン組めるか不安です。ずっとauユーザーで支払いも問題なくできていればローン通りますかね？ 何年もauユーザーだった...,0,0
1215,2026/2/1 5:29,ゲーム,や,11時間1分,1,18,18.0,0,1,0.027,5.56,0.0,0.15,不明,https://detail.chiebukuro.yahoo.co.jp/qa/question_detail/q13324885353,ポケツイのレートについて質問です。 画像のアイテムで1:1交換だとレトチになりますか？ 提案をいただいたのですが(左譲、右求)、目の在庫がそこまで多くないので少し悩んでいます。レア度を考えるとズレてる...,0,0
1216,2026/2/1 5:29,家庭菜園,初級農業女子,11時間1分,1,51,51.0,0,0,0.077,1.96,0.04,0.15,あと3日,https://detail.chiebukuro.yahoo.co.jp/qa/question_detail/q12324885352,これから栽培して間に合う高騰しそうな野菜 愛知県で2025年から野菜栽培を始めた 初級農業女子です。340坪露地栽培です。近くの直売所に出荷しています。インターネット販売もします。 1 園芸店に行くと...,0,0
1217,2026/2/1 5:28,政治、社会問題,佳原嵩明,11時間2分,2,12,6.0,1,1,0.018,16.67,0.0,0.36,あと3日,https://detail.chiebukuro.yahoo.co.jp/qa/question_detail/q11324885351,今上天皇陛下は御年何歳ですか？,0,0
1218,2026/2/1 5:28,飛行機、空港,a98699e42,11時間2分,4,95,23.8,1,6,0.143,4.21,0.03,0.87,不明,https://detail.chiebukuro.yahoo.co.jp/qa/question_detail/q10324885350,飛行機のファーストクラス 乗った事もないのですが 飛行機のファーストクラスってネットカフェの個室程度の広さなのに高すぎませんか？,0,0
1219,2026/2/1 5:28,幼児教育、幼稚園、保育園,sld********,11時間2分,11,136,12.4,0,25,0.205,8.09,0.03,2.16,あと3日,https://detail.chiebukuro.yahoo.co.jp/qa/question_detail/q14324885349,保育園の入園式の服装に悩んでいます。 こんな感じの服装だとだめでしょうか？ 調べたらグレーやアイボリーやネイビーの色がいいとでてきますが私は似合わないので、、,0,0
1220,2026/2/1 5:28,家族関係の悩み,ねむねむのもり,11時間2分,3,121,40.3,0,0,0.183,2.48,0.07,0.41,不明,https://detail.chiebukuro.yahoo.co.jp/qa/question_detail/q13324885348,どう思いますか？ 旅行先で生理だったのでお風呂分けて入れさせてもらったのですが、バスタオル回収の時に家族共同で使っている生理用品が入っていたポーチと共に出してしまいました。 それで母親は普段配慮がある...,0,0
1221,2026/2/1 5:28,iCloud,1152057057,11時間2分,0,23,23.0,0,0,0.035,0.0,0.0,0.03,あと3日,https://detail.chiebukuro.yahoo.co.jp/qa/question_detail/q11324885346,助けてください！ 写真の容量が8GB、iCloudが5GBあったのでiCloudの写真を消したら写真の容量が空くと思ったのにダウンロードし忘れて小さい頃の写真が消えてしまった上に容量が全く減りません！...,0,0
1222,2026/2/1 5:27,病気、症状,c95174b44,11時間3分,4,28,7.0,0,0,0.042,14.29,0.0,0.34,あと3日,https://detail.chiebukuro.yahoo.co.jp/qa/question_detail/q10324885345,1日何も食べられないんだけど、お腹空いて死にそう めんつゆに水薄めてがぶ飲みしていい？ 流石に体に悪い？,0,0
1223,2026/2/1 5:27,社会保険,非公開,11時間3分,4,113,28.2,0,0,0.17,3.54,0.05,0.47,あと3日,https://detail.chiebukuro.yahoo.co.jp/qa/question_detail/q14324885344,退職して旦那の扶養にも入らず国保と年金を払っていました。 最近になり扶養に入ったほうがいいことに気付き、慌てて手続きしています。扶養に入れたなら今まで自分で払っていた国保と年金は還ってこないですか？,0,0
1224,2026/2/1 5:27,心理学,1250334387,11時間3分,2,4,2.0,0,0,0.006,50.0,0.0,0.16,あと3日,https://detail.chiebukuro.yahoo.co.jp/qa/question_detail/q13324885343,夢占いと現実についてです。 夢占いは科学的な根拠に基づくものではありません。あくまで一つの目安としてお楽しみください。 とあります。 確かに科学的に根拠は示されないと思いますが、心地よい1日だったとき...,0,0
1225,2026/2/1 5:27,ファーストフード,vnz********,11時間4分,2,13,6.5,0,0,0.02,15.38,0.0,0.17,あと3日,https://detail.chiebukuro.yahoo.co.jp/qa/question_detail/q11324885341,ピザハットの持ち帰り限定の、一枚目が30%引きで、二枚目は無料の組み合わせセットは、店舗に聞かないと分かりませんか、一枚目か二枚目がペパロニクラッシックの場合は、他は何になりますか。,0,0
1226,2026/2/1 5:26,ゲーム,あ,11時間5分,0,11,11.0,0,0,0.017,0.0,0.0,0.02,あと3日,https://detail.chiebukuro.yahoo.co.jp/qa/question_detail/q10324885340,エーペックスの質問 野良ランクでの理想のチーム構成を教えてほしいです。 例えば、機動力のあるキャラと〜、サポートキャラと〜 みたいな感じです。環境によって違うと思いますがこの構成は間違いないみたいなの...,0,0
1227,2026/2/1 5:26,競馬,wto********,11時間5分,1,12,12.0,0,0,0.018,8.33,0.0,0.09,あと3日,https://detail.chiebukuro.yahoo.co.jp/qa/question_detail/q14324885339,ウイポ10について質問です。 子供の能力の上がり方って何で決まるんですか？ 運ですか？親の(母親側)の特徴や要素、結婚条件難易度ですか？それとも子供の成長期に所持馬がどれだけ活躍するかですか？,0,0
1228,2026/2/1 5:26,アニメ,ホーリー,11時間5分,4,27,6.8,0,0,0.041,14.81,0.0,0.34,不明,https://detail.chiebukuro.yahoo.co.jp/qa/question_detail/q13324885338,名前に『栄』の文字が付くアニメキャラクターといえばなんですか？,0,0
1229,2026/2/1 5:26,ゲーム,hak********,11時間5分,0,5,5.0,0,0,0.008,0.0,0.0,0.01,あと3日,https://detail.chiebukuro.yahoo.co.jp/qa/question_detail/q12324885337,ポケコロツインのアイテムの相談です。 雅やかな金魚の髪飾りに合うツインテールを探しています。できれば巻かれていないストレートのツインテールがいいです。 持っているツインテールが高い位置で結んでいたり、...,0,0
1230,2026/2/1 5:25,政治、社会問題,山女魚,11時間6分,14,218,15.6,2,13,0.327,6.42,0.05,2.26,あと3日,https://detail.chiebukuro.yahoo.co.jp/qa/question_detail/q11324885336,裏金問題は、本当に済んだことなのですか？ 高市総理大臣は、【たった一回の不記載】で有能な人材を．．．と言っていますが 国民も皆、そう思っているのですか？,0,0
1231,2026/2/1 5:25,ドラゴンクエスト,1546328935,11時間6分,1,12,12.0,0,0,0.018,8.33,0.0,0.09,あと3日,https://detail.chiebukuro.yahoo.co.jp/qa/question_detail/q14324885334,3ds版ドラゴンクエスト8で覇王の斧を一つとメガトンハンマーを二つ入手する方法はありますか？,0,0
1232,2026/2/1 5:25,ネコ,人間不信,11時間6分,2,24,12.0,0,0,0.036,8.33,0.0,0.19,あと3日,https://detail.chiebukuro.yahoo.co.jp/qa/question_detail/q13324885333,猫のマーキングした場所がわからず部屋がおしっこ臭いです…オススメの臭い消しありますか,0,0
1233,2026/2/1 5:25,注文住宅,ash,11時間6分,6,27,4.5,0,1,0.041,22.22,0.0,0.53,あと3日,https://detail.chiebukuro.yahoo.co.jp/qa/question_detail/q12324885332,【ベランダ】の利点は何ですか？,0,0
1234,2026/2/1 5:25,恋愛相談,ksp165294jh,11時間6分,2,24,12.0,0,0,0.036,8.33,0.0,0.19,あと3日,https://detail.chiebukuro.yahoo.co.jp/qa/question_detail/q11324885331,信念を曲げないこと、一本筋が通ってることが大事という人と、状況に合わせて考え方も行動も柔軟に変えることが大事という人では、恋愛を続けるのは難しいですよね？,0,0
1235,2026/2/1 5:24,耳の病気,por********,11時間7分,2,10,5.0,0,0,0.015,20.0,0.0,0.16,あと3日,https://detail.chiebukuro.yahoo.co.jp/qa/question_detail/q10324885330,風呂上りに片耳だけ赤く(熱く)なるのはなぜですか？,0,0
1236,2026/2/1 5:24,テーマパーク,lbj********,11時間7分,3,31,10.3,0,0,0.046,9.68,0.0,0.27,あと3日,https://detail.chiebukuro.yahoo.co.jp/qa/question_detail/q14324885329,今度、ディズニーシーのマゼランズにお邪魔します。 マゼランズでは、3時ごろに入る予定なので、コースを注文せずにドリンクのみを注文して休憩を取ろうと思っているのですが、ドリンクのみの注文は可能なのでしょ...,0,0
1237,2026/2/1 5:24,資産運用、投資信託、NISA,人間不信,11時間7分,2,64,32.0,0,0,0.096,3.12,0.03,0.25,不明,https://detail.chiebukuro.yahoo.co.jp/qa/question_detail/q10324885325,NISAを始めたいのですがオススメありますか,0,0
1238,2026/2/1 5:24,職場の悩み,a1a697cf2,11時間7分,4,49,12.2,0,0,0.073,8.16,0.01,0.37,あと3日,https://detail.chiebukuro.yahoo.co.jp/qa/question_detail/q14324885324,去年の4月に入社した空港勤務のものです。 私の会社にはおつぼね(20代前半)が何人かいて、その人たちのせいで1年で3人やめてます。プラス人手不足で業務が回せないので組み込み残業(11～13時間労働)も...,0,0
1239,2026/2/1 5:23,出品,c2faf0a2b,11時間8分,1,12,12.0,0,1,0.018,8.33,0.0,0.14,あと3日,https://detail.chiebukuro.yahoo.co.jp/qa/question_detail/q13324885323,出品制限について質問です。 数年前から制限のままですが解除方法を教えて教えていただきたいです。,0,0
1240,2026/2/1 5:23,葬儀,1250087202,11時間8分,3,42,14.0,0,3,0.063,7.14,0.01,0.42,あと3日,https://detail.chiebukuro.yahoo.co.jp/qa/question_detail/q12324885322,葬儀の花代について 先日、父が亡くなりました 父の友人(県外)から花を頂いたのですが代金を頂いておりません 後から支払いお願いしますと言いにくいのですがどうしたらいいでしょうか？ 葬儀会社からは〇〇様...,0,0
1241,2026/2/1 5:23,アニメ,1150608127,11時間9分,1,22,22.0,0,0,0.033,4.55,0.01,0.11,あと3日,https://detail.chiebukuro.yahoo.co.jp/qa/question_detail/q14324885319,五等分の花嫁や真夜中ハートチューンのような学生ハーレム系の漫画が好きなのですが、おすすめなアニメ、漫画がある人教えて欲しいです,0,0
1242,2026/2/1 5:23,iPhone,しゅ,11時間9分,3,19,6.3,0,0,0.028,15.79,0.0,0.25,あと3日,https://detail.chiebukuro.yahoo.co.jp/qa/question_detail/q10324885320,iPhone使ってて気になったので詳しい方教えて頂きたいです。 音量ゼロにしてゲームとかしてると急にめっちゃでかい音になったりして慌てて音量いじると元に戻ります。音量バーは何も起こってないかちょっと音...,0,0
1243,2026/2/1 5:23,海外,1252694537,11時間9分,5,69,13.8,0,2,0.103,7.25,0.01,0.57,あと3日,https://detail.chiebukuro.yahoo.co.jp/qa/question_detail/q12324885317,経由地について 私が日英ハーフで親戚に会うためにイギリスに行くんですが 降りる空港がロンドンではなくマンチェスターです 直行便がありません なので経由していくしかないんですが 私の考えではエミレーツ航...,0,0
1244,2026/2/1 5:23,学校の悩み,コー,11時間9分,3,46,15.3,0,0,0.069,6.52,0.01,0.29,あと3日,https://detail.chiebukuro.yahoo.co.jp/qa/question_detail/q13324885318,私不登校で学校全然行ってなくて、 前進路について母と先生数人で話し合って その終わりあたりで数週間後に行事があるんだけど来てくれない？って言われて1回断ったんですけど母に行けって言われた上に先生からも...,0,0
1245,2026/2/1 5:23,職場の悩み,1051736056,11時間9分,3,79,26.3,0,2,0.118,3.8,0.03,0.43,あと3日,https://detail.chiebukuro.yahoo.co.jp/qa/question_detail/q11324885316,看護師が嫌で鬱病になった方いますか？ 私は、辞めます。 生理的に、もう無理です。,0,0
1246,2026/2/1 5:22,家族関係の悩み,ash,11時間10分,8,34,4.2,0,0,0.051,23.53,0.0,0.65,あと3日,https://detail.chiebukuro.yahoo.co.jp/qa/question_detail/q10324885315,【家庭の味】と言えば、どんな料理を思い浮かべますか？,0,0
1247,2026/2/1 5:22,家族関係の悩み,非公開,11時間10分,4,43,10.8,0,3,0.064,9.3,0.01,0.5,あと3日,https://detail.chiebukuro.yahoo.co.jp/qa/question_detail/q13324885313,子供のDNA鑑定を義務化したら女よりも男の方が困る人多いですよね？,0,0
1248,2026/2/1 5:22,エステ、脱毛,非公開,11時間10分,1,9,9.0,0,2,0.013,11.11,0.0,0.18,あと3日,https://detail.chiebukuro.yahoo.co.jp/qa/question_detail/q11324885311,家庭用光脱毛機は照射回数が上限に達すると光らなくなるのですか？ または光りはするが脱毛効果がなくなるのですか？,0,0
1249,2026/2/1 5:22,妊娠、出産,みかん大好き,11時間10分,1,37,37.0,0,0,0.055,2.7,0.02,0.13,あと3日,https://detail.chiebukuro.yahoo.co.jp/qa/question_detail/q10324885310,妊娠３２wの妊婦です。 医師の指示でこれ以上体重は増やさない（たとえ増えても〇キロまでというニュアンス）と言われ、ゆるっと体重管理中です。最初はきつかったのですが、食事内容や間食を変えたらあっさり体重...,0,0
1250,2026/2/1 5:21,国内,非公開,11時間11分,1,8,8.0,0,0,0.012,12.5,0.0,0.09,あと3日,https://detail.chiebukuro.yahoo.co.jp/qa/question_detail/q14324885309,福島県で1番大きい街はどこですか？,0,0
1251,2026/2/1 5:21,My Yahoo!,ID 非公開,11時間11分,2,23,11.5,0,0,0.034,8.7,0.0,0.18,不明,https://detail.chiebukuro.yahoo.co.jp/qa/question_detail/q13324885308,My Yahooには、ヘルプページが存在し、動物病院受診のための設定方法が解説されていましたか？,0,0
1252,2026/2/1 5:21,ライブ、コンサート,fis********,11時間11分,1,31,31.0,0,0,0.046,3.23,0.01,0.12,あと3日,https://detail.chiebukuro.yahoo.co.jp/qa/question_detail/q11324885306,チケットボートでライブ申し込んで、落選しました。 支払い受付(PayPay)は、落選後いつ取り消されて、利用可能額が戻るのでしょうか？ 知っている人いたら教えてください､､､！,0,0
1253,2026/2/1 5:21,国内,非公開,11時間11分,1,10,10.0,0,0,0.015,10.0,0.0,0.09,あと3日,https://detail.chiebukuro.yahoo.co.jp/qa/question_detail/q10324885305,東北で1番大きい街は仙台だとして2番目はどこですか？,0,0
1255,2026/2/1 5:21,ガラケーサービス,ID 非公開,11時間11分,2,11,5.5,0,0,0.016,18.18,0.0,0.16,あと3日,https://detail.chiebukuro.yahoo.co.jp/qa/question_detail/q13324885303,ガラケーの背面にある小さな液晶は、「犬ディスプレイ」と呼ばれていましたか？,0,0
1256,2026/2/1 5:20,お酒、ドリンク,Vit,11時間13分,1,20,20.0,0,0,0.03,5.0,0.01,0.1,あと3日,https://detail.chiebukuro.yahoo.co.jp/qa/question_detail/q12324885302,21歳女子です。 この前、ベルエポックをシャンパングラス一杯だけ飲んだだけで今までにないくらい、気持ち悪くて1時間ほど横になったりトイレを行き来してました。 これってお酒弱いですか？？,0,0
1257,2026/2/1 5:20,子育ての悩み,非公開,11時間13分,9,76,8.4,0,3,0.113,11.84,0.01,0.91,あと3日,https://detail.chiebukuro.yahoo.co.jp/qa/question_detail/q11324885301,現在小学４年生の子どもがおります。 今から子育てやり直せますか？ 思い返すと虐待をしていました。,0,0
1258,2026/2/1 5:20,料理、食材,ash,11時間13分,10,32,3.2,0,0,0.048,31.25,0.0,0.79,あと3日,https://detail.chiebukuro.yahoo.co.jp/qa/question_detail/q10324885300,【カップラーメン】は何味が好きですか？,0,0
1259,2026/2/1 5:19,DTM,lunatica,11時間14分,1,32,32.0,0,0,0.047,3.12,0.02,0.12,あと3日,https://detail.chiebukuro.yahoo.co.jp/qa/question_detail/q14324885299,この曲の最初の部分で、 何かリズミカルな、高速のポコポコみたいなのが聴こえます。 https://www.youtube.com/watch?v=lTr32e1ky9c これは、なんなのでしょうか。 ...,0,0
1260,2026/2/1 5:19,恋愛相談、人間関係の悩み,非公開,11時間14分,3,26,8.7,0,3,0.039,11.54,0.0,0.39,あと3日,https://detail.chiebukuro.yahoo.co.jp/qa/question_detail/q13324885298,「付き合ってたら必ずスキンシップ取らなきゃいけない、嫌がるのはおかしい」って、この発言自体がおかしくないですか？ 「男ならデートは奢るべき」「女なら家事はすべき」みたいな発言と何が違うんですか？,0,0
1261,2026/2/1 5:19,ウイルス対策、セキュリティ対策,has********,11時間14分,1,13,13.0,0,0,0.019,7.69,0.0,0.09,あと3日,https://detail.chiebukuro.yahoo.co.jp/qa/question_detail/q12324885297,Xで動画を見ていたら、間違ってこのサイトのボタンを押してしまいました。画面が表示される前に閉じましたが、もう個人情報とか抜かれたんでしょうか。怖いです。,0,0
1262,2026/2/1 5:19,イヌ,ID 非公開,11時間14分,1,11,11.0,0,0,0.016,9.09,0.0,0.09,不明,https://detail.chiebukuro.yahoo.co.jp/qa/question_detail/q10324885295,アメリカン・コッカー・スパニエルに多い慢性外耳炎は、耳道構造とどう関係していますか？,0,0
1263,2026/2/1 5:19,アニメ,1151274949,11時間14分,0,4,4.0,0,0,0.006,0.0,0.0,0.01,あと3日,https://detail.chiebukuro.yahoo.co.jp/qa/question_detail/q14324885294,しまじろうのアニメの後にある短編の動画あったじゃないですか。パティシエールとかです。私が1番記憶に残ってるやつがYouTubeにも載っていなかったので誰か覚えてる人がいれば教えて欲しいです。 今高2だ...,0,0
1264,2026/2/1 5:19,マインクラフト,にゃんにゃん,11時間14分,0,17,17.0,0,0,0.025,0.0,0.0,0.03,あと3日,https://detail.chiebukuro.yahoo.co.jp/qa/question_detail/q13324885293,至急です。ブロックブラストなんですけど、これってどこ置けばいけます？？もう10分以上考えてて(>_<),0,0
1265,2026/2/1 5:19,病気、症状,piy********,11時間14分,0,6,6.0,0,0,0.009,0.0,0.0,0.01,あと3日,https://detail.chiebukuro.yahoo.co.jp/qa/question_detail/q12324885292,昔おそらく５年以上前に背中にウイルス性イボがありあちこちに移り焼いて取りきりました。同じ背中の部分に赤い虫刺されのような痒いイボ が出来ていますが、同じ場所だから、再発したのでしょうか。 ただ昔のもの...,0,0
1266,2026/2/1 5:18,花粉症、アレルギー,はんちゃ,11時間15分,2,16,8.0,0,0,0.024,12.5,0.0,0.17,あと3日,https://detail.chiebukuro.yahoo.co.jp/qa/question_detail/q11324885291,今年、スギ花粉が飛散し始めるのはいつからですか？ ビラノアはもう飲み始めたほうがいいですか？ 飛散開始の情報はどこで確認するのが良いですか？,0,0
1267,2026/2/1 5:18,家族関係の悩み,まつ,11時間15分,2,21,10.5,0,0,0.031,9.52,0.0,0.18,あと3日,https://detail.chiebukuro.yahoo.co.jp/qa/question_detail/q10324885290,至急！ 自分が死ぬ時の夢を見るのはどのような心境だからですか？,0,0
1268,2026/2/1 5:18,日用品、生活雑貨,vnz********,11時間15分,2,2,1.0,0,0,0.003,100.0,0.0,0.15,あと3日,https://detail.chiebukuro.yahoo.co.jp/qa/question_detail/q13324885288,トイレや衣服用の消臭剤は、臭いを、ごまかすタイプは、時間が経つと効力は薄れますか、臭いの成分を元けら分解するタイプのは価格が高いほど能力も高いですか、製品内の、どの成分が臭いを元から分解しますか。,0,0
1269,2026/2/1 5:18,イヌ,ID 非公開,11時間15分,1,10,10.0,0,0,0.015,10.0,0.0,0.09,不明,https://detail.chiebukuro.yahoo.co.jp/qa/question_detail/q12324885287,ミニチュア・ピンシャーにみられるレッグ・ペルテス病は、成長期のどの段階で発症しやすいですか？,0,0
1270,2026/2/1 5:18,生き方、人生相談,apr**********,11時間16分,6,57,9.5,0,0,0.084,10.53,0.01,0.53,あと3日,https://detail.chiebukuro.yahoo.co.jp/qa/question_detail/q11324885286,自分という物体が”存在している”っていうこと、めっちゃ怖くないですか？ 最近、鏡を見たり、街中にいる時とか、「あ、自分って今他の人から見えてるんだ」とか「自分って言う”物体”がココにあるんだ」って感じ...,0,0
1271,2026/2/1 5:18,年金,rgd********,11時間16分,4,31,7.8,0,0,0.046,12.9,0.0,0.34,あと3日,https://detail.chiebukuro.yahoo.co.jp/qa/question_detail/q10324885285,大学生の年収について教えてください。 今年から160万円まで稼げるとテレビでやってますが、年金免除の申請をしている場合は対象ではないと聞きました。 免除の申請をしている場合はいくらまで稼いでいいんでし...,0,0
1272,2026/2/1 5:17,プレイステーション4,bc99c627f,11時間17分,1,4,4.0,0,0,0.006,25.0,0.0,0.08,あと3日,https://detail.chiebukuro.yahoo.co.jp/qa/question_detail/q13324885283,PS5でグランツーリスモ7をやっています。 自分の買った車の走っている所を見るモードってありませんか？ 自分が走ったものを後で見ればいいのですが、へたっぴなので、カッコよく走ってません。 自分の買った...,0,0
1273,2026/2/1 5:17,恋愛相談、人間関係の悩み,1052332042,11時間17分,4,72,18.0,0,5,0.106,5.56,0.02,0.62,あと3日,https://detail.chiebukuro.yahoo.co.jp/qa/question_detail/q12324885282,男性って、 「◯◯なのかわいいなw」とか 何とも思ってなくても 気軽に言いますか(出ますか)？ 直接「(私の名前)がかわいい」と いわれたわけではありません。 私の行動？性質？について話の関連で「かわ...,0,0
1274,2026/2/1 5:17,生き方、人生相談,lem*****,11時間17分,2,18,9.0,0,2,0.027,11.11,0.0,0.26,あと3日,https://detail.chiebukuro.yahoo.co.jp/qa/question_detail/q10324885280,眠いのに寝たくないのはなぜですか？,0,0
1275,2026/2/1 5:16,ガラケーサービス,ID 非公開,11時間18分,1,10,10.0,0,0,0.015,10.0,0.0,0.09,あと3日,https://detail.chiebukuro.yahoo.co.jp/qa/question_detail/q13324885278,ガラケーの「プライバシーモード」は、特定の犬の飼主からの着信やメールを隠す機能でしたか？,0,0
1276,2026/2/1 5:16,飛行機、空港,ihi********,11時間18分,4,77,19.2,0,4,0.113,5.19,0.02,0.58,あと3日,https://detail.chiebukuro.yahoo.co.jp/qa/question_detail/q14324885279,2026年１月、北海道の大雪で交通網がマヒし千歳空港で約７０００人が滞留し夜を明かしたそうです。国内外と問わず人気のある北海道、こんなありさまでは、安心して北海道には行けません。 https://ww...,0,0
1277,2026/2/1 5:16,占い,lem*****,11時間18分,1,19,19.0,0,0,0.028,5.26,0.01,0.1,あと3日,https://detail.chiebukuro.yahoo.co.jp/qa/question_detail/q11324885276,あの人(好きな人)の私へ対して気持ちをタロットカードで占って欲しいです。,0,0
1278,2026/2/1 5:16,大学,木内健一,11時間18分,0,2,2.0,0,0,0.003,0.0,0.0,0.0,あと3日,https://detail.chiebukuro.yahoo.co.jp/qa/question_detail/q10324885275,愛国短大から愛国大学意外に編入する人はどこにしますか,0,0
1280,2026/2/1 5:16,野球全般,Mizuno,11時間18分,3,68,22.7,0,1,0.1,4.41,0.02,0.36,あと3日,https://detail.chiebukuro.yahoo.co.jp/qa/question_detail/q13324885273,藤沢市です。子供を少年野球チームに入れようと探しています。 しかし実際に入っているママ友に聞くと、監督や関係者に前科者がいたり、運営費を過度な飲み代に使用や子供達への罵倒、朝一のグランド脇のテント準備...,0,0
1281,2026/2/1 5:16,ゲーム,非公開,11時間18分,4,20,5.0,0,0,0.029,20.0,0.0,0.32,あと3日,https://detail.chiebukuro.yahoo.co.jp/qa/question_detail/q12324885272,人生で一番泣いたゲームを教えてください。自分はレイトン教授と最後の時間旅行がダントツで号泣しました。,0,0
1282,2026/2/1 5:16,恋愛相談、人間関係の悩み,「謝」,11時間18分,1,16,16.0,0,3,0.024,6.25,0.0,0.23,あと3日,https://detail.chiebukuro.yahoo.co.jp/qa/question_detail/q11324885271,早生まれの方々は社会人 、つまりは大人になってからは 学生時代1つ下の代だった「4/2から12/31に産まれた人と」同い年扱いに変わりますか？タメだとか。 私は三月にて35歳デス。,0,0
1283,2026/2/1 5:15,労働問題,20251227/1007,11時間19分,1,13,13.0,0,1,0.019,7.69,0.0,0.14,あと3日,https://detail.chiebukuro.yahoo.co.jp/qa/question_detail/q14324885269,安全な檻の住民と冒険家はどちらがいいですか？,0,0
1284,2026/2/1 5:15,iPhone,a9a159ba5,11時間19分,0,7,7.0,0,0,0.01,0.0,0.0,0.01,あと3日,https://detail.chiebukuro.yahoo.co.jp/qa/question_detail/q12324885267,iPhone 14 Plusを使用しているんですが最近、急に音量が大きくなることが頻繁にあり困っています。 私なりに調べて色々な対処法を試しましたが、改善されません。 音量を自動調節をオフにしたり、画...,0,0
1285,2026/2/1 5:15,Firefox,ID 非公開,11時間19分,1,10,10.0,0,0,0.015,10.0,0.0,0.09,あと3日,https://detail.chiebukuro.yahoo.co.jp/qa/question_detail/q13324885268,Firefoxは以前「Jetpack」という犬専用のアドオン開発手法を提供していましたか？,0,0
1286,2026/2/1 5:15,一般教養,mpt********,11時間20分,4,21,5.2,0,7,0.031,19.05,0.0,0.63,あと3日,https://detail.chiebukuro.yahoo.co.jp/qa/question_detail/q11324885266,2月はなぜ日数が少ないのですか?,0,0
1287,2026/2/1 5:15,料理、食材,アスパラベーコン,11時間20分,3,49,16.3,0,3,0.072,6.12,0.01,0.42,あと3日,https://detail.chiebukuro.yahoo.co.jp/qa/question_detail/q13324885263,最近買って失敗した食べ物はありますか？ 自分はスーパーのオリジナルのパンコーナーのきな粉がまぶされたクロワッサンと、 栃尾揚げのペペロンチーノ味みたいなやつと、 スーパー惣菜の豚肉串揚げに名古屋味噌か...,0,0
1288,2026/2/1 5:15,コミック,1151243002,11時間20分,0,36,36.0,0,0,0.053,0.0,0.0,0.05,あと3日,https://detail.chiebukuro.yahoo.co.jp/qa/question_detail/q12324885262,昔見た漫画がどうしても思い出せません。。。 女の子が虐められてて新幹線でトイレに行かせない？とかの描写がありました。 男の子と女の子2人がサイコパスな女のコ1人にイジメ？洗脳？みたいなのを受けてて、そ...,0,0
1289,2026/2/1 5:15,恋愛相談,lem*****,11時間20分,4,74,18.5,1,6,0.109,5.41,0.02,0.81,あと3日,https://detail.chiebukuro.yahoo.co.jp/qa/question_detail/q11324885261,好きな人がいて会えなくなりましたがそれでもいつか会えると信じてずっと思い続けてました。 もう諦めるきっかけが欲しいです。 でも好きなんです。どうしたら諦めがつきますか？,0,0
1290,2026/2/1 5:15,政治、社会問題,1250334387,11時間20分,2,18,9.0,0,0,0.026,11.11,0.0,0.17,あと3日,https://detail.chiebukuro.yahoo.co.jp/qa/question_detail/q10324885260,まだ投票日までに１週間あるので、情勢が変化する可能性も残されてあります。 ただしい選択というのは未知数かもしれませんが、行く末が気になりますか？,0,0
1291,2026/2/1 5:14,鉄道、列車、駅,mpt********,11時間21分,0,5,5.0,0,0,0.007,0.0,0.0,0.01,あと3日,https://detail.chiebukuro.yahoo.co.jp/qa/question_detail/q13324885258,電車で降り時改札出口似近いドアに行くと真似をする人は、なぜ先に行かないのてますか?,0,0
1292,2026/2/1 5:14,絵画,1052452015,11時間21分,1,39,39.0,0,0,0.057,2.56,0.02,0.13,あと3日,https://detail.chiebukuro.yahoo.co.jp/qa/question_detail/q12324885257,まだ、途中なのですが添削をお願いします このキャラクターたちをどのように配置したら良いのかわかりません それか元々キャラクターのポージングが良くないのか… 一応、みんなでアイスを食べているイラストです,0,0
1293,2026/2/1 5:14,イヌ,ID 非公開,11時間21分,1,11,11.0,0,0,0.016,9.09,0.0,0.09,不明,https://detail.chiebukuro.yahoo.co.jp/qa/question_detail/q10324885255,狂犬病ウイルスが“脳内での分布が不均一”になる理由をウイルス輸送経路から説明するとどうなりますか？,0,0
1294,2026/2/1 5:14,釣り,1252186394,11時間21分,1,36,36.0,0,0,0.053,2.78,0.02,0.13,あと3日,https://detail.chiebukuro.yahoo.co.jp/qa/question_detail/q11324885256,沖磯でのショアジギングでの質問です！ タックルで迷ってるのですがコルトスナイパーBBにツインパワーsw8000かコルトスナイパーXRにストラディックsw8000ではどちらがいいでしょうか？ 7.80c...,0,0
1295,2026/2/1 5:14,生き方、人生相談,「謝」,11時間21分,2,19,9.5,0,0,0.028,10.53,0.0,0.17,あと3日,https://detail.chiebukuro.yahoo.co.jp/qa/question_detail/q14324885254,35歳男性は若いとか青年と言いますか？？ そろそろ良い歳、オジサンでしょうか？,0,0
1296,2026/2/1 5:14,サッカー,民法３９６条（抵当権の消滅時効）,11時間21分,0,1,1.0,0,0,0.001,0.0,0.0,0.0,あと3日,https://detail.chiebukuro.yahoo.co.jp/qa/question_detail/q13324885253,鈴木啓太さんて、オーブの社長さんなんですか？ 代表を務めるとは聞きますが。,0,0
1297,2026/2/1 5:13,メンタルヘルス,K,11時間22分,2,25,12.5,0,0,0.037,8.0,0.0,0.18,不明,https://detail.chiebukuro.yahoo.co.jp/qa/question_detail/q11324885251,社交不安障害はどのような人に当てはまるのか知りたいです。 私は人前で話したり、注目を浴びる場面になると過度に緊張してしまいます。周囲からも「緊張しすぎでは？」と言われることがあります。 具体的には、人...,0,0
1298,2026/2/1 5:13,友人関係の悩み,1252885652,11時間22分,2,20,10.0,0,0,0.029,10.0,0.0,0.18,あと3日,https://detail.chiebukuro.yahoo.co.jp/qa/question_detail/q13324885248,カラオケの退室前の電話 今日友人とカラオケに行ったのですが、お時間10分前です。の電話に出ようとしたら出なくていいよと言われました。 そんなことしたことなかったので、え？と思ったのですが受話器に伸ばし...,0,0
1299,2026/2/1 5:13,交通、地図,かまぼこ,11時間22分,0,21,21.0,0,0,0.031,0.0,0.0,0.03,あと3日,https://detail.chiebukuro.yahoo.co.jp/qa/question_detail/q12324885247,画像がトラウマなので載せませんが群馬県にある〈怪鳥注意〉の標識は一部では実在しないと言われますが本当ですか？ 具体的にはどんな注意の呼びかけですか？,0,0
1300,2026/2/1 5:13,携帯型ゲーム全般,非公開,11時間22分,1,31,31.0,0,0,0.045,3.23,0.01,0.12,あと3日,https://detail.chiebukuro.yahoo.co.jp/qa/question_detail/q11324885246,ブロスタについて、全く強くなれません。 才能がないというか、何らかの障害を持ってるんですかね？？ ジェシー、エリザベス、ティックがハイパーチャージまで解放していて、1000トロ行ってるのはジェシーのみ...,0,0
1301,2026/2/1 5:13,外国映画,1252157456,11時間22分,0,9,9.0,0,0,0.013,0.0,0.0,0.01,あと3日,https://detail.chiebukuro.yahoo.co.jp/qa/question_detail/q10324885245,アンダー・ザ・ドーム見てるんですが核でドームの周辺焼け野原になったはずなのに普通に綺麗になってますなぜですか？,0,0
1302,2026/2/1 5:13,恋愛相談、人間関係の悩み,uyj********,11時間23分,1,14,14.0,0,0,0.02,7.14,0.0,0.09,あと3日,https://detail.chiebukuro.yahoo.co.jp/qa/question_detail/q14324885244,どのコミュニティにもうまく馴染めていない気がしてたまに苦しくなります。 バイト先に友達はいるし、彼氏もいるし、高校にも大学にも定期的に会うような友達はいます。かなり恵まれている環境にいるとは分かってい...,0,0
1303,2026/2/1 5:13,クレジットカード,c2ce2f997,11時間23分,1,16,16.0,0,0,0.023,6.25,0.0,0.1,あと3日,https://detail.chiebukuro.yahoo.co.jp/qa/question_detail/q13324885243,vポイントprimeカードで、anapayへチャージは日曜日であれば1.5倍でポイント付きますか？,0,0
1304,2026/2/1 5:12,大学受験,1150991774,11時間24分,2,20,10.0,0,0,0.029,10.0,0.0,0.18,あと3日,https://detail.chiebukuro.yahoo.co.jp/qa/question_detail/q12324885242,金沢学院大学の一般入試一期二科目型を受験しました。何点取れば合格出来るかどこにもないのですが、今年や過去に受験した方がいたら教えてください。,0,0
1305,2026/2/1 5:12,イヌ,ID 非公開,11時間24分,1,10,10.0,0,0,0.015,10.0,0.0,0.09,不明,https://detail.chiebukuro.yahoo.co.jp/qa/question_detail/q11324885241,犬のワクチンを打ったあとに“注射した部分が腫れる”ことがありますが、どれくらいで消えなければ受診したほうがいいですか？,0,0
1306,2026/2/1 5:12,恋愛相談、人間関係の悩み,「謝」,11時間24分,2,18,9.0,0,0,0.026,11.11,0.0,0.17,あと3日,https://detail.chiebukuro.yahoo.co.jp/qa/question_detail/q10324885240,35歳でも二十歳くらい「前後」に見えるは 結構ありますか？ 18とか,0,0
1307,2026/2/1 5:12,飲食店,****************,11時間24分,1,33,33.0,2,0,0.048,3.03,0.02,0.41,あと3日,https://detail.chiebukuro.yahoo.co.jp/qa/question_detail/q14324885239,焼肉キング食べ放題コースっておいしいんですか？ 食べ放題＝質より量のイメージがあります。 何がオススメですか？ 時間制限はありますか？,0,0
1308,2026/2/1 5:12,マインクラフト,ネコ鍵,11時間24分,0,5,5.0,0,0,0.007,0.0,0.0,0.01,あと3日,https://detail.chiebukuro.yahoo.co.jp/qa/question_detail/q13324885238,マイクラのドルフロMODについて質問です。 ドルフロMODをサーバーで遊ぶのですが戦術人形はほかのプレイヤーについて行ってしまったり、勝手にほかのプレイヤーの部隊に入ってしまうことはあるのでしょうか？,0,0
1309,2026/2/1 5:12,インターネットサービス,う,11時間24分,1,52,52.0,0,0,0.076,1.92,0.04,0.15,あと3日,https://detail.chiebukuro.yahoo.co.jp/qa/question_detail/q11324885236,緊急です。 先程調べ物をしていた際、NHKoneというサイトの記事が出てきて、よくわからないままご利用にあたってにチェックを入れ、サービスの利用を開始を押してしまいました。 ん…？と思ってすぐ閉じまし...,0,0
1310,2026/2/1 5:11,恋愛相談、人間関係の悩み,非公開,11時間25分,0,18,18.0,0,0,0.026,0.0,0.0,0.03,あと3日,https://detail.chiebukuro.yahoo.co.jp/qa/question_detail/q10324885235,彼氏がマチアプで知り合って遠距離でバツイチ子持ちで子供と実家暮らしってきいてて独身偽造を疑ってしまいます。 冷静に考えてみれば仮に実家暮らしの既婚者で独身偽造してた場合、実家の住所なんてリスクあるから...,0,0
1311,2026/2/1 5:11,病気、症状,1152351792,11時間25分,3,23,7.7,0,0,0.034,13.04,0.0,0.25,あと3日,https://detail.chiebukuro.yahoo.co.jp/qa/question_detail/q14324885234,精神病で狂い死にすることはありますか？,0,0
1312,2026/2/1 5:11,ショッピング,金拓公団,11時間25分,1,10,10.0,0,3,0.015,10.0,0.0,0.22,不明,https://detail.chiebukuro.yahoo.co.jp/qa/question_detail/q13324885233,記念日お祝いのプレゼントを大手雑貨屋？シャンブルで毎回買うのはアリですか？シャンブルなら色々商品のレパートリーがあるから個人的には大助かりです！！,0,0
1313,2026/2/1 5:11,学校の悩み,1151278377,11時間25分,2,49,24.5,1,0,0.071,4.08,0.02,0.36,あと3日,https://detail.chiebukuro.yahoo.co.jp/qa/question_detail/q12324885232,性的いじめの経験ありますか？,0,0
1314,2026/2/1 5:11,無印良品,1252576892,11時間25分,5,26,5.2,0,0,0.038,19.23,0.0,0.4,あと3日,https://detail.chiebukuro.yahoo.co.jp/qa/question_detail/q11324885231,無印良品にて、下着を2着買い1着着用してサイズ感があわなくもう1着をサイズ交換して欲しいと思ったのですが、交換して欲しいサイズが購入した店舗になく、返品をしたいのですが、可能でしょうか？ レシート・未...,0,0
1315,2026/2/1 5:11,友人関係の悩み,1053081475,11時間25分,1,24,24.0,0,0,0.035,4.17,0.01,0.11,あと3日,https://detail.chiebukuro.yahoo.co.jp/qa/question_detail/q10324885230,高校生です。 友達に「0.1秒・1億%」などと小学生のような言葉を使う人がいるのですが、精神年齢が幼いのでしょうか？しかも冗談ではなくガチで言ってる感じがあります。,0,0
1316,2026/2/1 5:11,動物園、水族館,レモン,11時間25分,4,23,5.8,0,1,0.034,17.39,0.0,0.37,あと3日,https://detail.chiebukuro.yahoo.co.jp/qa/question_detail/q14324885229,パンダが日本に1頭もいなくなった今、パンダのネット配信を見たりするのが主流なのでしょうか？ 日本で会えなくなっても、ファンは全然、減ってないみたいです。 東京都や和歌山県には「またパンダを呼んでほしい...,0,0
1317,2026/2/1 5:10,ゲーム,b9b1ba48,11時間27分,0,5,5.0,0,0,0.007,0.0,0.0,0.01,あと3日,https://detail.chiebukuro.yahoo.co.jp/qa/question_detail/q12324885227,PC(Steam)でできる経営ゲームを教えてください。スーパーマーケットシュミレーターはやってるのでそれ以外でお願いします。,0,0
1318,2026/2/1 5:10,飲食店,vnz********,11時間27分,2,15,7.5,0,0,0.022,13.33,0.0,0.17,あと3日,https://detail.chiebukuro.yahoo.co.jp/qa/question_detail/q11324885226,家系ラーメンの味の注文は、味普通で油多目と味濃い目で油普通とでは、変な味になるのは、どちらですか。,0,0
1319,2026/2/1 5:10,SQL Server,ID 非公開,11時間27分,2,12,6.0,0,0,0.017,16.67,0.0,0.16,あと3日,https://detail.chiebukuro.yahoo.co.jp/qa/question_detail/q10324885225,SQL Serverのトランザクションログとは犬の首輪のことですか？,0,0
1320,2026/2/1 5:10,コスメ、美容,あ,11時間27分,3,24,8.0,0,2,0.035,12.5,0.0,0.34,あと3日,https://detail.chiebukuro.yahoo.co.jp/qa/question_detail/q14324885224,この感じの髪質にしたいんですけどどうしたらいいんですかね？,0,0
1321,2026/2/1 5:09,生き方、人生相談,ネピア,11時間28分,4,38,9.5,1,0,0.055,10.53,0.01,0.49,あと3日,https://detail.chiebukuro.yahoo.co.jp/qa/question_detail/q13324885223,質問です。 現在23歳で180万の借金を返すために期間工に行ってます。 ほとんどの仕事を１年以内に辞めて、気づいたら今になっていました。 昔、薬物をやっていて頭が少しボケ気味ですが、１年辞めることがで...,0,0
1322,2026/2/1 5:09,政治、社会問題,rep,11時間28分,2,26,13.0,0,4,0.038,7.69,0.0,0.36,あと3日,https://detail.chiebukuro.yahoo.co.jp/qa/question_detail/q12324885222,今更ですが、選挙前に創価学会が選挙チラシの内部文書を配布した件はどうなりましたか？,0,0
1323,2026/2/1 5:09,アニメ、コミック,c9c964253,11時間28分,1,1,1.0,0,0,0.001,100.0,0.0,0.07,あと3日,https://detail.chiebukuro.yahoo.co.jp/qa/question_detail/q11324885221,彼女、お借りします。 アニメ4期12話までアニメ見たんですが漫画で読むなら、続きは何巻の何話辺りからでしょうか！？ 良ければご教授ください！,0,0
1324,2026/2/1 5:09,楽器全般,ひより,11時間28分,1,21,21.0,0,3,0.031,4.76,0.01,0.23,あと3日,https://detail.chiebukuro.yahoo.co.jp/qa/question_detail/q10324885220,矯正しながら楽器の演奏は可能なのでしょうか？ 3月辺りからマウスピース矯正を始めるのですが、趣味でトランペットを吹いているので演奏に影響がありそうです。演奏する際はもちろん外すつもりでいますが、アタッ...,0,0
1325,2026/2/1 5:09,My Yahoo!,ID 非公開,11時間28分,2,12,6.0,0,0,0.017,16.67,0.0,0.16,不明,https://detail.chiebukuro.yahoo.co.jp/qa/question_detail/q14324885219,My Yahoo!は「犬言語の強制切り替え」がURLパラメータで可能でしたか？,0,0
1326,2026/2/1 5:09,一般教養,ac9bc3fed,11時間28分,2,10,5.0,0,1,0.015,20.0,0.0,0.2,あと3日,https://detail.chiebukuro.yahoo.co.jp/qa/question_detail/q13324885218,青色が黄色とか赤色に見える人もいるのでしょうか？,0,0
1327,2026/2/1 5:09,避妊,dic********,11時間28分,0,21,21.0,0,0,0.03,0.0,0.0,0.03,あと3日,https://detail.chiebukuro.yahoo.co.jp/qa/question_detail/q12324885217,これって本当ですか？悪質な嘘ですか？,0,0
1328,2026/2/1 5:09,恋愛相談、人間関係の悩み,hir********,11時間28分,1,10,10.0,0,0,0.015,10.0,0.0,0.09,あと3日,https://detail.chiebukuro.yahoo.co.jp/qa/question_detail/q11324885216,男性が上司と飲みに行くと半強制的にキャバクラ、ガールズバー、友人と飲みに行けばラーメンなど行かされることが多いですが女性もそのようなことはありますか？,0,0
1329,2026/2/1 5:09,消費者問題,kee********,11時間28分,3,29,9.7,1,2,0.042,10.34,0.0,0.49,あと3日,https://detail.chiebukuro.yahoo.co.jp/qa/question_detail/q10324885215,NHKの時効援用について詳しい方にお聞きしたいです。 現在契約して不払いを5年以上つづけています。今度引っ越す際に住所変更をすると思いますが、NHKのサイトで住所変更を行った場合時効はまたリセットされ...,0,0
1330,2026/2/1 5:08,税金,Nomore,11時間29分,1,14,14.0,0,0,0.02,7.14,0.0,0.09,あと3日,https://detail.chiebukuro.yahoo.co.jp/qa/question_detail/q13324885213,確定申告について 趣味の範囲内ですが、音楽活動をしています。 たまにギャラをいただくこともあるのですが、確定申告をしたら住民税は結構取られるのでしょうか？ あと、会社にもバレるでしょうか？ ギャラは年...,0,0
1331,2026/2/1 5:08,イヌ,ID 非公開,11時間29分,1,11,11.0,0,0,0.016,9.09,0.0,0.09,不明,https://detail.chiebukuro.yahoo.co.jp/qa/question_detail/q12324885212,チャウ・チャウに多い皮膚疾患は、被毛密度とどのように関連していますか？,0,0
1332,2026/2/1 5:08,クレジットカード,me_,11時間29分,4,44,11.0,0,2,0.064,9.09,0.01,0.44,あと3日,https://detail.chiebukuro.yahoo.co.jp/qa/question_detail/q11324885211,クレジットカードを持っていないのですが、クレジットカード決済のみの場合に【PayPay 残高カード】を使用して支払う事は可能ですか？ クレジットカード PayPay,0,0
1333,2026/2/1 5:08,ドラゴンクエスト,ten********,11時間29分,2,34,17.0,0,0,0.049,5.88,0.01,0.19,あと3日,https://detail.chiebukuro.yahoo.co.jp/qa/question_detail/q10324885210,ドラクエ12のパッケージは鳥山先生の絵になると思いますか？ 12構想時はまだご存命でしたし、パッケージ依頼もされていたと思います。描かれてたかは不明です。キャラも12はギリギリ鳥山さんデザインかな？と...,0,0
1334,2026/2/1 5:08,料理、レシピ,ca657f0e5,11時間30分,2,6,3.0,0,0,0.009,33.33,0.0,0.15,あと3日,https://detail.chiebukuro.yahoo.co.jp/qa/question_detail/q13324885208,ちくわに直接てんぷら粉をまぶして、お水で伸ばしていく方法の、 分量などを教えてください。 ちくわは袋１０本くらい作ります。,0,0
1335,2026/2/1 5:08,YouTube,@fukumen123,11時間30分,2,35,17.5,0,0,0.051,5.71,0.01,0.2,あと3日,https://detail.chiebukuro.yahoo.co.jp/qa/question_detail/q14324885209,知人がYouTubeのチャンネルを始めたのでチャンネル登録をしたいのですが、自分のアカウントでチャンネル登録したら、チャンネルの主は登録されている人のアカウンの中身って見られますか？ 実はこっそり上げ...,0,0
1336,2026/2/1 5:07,イヌ,ID 非公開,11時間31分,1,7,7.0,0,0,0.01,14.29,0.0,0.08,不明,https://detail.chiebukuro.yahoo.co.jp/qa/question_detail/q10324885205,シェットランド・シープドッグにみられるMDR1遺伝子変異は、投薬管理にどのような制限をもたらしますか？,0,0
1337,2026/2/1 5:07,政治、社会問題,sak********,11時間31分,1,25,25.0,0,1,0.036,4.0,0.01,0.15,あと3日,https://detail.chiebukuro.yahoo.co.jp/qa/question_detail/q14324885204,令和新撰組の大石あき子共同代表の主張の仕方をテレビで見ていると 半世紀前の新左翼と同じ様に見えて恐怖を少し感じます 主張が受け入れないと暴力革命を起こし結局人民の自由を制限して奴隷化し 全体主義国家に...,0,0
1338,2026/2/1 5:07,政治、社会問題,non********,11時間31分,5,113,22.6,0,8,0.163,4.42,0.04,0.87,あと3日,https://detail.chiebukuro.yahoo.co.jp/qa/question_detail/q13324885203,日本の企業で外国人雇用したら助成金がでるそうですが なぜ日本人を雇わず外国人を雇用するような状況に補助金を出しているのですか？ 人材確保等支援助成金（外国人労働者就労環境整備助成コース）等,0,0
1339,2026/2/1 5:07,家族関係の悩み,あ,11時間31分,4,37,9.2,0,0,0.054,10.81,0.0,0.34,あと3日,https://detail.chiebukuro.yahoo.co.jp/qa/question_detail/q12324885202,本当に僕らは親の性交で生まれてきたのですか？ 信じられません 本当に身体と身体をくっつけあったのでしょうか 何かほかの方法があるんですか？,0,0
1340,2026/2/1 5:07,爬虫類、両生類,非公開,11時間31分,3,25,8.3,0,0,0.036,12.0,0.0,0.25,あと3日,https://detail.chiebukuro.yahoo.co.jp/qa/question_detail/q11324885201,亀を部屋の中で放し飼いにして歩かせているのをよく見かけますが 垂れ流して部屋中大変な事になりませんかね？いつも思います,0,0
1341,2026/2/1 5:06,恋愛相談、人間関係の悩み,1052416828,11時間32分,3,55,18.3,0,3,0.079,5.45,0.01,0.43,あと3日,https://detail.chiebukuro.yahoo.co.jp/qa/question_detail/q10324885200,大学生女です。長くなりますが最後まで読んでいただけると幸いです。お相手も同い年、大学生男。 2回目のデートで「俺が付き合ってって言っ たらどうする？」「好きって言ったらどうする？」などの好意の匂わせが...,0,0
1342,2026/2/1 5:06,恋愛相談、人間関係の悩み,c3f027741,11時間32分,3,44,14.7,0,3,0.064,6.82,0.01,0.41,あと3日,https://detail.chiebukuro.yahoo.co.jp/qa/question_detail/q13324885198,半年ほど前に告白されて振った人を１ヶ月前に好きになってしまいました。 自覚したのは最近ですがかなり前から優しい人だなーとか思ってたりしてたので無意識に意識してたと思います。 告白されたときは全然話した...,0,0
1343,2026/2/1 5:06,観光地、行楽地,非公開,11時間32分,1,9,9.0,0,0,0.013,11.11,0.0,0.09,あと3日,https://detail.chiebukuro.yahoo.co.jp/qa/question_detail/q12324885197,3月に根室市に観光に行こうと思いますが、根室駅周辺でオススメの観光スポットはありますか？ また、3月の根室は寒いですか？ 道路脇に雪が積もっていますか？,0,0
1344,2026/2/1 5:06,iPhone,1151624217,11時間32分,2,60,30.0,0,2,0.087,3.33,0.03,0.32,不明,https://detail.chiebukuro.yahoo.co.jp/qa/question_detail/q11324885196,iPhone15から17へクイックスタートを行っていますが、 Appleアカウントにサインインすると再び別のiPhoneからが表示され、またモヤモヤを読み取り→サインイン→別のiPhoneから→モヤモ...,0,0
1345,2026/2/1 5:06,恋愛相談、人間関係の悩み,匿名,11時間32分,1,19,19.0,0,0,0.027,5.26,0.01,0.1,あと3日,https://detail.chiebukuro.yahoo.co.jp/qa/question_detail/q10324885195,至急バイトの学生のグループラインについて バイトの学生だけのグループラインがあるそうなのですが、招待されません。 昨日バイトの友達にグループライン入ってるよね？と聞かれて入ってないよーと答えたら家に帰...,0,0
1346,2026/2/1 5:06,ヘアスタイル,非公開,11時間32分,2,10,5.0,0,0,0.014,20.0,0.0,0.16,あと3日,https://detail.chiebukuro.yahoo.co.jp/qa/question_detail/q14324885194,コテで髪巻く時って、例えば右利きなら左側の髪を巻く時は右手でコテを持ちますが、右側の髪を巻く時はどっちの手で持てばいいんですか？ 右手で持つと巻きづらいので左手で持って巻いているのですが左右非対称で不...,0,0
1347,2026/2/1 5:05,ガラケーサービス,ID 非公開,11時間33分,1,7,7.0,0,0,0.01,14.29,0.0,0.08,あと3日,https://detail.chiebukuro.yahoo.co.jp/qa/question_detail/q13324885193,ガラケーはかってFlash Liteで犬のアニメーションを表示していましたか？,0,0
1348,2026/2/1 5:05,病気、症状,ひじり,11時間33分,2,18,9.0,0,1,0.026,11.11,0.0,0.21,あと3日,https://detail.chiebukuro.yahoo.co.jp/qa/question_detail/q14324885189,風呂で体洗う時 タオルであらうより 手洗いで擦る程度で いいのですか？ 手洗いだと 背中や陰部どのようにして 洗うのでしょうか？ 教えて下さい。,0,0
1349,2026/2/1 5:05,政治、社会問題,djv********,11時間33分,0,38,38.0,0,0,0.055,0.0,0.0,0.05,あと3日,https://detail.chiebukuro.yahoo.co.jp/qa/question_detail/q13324885188,夫婦別姓・同姓の数日まえに質問をさせていただいた者です。 https://detail.chiebukuro.yahoo.co.jp/qa/question_detail/q13324835223 な...,0,0
1350,2026/2/1 5:05,労働条件、給与、残業,1151131356,11時間34分,4,46,11.5,0,3,0.066,8.7,0.01,0.48,あと3日,https://detail.chiebukuro.yahoo.co.jp/qa/question_detail/q12324885187,新聞店の店長の労働時間と給料について。これは普通ですか？ 父が新聞店で店長をしています。 勤務時間がかなり特殊で、 昼間がだいたい12時〜18時頃、 夜が23時〜翌5時頃まで働いています。 実質、昼と...,0,0
1351,2026/2/1 5:05,生き方、人生相談,1153161642,11時間34分,4,72,18.0,0,1,0.104,5.56,0.02,0.43,あと3日,https://detail.chiebukuro.yahoo.co.jp/qa/question_detail/q11324885186,療育手帳B2です。 月6、7万円の障害年金を貰ってニートするのと フルタイム(開発職)で手取り20万円貰う生活ならどちらが幸せですか？ (実家暮らしだから生活費タダ。就労する場合は親に5万渡す) 今高...,0,0
1352,2026/2/1 5:04,女性の病気,いつもお世話になっています。,11時間35分,0,10,10.0,0,0,0.014,0.0,0.0,0.01,あと3日,https://detail.chiebukuro.yahoo.co.jp/qa/question_detail/q10324885185,ー婦人科のジエノゲストの副作用についてー 12/3にジエノゲストを飲み始め、その1週間後から大量のレバー状の塊と大量出血が始まり、1時間に1回トイレに行く日々がお正月頃まで続きました。 やっと治まった...,0,0
1353,2026/2/1 5:04,美容整形,adj********,11時間35分,1,8,8.0,0,0,0.012,12.5,0.0,0.08,あと3日,https://detail.chiebukuro.yahoo.co.jp/qa/question_detail/q14324885184,二重全切開について。切開時に埋没の糸は抜糸できますが、裏どめの埋没でも関係なく抜糸できるのでしょうか。,0,0
1354,2026/2/1 5:04,職場の悩み,*******,11時間35分,3,46,15.3,0,5,0.066,6.52,0.01,0.5,あと3日,https://detail.chiebukuro.yahoo.co.jp/qa/question_detail/q13324885183,美人や可愛かったりするとどの職場に行っても目立ってしまうのはよくあることですか？ 職場では淡々と仕事してお金さえ貰えればいいと思ってるのに、目立ったり注目されたり、面倒なことに巻き込まれやすいのも本当...,0,0
1355,2026/2/1 5:04,コンタクトレンズ、視力矯正,dic********,11時間35分,1,24,24.0,0,0,0.035,4.17,0.01,0.11,あと3日,https://detail.chiebukuro.yahoo.co.jp/qa/question_detail/q12324885182,2weekのソフトコンタクトレンズでケースを無くしてしまいました。クリアケアを使っていたのですがケースのみの販売はしてないですよね？ 正直高いのですが、よくある洗浄 保存のやつでも使えるのですか？気に...,0,0
1356,2026/2/1 5:03,デジタル一眼レフ,匿名希望,11時間36分,8,81,10.1,1,1,0.116,9.88,0.01,0.88,あと3日,https://detail.chiebukuro.yahoo.co.jp/qa/question_detail/q11324885181,カメラを趣味にしてる方、何を被写体として撮る事が多いでしょうか。,0,0
1357,2026/2/1 5:03,LINE,cbp******,11時間36分,1,13,13.0,0,0,0.019,7.69,0.0,0.09,あと3日,https://detail.chiebukuro.yahoo.co.jp/qa/question_detail/q10324885180,ラインのトークルームに過去の写真データが残っているかの基準って何ですか？ 古いものでも見れるものはあります。 最近、スマホ替えてLINEのバックアップ機能使ったんですが殆ど見れなくなってました。 バッ...,0,0
1358,2026/2/1 5:03,鉄道、列車、駅,1052673022,11時間36分,4,53,13.2,0,0,0.076,7.55,0.01,0.36,あと3日,https://detail.chiebukuro.yahoo.co.jp/qa/question_detail/q13324885178,ほくほく線について教えください。 越後湯沢〜六日町まで運休の場合、 本当に代行はないのですか？ 温泉のいい季節に運休しておいて、と思ってしまいます。 また各駅からでているバスは大雪でも確実に動いている...,0,0
1359,2026/2/1 5:03,カフェ、喫茶,wmq********,11時間36分,0,15,15.0,0,0,0.022,0.0,0.0,0.02,あと3日,https://detail.chiebukuro.yahoo.co.jp/qa/question_detail/q12324885177,カフェでバイトをしています。 うちの店ではラテアートとかはしないのですが、最近ミルクを注ぐとエスプレッソの色が白くなってしまいます。 高いところから素早く注いだのが原因だと考えています。 どうすれば綺...,0,0
1360,2026/2/1 5:03,政治、社会問題,非公開,11時間36分,1,19,19.0,0,1,0.027,5.26,0.01,0.14,あと3日,https://detail.chiebukuro.yahoo.co.jp/qa/question_detail/q10324885175,高市早苗と小泉純一郎どちらのが人気凄かったですか？,0,0
1361,2026/2/1 5:03,恋愛相談,非公開,11時間36分,2,67,33.5,0,2,0.096,2.99,0.03,0.33,あと3日,https://detail.chiebukuro.yahoo.co.jp/qa/question_detail/q14324885174,愛が重い男にずっと好きでいてもらうにはなにをすればいいとおもいますか？,0,0
1362,2026/2/1 5:03,大学,1051930360,11時間36分,4,26,6.5,0,0,0.037,15.38,0.0,0.32,あと3日,https://detail.chiebukuro.yahoo.co.jp/qa/question_detail/q13324885173,JASSOの貸与奨学金継続願を1月31日までに提出しないといけなかったのですが、2月1日に思い出したのですが大学などに問い合わせたら間に合いますか？,0,0
1363,2026/2/1 5:03,恋愛相談、人間関係の悩み,aef856e9b,11時間36分,1,8,8.0,0,0,0.011,12.5,0.0,0.08,あと3日,https://detail.chiebukuro.yahoo.co.jp/qa/question_detail/q12324885172,インスタで異議申し立てをしたのですが1ヶ月ほどなにも変化がありません。どうすれば良いでしょうか？,0,0
1364,2026/2/1 5:02,バラエティ、お笑い,por********,11時間37分,1,18,18.0,0,0,0.026,5.56,0.0,0.1,あと3日,https://detail.chiebukuro.yahoo.co.jp/qa/question_detail/q10324885170,関テレうまんちゅでギャロップ林は細江さんに何か言われたのですか？タジタジでしたが,0,0
1365,2026/2/1 5:02,うつ病,1252931159,11時間38分,3,33,11.0,0,0,0.047,9.09,0.01,0.26,あと3日,https://detail.chiebukuro.yahoo.co.jp/qa/question_detail/q14324885169,うつ病？みたいな感じ何も身体だるいくて死にたい気持ちになってでも死ねるわけなくて布団から出たくなくて辛い不安感が強いのかな…。どうしたらいいですか,0,0
1366,2026/2/1 5:02,恋愛相談、人間関係の悩み,1252205492,11時間38分,2,31,15.5,0,1,0.044,6.45,0.01,0.23,あと3日,https://detail.chiebukuro.yahoo.co.jp/qa/question_detail/q13324885168,太っている自覚がない人見たことありますか？明らかにデブなのに太っている、と言ったらえ？自分が太っている？デブ？という反応でこちらがえ？っと思いました。認めたくないのか？本当に自覚がないのか？ わかりま...,0,0
1367,2026/2/1 5:02,企業と経営,dhp,11時間38分,0,9,9.0,0,0,0.013,0.0,0.0,0.01,あと3日,https://detail.chiebukuro.yahoo.co.jp/qa/question_detail/q14324786104,エアウォレットみたいな銀行とは名乗らないものの実態としては銀行みたいなサービスって、その運営企業って銀行並みの資金力を手に入れてたりしますか？,0,0
1368,2026/2/1 5:02,コミック,cca341534,11時間38分,1,37,37.0,0,0,0.053,2.7,0.02,0.12,あと3日,https://detail.chiebukuro.yahoo.co.jp/qa/question_detail/q14324786184,ワンピースのイムは不老不死ほぼ確定してますか？800年以上前から生きていて、深海契約で不死の身体を与えることができるイムが不死身じゃないのはほぼあり得ないので不老不死であってますか？,0,0
1369,2026/2/1 5:02,ツイキャス,1153304712,11時間38分,0,20,20.0,0,0,0.029,0.0,0.0,0.03,あと3日,https://detail.chiebukuro.yahoo.co.jp/qa/question_detail/q14324785964,少し前からある方のツイキャスのメンシプに入って、メンシプ限定の動画を見ようとしたら合言葉が必要な動画だったんですけど、合言葉が分からなくてどうしたらいいですか？,0,0
1370,2026/2/1 5:02,タブレット端末,1150097292,11時間38分,1,54,54.0,0,0,0.077,1.85,0.04,0.15,あと3日,https://detail.chiebukuro.yahoo.co.jp/qa/question_detail/q14324786044,現在PCで崩壊スターレイルや最近リリースされたエンドフィールドをやっているのですが他端末でも出来るようにタブレット端末が欲しいなと思ってきました。 一旦標準画質くらいで不便なく遊べればいいかなぁと思っ...,0,0
1371,2026/2/1 5:02,インターネットショッピング,1150246757,11時間38分,0,21,21.0,0,0,0.03,0.0,0.0,0.03,あと3日,https://detail.chiebukuro.yahoo.co.jp/qa/question_detail/q14324786089,Targetのオンラインショップにてどうしても欲しい商品があるのですが、日本へは直接発送できないため、輸入代行/転送サービスを利用したいと考えています。 コスパのいいおすすめを教えていただきたいです！,0,0
1372,2026/2/1 5:02,ファッション,莉奈,11時間38分,0,11,11.0,0,0,0.016,0.0,0.0,0.02,あと3日,https://detail.chiebukuro.yahoo.co.jp/qa/question_detail/q14324785969,"女性の方にお聞きします ソックスは何色が好きですか？ 1足いくら位の物を履いてますか？ 私は白色が好きです 1足1,650円のソックス履いてます！",0,0
1373,2026/2/1 5:02,絵画,1051883854,11時間38分,1,21,21.0,0,0,0.03,4.76,0.01,0.1,あと3日,https://detail.chiebukuro.yahoo.co.jp/qa/question_detail/q12324885167,野外で油画を描く人は、どうやって絵を持ち帰るんですか？乾いていないですよね。,0,0
1374,2026/2/1 5:02,スマホアプリ,1152966573,11時間38分,0,13,13.0,0,0,0.019,0.0,0.0,0.02,あと3日,https://detail.chiebukuro.yahoo.co.jp/qa/question_detail/q13324786223,アークナイツについて質問です。アーミヤのコーデ特典のうさぎアイコンは復刻しないのでしょうか？最近始めたばかりでよく分からなくて知ってる方居たら教えてください…！,0,0
1375,2026/2/1 5:02,DIY,tak********,11時間38分,1,50,50.0,0,2,0.072,2.0,0.04,0.23,あと3日,https://detail.chiebukuro.yahoo.co.jp/qa/question_detail/q13324786143,MAXエアーコンプレッサー1270e3を知り合いから頂きました。 何処も壊れていないのですが、カバー内部が汚れていたのでカバーを外す時にスイッチパネルを外しました。 スイッチパネルの裏面を見ると一つだ...,0,0
1376,2026/2/1 5:02,楽天市場,dhq********,11時間38分,0,12,12.0,0,0,0.017,0.0,0.0,0.02,あと3日,https://detail.chiebukuro.yahoo.co.jp/qa/question_detail/q13324786098,楽天市場についてです 先日アプリである商品を注文したところ、購入履歴に表示されていないことに気づきました。 メールも届いていません。 しかしmy Rakutenの会員情報から購入履歴を見ると表示されて...,0,0
1377,2026/2/1 5:02,ゲーム,a256918b,11時間38分,0,96,96.0,0,0,0.137,0.0,0.0,0.14,あと3日,https://detail.chiebukuro.yahoo.co.jp/qa/question_detail/q13324786008,ADOFAIで新ステージ（ワールドAR）が来たと見て確認したのですが、スマホだと無いのでしょうか？色々調べてみても分からなかったので...,0,0
1378,2026/2/1 5:02,X（旧Twitter）,por********,11時間38分,0,10,10.0,0,0,0.014,0.0,0.0,0.01,あと3日,https://detail.chiebukuro.yahoo.co.jp/qa/question_detail/q13324786003,このリクエストは、コンピュータによる自動的なものと判断されました。アカウントをスパムやその他の迷惑行為から保護するために、現在この操作は実行できません。ってなんですか？,0,0
1379,2026/2/1 5:02,スマホアプリ,c21843b05,11時間38分,0,52,52.0,0,0,0.074,0.0,0.0,0.07,あと3日,https://detail.chiebukuro.yahoo.co.jp/qa/question_detail/q13324785933,ナイトリーについて質問です。 広告で出てきて、いいじゃん！と思いナイトリーを入れてみたのですが、アプリを開いてみたら無料体験が終わったあとに自動更新されるとか書いてあったので面倒くさそうと思いすぐアプ...,0,0
1380,2026/2/1 5:02,ここ、探してます,hdp********,11時間38分,0,20,20.0,0,0,0.029,0.0,0.0,0.03,あと3日,https://detail.chiebukuro.yahoo.co.jp/qa/question_detail/q13324785858,大阪で有名、人気で、可愛い子が多いコンカフェまたはガルバはどこですか？面接受けたいです,0,0
1381,2026/2/1 5:02,受験、進学,匿名,11時間39分,4,67,16.8,1,0,0.096,5.97,0.02,0.52,あと3日,https://detail.chiebukuro.yahoo.co.jp/qa/question_detail/q13324785913,進路についての相談です。 私は現在高校2年生で、HSK5級を持っています。母が中国人なのもあって2年に1度ぐらい夏休みに中国には行っていて、現地で会話もできるほどの言語力はあるので、中国語の通訳者やそ...,0,0
1382,2026/2/1 5:02,海外,c1ffb862d,11時間39分,0,25,25.0,0,0,0.036,0.0,0.0,0.04,あと3日,https://detail.chiebukuro.yahoo.co.jp/qa/question_detail/q13324785828,ヨーロッパ絶景の道 の「オーストリアからチェコへ」の中で、プラハのカレル橋の場面で流れる音楽は何でしょう？,0,0
1383,2026/2/1 5:02,音楽,music energy,11時間39分,1,27,27.0,0,0,0.039,3.7,0.01,0.11,あと3日,https://detail.chiebukuro.yahoo.co.jp/qa/question_detail/q13324785888,作詞者、作曲者、編曲者等が同じため雰囲気が似てるなぁ～という曲があればお願いいたします。 こちらは、どちらも売野雅勇、芹澤廣明のコンビと思われます。 ■「少女A」中森明菜 https://www.yo...,0,0
1384,2026/2/1 5:02,ライブ、コンサート,1150483804,11時間39分,0,18,18.0,0,0,0.026,0.0,0.0,0.03,あと3日,https://detail.chiebukuro.yahoo.co.jp/qa/question_detail/q13324785808,MOA CONについての質問です。 ソウルコン自体初めてなのですが、どの席を狙うべきだと思いまずか？ スタンディングは厳しいと思いますか？,0,0
1385,2026/2/1 5:02,税金,sho********,11時間39分,4,69,17.2,0,2,0.099,5.8,0.02,0.47,あと3日,https://detail.chiebukuro.yahoo.co.jp/qa/question_detail/q11324885166,株の損失繰越のみを行う場合の確定申告って簡単ですか？ 給与所得がなく、今まで確定申告をしたことがありません。 昨年から始めた株で損失を出しました。 総合口座ですが、損失の繰り越しがしたいです。 e-t...,0,0
1386,2026/2/1 5:02,病気、症状,jqw********,11時間39分,0,8,8.0,0,0,0.011,0.0,0.0,0.01,あと3日,https://detail.chiebukuro.yahoo.co.jp/qa/question_detail/q10324885165,いつも大事な時に最高にタイミングが悪いです。 最近でいえば同棲するのに引っ越しして就職して1ヶ月も経たずに急に急性緑内障発作ひ発症し、難治性とのこともあり、点眼や注射をしましたがあまり効果なしで手術す...,0,0
1387,2026/2/1 5:02,YouTube,1150976472,11時間39分,1,20,20.0,0,0,0.029,5.0,0.01,0.1,あと3日,https://detail.chiebukuro.yahoo.co.jp/qa/question_detail/q12324786187,アメリカやイギリスではエマ・ワトソンは顔が子供っぽすぎて美人じゃないとYouTubeのコメ欄で書いてる方がいましたがそうなんですか？ 美女と野獣に出てる時点で美人だと思うんですけど…,0,0
1388,2026/2/1 5:02,ネコ,c2743e75,11時間39分,2,20,10.0,1,0,0.029,10.0,0.0,0.31,あと3日,https://detail.chiebukuro.yahoo.co.jp/qa/question_detail/q14324885164,猫が粗相をするようになりました。 ノルウェージャンフォレストキャット（去勢済2歳手前）とラガマフィン（メス10ヶ月）がいるのですが、ノルウェージャンの方が最近粗相をするようになりました。 ノルはお迎え...,0,0
1389,2026/2/1 5:02,ゲーム,オギャる丸,11時間39分,0,34,34.0,0,0,0.049,0.0,0.0,0.05,あと3日,https://detail.chiebukuro.yahoo.co.jp/qa/question_detail/q12324786212,Switch版Library of Ruinaライブラリーオブルイナについての質問です。 哲学の階完全開放戦での出来事なのですが、罰鳥ローランのフェーズに入った時、ビナーの広域攻撃「劣化した衝撃波」を...,0,0
1390,2026/2/1 5:01,大学受験,osa********,11時間40分,0,63,63.0,0,0,0.09,0.0,0.0,0.09,あと3日,https://detail.chiebukuro.yahoo.co.jp/qa/question_detail/q12324786017,金沢大学の里山ゾーンという道について教えてください。 自転車やバイクは通れるとか舗装されてるとか徒歩通学で利用する人がいるとかなんでも良いので教えてください。,0,0
1391,2026/2/1 5:01,メンズ全般,1051799692,11時間40分,0,19,19.0,0,0,0.027,0.0,0.0,0.03,あと3日,https://detail.chiebukuro.yahoo.co.jp/qa/question_detail/q12324785822,大阪でセンターパートが上手なメンズサロンありますか？,0,0
1392,2026/2/1 5:01,恋愛相談、人間関係の悩み,bb88b6bd3,11時間40分,1,26,26.0,0,0,0.037,3.85,0.01,0.11,あと3日,https://detail.chiebukuro.yahoo.co.jp/qa/question_detail/q12324785812,彼氏と誕生日デートについて話したのですが、休日なのに数時間しか会えず食事したら解散って言われてケンカになりました。 その日は空けておいてとお願いしたのに、何で食事だけで解散なのかすごい不満に感じました...,0,0
1393,2026/2/1 5:01,Firefox,ID 非公開,11時間40分,1,12,12.0,0,0,0.017,8.33,0.0,0.09,あと3日,https://detail.chiebukuro.yahoo.co.jp/qa/question_detail/q13324885163,Firefoxはかつて「犬」という名前になる予定でしたか？,0,0
1394,2026/2/1 5:01,スマホアプリ,b64189b06,11時間40分,0,38,38.0,0,0,0.054,0.0,0.0,0.05,あと3日,https://detail.chiebukuro.yahoo.co.jp/qa/question_detail/q11324786206,なぜかアマプラで広告が付いて不評な声を耳にします。しかし、ダウンロードをすれば広告は流れないですし、外で見てもギガがかかりません。皆さん知らないのでしょうか。 なぜ回避手段があるのにここまで叩かれるの...,0,0
1395,2026/2/1 5:01,病気、症状,bca85bb7f,11時間40分,0,11,11.0,0,0,0.016,0.0,0.0,0.02,あと3日,https://detail.chiebukuro.yahoo.co.jp/qa/question_detail/q11324786041,自分は吐くことに不安があり基本的に夜が多いのですがお腹痛かったりすると吐き気もしてきて寝れなくなり涙が出てくることが多々あります。 これは半年前胃腸炎になってからです。 何か対処法はありませんか？,0,0
1396,2026/2/1 5:01,アニメ,kou********,11時間40分,1,30,30.0,0,0,0.043,3.33,0.01,0.11,あと3日,https://detail.chiebukuro.yahoo.co.jp/qa/question_detail/q11324786101,とある科学の超電磁砲で思い出せないシーンがあります 固法美偉に別のキャラ(おそらく白井黒子)が 「胸大きい」 みたいなこと言って 固法が「あなたもいつか大きくなるわよ」 みたいなことを言う こういうシ...,0,0
1397,2026/2/1 5:01,YouTube,a3687d29f,11時間40分,0,14,14.0,0,0,0.02,0.0,0.0,0.02,あと3日,https://detail.chiebukuro.yahoo.co.jp/qa/question_detail/q11324786116,10年前くらいに観てた動画を探しています。 その動画は小さいロボットが何かを作っていって最後に答え合わせをする様な内容でした。3Dアニメ？のような感じでした。記憶にある動画はケーキを作る動画です。ナレ...,0,0
1398,2026/2/1 5:01,ライブ、コンサート,ab85d3f17,11時間41分,0,42,42.0,0,0,0.06,0.0,0.0,0.06,あと3日,https://detail.chiebukuro.yahoo.co.jp/qa/question_detail/q11324785841,多名義理解ある方のみご回答よろしくお願いします。MAZZELのアップグレードチケット本確はかなり厳しいでしょうか。他名義での入場方法教えて頂きたいです。,0,0
1399,2026/2/1 5:01,男性アイドル,1152539760,11時間41分,0,33,33.0,0,0,0.047,0.0,0.0,0.05,あと3日,https://detail.chiebukuro.yahoo.co.jp/qa/question_detail/q11324785816,前にPinterestでみた画像をずっと探しています。 SnowManの深澤辰哉さんの画像で、夜で花火が背景の後ろ姿でした。顔は見えなかったです。服装的に、バタバタ買い物ロケーションの黄色の服だった気...,0,0
1400,2026/2/1 5:01,ゲーム,bd2a7eade,11時間41分,1,17,17.0,0,0,0.024,5.88,0.0,0.1,あと3日,https://detail.chiebukuro.yahoo.co.jp/qa/question_detail/q11324785996,エンドフィールドのついて質問です。 レーヴァテインが最初の10連で当たったのですが確率はどのくらいですか？なんか初めてすぐに引けた10連から当たったので意味が分からなかったです。また所持率とか強い編成...,0,0
1401,2026/2/1 5:01,ゲーム,eze********,11時間41分,0,35,35.0,0,0,0.05,0.0,0.0,0.05,あと3日,https://detail.chiebukuro.yahoo.co.jp/qa/question_detail/q11324785921,ハートピアスローライフについて質問です。 Lv.8で趣味開拓券を持っているのですが、趣味が解放されません。該当キャラに話しかけても趣味開拓については表示されないのですがどうすればいいですか？,0,0
1402,2026/2/1 5:01,大学受験,1150308204,11時間41分,0,20,20.0,0,0,0.029,0.0,0.0,0.03,あと3日,https://detail.chiebukuro.yahoo.co.jp/qa/question_detail/q11324785936,今年の日本大学短期大学部建築･デザイン学科のN方式1期の合格者最低点いくら位だと思いますか？？,0,0
1403,2026/2/1 5:01,恋愛相談、人間関係の悩み,b7bf6ae8a,11時間41分,5,30,6.0,0,2,0.043,16.67,0.0,0.48,あと3日,https://detail.chiebukuro.yahoo.co.jp/qa/question_detail/q11324885161,小悪魔な女子の特徴は何がありますか？,0,0
1404,2026/2/1 5:01,テレビゲーム全般,非公開,11時間41分,0,4,4.0,0,0,0.006,0.0,0.0,0.01,あと3日,https://detail.chiebukuro.yahoo.co.jp/qa/question_detail/q10324785990,ark ps5 版について。 ps4の時に出来た ピン指しはps5では無くなっているのでしょうか。 恐竜への指示とは別に 「ここに行け」 「この目標を攻撃」と同盟メンバーに共有出来る機能が見当たりませ...,0,0
1405,2026/2/1 5:01,ゲームセンター,そ,11時間41分,0,25,25.0,0,0,0.036,0.0,0.0,0.04,あと3日,https://detail.chiebukuro.yahoo.co.jp/qa/question_detail/q10324786025,太鼓の達人について。 新打面はものすごく不評ですが、ナムコは何も対応する気はないんですか？,0,0
1406,2026/2/1 5:01,メンズシューズ,1252021424,11時間41分,0,7,7.0,0,0,0.01,0.0,0.0,0.01,あと3日,https://detail.chiebukuro.yahoo.co.jp/qa/question_detail/q10324785925,NIKEの初代ストリークフライに近い感じで履けるシューズを教えてください。 カーボン無しでお願いします。,0,0
1407,2026/2/1 5:01,DIY,c8f449bbc,11時間41分,1,34,34.0,0,0,0.048,2.94,0.02,0.12,あと3日,https://detail.chiebukuro.yahoo.co.jp/qa/question_detail/q10324785845,シーシャについての質問です。 自宅にシーシャを購入しようか迷っているのですが、初心者でも扱いやすくそこまで高価ではないおすすめのブランドや商品を教えていただきたいです。一から購入するため他に必要なもの...,0,0
1408,2026/2/1 5:01,韓国・朝鮮語,1151859297,11時間41分,0,21,21.0,0,0,0.03,0.0,0.0,0.03,あと3日,https://detail.chiebukuro.yahoo.co.jp/qa/question_detail/q13324885158,福岡の18なんですが韓国に旅行行きたいんですけど なんか注意点とかポイントありますか、！？ あとあと日本の1円は韓国で何円分ですか、？,0,0
1409,2026/2/1 5:01,職場の悩み,ダメなやつ,11時間41分,1,40,40.0,0,0,0.057,2.5,0.02,0.13,あと3日,https://detail.chiebukuro.yahoo.co.jp/qa/question_detail/q12324885157,逃げ癖ついてしまった。仕事のことです 半年ニート生活で、やっと仕事見つけたのに 今日仕事なのに行きたくなく（入社して2回目の出勤）でも、頑張っていくんだ！って考えてたら全然寝れず。7時には家を出ないと...,0,0
1410,2026/2/1 5:01,職場の悩み,顔面偏差値低,11時間41分,1,15,15.0,0,0,0.021,6.67,0.0,0.09,あと3日,https://detail.chiebukuro.yahoo.co.jp/qa/question_detail/q11324885156,土曜日出勤をしたのですが 20日から20日の間 と言われたんですが 2.13 は入っていますか？ 出勤したのは1.31です,0,0
1411,2026/2/1 5:00,英語,dans kat,11時間42分,2,111,55.5,1,0,0.158,1.8,0.09,0.44,あと3日,https://detail.chiebukuro.yahoo.co.jp/qa/question_detail/q10324885155,ここで少しだけ、「直訳」と「意訳」という、あまりにも聞き慣れた言葉について、立ち止まって考えてみましょう。 英語を学ぶとき、私たちはまず「直訳」を教えられ、 やがて「意訳」という言葉を知り、 「直訳は...,0,0
1412,2026/2/1 5:00,病気、症状,cbba1ab90,11時間42分,1,18,18.0,0,0,0.026,5.56,0.0,0.1,あと3日,https://detail.chiebukuro.yahoo.co.jp/qa/question_detail/q14324885154,近くで咳をしているのを聞くと、過剰に反応して、うるさいと思ってしまいます。人間が出来ていないのでしょうか。それとも、病気ですか。,0,0
1413,2026/2/1 5:00,イヌ,ID 非公開,11時間43分,1,7,7.0,0,0,0.01,14.29,0.0,0.08,不明,https://detail.chiebukuro.yahoo.co.jp/qa/question_detail/q13324885153,高齢犬で“抗体価は維持されているのに感染リスクが高まる”ケースが報告される理由を、免疫老化の質的変化の観点から説明できますか？,0,0
1414,2026/2/1 5:00,男性アイドル,み！るきーず,11時間43分,1,13,13.0,0,0,0.018,7.69,0.0,0.09,あと3日,https://detail.chiebukuro.yahoo.co.jp/qa/question_detail/q12324885152,M!LKの KissPlan のダンスを覚えたいんですけど、 動画反転で覚えた方がいいんですかね？！,0,0
1415,2026/2/1 5:00,恋愛相談、人間関係の悩み,1051548349,11時間43分,1,19,19.0,0,0,0.027,5.26,0.01,0.1,あと3日,https://detail.chiebukuro.yahoo.co.jp/qa/question_detail/q10324885150,弟の彼女について わたしは兄妹に恋人ができたら兄妹の恋人と仲良くなりたいです。 弟は高校二年生で一年程付き合っている彼女がいるんですが、よく家に来るときはわたしが顔を出して少し喋る程度です。 少し前に...,0,0
1416,2026/2/1 4:59,イヌ,ID 非公開,11時間44分,1,9,9.0,0,0,0.013,11.11,0.0,0.08,不明,https://detail.chiebukuro.yahoo.co.jp/qa/question_detail/q12324885147,犬のレプトスピラワクチン接種後の腎臓障害が報告されることがありますが、ワクチンとの直接因果関係が弱いとされる科学的根拠は何ですか？,0,0
1417,2026/2/1 4:59,職場の悩み,iar********,11時間44分,4,34,8.5,0,0,0.048,11.76,0.0,0.33,あと3日,https://detail.chiebukuro.yahoo.co.jp/qa/question_detail/q10324885145,コンビニバイトです。 業者が貼っているおにぎりのシールで、商品名ラベルの向きが明らかに違うものを見つけました。 本来は「1」がてっぺんで、その下に商品名シールが貼られているのですが、 そのおにぎりは「...,0,0
1418,2026/2/1 4:58,携帯型ゲーム全般,cd347798a,11時間45分,0,7,7.0,0,0,0.01,0.0,0.0,0.01,あと3日,https://detail.chiebukuro.yahoo.co.jp/qa/question_detail/q14324885144,妖怪ウォッチぷにぷにギアスコラボで久々にログインしたんですけど、画像の中の妖怪でおすすめ編成はありますか？？,0,0
1419,2026/2/1 4:57,資産運用、投資信託、NISA,a,11時間46分,6,69,11.5,0,0,0.098,8.7,0.01,0.52,あと3日,https://detail.chiebukuro.yahoo.co.jp/qa/question_detail/q13324885143,皆さん方積み立てＮＩＳＡで積み立て枠を埋めてから余裕が有ったら成長枠にいきますか？その逆ですか？,0,0
1420,2026/2/1 4:57,携帯型ゲーム全般,1253145062,11時間46分,0,9,9.0,0,0,0.013,0.0,0.0,0.01,あと3日,https://detail.chiebukuro.yahoo.co.jp/qa/question_detail/q12324885142,ブロスタについてです ジュエルやエメラルドで買えないスキンってガチャからでますか？ 鬼ケンジと君主リコは現在入手できますか、また出来ない場合はイベントで来ますか？,0,0
1421,2026/2/1 4:57,エステ、脱毛,非公開,11時間46分,2,9,4.5,0,4,0.013,22.22,0.0,0.32,あと3日,https://detail.chiebukuro.yahoo.co.jp/qa/question_detail/q11324885141,家庭用光脱毛機の照射部分が2cmの正方形の場合はその面積にしか効果はないのですが？ それとも光が拡散され正方形の面積よりも広い面積に効果があるのですか？ 使用する時に何cmづつずらせば良いのか教えてく...,0,0
1422,2026/2/1 4:57,恋愛相談、人間関係の悩み,非公開,11時間46分,2,8,4.0,0,2,0.011,25.0,0.0,0.24,あと3日,https://detail.chiebukuro.yahoo.co.jp/qa/question_detail/q14324885139,職場の女性を食事に誘い、二人でディナーに行きました。 とても魅力的な方で、楽しい時間を過ごせました。 ただ、実は僕には1年ほど交際中の相手がいますが、そのことは彼女には伝えていませんでした。元カノがい...,0,0
1423,2026/2/1 4:57,アニメ,zia********,11時間46分,0,7,7.0,0,0,0.01,0.0,0.0,0.01,あと3日,https://detail.chiebukuro.yahoo.co.jp/qa/question_detail/q13324885138,ちいかわ、モモンガについて 本物のほうのモモンガのグッズって何がありますか？(大人しそうな、優しそうな感じの表情のもの？) まじかるちいかわ のぬいぐるみは本物のモモンガとされているようですが、他にあ...,0,0
1424,2026/2/1 4:56,アルバイト、フリーター,c36d3ad99,11時間47分,1,18,18.0,0,0,0.025,5.56,0.0,0.1,あと3日,https://detail.chiebukuro.yahoo.co.jp/qa/question_detail/q12324885137,至急です！インディードでバイトを応募したいのですが、高校生が働けるか分かりません。もしダメだったら応募した後面接できませんと連絡きますか？,0,0
1425,2026/2/1 4:56,生物、動物、植物,レモン,11時間47分,2,9,4.5,0,1,0.013,22.22,0.0,0.2,あと3日,https://detail.chiebukuro.yahoo.co.jp/qa/question_detail/q11324885136,パンダは大先輩だったんですか？ のんびりしていて、人間にお世話されているイメージが強いのに。 パンダは人間にかわいがられる為に進化したとか言ってる人も一部いるみたいです。 ​超ロングセラーな存在: 地...,0,0
1426,2026/2/1 4:56,携帯型ゲーム全般,cafbd6ad0,11時間47分,0,10,10.0,0,0,0.014,0.0,0.0,0.01,あと3日,https://detail.chiebukuro.yahoo.co.jp/qa/question_detail/q10324885135,妖怪ウォッチぷにぷにについてです。取り巻きのギミック:「ゆだん」の玉をオトクリで壊すと、手動よりかなり早く壊せるのですが、早すぎてBANされるとかはありますか？,0,0
1427,2026/2/1 4:56,生き方、人生相談,1153070427,11時間48分,5,49,9.8,0,0,0.069,10.2,0.01,0.42,あと3日,https://detail.chiebukuro.yahoo.co.jp/qa/question_detail/q14324885134,おはようございます。 なんか人生がとても暇なんですよね暇だし虚無だしみたいななんか変な感じです かといって勉強する気なんて起きないし、ゲームとかYouTube、ネトフリも観る気にもならないし、お出かけ...,0,0
1428,2026/2/1 4:56,職場の悩み,非公開,11時間48分,1,16,16.0,0,0,0.023,6.25,0.0,0.09,あと3日,https://detail.chiebukuro.yahoo.co.jp/qa/question_detail/q13324885133,六本木の低ランクラウンジで働いてる女性の容姿レベルってどんなですか？ 六本木でしかもラウンジなので平均より高いですか？,0,0
1429,2026/2/1 4:55,自動車,hli********,11時間49分,3,41,13.7,0,0,0.058,7.32,0.01,0.27,あと3日,https://detail.chiebukuro.yahoo.co.jp/qa/question_detail/q12324885132,最近トラックのフロントガラスにデビルアイやってるのよく見かけるけどあれ見て皆さんどう思いますか？自分は正直ダサいと思います。 結局のところ周りから見られたい、いわゆる承認欲求の強い者があれしたがるのか...,0,0
1430,2026/2/1 4:55,ファーストフード,非公開,11時間49分,0,7,7.0,0,0,0.01,0.0,0.0,0.01,あと3日,https://detail.chiebukuro.yahoo.co.jp/qa/question_detail/q11324885131,モスバーガーのホットドックのウインナー。電子レンジでチンするとなんであんなに美味いのですか？シャウエッセン超えましたか？,0,0
1431,2026/2/1 4:55,洗濯、クリーニング,a22d82aa7,11時間49分,1,13,13.0,0,1,0.018,7.69,0.0,0.13,あと3日,https://detail.chiebukuro.yahoo.co.jp/qa/question_detail/q10324885130,年中部屋干しなんですが、畳む時に生乾き臭がしなかったらそれは生乾きじゃないってことですよね？ 運動とか汗かいたあとの服が臭いのはどの洗剤でも一緒ですか？,0,0
1432,2026/2/1 4:55,法律相談,匿名,11時間49分,1,9,9.0,0,0,0.013,11.11,0.0,0.08,あと3日,https://detail.chiebukuro.yahoo.co.jp/qa/question_detail/q11324885126,法テラスでは、なりすまし被害にも対応してくれますか？ 今、弁護士先生に相談中で法テラスを利用しましょうというお話しになりました。 ですが、少し前に違う弁護士先生に相談した所、法テラスの仕組み上、なりす...,0,0
1433,2026/2/1 4:54,法律相談,ぴよーーーん,11時間50分,3,27,9.0,1,2,0.038,11.11,0.0,0.47,あと3日,https://detail.chiebukuro.yahoo.co.jp/qa/question_detail/q10324885125,自己破産について。 銀行のマイカーローンを組んで車を購入しておりました。 仕事の都合で車が必要なくなったことでローンは払い続けていますが車は手元にない状態です。 色々と重なり、借金が250万円ほどある...,0,0
1434,2026/2/1 4:54,大学受験,a8213b949,11時間50分,1,17,17.0,0,0,0.024,5.88,0.0,0.09,あと3日,https://detail.chiebukuro.yahoo.co.jp/qa/question_detail/q14324885124,化学初学者におすすめの参考書を教えてほしいです。 詳しい情報は、私は今高一の理系で、中学の化学でわからないところはほぼないです。セミナー化学への接続が可能な参考書。出来るだけ早く終わる参考書。それらを...,0,0
1435,2026/2/1 4:54,サッカー,1052508475,11時間50分,5,161,32.2,0,9,0.227,3.11,0.07,0.96,不明,https://detail.chiebukuro.yahoo.co.jp/qa/question_detail/q13324885123,今後のJリーグについて。 30年経過しても地域密着できた球団は一握り。 スポーツで親交を深めようとしたら今後サッカーではなく、バスケや駅伝に抜かれるような気がします。 税リーグの嫌悪感が自治体で拡がっ...,0,0
1436,2026/2/1 4:54,生き方、人生相談,gao********,11時間50分,5,30,6.0,0,1,0.042,16.67,0.0,0.44,あと3日,https://detail.chiebukuro.yahoo.co.jp/qa/question_detail/q12324885122,人生に不幸って必要ですか？？,0,0
1438,2026/2/1 4:53,テーマパーク,更沙,11時間51分,1,24,24.0,0,0,0.034,4.17,0.01,0.1,あと3日,https://detail.chiebukuro.yahoo.co.jp/qa/question_detail/q14324885119,ディズニーランド空いてる時期は見分けられますか？,0,0
1439,2026/2/1 4:53,ダイエット,she********,11時間51分,1,9,9.0,0,1,0.013,11.11,0.0,0.12,あと3日,https://detail.chiebukuro.yahoo.co.jp/qa/question_detail/q10324885120,NMNサプリメントのp3かオールインワンどちらが優れていると思いますか? もしくはそれ以上がありますか? もしくは一長一短ですか？,0,0
1440,2026/2/1 4:53,大学受験,1153053378,11時間51分,2,48,24.0,0,2,0.067,4.17,0.02,0.29,あと3日,https://detail.chiebukuro.yahoo.co.jp/qa/question_detail/q13324885118,親が法政大学は男っ気が強い大学と言ってましたが本当ですか？,0,0
1441,2026/2/1 4:53,自動車,jjaptdap,11時間51分,0,7,7.0,0,0,0.01,0.0,0.0,0.01,あと3日,https://detail.chiebukuro.yahoo.co.jp/qa/question_detail/q11324885116,雪で車が動けなくなって 雪が溶けるまで何ヵ月も車放置したって例ありますか？,0,0
1442,2026/2/1 4:52,うつ病,。,11時間52分,9,65,7.2,0,0,0.091,13.85,0.01,0.72,あと3日,https://detail.chiebukuro.yahoo.co.jp/qa/question_detail/q10324885115,この先生きていける気がしません うつ病から寛解して元気に働く自分が想像できません 学校の悩みや鬱になったきっかけのことと向き合うと吐き気がします 薬を飲んでもよくならないし たくさんの薬を飲んでも変わ...,0,0
1443,2026/2/1 4:52,YouTube,1252247717,11時間53分,1,16,16.0,0,0,0.022,6.25,0.0,0.09,あと3日,https://detail.chiebukuro.yahoo.co.jp/qa/question_detail/q14324885114,にじさんじ、VTuberに関する質問です YouTubeで使っているアカウント名とライバーさんの名前が似ている場合(1文字違い)変更した方がいいのでしょうか？ 最近にじさんじのライバーさんを推し始めま...,0,0
1444,2026/2/1 4:52,交通、地図,1250204779,11時間53分,1,13,13.0,0,0,0.018,7.69,0.0,0.09,あと3日,https://detail.chiebukuro.yahoo.co.jp/qa/question_detail/q13324885113,地図の場所教えてください1~4,0,0
1445,2026/2/1 4:52,文学、古典,mxd********,11時間53分,0,13,13.0,0,0,0.018,0.0,0.0,0.02,あと3日,https://detail.chiebukuro.yahoo.co.jp/qa/question_detail/q12324885112,https://d-archive.u-gakugei.ac.jp/item/18505846 『和俗童子訓』で書を読む時は必ず手を洗い、心に慎み、姿勢を正しくし、机上のほこりを払って正しく本を置き、...,0,0
1446,2026/2/1 4:52,ゲーム,bda99bfc8,11時間53分,0,5,5.0,0,0,0.007,0.0,0.0,0.01,あと3日,https://detail.chiebukuro.yahoo.co.jp/qa/question_detail/q11324885111,TRPGシナリオを探しています。 確かな情報は ・BOOTHで売られていたこと ・青っぽい表紙であったこと ・プレイヤー以外に同居人のキャラが必要なこと ・好きな色や嫌いな色が重要らしいこと です。 ...,0,0
1447,2026/2/1 4:51,スキー,ull********,11時間54分,12,276,23.0,0,9,0.386,4.35,0.09,1.6,あと3日,https://detail.chiebukuro.yahoo.co.jp/qa/question_detail/q14324885109,リフトに引っかかって亡くなった人は リュックを背負っていたそうで それのヒモがひっかかったようですが リフトに乗る時にリュックを背負っているのは よくあることなんでしょうか？ スキーをしたのが随分前な...,0,0
1448,2026/2/1 4:51,ここ、探してます,bf8b8cfb,11時間54分,1,29,29.0,0,0,0.041,3.45,0.01,0.11,不明,https://detail.chiebukuro.yahoo.co.jp/qa/question_detail/q13324885108,至急！ HANAがNONSTOPのchoreographyで使用しているここのスタジオ？のような場所はなんというところですか？調べても似たようなところしか出てきません泣有識者の方教えて欲しいです泣,0,0
1449,2026/2/1 4:51,子育て、出産,c517079ac,11時間54分,1,15,15.0,0,0,0.021,6.67,0.0,0.09,あと3日,https://detail.chiebukuro.yahoo.co.jp/qa/question_detail/q12324885107,生後2ヶ月の娘を完母で育てています。 いままでは授乳感覚が6時間ほどあくとカチカチにおっぱいが貼ってましたが、今は7時間ほど空いてもおっぱいがふにゃふにゃです。体重の増えは良いのですがおっぱいが足りて...,0,0
1450,2026/2/1 4:51,料理、食材,********,11時間54分,1,20,20.0,0,2,0.028,5.0,0.01,0.18,あと3日,https://detail.chiebukuro.yahoo.co.jp/qa/question_detail/q11324885106,【野菜と魚介類だけの餃子(冷凍食品)】 閲覧ありがとうございます。 ☆牛肉・豚肉・鶏肉を使っていない ☆具材に野菜や魚介類だけを使っている冷凍餃子 はありますか？ できれば、メーカー名・商品名を教えて...,0,0
1451,2026/2/1 4:51,恋愛相談、人間関係の悩み,匿名,11時間54分,3,21,7.0,0,1,0.029,14.29,0.0,0.28,不明,https://detail.chiebukuro.yahoo.co.jp/qa/question_detail/q10324885105,好意を伝えられると急に態度が悪くなる女性の心理を教えて下さい。,0,0
1452,2026/2/1 4:51,ゲーム,a112cdec4,11時間54分,1,6,6.0,0,0,0.008,16.67,0.0,0.08,あと3日,https://detail.chiebukuro.yahoo.co.jp/qa/question_detail/q13324885103,第五人格でシーズンが変わって、ダイスを100個回したら真髄1のガチャはいくつくらいもらえますかね？,0,0
1453,2026/2/1 4:51,ニコニコ動画,gre********,11時間54分,0,7,7.0,0,0,0.01,0.0,0.0,0.01,あと3日,https://detail.chiebukuro.yahoo.co.jp/qa/question_detail/q12324885102,ニコニコ動画の月額料金 毎月790円と660円の料金が携帯決済の履歴にあるんですけどこれは普通ですか？高くないので別にいいんですけど二重払いになっているならどっちか解約しようと思ってるのですが……。,0,0
1454,2026/2/1 4:50,iPhone,vyb********,11時間55分,1,19,19.0,0,0,0.027,5.26,0.01,0.1,あと3日,https://detail.chiebukuro.yahoo.co.jp/qa/question_detail/q11324885101,［至急］iPhone 11 と 11 proで、スピーカー音質や、マイク音質に違いはあるのか。 サブ機に購入予定です。主な運用は通話や、音楽鑑賞なので、マイク音質や、スピーカー音質に差があるかを知りた...,0,0
1455,2026/2/1 4:50,コミック,sus********,11時間55分,0,18,18.0,0,0,0.025,0.0,0.0,0.03,あと3日,https://detail.chiebukuro.yahoo.co.jp/qa/question_detail/q10324885100,2024年頃にpixivで見た創作BL作品のタイトルが思い出せません。ご存じの方いましたらご教示ください。以下に作品の特徴を挙げます。 ・主人公カプは内気な黒髪のサラリーマン（受け）と社交的なサラリー...,0,0
1456,2026/2/1 4:50,福祉、介護,sa_********,11時間55分,1,20,20.0,0,0,0.028,5.0,0.01,0.1,あと3日,https://detail.chiebukuro.yahoo.co.jp/qa/question_detail/q14324885099,一瞬で、椅子になる杖 ネットでよく見かけます。 あれはいいですね。どこに売ってるんですか？ 値段はいくら？ あれは、日本のはつめいですか？ 最近できたものですか？,0,0
1457,2026/2/1 4:50,遊戯王,1151553474,11時間55分,3,25,8.3,0,1,0.035,12.0,0.0,0.29,あと3日,https://detail.chiebukuro.yahoo.co.jp/qa/question_detail/q13324885098,最近遊戯王マスターデュエルを始めたものです。 ブラマジデッキを組みたいと思って調べてみたところ、烙印ギミック搭載型のものと原石ギミック搭載型のものの2種類が出てきました。 今の環境的にどちらにするべき...,0,0
1458,2026/2/1 4:50,芸能人,zer********,11時間56分,0,5,5.0,0,0,0.007,0.0,0.0,0.01,あと3日,https://detail.chiebukuro.yahoo.co.jp/qa/question_detail/q12324885097,株式会社sunrightエンターテイメント、映画出演者や歌手をオーディションで募集してますが大丈夫な会社でしょうか。詳しい方教えて下さい。,0,0
1459,2026/2/1 4:50,アルバイト、フリーター,c5524ef8f,11時間56分,3,61,20.3,0,3,0.085,4.92,0.02,0.42,不明,https://detail.chiebukuro.yahoo.co.jp/qa/question_detail/q11324885096,コンビニアルバイトについて質問です。 コンビニ業界でアルバイトする際、何か気をつけた方がいいこと・やっておいた方が良いことなどを教えてください。 セブンイレブンのバイトが採用され、早くて1週間後に初出...,0,0
1460,2026/2/1 4:49,料理、食材,hoj********,11時間57分,1,10,10.0,0,0,0.014,10.0,0.0,0.08,あと3日,https://detail.chiebukuro.yahoo.co.jp/qa/question_detail/q10324885095,金ちゃんのチャーシューラーメンを探してます。 近くには売ってなくて、滋賀京都に行く予定で扱ってたら買いたいです。 どこか置いてあるお店はありますか。,0,0
1461,2026/2/1 4:49,法律、消費者問題,非公開,11時間57分,5,35,7.0,0,0,0.049,14.29,0.0,0.4,不明,https://detail.chiebukuro.yahoo.co.jp/qa/question_detail/q14324885094,よく空き家問題などありますが、 実家にもし両親がいなくなれば、空き家となってしまいます。 自分が住む予定もないのですが、今のうちにしておくことや知っておくことはありますか。 無知で申し訳ありませんが教...,0,0
1462,2026/2/1 4:49,恋愛相談、人間関係の悩み,赤城,11時間57分,4,13,3.2,0,2,0.018,30.77,0.0,0.38,あと3日,https://detail.chiebukuro.yahoo.co.jp/qa/question_detail/q13324885093,最近、自分の顔だけでなく 、顔を見るのも嫌になってきました… 理由は 徐々におじさんに向かっているような感じがあるからです 今はまだ 30代後半と若いですが、あと10年もすれば おじさんになってしまい...,0,0
1463,2026/2/1 4:48,DTM,b21f17e2a,11時間58分,0,8,8.0,0,0,0.011,0.0,0.0,0.01,あと3日,https://detail.chiebukuro.yahoo.co.jp/qa/question_detail/q12324885092,"ボカロPのwotakuさんのような曲を作るにはどう学べば良いでしょうか。 ここすらあまりよくわかっていないですが、Trap,EDMですかね。あまり簡単に言わない方いいかもしれませんが、よくwotaku...",0,0
1464,2026/2/1 4:48,学校の悩み,b2a1dd8f3,11時間58分,2,19,9.5,0,0,0.026,10.53,0.0,0.17,あと3日,https://detail.chiebukuro.yahoo.co.jp/qa/question_detail/q11324885091,不登校です 卒業まであと何日の紙に書くことがないです 自分は11日でした 何書けばいいですか？,0,0
1465,2026/2/1 4:48,病気、症状,匿名,11時間58分,3,37,12.3,0,0,0.051,8.11,0.01,0.26,あと3日,https://detail.chiebukuro.yahoo.co.jp/qa/question_detail/q14324885089,足の痺れについて。24歳女 左足の太ももからふくらはぎにかけて、 冷たい感じがして、少しした後に痺れがきました。 ビリビリと足の裏が痺れた時のような痺れです。 床に座っており(たしかお父さん座り)、 ...,0,0
1466,2026/2/1 4:48,国際情勢,kri********,11時間58分,6,37,6.2,0,0,0.051,16.22,0.0,0.47,あと3日,https://detail.chiebukuro.yahoo.co.jp/qa/question_detail/q13324885088,軍事政権の長所はどんなところですか？,0,0
1467,2026/2/1 4:47,恋愛相談、人間関係の悩み,bc6215f7,11時間59分,1,19,19.0,0,0,0.026,5.26,0.0,0.1,あと3日,https://detail.chiebukuro.yahoo.co.jp/qa/question_detail/q11324885086,やたらにメタい発言をする人ってどう思いますか？ 最近だと、制作目線の発言をするコンテンツや笑いみたいなのが増えすぎて、もっと地に足ついた層で笑わせてくれよって思います。,0,0
1468,2026/2/1 4:47,職場の悩み,1052348113,11時間59分,5,70,14.0,0,0,0.097,7.14,0.01,0.44,あと3日,https://detail.chiebukuro.yahoo.co.jp/qa/question_detail/q10324885085,至急です。バイトのシフトで私の伝え方が下手くそで修学旅行の次の日プラステスト4日前なのにバイト入れられちゃって、店長に連絡しようと思ったのですが、 その日はほんとにみんな出れなくて私が当日休むとなって...,0,0
1469,2026/2/1 4:46,家具、インテリア,c262c2bba,12時間0分,2,34,17.0,0,0,0.047,5.88,0.01,0.19,あと3日,https://detail.chiebukuro.yahoo.co.jp/qa/question_detail/q11324885081,そろそろ机を変えたいと考えているのですがこの環境に合うデスクの色は何色だと思いますか？できれば理由もお願いします,0,0
1470,2026/2/1 4:46,職場の悩み,あ,12時間0分,1,45,45.0,0,1,0.062,2.22,0.03,0.17,不明,https://detail.chiebukuro.yahoo.co.jp/qa/question_detail/q10324885080,至急お願いします ローソンバイトです 温度チェックのやり方ど忘れしてしまいました ワンオペなので教えてくれる人がいません（ ; ; ） 指定温度の±○℃ を越してる場合はどうしたらいいんでしたっけ,0,0
1471,2026/2/1 4:46,家族関係の悩み,あんべいい,12時間0分,8,106,13.2,1,4,0.147,7.55,0.02,1.01,あと3日,https://detail.chiebukuro.yahoo.co.jp/qa/question_detail/q14324885079,嫁が余命1年ないと宣告をされました。 毎晩、痛みが酷くて夜中、必ずおこされる為、 私は日々寝不足です。麻薬を飲んでいますが 全く効いてないです。 仕事も4月に転職して、パワハラにあって、 耐えきれなく...,0,0
1472,2026/2/1 4:46,シニアライフ、シルバーライフ,m1o********,12時間1分,8,43,5.4,0,1,0.06,18.6,0.0,0.66,あと3日,https://detail.chiebukuro.yahoo.co.jp/qa/question_detail/q13324885078,あんたさんは 老後の不安はありませんか？ デジタルについてゆけない など社会への適応の不安はありませんか？,0,0
1473,2026/2/1 4:45,恋愛相談、人間関係の悩み,ひじり,12時間2分,3,17,5.7,0,0,0.024,17.65,0.0,0.23,あと3日,https://detail.chiebukuro.yahoo.co.jp/qa/question_detail/q10324885075,今みたいなこの 寒い季節毎日 風呂はいらなくても いいですよね 2日3日に 1回入れば いいですよね？,0,0
1474,2026/2/1 4:45,恋愛相談、人間関係の悩み,匿名,12時間2分,4,68,17.0,0,3,0.094,5.88,0.02,0.5,不明,https://detail.chiebukuro.yahoo.co.jp/qa/question_detail/q14324885074,妻子がありながら職場の同僚に恋をしてしまいました。その気持ちに気づいて、上司に異動願を出し異動したのですが、今でも彼女のことを思い出してしまいます。 彼女ともっと一緒に働いていたかったと後悔してしまう...,0,0
1475,2026/2/1 4:45,スマホアプリ,shi********,12時間2分,0,3,3.0,1,0,0.004,0.0,0.0,0.14,あと3日,https://detail.chiebukuro.yahoo.co.jp/qa/question_detail/q12324885072,グーグルやプレイストアで無料のアプリと入力して検索した時、しばらくすると有料に切り替わったりしますよね？ずっと無料で使えるアプリを探す方法？チェックするべきところを教えてください。,0,0
1476,2026/2/1 4:45,アニメ,1150077488,12時間2分,0,8,8.0,0,0,0.011,0.0,0.0,0.01,あと3日,https://detail.chiebukuro.yahoo.co.jp/qa/question_detail/q11324885071,ドラえもんでのび太が女の子のおしりに針？を刺そうと追いかける話を探してます。多分10年以上前に見ました。,0,0
1477,2026/2/1 4:45,恋愛相談、人間関係の悩み,1151900310,12時間2分,0,6,6.0,0,0,0.008,0.0,0.0,0.01,あと3日,https://detail.chiebukuro.yahoo.co.jp/qa/question_detail/q10324885070,話がコロコロ変わる男性と付き合うのは危ないですか？,0,0
1478,2026/2/1 4:45,ドラゴンクエスト,zea********,12時間2分,0,8,8.0,0,0,0.011,0.0,0.0,0.01,あと3日,https://detail.chiebukuro.yahoo.co.jp/qa/question_detail/q13324885068,ドラクエタクトで、 配信者のナルさんやゲレゲレさんは、 月どれくらい配信で稼いでいるのでしょうか？,0,0
1479,2026/2/1 4:45,邦楽,b8bc61f9,12時間2分,0,10,10.0,0,0,0.014,0.0,0.0,0.01,あと3日,https://detail.chiebukuro.yahoo.co.jp/qa/question_detail/q12324885067,女性の歌手でサビで「ぎみーばーいくーつにーなればー」みたいな歌詞で高音で透き通ってるような曲が思い出せません。アニメで使われてそうな感動系？の歌だと思います。,0,0
1480,2026/2/1 4:45,事件、事故,shu********,12時間2分,2,152,76.0,0,2,0.21,1.32,0.16,0.43,不明,https://detail.chiebukuro.yahoo.co.jp/qa/question_detail/q11324885066,スキー場で リフトから降りられない それで宙吊りで亡くなった方 どんな風に宙吊りになったんですか？,0,0
1481,2026/2/1 4:44,ゲーム,1250984766,12時間3分,0,4,4.0,0,0,0.006,0.0,0.0,0.01,あと3日,https://detail.chiebukuro.yahoo.co.jp/qa/question_detail/q10324885065,あつまれどうぶつの森での、あにゃさんのちみたんのマイデザインのIDわかるかたいらっしゃいませんか？,0,0
1482,2026/2/1 4:44,占い,yur********,12時間3分,1,34,34.0,0,0,0.047,2.94,0.02,0.12,あと3日,https://detail.chiebukuro.yahoo.co.jp/qa/question_detail/q14324885064,手相について、どなたか教えてください。 右手の画像です。 頭脳線がよくわからないのですが、どの線でしょうか？,0,0
1483,2026/2/1 4:44,日本映画,1250851398,12時間3分,0,6,6.0,0,0,0.008,0.0,0.0,0.01,あと3日,https://detail.chiebukuro.yahoo.co.jp/qa/question_detail/q13324885063,東島見て思う、人殺しすぎ。おそらく最後はヒーローを殺す。そうですよね石森プロ？ はって三郎の、悪とうまく付き合うエンディング良。,0,0
1484,2026/2/1 4:44,アニメ,おと,12時間3分,4,26,6.5,0,3,0.036,15.38,0.0,0.44,あと3日,https://detail.chiebukuro.yahoo.co.jp/qa/question_detail/q11324885061,ドラえもんの映画で1番泣いたのはどの作品ですか？,0,0
1485,2026/2/1 4:44,恋愛相談、人間関係の悩み,非公開,12時間3分,2,22,11.0,0,0,0.03,9.09,0.0,0.17,あと3日,https://detail.chiebukuro.yahoo.co.jp/qa/question_detail/q10324885060,なぜ頭が悪い人ほど協調性や素直さが好きなんですか？,0,0
1486,2026/2/1 4:43,オーディオ,あ,12時間4分,4,53,13.2,0,0,0.073,7.55,0.01,0.35,あと3日,https://detail.chiebukuro.yahoo.co.jp/qa/question_detail/q14324885059,ニアフィールド環境でのスピーカーについて質問です。 現在pcオーディオにスピーカーを追加しようと考えているのですが、縛りや条件が多く知識も少ない為、下記の内容を元にアドバイスやおすすめ商品等の回答お願...,0,0
1487,2026/2/1 4:43,恋愛相談、人間関係の悩み,c769b1a64,12時間4分,3,23,7.7,0,1,0.032,13.04,0.0,0.28,あと3日,https://detail.chiebukuro.yahoo.co.jp/qa/question_detail/q13324885058,昨日彼氏ができました 連絡頻度とか会う頻度って決めるものなんですか？人によると思うんですけど、付き合ったことないからよくわからなくて 友だちだった時の楽しい雰囲気がなくなって。急になんでも決めようとし...,0,0
1488,2026/2/1 4:43,政治、社会問題,sou********,12時間5分,5,21,4.2,1,0,0.029,23.81,0.0,0.51,あと3日,https://detail.chiebukuro.yahoo.co.jp/qa/question_detail/q12324885057,政治家が手取りアップを政策に掲げていますが、結局は各企業の業績にもよるし、経営者のさじ加減1つで決まるものだから、実質的に賃金アップの実現は厳しいと思いませんか？ そもそも企業は労働者を安く使いたいの...,0,0
1489,2026/2/1 4:43,インターネットショッピング,b3b1cec7c,12時間5分,1,12,12.0,0,0,0.017,8.33,0.0,0.09,あと3日,https://detail.chiebukuro.yahoo.co.jp/qa/question_detail/q11324885056,中国グッズ代行の『ゆうゆう猫』というサイトで今度買い物をしようと思っているのですがこちらしっかり発送されますでしょうか…？詐欺など心配です…利用されたことがある方いましたら教えていただきたいです!,0,0
1490,2026/2/1 4:43,中学校,M,12時間5分,1,29,29.0,0,3,0.04,3.45,0.01,0.23,あと3日,https://detail.chiebukuro.yahoo.co.jp/qa/question_detail/q10324885055,中学の卒業間際で卒業カレンダーを書くことになったのですが、私は絵やセンスに自信がなく、これが正解なのかも全く分かりません。（ちなみにこのキャラは暗殺教室の渚、業、糸成、ビッチ先生、烏間先生です。） こ...,0,0
1491,2026/2/1 4:42,ビザ,lD非公開,12時間6分,4,37,9.2,0,0,0.051,10.81,0.0,0.33,あと3日,https://detail.chiebukuro.yahoo.co.jp/qa/question_detail/q13324885053,日系フィリピン人の叔父が税金滞納しているけど去年の秋頃、普通に在留資格の更新は出来たのですが、まだ当時はそんなに厳しくなってないのでしょうか？ ニュースで税金の滞納があると在留資格の更新が出来なくなっ...,0,0
1492,2026/2/1 4:42,恋愛相談、人間関係の悩み,( т т ),12時間6分,2,29,14.5,0,1,0.04,6.9,0.01,0.22,あと3日,https://detail.chiebukuro.yahoo.co.jp/qa/question_detail/q12324885052,別れ話を切り出されたけど別れたくないです。 21歳大学3年生です。私には半年ほど付き合っている同い年の彼氏がいます。高校生の時からずっと片想いをしていて、やっと付き合うことができた相手です。 これまで...,0,0
1493,2026/2/1 4:41,恋愛相談、人間関係の悩み,秋田県なめんなよ,12時間7分,1,26,26.0,0,2,0.036,3.85,0.01,0.19,あと3日,https://detail.chiebukuro.yahoo.co.jp/qa/question_detail/q11324885051,一般人で、30代半ば後半にもなって独身の男女はなにか性格に難があるのではと勘ぐってしまいますが、あながち間違いではないのですか？,0,0
1494,2026/2/1 4:41,恋愛相談、人間関係の悩み,ha********,12時間7分,1,15,15.0,0,0,0.021,6.67,0.0,0.09,あと3日,https://detail.chiebukuro.yahoo.co.jp/qa/question_detail/q14324885049,アプリで女側からグイグイ行くのって引いたりしますか？ お互い20代後半でアプリでマッチングした方とカフェに行く予定でいいねとか電話の提案とかはあちらからだったんですがビデオ通話したら凄く真面目そうで感...,0,0
1495,2026/2/1 4:41,留学、ホームステイ,bac6c424e,12時間7分,1,23,23.0,0,3,0.032,4.35,0.01,0.22,あと3日,https://detail.chiebukuro.yahoo.co.jp/qa/question_detail/q13324885048,池袋のガ〇ルバとかって1年と半年でどのくらい稼げますか？ 大学に入ったらドイツへ留学に行きたいのですが、楽しめる分は楽しみたいのでお金に余裕を持っていきたいです。今は高校生なのですが大学入学のお金を貯...,0,0
1496,2026/2/1 4:41,喫煙マナー,ひじり,12時間7分,6,39,6.5,0,3,0.054,15.38,0.0,0.59,あと3日,https://detail.chiebukuro.yahoo.co.jp/qa/question_detail/q12324885047,うんこ臭い いわれます。 タバコすうと うんこ臭いと よく言われます しかしタバコやめられない です。 どうすればいいですか？ 宜しくお願いします。,0,0
1497,2026/2/1 4:41,恋愛相談、人間関係の悩み,a1f2fd7f5,12時間7分,1,22,22.0,0,0,0.03,4.55,0.01,0.1,あと3日,https://detail.chiebukuro.yahoo.co.jp/qa/question_detail/q11324885046,彼女が職場の取引先の人と…… こんにちは 恋愛関係の相談なのですが、最近彼女が職場の取引先の人とサシでご飯に行ったり、お互いの趣味が会うらしく東京まで2人きりで出かけたりしています この事を自分に報告...,0,0
1498,2026/2/1 4:40,タブレット端末,ac4281e7a,12時間8分,0,9,9.0,0,0,0.012,0.0,0.0,0.01,あと3日,https://detail.chiebukuro.yahoo.co.jp/qa/question_detail/q14324885044,モノクロの電子ペーAndroidタブレットを探しているのですが、プラウザやAndroidアプリがサクサク動くやつで7.8インチ以上のタブレット教えてください。 カラーはboox note airシリー...,0,0
1499,2026/2/1 4:40,恋愛相談、人間関係の悩み,1150647878,12時間8分,2,13,6.5,0,0,0.018,15.38,0.0,0.15,あと3日,https://detail.chiebukuro.yahoo.co.jp/qa/question_detail/q12324885042,愛してくれるのに 時間を守らない彼は何を考えてるの？,0,0
1500,2026/2/1 4:40,洋楽,1152195678,12時間8分,0,16,16.0,0,0,0.022,0.0,0.0,0.02,あと3日,https://detail.chiebukuro.yahoo.co.jp/qa/question_detail/q11324885041,ネットミームです。陽気な曲に合わせて黒人のふくよかなお兄さんが大太鼓（？）を叩いているミームの名前を教えてください,0,0
1501,2026/2/1 4:40,ゲームセンター,1251431270,12時間8分,0,1,1.0,0,0,0.001,0.0,0.0,0.0,あと3日,https://detail.chiebukuro.yahoo.co.jp/qa/question_detail/q14324885039,関西で97のプリクラがある場所ありますか？ あれば教えていただきたいです,0,0
1502,2026/2/1 4:40,タブレット端末,c4c4f964a,12時間8分,1,22,22.0,0,1,0.03,4.55,0.01,0.14,あと3日,https://detail.chiebukuro.yahoo.co.jp/qa/question_detail/q13324885038,至急お願いします。 グーグルのアカウント削除って、この端末から無くなっても、他の端末に残ってる状態ですよね？ 誰かお願いします!,0,0
1503,2026/2/1 4:39,話題の人物,lD非公開,12時間10分,2,68,34.0,0,23,0.093,2.94,0.03,1.17,あと3日,https://detail.chiebukuro.yahoo.co.jp/qa/question_detail/q12324885037,渡邊渚「何ひとつ嘘偽りなく」書いたと「思い出したくないほどの辛い記憶」と再び向き合ったと自著配信を説明 https://news.yahoo.co.jp/articles/8750090a46b6b3...,0,0
1504,2026/2/1 4:39,プロ野球,ぐでたま,12時間10分,1,15,15.0,0,0,0.021,6.67,0.0,0.09,あと3日,https://detail.chiebukuro.yahoo.co.jp/qa/question_detail/q14324885034,３月のワールドベースボールクラシック略してWBC何ですがやはり選手各球団ペナントレースシーズンに影響したり怪我など増えますか？心配してます（泣）今回のアメリカ米さんはかなり本気度違い強敵ですか？ すご...,0,0
1505,2026/2/1 4:39,カラオケ,ygt********,12時間10分,2,9,4.5,0,0,0.012,22.22,0.0,0.15,あと3日,https://detail.chiebukuro.yahoo.co.jp/qa/question_detail/q10324885035,ジョイサウンドXIでドキドキ採点を適用することはできますか緊急です,0,0
1506,2026/2/1 4:39,動物,レモン,12時間10分,4,17,4.2,0,0,0.023,23.53,0.0,0.3,あと3日,https://detail.chiebukuro.yahoo.co.jp/qa/question_detail/q13324885033,パンダみたいに白黒はっきりしてるのも好きですか？,0,0
1507,2026/2/1 4:39,YouTube,exe********,12時間10分,1,47,47.0,1,0,0.064,2.13,0.03,0.27,あと3日,https://detail.chiebukuro.yahoo.co.jp/qa/question_detail/q11324885031,にじさんじの3.0ブラッシュアップってどういう意味ですか？,0,0
1508,2026/2/1 4:39,海外サッカー,ジャパンファースト,12時間10分,1,9,9.0,0,3,0.012,11.11,0.0,0.2,あと3日,https://detail.chiebukuro.yahoo.co.jp/qa/question_detail/q10324885030,サウジアラビアで開催されたAFC U23アジアカップで、U23韓国代表はグループステージの最終戦で規定より2歳若い「ロサンゼルス五輪世代」で臨んだU21ウズベキスタン代表に0-2で完敗を喫するも、 他...,0,0
1509,2026/2/1 4:39,アニメ,1052654740,12時間10分,3,17,5.7,0,2,0.023,17.65,0.0,0.31,あと3日,https://detail.chiebukuro.yahoo.co.jp/qa/question_detail/q14324885029,なぜアニメの子供キャラクターは現実の年齢の体格などより発育良く大人っぽく描かれるのですか？,0,0
1510,2026/2/1 4:39,恋愛相談,*******,12時間10分,6,71,11.8,0,0,0.097,8.45,0.01,0.51,あと3日,https://detail.chiebukuro.yahoo.co.jp/qa/question_detail/q13324885028,お見合いで、自分の最寄り駅のホテルのラウンジまで来いという男性。 相談所で婚活中の女です。お相手は自営業です。 相手は初対面の待ち合わせの場所で、 相手の最寄り駅である渋谷駅のホテルラウンジのみを指定...,0,0
1511,2026/2/1 4:38,恋愛相談、人間関係の悩み,非公開,12時間11分,1,24,24.0,0,1,0.033,4.17,0.01,0.14,あと3日,https://detail.chiebukuro.yahoo.co.jp/qa/question_detail/q12324885027,20歳女子です 井浦新さんがタイプで見てるだけでドキドキするのですが同年齢の親にドン引きされやめときなさいと言われました(т-т) 流行りの若手イケメン俳優達を見てもドキドキしなくて友達ともタイプの話...,0,0
1512,2026/2/1 4:38,簿記,1252172267,12時間11分,1,10,10.0,0,0,0.014,10.0,0.0,0.08,あと3日,https://detail.chiebukuro.yahoo.co.jp/qa/question_detail/q11324885026,税理士になりたい３月から大学2年生です。簿記２級は持っています。税理士事務所でアルバイトしてみたいのですがやはり厳しいですかね,0,0
1513,2026/2/1 4:38,iPhone,msi********,12時間11分,1,32,32.0,0,0,0.044,3.12,0.01,0.11,あと3日,https://detail.chiebukuro.yahoo.co.jp/qa/question_detail/q10324885025,iPadとiPhoneを同期してしまって、iPhoneにある大量の写真動画などでiPadの容量が圧迫されてしまってます。 iPadの方で写真を消すとiPhoneの方も消えてしまうので困ります。 どうや...,0,0
1514,2026/2/1 4:38,就職、転職,mik********,12時間11分,3,46,15.3,0,0,0.063,6.52,0.01,0.27,あと3日,https://detail.chiebukuro.yahoo.co.jp/qa/question_detail/q12324885022,なるべく早く回答欲しいです！ 期間工について質問です。 あるところで期間工応募しようと思うのですが、勤務地がAという場所でないと嫌で、応募するところには、配属は希望工場になるかという質問に、本人の希望...,0,0
1515,2026/2/1 4:38,バイク,1252323317,12時間11分,6,132,22.0,0,9,0.18,4.55,0.04,0.96,あと3日,https://detail.chiebukuro.yahoo.co.jp/qa/question_detail/q11324885021,春からエリミネーター250に乗る予定のものです。 今高校三年生で中型バイクの免許を取ったので卒業旅行で友達3人とキャンプツーリングで1週間ほど旅にでたいと思っています。そこで荷物を入れるシートバックを...,0,0
1516,2026/2/1 4:37,ギター、ベース,b26a0403c,12時間13分,3,54,18.0,0,0,0.074,5.56,0.01,0.28,あと3日,https://detail.chiebukuro.yahoo.co.jp/qa/question_detail/q10324885020,エレキギターについて。 エレキギターの弦高調節をしたところ、1フレット付近が異常に弦高が低くなってしまいました。最終フレット付近は2.3mmほどまで下げれたのですが、1フレットの方の弦が、フレットに抑...,0,0
1517,2026/2/1 4:37,コミック,1150577242,12時間13分,1,8,8.0,0,0,0.011,12.5,0.0,0.08,あと3日,https://detail.chiebukuro.yahoo.co.jp/qa/question_detail/q14324885019,アカギについて質問です 18話で鷲巣が四萬を捨てたあとにアカギが今まで渋ってたポンを3連して、その様を見た鷲巣が焦ってたのですが何故でしょうか,0,0
1518,2026/2/1 4:37,アニメ,pipimi,12時間13分,2,38,19.0,0,9,0.052,5.26,0.01,0.56,あと3日,https://detail.chiebukuro.yahoo.co.jp/qa/question_detail/q13324885018,Fateの質問です。 ヘラクレスが狂化やら汚染でナーフされずに、まともなマスターにまともに運用される場合の聖杯戦争って相手はどのくらいのレベルじゃないと戦いにならないですか？,0,0
1519,2026/2/1 4:37,恋愛相談、人間関係の悩み,wyg********,12時間13分,3,39,13.0,0,1,0.053,7.69,0.01,0.3,あと3日,https://detail.chiebukuro.yahoo.co.jp/qa/question_detail/q11324885016,ここ数年悩んでいることがあるので相談させてください(※小児性愛について) 私は20歳の大学生、女です。 今までまともに恋愛したことがなく、2回男性と付き合ったことはありますがどちらも2週間ほどでお別れ...,0,0
1520,2026/2/1 4:37,車検、メンテナンス,mag********,12時間13分,8,110,13.8,0,6,0.15,7.27,0.02,0.94,あと3日,https://detail.chiebukuro.yahoo.co.jp/qa/question_detail/q10324885015,軽自動車 スバル R2を買取業者に引き取ってもらうなどスクラップ廃棄にするか迷っています。 車の状態ですが、数ヶ月前に車検が切れて、自宅敷地内に保管中です。 エンジンはかかり、田舎ですので自宅敷地内を...,0,0
1521,2026/2/1 4:37,一人暮らし、シングルライフ,レモン,12時間13分,7,23,3.3,0,6,0.031,30.43,0.0,0.75,あと3日,https://detail.chiebukuro.yahoo.co.jp/qa/question_detail/q14324885014,独身でも自分なりの幸せがある、と思っても良いでしょうか？ 「その人なりの幸せを見つけてほしい」。 ​ネットの「独身叩き」や「孤独し予備軍」という言葉、どうでもいいですか？ ​5chなどのまとめサイトや...,0,0
1522,2026/2/1 4:37,恋愛相談、人間関係の悩み,1251567038,12時間13分,1,6,6.0,0,0,0.008,16.67,0.0,0.08,あと3日,https://detail.chiebukuro.yahoo.co.jp/qa/question_detail/q13324885013,高校生のノンケと、同じ高校のゲイが恋愛関係になっていく、BL漫画でおすすめはありませんか？ 過激でも大丈夫です,0,0
1523,2026/2/1 4:37,X（旧Twitter）,1153181796,12時間13分,0,19,19.0,0,0,0.026,0.0,0.0,0.03,あと3日,https://detail.chiebukuro.yahoo.co.jp/qa/question_detail/q12324885012,至急間違えてアカウント削除依頼してしまいましたどうしたらいいですか？キャンセル出来ますか？,0,0
1524,2026/2/1 4:37,ヘアケア,cbp******,12時間13分,2,11,5.5,0,0,0.015,18.18,0.0,0.15,あと3日,https://detail.chiebukuro.yahoo.co.jp/qa/question_detail/q11324885011,前髪の生え際が後退してきてるのって何故わかるんですか？ 後退した生え際を隠すために髪の毛伸ばしてても何故か分かりますよね？,0,0
1525,2026/2/1 4:36,テレビゲーム全般,gjmw58494,12時間14分,0,10,10.0,0,0,0.014,0.0,0.0,0.01,あと3日,https://detail.chiebukuro.yahoo.co.jp/qa/question_detail/q14324885009,あつ森で、ゴスロリ系の島の夢番地教えてください。 自作マイデザを配布していて、赤と黒を基調としていると余計に嬉しいです。ゴスロリでなくても赤黒基調の島があればそちらも知りたいです！ 好きな系統 ゴスロ...,0,0
1526,2026/2/1 4:36,喫煙マナー,1252240697,12時間14分,0,3,3.0,0,0,0.004,0.0,0.0,0.0,あと3日,https://detail.chiebukuro.yahoo.co.jp/qa/question_detail/q13324885008,リトルシガーでおすすめの銘柄を教えてください！ よろしくお願いします！,0,0
1527,2026/2/1 4:36,iPhone,qda********,12時間14分,0,10,10.0,0,0,0.014,0.0,0.0,0.01,あと3日,https://detail.chiebukuro.yahoo.co.jp/qa/question_detail/q12324885007,iPhone14を使っています。 スマホってほっとくと画面が消えると思うのですが、最近消えません。 消えてる状態で通知が来て、そこからまた消えずにずっとついたままになります。 解決策を教えてください。...,0,0
1528,2026/2/1 4:36,写真、ビデオ,a5f5f7305,12時間14分,1,18,18.0,0,0,0.024,5.56,0.0,0.09,あと3日,https://detail.chiebukuro.yahoo.co.jp/qa/question_detail/q11324885006,今毎月450円課金しててなんか無駄金感あって嫌なんですけどこの写真消したら写真アプリからも消えました。（30日間戻せるので戻しました）これなんかいい方法ないですか？ Googleフォトとかも制限あるし...,0,0
1529,2026/2/1 4:36,家計、節約,12345,12時間14分,5,34,6.8,0,8,0.046,14.71,0.0,0.71,あと3日,https://detail.chiebukuro.yahoo.co.jp/qa/question_detail/q10324885005,4人家族で食費17万は高いですか？,0,0
1530,2026/2/1 4:35,恋愛相談、人間関係の悩み,b56ff1a17,12時間15分,2,35,17.5,0,0,0.048,5.71,0.01,0.18,不明,https://detail.chiebukuro.yahoo.co.jp/qa/question_detail/q14324885004,なんで太ってる女性は人前ではあまり食べず小食をアピールしたり体型隠れるような匂い服を着るんですか？そんなに太ってるって思われたくなかったら痩せればいいんじゃないんですか？,0,0
1531,2026/2/1 4:35,政治、社会問題,cbec7fa63,12時間15分,0,14,14.0,0,0,0.019,0.0,0.0,0.02,あと3日,https://detail.chiebukuro.yahoo.co.jp/qa/question_detail/q13324885003,これ、自虐ですか？円安進めたら投資は海外により進む。国保逃れ話題になった党が社会保険料を下げる改革。 高市首相（自民党総裁）は横浜市での街頭演説で「日本は海外に投資し、国内投資を怠ってきた。日本経済は...,0,0
1532,2026/2/1 4:35,工芸,1150934575,12時間16分,0,11,11.0,0,0,0.015,0.0,0.0,0.01,あと3日,https://detail.chiebukuro.yahoo.co.jp/qa/question_detail/q12324885002,先日、メルカリで買った陶器製の獅子の置物ですが、これは手捻りによるその造形での1点物でしょうか？それとも鋳型に粘土を入れての量産品でしょうか？,0,0
1533,2026/2/1 4:35,職場の悩み,非公開,12時間16分,4,30,7.5,0,0,0.041,13.33,0.0,0.31,あと3日,https://detail.chiebukuro.yahoo.co.jp/qa/question_detail/q11324885001,なぜパワハラ、モラハラをする上司は、協調性、素直さがないを理由にしたがる？,0,0
1534,2026/2/1 4:34,プロ野球,ぐでたま,12時間17分,4,26,6.5,0,0,0.035,15.38,0.0,0.31,あと3日,https://detail.chiebukuro.yahoo.co.jp/qa/question_detail/q10324885000,ついに日本プロ野球NPB２月キャンプインですが今年はどこのチームが優勝する思いますか？やはりソフトバンクしかありえませんか（泣）残念無念です。我ら北海道日本ハムファイターズ優勝無理ですか？ まただめで...,0,0
1535,2026/2/1 4:34,職場の悩み,jjaptdap,12時間17分,2,28,14.0,0,0,0.038,7.14,0.01,0.17,あと3日,https://detail.chiebukuro.yahoo.co.jp/qa/question_detail/q14324884999,同じ会社で8年以上いれたことないって結構ヤバいですか？,0,0
1536,2026/2/1 4:34,iPhone,la_********,12時間17分,2,9,4.5,0,0,0.012,22.22,0.0,0.15,あと3日,https://detail.chiebukuro.yahoo.co.jp/qa/question_detail/q12324884997,AndroidスマホからiPhoneに機種変更するにあたり、LYPプレミアムというのに加入してラインのデータ移行を済ませたのですが、手元にAndroidスマホがない場合はどうやって解約するのですか？,0,0
1537,2026/2/1 4:34,シニアライフ、シルバーライフ,髭ji,12時間17分,7,67,9.6,0,20,0.091,10.45,0.01,1.38,あと3日,https://detail.chiebukuro.yahoo.co.jp/qa/question_detail/q11324884996,70代ジジイですが。 高齢者の方で、今迄生きて来たなかで貴方の人生の、目的は保々成し遂げたと思いますか？ 私は、成し遂げた事は…？,0,0
1538,2026/2/1 4:34,生き方、人生相談,20251227/1007,12時間17分,1,3,3.0,0,0,0.004,33.33,0.0,0.07,あと3日,https://detail.chiebukuro.yahoo.co.jp/qa/question_detail/q10324884995,大半の人間は雑用に追われるので大物になれないのですか？,0,0
1539,2026/2/1 4:33,家族関係の悩み,a3c54da5a,12時間18分,2,18,9.0,0,0,0.024,11.11,0.0,0.16,あと3日,https://detail.chiebukuro.yahoo.co.jp/qa/question_detail/q14324884994,家族が汚いです 食事中、ゲップやおならをしたり、食事中でなくてもそういうのをしていると汚いと思ってしまいます。 私は家族の前でもそういうのはしていません 弟が私の部屋に来てゲームをして遊ぶ時、椅子に座...,0,0
1540,2026/2/1 4:33,合唱、声楽,1252735985,12時間18分,6,37,6.2,0,3,0.05,16.22,0.0,0.58,あと3日,https://detail.chiebukuro.yahoo.co.jp/qa/question_detail/q13324884993,前に男は声変わりが終わっても20歳を超えないと裏声を出せないと聞いた事があるのですが本当ですか？,0,0
1541,2026/2/1 4:33,宝塚,匿名希望,12時間18分,4,314,78.5,0,15,0.425,1.27,0.33,1.3,あと3日,https://detail.chiebukuro.yahoo.co.jp/qa/question_detail/q12324884992,月組の雨にじむ渤海について インソンは結婚して子供がいる事もあるでしょうが、ウンビンに対して少なからず愛があるように見えました。 でもセウォンは、結婚の話をされた時の気まずい感じ、元々結婚に乗り気では...,0,0
1542,2026/2/1 4:33,バイク,000000010,12時間18分,11,113,10.3,0,3,0.153,9.73,0.02,1.02,あと3日,https://detail.chiebukuro.yahoo.co.jp/qa/question_detail/q11324884991,最近、普通二輪の免許を取得しました。取得してから思ったのですが400ccの現行バイク少なすぎません？カッコいいなと思ったら見たら500ccとか800ccとかで、、、 最初から大型二輪取ればなぁと少し後...,0,0
1543,2026/2/1 4:32,恋愛相談、人間関係の悩み,匿名,12時間19分,2,16,8.0,0,0,0.022,12.5,0.0,0.16,あと3日,https://detail.chiebukuro.yahoo.co.jp/qa/question_detail/q10324884990,マチアプでやりもくで会った 男性が思いの外タイプで 好きになっちゃいました。 セフレから恋人に昇格するのは ほとんど無理だと言われていますが どうしたら彼氏にできますか？,0,0
1544,2026/2/1 4:32,福祉、介護,bf2c72696,12時間19分,6,100,16.7,1,7,0.135,6.0,0.02,0.96,あと3日,https://detail.chiebukuro.yahoo.co.jp/qa/question_detail/q14324884989,親が生活保護を受けています。昨年89歳で要介護1になり、ケースワーカーさんの判断で施設に入りました。私は息子で兄弟はいません。他県に住んでおりますが2ヶ月に一度の割合で親に会っています。 当然の事です...,0,0
1545,2026/2/1 4:32,ネイルケア,as,12時間20分,1,15,15.0,0,1,0.02,6.67,0.0,0.13,あと3日,https://detail.chiebukuro.yahoo.co.jp/qa/question_detail/q13324884988,ジェルネイルをしてる時に、爪と皮膚の溝？とか爪からはみ出たのを硬化する前に何で取ってますか？ 綿棒とかだと繊維が付きそうだし、爪楊枝とかは取れきれなくて悩んでます。助けてください泣,0,0
1546,2026/2/1 4:32,恋愛相談、人間関係の悩み,非公開,12時間20分,6,94,15.7,0,5,0.127,6.38,0.02,0.73,あと3日,https://detail.chiebukuro.yahoo.co.jp/qa/question_detail/q12324884987,結局人間は、ルックスがいい奴より、コミュ力ある人の方が幸せですよね？18歳女です。 ルックスが良くても、人間関係がうまくできない人は生きづらいと思います 私自身、化粧したり、おしゃれして着飾っても友達...,0,0
1547,2026/2/1 4:31,職場の悩み,rolu********,12時間21分,1,32,32.0,0,0,0.043,3.12,0.01,0.11,あと3日,https://detail.chiebukuro.yahoo.co.jp/qa/question_detail/q11324884986,新しい職につきました。それまでそこを仕切ってた前任者が引き継ぎしてくれました。私は社長の経験もあり人に指図してたのでそのくせが抜けず新しい職場でも上の立場の人間から生意気と思われることが多いです。 ど...,0,0
1548,2026/2/1 4:31,恋愛相談、人間関係の悩み,あ,12時間21分,0,11,11.0,0,0,0.015,0.0,0.0,0.01,あと3日,https://detail.chiebukuro.yahoo.co.jp/qa/question_detail/q10324884985,中3男子です。 好きな人とDMで話していて、好きな人誰?と聞 かれました。なんて答えればいいですか?,0,0
1549,2026/2/1 4:31,ゲーム,bd3d4dba5,12時間21分,0,21,21.0,0,0,0.028,0.0,0.0,0.03,あと3日,https://detail.chiebukuro.yahoo.co.jp/qa/question_detail/q14324884984,あつまれどうぶつの森の夢の島について質問です。 先日アプデが来た、フレンドと島を開拓できる夢の島モードで、お部屋に仕切り壁は使えるのでしょうか？ 仕切り壁使えるならハピパラを買いたいと思うのですが… ...,0,0
1550,2026/2/1 4:31,アニメ,1051664440,12時間21分,1,42,42.0,1,0,0.057,2.38,0.02,0.26,あと3日,https://detail.chiebukuro.yahoo.co.jp/qa/question_detail/q11324884981,うろ覚えなのですが、探してるアニメがあります 雪が降ってる神社みたいな所で銃を持った女性と金髪の男キャラが戦っていました、女性は銃を持っておりその男に撃っても瞬間移動？みたいなので避けられて殴られてい...,0,0
1551,2026/2/1 4:31,クレジットカード,b5e92721b,12時間21分,1,19,19.0,0,0,0.026,5.26,0.0,0.09,あと3日,https://detail.chiebukuro.yahoo.co.jp/qa/question_detail/q12324884982,クレジットカード自動チャージで楽天ペイ支払いをし、キャンセルにて返金された場合、楽天ペイとして返金されますか？クレジットカード支払い自体取り消しになりますか？,0,0
1552,2026/2/1 4:30,メルカリ,gkw********,12時間22分,10,396,39.6,0,45,0.533,2.53,0.21,3.02,あと3日,https://detail.chiebukuro.yahoo.co.jp/qa/question_detail/q10324884980,メルカリで悪質な購入者に当たってしまいました。 その購入者のプロフィール欄に言い訳を記載しており、それが虚偽の内容でこちらが悪い印象になるように記載されて困っております。以下、経緯です。 まず、期日以...,0,0
1553,2026/2/1 4:30,目の病気,kei********,12時間22分,1,5,5.0,0,0,0.007,20.0,0.0,0.07,あと3日,https://detail.chiebukuro.yahoo.co.jp/qa/question_detail/q14324884979,目薬はスッキリしたいタイプ 違いはありますか？オススメありますか？ 充血とかさっぱりしたいんで。,0,0
1554,2026/2/1 4:30,占い,a48eccd4f,12時間22分,1,19,19.0,0,0,0.026,5.26,0.0,0.09,あと3日,https://detail.chiebukuro.yahoo.co.jp/qa/question_detail/q13324884978,霊視占いできる方、是非お願いします(๑˃̵ᴗ˂̵) 不妊治療で人工授精、タイミング法からの体外受精、顕微授精をしています。 ハードな仕事なので治療中はガッツリ仕事を休んで挑戦していますが、なかなか子供...,0,0
1555,2026/2/1 4:30,携帯型ゲーム全般,1051872334,12時間22分,0,11,11.0,0,0,0.015,0.0,0.0,0.01,あと3日,https://detail.chiebukuro.yahoo.co.jp/qa/question_detail/q12324884977,アークナイツエンドフィールドでこの中でパーティー組むなら誰でしょうか？無凸です星6は,0,0
1556,2026/2/1 4:30,病気、症状,れいくんママ,12時間22分,2,50,25.0,0,0,0.067,4.0,0.02,0.2,あと3日,https://detail.chiebukuro.yahoo.co.jp/qa/question_detail/q11324884976,至急！この症状何！ 突然全身の震えが止まらなくなった！ 23歳女 生後８ヶ月の息子がいて寝不足 今日もいつもと変わらない日を過ごしましたが、 時系列で言うとこんな感じです⤵︎ 18:30ごろにスト缶を...,0,0
1557,2026/2/1 4:29,病気、症状,1152116760,12時間23分,3,11,3.7,0,0,0.015,27.27,0.0,0.22,あと3日,https://detail.chiebukuro.yahoo.co.jp/qa/question_detail/q14324884974,体毛の左右差について 腕、脚などの毛が右半身の方が明らかに濃いです。特にすね毛については、右が眉毛くらいの濃さで、左はちょっと存在感のある産毛みたいな薄さです。 しかも、数年前まではパッと見でわかるほ...,0,0
1558,2026/2/1 4:29,ゲーム,気ままに知恵袋,12時間23分,2,4,2.0,0,4,0.005,50.0,0.0,0.3,あと3日,https://detail.chiebukuro.yahoo.co.jp/qa/question_detail/q12324884972,PS5 龍が如くについて 現在セールでPS5版龍が如く0、極、極2がセールになっておりますが、これらはPS4の頃よりグラが綺麗になっていたり、フレームレートが安定していたりするのでしょうか？ ps4の...,0,0
1559,2026/2/1 4:29,法律相談,b96d7ee38,12時間24分,3,57,19.0,0,0,0.077,5.26,0.01,0.28,あと3日,https://detail.chiebukuro.yahoo.co.jp/qa/question_detail/q13324884973,彼氏が元カノと夕食をし、 バーへ何軒か行った後、ラブホテルへ行きました。 この件で、元カノへ慰謝料請求は可能でしょうか？ 裁判までは考えておらず、示談による解決を希望しています。 彼氏は、2人ともお酒...,0,0
1560,2026/2/1 4:29,アニメ,もち,12時間24分,2,16,8.0,0,1,0.022,12.5,0.0,0.2,あと3日,https://detail.chiebukuro.yahoo.co.jp/qa/question_detail/q10324884970,TRIGUN STARGAZE とTRIGUN STAMPEDE の違いってなんでしょうか？ よく公式からの発表やポスターイラストみたいなやつは前者で書かれていますが、OPの最後は前者じゃなくて後者で...,0,0
1561,2026/2/1 4:29,ポケットモンスター,sho********,12時間24分,1,17,17.0,0,0,0.023,5.88,0.0,0.09,あと3日,https://detail.chiebukuro.yahoo.co.jp/qa/question_detail/q14324884969,コンビニ店員がポケモンカードサーチして販売行為が横行してますが、近い将来コンビニでポケモンカード販売は無くなりますか？,0,0
1562,2026/2/1 4:29,就職活動,ホラ抹茶,12時間24分,3,37,12.3,0,1,0.05,8.11,0.01,0.29,あと3日,https://detail.chiebukuro.yahoo.co.jp/qa/question_detail/q12324884967,短大1年生です。 40単位を取得すれば進級出来るのですが 35単位しか取れなかったので留年が確定しました。必修は落としていませんが…。 もし、就職するとしたら①就職することは可能か②どのような就職先な...,0,0
1563,2026/2/1 4:28,料理、食材,sanyaso_fusigi,12時間25分,0,23,23.0,1,0,0.031,0.0,0.0,0.16,あと3日,https://detail.chiebukuro.yahoo.co.jp/qa/question_detail/q10324884965,農水省出身の鈴木農水大臣が下記Ｘポストで経産省出身者は「マジメで実直」でないと仰せですが、どういう理路ですか？ 単なる冗談かもしれませんが。 もし分かる人がいたら教えて下さい。 https://x.c...,0,0
1564,2026/2/1 4:28,鳥類,sam********,12時間25分,1,59,59.0,1,2,0.079,1.69,0.05,0.36,あと3日,https://detail.chiebukuro.yahoo.co.jp/qa/question_detail/q13324884963,コザクラインコが今朝ゴミ出しの父を追いかけて外に出てしまい、家を1周してすぐに３階の私(飼い主)の自室の窓に張り付きました。窓を開けて手を伸ばしたら手に乗ってくれました。 元々よく窓に座って外のスズメ...,0,0
1565,2026/2/1 4:28,ゲーム,a,12時間25分,1,2,2.0,0,0,0.003,50.0,0.0,0.07,あと3日,https://detail.chiebukuro.yahoo.co.jp/qa/question_detail/q11324884961,覇王丸、ガッツ、幽助、前田太尊、このへんキャラ似てませんか？リュウとテリーは少し違う気もしますが,0,0
1566,2026/2/1 4:28,恋愛相談,1251869906,12時間25分,2,45,22.5,0,0,0.06,4.44,0.01,0.19,あと3日,https://detail.chiebukuro.yahoo.co.jp/qa/question_detail/q10324884960,今大学四年男です。 現在居酒屋でアルバイトをしているのですが、最近2つ下の女子が気になっています。他にも大学生が男女1人ずついるのでこの前その子も誘って4人でご飯に行ったのですが、特に進展することなく...,0,0
1567,2026/2/1 4:28,ドラゴンクエスト,1052024566,12時間25分,1,22,22.0,0,1,0.03,4.55,0.01,0.14,あと3日,https://detail.chiebukuro.yahoo.co.jp/qa/question_detail/q14324884959,ドラクエ3リメイクで、 盗賊→商人→遊び人→賢者の仲間キャラが たまに２回行動するんだけどバグですか？？,0,0
1568,2026/2/1 4:28,K-POP、アジア,puo********,12時間25分,2,37,18.5,0,1,0.05,5.41,0.01,0.22,あと3日,https://detail.chiebukuro.yahoo.co.jp/qa/question_detail/q13324884958,ALD1のEUPHORIAのA賞(ショケ)は1次2次3次と申込期間がありますが、当たる人数は均等(偶数なので割り切れないですが約3:3:3)だと思いますか？ 1次はもう当落も終わっていますが1次で何枠...,0,0
1569,2026/2/1 4:27,お酒、ドリンク,非公開,12時間26分,3,18,6.0,0,2,0.024,16.67,0.0,0.3,あと3日,https://detail.chiebukuro.yahoo.co.jp/qa/question_detail/q12324884957,バーガーキングでセットメニュー買ったらドリンクをメロンソーダで頼めますか？,0,0
1570,2026/2/1 4:27,ゲーム,ペンギン,12時間26分,0,1,1.0,0,0,0.001,0.0,0.0,0.0,あと3日,https://detail.chiebukuro.yahoo.co.jp/qa/question_detail/q11324884956,ダイマックスアドベンチャーについてなんですけど 追加コンテンツの方の図鑑を埋めてなくても色違い出ますよね？,0,0
1571,2026/2/1 4:27,バイク,c588ab067,12時間26分,3,132,44.0,1,8,0.177,2.27,0.08,0.83,あと3日,https://detail.chiebukuro.yahoo.co.jp/qa/question_detail/q10324884955,相談があります。 今日レッドバロンで納車したバイクが買った時の状態と違う状態で届きました。何が変わってたかと言うとブレンボキャリパーが純正品に変わっていました。 ブレンボキャリパーは手渡しされたんです...,0,0
1572,2026/2/1 4:27,税金,a1be09331,12時間26分,4,26,6.5,0,0,0.035,15.38,0.0,0.3,あと3日,https://detail.chiebukuro.yahoo.co.jp/qa/question_detail/q14324884954,103万の壁が撤廃されましたが、高校生も適応されるのでしょうか？これから高校生が親の扶養や税金を取られるのは何万円からですか？,0,0
1573,2026/2/1 4:27,賃貸物件,gir********,12時間26分,5,51,10.2,1,1,0.068,9.8,0.01,0.58,あと3日,https://detail.chiebukuro.yahoo.co.jp/qa/question_detail/q13324884953,賃貸の初回保証委託料についてです。 もともとマンション駐車場をかりる予定でしたが別の月極駐車場を借りることになり駐車場仲介手数料、契約金の支払いはなくなりました。しかし初回保証委託料が(家賃＋共益費＋...,0,0
1574,2026/2/1 4:27,子育ての悩み,1152795861,12時間26分,6,43,7.2,0,4,0.058,13.95,0.0,0.62,あと3日,https://detail.chiebukuro.yahoo.co.jp/qa/question_detail/q12324884952,子育てで溜まったストレスをどのように解消したらいいと思いますか？買い物や外出は疲れるしお金がなくなるのであまり好きではありません。,0,0
1575,2026/2/1 4:27,温泉,1252638275,12時間27分,2,16,8.0,0,0,0.021,12.5,0.0,0.16,あと3日,https://detail.chiebukuro.yahoo.co.jp/qa/question_detail/q10324884950,福島県にある温泉で、滝を見ながら入れるという温泉。 これだけの説明しか出来ませんが、もしご存じの方がいらっしゃいましたら教えてください。 よろしくお願い致します。,0,0
1576,2026/2/1 4:27,郵便、宅配,a4aa70b7b,12時間27分,4,34,8.5,0,0,0.046,11.76,0.0,0.31,不明,https://detail.chiebukuro.yahoo.co.jp/qa/question_detail/q14324884949,福岡県で夜中の3時半に新聞がポリ袋で梱包された状態でポストに入ってきました。 これは普通なのでしょうか。,0,0
1577,2026/2/1 4:26,Android,aya********,12時間28分,3,15,5.0,0,0,0.02,20.0,0.0,0.22,あと3日,https://detail.chiebukuro.yahoo.co.jp/qa/question_detail/q13324884948,galaxy A7からgalaxy A36 5Gへ機種変更しました。simカードを差し替えデータ移行も済ませたのですが、新しい端末ではモバイル通信が使えませんでした。 元の端末へsimカードを戻したら...,0,0
1578,2026/2/1 4:26,資産運用、投資信託、NISA,1052654740,12時間28分,0,30,30.0,0,0,0.04,0.0,0.0,0.04,あと3日,https://detail.chiebukuro.yahoo.co.jp/qa/question_detail/q11324884946,なんでビットコインは急落したんですか？,0,0
1579,2026/2/1 4:26,恋愛相談、人間関係の悩み,非公開,12時間28分,3,44,14.7,0,2,0.059,6.82,0.01,0.34,あと3日,https://detail.chiebukuro.yahoo.co.jp/qa/question_detail/q12324884947,彼氏がアイドルやインフルエンサー、女優さんを可愛いと言ってると、後から嫉妬でイライラしてその後彼氏が気持ち悪くなります。 顔を売りにしてる人たちを可愛いと言うのは何もおかしいことじゃないと思います。だ...,0,0
1580,2026/2/1 4:26,テレビゲーム全般,とも,12時間28分,1,16,16.0,0,0,0.021,6.25,0.0,0.09,あと3日,https://detail.chiebukuro.yahoo.co.jp/qa/question_detail/q10324884945,ow2で 味方のウィドウにヒールは？ ヒールgap 通報してって言われました。これは私が悪いですか？ コードSSA8SQです 私はアナです。もっとヒールをしないとダメでしたか。下手な私が悪いのは分かり...,0,0
1581,2026/2/1 4:26,ゲーム,あ,12時間28分,4,27,6.8,0,0,0.036,14.81,0.0,0.3,あと3日,https://detail.chiebukuro.yahoo.co.jp/qa/question_detail/q14324884944,ソシャゲに1万円課金しようか迷ってます。ガチャなので当たるかは分からないけど確率は高くなってます。 1万円分のなにかいいものありますか？それを聞けば我慢できるかも？ 一旦冷静にさせてください,0,0
1582,2026/2/1 4:26,プロ野球,1149768646,12時間28分,0,10,10.0,0,0,0.013,0.0,0.0,0.01,あと3日,https://detail.chiebukuro.yahoo.co.jp/qa/question_detail/q12324884942,普段からベルーナドームの外野応援席に通っておられる方に質問です。 今年のベルーナドーム開幕戦を、初めて外野応援席で観戦したいと考えています。 ベルーナドームでの観戦経験は10回程度あり、これまでは主に...,0,0
1583,2026/2/1 4:26,資産運用、投資信託、NISA,1052654740,12時間28分,1,103,103.0,0,1,0.138,0.97,0.14,0.24,あと3日,https://detail.chiebukuro.yahoo.co.jp/qa/question_detail/q13324884943,なんで金は暴落したんですか？,0,0
1584,2026/2/1 4:25,お酒、ドリンク,674789O,12時間29分,0,9,9.0,0,0,0.012,0.0,0.0,0.01,あと3日,https://detail.chiebukuro.yahoo.co.jp/qa/question_detail/q11324884941,大阪の心斎橋から難波辺りの店でビールを飲んでみたいのですが最近はボッタクリ店が増えてますか？ 路上で客引きに声をかけられてもついて行ったらボッタクリ店へ連れて行かれる可能性が大ですかね？ グリ下と相ま...,0,0
1585,2026/2/1 4:25,韓国・朝鮮語,can********,12時間29分,2,10,5.0,0,0,0.013,20.0,0.0,0.15,あと3日,https://detail.chiebukuro.yahoo.co.jp/qa/question_detail/q10324884940,お尋ねします。 次のハングルは正しい？ ア：그러자 사과를 먹던 벤이 말했습니다. イ：그러자 사과를 먹고있던 벤이 말했습니다.,0,0
1586,2026/2/1 4:25,YouTube,cc62b1733,12時間29分,0,22,22.0,0,0,0.029,0.0,0.0,0.03,あと3日,https://detail.chiebukuro.yahoo.co.jp/qa/question_detail/q14324884939,YouTubeの動画を探しています。 おそらく自主制作アニメーションの動画で夕焼けを見ている女性がこちらを振り返って何か言うといった内容です。動画時間1分も無かったはずです。 あと鐘の音とかも鳴ってた...,0,0
1587,2026/2/1 4:25,文学、古典,mxd********,12時間29分,0,5,5.0,0,0,0.007,0.0,0.0,0.01,あと3日,https://detail.chiebukuro.yahoo.co.jp/qa/question_detail/q13324884938,誹諧広原海はどういう内容の本ですか。俳句ですか,0,0
1588,2026/2/1 4:25,この仕事教えて,hgd********,12時間29分,1,13,13.0,0,0,0.017,7.69,0.0,0.08,あと3日,https://detail.chiebukuro.yahoo.co.jp/qa/question_detail/q12324884937,射出成形機の設定で、ピークカット というものがあるのですが、これはどうゆう機能でしょうか？,0,0
1589,2026/2/1 4:24,タブレット端末,ba3f66e24,12時間30分,2,27,13.5,0,0,0.036,7.41,0.0,0.17,不明,https://detail.chiebukuro.yahoo.co.jp/qa/question_detail/q10324884935,荒野行動のためにiPadを買おうと思ってます 今はiPad Airを使っていますが、fpsが120でません。新しくProを買おうと思っています。予算的に中古のiPad Pro第1世代しか買えなさそうで...,0,0
1590,2026/2/1 4:24,生き方、人生相談,非公開,12時間30分,4,38,9.5,0,0,0.051,10.53,0.0,0.32,あと3日,https://detail.chiebukuro.yahoo.co.jp/qa/question_detail/q14324884934,高校の時よりも今の方が遥かにストレスは少ないはずなのに未だに情緒不安定なのが治りません。 卒業してから就職しても精神から来る体調不良が原因ですぐやめちゃってバイトはじめました。高三で家庭環境の変化、学...,0,0
1591,2026/2/1 4:24,Android,upa********,12時間31分,0,9,9.0,0,0,0.012,0.0,0.0,0.01,あと3日,https://detail.chiebukuro.yahoo.co.jp/qa/question_detail/q13324884933,スマホについて質問です！ GALAXYのSシリーズを検討しているのですが、S23は今の時期中古市場で買わない方がいいですかね？ S26が出た際に値下がりますかね？ また新規契約でSシリーズの購入も視野...,0,0
1592,2026/2/1 4:24,恋愛相談、人間関係の悩み,匿名,12時間31分,0,4,4.0,0,0,0.005,0.0,0.0,0.01,あと3日,https://detail.chiebukuro.yahoo.co.jp/qa/question_detail/q12324884932,バイトのLINEグループラインに招待されなくて嫌われてるのかなーと思ってます。 昨日バイトの友達に学生のグループライン入ってるよね？と聞かれて入ってないと答えたのですが、バイト終わりだったので家に帰っ...,0,0
1593,2026/2/1 4:24,日本語,k11********,12時間31分,2,34,17.0,0,0,0.045,5.88,0.01,0.18,あと3日,https://detail.chiebukuro.yahoo.co.jp/qa/question_detail/q11324884931,同じ訓読みを持つ漢字をたくさん挙げて欲しいです。 例えば、「うた」と読む漢字には歌、詩、唄、吟、詠といったものがあると思います。 このように、同じ訓読みで複数（3つ以上）漢字が存在するものを挙げていた...,0,0
1594,2026/2/1 4:24,政治、社会問題,1252872326,12時間31分,3,47,15.7,0,6,0.063,6.38,0.01,0.5,あと3日,https://detail.chiebukuro.yahoo.co.jp/qa/question_detail/q10324884930,僕は走れメロスの国王に強く共感します。 日本人はそういう人が多いと思うのですが、皆さんはどうですか？,0,0
1595,2026/2/1 4:24,マインクラフト,1253337836,12時間31分,1,30,30.0,0,0,0.04,3.33,0.01,0.11,あと3日,https://detail.chiebukuro.yahoo.co.jp/qa/question_detail/q14324884929,マイクラのリソースパックを使ったら空がこんな感じになるんですよね直し方方わかる方教えて欲しいです。,0,0
1596,2026/2/1 4:23,恋愛相談、人間関係の悩み,匿名,12時間32分,1,10,10.0,0,4,0.013,10.0,0.0,0.24,あと3日,https://detail.chiebukuro.yahoo.co.jp/qa/question_detail/q13324884928,彼氏が褒めても認めてくれません。 可愛いって言っても否定するから懲りずに可愛いって言ってるけど、今日あまりにも認めないし顔もかっこいいくせにそこら辺にいるとか言い出すから、私が好きになった男はそこら辺...,0,0
1597,2026/2/1 4:23,賃貸物件,huu********,12時間32分,6,108,18.0,0,0,0.144,5.56,0.03,0.54,不明,https://detail.chiebukuro.yahoo.co.jp/qa/question_detail/q12324884927,警察が嘘を付く&言い間違えるという事はまず無いですか？ ・ここ一ヵ月深夜～早朝の騒音に対して悩んでいます。一応時間帯と日付、外から部屋の明かりを確認してるのですが、正直階数の多い賃貸なんでハッキリ特定...,0,0
1598,2026/2/1 4:23,心理学,あるある,12時間32分,1,15,15.0,0,0,0.02,6.67,0.0,0.09,あと3日,https://detail.chiebukuro.yahoo.co.jp/qa/question_detail/q11324884926,自分から見た、自分の性格？というか、自己像が、気分によって子供になったり大人になったり、博士的になったりします。 例えば、嫌なことがあった時は子供のような振る舞いや喋り方をしたくなるんです。 脳内でち...,0,0
1599,2026/2/1 4:23,パソコン,Awa,12時間32分,2,23,11.5,0,0,0.031,8.7,0.0,0.16,あと3日,https://detail.chiebukuro.yahoo.co.jp/qa/question_detail/q10324884925,VRchatでの質問です。 Boothから購入した3Dモデルを導入方法などを見ながらUnityをしているのですがliltoon-2.3.2 をAssetsに貼り付けているのですがこの後出てくるというI...,0,0
1600,2026/2/1 4:23,病気、症状,nuk********,12時間32分,1,20,20.0,0,0,0.027,5.0,0.01,0.09,あと3日,https://detail.chiebukuro.yahoo.co.jp/qa/question_detail/q14324884924,男です。残尿感についでなんですが、ミルキングというのを知ってするようにはしてるんですが尿を出した後ミルキングをして、 パンツとズボンを戻してポジが定位置へ行くとちょろちょろっと尿が出てパンツが濡れるこ...,0,0
1601,2026/2/1 4:23,工学,hgd********,12時間32分,1,24,24.0,0,0,0.032,4.17,0.01,0.1,あと3日,https://detail.chiebukuro.yahoo.co.jp/qa/question_detail/q13324884923,電気的信号を力の運動に変えるものが、アクチュエータ 力の運動を電気的信号に変えるものがロードセル 以上の解釈でよろしいでしょうか？,0,0
1602,2026/2/1 4:22,職場の悩み,非公開,12時間33分,2,12,6.0,0,0,0.016,16.67,0.0,0.15,あと3日,https://detail.chiebukuro.yahoo.co.jp/qa/question_detail/q12324884922,適職がない仕事をさせられて結果が出なくても何も気にならないのはなぜ？,0,0
1603,2026/2/1 4:22,テーマパーク,あ,12時間33分,4,34,8.5,0,0,0.045,11.76,0.0,0.31,あと3日,https://detail.chiebukuro.yahoo.co.jp/qa/question_detail/q11324884921,今から出て東北から日帰りでディズニーっていけるとおもいますか？,0,0
1604,2026/2/1 4:22,政治、社会問題,mko********,12時間33分,3,58,19.3,1,8,0.077,5.17,0.01,0.73,あと3日,https://detail.chiebukuro.yahoo.co.jp/qa/question_detail/q14324884919,日本のテレビ局のニュース番組は、おかしいですよね? 昭和後半の生まれですが、平成初期は、ニュースのトップは国内政治と国際政治の項目でした、今の令和時代は、大雪情報だとか、東京で４億円取られたとか。 普...,0,0
1605,2026/2/1 4:22,電子マネー、電子決済,otd********,12時間33分,0,6,6.0,0,0,0.008,0.0,0.0,0.01,あと3日,https://detail.chiebukuro.yahoo.co.jp/qa/question_detail/q10324884920,aupayプリペイドカードの電子マネーチャージ機能を便利で素晴らしいと思われる方はいらっしゃるでししょうか？,0,0
1606,2026/2/1 4:21,YouTube,jjaptdap,12時間34分,1,9,9.0,0,0,0.012,11.11,0.0,0.08,あと3日,https://detail.chiebukuro.yahoo.co.jp/qa/question_detail/q13324884918,なんでYouTuberのじゅんやはこんなに登録者いるの？,0,0
1607,2026/2/1 4:21,トレーディングカード,らい,12時間34分,0,9,9.0,0,0,0.012,0.0,0.0,0.01,あと3日,https://detail.chiebukuro.yahoo.co.jp/qa/question_detail/q12324884917,デュエル・マスターズについての質問です。 自分のバトルゾーンに予言者マリエルと コアラ大佐の虹勲章がある場合 自分の3000以上のクリーチャーは攻撃出来るようになるのでしょうか？,0,0
1608,2026/2/1 4:21,ご近所の悩み,ce1f1a055,12時間35分,2,58,29.0,0,0,0.077,3.45,0.02,0.21,あと3日,https://detail.chiebukuro.yahoo.co.jp/qa/question_detail/q10324884915,昨日夜中に人待ちで自宅の駐車場に居たら15歳くらいの全身黒服の3人組が歩いてきて、その1人が執拗に宅を覗き込んできて丸で、パントマイムをするように姿を確認してきました。大変不快な思いをしました。 以前...,0,0
1609,2026/2/1 4:21,アルバイト、フリーター,ssk,12時間35分,1,10,10.0,0,0,0.013,10.0,0.0,0.08,あと3日,https://detail.chiebukuro.yahoo.co.jp/qa/question_detail/q11324884916,トライアルの深夜品出しバイトしてる方っていらっしゃいますか？ 23時〜で応募しようと思い、そのまえにどんなものかと見に行きました。 品出し自体は各々のモクモク作業ぽくていきなとおもったのですが、ほとん...,0,0
1610,2026/2/1 4:21,動画サービス,********,12時間35分,1,11,11.0,0,0,0.015,9.09,0.0,0.08,あと3日,https://detail.chiebukuro.yahoo.co.jp/qa/question_detail/q14324884914,primevideoで自分のユーザーアカウントに見覚えのない視聴履歴があり、自分が共有してる人に確認しましたが誰も見てないと、、、 これって不正ログインされてますかね？ 前に同じアカウントの他ユーザー...,0,0
1611,2026/2/1 4:21,ペット,匿名,12時間35分,0,5,5.0,0,0,0.007,0.0,0.0,0.01,あと3日,https://detail.chiebukuro.yahoo.co.jp/qa/question_detail/q12324884912,私(28歳の女)は、ペットショップの女性店員に、飼い猫がトイレの外でうんちをすると話している時に、その女性店員が、私に、 ｢親御さんはなんて言ってますか？｣ と聞いたのですが、 その女性は私を未成年と...,0,0
1612,2026/2/1 4:20,メイク、コスメ,panda,12時間36分,1,21,21.0,0,0,0.028,4.76,0.01,0.09,あと3日,https://detail.chiebukuro.yahoo.co.jp/qa/question_detail/q11324884911,マツエク100本をしたらどのくらいもちますか？ 元々二重で二重ノリを使ってて落とす時に瞼を擦ったりして落としてます。やっぱりもちは悪くなりますよね？,0,0
1613,2026/2/1 4:20,大学受験,1052843023,12時間36分,4,147,36.8,1,0,0.194,2.72,0.07,0.59,あと3日,https://detail.chiebukuro.yahoo.co.jp/qa/question_detail/q10324884910,どうしても大阪公立大学に行きたいので、1番偏差値の低い学部を調べてみたところ看護学部だったのですが、学校の3年次からの選択科目で理科基礎を地学基礎と生物基礎にしてしまいました。 看護学部に行くには化学...,0,0
1614,2026/2/1 4:20,K-POP、アジア,ID,12時間36分,3,159,53.0,1,13,0.21,1.89,0.11,1.05,あと3日,https://detail.chiebukuro.yahoo.co.jp/qa/question_detail/q14324884909,リノの奏が出ましたが、それを切り取ったショートのコメントに「ハニ相談して、たくさん研究したんだろうなぁ…」というコメントがあり、死ぬほど不快になりました …どこからハンが出てきたんですか?? これに限...,0,0
1615,2026/2/1 4:20,ファッション,ab2291799,12時間36分,1,56,56.0,0,1,0.074,1.79,0.04,0.18,不明,https://detail.chiebukuro.yahoo.co.jp/qa/question_detail/q13324884908,私服可の通信で毎日服を考えるのが面倒ですが制服だと浮くので画像のように制服に冬などは黒のジャンバーやパーカーなどをはおり着崩したいと思っているのですがそれでもうきますか? また茶色の革製のスクールバッ...,0,0
1616,2026/2/1 4:19,恋愛相談、人間関係の悩み,1051883854,12時間37分,3,10,3.3,0,0,0.013,30.0,0.0,0.21,あと3日,https://detail.chiebukuro.yahoo.co.jp/qa/question_detail/q12324884907,高校生男子は、SNSのアカウント名を実名の頭文字にしがちですか？,0,0
1617,2026/2/1 4:19,車検、メンテナンス,sps********,12時間37分,1,26,26.0,0,1,0.034,3.85,0.01,0.14,不明,https://detail.chiebukuro.yahoo.co.jp/qa/question_detail/q10324884905,DA64Vのタイロッドエンドブーツ。大野ゴムの型番を教えて下さい。Amazonで購入したのですが、サイズが疑問です。宜しくお願いします。,0,0
1618,2026/2/1 4:19,メンズ全般,pia********,12時間37分,1,16,16.0,0,0,0.021,6.25,0.0,0.09,あと3日,https://detail.chiebukuro.yahoo.co.jp/qa/question_detail/q14324884904,この左の方が来てるダウンの商品名教えてください,0,0
1620,2026/2/1 4:18,ペット,あおい,12時間38分,3,33,11.0,0,0,0.043,9.09,0.0,0.24,あと3日,https://detail.chiebukuro.yahoo.co.jp/qa/question_detail/q12324884902,【至急】大学生、一人暮らしでペットを飼うことは可能なのでしょうか…？ 今実家暮らしで、オカメインコを二羽飼っているのですが、その子たちは私には懐かず、 前亡くなってしまったのですが、私に懐いてくれた家...,0,0
1621,2026/2/1 4:18,ペット,匿名,12時間38分,0,3,3.0,0,0,0.004,0.0,0.0,0.0,あと3日,https://detail.chiebukuro.yahoo.co.jp/qa/question_detail/q11324884901,私(28歳の女)は、ペットショップの女性店員に、飼い猫がトイレの外でうんちをすると話している時に、その女性店員が、私に、 ｢親御さんはなんて言ってますか？｣ と聞いたのですが、 その女性は私を22歳以...,0,0
1622,2026/2/1 4:18,ゲーム,i_b********,12時間38分,1,17,17.0,0,0,0.022,5.88,0.0,0.09,不明,https://detail.chiebukuro.yahoo.co.jp/qa/question_detail/q14324884899,鳴潮について 現在iOSにてプレイ中です。 Androidのゲーミングスマホを購入してデータを引き継ぎたいのですが、星声や金髄の波模様などのアイテムはそのまま引き継げますか？ 微課金しておりver.3...,0,0
1624,2026/2/1 4:18,観光,50もそう遠くないと自覚したおっ,12時間39分,14,136,9.7,0,16,0.179,10.29,0.02,1.73,あと3日,https://detail.chiebukuro.yahoo.co.jp/qa/question_detail/q12324884897,海外旅行には、よく行くんですか？ 今までに何ヶ国を訪れたんですか！？ …という質問をされようものならば、 台湾や香港も無理矢理に国としてカウントし、水増しすることでドヤッていらっしゃいますか？,0,0
1625,2026/2/1 4:18,YouTube,ash,12時間39分,9,57,6.3,0,3,0.075,15.79,0.0,0.79,あと3日,https://detail.chiebukuro.yahoo.co.jp/qa/question_detail/q11324884896,「幸せ」な状況より、「不幸」な動画の方が閲覧数が高いのはどうしてですか？,0,0
1626,2026/2/1 4:18,政治、社会問題,1052550229,12時間39分,5,36,7.2,0,9,0.047,13.89,0.0,0.73,あと3日,https://detail.chiebukuro.yahoo.co.jp/qa/question_detail/q10324884895,結局、パチンコの回収した金が北朝鮮に流れてる と言う説があるのですが本当なのでしょうか？ また、なぜこのような都市伝説が流れたのかを知りたいです。 また、他の「半島に資金が流れてる」系の噂がある業界が...,0,0
1627,2026/2/1 4:17,料理、食材,sanyaso_fusigi,12時間40分,5,105,21.0,0,3,0.138,4.76,0.03,0.58,あと3日,https://detail.chiebukuro.yahoo.co.jp/qa/question_detail/q14324884894,この物価高対策はそれなりに有効なのですか？ 「神奈川県に、物価高対策をどんどんお届けします！ 〇ガソリン価格：173.0円/L(昨年10月)→152.8円/L(本年1月) 〇軽油価格：150.8円/L...,0,0
1628,2026/2/1 4:17,恋愛相談、人間関係の悩み,あ,12時間40分,5,12,2.4,0,0,0.016,41.67,0.0,0.34,あと3日,https://detail.chiebukuro.yahoo.co.jp/qa/question_detail/q13324884893,中３男子です。 好きな人とDMで話していて、好きな人誰？と聞かれました。なんて答えればいいですか？,0,0
1629,2026/2/1 4:17,メルカリ,1051387759,12時間40分,8,134,16.8,0,2,0.176,5.97,0.03,0.78,あと3日,https://detail.chiebukuro.yahoo.co.jp/qa/question_detail/q12324884892,メルカリで価格設定をミスったまま出してしまってキャンセル申請したのですが、購入者の方が受け入れてくれません、、説得するしかないのですかね。,0,0
1630,2026/2/1 4:17,化学,wvr********,12時間40分,1,19,19.0,0,0,0.025,5.26,0.0,0.09,あと3日,https://detail.chiebukuro.yahoo.co.jp/qa/question_detail/q11324884891,基礎化学について 「1価の弱酸の電離度αが1と比較してかなり小さいとき、［H+］＝√cKaであることを導きなさい。ただし、弱酸の電解質定数をKa、弱酸の初濃度をcとする。」 この問題の解き方、答えを教...,0,0
1631,2026/2/1 4:17,リフォーム,水木森（ミズキモリ）,12時間40分,3,53,17.7,0,1,0.07,5.66,0.01,0.31,あと3日,https://detail.chiebukuro.yahoo.co.jp/qa/question_detail/q10324884890,あなたが内窓を付けない理由は何ですか？ 戸建です。リフォームです。 環境省の施策で数年前から補助金出てますよね？ low-E複層ガラスなら結構な補助金と費用対効果があると思うのですが、それでも日本の既...,0,0
1633,2026/2/1 4:17,男性アイドル,薬階堂ふみ,12時間40分,0,16,16.0,0,0,0.021,0.0,0.0,0.02,あと3日,https://detail.chiebukuro.yahoo.co.jp/qa/question_detail/q13324884888,マッチこと近藤真彦さんが昔パン屋さんをしたいと言っていたラジオについて、教えて下さい。 僕が2006年に薬師丸ひろ子のファンになった時、ネットの検索で、こんなものを見つけました。 ＞薬師丸ひろ子が「こ...,0,0
1634,2026/2/1 4:16,メイク、コスメ,偏頭痛,12時間41分,2,24,12.0,0,0,0.032,8.33,0.0,0.16,あと3日,https://detail.chiebukuro.yahoo.co.jp/qa/question_detail/q12324884887,廃盤になってしまったアイシャドウに似ているアイシャドウを探しています。 キャンメイクシルキースフレアイズ04サンセットデートの左上の白いカラーに似ているアイシャドウを探しています。 求めているカラーの...,0,0
1635,2026/2/1 4:16,ゲーム,c9237708b,12時間41分,1,5,5.0,0,0,0.007,20.0,0.0,0.07,あと3日,https://detail.chiebukuro.yahoo.co.jp/qa/question_detail/q11324884886,VALORANTの逆キーストッピングってどれくらいの期間練習すればなれますか？一昨日練習初めて射撃場だったら無意識で出来るくらいにはなりました。実戦だとダメダメです,0,0
1636,2026/2/1 4:16,国内,ori********,12時間41分,1,11,11.0,0,0,0.014,9.09,0.0,0.08,あと3日,https://detail.chiebukuro.yahoo.co.jp/qa/question_detail/q14324884884,エアチャイナのマイル16000がもう期限きれるんですが、日本国内のANA使いたいですが、AIによると使えるようですが、結局ホームページに行くと、そのようなページが見えません。 電話などしたらいいのでし...,0,0
1637,2026/2/1 4:15,職場の悩み,b66a2f18a,12時間43分,1,15,15.0,0,0,0.02,6.67,0.0,0.09,あと3日,https://detail.chiebukuro.yahoo.co.jp/qa/question_detail/q12324884882,某販売店でアルバイトを始めて3週間経ちます。先日私の使ってないレジで出た違算について責められました。すぐにレジ打ちミスをしたのが私ではないことが判明したのですが、一切謝罪もありませんでした。 レジの取...,0,0
1638,2026/2/1 4:15,LINE,hjy********,12時間43分,1,31,31.0,0,0,0.041,3.23,0.01,0.11,あと3日,https://detail.chiebukuro.yahoo.co.jp/qa/question_detail/q13324884878,LINEでサブプロフィールに設定した人はメインは見れないようになりますか？,0,0
1639,2026/2/1 4:15,ゲーム,1052874391,12時間43分,2,16,8.0,1,0,0.021,12.5,0.0,0.28,あと3日,https://detail.chiebukuro.yahoo.co.jp/qa/question_detail/q12324884877,Switchでポケモンをやろうと思うのですが種類が多すぎて何がいいのか分かりません。 おすすめ教えてください！ Xしなやったことなく割とライトそうだと思います。,0,0
1640,2026/2/1 4:14,ゲーム,asa********,12時間44分,1,41,41.0,0,0,0.054,2.44,0.02,0.12,あと3日,https://detail.chiebukuro.yahoo.co.jp/qa/question_detail/q11324884876,コードヴェインIIについて質問です。 屍人の森に向かうための水没都市のトンネルが通れません。過去の世界から向かっているのですが、紫色の壁は阻まれて進めません。他に似たような現象も聞かなければ、水没都市...,0,0
1641,2026/2/1 4:14,ゲーム,ren********,12時間44分,0,9,9.0,0,0,0.012,0.0,0.0,0.01,あと3日,https://detail.chiebukuro.yahoo.co.jp/qa/question_detail/q10324884875,Insights Captureの不具合について質問です 過去Over Wolf版Insights Caputure（長いのでICと略します）を使用していましたが 現在新しくアップデートが入りIC V...,0,0
1642,2026/2/1 4:14,恋愛相談、人間関係の悩み,kou,12時間44分,1,22,22.0,0,1,0.029,4.55,0.01,0.13,あと3日,https://detail.chiebukuro.yahoo.co.jp/qa/question_detail/q14324884874,趣味関係の集まりで知り合った71歳と70歳の女性の運転の脚代わり？ ！に 温泉旅行に行くことになりました。（自分は52歳です） 同じ部屋で３人なのですが、70代といえど女性ですので少しドキドキしてしま...,0,0
1643,2026/2/1 4:14,生き方、人生相談,りず,12時間44分,2,29,14.5,0,0,0.038,6.9,0.01,0.17,あと3日,https://detail.chiebukuro.yahoo.co.jp/qa/question_detail/q13324884873,高校3年生女子です。 ギターの弾き語りとピアノのショート動画を流したいと思っています。 どれにあげたらいいでしょうか？ YouTube Shorts Instagram TikTok ただ、TikTo...,0,0
1644,2026/2/1 4:13,宗教,1150979566,12時間45分,8,132,16.5,0,5,0.172,6.06,0.03,0.89,あと3日,https://detail.chiebukuro.yahoo.co.jp/qa/question_detail/q11324884871,人間が聖書を学ぶより、AIが聖書教える方が、かなり効率が良くわかりやすいが戦争を起こす宗教なので辞めにしました。どう思いますか？,0,0
1645,2026/2/1 4:13,ゲーム,a283ca39b,12時間45分,3,49,16.3,0,0,0.064,6.12,0.01,0.26,あと3日,https://detail.chiebukuro.yahoo.co.jp/qa/question_detail/q10324884870,原神のパーティーについて 私はナタが始まる頃に原神を初めてナドクライの前で1度やめて最近出戻りでやってます。 冒険ランクが50で止まっていてかなり経験値も溜まってると思います。上げたいのですがそもそも...,0,0
1646,2026/2/1 4:13,携帯型ゲーム全般,ccd75e0be,12時間45分,1,33,33.0,0,0,0.043,3.03,0.01,0.11,不明,https://detail.chiebukuro.yahoo.co.jp/qa/question_detail/q14324884869,ブロスタって多少の被弾は承知で全線押し上げるべきなのか、なるべく被弾くらわないように立ち回るべきなのかどっちが正しいのか教えて欲しいです,0,0
1647,2026/2/1 4:12,政治、社会問題,vvz********,12時間46分,3,59,19.7,0,1,0.077,5.08,0.02,0.31,あと3日,https://detail.chiebukuro.yahoo.co.jp/qa/question_detail/q13324884868,何で国民審査と期日前投票の開始時期って同じじゃないんですか？,0,0
1648,2026/2/1 4:11,政治、社会問題,a1be9a80,12時間47分,0,5,5.0,0,0,0.007,0.0,0.0,0.01,あと3日,https://detail.chiebukuro.yahoo.co.jp/qa/question_detail/q10324884865,選挙ポスターについて質問です。 共同墓苑の壁に他の選挙区の候補者のポスターが貼ってあるのですが どう思いまか,0,0
1649,2026/2/1 4:11,パスポート,inb********,12時間47分,1,42,42.0,0,0,0.055,2.38,0.02,0.12,あと3日,https://detail.chiebukuro.yahoo.co.jp/qa/question_detail/q14324884864,緊急です( ; ; ) 3日後にクアラルンプールへの入国を予定しています。ですが、パスポートの残像が入国日でちょうど6ヶ月だったことに気付きました。 パスポート有効期限は2026/8/4で、マレーシア...,0,0
1650,2026/2/1 4:11,クラシック,1149722571,12時間47分,1,40,40.0,1,0,0.052,2.5,0.02,0.25,あと3日,https://detail.chiebukuro.yahoo.co.jp/qa/question_detail/q12324884862,曲の名前が分かりません。 ラソファ#(下がる)ラレファ#(上がる)ミレ(下がる)ド＃ミソシ(上がる)ラソ(下がる) というフレーズが有名でピアノかバイオリンで弾かれてることが多いと思います。,0,0
1651,2026/2/1 4:11,ゲーム,1052296846,12時間47分,2,21,10.5,0,3,0.027,9.52,0.0,0.27,あと3日,https://detail.chiebukuro.yahoo.co.jp/qa/question_detail/q11324884861,ゼンレスゾーンゼロのストーリー進行について質問です。 ※ネタバレなしでお願いします。 葉瞬光がきっかけで最近ゼンゼロを始めました。 現在はシーズン1の第4章までクリアしています。 今開催中のイベント「...,0,0
1652,2026/2/1 4:11,観光地、行楽地,顔面偏差値低,12時間48分,8,50,6.2,0,0,0.065,16.0,0.0,0.59,あと3日,https://detail.chiebukuro.yahoo.co.jp/qa/question_detail/q10324884860,夏に北海道に行きます 海鮮が苦手なのですが行くならやっぱ食べた方がいいですか？ いくら丼は苦手ですがいくらの軍艦なら食べれます,0,0
1653,2026/2/1 4:11,プロレス,1152211695,12時間48分,0,15,15.0,0,0,0.02,0.0,0.0,0.02,あと3日,https://detail.chiebukuro.yahoo.co.jp/qa/question_detail/q14324884859,STARDOMに出場していたルチャタッグDOS LOCAS DE MEXICOについてです。 テオトレコ&オシータのリングコールの際、読み上げられているニックネームを聞き取れた方はいませんか、、 えび...,0,0
1654,2026/2/1 4:11,邦楽,b1bcbd130,12時間48分,1,39,39.0,0,1,0.051,2.56,0.02,0.15,あと3日,https://detail.chiebukuro.yahoo.co.jp/qa/question_detail/q13324884858,「超かぐや姫！」という作品のエンディングに使われていたバンプオブチキンのray(超かぐや姫！ version)を聞きました。 個人的にrayはかなり好きな曲なのですがこのエンディングはまりしっくりこな...,0,0
1655,2026/2/1 4:11,税金,pit********,12時間48分,2,60,30.0,0,2,0.078,3.33,0.02,0.29,あと3日,https://detail.chiebukuro.yahoo.co.jp/qa/question_detail/q12324884857,住民税の基礎控除43万円 素人なので教えて下さい。無職者なのですが、雑所得（外貨預金の為替差益）と譲渡所得（金の売却益）があります。 私の住む市の場合には、所得が41万5000円未満であれば住民税非課...,0,0
1656,2026/2/1 4:10,恋愛相談、人間関係の悩み,むにえる,12時間49分,2,15,7.5,0,0,0.019,13.33,0.0,0.15,あと3日,https://detail.chiebukuro.yahoo.co.jp/qa/question_detail/q11324884856,突然振った苦手な相手から2年ぶりの連絡が来たらどう思いますか？,0,0
1657,2026/2/1 4:10,事件、事故,b494a3a8f,12時間49分,0,13,13.0,0,0,0.017,0.0,0.0,0.02,あと3日,https://detail.chiebukuro.yahoo.co.jp/qa/question_detail/q10324884855,千葉市若葉区失踪事件の被害者である佐久間奈々さんのご家族は現在も捜索活動をされているのでしょうか？,0,0
1658,2026/2/1 4:10,ゲーム,shuuuu,12時間49分,0,9,9.0,0,0,0.012,0.0,0.0,0.01,あと3日,https://detail.chiebukuro.yahoo.co.jp/qa/question_detail/q14324884854,ゲーム詳しい方に聞きたいです！ マイクラのゲーマータグを変えたくてXboxのアプリを入れて初回無料だったのでやってみたのですが変わりません。私はSwitchLightでやっています。5日前くらいに変え...,0,0
1659,2026/2/1 4:10,料理、食材,｡.:+* Lisa .｡:+*,12時間49分,2,18,9.0,0,2,0.023,11.11,0.0,0.23,あと3日,https://detail.chiebukuro.yahoo.co.jp/qa/question_detail/q12324884852,加ト吉の冷凍うどんの味付けに永谷園のお茶漬けは合いますか？,0,0
1660,2026/2/1 4:10,au,cb641e3bc,12時間49分,2,27,13.5,0,0,0.035,7.41,0.0,0.16,あと3日,https://detail.chiebukuro.yahoo.co.jp/qa/question_detail/q11324884851,auの料金内訳について質問です。 自分の電話番号の請求＋他の回線があるのですが、他の回線は家族のものなのですが、一部の請求（機種代など）が家族本人の携帯に行かず、自分の携帯と一緒に請求が来てる状況です...,0,0
1661,2026/2/1 4:10,病気、症状,mma********,12時間49分,1,24,24.0,0,0,0.031,4.17,0.01,0.1,あと3日,https://detail.chiebukuro.yahoo.co.jp/qa/question_detail/q10324884850,顎にニキビのようなものができ、大きく膨らむのですが、約2時間ほど経つと徐々に腫れが引いていきます。 しかし、翌日になるとまた同じくらいの大きさに膨らみ、同様に2時間ほどで小さくなるという状態を繰り返し...,0,0
1662,2026/2/1 4:10,ショッピング,はに,12時間49分,1,6,6.0,0,0,0.008,16.67,0.0,0.07,あと3日,https://detail.chiebukuro.yahoo.co.jp/qa/question_detail/q14324884849,友達の誕生日の交換会で、 AVEDAのパドルブラシとラッシュのガーデンパーティ、お金が余れば、リンツのチョコなどを入れようと思ったのですが、このプレゼントを貰って嬉しいですか？？TᴖT 教えて欲しいで...,0,0
1663,2026/2/1 4:09,特撮,レモン,12時間50分,8,58,7.2,0,0,0.075,13.79,0.01,0.59,あと3日,https://detail.chiebukuro.yahoo.co.jp/qa/question_detail/q13324884848,初代ウルトラマンは他のウルトラマンより強いかもしれないですか？ スペシウム光線。 初代が放つものは別格の威力があるという説を聞きました。,0,0
1664,2026/2/1 4:09,友人関係の悩み,1251891554,12時間50分,2,120,60.0,0,1,0.156,1.67,0.09,0.32,あと3日,https://detail.chiebukuro.yahoo.co.jp/qa/question_detail/q11324884846,仲の良い友人が、明らかに別の仲の良い友達のことを真似というかパクリをしてるので複雑です。どちらの友達のことも大好きです。 パクった友達が褒められていき、その間に元ネタの友達は調子を崩してる間にパクられ...,0,0
1665,2026/2/1 4:09,法律相談,匿名,12時間51分,2,27,13.5,0,3,0.035,7.41,0.0,0.28,あと3日,https://detail.chiebukuro.yahoo.co.jp/qa/question_detail/q10324884845,自己破産手続き中の家計簿について質問です。 弁護士先生に確認したところ、収入と光熱費、スマホ代さえ合っていればいいと言われました。 他はある程度適当で、こちらで調整しておきますとも言われました。 どこ...,0,0
1666,2026/2/1 4:09,英語,kin********,12時間51分,5,46,9.2,0,0,0.06,10.87,0.01,0.38,あと3日,https://detail.chiebukuro.yahoo.co.jp/qa/question_detail/q13324884843,be injured は、受動態で「ケガをする」だそうですが、 I didn't realize that she was injured. 彼女がケガをしていることに、気づきませんでした。 この i...,0,0
1667,2026/2/1 4:09,恋愛相談、人間関係の悩み,匿名,12時間51分,0,4,4.0,0,0,0.005,0.0,0.0,0.01,あと3日,https://detail.chiebukuro.yahoo.co.jp/qa/question_detail/q14324884844,"私(女)は祖母(享年66歳)が亡くなって凄く悲しいのに、私の祖母について、 ""生きるか生きないかは本人の好きにしてくれとしか"" と言った女性は酷いですか？",0,0
1668,2026/2/1 4:08,アニメ、コミック,a8f777249,12時間52分,1,30,30.0,0,1,0.039,3.33,0.01,0.14,不明,https://detail.chiebukuro.yahoo.co.jp/qa/question_detail/q12324884842,数年前に読んだWEB漫画のタイトルがどうしても思い出せず、探しても見つけることができません。 おそらくLINEかピッコマだと思うのですが、舞台は架空のヨーロッパのようなところで、 主人公が女の子の赤ち...,0,0
1669,2026/2/1 4:08,プロ野球,1052508475,12時間52分,2,54,27.0,1,0,0.07,3.7,0.02,0.33,あと3日,https://detail.chiebukuro.yahoo.co.jp/qa/question_detail/q11324884841,45才です。 この身体では、まだ絡んできますか？ 私、横浜在住なので関内でよく飲むのですが 野球シーズン中は読売ジャイアンツの関連衣装で待ちを歩いてよくつっかかってきます。 なので筋トレ始めました。今...,0,0
1670,2026/2/1 4:08,俳優、女優,匿名,12時間52分,3,10,3.3,1,0,0.013,30.0,0.0,0.34,あと3日,https://detail.chiebukuro.yahoo.co.jp/qa/question_detail/q10324884840,女性に、 ｢俳優みたいな顔してるね｣ と言われた男性はイケメンなのですか？,0,0
1671,2026/2/1 4:08,恋愛相談、人間関係の悩み,1251974228,12時間52分,1,23,23.0,0,0,0.03,4.35,0.01,0.09,あと3日,https://detail.chiebukuro.yahoo.co.jp/qa/question_detail/q14324884839,恋愛についの相談です。 私には付き合って2年半の恋人がいます。 お互い23歳で彼は大学院生、私は社会人です。 出会いは中学で昔から仲が良く、成人してから付き合いました。 彼は私が初めての彼女で(ずっと...,0,0
1672,2026/2/1 4:08,話題の人物,txt********,12時間52分,1,56,56.0,0,4,0.072,1.79,0.04,0.29,あと3日,https://detail.chiebukuro.yahoo.co.jp/qa/question_detail/q13324884838,大石晃子はやはり帰化人なんでしょうか？,0,0
1673,2026/2/1 4:08,職場の悩み,1150660019,12時間52分,1,46,46.0,0,0,0.06,2.17,0.03,0.12,あと3日,https://detail.chiebukuro.yahoo.co.jp/qa/question_detail/q12324884837,コンビニの深夜バイトです。 深夜のバイトに入ってる時、代わりの人が来ず、店長に連絡したのですが電話にでなかったため朝の時間の人が来るまで一時的に閉店しました。 私自身も残ることができなかったためこのよ...,0,0
1674,2026/2/1 4:08,友人関係の悩み,非公開,12時間52分,2,28,14.0,0,0,0.036,7.14,0.01,0.17,あと3日,https://detail.chiebukuro.yahoo.co.jp/qa/question_detail/q11324884836,人と関わるのが下手ってすごく大きな問題なんじゃないかと最近思い始めました。 もうすぐ高校生になる中学生ですが、周りの子みたいに普通に生きることがなぜか自分には難しくて、立ち止まってしまいます。 長くな...,0,0
1675,2026/2/1 4:07,就職活動,abt********,12時間53分,3,19,6.3,0,1,0.025,15.79,0.0,0.26,あと3日,https://detail.chiebukuro.yahoo.co.jp/qa/question_detail/q10324884835,ハロワには面接一回と書いてあったのですが二次面接を受けることになりました 中小企業の面接を受けました25歳ニートです この間元々現場経験があった業界の営業の面接を受けて、無事通過しました ただ二次面接...,0,0
1677,2026/2/1 4:07,恋愛相談、人間関係の悩み,非公開,12時間53分,4,30,7.5,0,0,0.039,13.33,0.0,0.3,あと3日,https://detail.chiebukuro.yahoo.co.jp/qa/question_detail/q12324884832,東大生は、彼女や奥さんの学歴を気にしますか？ 偏差値40代のFラン大学の女性を相手にしないですか？,0,0
1678,2026/2/1 4:07,アニメ,c3378f907,12時間53分,1,12,12.0,0,1,0.016,8.33,0.0,0.12,不明,https://detail.chiebukuro.yahoo.co.jp/qa/question_detail/q11324884831,また超かぐや姫のことですが最後のロボかぐやの魂というか意思？はヤチヨと同じものなのでしょうか？ それともたけのこの中にはヤチヨが経験した8000年のことを経験していないかぐやがいてその魂をロボット体に...,0,0
1679,2026/2/1 4:06,iPhone,b7fb44b0d,12時間54分,1,83,83.0,0,0,0.107,1.2,0.09,0.17,あと3日,https://detail.chiebukuro.yahoo.co.jp/qa/question_detail/q14324884829,買取ボルトというアップルギフトコード買取業者について質問です。 買取率100％と書かれているのですが、実際に申込された方のお話が聞きたいです 本当に振り込まれるのか？ 申込から振込までの時間、スタッフ...,0,0
1681,2026/2/1 4:06,政治、社会問題,kas********,12時間54分,0,6,6.0,0,0,0.008,0.0,0.0,0.01,あと3日,https://detail.chiebukuro.yahoo.co.jp/qa/question_detail/q14324884824,市の幹部からパワーハラスメントとみられる行為や、不適切な言動を告発された山中竹春・横浜市長は遅かれ早かれ辞任は免れないのですか？ ． https://bunshun.jp/articles/-/854...,0,0
1682,2026/2/1 4:05,恋愛相談、人間関係の悩み,a62bf9b9d,12時間56分,1,12,12.0,0,0,0.015,8.33,0.0,0.08,あと3日,https://detail.chiebukuro.yahoo.co.jp/qa/question_detail/q13324884823,皆さんからしてプライドが高い人とはどう言う人だと思いますか？ 私の周りはそういう人が多くて聞いてみました,0,0
1683,2026/2/1 4:05,模型、プラモデル、ラジコン,c5c7c37ce,12時間56分,1,15,15.0,0,1,0.019,6.67,0.0,0.12,あと3日,https://detail.chiebukuro.yahoo.co.jp/qa/question_detail/q11324884821,東京マルイ シリーズ70 黒について質問です。 表面に塗装の仕上げが禿げてくると味（エイジングウェアというのでしょうか。）っぽくなりますかね？ また、磨き込むとどうなるか知りたいです。,0,0
1684,2026/2/1 4:05,年金,90098333,12時間56分,17,146,8.6,0,0,0.188,11.64,0.02,1.28,あと3日,https://detail.chiebukuro.yahoo.co.jp/qa/question_detail/q10324884820,老人の人たちがカフェで朝ごはんを食べるのはなぜですか？厚生年金ってそんなもらえるんですか？？,0,0
1685,2026/2/1 4:05,男性アイドル,ab4f75ce0,12時間56分,1,47,47.0,0,1,0.061,2.13,0.03,0.16,あと3日,https://detail.chiebukuro.yahoo.co.jp/qa/question_detail/q14324884819,M!LKの爆裂愛してる/好きすぎて滅の発売記念イベントについて、応募しようと思っているのですが初めてなので教えてほしいです。 2SHOTなのですが、特典会中の会話は禁止となっていますが6SHOTではそ...,0,0
1686,2026/2/1 4:05,ライブ、コンサート,ーー,12時間56分,5,345,69.0,2,5,0.444,1.45,0.31,1.22,あと3日,https://detail.chiebukuro.yahoo.co.jp/qa/question_detail/q13324884818,先日NOL World（旧 インターパーク）でチケッティングをしたのですが、マイページの予約の欄から消えてしまいました。（数日前は予約の欄に表示されていました。） 同じ状況の方いらっしゃいますか、、？...,0,0
1687,2026/2/1 4:04,プレイステーション4,1151172237,12時間57分,1,4,4.0,0,0,0.005,25.0,0.0,0.07,あと3日,https://detail.chiebukuro.yahoo.co.jp/qa/question_detail/q12324884817,gta5のカジノ強盗の隠密の侵入時衣装というのは調達しなくてもいいですか？どういう効果があるのか教えてください,0,0
1688,2026/2/1 4:04,メイク、コスメ,顔面偏差値低,12時間57分,1,17,17.0,0,0,0.022,5.88,0.0,0.09,あと3日,https://detail.chiebukuro.yahoo.co.jp/qa/question_detail/q11324884816,メガ割でクッションファンデを買おうと思ってます 今はバニラコのピンクを使っていますがオススメはありますか？ 普通肌よりの乾燥肌（インナードライかもです）,0,0
1689,2026/2/1 4:04,数学,c554f8f57,12時間57分,3,22,7.3,0,0,0.028,13.64,0.0,0.22,あと3日,https://detail.chiebukuro.yahoo.co.jp/qa/question_detail/q10324884815,A3.B3.A4.B4.A5.B5大きさ違いを教えてください,0,0
1690,2026/2/1 4:04,レディース腕時計、アクセサリー,1150371526,12時間57分,0,7,7.0,0,0,0.009,0.0,0.0,0.01,あと3日,https://detail.chiebukuro.yahoo.co.jp/qa/question_detail/q14324884814,このネックレスどこのでしょうか,0,0
1691,2026/2/1 4:04,周辺機器,tom********,12時間57分,4,20,5.0,0,0,0.026,20.0,0.0,0.28,あと3日,https://detail.chiebukuro.yahoo.co.jp/qa/question_detail/q13324884813,マザーボード ASUS TUF GAMING B650M-PLUS にグラフィックボード MSI GeForce RTX 5070 Ti 16G VENTUS 3X PZ OC グラフィックスボード ...,0,0
1692,2026/2/1 4:03,レディース腕時計、アクセサリー,1150371526,12時間58分,0,9,9.0,0,0,0.012,0.0,0.0,0.01,あと3日,https://detail.chiebukuro.yahoo.co.jp/qa/question_detail/q12324884812,このネックレスどこのでしょうか,0,0
1693,2026/2/1 4:03,洋楽,a6ec9b7f4,12時間58分,0,15,15.0,0,0,0.019,0.0,0.0,0.02,あと3日,https://detail.chiebukuro.yahoo.co.jp/qa/question_detail/q11324884811,Kelly is Greenさんの SO BAD という曲のような似てる曲ってありませんか！！‬т т,0,0
1694,2026/2/1 4:03,健康、病気、病院,匿名,12時間58分,2,6,3.0,0,0,0.008,33.33,0.0,0.14,あと3日,https://detail.chiebukuro.yahoo.co.jp/qa/question_detail/q10324884810,昭和42年の時の33歳の女性の身長が157センチなのは、当時の33歳の女性としては、身長が高いですか？,0,0
1695,2026/2/1 4:03,恋愛相談、人間関係の悩み,あ,12時間58分,0,9,9.0,0,0,0.012,0.0,0.0,0.01,あと3日,https://detail.chiebukuro.yahoo.co.jp/qa/question_detail/q14324884809,付き合ってる人と遠距離の為24時間ずっと電話してるのですが、どのタイミングで1人で発散すればいいのでしょう？ 起きてから寝る寸前まで、風呂や飯や用事など除いてずっと話してます。 とても幸せなのですが人...,0,0
1696,2026/2/1 4:03,Windows 10,baa3a0488,12時間58分,2,10,5.0,0,0,0.013,20.0,0.0,0.14,あと3日,https://detail.chiebukuro.yahoo.co.jp/qa/question_detail/q12324884807,windows10 ESUを導入したのですが、windows updateに「デバイスに重要なセキュリティ修正プログラムと品質修正プログラムがありません。」と表示されます。 去年の10月以降の更新プロ...,0,0
1697,2026/2/1 4:03,携帯型ゲーム全般,1253098637,12時間58分,1,30,30.0,0,0,0.039,3.33,0.01,0.1,不明,https://detail.chiebukuro.yahoo.co.jp/qa/question_detail/q11324884806,学マスの有識者の方、お助けください。 私は1月の頭に始めた新参者です。課金しつつガチャを引いていたので、サポートの証が250たまりました。 サポカの所持状況は、画像の通りです。 「まるで王子様」「夏を...,0,0
1698,2026/2/1 4:02,恋愛相談、人間関係の悩み,c78a20cc1,12時間59分,3,16,5.3,0,0,0.021,18.75,0.0,0.21,あと3日,https://detail.chiebukuro.yahoo.co.jp/qa/question_detail/q10324884805,中学生です。 みなさんなら嫌いになった男子のインスタのフォロー外しますか？ その男子のせいで最近学校にあまり行けてません。 相互なんですけど外したらもし気づれた時にまた裏で言われそうで、、,0,0
1699,2026/2/1 4:02,生き方、人生相談,まちゃ,13時間0分,1,26,26.0,0,0,0.033,3.85,0.01,0.1,あと3日,https://detail.chiebukuro.yahoo.co.jp/qa/question_detail/q14324884804,1年ほど前からずっと大切にしている言葉があります。 歌手のAK-69さんの言葉なのですが、今の自分にもすごく響いています。 「自分に約束したのにその約束破ったら 自分のこと信じれなくなるだろう それが...,0,0
1700,2026/2/1 4:02,恋愛相談、人間関係の悩み,あ,13時間0分,4,36,9.0,0,2,0.046,11.11,0.0,0.38,あと3日,https://detail.chiebukuro.yahoo.co.jp/qa/question_detail/q13324884803,どんな意見も受け入れます 大学生です。 高校時代に仲の良かった女性がいます。 卒業後は一度疎遠になりましたが、 大学1年の頃に再び連絡を取るようになり、 その頃はお互いに好意があり、何度か会ったり、 ...,0,0
1701,2026/2/1 4:02,テーマパーク,bla********,13時間0分,1,18,18.0,0,0,0.023,5.56,0.0,0.09,あと3日,https://detail.chiebukuro.yahoo.co.jp/qa/question_detail/q12324884802,有識者の方教えて下さい！ 2月前半の平日にランドへ行きます。 入園後ビックサンダーのプライオリティパスが取りたいのですが9:50分位に発券したとして何時頃乗車のが取れると思われますか？というのも修学旅...,0,0
1702,2026/2/1 4:01,ヘアスタイル,とと,13時間1分,3,34,11.3,0,0,0.044,8.82,0.0,0.24,あと3日,https://detail.chiebukuro.yahoo.co.jp/qa/question_detail/q11324884801,髪を染めたいのですがブリーチをしたくありません。 美容師さんに相談したところ、オリーブベージュという色を提案してもらいました！ ですがあまり黄色系が得意ではないので、色落ちしたらベージュ味が強くならな...,0,0
1703,2026/2/1 4:01,数学,ゆき,13時間1分,0,24,24.0,0,0,0.031,0.0,0.0,0.03,あと3日,https://detail.chiebukuro.yahoo.co.jp/qa/question_detail/q14324785679,xのオールドアカウント買いたいんですけどおすすめのサイト教えてほしいです,0,0
1704,2026/2/1 4:01,アニメ,ask********,13時間1分,0,13,13.0,0,0,0.017,0.0,0.0,0.02,あと3日,https://detail.chiebukuro.yahoo.co.jp/qa/question_detail/q14324785789,五等分の花嫁の5つ子のマンションの部屋とすごく似てる部屋がなんかのアニメであった気がしたんですけどどうしても思い出せなくてわかる方教えて欲しいです。,0,0
1705,2026/2/1 4:01,大学受験,med,13時間1分,0,15,15.0,0,0,0.019,0.0,0.0,0.02,あと3日,https://detail.chiebukuro.yahoo.co.jp/qa/question_detail/q14324785444,慈恵医大と入試、入試問題の質が似ている国公立大学医学部を教えてください,0,0
1706,2026/2/1 4:01,おもちゃ,teb********,13時間1分,0,11,11.0,0,0,0.014,0.0,0.0,0.01,あと3日,https://detail.chiebukuro.yahoo.co.jp/qa/question_detail/q14324785399,呪術廻戦の伏黒甚爾のプライズフィギュアで出来が良いのを教えてください。1個じゃなくてもいいので…。 出来れば高さ22cm～あるものでお願いします,0,0
1707,2026/2/1 4:01,コミック,acfaeb2ed,13時間1分,0,50,50.0,0,0,0.064,0.0,0.0,0.06,あと3日,https://detail.chiebukuro.yahoo.co.jp/qa/question_detail/q14324785619,平成17年生まれの大学2回生なんですが小学生の頃に図書館で読んだ漫画のタイトルを探しています。 ・児童向け漫画 ・動物が擬人化されていて、人間はほとんど出てこない ・オオカミなどの動物キャラが登場 ・...,0,0
1708,2026/2/1 4:01,事件、事故,hak********,13時間1分,1,49,49.0,0,0,0.063,2.04,0.03,0.13,あと3日,https://detail.chiebukuro.yahoo.co.jp/qa/question_detail/q14324785404,2022年のクリスマスに埼玉県で家族3人が近所の男に殺害される事件がありました。 夫婦2人とその娘1人が殺害されて、夫はアメリカ人でした。 あれから3年以上経ちますが、加害者の裁判はまだ始まってないん...,0,0
1709,2026/2/1 4:01,ライブ、コンサート,b84956b9f,13時間1分,0,5,5.0,0,0,0.006,0.0,0.0,0.01,あと3日,https://detail.chiebukuro.yahoo.co.jp/qa/question_detail/q14324785449,ハイアンドロー、クローズWORSTの質問です。 どちらが勝つと思いますか？ 九頭神竜男VSコブラ 九頭神竜男VS村山 九頭神竜男VSロッキー 九頭神竜男VS日向 九頭神竜男VSスモーキー,0,0
1710,2026/2/1 4:01,ヘアケア,クリス,13時間1分,0,26,26.0,0,0,0.033,0.0,0.0,0.03,あと3日,https://detail.chiebukuro.yahoo.co.jp/qa/question_detail/q13324785778,スキンヘッドの方にお聞きします スキンヘッドは毎日剃るのですか？ また、後ろはどうやって剃るのですか？,0,0
1711,2026/2/1 4:01,音楽,b4f077f26,13時間1分,0,19,19.0,0,0,0.024,0.0,0.0,0.02,あと3日,https://detail.chiebukuro.yahoo.co.jp/qa/question_detail/q13324785553,知りたい曲があります。 先程TikTokを見ていたら女の子が木に埋まってる？桃の擬人化？みたいMVの曲がありました。 桃の女の子はなにか恋愛感情を抱いてて、相手の人にパートナーがいると腐っていく？みた...,0,0
1712,2026/2/1 4:01,音楽,1151356683,13時間1分,1,28,28.0,0,0,0.036,3.57,0.01,0.1,あと3日,https://detail.chiebukuro.yahoo.co.jp/qa/question_detail/q13324785403,至急 SHISHAMOの曲でそんなやつじゃないんだしあーこわいきずいたらと言う歌詞が入っている曲を探しています。 わかる方教えて頂きたいです。,0,0
1713,2026/2/1 4:01,レディース全般,非公開,13時間1分,1,23,23.0,0,3,0.029,4.35,0.01,0.21,あと3日,https://detail.chiebukuro.yahoo.co.jp/qa/question_detail/q13324785658,ミラコレの薄型をフリマで買おうと思ってるんですが、ケースが可愛すぎて決められません。 ブルー・グリーン系が好きなのでこのふたつから選びたいです。 どっち推しですか？？？ ご意見聞かせてください！！！,0,0
1714,2026/2/1 4:01,マッサージ、整体,猫M,13時間1分,0,16,16.0,0,0,0.02,0.0,0.0,0.02,あと3日,https://detail.chiebukuro.yahoo.co.jp/qa/question_detail/q13324785413,梅田で1番安いマッサージ屋教えてください,0,0
1715,2026/2/1 4:01,ツイキャス,薬階堂ふみ,13時間2分,0,20,20.0,0,0,0.026,0.0,0.0,0.03,あと3日,https://detail.chiebukuro.yahoo.co.jp/qa/question_detail/q13324785478,ツイキャスでコメントが見えないのですがブロックされてということですか？ 以前から自分は暴言を吐いてまして、かなりのリスナーから嫌われていますし、コメントをしてもスルーされています。 そんな中、Aさん一...,0,0
1716,2026/2/1 4:01,就職活動,働きたい,13時間2分,1,58,58.0,0,0,0.074,1.72,0.04,0.14,あと3日,https://detail.chiebukuro.yahoo.co.jp/qa/question_detail/q13324785453,豊田自動織機を自己都合で退職した正社員です。ある事情でまた同じ会社、もしくはトヨタグループで期間か派遣で働きたいと思うのですが無理でしょうか？,0,0
1717,2026/2/1 4:01,国内,chihiro427,13時間2分,0,11,11.0,0,0,0.014,0.0,0.0,0.01,あと3日,https://detail.chiebukuro.yahoo.co.jp/qa/question_detail/q13324785768,名古屋と三河ではどっちが金持ちが多いですか？,0,0
1718,2026/2/1 4:01,プロ野球,1049694442,13時間2分,0,17,17.0,0,0,0.022,0.0,0.0,0.02,あと3日,https://detail.chiebukuro.yahoo.co.jp/qa/question_detail/q12324785752,東京ドーム 見切れ席 外野 東京ドームの野球観戦について質問です。 ライト外野指定席の58通路 17列503〜506番までの座席だと、どれくらいポールに被って見えづらいかなど教えて頂きたいです。 見切...,0,0
1719,2026/2/1 4:01,ライブ、コンサート,rei,13時間2分,0,36,36.0,0,0,0.046,0.0,0.0,0.05,あと3日,https://detail.chiebukuro.yahoo.co.jp/qa/question_detail/q12324785662,複数名義、多名義に理解のある方のみお願いします。 チケットサイト(ぴあなど)で複数名義を作る際名前、住所が同じだと作れないですか？ 電話番号、メールアドレスは複数あります。 複数名義所持されてる方はど...,0,0
1720,2026/2/1 4:01,Instagram,unknown,13時間2分,1,22,22.0,0,0,0.028,4.55,0.01,0.09,あと3日,https://detail.chiebukuro.yahoo.co.jp/qa/question_detail/q12324785657,Instagramで相手のプロフィールに飛んだら｢このプロフィールは利用できません｣と表示され、本来フォローと書いてある青いところが灰色で｢ユーザーが見つかりませんでした｣になっていた場合、 自分はブ...,0,0
1721,2026/2/1 4:01,病気、症状,名無し,13時間2分,0,35,35.0,0,0,0.045,0.0,0.0,0.04,あと3日,https://detail.chiebukuro.yahoo.co.jp/qa/question_detail/q12324785472,汚い話ですみません。 朝起きると必ず両鼻に大量の鼻クソが溜まっています。鼻の壁に張り付く感じです。 鼻水は全然出ていないのに毎日こうなるので、取るのが面倒です。 何か予防する方法はありますか？,0,0
1722,2026/2/1 4:01,病気、症状,あいうえお,13時間2分,1,21,21.0,0,0,0.027,4.76,0.01,0.09,あと3日,https://detail.chiebukuro.yahoo.co.jp/qa/question_detail/q11324785591,1週間前に喉の左側に腫れたような感覚があり、その腫れは数日で治ったのですが次は右側が乾燥で荒れたような感じがあって唾飲み込むと耳奥は痛いし、こめかみ部分は触らなくても触っても痛いのですが、 なんなので...,0,0
1723,2026/2/1 4:01,動画サービス,1052272390,13時間2分,0,10,10.0,0,0,0.013,0.0,0.0,0.01,あと3日,https://detail.chiebukuro.yahoo.co.jp/qa/question_detail/q11324785571,TikTokなどで2chまとめ動画がよく回ってきますが、 必ずと言っていいほど背景で砂を切ったり職人が施工してたりする動画が流れています。 多種多様な爽快な動画を配布しているサイトがあるのでしょうか？...,0,0
1724,2026/2/1 4:01,美容整形,c6b17e02c,13時間2分,1,19,19.0,0,0,0.024,5.26,0.0,0.09,あと3日,https://detail.chiebukuro.yahoo.co.jp/qa/question_detail/q11324785396,鼻整形後、いつからシーシャOKですか？,0,0
1725,2026/2/1 4:01,フィギュアスケート,c55d729cf,13時間2分,0,26,26.0,0,0,0.033,0.0,0.0,0.03,あと3日,https://detail.chiebukuro.yahoo.co.jp/qa/question_detail/q10324785715,童貞鬱です 今からフン牛わスケートのプロになれますか？,0,0
1726,2026/2/1 4:01,これ、探してます,por********,13時間2分,0,13,13.0,0,0,0.017,0.0,0.0,0.02,あと3日,https://detail.chiebukuro.yahoo.co.jp/qa/question_detail/q10324785770,アカカベアプリのクーポンをだそうとしたら最寄の店舗がありませんと出ましたがそんなの関係あります？,0,0
1727,2026/2/1 4:01,就職活動,daj,13時間2分,2,30,15.0,0,0,0.038,6.67,0.01,0.17,あと3日,https://detail.chiebukuro.yahoo.co.jp/qa/question_detail/q10324785625,情報工学科卒で地方で就職する場合、未上場のIT企業行くなら地銀のシステム科入った方がいいですか？地方ではIT企業自体は少なく、あったとしても中小規模がほとんどです。 地方銀行のシステム科のメリットとし...,0,0
1728,2026/2/1 4:01,カフェ、喫茶,ooi********,13時間2分,0,33,33.0,0,0,0.042,0.0,0.0,0.04,あと3日,https://detail.chiebukuro.yahoo.co.jp/qa/question_detail/q10324785635,コメダ珈琲 おかげ庵、全国展開しそうですか？,0,0
1729,2026/2/1 4:01,女性アイドル,1150050031,13時間2分,0,23,23.0,0,0,0.029,0.0,0.0,0.03,あと3日,https://detail.chiebukuro.yahoo.co.jp/qa/question_detail/q10324785410,＝LOVEの野口衣織さんのリンクを購読するか迷っているのですが、更新頻度ってどんな感じですか？,0,0
1730,2026/2/1 4:01,言葉、語学,非公開,13時間2分,0,16,16.0,0,0,0.02,0.0,0.0,0.02,あと3日,https://detail.chiebukuro.yahoo.co.jp/qa/question_detail/q10324785445,外国語を勉強したいのですが交流できるアプリとか活かせる場はないでしょうか？ 英語以外の言語で学びたいものがあるのですが、 交流アプリは英語しかなくて、 あまり豊かではないので将来旅行に行くのもきっと無...,0,0
1731,2026/2/1 4:01,ゲーム,cb4c4b515,13時間3分,0,20,20.0,0,0,0.026,0.0,0.0,0.03,あと3日,https://detail.chiebukuro.yahoo.co.jp/qa/question_detail/q10324785395,ゲームのサントラを探しています。 1〜2年ほど前にTwitterに流れてきて、いいなと思ってブックマークしてたのですが消えてました。 緑のドット絵で少年？のような人が描いてあるジャケットだった気がしま...,0,0
1732,2026/2/1 4:00,職場の悩み,c2faffc8b,13時間4分,7,51,7.3,0,7,0.065,13.73,0.0,0.78,あと3日,https://detail.chiebukuro.yahoo.co.jp/qa/question_detail/q14324884799,高3です。バイト先のお店にプライベートで行くのはあまり良くないですか？ 1ヶ月半くらい前からイタリアンでバイトをしています。コース料理のシステムや、色々と客目線だったらどうなんだろうと思う点があるので...,0,0
1733,2026/2/1 4:00,アルバイト、フリーター,非公開,13時間4分,2,25,12.5,0,0,0.032,8.0,0.0,0.16,あと3日,https://detail.chiebukuro.yahoo.co.jp/qa/question_detail/q13324884798,現在高校3年で卒業済みのものです。 バイトを始めたいのですがオープニングスタッフのセブンイレブンかアカカベ薬局のバイトですごく迷っています。もしどちらか経験したことのある方楽しかったことやしんどかった...,0,0
1734,2026/2/1 4:00,Android,can********,13時間4分,1,9,9.0,0,0,0.011,11.11,0.0,0.08,あと3日,https://detail.chiebukuro.yahoo.co.jp/qa/question_detail/q12324884797,Galaxy A53 docomo版 OneUI 8 のアップデートが一時中断となっているのですが 何か理由があるのでしょうか？ https://www.docomo.ne.jp/support/pr...,0,0
1735,2026/2/1 4:00,俳優、女優,薬階堂ふみ,13時間4分,1,16,16.0,0,3,0.02,6.25,0.0,0.2,あと3日,https://detail.chiebukuro.yahoo.co.jp/qa/question_detail/q11324884796,【問題】薬師丸ひろ子と堀北真希の、芸能界でビッグすぎる共通点とは！？ え？これって、どちらかのファンならば、普通に誰でも分かりますよね？？,0,0
1736,2026/2/1 4:00,飲食店,1050513789,13時間4分,1,6,6.0,0,0,0.008,16.67,0.0,0.07,あと3日,https://detail.chiebukuro.yahoo.co.jp/qa/question_detail/q10324884795,つけ麺雀みたいな店って都内とか関東にありますか？ 関西から関東に引っ越してきて、好みのつけ麺屋さんを探しているのですが、大阪で一番好きだったのが、つけ麺雀で、似たような感じの、またはそれが好きならここ...,0,0
1737,2026/2/1 4:00,福祉、介護,ugl********,13時間4分,8,92,11.5,1,6,0.117,8.7,0.01,0.98,あと3日,https://detail.chiebukuro.yahoo.co.jp/qa/question_detail/q14324884794,認知症の祖母の介護(生活の手伝い)をしてます。 毎日しんどくてどうすれば良いのかわかりません。 長文です。 【祖母】 ・母方の祖母 ・元は叔父(母の弟)と祖母で2人暮らし ・自宅暮らし ・昨年、1人で...,0,0
1738,2026/2/1 3:59,美術館、博物館,1150108907,13時間5分,1,16,16.0,0,0,0.02,6.25,0.0,0.08,あと3日,https://detail.chiebukuro.yahoo.co.jp/qa/question_detail/q13324884793,関西圏で今おすすめの美術展はありますか？ 2/7に友人の課題で美術館に行くというものがありおともすることになりました。 そこで私たちどちらとも美術館などに行ったことがないのですが、初見でも楽しめるよう...,0,0
1739,2026/2/1 3:59,デンタルケア,1153103319,13時間5分,0,12,12.0,0,0,0.015,0.0,0.0,0.02,あと3日,https://detail.chiebukuro.yahoo.co.jp/qa/question_detail/q12324884792,現在マウスピース矯正が終わり、リテーナー中なのですが、だんだん仕上がりに納得がいかず、悩んでいます。 元々前歯が少し出ていて、それが本当に嫌で社会人になって一生懸命お金を貯めて始めました。 その前歯が...,0,0
1740,2026/2/1 3:59,家族関係の悩み,kei********,13時間5分,7,114,16.3,8,25,0.145,6.14,0.02,2.56,あと3日,https://detail.chiebukuro.yahoo.co.jp/qa/question_detail/q11324884791,養育費についてです。 今年元嫁さんの一人息子さんが18歳を迎えます。うちは5歳と9歳の子供がいます。 私は40、夫は48です。 結婚前夫が独身未婚だと思って付き合っていましたが、2年半付き合った辺りで...,0,0
1741,2026/2/1 3:59,ゲーム,gio********,13時間5分,2,9,4.5,0,0,0.011,22.22,0.0,0.14,あと3日,https://detail.chiebukuro.yahoo.co.jp/qa/question_detail/q10324884790,ゼルダの伝説ブレスオブザワイルドでアミーボのリセマラって可能でしょうか？ 可能であればやり方を教えていただきたいです。,0,0
1742,2026/2/1 3:59,恋愛相談、人間関係の悩み,匿名,13時間5分,2,13,6.5,0,0,0.017,15.38,0.0,0.14,あと3日,https://detail.chiebukuro.yahoo.co.jp/qa/question_detail/q14324884789,イケメンで、身長が高くて、中学校も高校も高校も大学も○○地方で1番偏差値が高い学校に通っていて、証券会社員の経理課長で、月給が100万円の男性は、ステータスが高いですか？,0,0
1743,2026/2/1 3:58,ゲーム,c229576eb,13時間6分,1,19,19.0,0,0,0.024,5.26,0.0,0.09,あと3日,https://detail.chiebukuro.yahoo.co.jp/qa/question_detail/q12324884787,ツイステのオリキャラを作るため、おすすめのディズニーヴィランズを教えてください！既に登場しているインスパイア元のキャラはなしでお願いいたします！,0,0
1744,2026/2/1 3:58,自動車,1150465961,13時間7分,3,54,18.0,0,4,0.069,5.56,0.01,0.41,不明,https://detail.chiebukuro.yahoo.co.jp/qa/question_detail/q13324884788,アルファードシフトノブ(エレクトロシフト)について 1週間前にアルファード40系を注文しました。 こちらも無知なまま契約を進めていたので落ち度はあるのですが、担当者から｢自動駐車機能はいりますか？｣と...,0,0
1745,2026/2/1 3:58,自動車,kis********,13時間7分,1,16,16.0,0,0,0.02,6.25,0.0,0.08,あと3日,https://detail.chiebukuro.yahoo.co.jp/qa/question_detail/q11324884786,HONDA車に乗っていて クルコンとレーンキープアシストを使用しているのですが レーンキープアシストが外れても無音で怖いのですが 外れたら音が鳴る設定などにする方法はありますか？,0,0
1746,2026/2/1 3:58,資産運用、投資信託、NISA,jij********,13時間7分,0,19,19.0,0,0,0.024,0.0,0.0,0.02,あと3日,https://detail.chiebukuro.yahoo.co.jp/qa/question_detail/q10324884785,仮想通貨の中国の取引所クーコインについて。 2017年ごろにクーコインで20万ほどのビットコインをコインチェックから送金して宝くじを買うような感覚でアルトコインを適当に何個か買いました。 その後スマホ...,0,0
1747,2026/2/1 3:58,アニメ,1053237265,13時間7分,1,18,18.0,0,0,0.023,5.56,0.0,0.09,あと3日,https://detail.chiebukuro.yahoo.co.jp/qa/question_detail/q14324884784,アニメの色収差について チ。を見ていたのですが至る箇所で色収差のようなものが使われていました これはなぜだと思いますか？,0,0
1748,2026/2/1 3:57,一人暮らし、シングルライフ,b1d7214ed,13時間8分,3,26,8.7,0,0,0.033,11.54,0.0,0.22,あと3日,https://detail.chiebukuro.yahoo.co.jp/qa/question_detail/q11324884781,まだ先の話にはなりますが、7月過ぎ頃に彼氏が1Kの部屋に一人暮らしをするのですが、そこに私が週に2.3回程度遊びに行くのは契約違反でしょうか？,0,0
1749,2026/2/1 3:57,大学受験,hkf********,13時間8分,1,19,19.0,0,0,0.024,5.26,0.0,0.09,あと3日,https://detail.chiebukuro.yahoo.co.jp/qa/question_detail/q10324884780,バイトしながら宅浪で私文から理転して共テで8割取るのってどれくらいすごいですか？,0,0
1750,2026/2/1 3:57,運転免許,非公開,13時間8分,4,76,19.0,0,0,0.096,5.26,0.02,0.35,あと3日,https://detail.chiebukuro.yahoo.co.jp/qa/question_detail/q14324884779,大型2種の一発試験ってかなり難しいんでしょうか？ 実際、トライして合格した方の経験談を聞きたいです。 何回受けて合格したのか？ 期間はどのくらいかかったか？ どんな所に注意してきたetc… あと取得し...,0,0
1751,2026/2/1 3:57,ゲーム,あ,13時間8分,0,2,2.0,0,0,0.003,0.0,0.0,0.0,あと3日,https://detail.chiebukuro.yahoo.co.jp/qa/question_detail/q13324884778,Twitchとかのが見れるどこリスってID変更されてても過去のコメント追跡できるんですか？,0,0
1752,2026/2/1 3:57,エアコン、空調家電,bas********,13時間8分,0,16,16.0,0,0,0.02,0.0,0.0,0.02,あと3日,https://detail.chiebukuro.yahoo.co.jp/qa/question_detail/q12324884777,先日デロンギのオイルヒーターMDHAA15WiFi-BKを買いました。運転中ずっとカチカチ、パチパチという音が鳴っています。約30秒に一回です。 暖まるまでは金属の収縮で音が鳴るのは普通と説明書に書い...,0,0
1753,2026/2/1 3:57,男性アイドル,まめたろう,13時間8分,1,21,21.0,0,1,0.027,4.76,0.01,0.13,あと3日,https://detail.chiebukuro.yahoo.co.jp/qa/question_detail/q10324884775,ジャニーズFCについて 近々FCに入会する予定のド新規なのですが、同じ名義でスマホとiPadの2端末でログイン、映像などを視聴することは可能でしょうか？,0,0
1754,2026/2/1 3:56,友人関係の悩み,1151250153,13時間9分,3,48,16.0,2,1,0.061,6.25,0.01,0.54,あと3日,https://detail.chiebukuro.yahoo.co.jp/qa/question_detail/q12324884772,自分の話しかしない人は何故? 人生で何人かは見かけます。ただ私の言ってる人は遥かに超えるレベルで意味がわからない。 自分の話しかしない人。これだけ聞いたらナルシストや承認欲求の高い人間という場合が多い...,0,0
1755,2026/2/1 3:56,携帯電話キャリア,@,13時間9分,2,44,22.0,0,0,0.056,4.55,0.01,0.18,あと3日,https://detail.chiebukuro.yahoo.co.jp/qa/question_detail/q11324884771,私は現在、ソフトバンクの「iPhone 14 実質1円」を利用しており、もうすぐ利用開始から2年目になります。 今後もお得にiPhoneを使いたいため、電話番号はそのままで、ahamo（ドコモ）の「i...,0,0
1756,2026/2/1 3:56,俳優、女優,1543185420852,13時間9分,0,5,5.0,0,0,0.006,0.0,0.0,0.01,あと3日,https://detail.chiebukuro.yahoo.co.jp/qa/question_detail/q10324884770,オスカープロモーション 子供部って誰でも受かりますか？ newsエンターテイメントやテアトル、クラージュキッズは合格率ほぼほぼ100%だと聞きました。,0,0
1757,2026/2/1 3:56,宗教,Ø,13時間9分,1,83,83.0,0,2,0.105,1.2,0.09,0.24,あと3日,https://detail.chiebukuro.yahoo.co.jp/qa/question_detail/q14324884769,神や仏、天国、地獄、弥陀の誓願、浄土を信じるファンタジー脳が妄想展開する危険な世界 【妄想の極致と具現化 この世もあの世も幻影である】 byニコるん ■天国とか浄土が現象展開しない理由 人の思考の限界...,0,0
1758,2026/2/1 3:56,恋愛相談、人間関係の悩み,1150902365,13時間9分,3,25,8.3,0,0,0.032,12.0,0.0,0.22,あと3日,https://detail.chiebukuro.yahoo.co.jp/qa/question_detail/q13324884768,日本人の中年男性はオシャレに気を使う人が少ない気がするのですが、なぜですか？ 禿げてる人や眼鏡は論外として、渋い色の服ばかり着ていますよね。,0,0
1759,2026/2/1 3:56,ライブ、コンサート,こつぶ,13時間9分,2,44,22.0,0,0,0.056,4.55,0.01,0.18,あと3日,https://detail.chiebukuro.yahoo.co.jp/qa/question_detail/q12324884767,Da-iCEのライブについて質問です。 公演中の写真撮影、動画、録音などが禁止なのはわかっているのですが、公演前の会場内の撮影も禁止なのでしょうか？？ また、SNS等にあげるのも禁止ですか？,0,0
1760,2026/2/1 3:55,音楽,hdq********,13時間11分,1,25,25.0,0,0,0.032,4.0,0.01,0.09,不明,https://detail.chiebukuro.yahoo.co.jp/qa/question_detail/q10324884765,この動画に使われているbgmの名前教えていただきたいです。自分で色々検索してみましたが見つかりませんでした。 https://youtu.be/XUS0n0h0nEk?si=XUjeANAD3E5-0...,0,0
1761,2026/2/1 3:55,病気、症状,うー,13時間11分,4,58,14.5,0,0,0.073,6.9,0.01,0.33,あと3日,https://detail.chiebukuro.yahoo.co.jp/qa/question_detail/q14324884764,知恵袋ならではの、知恵袋でしかできない質問をします。 大人の皆さん。 鼻くそほじりますか？ サラサラの鼻水だけなら、鼻かめばある程度スッキリするでしょう。 でも当然、ねばねば、カピカピの場合もあり、ほ...,0,0
1762,2026/2/1 3:55,中古車,ＫＡＤＯＵ,13時間11分,4,44,11.0,0,3,0.056,9.09,0.01,0.42,あと3日,https://detail.chiebukuro.yahoo.co.jp/qa/question_detail/q13324884763,ここのサイトは怪しいですか？ 車の部品を買おうと検討しているですが,0,0
1763,2026/2/1 3:55,住宅,1149744241,13時間11分,0,20,20.0,0,0,0.025,0.0,0.0,0.03,あと3日,https://detail.chiebukuro.yahoo.co.jp/qa/question_detail/q12324884762,部屋から異音がする ３日前から特定の場所から異音が鳴るようになりました。言葉では言い表せにくいのですが「低周波音、ブーンとなにか低いモーター音、空気が振動して伝わってくる」感じ、です。 特定の場所は、...,0,0
1764,2026/2/1 3:55,大学,1150541206,13時間11分,5,30,6.0,0,0,0.038,16.67,0.0,0.35,あと3日,https://detail.chiebukuro.yahoo.co.jp/qa/question_detail/q11324884761,大学の卒論はどこまでAIの利用を許容できると思います？ 0.情報収集 1.文章の添削 2.利用者の思考の整理、言語化、文章化 3.結果の評価、考察 また、活用例なども教えて頂きたいです。,0,0
1765,2026/2/1 3:54,ドラマ,回答メロンパン,13時間12分,8,109,13.6,0,5,0.138,7.34,0.02,0.83,あと3日,https://detail.chiebukuro.yahoo.co.jp/qa/question_detail/q10324884760,NHK朝ドラの「おしん」の父親は、貧乏なのに次々と子供をうませたのは何故？,0,0
1766,2026/2/1 3:54,外国映画,1052248246,13時間12分,3,36,12.0,0,2,0.045,8.33,0.01,0.31,あと3日,https://detail.chiebukuro.yahoo.co.jp/qa/question_detail/q13324884758,うろ覚えであまり覚えてないんですけど、映画『インターステラー』でなぜクーパーはブラックホールに行ったんでしたっけ？ブラックホールのデータが欲しかったからとか？,0,0
1767,2026/2/1 3:54,恋愛相談、人間関係の悩み,mpg********,13時間12分,4,72,18.0,0,2,0.091,5.56,0.02,0.42,あと3日,https://detail.chiebukuro.yahoo.co.jp/qa/question_detail/q12324884757,皆さんならどうしますか？長いです。優しい回答お待ちしてます。質問が三つあります。 大学一年の女です。彼氏はできたことありません。 大学に入学して過去最大級に好きな人「Aさん」ができました。 6月に出会...,0,0
1768,2026/2/1 3:54,病気、症状,1252773446,13時間12分,2,28,14.0,0,0,0.035,7.14,0.0,0.16,あと3日,https://detail.chiebukuro.yahoo.co.jp/qa/question_detail/q13324884753,最近お腹の下？ らへんで尻の近くでガス見たいのが溜まってそのまま我慢してガス見たいのが消えた時音が鳴る事があるのですが、今度試験があるもんで、困っています、なぜなるのか、その原因と解決方法を教えてくれ...,0,0
1769,2026/2/1 3:53,経済、景気,1150992881,13時間13分,8,63,7.9,0,8,0.079,12.7,0.01,0.88,あと3日,https://detail.chiebukuro.yahoo.co.jp/qa/question_detail/q11324884751,資本主義は何がしたいんですか？信用創造とか言う曖昧なもので世界のお金の総量を増やし続けて何がしたいのですか？俺らはどこに向かってんの？,0,0
1770,2026/2/1 3:53,薄毛、抜け毛,名無し,13時間13分,1,20,20.0,0,0,0.025,5.0,0.01,0.09,あと3日,https://detail.chiebukuro.yahoo.co.jp/qa/question_detail/q14324884749,この生え際は薄いでしょうか？皆さんの率直な回答をいただけると嬉しいです。 34歳男です。 左側の生え際が右側に比べ薄いように見えてしまいます。 ごまかしが効かないように見ていただきたいため、お風呂上が...,0,0
1771,2026/2/1 3:53,クレジットカード,uza********,13時間13分,2,26,13.0,0,0,0.033,7.69,0.0,0.16,あと3日,https://detail.chiebukuro.yahoo.co.jp/qa/question_detail/q13324884748,Amazonで先程商品をクレジットカードで、4点購入したのですが、 まだひとつの商品しか引き落としがされていません。なぜでしょうか？。 まだ照会中で表示されていないだけなのでしょうか？ 購入してから1...,0,0
1772,2026/2/1 3:53,動物,レモン,13時間13分,1,8,8.0,0,0,0.01,12.5,0.0,0.07,あと3日,https://detail.chiebukuro.yahoo.co.jp/qa/question_detail/q12324884747,絶滅危惧種の動物とか遠目から見てみたいですか？ 動物園などで。 動物によっては近すぎると怖いから。,0,0
1773,2026/2/1 3:52,高校受験,海鮮丼,13時間15分,4,57,14.2,0,0,0.072,7.02,0.01,0.32,あと3日,https://detail.chiebukuro.yahoo.co.jp/qa/question_detail/q14324884744,行きたい高校の倍率が0.52で中三の基礎がほとんどわかってない状態です。定員割れって絶対合格できますかね？,0,0
1774,2026/2/1 3:52,メール,pss********,13時間15分,3,132,44.0,0,5,0.166,2.27,0.07,0.54,あと3日,https://detail.chiebukuro.yahoo.co.jp/qa/question_detail/q13324884743,JCBカードから身に覚えのない請求がきました。利用時刻も勤務中であったため、利用していません。メールアドレスがcustomer@eyed.jp となっており、JCBからの通知ではなさそうです。同じ様な...,0,0
1775,2026/2/1 3:52,ライブ、コンサート,af6abcaed,13時間15分,1,32,32.0,0,0,0.04,3.12,0.01,0.1,あと3日,https://detail.chiebukuro.yahoo.co.jp/qa/question_detail/q11324884741,対バンライブ(Zepp Namba)についての質問です。 １、 長時間なのですが再入場は可能でしょうか？ 例 入場⇒スタバ⇒再入場 2、 お目当て特典(5秒動画)があるのですが、開演時間過ぎてから入場...,0,0
1776,2026/2/1 3:52,恋愛相談、人間関係の悩み,1152125481,13時間15分,1,26,26.0,0,0,0.033,3.85,0.01,0.1,あと3日,https://detail.chiebukuro.yahoo.co.jp/qa/question_detail/q10324884740,グループ内での恋愛についてです 私は今大学生２年で、女子２人＋男子６人のグループです。元々男女別でしたが、私はそもそも女子２人だけでずっと過ごすつもりはなく、私が男子グループと仲良くなり始めたことをき...,0,0
1777,2026/2/1 3:52,プロ野球,1150979566,13時間15分,0,19,19.0,0,0,0.024,0.0,0.0,0.02,あと3日,https://detail.chiebukuro.yahoo.co.jp/qa/question_detail/q14324884739,今の野球は、醍醐味は、全くありません。予告ファーボールです。しかし、パ・リーグで、日本ハムの柏原が敬遠の球を打ちホームランになった若い頃を思い出します。まさに不意打ちです。これこそ野球の神髄です。 紛...,0,0
1778,2026/2/1 3:52,交通、運転マナー,SAM,13時間15分,0,18,18.0,0,0,0.023,0.0,0.0,0.02,あと3日,https://detail.chiebukuro.yahoo.co.jp/qa/question_detail/q13324884738,ベッコリいってるけど脇見か飲酒か何かと錯覚したんかな？ マンガの顔面パンチ食らったヤツみたくなっとるな パトカーが信号柱に衝突、新潟市東区…近隣住民「雪で滑っているようには見えなかった」 2026/1...,0,0
1779,2026/2/1 3:51,政治、社会問題,YES！キリスト,13時間16分,5,33,6.6,0,3,0.041,15.15,0.0,0.47,あと3日,https://detail.chiebukuro.yahoo.co.jp/qa/question_detail/q12324884737,右派や左派で騒いでる人がいますがどちらがいいんでしょうか。日本男児たるもの天皇陛下に命を捧げ死ぬまで戦い続ける大和魂が大切だと思います。自分は右派でも左派でもないです,0,0
1780,2026/2/1 3:51,恋愛相談、人間関係の悩み,匿名,13時間16分,2,17,8.5,0,2,0.021,11.76,0.0,0.22,あと3日,https://detail.chiebukuro.yahoo.co.jp/qa/question_detail/q11324884736,女性に質問 月給が100万円の男性の妻を羨ましいと思いますか？,0,0
1781,2026/2/1 3:51,パソコン,zlr********,13時間16分,1,12,12.0,0,0,0.015,8.33,0.0,0.08,あと3日,https://detail.chiebukuro.yahoo.co.jp/qa/question_detail/q10324884735,ラピッドトリガーのキーボードでオススメを教えていただきたいです。 条件としては ・TKL ・静音 ・予算は3万円程度 です。 よろしくお願いいたします。,0,0
1782,2026/2/1 3:50,ゲーム,oxk********,13時間17分,2,18,9.0,0,0,0.023,11.11,0.0,0.15,あと3日,https://detail.chiebukuro.yahoo.co.jp/qa/question_detail/q10324884730,g29のハンコンは軽すぎる？,0,0
1783,2026/2/1 3:50,ゲーム,1150784411,13時間17分,4,55,13.8,0,0,0.069,7.27,0.01,0.32,あと3日,https://detail.chiebukuro.yahoo.co.jp/qa/question_detail/q13324884728,最近PCを買いapexをしてるんですけど、200Hzのモニターをかったので200張り付きがいいんですけど、画質を全部低にしても200張り付かないです、射撃場では190〜200あるんですけど、 ランクと...,0,0
1784,2026/2/1 3:50,au,dsss,13時間17分,2,22,11.0,0,1,0.028,9.09,0.0,0.19,あと3日,https://detail.chiebukuro.yahoo.co.jp/qa/question_detail/q12324884727,auかんたん決済の利用限度額、みなさんいくらなんですか？人によって違うそうですが、何が判断材料になってるんでしょうか？,0,0
1785,2026/2/1 3:50,ドラゴンクエスト,非公開,13時間17分,0,12,12.0,0,0,0.015,0.0,0.0,0.02,あと3日,https://detail.chiebukuro.yahoo.co.jp/qa/question_detail/q11324884726,ドラクエ9に登場した左からルイーダ、リッカ、ロクサーヌ こちらの3人なら誰が一番早くに結婚すると思いますか？,0,0
1786,2026/2/1 3:50,Google Chrome,k_k********,13時間17分,2,11,5.5,0,0,0.014,18.18,0.0,0.14,あと3日,https://detail.chiebukuro.yahoo.co.jp/qa/question_detail/q14324884724,Webサイトでパスワードを変更し、画面上にGoogleの「パスワードを保存しますか」的なメッセージが表示されたのですが特に何もせず、 ただ次にそのサイトでパスワードを入力しようとしたら保存してないのに...,0,0
1787,2026/2/1 3:50,英語,can********,13時間17分,4,40,10.0,0,1,0.05,10.0,0.01,0.34,あと3日,https://detail.chiebukuro.yahoo.co.jp/qa/question_detail/q13324884723,"お訊ねします。 Ipsa Whitney was, and had been for many years, an opium addict. （『Sherlock Holmes Short Stor...",0,0
1788,2026/2/1 3:49,アニメ,bns********,13時間19分,0,6,6.0,0,0,0.008,0.0,0.0,0.01,あと3日,https://detail.chiebukuro.yahoo.co.jp/qa/question_detail/q12324884722,鳴潮について オーガスタは太陽、ユーノは3つの月(満月、三日月、半月)をそれぞれ空に顕現できますが、他にも同様に空に顕現する系のキャラはいますか？ もしいれば教えていただきたいです！,0,0
1789,2026/2/1 3:49,サッカー,匿名,13時間19分,2,25,12.5,0,0,0.031,8.0,0.0,0.16,あと3日,https://detail.chiebukuro.yahoo.co.jp/qa/question_detail/q11324884721,サッカーのPKって、蹴られた方向を見てから動いても止められないのでしょうか？ 国際大会を見ていても、ボールを見て動く人も当てずっぽうでどちらかに飛び出す人もいるので結局どっちが良いのか気になりました。...,0,0
1790,2026/2/1 3:49,家事,c542ab6b0,13時間19分,2,10,5.0,0,0,0.013,20.0,0.0,0.14,あと3日,https://detail.chiebukuro.yahoo.co.jp/qa/question_detail/q10324884720,換気扇について質問です 深夜に母の弁当を作るため換気扇をつけたら「キー！！」と人の悲鳴くらいの音がなりましたすぐに切ったらその音は止まりましたが家に1人だったこともありその日はなんだか怖くて弁当は諦め...,0,0
1791,2026/2/1 3:49,恋愛相談、人間関係の悩み,c620e634b,13時間19分,2,36,18.0,0,2,0.045,5.56,0.01,0.24,あと3日,https://detail.chiebukuro.yahoo.co.jp/qa/question_detail/q14324884719,彼氏の推し活についての質問です。2人とも大1です。彼氏と付き合って1年弱ほど経ちますが、半年経ったくらいの時に女性アイドルにハマったみたいで、〇〇ちゃんかわいいなどとずっと言っています。 もともとアイ...,0,0
1792,2026/2/1 3:49,世界史,b80dbaadd,13時間19分,5,90,18.0,0,7,0.113,5.56,0.02,0.69,あと3日,https://detail.chiebukuro.yahoo.co.jp/qa/question_detail/q13324884718,大量虐殺を除けば、ヒトラーは正しかったんじゃないですか？昨今の移民問題を見てると,0,0
1793,2026/2/1 3:49,Instagram,1150396046,13時間19分,0,23,23.0,0,0,0.029,0.0,0.0,0.03,あと3日,https://detail.chiebukuro.yahoo.co.jp/qa/question_detail/q12324884717,児童ポルノが理由でインスタグラムのアカウント停止されました 誰ともdmや該当する写真などあげていません サポートチャットに問い合わせたら復旧できないと言われました 他に対処法はないのでしょうか？ 対処...,0,0
1794,2026/2/1 3:49,ドラゴンクエスト,非公開,13時間19分,1,15,15.0,0,0,0.019,6.67,0.0,0.08,あと3日,https://detail.chiebukuro.yahoo.co.jp/qa/question_detail/q10324884715,ドラクエ9にて、賢者になるためにトロルキングを倒すクエストを効率よくクリアするにはどうすればいいでしょうか？,0,0
1795,2026/2/1 3:49,携帯型ゲーム全般,1149932280,13時間19分,0,7,7.0,0,0,0.009,0.0,0.0,0.01,あと3日,https://detail.chiebukuro.yahoo.co.jp/qa/question_detail/q14324884714,faoについて。 これから二部一章に進んでいくところなんですがパーティについて質問があります。現在は、 孔明レベル90宝具1 アーラシュレベル90宝具5 モルガン(フレンド) マシュ宝具3レベル80 ...,0,0
1796,2026/2/1 3:48,生き方、人生相談,レモン,13時間20分,6,40,6.7,0,2,0.05,15.0,0.0,0.5,あと3日,https://detail.chiebukuro.yahoo.co.jp/qa/question_detail/q13324884713,自分の意思でコントロールできない「運命」や「体質」などは確かにあるのかもですが、幸不幸を決めるのは自分の気持ち次第、心の持ちようかもしれないですか？ ​「生きること」以上に辛いことはないですが、「生き...,0,0
1797,2026/2/1 3:48,飛行機、空港,nan********,13時間20分,1,31,31.0,0,0,0.039,3.23,0.01,0.1,あと3日,https://detail.chiebukuro.yahoo.co.jp/qa/question_detail/q12324884712,ベトナム航空の受託預入荷物について教えて下さい。 ダナン発、ホーチミン乗り換えの関空行きのチケットを予約しています。 Eチケットにはそれぞれの便で2PCと記載されていました。ベトナム国内線は1人1つま...,0,0
1798,2026/2/1 3:48,美容整形,1150146970,13時間20分,2,26,13.0,0,0,0.032,7.69,0.0,0.16,あと3日,https://detail.chiebukuro.yahoo.co.jp/qa/question_detail/q11324884711,出産の痛み耐えれたら脂肪豊胸出来ますか？ 痛いとよく聞くのでこわくて、、,0,0
1799,2026/2/1 3:48,ドラゴンクエスト,非公開,13時間20分,0,5,5.0,0,0,0.006,0.0,0.0,0.01,あと3日,https://detail.chiebukuro.yahoo.co.jp/qa/question_detail/q10324884710,ドラクエ9のクエストで特に難しかった思い出があるものを教えてください,0,0
1800,2026/2/1 3:48,ゲーム,1251660467,13時間20分,3,40,13.3,0,0,0.05,7.5,0.01,0.24,不明,https://detail.chiebukuro.yahoo.co.jp/qa/question_detail/q14324884709,スプラ3のシューター以外で 初心者オススメ武器全部教えてください。,0,0
1801,2026/2/1 3:48,コミック,1051716634,13時間20分,3,17,5.7,0,0,0.021,17.65,0.0,0.21,あと3日,https://detail.chiebukuro.yahoo.co.jp/qa/question_detail/q13324884708,奪い合いとかないヒロイン1人のほっこりするラブコメのおすすめ漫画を教えてください。 トニカクカワイイ、可愛いだけじゃない式守さんのような作品が好きなんです。,0,0
1802,2026/2/1 3:48,恋愛相談、人間関係の悩み,非公開,13時間21分,3,4,1.3,0,0,0.005,75.0,0.0,0.19,あと3日,https://detail.chiebukuro.yahoo.co.jp/qa/question_detail/q12324884707,タランチュラかダイオウサソリを飼育したいのですが、彼氏に反対されています。諦めるしかないでしょうか?,0,0
1803,2026/2/1 3:48,オーディオ,らっきー,13時間21分,0,9,9.0,0,0,0.011,0.0,0.0,0.01,あと3日,https://detail.chiebukuro.yahoo.co.jp/qa/question_detail/q11324884706,1万円未満のヘッドホンで頭が大きくても痛くないのでお勧め教えてください,0,0
1804,2026/2/1 3:47,コストコ,a223102f0,13時間22分,0,10,10.0,0,0,0.012,0.0,0.0,0.01,あと3日,https://detail.chiebukuro.yahoo.co.jp/qa/question_detail/q14324884704,コストコのズートピアのぬいぐるみはもう売ってないのでしょうか… それとも再販はありますか？,0,0
1805,2026/2/1 3:47,ドラゴンクエスト,非公開,13時間22分,1,8,8.0,0,0,0.01,12.5,0.0,0.07,あと3日,https://detail.chiebukuro.yahoo.co.jp/qa/question_detail/q13324884703,ドラクエ9で各職で一番強い武器を教えてください,0,0
1806,2026/2/1 3:47,政治、社会問題,ぐでたま,13時間22分,1,10,10.0,0,0,0.012,10.0,0.0,0.07,あと3日,https://detail.chiebukuro.yahoo.co.jp/qa/question_detail/q12324884702,選挙について質問です。やはり金のある巨大政党が有利ですか？ 選挙にはすごく金がかかりますよね。宣伝したりもお金かかるはずですし。スポーツとかもそう良い選手獲得して勝つ可能性上げるにはやはり金。世の中金...,0,0
1807,2026/2/1 3:47,ゲーム,a811d8127,13時間22分,3,22,7.3,0,0,0.027,13.64,0.0,0.21,あと3日,https://detail.chiebukuro.yahoo.co.jp/qa/question_detail/q11324884701,フォートナイトやApexなどのfpsゲームでAIに安全地帯の移動を学習させて、安全地帯の移動を予想するプログラムを作り、 試合をしている時に同時進行でそのプログラムを稼働させて安全地帯を予測すると言う...,0,0
1808,2026/2/1 3:47,ドラゴンクエスト,非公開,13時間22分,1,15,15.0,0,0,0.019,6.67,0.0,0.08,あと3日,https://detail.chiebukuro.yahoo.co.jp/qa/question_detail/q10324884700,昨日、ドラクエ9で今更ながらゴッドライダーオンリーの地図を引き当てたんですけどこれって凄いでしょうか？,0,0
1809,2026/2/1 3:47,模型、プラモデル、ラジコン,idn********,13時間22分,1,22,22.0,0,0,0.027,4.55,0.01,0.09,あと3日,https://detail.chiebukuro.yahoo.co.jp/qa/question_detail/q14324884699,DT-04にブラシレスモーターを検討しています。 中級者程度でモーターとESCのおすすめを教えていただきたいです。 サーボはPGS-XB II 、プロポはMT-5です。 よろしくお願いします。,0,0
1810,2026/2/1 3:46,恋愛相談、人間関係の悩み,ぜひ皆教えてください,13時間23分,1,49,49.0,0,0,0.061,2.04,0.03,0.12,あと3日,https://detail.chiebukuro.yahoo.co.jp/qa/question_detail/q13324884698,大至急です！！！ 2年前に別れた2年間付き合ってた元カノから2ヶ月前にインスタフォローきて、近況が気になるというdmきたのですが、ちょっと冷たい対応をして会話を終わらせた翌日にブロックされましたが、2...,0,0
1811,2026/2/1 3:46,ドラゴンクエスト,非公開,13時間23分,0,11,11.0,0,0,0.014,0.0,0.0,0.01,あと3日,https://detail.chiebukuro.yahoo.co.jp/qa/question_detail/q12324884697,ドラクエ9 の雨の島の木ってセレシアの妹じゃありませんでしたっけ？ドラクエ10でまた出てきましたが、カサンドラ？ に焼き払われてたような気がするんですけどドラクエ10未プレイ勢なので何であの時出てきた...,0,0
1812,2026/2/1 3:46,小説,pam********,13時間23分,0,6,6.0,0,0,0.007,0.0,0.0,0.01,あと3日,https://detail.chiebukuro.yahoo.co.jp/qa/question_detail/q11324884696,小説の楽園残響と26年公開の楽園追放心のレゾナンスはどちらも楽園追放の公式続編らしいんですけど内容はどちらも異なるんですか？,0,0
1813,2026/2/1 3:46,げっ歯類、ウサギ,コアラ,13時間23分,2,24,12.0,0,1,0.03,8.33,0.0,0.19,あと3日,https://detail.chiebukuro.yahoo.co.jp/qa/question_detail/q10324884695,うさぎの歯は動物病院で切ってもらえますか？動物、ペット,0,0
1814,2026/2/1 3:46,高校受験,さばのみそに,13時間23分,2,6,3.0,0,0,0.007,33.33,0.0,0.13,あと3日,https://detail.chiebukuro.yahoo.co.jp/qa/question_detail/q14324884694,神戸第一高校の製菓衛生師コースを専願で受験するのですが、 ・どのくらい点が取れればいいか （定期テストで60~70前半取れていれば合格ラインに乗れるか） ・面接でよく聞かれる質問 （また、質問は深掘り...,0,0
1815,2026/2/1 3:46,大学受験,1151061795,13時間23分,2,56,28.0,0,0,0.07,3.57,0.02,0.19,あと3日,https://detail.chiebukuro.yahoo.co.jp/qa/question_detail/q13324884693,すいません。質問です。絶賛画像のような症状で小学生から国語の文章すら集中して解くことができませんでした。この症状がある方達に質問です。大学受験などどうやって突破しましたか？ 教えてほしいです。文章を読...,0,0
1816,2026/2/1 3:46,宗教,非公開,13時間23分,1,31,31.0,0,0,0.039,3.23,0.01,0.1,あと3日,https://detail.chiebukuro.yahoo.co.jp/qa/question_detail/q12324884692,写真は釈迦、ブッタが現在生きており、日本に住んでいて書いたとされる五道輪廻です。 釈迦、ブッタは人間界が最大地獄として書き直しています... 政治家や富裕層が世の中を自分達に都合の良い仕組みに書き換え...,0,0
1817,2026/2/1 3:46,政治、社会問題,spw4k_vy3t,13時間23分,6,61,10.2,0,10,0.076,9.84,0.01,0.82,あと3日,https://detail.chiebukuro.yahoo.co.jp/qa/question_detail/q14324884689,来週18歳になります！選挙に行こうと思っているのですがどの党に入れたらいいのでしょうか？ みなさんがどう選んでいるのか知りたいです。 親が創価学会員で 『中道に入れてほしい。お願いしてもいい？』と言わ...,0,0
1818,2026/2/1 3:46,植物,とばれぷっち,13時間24分,3,32,10.7,0,7,0.04,9.38,0.0,0.49,不明,https://detail.chiebukuro.yahoo.co.jp/qa/question_detail/q10324884690,モクセイ科植物(ライラックなど)の、一部分に沢山の花が集まるような見た目の植物(花)は、どのような言い方をすればよいのでしょう？,0,0
1819,2026/2/1 3:46,恋愛相談、人間関係の悩み,ねこねこ,13時間24分,7,79,11.3,0,2,0.098,8.86,0.01,0.61,あと3日,https://detail.chiebukuro.yahoo.co.jp/qa/question_detail/q11324884691,彼氏と別れようか迷っています。 大学3年生です。恋愛経験が少ないので、恋愛の先輩方にアドバイス頂きたいです。 付き合って2年になる彼氏がいます。 半同棲1年、同棲1年を得て、現在は親公認の仲です。 付...,0,0
1820,2026/2/1 3:46,幼児教育、幼稚園、保育園,sld********,13時間24分,4,53,13.2,0,6,0.066,7.55,0.01,0.54,あと3日,https://detail.chiebukuro.yahoo.co.jp/qa/question_detail/q13324884688,保育園の入園式の服装はこれだと変ですか？？,0,0
1821,2026/2/1 3:46,アニメ,s60********,13時間24分,1,10,10.0,0,0,0.012,10.0,0.0,0.07,あと3日,https://detail.chiebukuro.yahoo.co.jp/qa/question_detail/q12324884687,プリキュアでスウィングジャズビッグバンドを結成するなら誰がどの楽器を演奏すると思われますか？ 要するにスウィングガールズのプリキュア版です。 使う楽器とメンバーの数です。 テナーサックス2名 アルトサ...,0,0
1822,2026/2/1 3:46,ドラゴンクエスト,非公開,13時間24分,2,13,6.5,0,0,0.016,15.38,0.0,0.14,あと3日,https://detail.chiebukuro.yahoo.co.jp/qa/question_detail/q11324884686,ドラクエ9の思い出を教えてください。,0,0
1823,2026/2/1 3:46,福祉、介護,cbba1ab90,13時間24分,4,71,17.8,0,1,0.088,5.63,0.02,0.37,あと3日,https://detail.chiebukuro.yahoo.co.jp/qa/question_detail/q10324884685,自分は、階段を踏み外し、両脚が、不自由になりました。歩行もスムーズに行かず、転びやすいです。長距離の移動は、車椅子を使います。車の運転も難しいです。 両親と同居で、日常生活において、助けてもらっていま...,0,0
1824,2026/2/1 3:45,自動車,11403021987,13時間25分,10,67,6.7,0,0,0.083,14.93,0.01,0.7,あと3日,https://detail.chiebukuro.yahoo.co.jp/qa/question_detail/q13324884683,新車購入時に、普通車か軽自動車かを選択する際に事故時の安全面を重視して普通自動車を選ぶ方は多いですか？ 元々車に興味が無く、初めて乗った中古車の普通自動車の税金が高く、軽自動車の方がいいなと思い新車で...,0,0
1825,2026/2/1 3:45,就職活動,マリンブルー,13時間25分,3,22,7.3,0,1,0.027,13.64,0.0,0.25,あと3日,https://detail.chiebukuro.yahoo.co.jp/qa/question_detail/q11324884681,履歴書についてですが、学歴の年月は覚えているものの、何度か転職してきた今、どこの会社に○年○月から○年○月まで勤務なんて覚えていません。かと言ってあまりに適当すぎるのはどうかとも思います。 いい加減に...,0,0
1826,2026/2/1 3:45,邦楽,非公開,13時間25分,4,50,12.5,0,6,0.062,8.0,0.01,0.53,あと3日,https://detail.chiebukuro.yahoo.co.jp/qa/question_detail/q14324884679,TM NETWORKって凄いですか？最大のヒット曲がGet Wild（22万枚）の1曲だけなんですが。BOOWYよりも有名なのはなぜ？,0,0
1827,2026/2/1 3:45,自動車,hio********,13時間25分,4,21,5.2,0,0,0.026,19.05,0.0,0.27,あと3日,https://detail.chiebukuro.yahoo.co.jp/qa/question_detail/q13324884678,YouTubeを見てたら CMでホンダプレリュードが復活してるのを知りました プレリュードが復活してるなら 日産シルビアも可能性があるんじゃないです？,0,0
1828,2026/2/1 3:45,アニメ,非公開,13時間25分,0,8,8.0,0,0,0.01,0.0,0.0,0.01,あと3日,https://detail.chiebukuro.yahoo.co.jp/qa/question_detail/q11324884676,アニメFate/strange Fake。少女の横は、カオナシのパクリですか？,0,0
1829,2026/2/1 3:44,料理、食材,1153056606,13時間26分,4,14,3.5,0,6,0.017,28.57,0.0,0.49,あと3日,https://detail.chiebukuro.yahoo.co.jp/qa/question_detail/q10324884675,日本食とタイ料理はどっちか良いでしょうか？,0,0
1830,2026/2/1 3:44,アニメ,ksl********,13時間26分,0,9,9.0,0,0,0.011,0.0,0.0,0.01,あと3日,https://detail.chiebukuro.yahoo.co.jp/qa/question_detail/q14324884674,アニメの魔都精兵のスレイブ、 一期と二期で制作会社が変わったと聞きました。1期と2期で作画の違いを教えてください (目や鼻輪郭などのパーツもしくは各キャラの造形の変化など) よければ写真あると嬉しいで...,0,0
1832,2026/2/1 3:44,妊娠、出産,lD非公開,13時間26分,1,30,30.0,0,0,0.037,3.33,0.01,0.1,あと3日,https://detail.chiebukuro.yahoo.co.jp/qa/question_detail/q12324884672,AB型男性とO型女性の妊娠率は10%というのは本当ですか？,0,0
1833,2026/2/1 3:44,政治、社会問題,非公開,13時間27分,4,45,11.2,1,1,0.056,8.89,0.01,0.46,あと3日,https://detail.chiebukuro.yahoo.co.jp/qa/question_detail/q11324884671,消費税廃止となってもすぐには実現できませんよね？ いろんな党の方々は、近い将来の話をなさっておりますが、どう思われますか？,0,0
1834,2026/2/1 3:44,福祉、介護,匿名,13時間27分,2,18,9.0,0,0,0.022,11.11,0.0,0.15,あと3日,https://detail.chiebukuro.yahoo.co.jp/qa/question_detail/q10324884670,ヘルパーは、高齢者と一緒に、居宅介護支援や通院等介助や移動支援をしていますか？,0,0
1835,2026/2/1 3:44,恋愛相談、人間関係の悩み,非公開,13時間27分,2,14,7.0,0,2,0.017,14.29,0.0,0.22,あと3日,https://detail.chiebukuro.yahoo.co.jp/qa/question_detail/q14324884669,好きだけど嫌い、嫌いだけど好きというのは自分にとって大切な人？,0,0
1836,2026/2/1 3:44,アニメ、コミック,ぱもす,13時間27分,0,5,5.0,0,0,0.006,0.0,0.0,0.01,あと3日,https://detail.chiebukuro.yahoo.co.jp/qa/question_detail/q12324884667,夢思考ある方教えてください！！！ 黒執事と桜蘭高校ホスト部の夢を見たいのですが夢タグってあったりしますか？ 夢小説を見る際1番多いサイトはどこですか？ またイラストを見たいのですがファンアートタグなど...,0,0
1837,2026/2/1 3:44,飲食店,非公開,13時間27分,0,3,3.0,0,0,0.004,0.0,0.0,0.0,あと3日,https://detail.chiebukuro.yahoo.co.jp/qa/question_detail/q11324884666,根室市では現在でも1杯500円以下でラーメンを出す店がたくさんありますか？,0,0
1838,2026/2/1 3:44,恋愛相談、人間関係の悩み,c668a78f,13時間27分,1,57,57.0,0,1,0.071,1.75,0.04,0.17,あと3日,https://detail.chiebukuro.yahoo.co.jp/qa/question_detail/q10324884665,私よく可愛いと周りから言われるのですが、本当でしょうか？採点お願いします！自分も可愛いと思ってます！,0,0
1840,2026/2/1 3:43,職場の悩み,ca4a83691,13時間28分,1,40,40.0,0,0,0.049,2.5,0.02,0.11,あと3日,https://detail.chiebukuro.yahoo.co.jp/qa/question_detail/q13324884663,セブンイレブンで週５のパートをしています。 普段は滅多に休み申請などしないのですが、家族にたまには遠出しないかと誘ってもらったので、２カ月前から3日間休み申請をしたのですが、店長にかなり嫌味を言われて...,0,0
1841,2026/2/1 3:43,大学,非公開,13時間28分,0,3,3.0,0,0,0.004,0.0,0.0,0.0,あと3日,https://detail.chiebukuro.yahoo.co.jp/qa/question_detail/q11324884661,青山学院大学の文学部フランス文学科ですが学生数と男女比はどのようになるのですか？,0,0
1842,2026/2/1 3:43,病気、症状,お寿司大好き,13時間28分,2,38,19.0,0,2,0.047,5.26,0.01,0.24,あと3日,https://detail.chiebukuro.yahoo.co.jp/qa/question_detail/q10324884660,【至急】 私は自己診断ですが、割と重めの強迫性障害、不潔恐怖です。 今私は、視覚からくる情報がだいぶきついです。 例えば汚いひととかとすれ違ったり、ちかかったりすると、私自身が汚れた気がして、また洗濯...,0,0
1843,2026/2/1 3:43,ゲーム,nff********,13時間28分,0,1,1.0,0,0,0.001,0.0,0.0,0.0,あと3日,https://detail.chiebukuro.yahoo.co.jp/qa/question_detail/q14324884659,九龍妖魔學園紀OOAプレイ中なのですが、ワイヤーガンってどこにあるのでしょうか？6話に差し掛かるところなのですが見つからず、東の至聖所2階アイテムが取れずモヤモヤしています…,0,0
1844,2026/2/1 3:43,恋愛相談、人間関係の悩み,ゆめ,13時間28分,1,11,11.0,0,0,0.014,9.09,0.0,0.08,あと3日,https://detail.chiebukuro.yahoo.co.jp/qa/question_detail/q13324884658,私には他校の彼氏がいます。ちなみに私の年齢は14歳です。彼も14歳で同い年です！ 付き合いたてくらいは寝る時毎回彼氏からおやすみ！大好きだよー！とか言ってくれるけど私が忙しくてLINE返せてないことが...,0,0
1845,2026/2/1 3:43,アニメ,非公開,13時間28分,1,8,8.0,1,0,0.01,12.5,0.0,0.2,あと3日,https://detail.chiebukuro.yahoo.co.jp/qa/question_detail/q12324884657,アニメ2期の病院の金髪ママは1期と2期の間に死んだのですか？,0,0
1846,2026/2/1 3:43,ライブ、コンサート,esr********,13時間28分,1,20,20.0,0,0,0.025,5.0,0.01,0.09,あと3日,https://detail.chiebukuro.yahoo.co.jp/qa/question_detail/q11324884656,ライブの先行抽選販売で家族が応募していたことを知らず申し込みをしたのですが２回申し込みしたことになり無効になりますでしょうか,0,0
1847,2026/2/1 3:43,恋愛相談、人間関係の悩み,ton********,13時間28分,2,30,15.0,0,2,0.037,6.67,0.01,0.23,あと3日,https://detail.chiebukuro.yahoo.co.jp/qa/question_detail/q10324884655,独身で恋人なし、友達なし、家族とも疎遠という方いますか？できれば30代以上で。 そのような方は、どうやって孤独感を紛らわせているのですか？ 孤独は感じない、趣味で忙しいのような回答が付きそうですが、そ...,0,0
1848,2026/2/1 3:43,パソコン,がはは,13時間29分,2,27,13.5,0,0,0.033,7.41,0.0,0.16,あと3日,https://detail.chiebukuro.yahoo.co.jp/qa/question_detail/q14324884654,ゲーミングPCでAPEXとフォートナイトをしたいのですが何が必要ですか？教えてください,0,0
1849,2026/2/1 3:43,YouTube,1251747974,13時間29分,1,21,21.0,0,0,0.026,4.76,0.01,0.09,あと3日,https://detail.chiebukuro.yahoo.co.jp/qa/question_detail/q13324884653,なんか前にか昔YouTubeで見た動画なんですけど海外の実際にあった事件？童話？都市伝説で行方不明になって帰ってきた娘？ 息子が別人だったていう話でその事件だか都市伝説自体古めの話だった気がします。動...,0,0
1850,2026/2/1 3:43,ライブ、コンサート,非公開,13時間29分,3,26,8.7,0,0,0.032,11.54,0.0,0.22,あと3日,https://detail.chiebukuro.yahoo.co.jp/qa/question_detail/q12324884652,人生で初めて行ったライブはなんでしたか？ 私はSEX MACHINEGUNSの北海道根室市公演でした。,0,0
1851,2026/2/1 3:43,刀剣乱舞,a775ba6b8,13時間29分,3,73,24.3,0,3,0.09,4.11,0.02,0.39,あと3日,https://detail.chiebukuro.yahoo.co.jp/qa/question_detail/q11324884651,刀剣乱舞で2月のチョコのイベントで雲生は入手できると思いますか？,0,0
1852,2026/2/1 3:42,生き方、人生相談,非公開,13時間30分,3,42,14.0,0,0,0.052,7.14,0.01,0.24,あと3日,https://detail.chiebukuro.yahoo.co.jp/qa/question_detail/q10324884650,捨てられた物を思い出してたまに辛くなります 19歳です。 私の家は2年ぐらい前までゴミ屋敷で母親が身体障害で施設に入ったことをきっかけにゴミ屋敷を清掃する業者に依頼したのですがゴミと物の山の中を必死に...,0,0
1853,2026/2/1 3:42,プリンター,1251575828,13時間30分,0,4,4.0,0,0,0.005,0.0,0.0,0.0,あと3日,https://detail.chiebukuro.yahoo.co.jp/qa/question_detail/q14324884649,キンブレシートをアイビスで87×144のサイズで作っているのですが印刷する際は、このままA4用紙にコピーしてもいいのでしょうか？ 4分割している方が沢山いるので不安です。 また、どういった方法で4分割...,0,0
1854,2026/2/1 3:42,労働条件、給与、残業,匿名,13時間30分,0,6,6.0,0,0,0.007,0.0,0.0,0.01,あと3日,https://detail.chiebukuro.yahoo.co.jp/qa/question_detail/q13324884648,男性の月給が100万円なのは月給が高いという事を知らない、大卒の、23歳の女性は、変ですか？,0,0
1856,2026/2/1 3:41,気象、天気,Abcdefg_1,13時間31分,3,49,16.3,1,2,0.06,6.12,0.01,0.44,あと3日,https://detail.chiebukuro.yahoo.co.jp/qa/question_detail/q14324884644,大至急！ 今めっちゃ雪降ってるんですけど、雪降ってる時家の窓越しで白いな〜とか雪で明るく見えるな〜とかあるじゃないですか それは全然わかるんですけど でもこの時間なのに朝焼けみたいな感じで、空が赤っぽ...,0,0
1857,2026/2/1 3:41,大学,1253108873,13時間31分,3,41,13.7,0,0,0.051,7.32,0.01,0.24,あと3日,https://detail.chiebukuro.yahoo.co.jp/qa/question_detail/q13324884643,放送大学についての質問です。 私は放送大学の1年生で来年他大学への編入を考えております。 そこで質問です。 放送大学を退学するときは申請した年の学期終わりで退学扱いになるのでしょうか？ 放送大学の学生...,0,0
1858,2026/2/1 3:41,生理,あー,13時間31分,3,20,6.7,0,3,0.025,15.0,0.0,0.32,あと3日,https://detail.chiebukuro.yahoo.co.jp/qa/question_detail/q12324884642,生理の時、おしりの穴が痛くて死にそうです。 急に締め付けられるような痛さで激痛が走ります。2時間に1回くらいあります。これってなんですか？？？,0,0
1859,2026/2/1 3:41,K-POP、アジア,非公開,13時間31分,0,4,4.0,0,0,0.005,0.0,0.0,0.0,あと3日,https://detail.chiebukuro.yahoo.co.jp/qa/question_detail/q14324884639,桐谷美玲さんにビジュアルの系統が近い韓国のアイドルを教えてください,0,0
1860,2026/2/1 3:41,バトルスピリッツ,pre********,13時間31分,1,10,10.0,0,0,0.012,10.0,0.0,0.07,不明,https://detail.chiebukuro.yahoo.co.jp/qa/question_detail/q13324884638,バトルスピリッツ デンオウベルトのミラージュ効果 ブレイヴのタロスを手元に置ける は手札と場の片方から1つ置けますか？,0,0
1861,2026/2/1 3:41,ポケットモンスター,c1a13149d,13時間31分,1,48,48.0,0,1,0.059,2.08,0.03,0.16,不明,https://detail.chiebukuro.yahoo.co.jp/qa/question_detail/q12324884637,原神復帰勢です。 ナタの6章？まで進めてたようで、マーヴィカ、シロネン、シトラリみたいなパーティを使ってました。 別ゲー(鳴潮、ゼンゼロ、エンドフィールド)のせいで操作を思い出すところなのですが、とり...,0,0
1862,2026/2/1 3:41,小説,ba5e0eff7,13時間31分,0,3,3.0,0,0,0.004,0.0,0.0,0.0,あと3日,https://detail.chiebukuro.yahoo.co.jp/qa/question_detail/q11324884636,町田康さんのきれぎれに出てくる１１ページの「トモナクテシャーネーヤ」とはどういう意味ですか？ アベと北田と共に空車のタクシーを探している時に言った言葉です。,0,0
1863,2026/2/1 3:41,生理,b84ec6938,13時間31分,1,14,14.0,0,0,0.017,7.14,0.0,0.08,あと3日,https://detail.chiebukuro.yahoo.co.jp/qa/question_detail/q10324884635,普段より多い血の量で普段と同じくらいの期間生理が訪れました。これは着床出血ではありませんよね？ 生理が終わってからもイライラしやすかったり気分が落ち込みやすかったり腹痛などがあるそうです。躁鬱で今は鬱...,0,0
1864,2026/2/1 3:41,政治、社会問題,ぐでたま,13時間31分,2,26,13.0,0,0,0.032,7.69,0.0,0.15,あと3日,https://detail.chiebukuro.yahoo.co.jp/qa/question_detail/q14324884634,衆議院選挙自民党が大敗だとどこかのニュース記事で見ましたがそんな巨大政党が選挙に負け過半数以下なりませんよね？結局やつらですよ（●｀ε´●）残念無念ですが（泣）,0,0
1865,2026/2/1 3:40,賃貸物件,saw********,13時間32分,5,37,7.4,0,1,0.046,13.51,0.0,0.39,あと3日,https://detail.chiebukuro.yahoo.co.jp/qa/question_detail/q13324884633,アパートの異臭について（築40年弱） 原因と対策を知りたいです。 1. 数か月前から下水の異臭があり。 2. 自分が使用していない強い匂いの洗濯洗剤。 窓を閉め切っている状態でリビングに居ると臭ってく...,0,0
1866,2026/2/1 3:40,職場の悩み,fuj********,13時間33分,3,24,8.0,0,0,0.03,12.5,0.0,0.21,あと3日,https://detail.chiebukuro.yahoo.co.jp/qa/question_detail/q12324884632,私は飲食店でバイトをしてるんですが、ラストオーダー5分くらい前にお客様が来客されたんですが、思わず（まじか）と声に出してしまいました。 その声がお客様に聞こえてしまったのかわかりませんがずっと携帯をこ...,0,0
1867,2026/2/1 3:40,洋楽,非公開,13時間33分,0,4,4.0,0,0,0.005,0.0,0.0,0.0,あと3日,https://detail.chiebukuro.yahoo.co.jp/qa/question_detail/q11324884631,ONE OK ROCKのDeeper Deeperのような洋楽ロックを教えてください https://youtu.be/tcBBNB5JTOQ?si=ufppT8VdXDTS5Hjb,0,0
1868,2026/2/1 3:40,法律相談,B,13時間33分,3,93,31.0,0,7,0.114,3.23,0.04,0.56,あと3日,https://detail.chiebukuro.yahoo.co.jp/qa/question_detail/q10324884630,友人がマンションの25階から飛び降りました。 死亡したかどうかは警察に聞いても教えてくれなかったですが、高さもありますし恐らく死亡しています 私はその友人ととても親しかったので警察から事情聴取のような...,0,0
1869,2026/2/1 3:40,タブレット端末,hge********,13時間33分,2,13,6.5,0,0,0.016,15.38,0.0,0.14,不明,https://detail.chiebukuro.yahoo.co.jp/qa/question_detail/q14324884629,ホームページを開いた時に、パソコン版とスマホ版の選択肢が出た場合（どちらかを選ぶ）、タブレットはどちらになりますか。,0,0
1870,2026/2/1 3:40,洋楽,非公開,13時間33分,0,11,11.0,0,0,0.014,0.0,0.0,0.01,あと3日,https://detail.chiebukuro.yahoo.co.jp/qa/question_detail/q13324884628,北海道の最東端、根室市にある納沙布岬でLinkin ParkのBlackout→ https://youtu.be/CpfRXSHb-6Y?si=si-trNfIZTcCOj4Q を熱唱したとしたらど...,0,0
1871,2026/2/1 3:40,ファッション,あ,13時間33分,0,5,5.0,0,0,0.006,0.0,0.0,0.01,あと3日,https://detail.chiebukuro.yahoo.co.jp/qa/question_detail/q12324884627,GRLでスカートサイズ小さめと聞くことがあるのですがどのサイズがいいと思いますか‬т т 身長 154cm/体重 48kgで普段はSサイズのスカートをAvailなどで買っています。 自分自身ヒップが大...,0,0
1872,2026/2/1 3:39,コミック,2926,13時間34分,1,23,23.0,0,0,0.028,4.35,0.01,0.09,あと3日,https://detail.chiebukuro.yahoo.co.jp/qa/question_detail/q11324884626,悪の教典という漫画はフィクションとして楽しんだ方がいいですか？ 主人公に関してもただのイかれたキャラとして見た方がいいですかね、主人公のやっていることに正当性も何もなさそうですし、共感しようとしても１...,0,0
1873,2026/2/1 3:39,YouTube,gkugd,13時間34分,0,3,3.0,0,0,0.004,0.0,0.0,0.0,あと3日,https://detail.chiebukuro.yahoo.co.jp/qa/question_detail/q10324884625,YouTubeで ぶつっかった音とかに、色んな音を重ねて音ハメしてる海外の動画集(最近流行りのランキングとか5選)みたいなショート動画がいくつか回ってきて、もう一度見たいなと思っても、いくら探しても出...,0,0
1874,2026/2/1 3:39,恋愛相談、人間関係の悩み,にっこ,13時間34分,2,44,22.0,1,0,0.054,4.55,0.01,0.3,あと3日,https://detail.chiebukuro.yahoo.co.jp/qa/question_detail/q14324884624,中3です。卒業式までに好きな人に告ると決めたのですが、その子とは話すきっかけがあまりなく少ししか話せてません。そこでラインで告白か、ちゃんと面と向かって告白するのはどっちの方がいいですか？ あと、面と...,0,0
1875,2026/2/1 3:39,生物、動物、植物,非公開,13時間34分,0,3,3.0,0,0,0.004,0.0,0.0,0.0,あと3日,https://detail.chiebukuro.yahoo.co.jp/qa/question_detail/q13324884623,根室市にある風蓮湖とトーサムポロ湖の生態系について教えて欲しいです。,0,0
1876,2026/2/1 3:39,デジタルカメラ,￥ē $,13時間34分,2,15,7.5,0,0,0.018,13.33,0.0,0.14,あと3日,https://detail.chiebukuro.yahoo.co.jp/qa/question_detail/q12324884622,ヨーロッパは住んだこともあるしバケーションはほとんどがヨーロッパだったのでガイドとか見たことはないが、スイスだけは何度も車で通ったただけ、 近夏バケーションで初めて行こうかと家族そろってYouTube...,0,0
1877,2026/2/1 3:39,職場の悩み,tlc********,13時間34分,6,49,8.2,0,0,0.06,12.24,0.0,0.43,あと3日,https://detail.chiebukuro.yahoo.co.jp/qa/question_detail/q11324884621,仕事より家庭、特に子ども優先なのはおかしいですか。 優先と言うのはほとんどが体調面です。過去に病気をしてしまったことがあり、再発の懸念もあるため発熱だけで敏感になってしまいます。病気がなくても私の性格...,0,0
1878,2026/2/1 3:38,生物、動物、植物,非公開,13時間35分,0,3,3.0,0,0,0.004,0.0,0.0,0.0,あと3日,https://detail.chiebukuro.yahoo.co.jp/qa/question_detail/q13324884618,北海道根室市の北方原生花園の生態系はどのようになっておりますか？,0,0
1879,2026/2/1 3:38,賃貸物件,dwo********,13時間35分,3,26,8.7,0,0,0.032,11.54,0.0,0.22,あと3日,https://detail.chiebukuro.yahoo.co.jp/qa/question_detail/q14324884619,質問です。 私はブラックリストにのってしまっています、、 その場合彼氏と同棲するとなったとき 彼氏名義で契約して私の情報もばれることはありますか？,0,0
1880,2026/2/1 3:38,政治、社会問題,YES！キリスト,13時間35分,7,57,8.1,1,12,0.07,12.28,0.01,1.06,あと3日,https://detail.chiebukuro.yahoo.co.jp/qa/question_detail/q12324884617,政治について質問です。中国に対しては 右翼＝対中 左翼＝親中 でいいんですかね？ 結局どっちがいいんですか？個人的には日本人なら自国のことを第一に考える思考の右翼が正しいと思うんですけど...,0,0
1881,2026/2/1 3:38,政治、社会問題,Isa,13時間36分,10,117,11.7,0,42,0.143,8.55,0.02,2.3,あと3日,https://detail.chiebukuro.yahoo.co.jp/qa/question_detail/q11324884616,チームみらいってどう思いますか？比例に入れようとしてるんですがTwitterでは https://x.com/gordoninspector/status/2017488094933700997?s=...,0,0
1882,2026/2/1 3:38,恋愛相談、人間関係の悩み,非公開,13時間36分,0,2,2.0,0,0,0.002,0.0,0.0,0.0,あと3日,https://detail.chiebukuro.yahoo.co.jp/qa/question_detail/q10324884615,21歳です、PMSひどいタイプだったのに最近落ち着いてきてます。そんなに変わるものですか？,0,0
1883,2026/2/1 3:38,車検、メンテナンス,yam********,13時間36分,3,44,14.7,0,0,0.054,6.82,0.01,0.24,あと3日,https://detail.chiebukuro.yahoo.co.jp/qa/question_detail/q14324884614,車検について質問です 車検って例えばディラーと イエローハットやオートバックスで頼んだ場合だと 金額ってどれくらい差があるものなのでしょうか？？ いつもディラーでやってたのですが 特にディラーじゃなき...,0,0
1884,2026/2/1 3:38,高校受験,ぷりん,13時間36分,2,59,29.5,0,0,0.072,3.39,0.02,0.19,あと3日,https://detail.chiebukuro.yahoo.co.jp/qa/question_detail/q13324884613,私立高校の受験について 第1志望は都立高校です 合格率は60％くらいの私立高校を慣れ、一番下の併願の高校に行きたくないといい理由で受けることになりました。 実際そこまでちゃんと過去問とか解けてないし、...,0,0
1885,2026/2/1 3:38,飲食店,非公開,13時間36分,2,11,5.5,0,0,0.013,18.18,0.0,0.14,あと3日,https://detail.chiebukuro.yahoo.co.jp/qa/question_detail/q12324884612,根室市名物のオリエンタルライスは根室市内ならどの店が美味しいですか？,0,0
1886,2026/2/1 3:38,哲学、倫理,ころん,13時間36分,0,12,12.0,0,0,0.015,0.0,0.0,0.01,あと3日,https://detail.chiebukuro.yahoo.co.jp/qa/question_detail/q11324884611,統覚とは何ですか？ 調べてみると、「物事を認知しようとしたときに、それが自己の意識の中ではっきりと知覚されること。」や「哲学で、多様な経験を自己のうちで総合し統一する能力や作用。」と出てきました。 パ...,0,0
1887,2026/2/1 3:38,法律相談,かもめ,13時間36分,2,42,21.0,0,0,0.051,4.76,0.01,0.17,あと3日,https://detail.chiebukuro.yahoo.co.jp/qa/question_detail/q10324884610,高校中退した18歳です。深夜徘徊で警察に補導された時、「高校生ではない証明」をするのに退学許可証と身分証を見せれば信じてもらえるのでしょうか,0,0
1888,2026/2/1 3:38,病気、症状,やふたろう,13時間36分,2,29,14.5,0,0,0.036,6.9,0.01,0.16,あと3日,https://detail.chiebukuro.yahoo.co.jp/qa/question_detail/q14324884609,中2女子です。お尻をかきこわしてしまいました。よくプールとか夏だと行くので早く直しておきたいです皮膚科にいったがいいですよね,0,0
1889,2026/2/1 3:38,海外サッカー,スペリオル大佐,13時間36分,1,18,18.0,0,0,0.022,5.56,0.0,0.08,あと3日,https://detail.chiebukuro.yahoo.co.jp/qa/question_detail/q13324884608,25/26 プレミアリーグに所属する選手で、ウイイレ時代の評価として黒玉に相当するレベルの選手って誰だとおもいますか？ イーフトの星の数だといまいち納得できない選手が多い気がして...,0,0
1890,2026/2/1 3:38,アルバイト、フリーター,もちょ,13時間36分,2,34,17.0,0,6,0.042,5.88,0.01,0.38,あと3日,https://detail.chiebukuro.yahoo.co.jp/qa/question_detail/q12324884607,アルバイトの応募について質問です。 私と友達の二人で同じお店にバイトの応募をしたのですが、なぜか私だけに面接の日程連絡が来て、友達には面接の連絡がないまま一週間経ちました。同時に二人雇う気がないのかも...,0,0
1891,2026/2/1 3:38,職場の悩み,非公開,13時間36分,0,6,6.0,0,0,0.007,0.0,0.0,0.01,あと3日,https://detail.chiebukuro.yahoo.co.jp/qa/question_detail/q10324884605,infp-t トライタイプ468 4w3 なのですがどんな働き方や職がいいと思いますか？ どんなやつってイメージですかね,0,0
1892,2026/2/1 3:38,冠婚葬祭,b1e4bba01,13時間36分,2,61,30.5,0,0,0.075,3.28,0.02,0.2,不明,https://detail.chiebukuro.yahoo.co.jp/qa/question_detail/q11324884606,★結婚式 お呼ばれヘアについて こういうハーフアップは、 マナー、流行りを踏まえても あまりよろしくは無いでしょうか？ 同世代の厳かではない結婚式に 参列させていただきます。 ※写真は、Pintere...,0,0
1893,2026/2/1 3:37,恋愛相談、人間関係の悩み,匿名,13時間37分,1,40,40.0,0,0,0.049,2.5,0.02,0.11,あと3日,https://detail.chiebukuro.yahoo.co.jp/qa/question_detail/q13324884603,彼氏について恋愛相談させてください。色々価値観が違う彼氏と今後どうするべきか迷っています。彼氏とは本当に価値観が合いません。異性との距離についてやお金の面でもです。 お互い大学生で付き合ってもうすぐ1...,0,0
1894,2026/2/1 3:37,飲食店,非公開,13時間37分,0,8,8.0,0,0,0.01,0.0,0.0,0.01,あと3日,https://detail.chiebukuro.yahoo.co.jp/qa/question_detail/q12324884602,根室市内で深夜営業をしている飲食店はありますか？,0,0
1895,2026/2/1 3:37,法律相談,a142f7d11,13時間37分,1,31,31.0,0,0,0.038,3.23,0.01,0.1,あと3日,https://detail.chiebukuro.yahoo.co.jp/qa/question_detail/q11324884601,裁判するにあたっての最終書類で、身に覚えのないことまで書かれていて(証拠なし)弁護士会の市民窓口に苦情を入れようと思っているのですが、 相手側との話し合いで相手が有利になるように嘘も交えて話しているこ...,0,0
1896,2026/2/1 3:37,動画、映像,1152146364,13時間38分,1,12,12.0,0,0,0.015,8.33,0.0,0.08,あと3日,https://detail.chiebukuro.yahoo.co.jp/qa/question_detail/q10324884600,スマホの動画をDVDに入れたいのですが、アプリのダウンロードとかやり方がわかりません。 手っ取り早くDVDにいれたいのですが、そういことしてくれるお店というのはどういうお店でしょうか？ 金額は、どれぐ...,0,0
1897,2026/2/1 3:37,日本史,James1950s,13時間38分,6,51,8.5,1,26,0.062,11.76,0.01,1.5,あと3日,https://detail.chiebukuro.yahoo.co.jp/qa/question_detail/q14324884599,昔はお年寄りが敬われていたのは今と違って数が少なかったからでしょうか?,0,0
1898,2026/2/1 3:37,音楽,匿名,13時間38分,3,21,7.0,0,0,0.026,14.29,0.0,0.21,あと3日,https://detail.chiebukuro.yahoo.co.jp/qa/question_detail/q13324884598,あなたにとってのロックスター教えてください,0,0
1899,2026/2/1 3:37,洋楽,非公開,13時間38分,0,3,3.0,0,0,0.004,0.0,0.0,0.0,あと3日,https://detail.chiebukuro.yahoo.co.jp/qa/question_detail/q12324884597,RIZEのPARTY HOUSEみたいな洋楽ロック、教えて欲しいです https://youtu.be/CkrWJX6awkY?si=tlufsj7S6wROQ0gL,0,0
1900,2026/2/1 3:37,Yahoo!知恵袋,ぐでたま,13時間38分,5,51,10.2,0,0,0.062,9.8,0.01,0.37,あと3日,https://detail.chiebukuro.yahoo.co.jp/qa/question_detail/q11324884596,みなさん知恵袋で今質問数どれくらいですか？自分はもうすぐ700になります。あといつから知恵袋さんやってますか？アプリやweb版やりはじめたきっかけなども良ければ教えてください。,0,0
1901,2026/2/1 3:37,メルカリ,por********,13時間38分,1,19,19.0,0,0,0.023,5.26,0.0,0.08,あと3日,https://detail.chiebukuro.yahoo.co.jp/qa/question_detail/q10324884595,トレンドの「メルカリ出品中」ってなにかありましたっけ？,0,0
1902,2026/2/1 3:36,洋楽,非公開,13時間39分,0,5,5.0,0,0,0.006,0.0,0.0,0.01,あと3日,https://detail.chiebukuro.yahoo.co.jp/qa/question_detail/q13324884593,Linkin Parkの『Blackout』のようなタイプの楽曲を教えて欲しいです こちらのような感じです。 https://youtu.be/CpfRXSHb-6Y ? si=si-trNfIZTc...,0,0
1903,2026/2/1 3:36,タブレット端末,1251482171,13時間39分,1,30,30.0,0,1,0.037,3.33,0.01,0.13,あと3日,https://detail.chiebukuro.yahoo.co.jp/qa/question_detail/q12324884592,iPadのクリップスタジオ、クリスタを使用しています。 筆圧設定に関してなのですが、設定してみたらペンを立てると細くなり、斜めにすると太くなります。自分の筆圧の強弱を変えみても同じ太さのままになってし...,0,0
1904,2026/2/1 3:36,音楽,ala********,13時間39分,2,10,5.0,0,0,0.012,20.0,0.0,0.13,あと3日,https://detail.chiebukuro.yahoo.co.jp/qa/question_detail/q11324884591,"ザ・ストロークスのアルバム「イズ・ディス・イット」で一番好きな曲を教えてください。 １イズ・ディス・イット ""Is This It"" ２ザ・モダン・エイジ ""The Modern Age"" ３""Som...",0,0
1905,2026/2/1 3:36,美容整形,b6261b868,13時間39分,1,19,19.0,0,1,0.023,5.26,0.0,0.12,あと3日,https://detail.chiebukuro.yahoo.co.jp/qa/question_detail/q13324884588,ほくろ除去について質問です！ ①絵で分かりづらいと思うんですけど私は皮膚が少しぼこっとしている上にホクロがあります！このほくろはレーザーとくり抜きならどちらが跡が残らず綺麗にとれますか？ ②鼻の横にホ...,0,0
1906,2026/2/1 3:36,国際情勢,あ,13時間39分,0,7,7.0,0,0,0.009,0.0,0.0,0.01,あと3日,https://detail.chiebukuro.yahoo.co.jp/qa/question_detail/q12324884587,タルタリヤって次いつ来ると思いますか？,0,0
1907,2026/2/1 3:36,携帯型ゲーム全般,ac2793260,13時間39分,0,6,6.0,0,0,0.007,0.0,0.0,0.01,あと3日,https://detail.chiebukuro.yahoo.co.jp/qa/question_detail/q11324884586,バウンティのことで聞きたいのですが 赤ウタ&黒髭編成でキャラタイプ効果はなにをあげたらいいですか？,0,0
1908,2026/2/1 3:36,アニメ,1050217770,13時間39分,0,9,9.0,0,0,0.011,0.0,0.0,0.01,あと3日,https://detail.chiebukuro.yahoo.co.jp/qa/question_detail/q10324884585,アニメ、ケロロ軍曹のクルル曹長についてです うろ覚えなのですが、クルル曹長が日向秋の抱き枕を作った？ような話って何話ですか？,0,0
1909,2026/2/1 3:36,音楽,b969787c,13時間39分,1,14,14.0,0,0,0.017,7.14,0.0,0.08,あと3日,https://detail.chiebukuro.yahoo.co.jp/qa/question_detail/q14324884584,TikTokの音源について質問です。 ラッパのような音で てん ててーてーてーてーてれれて というリズムを繰り返す曲の名前はわかりますか？ アップテンポな曲で BPM160ほどでした,0,0
1910,2026/2/1 3:36,洋楽,1252261475,13時間39分,0,13,13.0,0,0,0.016,0.0,0.0,0.02,あと3日,https://detail.chiebukuro.yahoo.co.jp/qa/question_detail/q13324884583,2007年ごろの洋楽R&Bで思い出せない曲があります MVでの記憶は、 男性1人 白人の方だったかな 若く見えました 日本人好みのイケメンって感じでした 板前さんのような白の上下の服装で 板前さんみた...,0,0
1911,2026/2/1 3:36,ゲーム,非公開,13時間40分,0,5,5.0,0,0,0.006,0.0,0.0,0.01,あと3日,https://detail.chiebukuro.yahoo.co.jp/qa/question_detail/q12324884582,イルルカSP（スマートフォン版）は今から始めても図鑑コンプできますか？またストーリークリアまでどのくらい時間がかかると思われますか？ 至急よろしくお願いします,0,0
1912,2026/2/1 3:35,就職活動,c6a79e012,13時間41分,3,51,17.0,1,1,0.062,5.88,0.01,0.4,あと3日,https://detail.chiebukuro.yahoo.co.jp/qa/question_detail/q10324884580,私は25歳フリーターで中卒です。 今までずっとアルバイトで生活して生きてきましたが そろそろこのままずっとアルバイト生活で生きていくのはやばいんじゃないかと思い 就職したいのですが 資格や車の免許は持...,0,0
1913,2026/2/1 3:35,プログラミング,非公開,13時間41分,2,11,5.5,0,0,0.013,18.18,0.0,0.14,あと3日,https://detail.chiebukuro.yahoo.co.jp/qa/question_detail/q14324884579,vueとreactってどっちが良いですか？ ちなみに自分は日曜プログラマーです。 クロム拡張機能作って公開したり個人用に仕事用のブラウザで動くアプリを作っています。将来はスマホアプリとかウェブサイトな...,0,0
1914,2026/2/1 3:35,ドラゴンクエスト,非公開,13時間41分,0,4,4.0,0,0,0.005,0.0,0.0,0.0,あと3日,https://detail.chiebukuro.yahoo.co.jp/qa/question_detail/q13324884578,イルルカspにて、身代わり型のダイヤモンドスライムに自動HP回復やMP回復は必須ですか？,0,0
1915,2026/2/1 3:35,総合格闘技、K-1,1149948625,13時間41分,4,1,0.2,0,0,0.001,400.0,0.0,0.24,あと3日,https://detail.chiebukuro.yahoo.co.jp/qa/question_detail/q12324884577,格闘技です。 平本蓮に朝倉は負けてましたよね。 でも過去に朝倉vs斎藤豊で斎藤に朝倉は勝ってたのに平本は斎藤豊に負けた。 のに、朝倉をなぜ平本が倒せたのかが不思議でたまりません。,0,0
1916,2026/2/1 3:35,生理,1052119285,13時間41分,3,50,16.7,0,0,0.061,6.0,0.01,0.24,あと3日,https://detail.chiebukuro.yahoo.co.jp/qa/question_detail/q11324884576,ヤーズフレックス配合剤を服用しています。 終わった1週間後に再度生理が始まることが多く、 しかも出血が酸化したように茶色く、匂いもかなりキツかったです。 生理痛も会社を休んでしまうほど酷く、出血量もピ...,0,0
1917,2026/2/1 3:35,バイク,非公開,13時間41分,10,148,14.8,1,13,0.18,6.76,0.03,1.38,あと3日,https://detail.chiebukuro.yahoo.co.jp/qa/question_detail/q10324884575,バイクについて とても無茶でなかなか解決できないような質問なのは分かっているのですが、20-30万円以内で買えるゆったりとした250ccのバイクはありませんでしょうか。 もしあるとしたら教えて頂けると...,0,0
1918,2026/2/1 3:35,パソコン,え,13時間41分,3,33,11.0,0,0,0.04,9.09,0.0,0.22,あと3日,https://detail.chiebukuro.yahoo.co.jp/qa/question_detail/q13324884573,パソコンについての質問です。 ビープ音が2回鳴った後にAmerican Megatrends？が表示され、その後起動するようになりました。起動するので使えはするのですが、以前はそんなことがなくスムーズ...,0,0
1919,2026/2/1 3:34,ドラゴンクエスト,非公開,13時間42分,1,20,20.0,0,0,0.024,5.0,0.0,0.08,あと3日,https://detail.chiebukuro.yahoo.co.jp/qa/question_detail/q11324884571,ドラクエ7のリメイク版ではオンラインに繋ぐことのメリットはあったりするんでしょうか？,0,0
1920,2026/2/1 3:34,職場の悩み,__,13時間42分,0,14,14.0,0,0,0.017,0.0,0.0,0.02,あと3日,https://detail.chiebukuro.yahoo.co.jp/qa/question_detail/q10324884570,バル（バー）でのお客さんとの会話について。 店長の知り合いが来ることが多く大体カウンターに座られたお客さんと店長と私とで話すのですが、店長の同級生がきた際、共通の友達の話題で盛り上がっているので会話に...,0,0
1921,2026/2/1 3:34,恋愛相談,1252101320,13時間42分,0,13,13.0,0,0,0.016,0.0,0.0,0.02,あと3日,https://detail.chiebukuro.yahoo.co.jp/qa/question_detail/q14324884569,いつもふざけ合ってる友達に近いカップルのイメソン探してます！！ 一見友達だけど、(片方の)愛が意外としっかりしてる、みたいなイメージです！,0,0
1922,2026/2/1 3:34,家族関係の悩み,cbba1ab90,13時間42分,5,94,18.8,0,0,0.114,5.32,0.02,0.42,不明,https://detail.chiebukuro.yahoo.co.jp/qa/question_detail/q11324884566,両親は、結婚して、53年になります。お互いにけなしあっています。しかし、お互いを気遣っています。気遣っているのに、なぜ、けなしあうのでしょうか。,0,0
1923,2026/2/1 3:34,野球全般,flm********,13時間42分,1,5,5.0,0,0,0.006,20.0,0.0,0.07,あと3日,https://detail.chiebukuro.yahoo.co.jp/qa/question_detail/q10324884565,海外の野球バットでアブソリュートバランスて言うと日本で言うとトップバランスがミドルどっちなのかわかる人いませんか？,0,0
1924,2026/2/1 3:34,学校の悩み,1150539070,13時間42分,2,29,14.5,0,0,0.035,6.9,0.01,0.16,あと3日,https://detail.chiebukuro.yahoo.co.jp/qa/question_detail/q14324884564,通信制高校の学費について。 閲覧ありがとうございます。通信制高校に通っている者です。 入学2年目から色々あってメンタルを崩し登校が難しくなり、一旦休学しました。そして1年経ち、流石に復学しなきゃなと思...,0,0
1925,2026/2/1 3:34,マインクラフト,b3f5e2513,13時間43分,0,6,6.0,0,0,0.007,0.0,0.0,0.01,あと3日,https://detail.chiebukuro.yahoo.co.jp/qa/question_detail/q13324884563,マインクラフト アンステーブルSMPのParrotってなんでネザライト装備持ってるのにあえてダイヤ装備にしてるんですか？ 見逃してるだけで理由言ってたら教えてください,0,0
1926,2026/2/1 3:34,コミュニケーションサービス,にゃつめ,13時間43分,1,2,2.0,0,0,0.002,50.0,0.0,0.06,あと3日,https://detail.chiebukuro.yahoo.co.jp/qa/question_detail/q12324884562,discordをアップデートしたらサーバーで通話している時も通話時間が見えるようになった（サーバーに表示されるようになった）のですが、通話時間が見えるサーバーと見えないサーバーがあります、 なぜでしょ...,0,0
1927,2026/2/1 3:34,ドラゴンクエスト,非公開,13時間43分,1,19,19.0,0,0,0.023,5.26,0.0,0.08,あと3日,https://detail.chiebukuro.yahoo.co.jp/qa/question_detail/q11324884561,ドラゴンクエスト7のリメイク版に関して、どのような期待を抱いておりますか？,0,0
1928,2026/2/1 3:33,ミリタリー,リン二等兵,13時間44分,1,11,11.0,0,1,0.013,9.09,0.0,0.11,あと3日,https://detail.chiebukuro.yahoo.co.jp/qa/question_detail/q14324884559,ウエストポイントとバージニア軍事大学にはどのようなカリキュラムや文化の違いがあるのでしょうか！？,0,0
1929,2026/2/1 3:33,小学校,匿名,13時間44分,0,40,40.0,0,0,0.049,0.0,0.0,0.05,あと3日,https://detail.chiebukuro.yahoo.co.jp/qa/question_detail/q11324884556,"私(女)は、今までは""小学校の時が1番楽しかったから""という理由で小学校の先生になりたいと思っていて、今は""要介護者を助けたいから""という理由でケアマネジャーになりたいと思っているのですが、 ①私が小...",0,0
1930,2026/2/1 3:33,掃除,1151906301,13時間44分,1,13,13.0,0,0,0.016,7.69,0.0,0.08,あと3日,https://detail.chiebukuro.yahoo.co.jp/qa/question_detail/q12324884557,この大理石の汚れは何ですか？アルカリ性の洗剤で擦っても擦っても取れません、タバコのヤニが染み付いているのでしょうか？それとも何かしら塗装してあるものでしょうか？,0,0
1931,2026/2/1 3:33,LINE,1251726932,13時間44分,1,7,7.0,0,0,0.008,14.29,0.0,0.07,あと3日,https://detail.chiebukuro.yahoo.co.jp/qa/question_detail/q10324884555,痩せてるのにここにラインができるのはなんででしょう…原因と対策があれば教えていただきたいです…！,0,0
1932,2026/2/1 3:33,女性アイドル,匿名,13時間44分,4,35,8.8,0,0,0.042,11.43,0.0,0.28,あと3日,https://detail.chiebukuro.yahoo.co.jp/qa/question_detail/q14324884554,坂道グループってなんで制服みたいな衣装なんですか？成人してるのに おじさん向けアイドルだからですか？ なんか風俗のコスプレみたいで苦手です,0,0
1933,2026/2/1 3:33,恋愛相談、人間関係の悩み,aya********,13時間44分,5,116,23.2,0,14,0.141,4.31,0.03,0.95,あと3日,https://detail.chiebukuro.yahoo.co.jp/qa/question_detail/q13324884553,マッチングアプリ 弟の彼女について。 長くなります。 11月ごろから弟がマッチングアプリで知り合った台湾の日本に住んでる女性と付き合い始め食事や日本国内に旅行したり彼女のマンションに行ったりしてること...,0,0
1934,2026/2/1 3:33,お酒、ドリンク,非公開,13時間44分,1,7,7.0,0,1,0.008,14.29,0.0,0.11,あと3日,https://detail.chiebukuro.yahoo.co.jp/qa/question_detail/q11324884551,根室市で有名なビールなどはありますでしょうか？,0,0
1935,2026/2/1 3:33,恋愛相談、人間関係の悩み,0357649まる,13時間44分,0,16,16.0,0,0,0.019,0.0,0.0,0.02,あと3日,https://detail.chiebukuro.yahoo.co.jp/qa/question_detail/q10324884550,偏見ですか？ 周りにそういう関係者がいないからかもしれませんが、風○嬢は怖く恐ろしい存在だと思うのは変ですか？何故だかは分からないですが、1人の女性とは思えません。キャバ嬢やホストは風より金を使わせた...,0,0
1936,2026/2/1 3:32,大学受験,45l7095,13時間45分,3,130,43.3,0,1,0.157,2.31,0.07,0.37,あと3日,https://detail.chiebukuro.yahoo.co.jp/qa/question_detail/q14324884549,共テで浪人が確定した者です。 本番でかなりの大失敗をし、過去問や桃、青パックでは7割5分安定だったのに本番5割でした。高2の時に受けた共テ同日よりよっぽど低いです(笑) そもそも本番は前日3〜4時間し...,0,0
1937,2026/2/1 3:32,ライブ、コンサート,もた,13時間45分,2,34,17.0,0,0,0.041,5.88,0.01,0.16,あと3日,https://detail.chiebukuro.yahoo.co.jp/qa/question_detail/q12324884547,ALPHA DRIVE ONEの個別サイン会について オフイベのB賞個別サイン会に当選したのですが、メンバーランダムだったため、同賞の推しと当選している人と交換を考えています。 オフイベで交換をしたこ...,0,0
1938,2026/2/1 3:32,移住、田舎暮らし,非公開,13時間45分,0,2,2.0,0,0,0.002,0.0,0.0,0.0,あと3日,https://detail.chiebukuro.yahoo.co.jp/qa/question_detail/q13324884543,根室市と歌志内市ならどちらの方が田舎でしょうか？,0,0
1939,2026/2/1 3:32,職場の悩み,a550dcbfd,13時間45分,3,40,13.3,0,0,0.048,7.5,0.01,0.23,あと3日,https://detail.chiebukuro.yahoo.co.jp/qa/question_detail/q12324884542,介護施設で誤って女性のペットボトルの珈琲を一口飲んでしまい、謝り、弁償しようとしましたけど上に、管理者に言われました。 なぜペットボトル間違えたぐらいでそんなに大事にされなければならなかったのでしょう...,0,0
1940,2026/2/1 3:32,ファイナルファンタジー,05017015yN,13時間45分,4,39,9.8,0,0,0.047,10.26,0.0,0.29,あと3日,https://detail.chiebukuro.yahoo.co.jp/qa/question_detail/q11324884541,唐突にFF7をプレイしてみたくなりました。 リメイク版で遊びたい場合は今のところSwitch2しか手段がないという認識であっていますか？,0,0
1941,2026/2/1 3:32,携帯型ゲーム全般,b28450a27,13時間46分,1,12,12.0,0,2,0.015,8.33,0.0,0.15,あと3日,https://detail.chiebukuro.yahoo.co.jp/qa/question_detail/q10324884540,ゼンゼロについてです 葉瞬光は引くべきですか？いま400連ほどあって餅武器も引けます。 葉は強いですか?,0,0
1942,2026/2/1 3:32,アジア・韓国ドラマ,1252377665,13時間46分,0,22,22.0,0,0,0.027,0.0,0.0,0.03,あと3日,https://detail.chiebukuro.yahoo.co.jp/qa/question_detail/q14324884539,韓国時代劇で、身分が一緒同士の恋愛ドラマって何がありますか？ または、どっちも何かしらの能力がある、とかでも大丈夫です。 教えていただければ幸いです。,0,0
1943,2026/2/1 3:32,ライトノベル,1051492141,13時間46分,0,4,4.0,0,0,0.005,0.0,0.0,0.0,あと3日,https://detail.chiebukuro.yahoo.co.jp/qa/question_detail/q13324884538,ライトノベルのアラサーがVTuberになった話で柊夏嘉と神坂が対面したのは何話ですか,0,0
1944,2026/2/1 3:32,観光地、行楽地,非公開,13時間46分,5,58,11.6,0,1,0.07,8.62,0.01,0.41,あと3日,https://detail.chiebukuro.yahoo.co.jp/qa/question_detail/q12324884537,北海道旅行を検討中です。アドバイス下さい 6月下旬から7月にかけて8日間位で北海道旅行を検討しています。 夫婦と子供の計３人で・・・ レンタカーを借りて下記のスケジュールで周遊したいのですが修正加筆に...,0,0
1945,2026/2/1 3:31,中学校,hoc********,13時間47分,3,23,7.7,0,0,0.028,13.04,0.0,0.21,あと3日,https://detail.chiebukuro.yahoo.co.jp/qa/question_detail/q10324884535,中学校に進学する時、丸刈りにしましたか。 愛知県岡崎市で昭和50年時点は、丸刈りでした。 皆さんのところは、どうでしたか。,0,0
1947,2026/2/1 3:31,オーディオ,1252124840,13時間47分,2,23,11.5,0,0,0.028,8.7,0.0,0.15,あと3日,https://detail.chiebukuro.yahoo.co.jp/qa/question_detail/q13324884533,3千円くらいで買えるBluetoothのヘッドホンでおすすめありますか？？,0,0
1948,2026/2/1 3:31,モンスターハンター,a6e72b97c,13時間47分,0,17,17.0,0,0,0.021,0.0,0.0,0.02,あと3日,https://detail.chiebukuro.yahoo.co.jp/qa/question_detail/q14324884529,mh4gのダウンロードコンテンツを吸い出したいのですが、DLCのデータはどこにあって、Azaharのどこに入れれば読み込めるのでしょうか。 sdの中を探し回ってるのですがそれらしい物がなく、諦めかけて...,0,0
1949,2026/2/1 3:31,ロシア語,非公開,13時間47分,1,26,26.0,1,0,0.031,3.85,0.01,0.21,あと3日,https://detail.chiebukuro.yahoo.co.jp/qa/question_detail/q13324884528,ロシア人の北海道旅行の質問 ロシア語でХоккайдо(北海道)地名 ・「Хакодате(函館)」 ・「Ошаманбе(長万部)」 ・「Саппоро(札幌)」 ・「Асахикава(旭川)」 ...,0,0
1950,2026/2/1 3:31,Yahoo!オークション,1251806210,13時間47分,1,10,10.0,0,0,0.012,10.0,0.0,0.07,あと3日,https://detail.chiebukuro.yahoo.co.jp/qa/question_detail/q12324884527,すとふぇす2026の支払額についてなのですが 定価+アプグレ代+手数料ですと何円になりますでしょうか？,0,0
1951,2026/2/1 3:31,格安スマホ,1151826999,13時間47分,1,20,20.0,0,0,0.024,5.0,0.0,0.08,あと3日,https://detail.chiebukuro.yahoo.co.jp/qa/question_detail/q11324884526,ホリエモンさんのMVNO会社のホリエモバイルの魅力的な部分とかもし知っていたら教えてほしいです。,0,0
1952,2026/2/1 3:30,恋愛相談,非公開,13時間48分,4,82,20.5,0,12,0.099,4.88,0.02,0.77,あと3日,https://detail.chiebukuro.yahoo.co.jp/qa/question_detail/q10324884525,至急 高一女子です。 恋愛がいつも上手くいかないのが悩みです。 私は、高校に入って片手が埋まるくらい人を好きになりました。それでも、ちゃんと本気で好きでアタックするのですが、悪口を言われて終わるか 他...,0,0
1953,2026/2/1 3:30,お笑い芸人,c236664b2,13時間48分,0,3,3.0,0,0,0.004,0.0,0.0,0.0,あと3日,https://detail.chiebukuro.yahoo.co.jp/qa/question_detail/q12324884522,京極風斗さんはまだ六本木に住んでいますか？,0,0
1954,2026/2/1 3:30,プレイステーションVita,1252394288,13時間48分,0,3,3.0,0,0,0.004,0.0,0.0,0.0,あと3日,https://detail.chiebukuro.yahoo.co.jp/qa/question_detail/q11324884521,PSVITAの音をPCに取り込む方法を教えてください,0,0
1955,2026/2/1 3:30,デンタルケア,非公開,13時間48分,1,16,16.0,0,0,0.019,6.25,0.0,0.08,あと3日,https://detail.chiebukuro.yahoo.co.jp/qa/question_detail/q14324884519,【閲覧注意】【口内、抜歯後画像】 これってドライソケットですか？ 30日11時頃に虫歯で歯を抜きました。 今は痛みはあんまりありません。 左の赤黒い方は1日目で、右の灰色っぽいのはさっき撮ったやつです...,0,0
1956,2026/2/1 3:30,日本語,非公開,13時間48分,1,14,14.0,0,0,0.017,7.14,0.0,0.08,あと3日,https://detail.chiebukuro.yahoo.co.jp/qa/question_detail/q13324884518,北海道根室市岬町 の読み仮名は、 ほっかいどうねむろしみさきちょう？みさきまち？ どちらでしょうか？,0,0
1957,2026/2/1 3:30,家族関係の悩み,lD非公開,13時間49分,4,39,9.8,0,0,0.047,10.26,0.0,0.29,あと3日,https://detail.chiebukuro.yahoo.co.jp/qa/question_detail/q12324884517,何度注意しても同じミスを繰り返す旦那、病気じゃないとしたら何…？治しようが無いのでしょうか？ ミスを繰り返すのは家の事で、「☆☆が○○してしまうから□□して欲しい」と理屈を説明しても次やるときには忘れ...,0,0
1958,2026/2/1 3:30,女性の病気,ぬぬぬ,13時間49分,4,77,19.2,0,5,0.093,5.19,0.02,0.51,不明,https://detail.chiebukuro.yahoo.co.jp/qa/question_detail/q11324884516,18歳学生です 1ヶ月前から左胸が痛く先日乳腺科クリニックにいきました そこのクリニックでは男性のお医者さんだったのですが、そのお医者さんが私の胸を見るなり｢胸の形綺麗だね｣と言ってきました 普通年頃...,0,0
1959,2026/2/1 3:30,アニメ,bd49b5f8b,13時間49分,6,50,8.3,0,5,0.06,12.0,0.01,0.6,あと3日,https://detail.chiebukuro.yahoo.co.jp/qa/question_detail/q10324884515,毎日毎日夜暇すぎるのでなにかオススメのゲームでもアニメでもなんでもいいので沢山教えてください‬т т ちなみにすごく飽き性でゲームだと飼育系は無理ですしFPSはド下手です！！；； アニメは基本なんでも...,0,0
1960,2026/2/1 3:30,国際情勢,海軍大将,13時間49分,2,16,8.0,0,0,0.019,12.5,0.0,0.14,あと3日,https://detail.chiebukuro.yahoo.co.jp/qa/question_detail/q14324884514,中国軍制服組トップが核兵器の機密情報をアメリカに漏洩したのは本当なんですか？もう中国軍も習近平には忠誠を誓ってないんですか？？,0,0
1961,2026/2/1 3:29,国内,へへぬへ,13時間50分,4,123,30.8,0,1,0.148,3.25,0.05,0.42,あと3日,https://detail.chiebukuro.yahoo.co.jp/qa/question_detail/q13324884513,静岡県の静岡市と浜松市が発展し生き残ってきた理由は何ですか？ どちらも東京、名古屋、大阪から離れていてベッドタウンとして発展したわけではないはずです。そして東海道上に位置しストロー現象で吸い取られるか...,0,0
1962,2026/2/1 3:29,大学受験,kjwpm,13時間50分,3,114,38.0,0,3,0.137,2.63,0.05,0.43,あと3日,https://detail.chiebukuro.yahoo.co.jp/qa/question_detail/q12324884512,学べることは全く同じです。 明治学院大学か日大 どちらが良いでしょうか,0,0
1963,2026/2/1 3:29,大学受験,あ,13時間50分,1,16,16.0,0,1,0.019,6.25,0.0,0.12,あと3日,https://detail.chiebukuro.yahoo.co.jp/qa/question_detail/q11324884511,至急、高校の科目選択についてです。 11月ぐらいに地学基礎か物理基礎どちらをとるかの最終選択があり、理科と数学が苦手なため理系を諦め地学基礎を取りました。ですが元々医療系の仕事(看護師か薬剤師)を目指...,0,0
1965,2026/2/1 3:29,音楽,lD非公開,13時間50分,0,16,16.0,1,0,0.019,0.0,0.0,0.14,あと3日,https://detail.chiebukuro.yahoo.co.jp/qa/question_detail/q14324884509,曲を教えてほしいです。 夜遊び、男遊びが激しくて二股とか浮気もしていて、クズな女の曲ないですか？ 洋楽でも良いですができれば日本の曲がいいです。,0,0
1966,2026/2/1 3:29,公務員試験,非公開,13時間50分,1,22,22.0,0,0,0.026,4.55,0.01,0.09,不明,https://detail.chiebukuro.yahoo.co.jp/qa/question_detail/q13324884508,根室市役所の一般事務職を受けたいです。過去問、どうやったら手に入りますか？,0,0
1967,2026/2/1 3:29,恋愛相談、人間関係の悩み,c484ed9f4,13時間50分,3,50,16.7,0,2,0.06,6.0,0.01,0.31,あと3日,https://detail.chiebukuro.yahoo.co.jp/qa/question_detail/q12324884507,やっぱり美人な人の方が優遇されるのでしょうか？ 今日着物をレンタルしたいのですが、同タイミングで他の人の予約もあり隣で着物を選ぶのから着付けまでしたのですが、 その時の隣にいた方はすごく美人で選んでた...,0,0
1968,2026/2/1 3:29,恋愛相談、人間関係の悩み,c1bc6291b,13時間50分,2,9,4.5,0,0,0.011,22.22,0.0,0.13,あと3日,https://detail.chiebukuro.yahoo.co.jp/qa/question_detail/q11324884506,センターパートにする時、セットしたてはなんか変だなーって感じなんですけど、数分経つとあれ？結構いい感じ？となります。これは自分の目が慣れたからですか？それともみんなそうなのですか？,0,0
1969,2026/2/1 3:29,自動車,wan********,13時間50分,3,46,15.3,0,0,0.055,6.52,0.01,0.24,あと3日,https://detail.chiebukuro.yahoo.co.jp/qa/question_detail/q10324884505,下記の用途や条件などから、おすすめの車を教えてください。⭐︎が必須条件でそれ以外は最悪妥協できます 用途 ⭐︎雪山(スノボ)に行く 車中泊(２人) 長距離移動(大阪東京間) 条件 駐車場狭めなので大型...,0,0
1970,2026/2/1 3:29,大学受験,kjwpm,13時間50分,6,258,43.0,1,11,0.31,2.33,0.13,1.19,あと3日,https://detail.chiebukuro.yahoo.co.jp/qa/question_detail/q14324884504,全国の私立文系 早稲田＝慶應>上智>icu>>明治＝同志社>>青山＝立教>>中央＝法政＝関学>関大＝学習院>成蹊>>明学＝國學院＝武蔵>>東洋>日大>専修>駒澤≧成城＝獨協>その他 これで合ってますか...,0,0
1971,2026/2/1 3:29,季節のおでかけ,非公開,13時間51分,3,23,7.7,0,1,0.028,13.04,0.0,0.24,あと3日,https://detail.chiebukuro.yahoo.co.jp/qa/question_detail/q13324884503,北海道根室市のこの季節の日の出と日の入りはおよそいつ頃ですか？,0,0
1972,2026/2/1 3:29,テレビゲーム全般,ぐでたま,13時間51分,1,3,3.0,1,0,0.004,33.33,0.0,0.18,あと3日,https://detail.chiebukuro.yahoo.co.jp/qa/question_detail/q12324884502,プレイステーション略してプレステps プレイステーションで3の質問何ですがなぜ3のコントローラーだけが勝手に誤作動するんですか？ 他にps1 ps2 ps4は誤作動しません。何か3だけ特殊な作り何です...,0,0
1973,2026/2/1 3:28,郵便、宅配,1153314810,13時間52分,1,17,17.0,0,0,0.02,5.88,0.0,0.08,あと3日,https://detail.chiebukuro.yahoo.co.jp/qa/question_detail/q11324884501,ヤマト運輸の送り先が、違う所に届いて発送完了になったので、発送元に連絡しました。 大体、調査的には、どのくらい日数が、かかりますか？ 発送元に、連絡して17日たってます。 まだ、返事がきません。,0,0
1974,2026/2/1 3:28,テレビゲーム全般,jas********,13時間52分,1,10,10.0,0,0,0.012,10.0,0.0,0.07,あと3日,https://detail.chiebukuro.yahoo.co.jp/qa/question_detail/q10324884500,Switch 1で普通にゲームと、Windows10のPCでBluetoothでマインクラフトをしたいのですが、 どちらでも使えるコントローラーで安いのありますか？できれば3000円以下くらい。 普通...,0,0
1975,2026/2/1 3:28,ファッション,aik********,13時間52分,0,13,13.0,0,0,0.016,0.0,0.0,0.02,あと3日,https://detail.chiebukuro.yahoo.co.jp/qa/question_detail/q14324884499,Christian Diorですが、 ジョナサンアンダーソンがデザイナーになってからメンズラインにも原色がふんだんに使われたり花やクローバーが散りばめられるようになったりブックトートも斬新なデザインに...,0,0
1976,2026/2/1 3:28,レディース腕時計、アクセサリー,egs********,13時間52分,2,28,14.0,0,0,0.034,7.14,0.0,0.15,あと3日,https://detail.chiebukuro.yahoo.co.jp/qa/question_detail/q13324884498,プラチナ素材の結婚指輪（幅約2.3mm）に重ね付けできるハーフエタニティリングを検討しています。 検討中のリングは ・0.2カラット ・最大幅 約1.7mm ・地金：イエローゴールド という仕様です。...,0,0
1977,2026/2/1 3:28,エステ、脱毛,eyu********,13時間52分,1,11,11.0,0,0,0.013,9.09,0.0,0.07,あと3日,https://detail.chiebukuro.yahoo.co.jp/qa/question_detail/q12324884497,ケノンの脱毛器を顔に使おうと思っているのですが 目の辺りはダメと書いてありますがどこまでの範囲なら出来ますか？ 調べてみたら鼻の下までと書いてあったのですが私は下の画像にある通り赤い所全体的に毛が生え...,0,0
1978,2026/2/1 3:28,菓子、スイーツ,非公開,13時間52分,3,21,7.0,0,0,0.025,14.29,0.0,0.21,あと3日,https://detail.chiebukuro.yahoo.co.jp/qa/question_detail/q11324884496,北海道根室市の｢オランダせんべい｣はまずいですか？,0,0
1979,2026/2/1 3:28,YouTube,you********,13時間52分,1,29,29.0,0,0,0.035,3.45,0.01,0.09,あと3日,https://detail.chiebukuro.yahoo.co.jp/qa/question_detail/q10324884495,パチスロyoutubeチャンネルの名前を教えてほしいです。 今はチャンネル更新されてない？と思われます。 おそらく個人でやっていたチャンネルで、オープニングとエンディングでは、手書きアニメ風の男が音楽...,0,0
1980,2026/2/1 3:28,避妊,なな,13時間52分,1,26,26.0,0,0,0.031,3.85,0.01,0.09,あと3日,https://detail.chiebukuro.yahoo.co.jp/qa/question_detail/q13324884493,ピルについてです。 1月の25日に性行為し（避妊具なし）、42時間以内にアフターピル服用したのですが、低用量ピル（ドロエチ）を今日から飲み始めてもいいのでしょうか？ 低用量ピルの服用は初めてで、排卵後...,0,0
1981,2026/2/1 3:28,アニメ,lbr********,13時間52分,1,13,13.0,0,0,0.016,7.69,0.0,0.08,あと3日,https://detail.chiebukuro.yahoo.co.jp/qa/question_detail/q12324884492,サイレントウィッチでアニメしか見てないのですがネタバレokです、 モニカはシリルと第二王子のどっちと結ばれますか?,0,0
1983,2026/2/1 3:27,レディースバッグ、財布、小物類,1151298018,13時間53分,4,26,6.5,0,4,0.031,15.38,0.0,0.41,不明,https://detail.chiebukuro.yahoo.co.jp/qa/question_detail/q10324884490,ピンクのキラキラやディズニーやサンリオ、可愛い物を見るとワクワクします。 洋服や外から見える身につける物はモノトーンなのですが、カバンの中の持ち物や部屋の小物はほとんどピンクです。 でも、わたしが大好...,0,0
1984,2026/2/1 3:27,国内,非公開,13時間53分,1,8,8.0,0,0,0.01,12.5,0.0,0.07,あと3日,https://detail.chiebukuro.yahoo.co.jp/qa/question_detail/q14324884489,根室駅(北海道)から明治公園(根室市)までレンタカー使うとしたら何分くらいかかりますか？,0,0
1985,2026/2/1 3:27,恋愛相談、人間関係の悩み,ngz********,13時間53分,2,5,2.5,0,0,0.006,40.0,0.0,0.13,あと3日,https://detail.chiebukuro.yahoo.co.jp/qa/question_detail/q13324884488,彼氏の親と会う機会がないです。 私が高校2年生から付き合ってる彼氏と交際期間がもうそろ5年になります。しかし彼の親と会うことがありません。彼は私の家族には何度も会っています。私と母と彼氏とで出かけたり...,0,0
1986,2026/2/1 3:27,Google Chrome,sor********,13時間54分,1,8,8.0,0,0,0.01,12.5,0.0,0.07,あと3日,https://detail.chiebukuro.yahoo.co.jp/qa/question_detail/q12324884487,GoogleやChatGPTで色々調べたりするのですが、GoogleAIで調べたまとめをプロジェクトで作ったChatGPTに学習させても大丈夫なのでしょうか？ 例えば、各党がかげてる公約は何？って聞い...,0,0
1987,2026/2/1 3:27,ご近所の悩み,emd********,13時間54分,1,44,44.0,1,0,0.053,2.27,0.02,0.23,あと3日,https://detail.chiebukuro.yahoo.co.jp/qa/question_detail/q11324884486,昨日、5階建て・エレベーターなしの実家（4階）に書類を取りに帰りました。 その際、1階の床に血がポタポタ垂れた跡と、嘔吐物のようなものがありました。その時はあまり気にしていませんでした。 その日の夕方...,0,0
1988,2026/2/1 3:27,福祉、介護,匿名,13時間54分,1,7,7.0,0,0,0.008,14.29,0.0,0.07,あと3日,https://detail.chiebukuro.yahoo.co.jp/qa/question_detail/q10324884485,男性の仕事の、ケアマネジャーは、高齢者と関わる仕事ですか？,0,0
1989,2026/2/1 3:27,モンスターハンター,1152195678,13時間54分,1,18,18.0,0,0,0.022,5.56,0.0,0.08,不明,https://detail.chiebukuro.yahoo.co.jp/qa/question_detail/q14324884484,モンハンNOWにてチャージアックスをよく使うのですが装備を面倒臭すぎてあまり変えないので、どのモンスターにも通用する汎用装備とかあれば教えて欲しいです（ちなみに毒チャアクをよく使います）,0,0
1990,2026/2/1 3:27,料理、食材,1153133565,13時間54分,6,30,5.0,0,18,0.036,20.0,0.0,1.04,あと3日,https://detail.chiebukuro.yahoo.co.jp/qa/question_detail/q13324884483,好きな焼き鳥は何ですか？,0,0
1991,2026/2/1 3:27,国内,非公開,13時間54分,2,17,8.5,0,0,0.02,11.76,0.0,0.14,あと3日,https://detail.chiebukuro.yahoo.co.jp/qa/question_detail/q11324884481,北海道のことで質問します 釧路市と根室市とその周辺の市町村が合併したら、政令指定都市になれますか,0,0
1992,2026/2/1 3:27,会計、経理、財務,hap********,13時間54分,1,21,21.0,0,0,0.025,4.76,0.01,0.08,あと3日,https://detail.chiebukuro.yahoo.co.jp/qa/question_detail/q10324884480,個人事業主です。仕訳について教えてください。 事業主口座から現金を引き出した場合の仕訳を教えてください。現金は事業用の買い物と、家庭用の買い物に使いましたが、 現金/普通預金 でも大丈夫でしょうか？ ...,0,0
1993,2026/2/1 3:27,携帯型ゲーム全般,ljb********,13時間54分,1,18,18.0,0,0,0.022,5.56,0.0,0.08,あと3日,https://detail.chiebukuro.yahoo.co.jp/qa/question_detail/q14324884479,原神の武器について。 現在、月感電パーティー(フリンズ・コロンビーナ・イネファ・スクロース)を使用しています。(星5キャラは無凸) 餅武器は誰のも所持しておりません(微課金の為、武器ガチャは回せない為...,0,0
1994,2026/2/1 3:27,恋愛相談、人間関係の悩み,あ,13時間54分,1,6,6.0,0,0,0.007,16.67,0.0,0.07,あと3日,https://detail.chiebukuro.yahoo.co.jp/qa/question_detail/q13324884478,高校生の皆さん部屋の間取り何畳ですか？,0,0
1995,2026/2/1 3:26,動画サービス,ywq********,13時間55分,0,7,7.0,0,0,0.008,0.0,0.0,0.01,あと3日,https://detail.chiebukuro.yahoo.co.jp/qa/question_detail/q12324884477,この人がどこの配信サイトで配信しているか知りたいのですがご存知の方いますか？,0,0
1996,2026/2/1 3:26,家族関係の悩み,1252670390,13時間55分,3,70,23.3,1,2,0.084,4.29,0.02,0.45,あと3日,https://detail.chiebukuro.yahoo.co.jp/qa/question_detail/q11324884476,樋口まりんさんの父親の証言怪しくないですか？ どこにも足跡手掛かりがなく、拉致だとしても そんな上手い話はあるかなと疑問に思います。 少し気がかりな点は、寒波だった事ですが、、、 自宅療養されていた事...,0,0
1997,2026/2/1 3:26,パソコン,mcx********,13時間55分,2,12,6.0,0,1,0.014,16.67,0.0,0.17,あと3日,https://detail.chiebukuro.yahoo.co.jp/qa/question_detail/q10324884475,valorant fpsゲーム等のデバイスについて質問です。 プロの方のデバイス設定を調べるとほとんどの方がマウスのポーリングレートを4000hzに設定していました。 なぜ最大の8000hzにしないの...,0,0
1998,2026/2/1 3:26,結婚,1151953578,13時間55分,5,80,16.0,0,2,0.096,6.25,0.02,0.47,あと3日,https://detail.chiebukuro.yahoo.co.jp/qa/question_detail/q13324884473,結婚式のお呼ばれでこれ着ていくのありですか？それともなしですか？,0,0
1999,2026/2/1 3:26,住宅,非公開,13時間55分,0,7,7.0,0,0,0.008,0.0,0.0,0.01,あと3日,https://detail.chiebukuro.yahoo.co.jp/qa/question_detail/q12324884472,根室市の古めのアパートの4階に住んでいるのですが、水落としは気温が何度から行うのが良いでしょうか？？ 一般的には-4°Cと言われていますが、実際どうなんでしょうか？ テレビ等で大寒波などと報じられない...,0,0
2000,2026/2/1 3:26,職場の悩み,1151359147,13時間56分,1,11,11.0,0,0,0.013,9.09,0.0,0.07,あと3日,https://detail.chiebukuro.yahoo.co.jp/qa/question_detail/q11324884471,コンプラはなんだと、思いますか？ 私は雑魚が守られるだけのしょうむないものだと考えます,0,0
2001,2026/2/1 3:26,病気、症状,mas********,13時間56分,5,71,14.2,0,15,0.085,7.04,0.01,0.92,あと3日,https://detail.chiebukuro.yahoo.co.jp/qa/question_detail/q10324884470,親に精神科の自立支援医療制度が存在することを伝えたら、猛反対されました。もし受給したら私が受給してると名前が載って知れ渡ると言われました。私は病気なんかじゃない。家族は誰も病気を持ってない。 と言われ...,0,0
2002,2026/2/1 3:26,日本語,めんま,13時間56分,2,18,9.0,0,0,0.022,11.11,0.0,0.14,あと3日,https://detail.chiebukuro.yahoo.co.jp/qa/question_detail/q14324884469,〇月発売予定というのは、その月のどこかでということなのか、 それともその月の一日から発売ということなのでしょうか？？,0,0
2003,2026/2/1 3:26,住宅,1053329398,13時間56分,0,7,7.0,0,0,0.008,0.0,0.0,0.01,あと3日,https://detail.chiebukuro.yahoo.co.jp/qa/question_detail/q13324884468,トイレからたまにツンとした匂いがします。 尿の匂いではなく、なんかビニールを溶かしたような、、なんか有害そうな（？）匂いがします。 毎日するわけじゃないんです。 週に1.2回ぐらい。 24時間ぐらい経...,0,0
2004,2026/2/1 3:26,オークション、フリマサービス,よくある名無し,13時間56分,1,14,14.0,0,1,0.017,7.14,0.0,0.11,あと3日,https://detail.chiebukuro.yahoo.co.jp/qa/question_detail/q11324884466,Yahooフリマにて、靴を購入しようと思っているのですが、その商品ページの写真が出品者さんが撮ったものではなく公式の商品の画像をそのまま転用しているものでした。 なので少しの値下げ依頼と質問で「着用時...,0,0
2005,2026/2/1 3:26,地学,非公開,13時間56分,0,18,18.0,1,0,0.022,0.0,0.0,0.14,あと3日,https://detail.chiebukuro.yahoo.co.jp/qa/question_detail/q10324884465,北海道で獲れたサンゴの種類について質問致します。 北海道の根室市に住んでいます。 海岸や漁港で時々ピンク色のサンゴを見つけますが、これは宝石とかの珊瑚と種類が違うのでしょうか。 硬さは泥岩や砂岩に比べ...,0,0
2006,2026/2/1 3:25,アニメ,1152217143,13時間57分,1,14,14.0,0,0,0.017,7.14,0.0,0.08,あと3日,https://detail.chiebukuro.yahoo.co.jp/qa/question_detail/q14324884464,映画『涼宮ハルヒの消失』2週間限定のリバイバル上映って13日までってことですか？,0,0
2007,2026/2/1 3:25,メンズ全般,非公開,13時間57分,0,12,12.0,0,0,0.014,0.0,0.0,0.01,あと3日,https://detail.chiebukuro.yahoo.co.jp/qa/question_detail/q13324884463,このラルフローレンのロゴは本物でしょうか？ polo,0,0
2008,2026/2/1 3:25,料理、食材,1153133565,13時間57分,6,22,3.7,0,18,0.026,27.27,0.0,1.03,あと3日,https://detail.chiebukuro.yahoo.co.jp/qa/question_detail/q12324884462,好きなお味噌汁の具は何ですか？,0,0
2009,2026/2/1 3:25,ヘアスタイル,c1bc6291b,13時間57分,3,23,7.7,0,0,0.027,13.04,0.0,0.21,あと3日,https://detail.chiebukuro.yahoo.co.jp/qa/question_detail/q11324884461,センターパートについて 自分はセンターパートをやりたいです 髪の長さは目にかかるくらいのマッシュです けど前髪が上手く立ち上がりません。 そしておでこ広いので幅狭めがいいです、 ダッカールを使ってみて...,0,0
2010,2026/2/1 3:25,エアコン、空調家電,clo********,13時間57分,2,24,12.0,0,0,0.029,8.33,0.0,0.15,あと3日,https://detail.chiebukuro.yahoo.co.jp/qa/question_detail/q14324884459,１階の部屋の、ガレージに出れる窓の結露が酷いので除湿機を買って置こうと思っていたのですが、あまり意味ないんでしょうか？ 結露抑制シートは試してます。多少マシになってるかなって思います。 冷たくならない...,0,0
2011,2026/2/1 3:25,観光地、行楽地,非公開,13時間57分,3,36,12.0,0,0,0.043,8.33,0.01,0.22,あと3日,https://detail.chiebukuro.yahoo.co.jp/qa/question_detail/q13324884458,北海道中標津町(中標津空港)は観光で行くような所でしょうか。 道東への旅行を考えています。 何がしたいとか目的はないのですが、少しでも見所があればなと質問させてもらいました。 移動は公共交通機関のみで...,0,0
2012,2026/2/1 3:25,政治、社会問題,nes********,13時間57分,2,12,6.0,0,0,0.014,16.67,0.0,0.13,あと3日,https://detail.chiebukuro.yahoo.co.jp/qa/question_detail/q11324884456,選挙の街頭演説ってまともに聞いてる人いるんですか？ 立候補者はヒマなんですかね？ 今どきSNSの宣伝に力を入れる方がよっぽど効果的だと思うんですけど。,0,0
2013,2026/2/1 3:25,恋愛相談、人間関係の悩み,abeed60d7,13時間57分,3,30,10.0,0,0,0.036,10.0,0.0,0.21,あと3日,https://detail.chiebukuro.yahoo.co.jp/qa/question_detail/q10324884455,末っ子同士のカップルってうまく行きますか？ 年上で気になる男性いるんですけど友達で遊んでる相手が年上の人しか聞いたことなくて合う合わないもあるのかなって。,0,0
2014,2026/2/1 3:24,食事のマナー,1153133565,13時間58分,8,64,8.0,0,34,0.076,12.5,0.01,1.77,あと3日,https://detail.chiebukuro.yahoo.co.jp/qa/question_detail/q14324884454,私は食事に食べ行くと必ず紙エプロン(自前)のを使ってます。特に白系の服やお気に入りの服を着ている時などを中心に使ってます。知り合いからは赤ちゃんみたいだと言われますが気にしてません。 単に汁とかソース...,0,0
2016,2026/2/1 3:24,小説,1252757366,13時間59分,1,7,7.0,0,0,0.008,14.29,0.0,0.07,あと3日,https://detail.chiebukuro.yahoo.co.jp/qa/question_detail/q12324884452,小説の方舟について質問です！ 最初の方に翔、柊一、ゆうやの3人で方舟内を探索してる時に 岩の巻き上げ機を発見して 【だからここの一部分だけが板張りになってるのか！】と柊一くんが言った後に 翔くんが 『...,0,0
2017,2026/2/1 3:24,国内,非公開,13時間59分,1,5,5.0,0,0,0.006,20.0,0.0,0.07,あと3日,https://detail.chiebukuro.yahoo.co.jp/qa/question_detail/q11324884451,北海道の「ねむろ」って、どんな町ですか？ 北海道の「根室市」についてお聞きしたいことがあります。 どんな街ですか？ 教えてください！！ 皆様からの回答をお待ちしております。,0,0
2018,2026/2/1 3:24,恋愛相談、人間関係の悩み,sun********,13時間59分,0,5,5.0,0,0,0.006,0.0,0.0,0.01,あと3日,https://detail.chiebukuro.yahoo.co.jp/qa/question_detail/q10324884450,気になっていたイケメンがホストを始めてショックです。スカウトされたらしいですが、、 あと3ヶ月で社会人だしやってみたかったらしいです。 男ならホストはやってみたいんですかね？イケメンならやっちゃうもん...,0,0
2019,2026/2/1 3:24,絵画,あ,13時間59分,2,28,14.0,0,3,0.033,7.14,0.0,0.26,あと3日,https://detail.chiebukuro.yahoo.co.jp/qa/question_detail/q14324884449,iPad(アイビス)でイラストを描いています 液タブ買ってクリップスタジオにしようかなーって思ってるんですけど やっぱり描きやすさとか上達しやすさってありますか？,0,0
2020,2026/2/1 3:24,自動車,bc818443,13時間59分,2,15,7.5,0,0,0.018,13.33,0.0,0.14,あと3日,https://detail.chiebukuro.yahoo.co.jp/qa/question_detail/q13324884448,【不安な気持ちの解消法を教えてください。】今年の4月から社会人一年目になります。将来への楽しみがある一方で社会人になる不安が大きく眠れない日があります。 笑 なので最近はYouTubeでビデオオプショ...,0,0
2021,2026/2/1 3:24,生き方、人生相談,叡禅和尚,13時間59分,8,38,4.8,0,0,0.045,21.05,0.0,0.52,あと3日,https://detail.chiebukuro.yahoo.co.jp/qa/question_detail/q12324884447,至急 ストレスの無い人生を送ってこられましたか？,0,0
2022,2026/2/1 3:24,恋愛相談、人間関係の悩み,K,13時間59分,2,8,4.0,1,1,0.01,25.0,0.0,0.28,あと3日,https://detail.chiebukuro.yahoo.co.jp/qa/question_detail/q11324884446,高校生女子です。 部活にこんな特徴の女子（同学年）がいます。 ・空気を読めない ・人との距離が近すぎる（顔が目の前にある感じや体がほぼ触れるくらい） ・急に会話に入ってきて大きめの声でつっこんでくる ...,0,0
2023,2026/2/1 3:24,邦楽,知恵袋盛り上げ隊,13時間59分,15,160,10.7,1,16,0.191,9.38,0.02,1.77,あと3日,https://detail.chiebukuro.yahoo.co.jp/qa/question_detail/q10324884445,宗教 で思い浮かぶ曲は？,0,0
2024,2026/2/1 3:24,カフェ、喫茶,非公開,13時間59分,0,2,2.0,0,0,0.002,0.0,0.0,0.0,あと3日,https://detail.chiebukuro.yahoo.co.jp/qa/question_detail/q14324884444,根室市花咲町にあった”カフェNo.22”というお店パスタがとてもおいしかったのですが、今現在も営業しているか教えてください。,0,0
2025,2026/2/1 3:23,iPhone,rui_06,14時間0分,2,6,3.0,0,0,0.007,33.33,0.0,0.13,あと3日,https://detail.chiebukuro.yahoo.co.jp/qa/question_detail/q11324884441,緊急です iPhoneのAppleアカウント名は自分の名義なのですが、 緑のアイコンのメッセージと電話のアカウント名はあだ名にしています これってメッセージを使った場合、相手にはあだ名で表示されている...,0,0
2026,2026/2/1 3:23,Amazon,1051694395,14時間0分,2,19,9.5,0,0,0.023,10.53,0.0,0.14,あと3日,https://detail.chiebukuro.yahoo.co.jp/qa/question_detail/q10324884440,Amazonについて質問です。 今現在Amazonで欲しいものがあったので購入したのですが支払い方法をau(個人用)にしたんですが今aupay残高にお金があるのですがこの場合残高から引かれますか？詳し...,0,0
2027,2026/2/1 3:23,邦楽,gjpp,14時間0分,1,17,17.0,0,0,0.02,5.88,0.0,0.08,あと3日,https://detail.chiebukuro.yahoo.co.jp/qa/question_detail/q14324884439,Janne Da Arcって解散してますか？,0,0
2028,2026/2/1 3:23,病院、検査,さきほ,14時間0分,1,16,16.0,0,0,0.019,6.25,0.0,0.08,あと3日,https://detail.chiebukuro.yahoo.co.jp/qa/question_detail/q13324884438,**【タイトル】** 病院での鉄剤注射（フェジン）の注射をされてる方に質問です **【本文】** 現在、婦人科からの紹介で別の病院に通院しています。 橋本病（甲状腺）の持病があり、あわせて重度の貧血治...,0,0
2029,2026/2/1 3:23,政治、社会問題,非公開,14時間0分,1,12,12.0,0,2,0.014,8.33,0.0,0.14,あと3日,https://detail.chiebukuro.yahoo.co.jp/qa/question_detail/q12324884437,北方領土は北海道根室市ですか？日本固有の領土なら番地はありますよね？,0,0
2030,2026/2/1 3:23,恋愛相談、人間関係の悩み,K,14時間1分,2,10,5.0,1,1,0.012,20.0,0.0,0.29,あと3日,https://detail.chiebukuro.yahoo.co.jp/qa/question_detail/q11324884436,高校生女子です。 部活にこんな特徴の女子（同学年）がいます。 ・空気を読めない ・人との距離が近すぎる（顔が目の前にある感じや体がほぼ触れるくらい） ・急に会話に入ってきて大きめの声でつっこんでくる ...,0,0
2031,2026/2/1 3:23,パソコン,つまんない,14時間1分,0,5,5.0,0,0,0.006,0.0,0.0,0.01,あと3日,https://detail.chiebukuro.yahoo.co.jp/qa/question_detail/q10324884435,numm lockはどこにあるんですか？,0,0
2032,2026/2/1 3:23,生き方、人生相談,1153133565,14時間1分,1,10,10.0,0,0,0.012,10.0,0.0,0.07,あと3日,https://detail.chiebukuro.yahoo.co.jp/qa/question_detail/q14324884434,丁寧な暮らしとは具体的にどんな暮らしですか？,0,0
2033,2026/2/1 3:23,ドラマ,b3a851919,14時間1分,0,10,10.0,0,0,0.012,0.0,0.0,0.01,あと3日,https://detail.chiebukuro.yahoo.co.jp/qa/question_detail/q13324884433,平成初期のホラー番組の短編集かなにかのひとつで思い出せない作品があって 女子高生数人が部室かなんかの地下で女の幽霊に追いかけ回されて殺されて、1人地下から脱出するけど結局殺される、みたいなやつだったと...,0,0
2034,2026/2/1 3:22,恋愛相談、人間関係の悩み,1251235389,14時間2分,4,51,12.8,0,0,0.061,7.84,0.01,0.3,あと3日,https://detail.chiebukuro.yahoo.co.jp/qa/question_detail/q11324884431,キャバクラで働いてます。 女の子皆んなから1番可愛いって言われてる って言われました。 顔のレベルってどのぐらいなんですか？,0,0
2035,2026/2/1 3:22,政治、社会問題,非公開,14時間2分,0,12,12.0,1,0,0.014,0.0,0.0,0.13,あと3日,https://detail.chiebukuro.yahoo.co.jp/qa/question_detail/q10324884430,"根室市に『北方領土返還』に関する看板が多い理由 週末、初めて道東南部のエリアに進出した者ですが、釧路エリア浜中町から根室エリア根室市に入った途端に、『北方領土返還』（四島を""しま""と表記）系の看板がや...",0,0
2036,2026/2/1 3:22,電子マネー、電子決済,ced0644f0,14時間2分,0,5,5.0,0,0,0.006,0.0,0.0,0.01,あと3日,https://detail.chiebukuro.yahoo.co.jp/qa/question_detail/q13324884428,ニコハブの質問です。 PayPayでの支払い方法が分からないので教えて欲しいです,0,0
2037,2026/2/1 3:22,ネイルケア,1252669898,14時間2分,1,29,29.0,0,1,0.034,3.45,0.01,0.13,不明,https://detail.chiebukuro.yahoo.co.jp/qa/question_detail/q11324884426,ネイリストさん このような10本ドット➕パーツのデザインって90分いけますか！,0,0
2038,2026/2/1 3:21,ネコ,匿名,14時間3分,2,11,5.5,0,0,0.013,18.18,0.0,0.13,あと3日,https://detail.chiebukuro.yahoo.co.jp/qa/question_detail/q10324884425,ベージュのオスの猫は優しそうな顔をしていますか,0,0
2039,2026/2/1 3:21,日本語,非公開,14時間3分,1,31,31.0,0,0,0.037,3.23,0.01,0.1,あと3日,https://detail.chiebukuro.yahoo.co.jp/qa/question_detail/q12324884422,根室市に珸瑶瑁（ごようまい）という地名がありますが、どれも見慣れない漢字です・・・ 珸、瑶、瑁、それぞれの漢字の使用例を教えてください,0,0
2040,2026/2/1 3:21,自転車、サイクリング,adc9efd62,14時間3分,12,99,8.2,0,4,0.117,12.12,0.01,0.97,あと3日,https://detail.chiebukuro.yahoo.co.jp/qa/question_detail/q11324884421,無職でバイトしようと思うのですが、片道5キロを自転車通勤って無謀ですかね？運動になるとかメリットを考えては見たものの、大雨の日とかどうしたらいいのでしょうか？ カッパや長靴などの装備をするのも想像する...,0,0
2041,2026/2/1 3:21,家族関係の悩み,abc************,14時間3分,3,24,8.0,0,0,0.028,12.5,0.0,0.21,あと3日,https://detail.chiebukuro.yahoo.co.jp/qa/question_detail/q10324884420,私虐待受けて育ったからか将来に対して不安があります。将来結婚して子供が産まれた時授乳とかお風呂とか自分の体を出さないと行けないのと考えるとゾワッとします。 昔父親から怒られた時裸にして外に出すぞとか高...,0,0
2042,2026/2/1 3:21,家族関係の悩み,c9856f5c0,14時間3分,2,36,18.0,0,0,0.043,5.56,0.01,0.16,不明,https://detail.chiebukuro.yahoo.co.jp/qa/question_detail/q14324884419,姉の旦那さんから余ってるモニターをもらったのですが、お礼にお肉を送ろうと思ってます のしに書いてもらう文字は御礼でよいのでしょうか？,0,0
2043,2026/2/1 3:21,車、高速道路,非公開,14時間3分,1,45,45.0,0,0,0.053,2.22,0.02,0.11,あと3日,https://detail.chiebukuro.yahoo.co.jp/qa/question_detail/q13324884418,北海道根室市から静岡県浜松市へ初めての車旅（苫小牧からフェリー）で行くのですが、名古屋港フェリーターミナルから、東名高速の一番分り易すく行けるインター名と、そのルートを教えて下さい。,0,0
2044,2026/2/1 3:21,就職活動,1052992558,14時間3分,1,61,61.0,0,0,0.072,1.64,0.04,0.13,あと3日,https://detail.chiebukuro.yahoo.co.jp/qa/question_detail/q12324884417,26卒の大学生です。 現在1社から内定をいただいていますが、正直なところそこまで行きたいと思える企業ではない。（内定いただいてからも就活を続けてました。）このまま新卒カードを使って入社してよいのか悩ん...,0,0
2045,2026/2/1 3:21,数学,25368741,14時間4分,0,15,15.0,0,0,0.018,0.0,0.0,0.02,あと3日,https://detail.chiebukuro.yahoo.co.jp/qa/question_detail/q11324884416,f（θ）= a（√3sinθ-cosθ）-（√3sin2θ+cos2θ）+a+1として、f（θ）=0の解の個数を調べよ。 （0≦x≦2π） t=√3sinθ-cosθとおく。 t²=3sin²θ-2√...,0,0
2046,2026/2/1 3:20,日本史,sin********,14時間5分,5,50,10.0,0,5,0.059,10.0,0.01,0.53,あと3日,https://detail.chiebukuro.yahoo.co.jp/qa/question_detail/q10324884415,柳生十兵衛って空白の10年に何をしていたんですか？ 父の宗矩が幕府の火消しの為の秘密警察みたいな汚い事やってのた気に食わなくて 武者修行にもでも出たんですか？高潔な人物だったんですか？,0,0
2047,2026/2/1 3:20,職場の悩み,1051442797,14時間5分,2,29,14.5,0,0,0.034,6.9,0.0,0.15,あと3日,https://detail.chiebukuro.yahoo.co.jp/qa/question_detail/q14324884414,高卒でも働けますか？また、高卒で働いてる人はなんの仕事をしてますか？,0,0
2048,2026/2/1 3:20,K-POP、アジア,1251550865,14時間5分,2,45,22.5,0,1,0.053,4.44,0.01,0.21,あと3日,https://detail.chiebukuro.yahoo.co.jp/qa/question_detail/q13324884413,KーPOP好きの皆さん！ Hearts2HeartsのSTYLEという曲がとても好きなのですが他に可愛らしくてポップな曲を教えてください。他だとKARAのミスター、GO GO サマー！なんかも好きです...,0,0
2049,2026/2/1 3:20,転職,和田丸,14時間5分,1,21,21.0,0,0,0.025,4.76,0.01,0.08,あと3日,https://detail.chiebukuro.yahoo.co.jp/qa/question_detail/q12324884412,求人について。 画像のように記載されているものはその紹介事業所で正社員ということで実際に働く場所では派遣等になるのでしょうか？ そこから正社員は不可能ですか？,0,0
2050,2026/2/1 3:20,観光地、行楽地,非公開,14時間5分,3,17,5.7,0,0,0.02,17.65,0.0,0.2,あと3日,https://detail.chiebukuro.yahoo.co.jp/qa/question_detail/q10324884410,北海道の根室市と青森県八戸市なら どっちの方が観光客が多いですか？ 観光客が多いということは人気があると いうことと思うので、行くなら観光客が 多い方と思ったので…,0,0
2051,2026/2/1 3:20,数学,1052156173,14時間5分,3,60,20.0,0,2,0.071,5.0,0.01,0.32,不明,https://detail.chiebukuro.yahoo.co.jp/qa/question_detail/q14324884409,数学ができません。高1で数学の試験が22点でした。因数分解すらいまだに分かっていません。この現状から全教科オール5を目指したいです。現実見れてなくてごめんなさい。 やる気だけはあるので、いい勉強法はあ...,0,0
2052,2026/2/1 3:20,自動車,1049866195,14時間5分,3,39,13.0,1,0,0.046,7.69,0.01,0.34,不明,https://detail.chiebukuro.yahoo.co.jp/qa/question_detail/q13324884408,私は福島の郡山に住んでいます。 今度日帰り旅行で福島の雪の降ってる方に行こうと考えております、ニコニコレンタカーにする予定だったのですが、追加補償に初心者ドライバーなので入れないことに気づき、タイムズ...,0,0
2053,2026/2/1 3:20,病気、症状,1052271562,14時間5分,0,3,3.0,0,0,0.004,0.0,0.0,0.0,あと3日,https://detail.chiebukuro.yahoo.co.jp/qa/question_detail/q12324884407,便きばってないのに 勝手に、肛門に、挟まる事 ないですよね？？,0,0
2054,2026/2/1 3:20,パソコン,ぽんかん,14時間5分,1,13,13.0,0,0,0.015,7.69,0.0,0.07,あと3日,https://detail.chiebukuro.yahoo.co.jp/qa/question_detail/q11324884406,CoD Bo7の購入を検討しているのですが、 ゲーミングノートのRTX3050 Ryzen7 RAM32GBで120FPSをキープしてプレイするのは厳しいでしょうか。 できれば1080pで遊びたいので...,0,0
2055,2026/2/1 3:20,職業,********,14時間5分,1,8,8.0,0,0,0.009,12.5,0.0,0.07,あと3日,https://detail.chiebukuro.yahoo.co.jp/qa/question_detail/q10324884405,この時間まで起きている方へ。なんのお仕事をしてる人ですか？ この質問を見た方全員今起きてるから教えてください。お願いします。,0,0
2056,2026/2/1 3:20,ポケットモンスター,ｐａｋｕ,14時間5分,1,23,23.0,0,1,0.027,4.35,0.01,0.12,不明,https://detail.chiebukuro.yahoo.co.jp/qa/question_detail/q14324884404,ポケツイ 周年祭の復刻について教えてください 「復刻あるのにハピ使いすぎた」「復刻が〜」という内容のツイートを散見しました 近々去年の周年ガチャが復刻する予定があるのでしょうか？,0,0
2057,2026/2/1 3:19,大学受験,b23e0e6d9,14時間6分,0,6,6.0,0,0,0.007,0.0,0.0,0.01,あと3日,https://detail.chiebukuro.yahoo.co.jp/qa/question_detail/q13324884403,高1一橋商学部志望です。 ニューグローバルレジェンドについての質問です。ニューグローバルレジェンドで学習していこうと考えているのですが、他の同レベル帯の参考書（一対一など）と比べてどのような学習効果が...,0,0
2058,2026/2/1 3:19,恋愛相談、人間関係の悩み,1149689938,14時間6分,3,33,11.0,0,0,0.039,9.09,0.0,0.22,あと3日,https://detail.chiebukuro.yahoo.co.jp/qa/question_detail/q12324884402,彼氏とそういう雰囲気になった時にとても痛く指すらはいらず自分でもチャレンジしてみようと思ったのですが、第一関節が限界でしかも血がポタポタと出てきてしまいました。婦人科に行くべきでしょうか？？、,0,0
2059,2026/2/1 3:19,邦楽,知恵袋盛り上げ隊,14時間6分,2,30,15.0,1,0,0.035,6.67,0.01,0.27,あと3日,https://detail.chiebukuro.yahoo.co.jp/qa/question_detail/q10324884400,嫌がらせ で思い浮かぶ曲は？,0,0
2060,2026/2/1 3:19,労働条件、給与、残業,nay********,14時間6分,3,15,5.0,0,0,0.018,20.0,0.0,0.19,あと3日,https://detail.chiebukuro.yahoo.co.jp/qa/question_detail/q11324884401,日勤から夜勤の連続勤務の残業代について質問させて下さい。 私の会社は14時から23時までの日勤があり、たまに23時から翌朝8時までの夜勤があります。 14時から23時まで働いて1度退勤を押し、またすぐ...,0,0
2061,2026/2/1 3:19,YouTube,bpe********,14時間7分,1,16,16.0,0,0,0.019,6.25,0.0,0.08,あと3日,https://detail.chiebukuro.yahoo.co.jp/qa/question_detail/q14324884399,YouTubeで再生すると字幕がいつも出てきてその度にオフにするのですが、ずっとオフにしたいのですがどうすれば良いのですか？デバイスの設定を押しても字幕表示の設定が見つかりません,0,0
2062,2026/2/1 3:19,学校の悩み,1252142924,14時間7分,7,68,9.7,0,2,0.08,10.29,0.01,0.56,あと3日,https://detail.chiebukuro.yahoo.co.jp/qa/question_detail/q13324884398,中学2年生です。私は小学六年生の頃に小さな陰口から、学校に行けなくなりました。席の真後ろで女の子二人に悪口を言われ、そこから不登校になりました。中学校に入学したら、ちゃんと学校に行こうと決めてました。...,0,0
2063,2026/2/1 3:19,職場の悩み,1150486655,14時間7分,1,10,10.0,0,0,0.012,10.0,0.0,0.07,あと3日,https://detail.chiebukuro.yahoo.co.jp/qa/question_detail/q11324884396,仕事において誰かに期待するというスタンスはダメですよね,0,0
2064,2026/2/1 3:18,コミック,鮭,14時間8分,1,19,19.0,0,0,0.022,5.26,0.0,0.08,不明,https://detail.chiebukuro.yahoo.co.jp/qa/question_detail/q10324884395,漫画NANAでハチがジャクソンホールで｢ジャクソンバーガーとフレッシュオレンジジュース♡｣と言って注文するコマは何巻の何話にありますか？,0,0
2065,2026/2/1 3:18,邦楽,ce9a627b7,14時間8分,1,19,19.0,0,0,0.022,5.26,0.0,0.08,あと3日,https://detail.chiebukuro.yahoo.co.jp/qa/question_detail/q14324884394,質問です！aikoさんの歌でトュットュルトュットュルトュットュットュッみたいな歌ありませんでしたか！？おそらく間奏なんですけど、わかる人教えてください！！,0,0
2066,2026/2/1 3:18,コミック,1150577242,14時間8分,1,16,16.0,0,4,0.019,6.25,0.0,0.22,あと3日,https://detail.chiebukuro.yahoo.co.jp/qa/question_detail/q13324884393,アカギについて質問です 鷲巣麻雀の持ち点と点数についてなのですが、 取られる血液とお金の量って麻雀１巡ごとの点差で決まりますよね？ それなのに持ち点を20万から2万に変える意味ってあるのですか？,0,0
2067,2026/2/1 3:18,手芸,c1ae7bd0a,14時間8分,0,11,11.0,0,0,0.013,0.0,0.0,0.01,あと3日,https://detail.chiebukuro.yahoo.co.jp/qa/question_detail/q12324884392,フリル付きハートのパーツがつくれるシリコンモールドをずっと探しているのですが全然見つからず…知ってる方いませんか（ ; ; ）真ん中にリボンがついていたような気がします（ ; ; ）,0,0
2068,2026/2/1 3:17,大学,1149986523,14時間9分,2,17,8.5,0,0,0.02,11.76,0.0,0.14,あと3日,https://detail.chiebukuro.yahoo.co.jp/qa/question_detail/q10324884390,至急お願いします。 スカラネットの奨学金について質問です。 奨学金継続願の提出期限（1/31）を過ぎてしまい、 2/1の午前3時頃に入力・送信を完了しました。 奨学金継続願提出完了という画面と受付番号...,0,0
2069,2026/2/1 3:17,K-POP、アジア,1051680187,14時間9分,1,23,23.0,0,0,0.027,4.35,0.01,0.09,あと3日,https://detail.chiebukuro.yahoo.co.jp/qa/question_detail/q14324884389,これはどの動画で見れますか？ NCT WISH シズニ シオン,0,0
2070,2026/2/1 3:17,ファッション,gjmw58494,14時間9分,0,9,9.0,0,0,0.011,0.0,0.0,0.01,あと3日,https://detail.chiebukuro.yahoo.co.jp/qa/question_detail/q12324884387,こういうダイヤ柄のネクタイを探しているのですが、買える場所知らないですか？ ダイヤ柄 ネクタイ と調べましたが、メンズ用の違う柄のものばかり出てきてしまいます。 色は赤×黒か黒×白だと嬉しいです。 存...,0,0
2071,2026/2/1 3:16,シニアライフ、シルバーライフ,my_********,14時間10分,9,57,6.3,0,0,0.067,15.79,0.0,0.6,あと3日,https://detail.chiebukuro.yahoo.co.jp/qa/question_detail/q10324884385,年金暮らしになったら節約生活をしなければならなくなると思いますが、やはり削るのは食費ですか？,0,0
2072,2026/2/1 3:16,恋愛相談、人間関係の悩み,garapon,14時間10分,2,32,16.0,0,2,0.038,6.25,0.01,0.23,あと3日,https://detail.chiebukuro.yahoo.co.jp/qa/question_detail/q14324884384,どちらの男性と結婚しますか？ 1、とにかく真面目で彼女なし30歳 年収500万 貯金1000万 彼女無し 見た目下の中 会話も微妙 2、中学で少年院 入れ墨入れて消してます。 高校からまともになり現在...,0,0
2073,2026/2/1 3:16,クレジットカード,1151268237,14時間10分,0,13,13.0,0,0,0.015,0.0,0.0,0.02,あと3日,https://detail.chiebukuro.yahoo.co.jp/qa/question_detail/q13324884383,バリーカード！！ 九州福岡の地銀で、三井住友や三菱UFJに伍するカード券種がサービス展開してますが、他の地銀のカードに波及は期待できますか？,0,0
2075,2026/2/1 3:16,iPhone,非公開,14時間10分,0,11,11.0,0,0,0.013,0.0,0.0,0.01,あと3日,https://detail.chiebukuro.yahoo.co.jp/qa/question_detail/q12324884377,iPhoneってトライアル使っちゃダメなようなもんですか？親管理されているのなら？大人になっても？,0,0
2076,2026/2/1 3:15,海外,af2939600,14時間12分,12,107,8.9,0,0,0.126,11.21,0.01,0.83,あと3日,https://detail.chiebukuro.yahoo.co.jp/qa/question_detail/q11324884376,修学旅行で海外に行くのですが、日本食が恋しくなると聞いたので何品か持参したいです。 お茶漬け、味噌汁、程度しか思いつかないのですが、かさばらなくて飛行機に持ち込める最悪お箸がなくても食べられるようなも...,0,0
2077,2026/2/1 3:15,YouTube,cccd14820,14時間12分,1,3,3.0,0,0,0.004,33.33,0.0,0.06,あと3日,https://detail.chiebukuro.yahoo.co.jp/qa/question_detail/q10324884375,ふっくらすずめクラブのヤスミノが ピンクの全身タイツ着てる記憶が急に脳内によみがえってきたのですが、 なんの動画だかわかる人いますか？,0,0
2078,2026/2/1 3:15,洋楽,Freewill,14時間12分,20,141,7.0,1,10,0.165,14.18,0.01,1.81,あと3日,https://detail.chiebukuro.yahoo.co.jp/qa/question_detail/q14324884374,「 ”子ども” が出て来る、もしくはまつわる曲」というものが思い浮かびましたら1曲お願い出来ますか？ 洋邦・歌モノ・インストを問いません。 歌詞でもタイトルでもジャケットでもMVでも、必ずしも人間の子...,0,0
2079,2026/2/1 3:15,邦楽,知恵袋盛り上げ隊,14時間12分,6,43,7.2,1,12,0.05,13.95,0.0,0.94,あと3日,https://detail.chiebukuro.yahoo.co.jp/qa/question_detail/q13324884373,騒音 で思い浮かぶ曲は？,0,0
2080,2026/2/1 3:15,工学,sin********,14時間12分,3,36,12.0,0,5,0.042,8.33,0.01,0.39,あと3日,https://detail.chiebukuro.yahoo.co.jp/qa/question_detail/q11324884371,このままAIやロボットが進化したら兵器転用されて 最終的にはロックマンXやゼロのような最高水準ロボットの戦争になりませんか？ そうなったらゼロみたいな破壊を目的に作られた最強ロボに蹂躙されますよね。 ...,0,0
2081,2026/2/1 3:15,恋愛相談、人間関係の悩み,匿名希望,14時間12分,4,36,9.0,0,0,0.042,11.11,0.0,0.28,あと3日,https://detail.chiebukuro.yahoo.co.jp/qa/question_detail/q10324884370,誰でも大丈夫です。もう一度だけ一緒に過ごせるなら誰といたいですか？ そしてその理由もお願いします。,0,0
2082,2026/2/1 3:15,図書館,********,14時間12分,1,6,6.0,0,0,0.007,16.67,0.0,0.07,あと3日,https://detail.chiebukuro.yahoo.co.jp/qa/question_detail/q14324884369,図書館とか座って読める本屋で座りながらしばらく本を読んでいると急激に眠たくなってしまうことがよくあります。 これはなぜでしょうか？,0,0
2083,2026/2/1 3:15,国内,更沙,14時間12分,1,8,8.0,0,0,0.009,12.5,0.0,0.07,あと3日,https://detail.chiebukuro.yahoo.co.jp/qa/question_detail/q13324884368,東京ひとおおすぎて、悲しくなりませんか？,0,0
2084,2026/2/1 3:15,携帯型ゲーム全般,exp********,14時間12分,3,38,12.7,0,0,0.045,7.89,0.01,0.22,あと3日,https://detail.chiebukuro.yahoo.co.jp/qa/question_detail/q12324884367,ブルアカのPC版をプレイ開始しましたが‥…周年ガチャもイベントも終わったし、今更やるには遅かったでしょうか? 臨戦Typeで今は排出無し、周年ガチャで新排出で排出無し等出ない生徒(キャラ)はいるのでし...,0,0
2085,2026/2/1 3:15,家具、インテリア,be6fa90e1,14時間12分,1,12,12.0,0,0,0.014,8.33,0.0,0.07,あと3日,https://detail.chiebukuro.yahoo.co.jp/qa/question_detail/q10324884365,高校2年生です。 TikTokに乗ってる可愛い子のお部屋みたいな感じにしたいです。 7畳でロフトベットと勉強机その隣に教科書棚が2つあってその後ろに茶色の引き出しとおひな様の箱が置かれています。 どれ...,0,0
2086,2026/2/1 3:15,メイク、コスメ,ad44748a0,14時間12分,1,5,5.0,0,0,0.006,20.0,0.0,0.06,あと3日,https://detail.chiebukuro.yahoo.co.jp/qa/question_detail/q14324884364,目元が粉吹き乾燥肌、鼻が脂性肌の混合肌なんですけど、fweeのガラスクッションファンデか、ジョンセンムルのクッションファンデどちらを買うかで迷ってます。 使ったことある方使用感や乾燥するかどうか教えて...,0,0
2088,2026/2/1 3:14,クレジットカード,よめ,14時間13分,3,36,12.0,0,0,0.042,8.33,0.01,0.22,あと3日,https://detail.chiebukuro.yahoo.co.jp/qa/question_detail/q11324884361,クレジットカード選びで悩んでいます。 現在は オリコカード と エポスカード を持っています。 普段の支払いは、クレカを直接使うより d払いのバーチャルカード経由 が多いです。 今後は コンビニ や ...,0,0
2089,2026/2/1 3:14,税金,hr,14時間13分,2,106,53.0,0,2,0.124,1.89,0.07,0.31,あと3日,https://detail.chiebukuro.yahoo.co.jp/qa/question_detail/q10324884360,"確定申告について質問です。株取引をしたのですが、年間取引報告書には配当金のことしか書いておらず、差額での利益などの記載がないのですがこれはこのまま提出して大丈夫なのでしょうか？ NISA,特定両方あり...",0,0
2090,2026/2/1 3:14,政治、社会問題,nes********,14時間14分,1,14,14.0,0,0,0.016,7.14,0.0,0.07,あと3日,https://detail.chiebukuro.yahoo.co.jp/qa/question_detail/q14324884359,期日前投票って言い方意味不明じゃないですか？ ○日〜○日を投票日！って言っとけば良くないですか？ 何故わざわざ期日前投票などという仰々しい言い方をするんでしょうか？,0,0
2091,2026/2/1 3:14,ヘアスタイル,1052043982,14時間14分,0,8,8.0,0,0,0.009,0.0,0.0,0.01,あと3日,https://detail.chiebukuro.yahoo.co.jp/qa/question_detail/q13324884358,質問です。 この髪型にしたいのですが、前髪とトップ、横、襟足はそれぞれ大体どのくらい長さが必要ですか？ 【例】⚪︎cm、横耳被るくらい、前髪引っ張って鼻先くらいなど、、、 お願いします！,0,0
2092,2026/2/1 3:14,一般教養,********,14時間14分,2,16,8.0,0,0,0.019,12.5,0.0,0.14,あと3日,https://detail.chiebukuro.yahoo.co.jp/qa/question_detail/q12324884357,将来大阪国の方々が機会均等と自治権の拡大を求めて、東京政府と内戦状態に陥ることはありますか？,0,0
2093,2026/2/1 3:14,数学,25368741,14時間14分,0,16,16.0,0,0,0.019,0.0,0.0,0.02,あと3日,https://detail.chiebukuro.yahoo.co.jp/qa/question_detail/q10324884355,"問題 空間内の点Oに対して、4点A,B,C,Dを ・OA =1 ・OB=OC=OD=4 をみたすようにとるとき、四面体 ABCDの体積の最大値を求めよ。 3点BCDはOを中心とする半径4の球面上にある...",0,0
2094,2026/2/1 3:13,Yahoo!ショッピング,非公開,14時間15分,3,18,6.0,1,0,0.021,16.67,0.0,0.31,あと3日,https://detail.chiebukuro.yahoo.co.jp/qa/question_detail/q14324884354,Yahoo!ショッピングは使ってますか？ Yahoo!ショッピングで買い物した方がいいの？ Amazonよりいいんですか？,0,0
2095,2026/2/1 3:13,大学受験,非公開,14時間15分,1,26,26.0,0,1,0.03,3.85,0.01,0.12,あと3日,https://detail.chiebukuro.yahoo.co.jp/qa/question_detail/q13324884353,大阪芸術大学のデザイン学科の入学難易度について知りたいです。 AO入試や推薦入試での合格が多く、いわゆる全入に近いと聞いたことがあるのですが実際のところはどうなのでしょうか？ また、在学中の方または今...,0,0
2096,2026/2/1 3:13,お笑い芸人,omu********,14時間15分,1,10,10.0,0,0,0.012,10.0,0.0,0.07,あと3日,https://detail.chiebukuro.yahoo.co.jp/qa/question_detail/q11324884351,面白くてオススメの、芸人さんのラジオ教えてください！私が聞いているのは真空ジェシカ、マユリカです。,0,0
2097,2026/2/1 3:13,携帯型ゲーム全般,あ,14時間15分,3,20,6.7,0,0,0.023,15.0,0.0,0.2,あと3日,https://detail.chiebukuro.yahoo.co.jp/qa/question_detail/q10324884350,ポケコロツインのマルシェについての質問です。マルシェに出品したいアイテムがたくさんあるのですが、出品できる数に制限はありますか？教えていただけると幸いです。お願いします。,0,0
2098,2026/2/1 3:13,英語,カ,14時間15分,1,32,32.0,0,0,0.037,3.12,0.01,0.1,あと3日,https://detail.chiebukuro.yahoo.co.jp/qa/question_detail/q14324884349,現在高二です。 be動詞とかも分からないレベルで英語が全くできないのでまず中一から中三までの範囲を学び直したいんですが、「中学英語をひとつひとつ分かりやすく」と「大岩の1番初めの英文法」どっちがおすす...,0,0
2099,2026/2/1 3:13,結婚,srtm,14時間15分,8,129,16.1,0,9,0.151,6.2,0.02,0.93,あと3日,https://detail.chiebukuro.yahoo.co.jp/qa/question_detail/q13324884348,女の私が考える理想の妻についてご意見ください 年収、学歴は夫より少し下くらい 家事を苦と思わない、むしろ好き 顔は中の上 資格をもっていて出産や引っ越しで退職しても再就職ができる お金のかからない趣味...,0,0
2100,2026/2/1 3:13,料理、食材,叡禅和尚,14時間15分,6,41,6.8,0,0,0.048,14.63,0.0,0.4,あと3日,https://detail.chiebukuro.yahoo.co.jp/qa/question_detail/q12324884347,至急 朝はパン、パンパパンって感じですよね？,0,0
2102,2026/2/1 3:13,健康、病気、病院,非公開,14時間15分,3,41,13.7,0,0,0.048,7.32,0.01,0.22,あと3日,https://detail.chiebukuro.yahoo.co.jp/qa/question_detail/q10324884345,身長伸ばすために10〜2時に成長ホルモン出るから寝ましょうって、いってるひといますが、本当ですか？ 昼に寝た時に成長ホルモン出ないんですか？,0,0
2103,2026/2/1 3:13,大学受験,非公開,14時間15分,4,71,17.8,0,3,0.083,5.63,0.01,0.42,あと3日,https://detail.chiebukuro.yahoo.co.jp/qa/question_detail/q14324884344,高３受験生です。 こんな時間に質問している時点でお察しだと思うのですが、受験までもう少しなのにすごくやる気が出ません。でもすごく焦りを感じています。 今週の火曜日～木曜日まで入試を受けていて、金曜日は...,0,0
2104,2026/2/1 3:12,職場の悩み,a6476daa2,14時間16分,2,18,9.0,0,0,0.021,11.11,0.0,0.14,あと3日,https://detail.chiebukuro.yahoo.co.jp/qa/question_detail/q13324884343,・会社組織における中立って何ですか？ 営業所の管理職達のやり方に付いていけず、3年前から部署異動を懇願してきました。 この度ようやく人事課と面談が出来たものの、管理職方は何がそんなに不満なのな分からな...,0,0
2105,2026/2/1 3:12,恋愛相談、人間関係の悩み,melonsoda2525,14時間17分,2,32,16.0,0,0,0.037,6.25,0.01,0.15,あと3日,https://detail.chiebukuro.yahoo.co.jp/qa/question_detail/q12324884342,恋愛相談です。 私は男です。 私には好きな男性（以後Aくんと呼ぶ）がいます。 年齢は2つ下で、よく色んなゲームで遊んだり、雑談したりしています。私は、Aくんの楽しい姿や可愛らしい声が好きで、告白しよう...,0,0
2106,2026/2/1 3:12,家族関係の悩み,c27084d74,14時間17分,2,50,25.0,0,0,0.058,4.0,0.01,0.17,あと3日,https://detail.chiebukuro.yahoo.co.jp/qa/question_detail/q11324884341,これから都内に行ってアイドルデビューをするんですが家族が貧乏で、一番の理由は家族全員タバコ吸ってるからなんですけど、 親が指定難病で一生治らない病持ってるから1錠3000円する薬を生きてるうちは沢山飲...,0,0
2107,2026/2/1 3:12,バンド,141421356,14時間17分,0,13,13.0,0,0,0.015,0.0,0.0,0.02,あと3日,https://detail.chiebukuro.yahoo.co.jp/qa/question_detail/q10324884340,ブランデー戦記のコピバンセトリについて 1.Coming-of-age Story 2.ラストライブ 3.ストックホルムの箱 4.The End of the F***ing World 5.Kids...,0,0
2108,2026/2/1 3:12,菓子、スイーツ,匿名,14時間17分,1,18,18.0,0,0,0.021,5.56,0.0,0.08,あと3日,https://detail.chiebukuro.yahoo.co.jp/qa/question_detail/q13324884338,メロンパンを大量生産したいのですが、オーブンが小さくて、膨らむスペースを考えたら一度に4個しか入らないです。第一弾を焼いて居る間第二弾はどうしたらよいでしょうか。 また、数回に分けて焼く場合は毎回予熱...,0,0
2109,2026/2/1 3:12,刀剣乱舞,匿名,14時間17分,2,60,30.0,0,0,0.07,3.33,0.02,0.19,不明,https://detail.chiebukuro.yahoo.co.jp/qa/question_detail/q12324884337,刀剣乱舞について質問です。 短刀極を育成したいのですが周回はどこでしたらよいでしょうか。五虎退、今剣、秋田、乱、北谷 35〜38です 編成に七星剣入れずに全て極短刀で周回したほうがよいでしょうか。,0,0
2110,2026/2/1 3:12,大学受験,1152138978,14時間17分,1,24,24.0,0,0,0.028,4.17,0.01,0.09,あと3日,https://detail.chiebukuro.yahoo.co.jp/qa/question_detail/q11324884336,国立大学の合格発表で不合格だった時にA〜Dくらいまでランク分けされてるのってどんな意味があるんですか？合格だった場合はランク分けされてないようなので気になりました。,0,0
2111,2026/2/1 3:12,就職活動,bow********,14時間17分,3,28,9.3,0,3,0.033,10.71,0.0,0.31,あと3日,https://detail.chiebukuro.yahoo.co.jp/qa/question_detail/q10324884335,障害者雇用を企業がしている場合直接企業に問い合わせたら採用の可能性は上がりますでしょうか？,0,0
2112,2026/2/1 3:12,恋愛相談、人間関係の悩み,1051734304,14時間17分,1,20,20.0,0,0,0.023,5.0,0.0,0.08,あと3日,https://detail.chiebukuro.yahoo.co.jp/qa/question_detail/q14324884334,一度転院すると告げた病院には、もう戻れないでしょうか？ メンタルクリニックで、主治医からぶっきらぼうな言い方をされたり、鬱が悪化したことがあるから絶対に出さないでくれといった薬を再度処方されたりして、...,0,0
2113,2026/2/1 3:12,プレイステーション4,kej********,14時間17分,1,4,4.0,0,1,0.005,25.0,0.0,0.1,あと3日,https://detail.chiebukuro.yahoo.co.jp/qa/question_detail/q13324884333,PS4版「THE LAST OF US」「THE LAST OF US 2」「ラスト・オブ・アス」 PS4・5の市場に詳しい ヘビーユーザーの皆様にお伺いします 評価が高く 以前から興味がありました ...,0,0
2115,2026/2/1 3:12,ネコ,tor********,14時間17分,5,51,10.2,0,2,0.059,9.8,0.01,0.42,あと3日,https://detail.chiebukuro.yahoo.co.jp/qa/question_detail/q11324884331,先住猫がいる状態で保護猫を迎えられた方に質問です。 猫を1匹飼っており、2匹目を迎えたいと考えて、最近譲渡会に足を運んでいます。 先日、生後3か月の仔猫が気になり、保護主さんからお話を伺いました。 血...,0,0
2116,2026/2/1 3:12,女性アイドル,おはぎ,14時間17分,2,13,6.5,0,0,0.015,15.38,0.0,0.13,あと3日,https://detail.chiebukuro.yahoo.co.jp/qa/question_detail/q10324884330,新高1（現中3）です。 今年あるILLITのライブツアーに行きたいのですが、2月初めまでにファンクラブに入らないと先行抽選に申し込みできないと思うのですが、まだ15歳とweverseの規定を満たしてい...,0,0
2117,2026/2/1 3:12,アニメ,1149761760,14時間17分,0,6,6.0,0,0,0.007,0.0,0.0,0.01,あと3日,https://detail.chiebukuro.yahoo.co.jp/qa/question_detail/q14324884329,K-BOOKSのアニメキャラのグッズが売値がイタミありで11000円だったのですが、その場合買取価格はいくらくらいになりますか？ また売値や買取価格は各店共通ですか？,0,0
2119,2026/2/1 3:11,恋愛相談、人間関係の悩み,unknown,14時間18分,3,25,8.3,0,1,0.029,12.0,0.0,0.24,あと3日,https://detail.chiebukuro.yahoo.co.jp/qa/question_detail/q12324884327,別れた元彼についてです。もう未練も執着もなく、どちらかと言えばもう元彼が苦手になったのですが、その反動で付き合っていた時の写真も電話番号も消せません。 私の好きだった元彼は死んだと思っています。今現実...,0,0
2120,2026/2/1 3:11,コミック,1150577242,14時間19分,1,15,15.0,0,0,0.017,6.67,0.0,0.08,あと3日,https://detail.chiebukuro.yahoo.co.jp/qa/question_detail/q11324884326,アカギについて質問です 鷲巣麻雀でアカギが20万点で俺の命の価値が薄まってるから2万点にしろと言ってたのですがどういうことでしょうか？ 2万点に変えることで双方のメリット・デメリットがどう変化するので...,0,0
2121,2026/2/1 3:11,観光地、行楽地,あ,14時間19分,3,34,11.3,0,1,0.04,8.82,0.0,0.25,あと3日,https://detail.chiebukuro.yahoo.co.jp/qa/question_detail/q10324884325,至急！！東京でデートにおすすめの場所ありますか！泣教えてほしいです。高3です 夜までいれないので夜景など以外でお願いします,0,0
2122,2026/2/1 3:11,メール,due********,14時間19分,1,10,10.0,0,0,0.012,10.0,0.0,0.07,あと3日,https://detail.chiebukuro.yahoo.co.jp/qa/question_detail/q13324884323,ECナビのポイントがたまったので 手続きをしましたが 何度やっても 本人確認の画面から その後メールが届きません メールは正しいのですが どうしてでしょう？ リサーチパネルからは毎日メールが届きます。...,0,0
2123,2026/2/1 3:11,大学,cabf19e1c,14時間19分,1,28,28.0,0,0,0.033,3.57,0.01,0.09,あと3日,https://detail.chiebukuro.yahoo.co.jp/qa/question_detail/q12324884322,卒業論文の体裁不備について ご覧頂きありがとうございます。 偏差値50程度の大学に通う、文学部の4回生です。 卒業論文の合否についてお聞きしたいことがあります。 私の大学では、ゼミ配布資料によると、書...,0,0
2124,2026/2/1 3:11,アルバイト、フリーター,adc9efd62,14時間19分,4,22,5.5,0,0,0.026,18.18,0.0,0.26,あと3日,https://detail.chiebukuro.yahoo.co.jp/qa/question_detail/q11324884321,無職でバイトしようと思うのですが、片道5キロを自転車通勤って無謀ですかね？運動になるとかメリットを考えては見たものの、大雨の日とかどうしたらいいのでしょうか？ カッパや長靴などの装備をするのも想像する...,0,0
2125,2026/2/1 3:11,ライブ、コンサート,gwo********,14時間19分,1,19,19.0,0,0,0.022,5.26,0.0,0.08,あと3日,https://detail.chiebukuro.yahoo.co.jp/qa/question_detail/q10324884320,幕張メッセ国際展示場 展示ホール1-3ってスタンドがないんですか？ ライブによってはスタンドが作られたりするのでしょうか？,0,0
2126,2026/2/1 3:11,タブレット端末,never say never,14時間19分,0,5,5.0,0,0,0.006,0.0,0.0,0.01,あと3日,https://detail.chiebukuro.yahoo.co.jp/qa/question_detail/q13324884318,縦14.5cm✖️横7cm、背面にして左上に2cm程の縦頭でっかちな歪なカメラレンズ用穴、電球のような形の穴があるケースに合う機種は何でしょうか？お願いいたします,0,0
2127,2026/2/1 3:11,日本語,bet********,14時間19分,3,34,11.3,0,0,0.04,8.82,0.0,0.21,あと3日,https://detail.chiebukuro.yahoo.co.jp/qa/question_detail/q12324884317,僕は蜘蛛が近くにいるとそこで食事をすることはおろか、一秒でも早くそこを離れたいと思う。 この文章では食事もできないし、一秒でも早くそこを離れたいのがわかりますか？ 日本語 この質問はできれば、最後の返...,0,0
2128,2026/2/1 3:10,国内,更沙,14時間20分,0,11,11.0,1,0,0.013,0.0,0.0,0.13,あと3日,https://detail.chiebukuro.yahoo.co.jp/qa/question_detail/q10324884315,東京にいったら、おおさかが田舎すぎて寂しく感じちゃいます。なぜ大さかは人口増やせないですか,0,0
2129,2026/2/1 3:10,郵便、宅配,タンツボ,14時間20分,2,16,8.0,0,0,0.019,12.5,0.0,0.13,不明,https://detail.chiebukuro.yahoo.co.jp/qa/question_detail/q13324884313,ロケットナウでの配達に関して ピック先の近くで2件目を受諾した時、2件目が先にピックに変わることあると思いますが、先に１件目をピックしてからでも問題はありませんか？ ウーバーだと駄目だと思いますが、ロ...,0,0
2130,2026/2/1 3:10,芸能人,梨,14時間20分,0,2,2.0,0,0,0.002,0.0,0.0,0.0,あと3日,https://detail.chiebukuro.yahoo.co.jp/qa/question_detail/q12324884312,至急 Saucy Dogの石原慎也さんは何顔ですか？例:甘さのある塩顔、クセのある顔、中性的な顔 みたいに具体的に言ってくださると嬉しいです！,0,0
2131,2026/2/1 3:10,料理、食材,叡禅和尚,14時間20分,6,41,6.8,0,8,0.048,14.63,0.0,0.67,あと3日,https://detail.chiebukuro.yahoo.co.jp/qa/question_detail/q11324884311,至急 さすがにマヨネーズが健康に良いなんて思う人はいないと思いますが…ケチャップは健康だと思ってる人いるでしょ？,0,0
2132,2026/2/1 3:10,恋愛相談、人間関係の悩み,b3453e1e0,14時間20分,0,11,11.0,0,0,0.013,0.0,0.0,0.01,あと3日,https://detail.chiebukuro.yahoo.co.jp/qa/question_detail/q10324884310,彼女の両親に嫌われている場合は結婚は厳しいですか？ 将来共働きしたいと考えているのですが、その際に彼女の親の助けは必須になってくるのでしょうか？,0,0
2133,2026/2/1 3:10,ダイエット,あいこ,14時間20分,3,37,12.3,0,0,0.043,8.11,0.01,0.22,あと3日,https://detail.chiebukuro.yahoo.co.jp/qa/question_detail/q14324884309,身長160の84キロです。 流石にそろそろ健康面でも、容姿的にも痩せたいと思っています。 生まれてから13年間、ずっとこの脂肪と共に過ごしてきました。なので自堕落が当たり前となってしまいました。 どう...,0,0
2134,2026/2/1 3:10,家族関係の悩み,12345680,14時間20分,5,69,13.8,0,0,0.08,7.25,0.01,0.37,あと3日,https://detail.chiebukuro.yahoo.co.jp/qa/question_detail/q13324884308,親の介護の為に30代40代以降で、仕事を辞めて実家に戻り介護している方いますか？ 母が認知症になりデイサービスと訪問介護だけじゃ足らず（徘徊無し、排泄や料理も1人でできていますが）姉1人とその旦那では...,0,0
2135,2026/2/1 3:10,起業,1151240860,14時間21分,2,31,15.5,0,0,0.036,6.45,0.01,0.15,あと3日,https://detail.chiebukuro.yahoo.co.jp/qa/question_detail/q12324884307,アパレルブランドを作りたいのですが、その場合って会社先に作るんですか？それとも服をまず作ります？,0,0
2136,2026/2/1 3:10,法律相談,b20c71283,14時間21分,1,17,17.0,0,0,0.02,5.88,0.0,0.08,あと3日,https://detail.chiebukuro.yahoo.co.jp/qa/question_detail/q11324884306,今際の国のアリスシーズン2にでてくる刑務所を使ったげぇむは実際に使用していた刑務所なのでしょか？ もし元刑務所などならわかりますが現在も使用している刑務所だった場合どうしたのでしょか？,0,0
2137,2026/2/1 3:10,クラシック,1153286745,14時間21分,7,262,37.4,2,97,0.304,2.67,0.11,4.32,あと3日,https://detail.chiebukuro.yahoo.co.jp/qa/question_detail/q10324884305,おそらくアメリカ時代の小澤征爾について次のような評価があったようです。 著名な評論家ピーター・G・デイヴィスという人がいてこの人は 「英語を全く理解していない役者が、 完璧な発音でシェイクスピアを朗読...,0,0
2138,2026/2/1 3:09,就職、転職,kaki***********,14時間22分,2,23,11.5,0,0,0.027,8.7,0.0,0.14,あと3日,https://detail.chiebukuro.yahoo.co.jp/qa/question_detail/q14324884304,31歳にもなって3年も無職から抜け出せないままの人間に就けるまともな仕事なんてありませんよね？ 前職も低賃金非正規(手取り150万前後)の工場作業員でした。そこから抜け出してちゃんとした仕事に就きたい...,0,0
2139,2026/2/1 3:09,遊戯王,man********,14時間22分,1,20,20.0,0,0,0.023,5.0,0.0,0.08,あと3日,https://detail.chiebukuro.yahoo.co.jp/qa/question_detail/q13324884303,遊戯王MDについて ドラゴンテイルはライガーダンサーを超えれるとTwitterで見たのですが、どうやって超えるのでしょうか？ また、烙印でライガーダンサーのような完全耐性持ちを素引き前提カード以外で対...,0,0
2140,2026/2/1 3:09,鉄道、列車、駅,jjaptdap,14時間22分,3,41,13.7,0,11,0.048,7.32,0.01,0.6,あと3日,https://detail.chiebukuro.yahoo.co.jp/qa/question_detail/q12324884302,ロマンスカーVSEはなぜここまで早く引退したの？,0,0
2141,2026/2/1 3:09,恋愛相談、人間関係の悩み,1152728712,14時間22分,0,9,9.0,0,0,0.01,0.0,0.0,0.01,あと3日,https://detail.chiebukuro.yahoo.co.jp/qa/question_detail/q11324884301,高1です。みんな好きな人や彼氏がいるのに私は感情に敏感なタイプで好きな人ができたらその人のことばかりになってしまうので恋愛あんまりしたくないです。やっぱり危機感持ったほうがいいですかね,0,0
2142,2026/2/1 3:09,観光地、行楽地,you********,14時間22分,0,4,4.0,0,0,0.005,0.0,0.0,0.0,あと3日,https://detail.chiebukuro.yahoo.co.jp/qa/question_detail/q10324884300,秋田県大曲駅でおすすめの観光スポット、きりたんぽ鍋などが楽しめるご飯屋さんはありますか？ また、バターもちを変える場所があれば教えていただけると助かります！ 角館、乳頭温泉には別日に行く予定ですがそち...,0,0
2143,2026/2/1 3:09,福祉、介護,匿名,14時間22分,0,1,1.0,0,0,0.001,0.0,0.0,0.0,あと3日,https://detail.chiebukuro.yahoo.co.jp/qa/question_detail/q14324884299,障害者相談支援事業所の管理者の女性Aは、前は私(女)に何かを言われたら私に何か言ったのに、最近は私に何かを言われた度に｢そうなんですね｣とだけ言うのですが、私とAは、どちらのほうが悪いですか？,0,0
2144,2026/2/1 3:09,高校受験,ふじ,14時間22分,3,48,16.0,0,0,0.056,6.25,0.01,0.23,あと3日,https://detail.chiebukuro.yahoo.co.jp/qa/question_detail/q12324884297,明日が高校入試です。 とにかく不安いっぱいでソワソワして勉強が捗りません。こんな私に何か応援の言葉をかけて頂けませんか( ˊ•̥ ̯ •̥`),0,0
2145,2026/2/1 3:09,プロ野球,上大岡井土ヶ谷連合Vampire,14時間22分,5,65,13.0,0,0,0.075,7.69,0.01,0.36,あと3日,https://detail.chiebukuro.yahoo.co.jp/qa/question_detail/q13324884298,葉月龍太郎以外にプロ野球界隈で逮捕者排出した事って有りましたか? 賭博行為は数多すぎるので例外的除外とさせて貰ってます,0,0
2146,2026/2/1 3:09,ゲーム,b4e72d0aa,14時間22分,1,11,11.0,0,0,0.013,9.09,0.0,0.07,あと3日,https://detail.chiebukuro.yahoo.co.jp/qa/question_detail/q11324884296,ブロックブラストです！ こちらの突破法あったら教えていただきたいですm(_ _)m,0,0
2147,2026/2/1 3:09,自動車,1152811620,14時間22分,2,17,8.5,0,0,0.02,11.76,0.0,0.14,あと3日,https://detail.chiebukuro.yahoo.co.jp/qa/question_detail/q13324884293,ルミオンのフットランプがエンジンを切り、ドアを閉めて鍵をかけても消えなくなりました、今はそのフットランプのLED自体を外して対応していますがどんな原因が考えられますか？ ドアの半ドアセンサーみたいなや...,0,0
2148,2026/2/1 3:09,YouTube,1151856360,14時間22分,0,15,15.0,0,0,0.017,0.0,0.0,0.02,あと3日,https://detail.chiebukuro.yahoo.co.jp/qa/question_detail/q12324884292,配信者のじゃすぱーさんが使っている机を教えて頂きたいです。 恐らく二つの机をL字型に設置しているのですが、どちらもどこのメーカーのなんていう机か言及されてないです。 右奥にコンセントのようなものが二口...,0,0
2149,2026/2/1 3:08,クレジットカード,1149922708,14時間23分,0,3,3.0,0,0,0.003,0.0,0.0,0.0,あと3日,https://detail.chiebukuro.yahoo.co.jp/qa/question_detail/q10324884290,iikoeのサイトでクレジットカードでコインをチャージしたら請求の名前は何できますか？？知ってる方、教えてください！あとクレジットカード支払いはこのサイトは安全？！よろしくお願いします。,0,0
2151,2026/2/1 3:08,携帯型ゲーム全般,あ,14時間24分,1,28,28.0,0,0,0.032,3.57,0.01,0.09,あと3日,https://detail.chiebukuro.yahoo.co.jp/qa/question_detail/q14324884289,ツムツムについて相談です！ スキルチケット15枚 ・Cバズスキル5→6 ・ナミネスキル2→5 ・戴冠式エルサスキル2→5 のどれがおすすめですか？今のスキルレベルでの各ツムでの稼ぎは1プレイあたり ・...,0,0
2152,2026/2/1 3:08,占い,たけのこ,14時間24分,5,24,4.8,0,0,0.028,20.83,0.0,0.32,あと3日,https://detail.chiebukuro.yahoo.co.jp/qa/question_detail/q13324884288,カップキング正位置補助カード恋人正位置の相手の気持ちは恋愛感情ありますか,0,0
2153,2026/2/1 3:08,ゲーム,b6fff185e,14時間24分,0,4,4.0,0,0,0.005,0.0,0.0,0.0,あと3日,https://detail.chiebukuro.yahoo.co.jp/qa/question_detail/q12324884287,崩壊スターレイル(スタレ)についての質問です下の写真はGoogleアカウントとメールアドレス両方連携出来ていると認識であって居るでしょうか？,0,0
2154,2026/2/1 3:08,料理、食材,叡禅和尚,14時間24分,4,32,8.0,0,3,0.037,12.5,0.0,0.37,あと3日,https://detail.chiebukuro.yahoo.co.jp/qa/question_detail/q11324884286,至急 さすがに健康食品すぎると思った食品を教えてください。,0,0
2155,2026/2/1 3:08,コミック,sho,14時間24分,3,47,15.7,0,0,0.054,6.38,0.01,0.23,あと3日,https://detail.chiebukuro.yahoo.co.jp/qa/question_detail/q10324884285,『金色のガッシュ!!』の王を決める戦いの魔本が出した選択について※以下、ネタバレ注意！ ガッシュが魔界の王になった時、魔本が本の持ち主（パートナー）の清麿に以下の選択を委ねました。 A.魔物との記憶を...,0,0
2156,2026/2/1 3:08,食事のマナー,********,14時間24分,0,34,34.0,0,0,0.039,0.0,0.0,0.04,あと3日,https://detail.chiebukuro.yahoo.co.jp/qa/question_detail/q14324884284,【至急】 日本では箸先を1寸以上汚さないようにお食事するのがマナーと教わったのですが、 これは日本国の食べ物ではないのでしょうか？,0,0
2157,2026/2/1 3:08,ゲーム,ェ,14時間24分,0,3,3.0,0,0,0.003,0.0,0.0,0.0,あと3日,https://detail.chiebukuro.yahoo.co.jp/qa/question_detail/q13324884283,あんスタのDeath Game Holicの朔間零(増田俊樹さん)の歌い方が凄く好みです！ あんスタや増田さんに限らずこのような歌い方してる曲や歌い手、アーティストなどでオススメがあれば教えて欲しいで...,0,0
2158,2026/2/1 3:08,家計、貯金,未公開,14時間24分,1,23,23.0,0,0,0.027,4.35,0.01,0.08,あと3日,https://detail.chiebukuro.yahoo.co.jp/qa/question_detail/q10324884280,家賃や生活費等のお金のやりくりについて質問があります 私は今年4月から上京し、新卒として働くものです。 新卒初任給の額面が30万、4万円の住宅補助が5年間、交通費は全額支給(翌月払い)だそうです。 ま...,0,0
2159,2026/2/1 3:08,ニンテンドー3DS,あ,14時間24分,0,3,3.0,0,0,0.003,0.0,0.0,0.0,あと3日,https://detail.chiebukuro.yahoo.co.jp/qa/question_detail/q14324884279,久しぶりに昔やってた3dsを使うとエモーショナルになるんですけどわかる方いますか？,0,0
2160,2026/2/1 3:08,Yahoo!知恵袋,jgc********,14時間24分,1,14,14.0,0,0,0.016,7.14,0.0,0.07,あと3日,https://detail.chiebukuro.yahoo.co.jp/qa/question_detail/q12324884277,付き合ってないけど2週間未読って普通？,0,0
2161,2026/2/1 3:08,恋愛相談、人間関係の悩み,ad3a7ff14,14時間24分,3,30,10.0,0,0,0.035,10.0,0.0,0.21,あと3日,https://detail.chiebukuro.yahoo.co.jp/qa/question_detail/q11324884276,私は浮気をしてしまいました。 とっても溺愛してくれる彼氏がいるにもかかわらず、浮気をし、彼を傷つけてしまいました。 彼は許してくれると言っており次はないといわれました。 私が浮気した相手は一つ上の先輩...,0,0
2162,2026/2/1 3:08,年金,めうあ,14時間24分,1,10,10.0,0,0,0.012,10.0,0.0,0.07,あと3日,https://detail.chiebukuro.yahoo.co.jp/qa/question_detail/q10324884275,年金いくら免除になるか教えてください。 産前産後免除を使ったあとの生後3ヶ月以降。 子供は1人。生後3ヶ月。未婚。事実婚相手がいるのでシングル手当て等無し。 保育園も1歳まで考えてません。 ただ、働い...,0,0
2163,2026/2/1 3:07,大学受験,あ,14時間25分,4,65,16.2,0,3,0.075,6.15,0.01,0.41,あと3日,https://detail.chiebukuro.yahoo.co.jp/qa/question_detail/q14324884274,明日受験があります。 今も本当に不安で仕方なくて、いっぱい涙が出てきます。私は一浪しています。だけど難関大学に行くとかそういう訳でもないから、もし今年落ちちゃったら親に迷惑しかかからないし本当に申し訳...,0,0
2164,2026/2/1 3:07,鉄道、列車、駅,sat********,14時間25分,4,54,13.5,0,0,0.062,7.41,0.01,0.29,あと3日,https://detail.chiebukuro.yahoo.co.jp/qa/question_detail/q10324884270,東海道新幹線改札機について 東海道新幹線、東京駅最終の23:45に到着したあと、自動改札機はいつまでに通過しないとダメでしょうか? 0:05くらいでも可能でしょうか?,0,0
2165,2026/2/1 3:07,不登校,ホセ・めんどくさー,14時間25分,1,18,18.0,0,3,0.021,5.56,0.0,0.18,あと3日,https://detail.chiebukuro.yahoo.co.jp/qa/question_detail/q14324884269,不登校は、こちらのマニュアルで直るといった見解で良いとは思われますか？ ↓ https://youtu.be/QWIdnHFmtME?si=PIRbSRwDMSNMmU4F,0,0
2166,2026/2/1 3:07,エステ、脱毛,ユーザー,14時間26分,0,2,2.0,0,0,0.002,0.0,0.0,0.0,あと3日,https://detail.chiebukuro.yahoo.co.jp/qa/question_detail/q13324884268,宮城県で医療脱毛できるクリニックのおすすめを探しています。 以前ワキのみエステ脱毛に3年ほど？通っていたのですが、若干毛が細くなった気はするもののほとんど変わらなかったため、医療脱毛したいです。 大分...,0,0
2167,2026/2/1 3:07,資格,bf0c1e55,14時間26分,0,11,11.0,0,0,0.013,0.0,0.0,0.01,あと3日,https://detail.chiebukuro.yahoo.co.jp/qa/question_detail/q12324884267,パーソナルカラリスト検定受講者の方にお聞きしたいです！ 3級テキストを持っています、こちらは受験しますが、3級の内容を完璧にすれば2級テキストを買わずとも受かりますか？（合格率3級75％、2級70％マ...,0,0
2168,2026/2/1 3:06,マインクラフト,abb7159c6,14時間27分,0,12,12.0,0,0,0.014,0.0,0.0,0.01,あと3日,https://detail.chiebukuro.yahoo.co.jp/qa/question_detail/q11324884266,マイクラについて質問です。 今呪術廻戦modを使っているのですが、それで十分強くなっても楽しめるmodってありますか？できれば内容が多いもので、複数個上げていただけると助かります。また、mod名は正式...,0,0
2169,2026/2/1 3:06,テレビゲーム全般,z_e********,14時間27分,0,4,4.0,0,0,0.005,0.0,0.0,0.0,あと3日,https://detail.chiebukuro.yahoo.co.jp/qa/question_detail/q13324884263,PS2の幻想水滸伝Ⅲについてお聞きしますm(_ _)m 第五章の主人公、ゲド、クリスの3パーティに分かれる時にクリスのパーティにビッキーを入れてクリアし、主人公のパーティの番になり、編成の為城に戻り編...,0,0
2170,2026/2/1 3:06,メンズ全般,c5096c0f3,14時間27分,1,14,14.0,0,0,0.016,7.14,0.0,0.07,あと3日,https://detail.chiebukuro.yahoo.co.jp/qa/question_detail/q12324884262,アメカジに似合う靴、帽子は何ですか,0,0
2171,2026/2/1 3:06,ヘアケア,1150763062,14時間27分,1,15,15.0,0,0,0.017,6.67,0.0,0.07,あと3日,https://detail.chiebukuro.yahoo.co.jp/qa/question_detail/q11324884261,髪質改善についてです。 多分猫っ毛でパヤ毛･アホ毛が気になります。 あと、雨の日の髪はパヤ毛が増します… 毎日160℃でストレートアイロンしてます。 これは髪質改善してもなにか効果が得られますか？ と...,0,0
2172,2026/2/1 3:06,ゲーム,あ,14時間27分,3,19,6.3,0,0,0.022,15.79,0.0,0.19,あと3日,https://detail.chiebukuro.yahoo.co.jp/qa/question_detail/q10324884260,ow2 推薦 Overwatch2の推薦って、皆さん適当に選んでますか？ 時々チーム全員から推薦を貰える事があり、良いプレイだったから貰えたのかただ適当に選ばれただけなのか毎回気になってるんです！！！...,0,0
2173,2026/2/1 3:06,邦楽,知恵袋盛り上げ隊,14時間27分,3,45,15.0,1,3,0.052,6.67,0.01,0.44,あと3日,https://detail.chiebukuro.yahoo.co.jp/qa/question_detail/q14324884259,しばくぞ で思い浮かぶ曲は？,0,0
2174,2026/2/1 3:05,パソコン,1151271642,14時間28分,1,10,10.0,0,5,0.012,10.0,0.0,0.24,あと3日,https://detail.chiebukuro.yahoo.co.jp/qa/question_detail/q13324884258,タイピング練習で質問です。 今求職活動中で事務系の仕事探しててタイピング練習を家のノートパソコンでできないかと思っているのですが、家のパソコンのキーボードの調子が悪く打てない文字の所が1箇所あります。...,0,0
2175,2026/2/1 3:05,香水,baab9b5d0,14時間28分,1,4,4.0,0,0,0.005,25.0,0.0,0.06,あと3日,https://detail.chiebukuro.yahoo.co.jp/qa/question_detail/q11324884256,Jo maloneのスカーレット ポピーに似た香りでマイナーブランドの香水について教えてください 知り合いが以前つけていたマイナー香水があり、それが見つけられなかったからあたらしく似た香りのJo ma...,0,0
2176,2026/2/1 3:05,大学受験,1150169472,14時間28分,0,22,22.0,0,0,0.025,0.0,0.0,0.03,あと3日,https://detail.chiebukuro.yahoo.co.jp/qa/question_detail/q14324884254,今年の明治学院大学のA日程社会福祉学科を 受験します。英検利用ではなく、 当日国語、英語、政治経済です。 英語が苦手なので、各教科どれくらいの点数を 取れば合格するのか教えてほしいです。 一番点数取れ...,0,0
2177,2026/2/1 3:05,模型、プラモデル、ラジコン,asa********,14時間28分,1,16,16.0,0,0,0.018,6.25,0.0,0.08,あと3日,https://detail.chiebukuro.yahoo.co.jp/qa/question_detail/q13324884253,水中ドローン（ラジコン潜水艦）ってそのあたりの自然の川とか池とかで遊んでも大丈夫なものなんですか？ 空を飛ぶドローンには法律の規制もありますよね。たぶんドローンだけでなくラジコン飛行機なんかもですかね...,0,0
2178,2026/2/1 3:05,ポケットモンスター,ブラックマジシャンガール,14時間28分,3,24,8.0,0,0,0.028,12.5,0.0,0.2,あと3日,https://detail.chiebukuro.yahoo.co.jp/qa/question_detail/q12324884252,ポケモンZAの質問です。 チコリータ、ポカブ、ワニノコは異次元に出ないんですか？,0,0
2179,2026/2/1 3:05,ストレス,bd24edc55,14時間28分,3,24,8.0,0,1,0.028,12.5,0.0,0.23,あと3日,https://detail.chiebukuro.yahoo.co.jp/qa/question_detail/q11324884251,不安などをあおるつもりとかはないのですが、最近何故か大きな地震がくる夢や起きていても怖くなるとき予感？ みたいな錯覚に陥ってしまいます。調べたらストレスや過去の地震への恐怖感が残っていると出てきました...,0,0
2180,2026/2/1 3:05,中学校,★,14時間28分,2,16,8.0,0,0,0.018,12.5,0.0,0.13,あと3日,https://detail.chiebukuro.yahoo.co.jp/qa/question_detail/q10324884250,中2の5教科学力テストで偏差値61が出ました。本当はどんぐらいですか？教えてください！,0,0
2183,2026/2/1 3:04,郵便、宅配,1153103880,14時間30分,0,5,5.0,0,0,0.006,0.0,0.0,0.01,あと3日,https://detail.chiebukuro.yahoo.co.jp/qa/question_detail/q12324884247,ロケットナウって自転車配達員っでもロングの案件とかバシバシ飛んできますか？ PからDまで５キロ超えるとかの,0,0
2184,2026/2/1 3:04,恋愛相談、人間関係の悩み,1053081475,14時間30分,3,74,24.7,1,1,0.085,4.05,0.02,0.41,あと3日,https://detail.chiebukuro.yahoo.co.jp/qa/question_detail/q11324884246,付き合って数ヶ月の彼女にそういうことしない？と言ってみたら先生に言われて怒られました。 なぜ怒られたのか意味が分かりません。一般的にみて全く怒られる内容じゃないですよね？ もし彼女が本当に嫌だったのだ...,0,0
2185,2026/2/1 3:04,病気、症状,v_vcjy,14時間30分,3,22,7.3,0,3,0.025,13.64,0.0,0.3,あと3日,https://detail.chiebukuro.yahoo.co.jp/qa/question_detail/q10324884245,ほぼ常時40.4度の熱で喉の痛みなど鼻水はなく、頭が痛いです。 一緒にいる人は先に病院に検査しに行ったところ、風邪診断されたらしく 解熱剤と痛み止め アセトアミノフェンとロキソプロフェンを処方されたの...,0,0
2186,2026/2/1 3:04,パソコン,1150269067,14時間30分,1,10,10.0,0,0,0.011,10.0,0.0,0.07,あと3日,https://detail.chiebukuro.yahoo.co.jp/qa/question_detail/q14324884244,PCについて質問です。最近CGソフトであるblenderを使っていると急にガクンと動作が重たくなりblenderを終了しても全体的に動作がカクカクになります。 これは何故なのでしょうか、同じPCでゲー...,0,0
2187,2026/2/1 3:04,学校の悩み,cgj＊＊＊,14時間30分,2,51,25.5,1,1,0.059,3.92,0.02,0.32,あと3日,https://detail.chiebukuro.yahoo.co.jp/qa/question_detail/q13324884243,三幸学園についてです。 私は三幸学園に通っておりましたが、在学中、この学校で良かったのかと不安になる事が何度もありました。 長くなりますが、進学を迷っている方の参考になればと思い、感じたことを書かせて...,0,0
2188,2026/2/1 3:04,げっ歯類、ウサギ,c63831ae9,14時間30分,0,9,9.0,0,0,0.01,0.0,0.0,0.01,あと3日,https://detail.chiebukuro.yahoo.co.jp/qa/question_detail/q12324884242,このような素焼きアーモンドはハムスターは食べられますか？種類はキンクマです！,0,0
2189,2026/2/1 3:04,サッカー,我々のコリブリ,14時間30分,4,26,6.5,0,0,0.03,15.38,0.0,0.26,あと3日,https://detail.chiebukuro.yahoo.co.jp/qa/question_detail/q11324884241,バスケでは外れたシュートを回収する事をリバウンドと言いますが 例えばサッカーとかでパンチングされたりゴールポストに跳ね返ったボールを回収する事をリバウンドと呼ぶのですか？,0,0
2190,2026/2/1 3:04,健康、病気、病院,gen********,14時間30分,1,15,15.0,0,1,0.017,6.67,0.0,0.11,あと3日,https://detail.chiebukuro.yahoo.co.jp/qa/question_detail/q10324884240,痔の診断を2回受けましが、結果的に手術には至りませんでした。 医師からは「内痔核は小さめで、手術をすると肛門が狭くなるリスクがある」「出血がひどくなったら、また来てください」と説明され、ただ頷くだけだ...,0,0
2191,2026/2/1 3:03,ゲーム,1150630929,14時間31分,1,13,13.0,0,0,0.015,7.69,0.0,0.07,あと3日,https://detail.chiebukuro.yahoo.co.jp/qa/question_detail/q14324884239,ノラととなどを出しているHARUKAZEはもう4年近く音沙汰ないですが解散したのでしょうか？,0,0
2192,2026/2/1 3:03,オークション、フリマサービス,1247295125,14時間31分,0,1,1.0,0,0,0.001,0.0,0.0,0.0,あと3日,https://detail.chiebukuro.yahoo.co.jp/qa/question_detail/q13324884238,いつも通りラクマの売り上げ金をいつもの楽天銀行へ出金しようとすると、本人確認中ですと謎のメッセージが出て出金出来ません。かれこれ2週間はこの状態です。 既に本人確認バッジも付いており、今までに何度も出...,0,0
2193,2026/2/1 3:03,出品,p,14時間31分,0,8,8.0,0,0,0.009,0.0,0.0,0.01,あと3日,https://detail.chiebukuro.yahoo.co.jp/qa/question_detail/q12324884237,Yahooフリマ 現在、500までが出品の上限で 本人確認はしていません これは未来永劫500が限度でしょうか。 600とか700になった方がいたら教えてください。やはり本人確認でしょうか？,0,0
2194,2026/2/1 3:03,子育ての悩み,kom********,14時間31分,2,53,26.5,0,0,0.061,3.77,0.02,0.18,あと3日,https://detail.chiebukuro.yahoo.co.jp/qa/question_detail/q11324884236,アナタの子供が親子喧嘩などの理由で家出しました。しばらくしても帰ってこないので警察に捜索願を提出しました。数日後警察から子供を見つけたと連絡がくるが....この時アナタはどう思いますか？ 【パターンそ...,0,0
2196,2026/2/1 3:03,刀剣乱舞,日向夏,14時間31分,3,87,29.0,0,1,0.1,3.45,0.03,0.31,あと3日,https://detail.chiebukuro.yahoo.co.jp/qa/question_detail/q14324884234,刀剣乱舞の質問です。 大阪城イベントでレベリングをしようかと思ったのですが、当方初心者につき99階層到達が難しく途中で戦線崩壊することが目に見えています（現在90階層ですが中傷が出ました）。 しかし月...,0,0
2197,2026/2/1 3:03,モンスターハンター,be7c22896,14時間31分,0,18,18.0,0,0,0.021,0.0,0.0,0.02,あと3日,https://detail.chiebukuro.yahoo.co.jp/qa/question_detail/q13324884233,モンハンサンブレイクの防具の怪異錬成についての質問です。1回の錬成で最大で合計7回効果を抽選すると書いているサイトがありました。 この場合、テーブル6の基礎コスト10で通常の錬成をした場合、防御力-1...,0,0
2198,2026/2/1 3:02,アニメ,りと,14時間32分,0,19,19.0,0,0,0.022,0.0,0.0,0.02,あと3日,https://detail.chiebukuro.yahoo.co.jp/qa/question_detail/q12324884232,短編アニメを探しています。 数年前テレビで流れていた恐らく自主制作アニメ?で、かなり暗い雰囲気でした。 ｢カップルの男女がお互いの片手の平を糸で縫い付け、トイレに入るにも風呂に入るにも常に共に行動して...,0,0
2199,2026/2/1 3:02,母子家庭、父子家庭,gan********,14時間33分,1,45,45.0,0,0,0.052,2.22,0.02,0.11,あと3日,https://detail.chiebukuro.yahoo.co.jp/qa/question_detail/q11324884231,シングルファザーの方に質問します。 お子様を引き取った際に、それまでの仕事は続けられましたでしょうか。 例えば、学校や幼稚園・保育園が終わってお迎えが必要になり、時短勤務や転職を余儀なくした等、生活が...,0,0
2200,2026/2/1 3:02,レディース腕時計、アクセサリー,IDなし,14時間33分,0,5,5.0,0,0,0.006,0.0,0.0,0.01,あと3日,https://detail.chiebukuro.yahoo.co.jp/qa/question_detail/q10324884230,この写真のリング（指輪）はどこのものでしょうか…？ わかる方教えていただきたいです、よろしくお願いします。,0,0
2201,2026/2/1 3:02,福祉、介護,ID 非公開,14時間33分,2,40,20.0,0,1,0.046,5.0,0.01,0.19,あと3日,https://detail.chiebukuro.yahoo.co.jp/qa/question_detail/q13324884228,特養の申し込みについてなのですが、ケアマネジャーに親を施設に入れる為申し込み人は、家族で頼まれてました。 親の再婚相手は居るのですが高齢で入院中亡くなりそうだったのです。 で契約書？は親の再婚相手で、...,0,0
2202,2026/2/1 3:02,ファッション,高校生です。ボランティア好きです,14時間33分,3,9,3.0,0,1,0.01,33.33,0.0,0.22,あと3日,https://detail.chiebukuro.yahoo.co.jp/qa/question_detail/q14324884229,夏になったら出掛けるときなどに普段着をタンクトップとかに使用と思ってるのですが姉にキモいと言われました…やっぱキモいですか？ 自分で言うのも何ですが細マッチョ体形で、筋肉を見せたい変態やろうだと思われ...,0,0
2203,2026/2/1 3:02,邦楽,知恵袋盛り上げ隊,14時間33分,9,76,8.4,1,14,0.087,11.84,0.01,1.2,あと3日,https://detail.chiebukuro.yahoo.co.jp/qa/question_detail/q10324884225,おばさん で思い浮かぶ曲は？,0,0
2204,2026/2/1 3:02,高校受験,刺身,14時間33分,0,58,58.0,0,0,0.066,0.0,0.0,0.07,あと3日,https://detail.chiebukuro.yahoo.co.jp/qa/question_detail/q14324785389,香川高専の採用基準について質問です。 現在学力の定員148人（毎年定員プラス15人ほど取ってくれているので実質163人ほど。）に対して、175人志願しています。私の考えでは、受験した全学科の生徒合わせ...,0,0
2205,2026/2/1 3:02,iPhone,1052494471,14時間33分,0,20,20.0,0,0,0.023,0.0,0.0,0.02,あと3日,https://detail.chiebukuro.yahoo.co.jp/qa/question_detail/q14324785144,iPhoneの写真アプリでピープルに認識されない人をピープルに追加する方法はありませんか？ その人が写っている写真を下にスワイプしても、顔のアイコンが出ません。 写真で「人」と検索するとその人の写真も...,0,0
2206,2026/2/1 3:02,YouTube,tjgtm2j,14時間33分,0,38,38.0,2,0,0.044,0.0,0.0,0.27,あと3日,https://detail.chiebukuro.yahoo.co.jp/qa/question_detail/q14324785189,youtubeショートのサムネイルパソコンから変えるいい方法ありませんか？,0,0
2207,2026/2/1 3:02,スマホアプリ,1053119116,14時間33分,0,9,9.0,0,0,0.01,0.0,0.0,0.01,あと3日,https://detail.chiebukuro.yahoo.co.jp/qa/question_detail/q14324785204,Tiktokで相手のアカウントをブロックしているのに勝手に解除されます。バグですかね？,0,0
2208,2026/2/1 3:02,マイナンバー,歯磨き粉が1番,14時間33分,0,26,26.0,0,0,0.03,0.0,0.0,0.03,あと3日,https://detail.chiebukuro.yahoo.co.jp/qa/question_detail/q14324785079,paypalの本人確認の更新についてです。 下の写真のようにマイナンバーの情報と一致してるのに処理に失敗しましたと出るのはなぜですか？,0,0
2209,2026/2/1 3:02,幼児教育、幼稚園、保育園,yav********,14時間33分,0,7,7.0,0,0,0.008,0.0,0.0,0.01,あと3日,https://detail.chiebukuro.yahoo.co.jp/qa/question_detail/q14324785249,病棟勤務数年で保育園かこどもデイに異動するとなるとどちらを選びますか？理由も教えてください,0,0
2210,2026/2/1 3:02,俳優、女優,1150586751,14時間33分,0,12,12.0,0,0,0.014,0.0,0.0,0.01,あと3日,https://detail.chiebukuro.yahoo.co.jp/qa/question_detail/q14324785009,メンインブラック 3で過去に行ったJがKに捕まりテーブルに座れりKに尋問されている時最初Oが来てその後来た偉そうな男性は、過去のエージェントZですか？又そうだとしたら誰ですか？(役者),0,0
2211,2026/2/1 3:02,コミック,マーズ,14時間33分,0,11,11.0,0,0,0.013,0.0,0.0,0.01,あと3日,https://detail.chiebukuro.yahoo.co.jp/qa/question_detail/q14324785069,BLEACHの霊王とユーハって、霊王がイエス・キリストでユーハがヤハウェなんですか？父の霊王がイエス・キリストで子のユーハがヤハウェだと逆な気もするんですが。,0,0
2212,2026/2/1 3:02,音楽,wing582213,14時間33分,0,18,18.0,0,0,0.021,0.0,0.0,0.02,あと3日,https://detail.chiebukuro.yahoo.co.jp/qa/question_detail/q14324785004,フルーツジッパーのJAMという曲が好きなんですけど、「君にべったりしちゃったり〜はじめちゃいましょうか？」ら辺の音程？リズム？というかそれがめちゃ聞いたことある感じがするんです。 他の歌で似たようなや...,0,0
2213,2026/2/1 3:02,YouTube,ねこ,14時間33分,0,13,13.0,0,0,0.015,0.0,0.0,0.01,あと3日,https://detail.chiebukuro.yahoo.co.jp/qa/question_detail/q14324784914,OTOGI不動産のあそぶさんについて ぺえさんのYoutubeで知って面白い方だなと思ったのですが、あそぶさんのMBTIはなんだと思いますか？ 予想とその理由が聞きたいです。,0,0
2214,2026/2/1 3:02,男性アイドル,a6d27cdfe,14時間34分,0,23,23.0,0,0,0.026,0.0,0.0,0.03,あと3日,https://detail.chiebukuro.yahoo.co.jp/qa/question_detail/q13324785308,すとぷりのさとみさんについての質問です。 昔やっていたR18のボイスはもう聞けませんか？ 聞けるところがあれば教えて欲しいです,0,0
2215,2026/2/1 3:02,Instagram,b7e6ab513,14時間34分,1,126,126.0,0,0,0.144,0.79,0.18,0.2,不明,https://detail.chiebukuro.yahoo.co.jp/qa/question_detail/q13324785358,大至急 暇つぶしに好きな人のインスタ乗っ取れないかなーとか思って適当にパスワード入れたらそれが合ってたぽくてでも2段階認証をしてたみたいでSMS？に番号が送られてしまいました、 インスタに｢不正ログイ...,0,0
2216,2026/2/1 3:02,男性アイドル,b54d30402,14時間34分,0,30,30.0,1,0,0.034,0.0,0.0,0.15,あと3日,https://detail.chiebukuro.yahoo.co.jp/qa/question_detail/q13324785383,TikTokで SMAP 国立競技場Liveのオープニング流れていたけど。 嵐は、SMAPを超えることは、できませんでしたよね？？ SMAP 1人 1人の認識度。 嵐の場合 松本潤で 一気にみんな人気...,0,0
2217,2026/2/1 3:02,携帯型ゲーム全般,kil********,14時間34分,2,24,12.0,0,1,0.027,8.33,0.0,0.18,不明,https://detail.chiebukuro.yahoo.co.jp/qa/question_detail/q13324785353,メメントモリの 構成や進め方についての質問です。 2026/01.28にメメントモリを始めました はじめたてで顔が好きなキャラを よく分からず育ててましたが 中々先に進めなくなり色々調べたりもしました...,0,0
2218,2026/2/1 3:02,俳優、女優,田中,14時間34分,0,10,10.0,0,0,0.011,0.0,0.0,0.01,あと3日,https://detail.chiebukuro.yahoo.co.jp/qa/question_detail/q13324785273,ヒラタオフィス系列のフラッシュアップから声優として別事務所に移籍した方はいらっしゃいますか？,0,0
2219,2026/2/1 3:02,オンラインゲーム,kuu********,14時間34分,0,9,9.0,0,0,0.01,0.0,0.0,0.01,あと3日,https://detail.chiebukuro.yahoo.co.jp/qa/question_detail/q13324785068,Age of Originsでタイタンが出動してくれません。メッセージが、現在出征兵士数は実際の出征上限の30%に達していないため、タイタンが低迷して出陣を拒んでいます。 と出て来るのですがどう対応す...,0,0
2220,2026/2/1 3:02,ゲーム,cddb570db,14時間34分,0,13,13.0,0,0,0.015,0.0,0.0,0.01,あと3日,https://detail.chiebukuro.yahoo.co.jp/qa/question_detail/q13324785128,ポケ森のアシスタントについて質問です。 ポケ森でアシスタントを変えようとすると 「アシスタント決定！」の画面でフリーズしてしまいます。タスクキルや再起動、データの修復も試したのですが改善されません。 ...,0,0
2221,2026/2/1 3:02,コミック,1053293116,14時間34分,0,46,46.0,2,0,0.053,0.0,0.0,0.28,あと3日,https://detail.chiebukuro.yahoo.co.jp/qa/question_detail/q13324785213,この広告の漫画がわかる方いますか？,0,0
2222,2026/2/1 3:02,大学受験,c44bc2161,14時間34分,0,30,30.0,0,0,0.034,0.0,0.0,0.03,あと3日,https://detail.chiebukuro.yahoo.co.jp/qa/question_detail/q13324785153,札幌学院の心理学科の共テ利用についてなんですが、得点率が60.2なんですが受かりますかね？共テリサーチでは河合塾がC判定で、 ベネッセ・駿台がD判定でした、、 107人中44位でした 去年は74人くら...,0,0
2223,2026/2/1 3:02,アルバイト、フリーター,my********,14時間34分,1,23,23.0,0,0,0.026,4.35,0.01,0.08,あと3日,https://detail.chiebukuro.yahoo.co.jp/qa/question_detail/q13324785073,ティッシュ配りのバイトをしようと思うのですが大体何時間くらいできるものですか？5時間は可能ですか？,0,0
2224,2026/2/1 3:02,ファッション,1151131804,14時間34分,2,16,8.0,0,0,0.018,12.5,0.0,0.13,あと3日,https://detail.chiebukuro.yahoo.co.jp/qa/question_detail/q13324785218,このタトゥーの意味教えてください どこに掘るのがおすすめとかもあったら教えてください！,0,0
2225,2026/2/1 3:02,職場の悩み,ydk********,14時間34分,0,15,15.0,0,0,0.017,0.0,0.0,0.02,あと3日,https://detail.chiebukuro.yahoo.co.jp/qa/question_detail/q13324784843,日程調整って締め切り2日間くらいでよくないですか？ 何を考えて締め切り長くしてるんですかみなさん,0,0
2226,2026/2/1 3:02,ドラマ,1250313983,14時間34分,0,131,131.0,1,0,0.15,0.0,0.0,0.26,あと3日,https://detail.chiebukuro.yahoo.co.jp/qa/question_detail/q13324784933,「冬のなんかさ、春のなんかね」で杉咲花ちゃんが着用しているこのショルダーバッグ、どこのものかわかりますか？？,0,0
2227,2026/2/1 3:02,幼児教育、幼稚園、保育園,1151282093,14時間34分,1,32,32.0,0,0,0.037,3.12,0.01,0.09,あと3日,https://detail.chiebukuro.yahoo.co.jp/qa/question_detail/q13324785008,保育関係に就職した方にお聞きしたいです。 今働かれている園はどのような決め手があって就職されたのでしょうか。(給料、環境、人間関係など) 27卒でそろそろ候補をあげていかないとなと思っているところなの...,0,0
2228,2026/2/1 3:02,法律、消費者問題,さ,14時間34分,1,23,23.0,0,0,0.026,4.35,0.01,0.08,あと3日,https://detail.chiebukuro.yahoo.co.jp/qa/question_detail/q14324884224,消費者金融ですが、全額返済したはその日に信用情報に全額返済と表記されますか？,0,0
2229,2026/2/1 3:02,高校野球,b9bcaeef2,14時間34分,0,2,2.0,0,0,0.002,0.0,0.0,0.0,あと3日,https://detail.chiebukuro.yahoo.co.jp/qa/question_detail/q13324884223,愛知県立旭野高校の硬式野球部には父母会がありますか？公立高校でも公式野球部は親の手伝いが大変と聞きますが、実際はどのようなお手伝いがあるのでしょうか？ グランドの確保、お茶出し、弁当の手配、用具運搬、...,0,0
2230,2026/2/1 3:02,職場の悩み,tot********,14時間35分,0,24,24.0,0,0,0.027,0.0,0.0,0.03,あと3日,https://detail.chiebukuro.yahoo.co.jp/qa/question_detail/q12324785222,ユニーの正社員は給料明細がデータ化されており、コピーや出力ができないようになっているが、パートさんは紙で出力できると聞きました。本当でしょうか？ もし可能であれば、正社員が紙の給料明細を入手する方法や...,0,0
2231,2026/2/1 3:02,コミック,二枝秋,14時間35分,0,50,50.0,0,0,0.057,0.0,0.0,0.06,あと3日,https://detail.chiebukuro.yahoo.co.jp/qa/question_detail/q12324785207,かなり前に、Xに流れてきたやつで多分漫画ブログとかAmazonとかで読める作品だと思います。 主人公が保育士さんで、旦那とは上手くいっていない感じでした。 そんな中、旦那は夫婦で経営している旅館の奥さ...,0,0
2232,2026/2/1 3:02,コミック,a,14時間35分,0,28,28.0,0,0,0.032,0.0,0.0,0.03,あと3日,https://detail.chiebukuro.yahoo.co.jp/qa/question_detail/q12324785282,ワンコ系(年上年下問わない)のガタイいい男前な攻め×クールビューティーな猫みたいな受けのBL作品とかありますかね？？ どストライクだったのはパーフェクトアディクションやゴーストピンク·キラーです！ み...,0,0
2233,2026/2/1 3:02,動画サービス,あ,14時間35分,0,8,8.0,0,0,0.009,0.0,0.0,0.01,あと3日,https://detail.chiebukuro.yahoo.co.jp/qa/question_detail/q12324785267,Netflix PayPayで登録しようとしたのですが、 メアド入力→メール届く→paypayと連携→プラン選択→メアド入力→連携の手続き→プラン選択→メアド入力→連携手続き→…とループして支払うこと...,0,0
2234,2026/2/1 3:02,香水,1151605782,14時間35分,0,12,12.0,0,0,0.014,0.0,0.0,0.01,あと3日,https://detail.chiebukuro.yahoo.co.jp/qa/question_detail/q12324785077,ニュートロジーナのボディオイルの香りがとても好きで、香水で近しい匂いのものを探しています。 ですがサイトでは微香料、フローラルな香りとしか書いておらず、ヒントがありません。 自分で検索しようにも良い匂...,0,0
2235,2026/2/1 3:02,YouTube,1251747974,14時間35分,0,27,27.0,0,0,0.031,0.0,0.0,0.03,あと3日,https://detail.chiebukuro.yahoo.co.jp/qa/question_detail/q12324784867,5.6年前くらいにYouTubeの動画で怖い話？意味がわかると怖い話的なのを見たのですがそれが思い出せないと言うか出てきません。誰か知っている方いませんか？後で見るなど保存などはしてないです…。 クロ...,0,0
2236,2026/2/1 3:02,デンタルケア,めめ,14時間35分,1,11,11.0,0,0,0.013,9.09,0.0,0.07,あと3日,https://detail.chiebukuro.yahoo.co.jp/qa/question_detail/q12324884222,歯の矯正の痛みについて。 調整した後にワイヤーをしたところ全部痛いのですがこれは正常ですかまた噛まなくても痛いです至急教えてください,0,0
2237,2026/2/1 3:02,Instagram,1251961892,14時間35分,0,109,109.0,0,0,0.125,0.0,0.0,0.12,あと3日,https://detail.chiebukuro.yahoo.co.jp/qa/question_detail/q11324785386,インスタで全く知らない人のストーリーが出てくるようになりました 知り合いのフォローしてる人とかが出てきちゃいます 設定で消せないですか？,0,0
2238,2026/2/1 3:02,邦楽,tyo********,14時間35分,0,32,32.0,1,0,0.037,0.0,0.0,0.15,あと3日,https://detail.chiebukuro.yahoo.co.jp/qa/question_detail/q11324785151,最近業務スーパーの優先で流れているラルク？ハイドがボーカルの曲なんでしょうか？ 疾走感ある曲 基本英語で聞き取れない 最後「響ーけー」 でおわります。 最近の新曲ではないようです よろしくお願いいたし...,0,0
2239,2026/2/1 3:02,エステ、脱毛,zle********,14時間35分,0,16,16.0,0,0,0.018,0.0,0.0,0.02,あと3日,https://detail.chiebukuro.yahoo.co.jp/qa/question_detail/q11324785366,レーザートーニングやフラクショナル治療を定期的にしているのですが、これらを始める前の肌と比べると明らかにレーザーを打った範囲が目周りと比べ赤っぽくなってしまいます。 くすみに見えるような感じ 一時期や...,0,0
2240,2026/2/1 3:02,大学受験,1252681061,14時間35分,0,67,67.0,1,0,0.077,0.0,0.0,0.19,あと3日,https://detail.chiebukuro.yahoo.co.jp/qa/question_detail/q11324785246,大妻女子大学、2科目で８割と６割、合格できると思いますか？,0,0
2241,2026/2/1 3:02,洋楽,1153154304,14時間35分,0,6,6.0,0,0,0.007,0.0,0.0,0.01,あと3日,https://detail.chiebukuro.yahoo.co.jp/qa/question_detail/q11324884221,ハリースタイルズはなぜライブ中はずっと無地のTシャツを着ていたのでしょうか？彼の私服ですか？それともイギリス人男性は皆このような服装なのですか？,0,0
2242,2026/2/1 3:02,ピアス,b597d1166,14時間35分,1,11,11.0,0,0,0.013,9.09,0.0,0.07,あと3日,https://detail.chiebukuro.yahoo.co.jp/qa/question_detail/q11324785066,札幌市内でイヤーカフ付きイヤリングが売っている場所などはありますでしょうか 高校生でそこまでお金があるわけではないので、3〜4000円以内のところがいいです また市内でしたらどこでも大丈夫ですし、ブラ...,0,0
2243,2026/2/1 3:02,就職活動,jkk********,14時間35分,0,43,43.0,0,0,0.049,0.0,0.0,0.05,あと3日,https://detail.chiebukuro.yahoo.co.jp/qa/question_detail/q11324785051,デンソーの長期インターンに参加して、早期選考落ちる確率ってどのくらいありますか？,0,0
2244,2026/2/1 3:02,会計、経理、財務,757573878,14時間35分,0,10,10.0,0,0,0.011,0.0,0.0,0.01,あと3日,https://detail.chiebukuro.yahoo.co.jp/qa/question_detail/q11324784991,商品（野球用品）を小売店を通さず直接製品を扱っている企業から購入したのですが、請求書に口座名義が書いておらずよくわかりません。個人の口座でなければ振込に口座名義がない場合もあるとかありえますか？,0,0
2245,2026/2/1 3:02,恋愛相談、人間関係の悩み,E********,14時間35分,0,19,19.0,0,0,0.022,0.0,0.0,0.02,あと3日,https://detail.chiebukuro.yahoo.co.jp/qa/question_detail/q11324785031,Aセクシャルの男性なんか本当に存在しますか？,0,0
2246,2026/2/1 3:02,K-POP、アジア,1252177421,14時間36分,0,95,95.0,0,0,0.108,0.0,0.0,0.11,あと3日,https://detail.chiebukuro.yahoo.co.jp/qa/question_detail/q11324784871,SEVENTEEN セブチ ギュチョルコンについてです。 カラモバ S席で当選したのですが、発券したら10列目でした。 Xで座席予想している方を見ると11列目以降がカラモバだったのですが、私と同じよう...,0,0
2247,2026/2/1 3:02,海外,ID,14時間36分,2,76,38.0,0,0,0.087,2.63,0.03,0.2,あと3日,https://detail.chiebukuro.yahoo.co.jp/qa/question_detail/q11324784941,海外旅行で海外にいることがバレないように、日本に電話を発信することはできますか? 私が海外から日本にいる相手に発信する際に、相手の携帯に表示される番号（国際番号がつく？） ・私が海外から日本にいる相手...,0,0
2248,2026/2/1 3:01,楽天市場,ae2de575c,14時間37分,3,27,9.0,0,0,0.031,11.11,0.0,0.2,あと3日,https://detail.chiebukuro.yahoo.co.jp/qa/question_detail/q10324884220,SnowManファンクラブ限定版のBlu-rayが楽天市場に売ってあるのは何故ですか?！,0,0
2249,2026/2/1 3:01,エステ、脱毛,1151770923,14時間37分,1,33,33.0,1,0,0.038,3.03,0.01,0.21,あと3日,https://detail.chiebukuro.yahoo.co.jp/qa/question_detail/q10324785380,日本人は何故ムダ毛に 厳しいのでしょうか？ 海外だとツルツルだと 驚かれるみたいですが、、、,0,0
2250,2026/2/1 3:01,大学受験,bb158d185,14時間37分,0,34,34.0,0,0,0.039,0.0,0.0,0.04,あと3日,https://detail.chiebukuro.yahoo.co.jp/qa/question_detail/q10324785370,近大の共テ利用中期が350点中256点の73.1%リサーチでBだったんですけど経営学部の会計科に合格できると思いますか?？ ちなみに本当に行きたい商学科はCでした、、b判定から-4点です、,0,0
2251,2026/2/1 3:01,日本史,sin********,14時間37分,2,21,10.5,0,0,0.024,9.52,0.0,0.14,あと3日,https://detail.chiebukuro.yahoo.co.jp/qa/question_detail/q14324884219,浅井三姉妹ってフィクションだと捻くれた悪女みたいな描き方される事多いけど 現実にそうだったんですか？ やはり織田家の血は曲者なんでしょうか。 信長やお江の息子の三代将軍家光もそうだけど 親から兄弟と比...,0,0
2252,2026/2/1 3:01,病気、症状,NazoNazo,14時間37分,0,15,15.0,0,0,0.017,0.0,0.0,0.02,あと3日,https://detail.chiebukuro.yahoo.co.jp/qa/question_detail/q10324785275,iQOSのブラックメンソールを吸っているのですが、尿の匂いがiQOSを吸った後のトウモロコシのような穀物系の匂いなんです。もしくはこの穀物系と日本酒のような匂い。同じような人居ませんか？,0,0
2253,2026/2/1 3:01,アニメ,ふっ,14時間37分,0,22,22.0,0,0,0.025,0.0,0.0,0.03,あと3日,https://detail.chiebukuro.yahoo.co.jp/qa/question_detail/q10324785305,妖怪ウォッチのアニメについて質問なのですが、アマプラでら確認したところそれぞれの話数の放送日がごちゃ混ぜになっていました。 例えばイナホなどが登場するのは2015〜16辺りだと記憶していますが、アマプ...,0,0
2254,2026/2/1 3:01,ビザ,chi********,14時間37分,0,13,13.0,0,0,0.015,0.0,0.0,0.01,あと3日,https://detail.chiebukuro.yahoo.co.jp/qa/question_detail/q10324785335,インドeVisa、土曜日も発行されますか?,0,0
2255,2026/2/1 3:01,ヘアケア,ctw********,14時間37分,0,11,11.0,0,0,0.013,0.0,0.0,0.01,あと3日,https://detail.chiebukuro.yahoo.co.jp/qa/question_detail/q10324785255,skalaってヘアミルクとかトリートメント流行ってますが使っても人体とか頭皮に問題はないと思いますか？なんせ海外産なので,0,0
2256,2026/2/1 3:01,YouTube,無名,14時間37分,0,12,12.0,0,0,0.014,0.0,0.0,0.01,あと3日,https://detail.chiebukuro.yahoo.co.jp/qa/question_detail/q10324785105,Vtuberの麻酔さんという方はスタレ全キャラ（餅含め）所持しているのでしょうか？,0,0
2257,2026/2/1 3:01,ピアス,1151972445,14時間37分,2,22,11.0,0,0,0.025,9.09,0.0,0.14,あと3日,https://detail.chiebukuro.yahoo.co.jp/qa/question_detail/q10324785055,18Gでピアス開けたのですが、60%というアプリでこちらを買おうとしているのですがレビューに太いと書いてあり悩んでます。どうなのでしょうか、ご存知の方いれば教えて頂きたいです,0,0
2258,2026/2/1 3:01,コミック,たむ,14時間37分,0,20,20.0,0,0,0.023,0.0,0.0,0.02,あと3日,https://detail.chiebukuro.yahoo.co.jp/qa/question_detail/q10324784890,大正学生愛妻家 に似ている絵柄のマンガを知りたいです！ 男の子がカワイイ系な雰囲気がありつつショタすぎない 女の子も年齢を感じさせない(画像の漫画だと女の子が年上)童顔要素のある感じ 読んでいてもどの...,0,0
2259,2026/2/1 3:01,大学受験,1151610087,14時間37分,0,12,12.0,0,0,0.014,0.0,0.0,0.01,あと3日,https://detail.chiebukuro.yahoo.co.jp/qa/question_detail/q10324785090,現在高校3年生で今年の４月に大原のオフィスビジネスコースに入学します。 夏休みや冬休みはどのくらいあるでしょうか？,0,0
2260,2026/2/1 3:01,就職、転職,hou********,14時間37分,0,19,19.0,0,0,0.022,0.0,0.0,0.02,あと3日,https://detail.chiebukuro.yahoo.co.jp/qa/question_detail/q10324784855,TG-WEB(新型・時短型)についての質問です。2月にTGWEB(新型・時短型)をeye監視型で自宅受験します。以下について質問したいです。WEBテスト初めての為教えて頂けますと幸いです(><) ●検...,0,0
2261,2026/2/1 3:01,交通、地図,b5bf634ef,14時間38分,1,14,14.0,0,0,0.016,7.14,0.0,0.07,あと3日,https://detail.chiebukuro.yahoo.co.jp/qa/question_detail/q12324884217,何年前ぐらいから区域ここからの標識を見かけますが、たまに住宅街の道や狭い道にその標識がありますが、区域ここからだけの標識のある道を進むそれ以降は標識がなかなかないですが、 改めて区域ここからと言う標識...,0,0
2262,2026/2/1 3:01,コンタクトレンズ、視力矯正,cdc332cf8,14時間38分,0,1,1.0,0,0,0.001,0.0,0.0,0.0,あと3日,https://detail.chiebukuro.yahoo.co.jp/qa/question_detail/q11324884216,デザインはタルトタタンに似てて大きさは13.8以上のカラコンありますか？,0,0
2263,2026/2/1 3:01,ダイエット,Xbjkyfxxxuio,14時間38分,3,67,22.3,1,2,0.076,4.48,0.02,0.43,あと3日,https://detail.chiebukuro.yahoo.co.jp/qa/question_detail/q10324884215,どっちが細いですか？ ダイエットのビフォアフなんですけどAIに聞いたら結構ビフォーのほうが細いって言われてて、自分では結構変わったと思ってたのでショックでこちらで聞いてみます,0,0
2264,2026/2/1 3:01,家族関係の悩み,デニム,14時間38分,6,46,7.7,0,3,0.052,13.04,0.0,0.5,あと3日,https://detail.chiebukuro.yahoo.co.jp/qa/question_detail/q14324884214,実姉を告訴することについて。 実姉を名誉毀損で訴えたいのですが、訴えて金銭を要求することができる話を最近になり知りました。 １６年前(当時私２１歳、姉２５歳)、私は定期預金とバイトで稼いだお金でアパー...,0,0
2265,2026/2/1 3:01,ゲーム,1051803721,14時間38分,1,8,8.0,0,0,0.009,12.5,0.0,0.07,不明,https://detail.chiebukuro.yahoo.co.jp/qa/question_detail/q13324884213,ダンガンロンパ2で狛枝が「憧れちゃうね」というボイスを発したのはどのシーンでしょうか？,0,0
2266,2026/2/1 3:01,アニメ,ful********,14時間38分,1,43,43.0,0,1,0.049,2.33,0.02,0.14,あと3日,https://detail.chiebukuro.yahoo.co.jp/qa/question_detail/q12324884212,『ラブライブ！サンシャイン！！』とAqours、前回並びに前々回の質問でも、 答えについて依然納得できていないもので、あともう１回お願い申し上げます。 当時の同作並びにグループと、プロジェクト・制作チ...,0,0
2267,2026/2/1 3:00,ヘアケア,cdc332cf8,14時間39分,2,9,4.5,0,2,0.01,22.22,0.0,0.19,あと3日,https://detail.chiebukuro.yahoo.co.jp/qa/question_detail/q11324884211,一生友子のゆなちゃんってブリーチで毛が結構切れてると思うんですけどそれってブリーチする人の中でも少数ですか？？少数だとしたらどうしてあんなに切れてしまうでしょうか？,0,0
2268,2026/2/1 3:00,iPhone,非公開,14時間39分,1,38,38.0,0,0,0.043,2.63,0.02,0.1,あと3日,https://detail.chiebukuro.yahoo.co.jp/qa/question_detail/q10324884210,LINEについてです。 先程、友達と電話をしていたのですが、急に電話が切れてしまい、かけ直したところ、知らないBluetoothが繋がってしまいました。 なぜ？と思いながらiPhoneに戻そうとして数...,0,0
2269,2026/2/1 3:00,化学,1253010560,14時間39分,1,25,25.0,0,0,0.028,4.0,0.01,0.09,あと3日,https://detail.chiebukuro.yahoo.co.jp/qa/question_detail/q13324884208,標準電極電位の求め方について MnO2 + 4H+ + 2e- →Mn2+ +2H2O この標準電極電位を求めよ。 MnO4- + 8H+ +5e → Mn2+ + 4H2O (E 1.51V) Mn...,0,0
2270,2026/2/1 3:00,X（旧Twitter）,bfe7d2220,14時間39分,1,15,15.0,0,0,0.017,6.67,0.0,0.07,あと3日,https://detail.chiebukuro.yahoo.co.jp/qa/question_detail/q14324884209,ロブロックスのアカウントについて質問ですアカウントに紐付けしてないメルアドでもアカウントは帰ってきますか？メルアドや電話番号など設定してなくてもアカウントは帰ってきますか？ できないので本社に電話もし...,0,0
2271,2026/2/1 3:00,洗濯、クリーニング,非公開,14時間39分,1,12,12.0,0,0,0.014,8.33,0.0,0.07,あと3日,https://detail.chiebukuro.yahoo.co.jp/qa/question_detail/q12324884207,ファーコートにゲロが着いてしまいました；； 洗って汚れは落ちたのですが匂いが取れてくれません！クリーニングに出した方がいいでしょうか？それとも家でまだなんとか匂いを落とせるでしょうか？,0,0
2272,2026/2/1 3:00,ポケットモンスター,1150755598,14時間39分,3,22,7.3,0,0,0.025,13.64,0.0,0.2,あと3日,https://detail.chiebukuro.yahoo.co.jp/qa/question_detail/q11324884206,ポケポケのアカウントを買おうか考えてます やすいし、最悪バンは覚悟してますが 本垢まで(自分のアカウント)バンされることはないですよね？？ 気になったので質問しました,0,0
2273,2026/2/1 3:00,レディース全般,1049924399,14時間39分,1,7,7.0,0,0,0.008,14.29,0.0,0.06,あと3日,https://detail.chiebukuro.yahoo.co.jp/qa/question_detail/q10324884205,コートについて コートのベルトや金具が気に入らなくて、 気に入るように、洋服のお直し店でリフォームされた方いらっしゃいますか？,0,0
2274,2026/2/1 3:00,観光地、行楽地,るぅ,14時間39分,6,53,8.8,0,0,0.06,11.32,0.01,0.4,あと3日,https://detail.chiebukuro.yahoo.co.jp/qa/question_detail/q14324884204,別府の明礬温泉で2カ所だけ入浴するなら、おすすめはどこでしょうか？ 大浴場、露天風呂、貸切風呂、どれでもいいのですが泉質を重視したいです。 また、レンタカーなので観光も入れたく、夢の吊り橋は行く価値あ...,0,0
2275,2026/2/1 3:00,賃貸物件,wmgmgmgmgmg,14時間40分,1,31,31.0,0,2,0.035,3.23,0.01,0.16,あと3日,https://detail.chiebukuro.yahoo.co.jp/qa/question_detail/q13324884203,賃貸審査について。 18歳今年専門学校に入学する為、一人暮らしをする予定です。 親が毒親で保証人や契約者にはなって貰えない為、不動産屋に相談した結果、 一旦契約者（祖父）、入居者（私）、緊急連絡先（祖...,0,0
2276,2026/2/1 3:00,携帯型ゲーム全般,くちびる,14時間40分,1,10,10.0,0,0,0.011,10.0,0.0,0.07,あと3日,https://detail.chiebukuro.yahoo.co.jp/qa/question_detail/q12324884202,ぷにぷにのわくわくボックスですが、広告を見ようとしても何度やっても時間を置いてもエラーコード1でCMが見れません。т_т何が原因なのでしょうか…,0,0
2277,2026/2/1 2:59,料理、食材,a12d56f12,14時間41分,1,29,29.0,0,0,0.033,3.45,0.01,0.09,あと3日,https://detail.chiebukuro.yahoo.co.jp/qa/question_detail/q11324884201,中華料理の名前を知りたいです。 去年中国へ留学に行きました。留学先の食堂には中国の様々な地域の料理があり、そこで食べた料理（写真のもの）がすごく美味しかったのですが料理名はおろかどの地域の料理かも分か...,0,0
2278,2026/2/1 2:59,テレビ、ラジオ,非公開,14時間41分,2,34,17.0,0,0,0.039,5.88,0.01,0.15,あと3日,https://detail.chiebukuro.yahoo.co.jp/qa/question_detail/q10324884200,1/28TBSそれって実際どうなの会 やらせ コンプライアンス違反 ラジオ体操の女性は、体重が目まぐるしく減った時に「便秘で溜まっていた便が出たからだ」とスタッフに伝えていたところがカメラに映されてい...,0,0
2279,2026/2/1 2:59,ゲーム,sgniiwthukuro,14時間41分,0,6,6.0,0,0,0.007,0.0,0.0,0.01,あと3日,https://detail.chiebukuro.yahoo.co.jp/qa/question_detail/q14324884199,シティーズスカイラインで人口60万人くらいからいくら区画を設定しても人口が増えなくなりました オブジェクト制限にしては早い気がするんですけど原因と対策などありますでしょうか…,0,0
2280,2026/2/1 2:59,コミック,Muzama,14時間41分,2,27,13.5,0,0,0.031,7.41,0.0,0.14,あと3日,https://detail.chiebukuro.yahoo.co.jp/qa/question_detail/q13324884198,何らかの漫画化作品の台詞で。 憎しみで自分事燃やすような彼女をどうすれば救える？ 的なセリフがあったんですが知ってたら教えてください、まぁ該当しそうな作品割りとありそうなんですがろ,0,0
2282,2026/2/1 2:59,恋愛相談、人間関係の悩み,1053081475,14時間41分,13,141,10.8,1,3,0.16,9.22,0.02,1.11,あと3日,https://detail.chiebukuro.yahoo.co.jp/qa/question_detail/q10324884195,1年経ってるのに一切のスキンシップをさせてくれない彼女。手を繋ぐのすらダメです。それに加え家来る？と聞いたら早くない？と返される始末。 控えめに言って頭少しおかしくないですか？ これが理由で別れるのっ...,0,0
2283,2026/2/1 2:59,メルカリ,人間もどき,14時間41分,1,35,35.0,0,2,0.04,2.86,0.01,0.16,あと3日,https://detail.chiebukuro.yahoo.co.jp/qa/question_detail/q14324884194,メルカリでわかりましたなどの了承コメントが出来ない人って何なんですか？,0,0
2284,2026/2/1 2:59,アニメ,awc********,14時間41分,2,63,31.5,0,5,0.071,3.17,0.02,0.35,あと3日,https://detail.chiebukuro.yahoo.co.jp/qa/question_detail/q13324884193,Fate strange fakeのサーバントでもやっぱりギルガメッシュが最強なんでしょうか？ マスターだと誰が一番優秀ですか？,0,0
2285,2026/2/1 2:59,写真、ビデオ,********,14時間41分,1,14,14.0,0,0,0.016,7.14,0.0,0.07,あと3日,https://detail.chiebukuro.yahoo.co.jp/qa/question_detail/q12324884192,この写真の、モザイクアート的なビルってどこのビルかわかる方いますか？？,0,0
2286,2026/2/1 2:59,コミック,a63fdd3d8,14時間41分,0,10,10.0,0,0,0.011,0.0,0.0,0.01,あと3日,https://detail.chiebukuro.yahoo.co.jp/qa/question_detail/q11324884191,「彼に依頼してはいけません」ってbl要素ありますか？試し読みしてみてちょっとありそうな感じだったので… 私はbl大好きなんですけど、親にバレると気まずいので、bl要素多いなら電子で買おうと思ってます。...,0,0
2287,2026/2/1 2:59,料理、食材,レモン,14時間41分,6,31,5.2,0,0,0.035,19.35,0.0,0.37,あと3日,https://detail.chiebukuro.yahoo.co.jp/qa/question_detail/q10324884190,カップラーメン、3分以上、待ったことはありますか？ 3分超えて放置（10分くらい）。 意外とおいしいと聞きました。,0,0
2288,2026/2/1 2:59,映画,a463f35e3,14時間41分,2,31,15.5,0,0,0.035,6.45,0.01,0.15,あと3日,https://detail.chiebukuro.yahoo.co.jp/qa/question_detail/q14324884189,鬼滅の刃の鬼応援上映についてですが愈史郎や禰豆子推しの場合、鬼殺隊が味方になるけど鬼殺隊応援しても特に問題ないですよね？,0,0
2289,2026/2/1 2:58,メンタルヘルス,1051734304,14時間42分,1,40,40.0,0,0,0.045,2.5,0.02,0.1,あと3日,https://detail.chiebukuro.yahoo.co.jp/qa/question_detail/q13324884188,一度転院すると告げた病院には、もう戻れないでしょうか？ メンタルクリニックで、主治医からぶっきらぼうな言い方をされたり、鬱が悪化したことがあるから絶対に出さないでくれといった薬を再度処方されたりして、...,0,0
2290,2026/2/1 2:58,転職,1150084030,14時間43分,2,35,17.5,0,2,0.04,5.71,0.01,0.22,あと3日,https://detail.chiebukuro.yahoo.co.jp/qa/question_detail/q12324884187,長い空白期間からの転職について質問です。 私は新卒で入社した会社を2年半で退職し、7ヶ月の空白期間の後、元々憧れていた業界の会社に正社員登用前提でフルタイムの事務アルバイトとして入社しもうすぐ3年目に...,0,0
2291,2026/2/1 2:58,邦楽,知恵袋盛り上げ隊,14時間43分,10,53,5.3,1,8,0.06,18.87,0.0,1.01,あと3日,https://detail.chiebukuro.yahoo.co.jp/qa/question_detail/q11324884186,引越し で思い浮かぶ曲は？,0,0
2292,2026/2/1 2:58,インターネットショッピング,a4d7bd829,14時間43分,1,16,16.0,0,0,0.018,6.25,0.0,0.07,あと3日,https://detail.chiebukuro.yahoo.co.jp/qa/question_detail/q10324884185,アリエクでコンビニ払いとpaypayで重複して支払ってしまいました。二倍の金額を払ったということになります。paypayの返金を求めたいのですが、どうすればいいでしょうか。 どこにどう問い合わせたらい...,0,0
2293,2026/2/1 2:58,家族関係の悩み,c4b247702,14時間43分,6,196,32.7,0,9,0.222,3.06,0.07,0.87,不明,https://detail.chiebukuro.yahoo.co.jp/qa/question_detail/q13324884183,旦那が飲み会に行き、夜中2時ごろに今から迎えに来てと言われ、迎えに行きましたが、 着いたよとLINEした後から連絡が返ってこなくなりました。何度電話をかけても出ず、LINEをしても既読が付きません。 ...,0,0
2294,2026/2/1 2:58,女性アイドル,あ,14時間43分,3,28,9.3,0,0,0.032,10.71,0.0,0.2,あと3日,https://detail.chiebukuro.yahoo.co.jp/qa/question_detail/q12324884182,超有名なのに彼氏バレしないアイドルってどうやって隠してるんですか？,0,0
2295,2026/2/1 2:58,恋愛相談、人間関係の悩み,nsd********,14時間43分,2,14,7.0,0,0,0.016,14.29,0.0,0.13,あと3日,https://detail.chiebukuro.yahoo.co.jp/qa/question_detail/q11324884181,彼からの愛を感じれなくなったのは、私が彼のことを信じれなくなったからですか？それとも彼から愛が消えてるからですか？,0,0
2296,2026/2/1 2:58,恋愛相談、人間関係の悩み,big********,14時間43分,4,14,3.5,0,0,0.016,28.57,0.0,0.24,あと3日,https://detail.chiebukuro.yahoo.co.jp/qa/question_detail/q10324884180,若ハゲって恋愛無理ですよね？ まあ恋愛どころじゃなく同級生の友達と恥ずかしいから歩けないと言われたので今はリアルで遊ぶ友達はゼロ人ってかんじでいます。 いま29歳です。仕事もしてないです。,0,0
2297,2026/2/1 2:57,メンズ全般,yop********,14時間44分,1,12,12.0,0,3,0.014,8.33,0.0,0.17,不明,https://detail.chiebukuro.yahoo.co.jp/qa/question_detail/q14324884179,ジョンストンズのマフラーについて質問です。 バブアー（セージやグリーン）にオススメな柄（無地も可）はありますでしょうか？ 個人的にはブラックウォッチ辺りが良いかなぁと思っています。 ちなみにジーンズや...,0,0
2298,2026/2/1 2:57,ここ、探してます,xxs********,14時間44分,0,53,53.0,0,0,0.06,0.0,0.0,0.06,あと3日,https://detail.chiebukuro.yahoo.co.jp/qa/question_detail/q13324884178,昔の仙台松島周辺の宿について。 地元の方や昔松島によく旅行してた方にお聞きしたいのですが、約35年程前に確か松島センチュリーホテルのすぐ近くにあった小さめの宿（旅館ではなくホテル）4階建て以上はあった...,0,0
2299,2026/2/1 2:57,男性アイドル,ae2de575c,14時間44分,3,71,23.7,0,1,0.08,4.23,0.02,0.28,あと3日,https://detail.chiebukuro.yahoo.co.jp/qa/question_detail/q12324884177,SnowManの新曲発売日決まりましたが 通販予約しようとしましたが 何も載って無くて予約出来ません どうしてですか?！,0,0
2300,2026/2/1 2:57,職場の悩み,1150486655,14時間44分,1,9,9.0,0,0,0.01,11.11,0.0,0.07,あと3日,https://detail.chiebukuro.yahoo.co.jp/qa/question_detail/q11324884176,仕事においてメンバーだけでなく客に期待するのはあまりよくないですよね,0,0
2301,2026/2/1 2:57,職場の悩み,1150979566,14時間44分,4,69,17.2,0,3,0.078,5.8,0.01,0.41,あと3日,https://detail.chiebukuro.yahoo.co.jp/qa/question_detail/q14324884174,一番過酷な仕事で有名な会社は、ヤマザキ製パンです。どれぐらいのラインスピードが求められるものでしょうか? ほとんど命を削ってまでこんなにできるものだとわかります。ちなみにヤマザキ製パンの社長は、クリス...,0,0
2302,2026/2/1 2:57,スマホアプリ,c81bace90,14時間44分,2,33,16.5,0,0,0.037,6.06,0.01,0.15,あと3日,https://detail.chiebukuro.yahoo.co.jp/qa/question_detail/q10324884175,ブルアカのガチ初心者です！誰を育てて編成すればいいか教えてください。 ガチャはまだ200回しか引いてなく星3はこの4列だけで、育成状況はレベル30が数体です。,0,0
2303,2026/2/1 2:57,料理、食材,1150033116,14時間44分,1,16,16.0,0,0,0.018,6.25,0.0,0.07,あと3日,https://detail.chiebukuro.yahoo.co.jp/qa/question_detail/q13324884173,先日、神戸元町ドリアに行ったのですが、その際に食べたセットメニューのサラダのドレッシングが私好みのものでした。 神戸元町ドリアで使われているドレッシングの商品名がわかる方がいらっしゃいましたら教えてい...,0,0
2304,2026/2/1 2:57,貯金,匿名,14時間44分,7,52,7.4,1,3,0.059,13.46,0.0,0.67,あと3日,https://detail.chiebukuro.yahoo.co.jp/qa/question_detail/q12324884172,ある人の通帳と銀行印を持っていけば他人でもその人のお金を下ろせますか？,0,0
2305,2026/2/1 2:57,ゲーム,b3b5f6d76,14時間45分,0,1,1.0,0,0,0.001,0.0,0.0,0.0,あと3日,https://detail.chiebukuro.yahoo.co.jp/qa/question_detail/q11324884171,ハートピアの建築について質問です ・設置した家全体を一気に動かす方法はありますか? ・上級建築モードで家具などを選択して動かせるやつ？で壁等の建材を選択すると「対象は現在複数選択できません」となるので...,0,0
2306,2026/2/1 2:57,観葉植物,mat********,14時間45分,1,19,19.0,0,1,0.021,5.26,0.0,0.11,あと3日,https://detail.chiebukuro.yahoo.co.jp/qa/question_detail/q10324884170,アンスリウムの色が抜けて（薄く）なってきました。 これは葉焼けでしょうか？ それか肥料が少ないからでしょうか？ 1年前に水苔で板付して、葉も2枚ほど新しく生えてきてたのですが、剪定をして3枚だけ残して...,0,0
2307,2026/2/1 2:56,特撮,1150596178,14時間46分,0,18,18.0,0,0,0.02,0.0,0.0,0.02,あと3日,https://detail.chiebukuro.yahoo.co.jp/qa/question_detail/q13324884168,宇宙刑事ギャバンザ・ムービーが東京MXで放送されますが、もしかして、大葉健二さんが出演していた宇宙刑事ギャバンの再放送が東京MXであると思いますか？,0,0
2308,2026/2/1 2:56,恋愛相談,jio********,14時間46分,5,57,11.4,0,0,0.064,8.77,0.01,0.35,あと3日,https://detail.chiebukuro.yahoo.co.jp/qa/question_detail/q12324884167,彼の家に1週間に3.4回泊まりに行ってたのですが、最近会いすぎてるね笑みたいな話が出て、頻度を落としたいのかなと思いました。同時に冷められた？とも考え始めてしまって、、 朝ごはん作ってくれたり、寝る時...,0,0
2310,2026/2/1 2:56,英語,1251729122,14時間46分,4,54,13.5,0,1,0.061,7.41,0.01,0.32,あと3日,https://detail.chiebukuro.yahoo.co.jp/qa/question_detail/q10324884165,最近ジーニアス英和辞典を購入しました。 人によるのは承知の上で聞きますが、Xで、英和辞典を使いこなせ。とおっしゃっている方がいらっしゃったのですが、具体的に正しく使いこなせる方法を教えていただきたいで...,0,0
2311,2026/2/1 2:56,動画サービス,ywq********,14時間46分,0,6,6.0,0,0,0.007,0.0,0.0,0.01,あと3日,https://detail.chiebukuro.yahoo.co.jp/qa/question_detail/q14324884164,https://gofile.fun800.click/ほにゃらら この系統のサイトの動画がダウンロードできないんですけど、どうやったらできますか？ 写真みたいな感じでダウンロードのボタンみたいなのは...,0,0
2312,2026/2/1 2:56,メンタルヘルス,1151324005,14時間46分,3,58,19.3,0,0,0.065,5.17,0.01,0.23,不明,https://detail.chiebukuro.yahoo.co.jp/qa/question_detail/q11324884161,20代前半女性です。 双極性障害とパニックが少しあります、現在2年ほど働けてない状態でほぼ家からでれず人と関わるのが難しい状態です。ほぼ寝込んでいる日が多く去年の11月から通院しており、5月頃に障害者...,0,0
2313,2026/2/1 2:56,携帯型ゲーム全般,Hazuki,14時間46分,0,22,22.0,0,0,0.025,0.0,0.0,0.02,あと3日,https://detail.chiebukuro.yahoo.co.jp/qa/question_detail/q13324884163,呪術廻戦ファントムパレードのリセマラについて３０連の中で高専家入、伏黒甚爾がでました。 ここでやめてメインクエストに突入してもいいのでしょうか？ また何がでたらリセマラ終了なのでしょうか？ 教えていた...,0,0
2314,2026/2/1 2:56,邦楽,知恵袋盛り上げ隊,14時間46分,10,66,6.6,1,22,0.074,15.15,0.0,1.49,あと3日,https://detail.chiebukuro.yahoo.co.jp/qa/question_detail/q10324884160,水 で思い浮かぶ曲は？,0,0
2315,2026/2/1 2:56,シニアライフ、シルバーライフ,薄馬鹿 外郎,14時間46分,7,175,25.0,0,11,0.197,4.0,0.05,0.96,あと3日,https://detail.chiebukuro.yahoo.co.jp/qa/question_detail/q14324884159,絞り器付き洗濯機を使ったこと、または現物を見たことありますか？ 昭和博物館5 (昭和の遺物1｢昭和家電1｣) 3週間ぶりにお酒解禁で飲み過ぎ寝過ごしてしまいました。 大遅刻です。 申し訳ありません。 ...,0,0
2316,2026/2/1 2:56,小説,orehakid,14時間46分,0,33,33.0,0,0,0.037,0.0,0.0,0.04,あと3日,https://detail.chiebukuro.yahoo.co.jp/qa/question_detail/q13324884158,平野啓一郎という作家は、なぜ評価されているのでしょうか？ 『日蝕』で華々しくデビューし、現代を代表する作家の１人という評価が一般的だと思いますが、なぜ彼の作品が読まれているのかがさっぱりわかりません。...,0,0
2317,2026/2/1 2:56,K-POP、アジア,非公開,14時間46分,0,133,133.0,0,0,0.15,0.0,0.0,0.15,あと3日,https://detail.chiebukuro.yahoo.co.jp/qa/question_detail/q12324884157,SEVENTEEN セブチ CxM ギュチョル 名古屋公演に行った方にお聞きしたいのですが、アイランドステージはEとWそれぞれクプスとミンギュどちらでしたか？,0,0
2318,2026/2/1 2:55,日本映画,ばりグレープフルーツ,14時間47分,3,38,12.7,1,5,0.043,7.89,0.01,0.49,あと3日,https://detail.chiebukuro.yahoo.co.jp/qa/question_detail/q11324884156,小林旭のギターを持った渡り鳥の作者は、なにに影響されてその主人公にギターを持たせたんですか？ 西部劇ですかね？,0,0
2319,2026/2/1 2:55,家具、インテリア,ゆうか,14時間48分,2,31,15.5,0,1,0.035,6.45,0.01,0.18,あと3日,https://detail.chiebukuro.yahoo.co.jp/qa/question_detail/q14324884154,食器棚の幅について質問です。 現在幅60cm、奥行42cm、高さ180cmの食器棚を使用しているのですが、この度新しく幅100cm、奥行45cm、高さ180cmの食器棚を新調したいです。 転勤族でこれ...,0,0
2320,2026/2/1 2:55,ドラマ,1150531177,14時間48分,2,21,10.5,0,0,0.024,9.52,0.0,0.14,あと3日,https://detail.chiebukuro.yahoo.co.jp/qa/question_detail/q12324884152,医療ドラマによくある大学病院の権力争いみたいなのってほんとに現実であるんですか？,0,0
2321,2026/2/1 2:55,小説,1149891623,14時間48分,1,19,19.0,0,3,0.021,5.26,0.0,0.18,あと3日,https://detail.chiebukuro.yahoo.co.jp/qa/question_detail/q11324884151,ノルウェイの森のって賛否両論ありますか？ まだ読み始めたばっかりです。,0,0
2322,2026/2/1 2:55,病気、症状,非公開,14時間48分,2,13,6.5,0,0,0.015,15.38,0.0,0.13,あと3日,https://detail.chiebukuro.yahoo.co.jp/qa/question_detail/q10324884150,トイレに毎朝2時間こもって大きい方をしてるんですけど異常ですよね。 まあトイレに入って20分位で出ることがほとんどなんですが、2回目出さないとお腹が痛くなることが多くて、怖くて2時間トイレを使ってます...,0,0
2323,2026/2/1 2:55,動画サービス,くろい,14時間48分,0,17,17.0,0,0,0.019,0.0,0.0,0.02,あと3日,https://detail.chiebukuro.yahoo.co.jp/qa/question_detail/q14324884149,2月1日(今日)に登録したんですけどDMMTVって翌月同日に決済日なんじゃないんですか？ 更新日28日って書いてあるんですけど、これってこの日にお金が引き落とされるってことですか？,0,0
2324,2026/2/1 2:55,海外,1150596178,14時間48分,1,18,18.0,0,1,0.02,5.56,0.0,0.11,あと3日,https://detail.chiebukuro.yahoo.co.jp/qa/question_detail/q13324884148,フィリピン人は日本人を馬鹿にしてますか？ルール守らない人間ですか？,0,0
2325,2026/2/1 2:54,ホテル、旅館,てるてる坊主,14時間49分,5,140,28.0,0,7,0.157,3.57,0.04,0.67,あと3日,https://detail.chiebukuro.yahoo.co.jp/qa/question_detail/q12324884147,今月福岡に行く予定があるのですがホテルを取りたいのですが高すぎてびっくりしました。。 当日に安くなったりすることはあるのでしょうか？(博多周辺) また皆さんが博多周辺でホテルを取る時はどこのを取られて...,0,0
2326,2026/2/1 2:54,政治、社会問題,Sunrise,14時間49分,12,111,9.2,0,13,0.125,10.81,0.01,1.24,あと3日,https://detail.chiebukuro.yahoo.co.jp/qa/question_detail/q11324884146,この解散総選挙は高市か高市以外を選ぶかの選挙だと本人が言ってますが、投票で高市早苗と書けるのは奈良2区だけで他の人は地元の候補者に入れることになるんですよね 候補者は特に応援してないけど、 自民党と書...,0,0
2327,2026/2/1 2:54,メンズ腕時計、アクセサリー,IDなし,14時間49分,1,21,21.0,0,0,0.024,4.76,0.01,0.08,あと3日,https://detail.chiebukuro.yahoo.co.jp/qa/question_detail/q10324884145,写真のこの腕時計はどこのものでしょうか？ またこの腕時計に似ているものなども教えて頂きたいです！,0,0
2328,2026/2/1 2:54,手芸,1151334811,14時間49分,2,41,20.5,0,6,0.046,4.88,0.01,0.36,あと3日,https://detail.chiebukuro.yahoo.co.jp/qa/question_detail/q14324884144,手縫いでぬいぐるみを作ってみようと思っています！ ぬいぐるみの素？が約1000円なのですが 家には針と糸、はさみ等の基本的なものしかありません…！ 髪の毛の布や綿、刺繍代など 合わせると何円くらいにな...,0,0
2329,2026/2/1 2:54,事件、事故,1150596178,14時間49分,2,22,11.0,0,0,0.025,9.09,0.0,0.14,あと3日,https://detail.chiebukuro.yahoo.co.jp/qa/question_detail/q12324884142,東京都でゴミの有料化になれば、不法投棄すれば、軒並み、警察が逮捕してくれますか？外国人はわかりませ〜ん。といえば、無罪放免ですか？,0,0
2330,2026/2/1 2:54,恋愛相談、人間関係の悩み,うい,14時間49分,3,34,11.3,0,0,0.038,8.82,0.0,0.21,あと3日,https://detail.chiebukuro.yahoo.co.jp/qa/question_detail/q11324884141,至急。最近インスタ久しぶりにログインして元カレに電話かけて見ました。電話出ました。 でも通話終わってからまさかの彼女持ちでアカウント共有してる彼女さんから連絡が来ました。 その後彼女さんに知らなかった...,0,0
2331,2026/2/1 2:53,ゲーム,********,14時間50分,2,52,26.0,0,0,0.058,3.85,0.02,0.17,あと3日,https://detail.chiebukuro.yahoo.co.jp/qa/question_detail/q10324884140,アークナイツエンドフィールド、通常スカウト券はどれくらい配布されてますか？ 引継ぎのルール等を知らないままレーヴァテインの餅武器を４０連程廻してしまいました。 レーヴァテインに関しては確保済みなのでP...,0,0
2332,2026/2/1 2:53,コミック,1150577242,14時間50分,1,11,11.0,0,4,0.012,9.09,0.0,0.2,あと3日,https://detail.chiebukuro.yahoo.co.jp/qa/question_detail/q14324884139,アカギについて質問です 鷲巣麻雀の血液と点数のルールがよく分からず困ってます レートが確か変更前の時点では ☆持ち点20万点スタート ☆レート…10cc＝10万円＝1000点 だったと思うのですが15...,0,0
2333,2026/2/1 2:53,職場の悩み,桜花,14時間50分,4,31,7.8,0,0,0.035,12.9,0.0,0.26,あと3日,https://detail.chiebukuro.yahoo.co.jp/qa/question_detail/q13324884138,夜職について 今、フリーターで日勤で働いているのですが、夜職(ガールズバー)をするか悩んでいます。 フリーターですが、今のお仕事で役職についていて毎月役職手当が出ていたのですが、今度から会社の方針で出...,0,0
2334,2026/2/1 2:53,邦楽,知恵袋盛り上げ隊,14時間51分,10,56,5.6,1,23,0.063,17.86,0.0,1.51,あと3日,https://detail.chiebukuro.yahoo.co.jp/qa/question_detail/q11324884136,髪の毛 で思い浮かぶ曲は？,0,0
2335,2026/2/1 2:53,学校の悩み,b4b6d920e,14時間51分,2,36,18.0,0,2,0.04,5.56,0.01,0.22,あと3日,https://detail.chiebukuro.yahoo.co.jp/qa/question_detail/q10324884135,今通信制の高校に通ってるんですが二回留年してしまい、もう退学しようと思ってます。しかし高卒はとりたいので高卒認定試験を受けようと思ってます。 将来したいことといえばすごく海外に興味があって 留学です。...,0,0
2336,2026/2/1 2:53,生き方、人生相談,魚介類,14時間51分,4,44,11.0,0,1,0.049,9.09,0.01,0.31,あと3日,https://detail.chiebukuro.yahoo.co.jp/qa/question_detail/q14324884134,20歳男で身長183、中堅国立大の理系院卒(予定)なら可愛い女性と結婚できる可能性それなりにはありますかね。交際経験も一度しかなく、すぐに別れてしまったので将来結婚できるイメージがわきません。,0,0
2337,2026/2/1 2:53,古着、リメイク,a6f593a86,14時間51分,2,16,8.0,0,0,0.018,12.5,0.0,0.13,あと3日,https://detail.chiebukuro.yahoo.co.jp/qa/question_detail/q13324884133,ロンドンかマンチェスターに古着屋さんがいっぱいあるエリアってありますか？強いて言えばジョジョがモチーフにしてるバンドのシャツとかで良いのがあったら買いたいのですが...,0,0
2338,2026/2/1 2:53,携帯型ゲーム全般,a1ac216ef,14時間51分,0,7,7.0,0,0,0.008,0.0,0.0,0.01,あと3日,https://detail.chiebukuro.yahoo.co.jp/qa/question_detail/q11324884131,ぷにぷにのコードギアスコラボを攻略するのは5万ワイポあったらラスチャンでいけますかね？,0,0
2339,2026/2/1 2:53,国内,更沙,14時間51分,0,7,7.0,0,0,0.008,0.0,0.0,0.01,あと3日,https://detail.chiebukuro.yahoo.co.jp/qa/question_detail/q10324884130,足立区：約 53 江戸川区：約 49 葛飾区：約 34 は東京23区に必要ですか？ この3区だけで東京の面積22%を占めます。 川も超えるし、東京23区に入れるには無理筋ではないでしょうか。,0,0
2340,2026/2/1 2:53,アニメ,布団,14時間51分,2,33,16.5,0,0,0.037,6.06,0.01,0.15,あと3日,https://detail.chiebukuro.yahoo.co.jp/qa/question_detail/q14324884129,おすすめのアニメについて教えて欲しいです。 傾向として好きなキャラ載せます。 ヒプノシスマイク 入間銃兎 ブレイクマイケース 節見静 暗殺教室 烏間先生 サイコパス 宜野座 転スラ ギィ・クリムゾン ...,0,0
2341,2026/2/1 2:52,OS,oaoxjenwoxo2q,14時間52分,3,43,14.3,0,0,0.048,6.98,0.01,0.22,あと3日,https://detail.chiebukuro.yahoo.co.jp/qa/question_detail/q12324884127,先日、中古でPCを買ったのですが、 ExplorerPatcherが使えないことに違和感を持ちしらべてみると、 OSがWindows 11 pro insider preview Dev というもので...,0,0
2342,2026/2/1 2:52,バイク,安全な人,14時間52分,4,78,19.5,0,5,0.087,5.13,0.02,0.48,あと3日,https://detail.chiebukuro.yahoo.co.jp/qa/question_detail/q11324884126,車名に｢X(エックス)｣が付くモデルは、そのバイクがクロスオーバータイプのモデルであることを意味するのが通常ですよね。 であるにもかかわらず、中華ハーレーの｢X350｣や｢X500｣のスタイリングを見...,0,0
2343,2026/2/1 2:52,地震,1150979566,14時間52分,4,36,9.0,0,0,0.04,11.11,0.0,0.26,あと3日,https://detail.chiebukuro.yahoo.co.jp/qa/question_detail/q10324884125,偽預言者とAIとどちらの方が、地震予知が正しいと思いますか？,0,0
2344,2026/2/1 2:52,アルバイト、フリーター,1251822770,14時間52分,5,51,10.2,0,1,0.057,9.8,0.01,0.37,あと3日,https://detail.chiebukuro.yahoo.co.jp/qa/question_detail/q14324884124,至急、バイトの辞め方教えてください。 1か月前に入ったばかりのバイトをやめようか迷ってます。 理由は、志望する進路が変わって両立が難しそうだからです。 次高３で、面接の時にもちろん進路のこと聞かれたの...,0,0
2345,2026/2/1 2:52,トレーニング,1153154304,14時間52分,2,27,13.5,0,0,0.03,7.41,0.0,0.14,不明,https://detail.chiebukuro.yahoo.co.jp/qa/question_detail/q13324884123,腹筋と体幹トレやるならどっちがいいと思いますか？ちなみにもちろん他の部位の筋トレは今やってます。,0,0
2346,2026/2/1 2:51,哲学、倫理,またぎ師,14時間53分,6,58,9.7,0,21,0.065,10.34,0.01,1.1,あと3日,https://detail.chiebukuro.yahoo.co.jp/qa/question_detail/q12324884122,中道改革連合は、首の据わらない赤ちゃんだといえば、至らないところがあっても、国民が投票をしてくれると思ったのでしょうか。,0,0
2347,2026/2/1 2:51,職場の悩み,非公開,14時間53分,1,28,28.0,0,0,0.031,3.57,0.01,0.09,あと3日,https://detail.chiebukuro.yahoo.co.jp/qa/question_detail/q11324884121,バイトの時間について。 最初に出されたシフトは21:30までだっまのに、いつのまにか勝手に22時までに変更されてました。初めてのことなので少し混乱しているのですが、よくあることなのでしょうか？連絡した...,0,0
2348,2026/2/1 2:51,香水,IDなし,14時間54分,1,2,2.0,0,0,0.002,50.0,0.0,0.06,あと3日,https://detail.chiebukuro.yahoo.co.jp/qa/question_detail/q10324884120,香水について質問です。 the perfume oil factory 22 の匂いに似ているボディミストを探しています！ 価格やこれはこの部分が似てるなども良ければ教えて頂きたいです。,0,0
2349,2026/2/1 2:51,トレーディングカード,1153009179,14時間54分,0,12,12.0,0,0,0.013,0.0,0.0,0.01,あと3日,https://detail.chiebukuro.yahoo.co.jp/qa/question_detail/q14324884119,スポーツカードについて質問です。 2026 Topps Baseball Series 1 のジャンボBOXはサイン確定でしょうか？and表記なのでサインとレリックどちらも確定のようにみえるのですが,0,0
2351,2026/2/1 2:51,自動車,whx********,14時間54分,0,7,7.0,0,0,0.008,0.0,0.0,0.01,あと3日,https://detail.chiebukuro.yahoo.co.jp/qa/question_detail/q11324884116,レクサスRC350用の中間マフラーをrc200tへ物理的に取付することは可能ですか？ 車はどちらも前期とします。,0,0
2352,2026/2/1 2:51,恋愛相談、人間関係の悩み,b8b679398,14時間54分,0,3,3.0,0,0,0.003,0.0,0.0,0.0,あと3日,https://detail.chiebukuro.yahoo.co.jp/qa/question_detail/q10324884115,恋愛トークの雰囲気が苦手です。20代女です。 今年入籍予定の婚約者がいるのですが、職場に結婚報告をしたくないです… 上手く言えないのですが、恥ずかしいからという訳ではなく、昔から恋愛トークの場の空気感...,0,0
2353,2026/2/1 2:51,病気、症状,jetagm3k,14時間54分,2,31,15.5,0,0,0.035,6.45,0.01,0.15,あと3日,https://detail.chiebukuro.yahoo.co.jp/qa/question_detail/q14324884114,てんかんで年に1、２回けいれん発作、月に数回前兆(誰が見ても分からない)発作を起こしてしまうのですが薬剤師にはなれますか？ 薬学部に通っている者ですが今頃思いました。大学の環境がきつすぎるのと勉強が辛...,0,0
2354,2026/2/1 2:51,メンズシューズ,1252073630,14時間54分,1,20,20.0,0,0,0.022,5.0,0.0,0.08,不明,https://detail.chiebukuro.yahoo.co.jp/qa/question_detail/q13324884113,パラディウムの靴ってかっこいいですかね？ 今パラディウムのストレンジャーシングスコラボの靴を買おうか悩んでて買うとしたらどんなコーデを組んだらかっこいいかも教えて欲しいです,0,0
2355,2026/2/1 2:51,子育ての悩み,eis********,14時間54分,2,40,20.0,1,1,0.045,5.0,0.01,0.3,あと3日,https://detail.chiebukuro.yahoo.co.jp/qa/question_detail/q11324884111,子供の発達についてです。 現在11ヶ月男の子を育てています。第一子です。 移動ははいはいで、つかまり立ちまではできてます。がまだグラグラです。 伝い歩きはあまりしたがらないです。伝える環境がソファしか...,0,0
2356,2026/2/1 2:50,病気、症状,菜乃,14時間55分,4,25,6.2,0,1,0.028,16.0,0.0,0.28,あと3日,https://detail.chiebukuro.yahoo.co.jp/qa/question_detail/q10324884110,偏頭痛って病院に行った方がいいものなのでしょうか？ 高校3年生女です。幼少期から偏頭痛がたまにあります。バイトを始めたのですが、それからバイト3回行けばそのうち一回は偏頭痛になってしまうくらいで少し悩...,0,0
2357,2026/2/1 2:50,女性アイドル,rur********,14時間55分,0,21,21.0,0,0,0.023,0.0,0.0,0.02,あと3日,https://detail.chiebukuro.yahoo.co.jp/qa/question_detail/q14324884109,アイドルオタク(できれば乃木坂ファン)の男性の方に質問です. 私は乃木坂のファンで坂道合同オーディションの時から乃木坂一筋のファンです. 私は今年で24歳で今までは乃木坂のメンバーの年齢が同じくらいか...,0,0
2358,2026/2/1 2:50,自転車、サイクリング,axh********,14時間55分,4,43,10.8,0,3,0.048,9.3,0.01,0.37,あと3日,https://detail.chiebukuro.yahoo.co.jp/qa/question_detail/q13324884108,グラベルで前輪後輪サイズ違い（例えばフロント700c✖️40、後輪700c✖️30）で履く恩恵はありますか？,0,0
2359,2026/2/1 2:50,恋愛相談、人間関係の悩み,匿名,14時間55分,0,6,6.0,0,0,0.007,0.0,0.0,0.01,あと3日,https://detail.chiebukuro.yahoo.co.jp/qa/question_detail/q12324884107,大学生の女性に質問 男性と女性は、どちらのほうが好きですか？,0,0
2360,2026/2/1 2:50,プロ野球,吉報師,14時間55分,4,50,12.5,0,5,0.056,8.0,0.01,0.45,あと3日,https://detail.chiebukuro.yahoo.co.jp/qa/question_detail/q11324884106,現行のＦＡ資格獲得年数や球団指導によるポスティングシステムだと、才能溢れるアマチュア選手は、直接メジャー挑戦する人が増えるのではないですか。,0,0
2361,2026/2/1 2:50,特撮,1152946221,14時間55分,1,56,56.0,0,1,0.063,1.79,0.04,0.15,不明,https://detail.chiebukuro.yahoo.co.jp/qa/question_detail/q10324884105,仮面ライダー俳優の要潤さん、賀集利樹さんについて質問です。この2人は番組が終わったあとの共演がほぼないようなのですがどうしてなのでしょうか？また2人は中の良さはどのくらい良いのでしょうか？ まさか不仲...,0,0
2362,2026/2/1 2:50,海外,lub********,14時間55分,4,51,12.8,0,4,0.057,7.84,0.01,0.41,あと3日,https://detail.chiebukuro.yahoo.co.jp/qa/question_detail/q14324884104,パスポート更新の時期なんですが、5年か10年か迷っています。もうすぐアラカンでいつも一人旅。 海外旅行って言っても香港あたりしか行かないですが、最近気力も体力も落ちてきて目もよく見えないし70になって...,0,0
2363,2026/2/1 2:50,恋愛相談,1253112566,14時間55分,2,17,8.5,0,0,0.019,11.76,0.0,0.13,あと3日,https://detail.chiebukuro.yahoo.co.jp/qa/question_detail/q13324884103,親しみやすい爽やかイケメンかクール系イケメンモテるのはどっちがモテますか？,0,0
2364,2026/2/1 2:50,音楽,1150335743,14時間55分,1,16,16.0,0,0,0.018,6.25,0.0,0.07,あと3日,https://detail.chiebukuro.yahoo.co.jp/qa/question_detail/q12324884102,ダンスってリズムに乗って踊るって言うけど、リズムってなんのリズムなのか理解できません。 ドラムとかメトロノームとかそう言うリズム的なことを言ってるのなら理解できます。 幼き頃習い事として無理やりさせら...,0,0
2365,2026/2/1 2:50,恋愛相談、人間関係の悩み,非公開,14時間56分,6,38,6.3,0,0,0.042,15.79,0.0,0.38,あと3日,https://detail.chiebukuro.yahoo.co.jp/qa/question_detail/q11324884101,昭和みたいなイケメン・美女ってなんで現代にはいないんですか？ 最近の人はみんなチャラチャラしてますよね,0,0
2366,2026/2/1 2:50,ゲーム,********,14時間56分,0,10,10.0,0,0,0.011,0.0,0.0,0.01,あと3日,https://detail.chiebukuro.yahoo.co.jp/qa/question_detail/q10324884100,アークナイツエンドフィールドの武器ガチャは無料配布分でどれくらい引けますか？ ガチャの仕様はだいたい把握しており、 ひとまずリセマラでレーヴァテインは確保しました。 せっかくなので餅武器を持たせたいの...,0,0
2367,2026/2/1 2:49,コンタクトレンズ、視力矯正,1252857887,14時間57分,0,2,2.0,0,0,0.002,0.0,0.0,0.0,あと3日,https://detail.chiebukuro.yahoo.co.jp/qa/question_detail/q14324884099,フランミーのアールグレイパフェに似てる1ヶ月のカラコンってありますか？,0,0
2368,2026/2/1 2:49,ゲーム,1052532703,14時間57分,0,6,6.0,0,0,0.007,0.0,0.0,0.01,あと3日,https://detail.chiebukuro.yahoo.co.jp/qa/question_detail/q11324884096,ブロスタでgameoverって書いてあるスプレーが欲しいのですがどうやったら入手できますかね？,0,0
2369,2026/2/1 2:49,携帯型ゲーム全般,dbeksns,14時間57分,1,17,17.0,0,0,0.019,5.88,0.0,0.07,あと3日,https://detail.chiebukuro.yahoo.co.jp/qa/question_detail/q10324884095,モンストのアムネディアのクエストで即死攻撃があるのはどのステージですか？,0,0
2370,2026/2/1 2:49,学校の悩み,c3197c050,14時間57分,9,202,22.4,0,20,0.225,4.46,0.05,1.39,あと3日,https://detail.chiebukuro.yahoo.co.jp/qa/question_detail/q14324884094,もう人生疲れました。消えたい。 高校受験生です。勉強1ミリもしていません。 私は中学が私立で高校から外部に行きます。いじめられて不登校になり高校からは今の学校を出て違う学校に行くと自分で決めました。で...,0,0
2371,2026/2/1 2:49,病気、症状,ぬんざめ,14時間57分,2,38,19.0,0,0,0.042,5.26,0.01,0.15,あと3日,https://detail.chiebukuro.yahoo.co.jp/qa/question_detail/q12324884092,空腹感と満腹感が分かりません。 私は今年中２になる13歳です 先に言っておくと生活面はほぼ家からは出ず学校もあまり行けてない状況です。 そして本題に入りますがいつからかは覚えていないものの最近になり空...,0,0
2372,2026/2/1 2:49,観光地、行楽地,1253105339,14時間57分,1,9,9.0,0,0,0.01,11.11,0.0,0.07,あと3日,https://detail.chiebukuro.yahoo.co.jp/qa/question_detail/q11324884091,あわしまマリンパークについて質問です 3月頃訪れようと思っていますが、混雑はしていると思いますか？ 平日の予定です バス・船の行列はありますか？,0,0
2373,2026/2/1 2:48,一人暮らし、シングルライフ,レモン,14時間58分,5,28,5.6,0,1,0.031,17.86,0.0,0.34,あと3日,https://detail.chiebukuro.yahoo.co.jp/qa/question_detail/q14324884089,最近、孤独も良いなー思っています。 「孤独＝耐えるもの」ではなく「孤独＝味わうもの」。 自分の時間を楽しまれていますか？ 「ひとりの良さ」ってありますよね。 自分を大切にする時間を楽しめているなら、そ...,0,0
2374,2026/2/1 2:48,生き方、人生相談,aabbcc,14時間58分,2,16,8.0,0,0,0.018,12.5,0.0,0.13,あと3日,https://detail.chiebukuro.yahoo.co.jp/qa/question_detail/q13324884088,ヤンキーが喧嘩が強いのは、他人を殴ったり蹴ったりする事に罪悪感を覚えず全力を出せるからであって、筋力やら反射神経やらはあまり関係無いのですか？,0,0
2375,2026/2/1 2:48,ゲーム,あ,14時間58分,0,4,4.0,0,0,0.004,0.0,0.0,0.0,あと3日,https://detail.chiebukuro.yahoo.co.jp/qa/question_detail/q12324884087,新たに乙女ゲーを購入したいのですが、2作品で迷っているためアドバイスお願いします！ ①OVER REQUIEMZ(オバレク) ②レッドベルの慟哭 個人的な好みとしては「鬱展開」「闇堕ち」「ヤンデレ」e...,0,0
2376,2026/2/1 2:48,邦楽,知恵袋盛り上げ隊,14時間58分,11,68,6.2,1,21,0.076,16.18,0.0,1.5,あと3日,https://detail.chiebukuro.yahoo.co.jp/qa/question_detail/q11324884086,燃やす で思い浮かぶ曲は？,0,0
2377,2026/2/1 2:48,薄毛、抜け毛,1252263515,14時間58分,1,16,16.0,0,0,0.018,6.25,0.0,0.07,あと3日,https://detail.chiebukuro.yahoo.co.jp/qa/question_detail/q10324884085,DMMのAGAクリニックが気になっています。 まだ受診すらしてませんが、この場所のは信用出来ますか？ プランはどちらがいいですか？また支払いは一括で支払われるんですか？経験者の方居ましたら教えてくださ...,0,0
2378,2026/2/1 2:48,デンタルケア,c39fbe521,14時間58分,2,21,10.5,0,0,0.023,9.52,0.0,0.13,あと3日,https://detail.chiebukuro.yahoo.co.jp/qa/question_detail/q14324884084,昔神経を取った下の奥歯が1年前の年末に猛烈に痛くなり、歯医者に駆け込んでレントゲンを撮りました 神経の治療をやるには、時間がかかり年末なので出来ないから、年明けに来てくださいと言われて、その後痛く無く...,0,0
2379,2026/2/1 2:48,職場の悩み,1150300552,14時間59分,1,65,65.0,0,0,0.072,1.54,0.05,0.13,あと3日,https://detail.chiebukuro.yahoo.co.jp/qa/question_detail/q13324884083,あまり時間がないので【至急】とさせていただきます。 バイトの後輩についての相談です。 急な連絡(酷い時にはシフトの開始時刻後なども)でバイトを休むことが多い後輩の子がいます。 店長から、「休むこと自体...,0,0
2380,2026/2/1 2:48,友人関係の悩み,1051906297,14時間59分,1,37,37.0,0,0,0.041,2.7,0.02,0.1,あと3日,https://detail.chiebukuro.yahoo.co.jp/qa/question_detail/q12324884082,幼なじみの彼氏が気持ち悪いです。 幼なじみは元々男運がなく、変な男を寄せ付けがちでした。化粧っ気も無く髪も綺麗にせず、しかし服だけは綺麗で可愛く良いものを身に纏うような子でした、本人も男は嫌い、彼氏は...,0,0
2381,2026/2/1 2:48,アニメ,めらみんけーき,14時間59分,1,17,17.0,0,0,0.019,5.88,0.0,0.07,あと3日,https://detail.chiebukuro.yahoo.co.jp/qa/question_detail/q11324884081,昔見たアニメ?のキャラを探しています!! キャラパフェの2016年1月号の付録についてきたDVDの中のアニメで、「ゾンビねこ」みたいな感じのタイトルです。薄紫色の2頭身くらいの猫で、眠そうな糸目で、よ...,0,0
2382,2026/2/1 2:48,デンタルケア,ce711f53,14時間59分,0,5,5.0,0,0,0.006,0.0,0.0,0.01,あと3日,https://detail.chiebukuro.yahoo.co.jp/qa/question_detail/q10324884080,ハビットプロについて質問です。 ハビットプロを毎朝夜使っていただいてる患者様がいるのですが、使用してから段々とステインが多くついてきてしまっていてハビットプロ関係ありますか？ コーヒーやタバコ着色がつ...,0,0
2383,2026/2/1 2:48,お酒、ドリンク,さ,14時間59分,7,35,5.0,0,3,0.039,20.0,0.0,0.53,あと3日,https://detail.chiebukuro.yahoo.co.jp/qa/question_detail/q14324884079,日本酒のおつまみ何がいいですか？,0,0
2384,2026/2/1 2:48,恋愛相談、人間関係の悩み,非公開,14時間59分,0,1,1.0,0,0,0.001,0.0,0.0,0.0,あと3日,https://detail.chiebukuro.yahoo.co.jp/qa/question_detail/q12324884077,ホスト/キャバクラは、人身売買ですか？ レンタルカレカノですか？,0,0
2385,2026/2/1 2:48,ゲーム,1051782598,14時間59分,0,8,8.0,0,0,0.009,0.0,0.0,0.01,あと3日,https://detail.chiebukuro.yahoo.co.jp/qa/question_detail/q11324884076,大至急です。イーフトについての質問です。 フォーメーションの改善点、理由教えてください。,0,0
2386,2026/2/1 2:48,賃貸物件,asi********,14時間59分,0,15,15.0,0,0,0.017,0.0,0.0,0.02,あと3日,https://detail.chiebukuro.yahoo.co.jp/qa/question_detail/q14324884074,賃貸契約について クレカ強制解約のあと、完済してから2年経過しました 5年間は事故情報として記載があるそうですが、 似た状況で賃貸契約の審査通った方いますか？ 現在はクレカ2枚使えてます 年収520万...,0,0
2388,2026/2/1 2:47,アニメ,ooi********,15時間0分,2,40,20.0,0,12,0.044,5.0,0.01,0.55,あと3日,https://detail.chiebukuro.yahoo.co.jp/qa/question_detail/q13324884073,アニメ死亡遊戯で飯を食う の舞台はどこなのでしょうか？,0,0
2389,2026/2/1 2:47,恋愛相談、人間関係の悩み,1053081475,15時間0分,6,103,17.2,1,1,0.114,5.83,0.02,0.59,あと3日,https://detail.chiebukuro.yahoo.co.jp/qa/question_detail/q12324884072,軽いスキンシップはあるけど行為はさせてくれない彼女、あなたなら別れますか？,0,0
2390,2026/2/1 2:47,プレイステーション4,1149872298,15時間0分,2,4,2.0,0,0,0.004,50.0,0.0,0.12,あと3日,https://detail.chiebukuro.yahoo.co.jp/qa/question_detail/q11324884071,PS5を最近買ってAPEXをプレイしているのですが、テレビが120fpsに対応していなくて60fpsでプレイしています。 APEXは60fpsだとアシスト強、120fpsだとアシスト弱に記憶に違いなけ...,0,0
2391,2026/2/1 2:47,クレジットカード,1151268237,15時間0分,1,19,19.0,0,0,0.021,5.26,0.0,0.08,あと3日,https://detail.chiebukuro.yahoo.co.jp/qa/question_detail/q10324884070,コスモザカードオーパスってイオンカードとして使えるんですか？ よくイオンでイオンカードの支払いで5％オフとかやってますけどあれでコスモカード出しても割引きくんですか？ 一応カード裏面にイオンマークはあ...,0,0
2392,2026/2/1 2:47,ゲーム,c5dd3a286,15時間0分,0,6,6.0,0,0,0.007,0.0,0.0,0.01,あと3日,https://detail.chiebukuro.yahoo.co.jp/qa/question_detail/q14324884069,至急です！ パネルミッションで97%理解放しようと言うミッションでやったのにもかかわらず、解放されない理由を教えてください。バグですか？,0,0
2393,2026/2/1 2:47,職場の悩み,1151864100,15時間0分,0,10,10.0,0,0,0.011,0.0,0.0,0.01,あと3日,https://detail.chiebukuro.yahoo.co.jp/qa/question_detail/q13324884068,仕事のことで悩んでいます。 シーリング工で独立して稼ぎたいとは思っていますが、 結局手取りで年収はどれくらいになるのでしょうか？ 25歳です。 転職するなら今だと思ってます。 おすすめの、独立すると稼...,0,0
2394,2026/2/1 2:47,ゲーム,sug********,15時間1分,2,49,24.5,1,0,0.054,4.08,0.01,0.28,あと3日,https://detail.chiebukuro.yahoo.co.jp/qa/question_detail/q12324884067,検索しても出て来ないからAIにも答えられなかったのでここで質問させて下さい。。 小学生の頃にやっていたチョコボの不思議なダンジョンの初代が無性にやりたくなったんですがPSPかPSvitaでプレイ出来ま...,0,0
2395,2026/2/1 2:47,ピアス,1251228477,15時間1分,3,26,8.7,0,0,0.029,11.54,0.0,0.2,あと3日,https://detail.chiebukuro.yahoo.co.jp/qa/question_detail/q11324884066,口ピアス開けたんですけど口ピ開けた10日後に授業で1時間くらい外さないといけなくて塞がっちゃいますか？,0,0
2396,2026/2/1 2:46,絵画,b89d214d7,15時間2分,1,42,42.0,0,1,0.047,2.38,0.02,0.14,あと3日,https://detail.chiebukuro.yahoo.co.jp/qa/question_detail/q10324884065,イラストの色塗りが全然わかりません 約半月前からデジタルでお絵描きを始めたのですが いわゆる厚塗り？のような細かい色遣いが練り込まれた絵をゆくゆくは目指していきたいと考えています ですがいざ実践しよう...,0,0
2397,2026/2/1 2:46,恋愛相談、人間関係の悩み,1053081475,15時間2分,0,23,23.0,0,0,0.025,0.0,0.0,0.03,あと3日,https://detail.chiebukuro.yahoo.co.jp/qa/question_detail/q13324884063,付き合って数ヶ月の彼女にそういうことしない？と言ってみたら先生に言われて怒られました。 なぜ怒られたのか意味が分かりません。一般的にみて全く怒られる内容じゃないですよね？もし彼女が本当に嫌だったのだと...,0,0
2398,2026/2/1 2:46,イヌ,にも,15時間2分,1,10,10.0,0,0,0.011,10.0,0.0,0.07,あと3日,https://detail.chiebukuro.yahoo.co.jp/qa/question_detail/q12324884062,トリマーです。 毛玉もつれとりについてです。 頑固な毛玉もつれ、取りにくい細かい密な毛玉など、バリカンだと限界があったり、ハサミでほぐしブラシをするというのは時間もかかり…なんとか手早く毛玉もつれとり...,0,0
2399,2026/2/1 2:46,おでかけグルメ,nk,15時間2分,2,21,10.5,0,0,0.023,9.52,0.0,0.13,あと3日,https://detail.chiebukuro.yahoo.co.jp/qa/question_detail/q11324884061,東京駅周辺のホテルに泊まる際にラーメンを食べに行きたいのですがおすすめのお店教えてください！ 夜遅くまで営業しているところだと助かります！,0,0
2400,2026/2/1 2:46,動画サービス,1153266792,15時間2分,0,2,2.0,0,0,0.002,0.0,0.0,0.0,あと3日,https://detail.chiebukuro.yahoo.co.jp/qa/question_detail/q10324884060,至急！！ 気になって眠れません！ インスタのリールで探してる動画があります 上に勝者のいない戦い？みたいなのが白い枠で黒い文字でたしか書いてあって、 イラストが動く系(マオメエアニメさんみたいなかんじ...,0,0
2401,2026/2/1 2:46,恋愛相談、人間関係の悩み,坂の上の坂,15時間2分,5,80,16.0,0,0,0.089,6.25,0.01,0.37,あと3日,https://detail.chiebukuro.yahoo.co.jp/qa/question_detail/q14324884059,婚活で「公務員が人気」みたいに言われる理由とは？ ご存知のとおり、公務員は決して高給ではありません。 私は市役所勤務の32歳男性ですが、昨年は残業代入れても年収700万です。 今年も給料が上がりました...,0,0
2402,2026/2/1 2:46,ソフトバンク,らねる,15時間2分,2,12,6.0,1,0,0.013,16.67,0.0,0.23,あと3日,https://detail.chiebukuro.yahoo.co.jp/qa/question_detail/q13324884058,ソフトバンクの新トクスルサポートについてです。 アスファルトに落として筐体が若干欠けてるんですけど、これって破損扱いで追加料金取られますかね？ 取られる場合は返却せずに買い取ろうと思っているのですが。,0,0
2403,2026/2/1 2:46,イベント、フェス,mgh********,15時間2分,2,32,16.0,0,0,0.035,6.25,0.01,0.15,不明,https://detail.chiebukuro.yahoo.co.jp/qa/question_detail/q11324884056,ブレアフェスに行くのですが服装に悩んでます。 フェス自体初めて行くのですがスカートはやめた方がいいでしょうか？モッシュ等あるらしいのですが怖いので後ろの方で大人しく見る予定なのですが また、ヒール靴や...,0,0
2404,2026/2/1 2:46,バラエティ、お笑い,1051830121,15時間2分,2,27,13.5,0,0,0.03,7.41,0.0,0.14,あと3日,https://detail.chiebukuro.yahoo.co.jp/qa/question_detail/q13324884053,とんねるずの細かすぎて伝わらないモノマネのことについての質問です。 昔のやつって、タカさんかノリさんかとかすら覚えてないんですけど誰かが落ちるスイッチを押してましたか？ 押してたとして、僕のうーっすら...,0,0
2405,2026/2/1 2:46,邦楽,知恵袋盛り上げ隊,15時間2分,8,55,6.9,1,9,0.061,14.55,0.0,0.91,あと3日,https://detail.chiebukuro.yahoo.co.jp/qa/question_detail/q12324884052,壊す で思い浮かぶ曲は？,0,0
2406,2026/2/1 2:45,バイク,初心者noob,15時間3分,0,3,3.0,0,0,0.003,0.0,0.0,0.0,あと3日,https://detail.chiebukuro.yahoo.co.jp/qa/question_detail/q10324884050,バイク用インカムJESIMAIK X6SとH6のペアリング方法を教えてください！,0,0
2407,2026/2/1 2:45,法律、消費者問題,グレルリン。,15時間3分,1,14,14.0,0,0,0.015,7.14,0.0,0.07,あと3日,https://detail.chiebukuro.yahoo.co.jp/qa/question_detail/q14324884049,流石にあり得ないと思いますが、いつかSNS(X(Twitter)、Instagram等)は決められた単語を並べて文にするという機能になっていくのでしょうかね？ ポケモンのメールがそうで、初期以外は決め...,0,0
2408,2026/2/1 2:45,Instagram,あげ,15時間3分,1,7,7.0,0,0,0.008,14.29,0.0,0.06,あと3日,https://detail.chiebukuro.yahoo.co.jp/qa/question_detail/q13324884048,インスタグラムで自分をメンションする方法について質問です。 全員からのメンションを許可しているにもかかわらず、自分のストーリーに自分をメンションできません。 対処方法を教えていただけますでしょうか？ ...,0,0
2409,2026/2/1 2:45,アニメ,lD非公開,15時間3分,2,39,19.5,0,0,0.043,5.13,0.01,0.15,あと3日,https://detail.chiebukuro.yahoo.co.jp/qa/question_detail/q12324884047,エロゲとか萌え美少女の絵、90年代のタレ目ばかりだった頃から、今のツリ目（マスピ顔みたいな目）になった転換期って、いつだったんですか？ ㅤ この人が出て、今の顔になってったよねーみたいな印象的な時期と...,0,0
2410,2026/2/1 2:45,パチンコ,b64541d5e,15時間4分,4,81,20.2,0,9,0.09,4.94,0.02,0.61,あと3日,https://detail.chiebukuro.yahoo.co.jp/qa/question_detail/q10324884045,"パチンコ店に掛け持ちしてる人がいると電話で伝えたのですが、よく見たら似た服装の別人であることが分かりました。 ただ電話したあと店員が4,5人ほどその台の前に集まっていて間違えでしたと再び電話する気にな...",0,0
2411,2026/2/1 2:45,ゲーム,a256918b,15時間4分,0,3,3.0,0,0,0.003,0.0,0.0,0.0,あと3日,https://detail.chiebukuro.yahoo.co.jp/qa/question_detail/q13324884043,RPGツクールMZ 練習で適当に文字入れてエンディング作ったんですけど、再生中にクリックすると早送りになるのですが解決方法ってありますか？,0,0
2412,2026/2/1 2:45,恋愛相談、人間関係の悩み,bc6a4e0e2,15時間4分,5,101,20.2,0,0,0.112,4.95,0.02,0.39,あと3日,https://detail.chiebukuro.yahoo.co.jp/qa/question_detail/q12324884042,一年ほど片思いの人がいます。 その人はかっこいいけど、カッコつけたりいきったりする人とは正反対でクラブも夜のお店も行きたいと思わないって男友達に言ってるような人です。 ラブタイプも最後の恋人で、俺イン...,0,0
2413,2026/2/1 2:45,職場の悩み,コアラ,15時間4分,3,28,9.3,0,2,0.031,10.71,0.0,0.26,あと3日,https://detail.chiebukuro.yahoo.co.jp/qa/question_detail/q11324884041,職場で苦手な人に会話で、俺あの人苦手といいますか？,0,0
2414,2026/2/1 2:45,飲食店,1164732735,15時間4分,3,19,6.3,0,0,0.021,15.79,0.0,0.19,あと3日,https://detail.chiebukuro.yahoo.co.jp/qa/question_detail/q10324884040,都内 どちらの回転寿司が美味しいでしょうか？ 金沢まいモン寿司か、おのでらで迷っています！,0,0
2415,2026/2/1 2:44,大学受験,1251492950,15時間5分,2,14,7.0,1,0,0.015,14.29,0.0,0.24,あと3日,https://detail.chiebukuro.yahoo.co.jp/qa/question_detail/q14324884039,関学博士さん 神学部の応募者数昨年よりも増加していますが、予想される素点はどれくらいなのでしょうか？ また関学博士さんはどのようにして推測されているのでしょうか？,0,0
2416,2026/2/1 2:44,携帯型ゲーム全般,名無し,15時間5分,2,26,13.0,0,0,0.029,7.69,0.0,0.14,あと3日,https://detail.chiebukuro.yahoo.co.jp/qa/question_detail/q13324884038,アークナイツ始めたてです。下の画像の手持ちから育てるべきキャラを教えてほしいです。もしくは育てないほうがいいか教えてほしいです。何体かは育ててますがもう少しキャラがほしいなと…。 必要なさそうでしたら...,0,0
2417,2026/2/1 2:44,料理、食材,lD非公開,15時間5分,3,19,6.3,0,1,0.021,15.79,0.0,0.22,あと3日,https://detail.chiebukuro.yahoo.co.jp/qa/question_detail/q12324884037,おすすめの鍋の素教えてください。 カニ鍋に使いたいです。,0,0
2418,2026/2/1 2:44,iPhone,1153179327,15時間5分,1,28,28.0,0,1,0.031,3.57,0.01,0.12,あと3日,https://detail.chiebukuro.yahoo.co.jp/qa/question_detail/q11324884036,写真について質問です。 スマホに入っている写真をUSBに移そうとしているのですがそのUSBのファイルが出てきません、あまり詳しくないので優しく教えていただきたいですm(_ _)m 以下情報↓↓↓ iP...,0,0
2419,2026/2/1 2:44,天文、宇宙,ばりグレープフルーツ,15時間5分,3,75,25.0,0,2,0.083,4.0,0.02,0.31,あと3日,https://detail.chiebukuro.yahoo.co.jp/qa/question_detail/q10324884035,平安時代の天文学者は陰陽師でした。 天文学が占いから科学に変わるとき、IQがついていかなくて挫折した陰陽師は多かったですか？,0,0
2420,2026/2/1 2:44,ローン,はなさあ,15時間5分,1,29,29.0,0,1,0.032,3.45,0.01,0.12,不明,https://detail.chiebukuro.yahoo.co.jp/qa/question_detail/q14324884034,プロミスの返済についてです。 必要最低返済額というのを会員ページ内で確認したのですが、これはこの額をいずれかの方法で支払ったらその月はもう大丈夫ということでしょうか。支払ったら自動でその月はクリアにな...,0,0
2422,2026/2/1 2:44,消費者問題,shinazumi,15時間5分,0,16,16.0,0,0,0.018,0.0,0.0,0.02,あと3日,https://detail.chiebukuro.yahoo.co.jp/qa/question_detail/q12324884032,古本市場に、最近発売されたばかりのプラモデルを売りに行きました。 去年の9月にネットで予約して2個買いましたが、現在金欠なので1個売りに行きました。 査定額があまりにも安く、その理由が外箱に痛みがある...,0,0
2423,2026/2/1 2:44,X（旧Twitter）,kara,15時間5分,1,14,14.0,0,1,0.015,7.14,0.0,0.1,あと3日,https://detail.chiebukuro.yahoo.co.jp/qa/question_detail/q11324884031,Twitterめっちゃ使ってる友達に運営に問い合わせなよ。と言われたのですが運営って電話できたりしますか？,0,0
2424,2026/2/1 2:44,ライブ、コンサート,金欠民,15時間5分,0,5,5.0,0,0,0.006,0.0,0.0,0.01,あと3日,https://detail.chiebukuro.yahoo.co.jp/qa/question_detail/q14324884029,ヒロインズバレンタインに参加する予定なのですが、再入場する時ってドリンク代取られますか？,0,0
2425,2026/2/1 2:44,デンタルケア,川瀬 和孝,15時間5分,2,7,3.5,0,1,0.008,28.57,0.0,0.15,あと3日,https://detail.chiebukuro.yahoo.co.jp/qa/question_detail/q13324884028,上の歯がブリッジでさし歯になっています。 先日、お箸を噛んでしまい前歯が欠けてしまいました。 治療したいのですが、 さし歯を入れて頂いた歯科医院が、 以前住んでいた他府県で、 治療に通うのが困難です。...,0,0
2426,2026/2/1 2:43,ゲームセンター,リアリスト,15時間6分,0,6,6.0,0,0,0.007,0.0,0.0,0.01,あと3日,https://detail.chiebukuro.yahoo.co.jp/qa/question_detail/q12324884027,オレカバトルについて質問です。 ロボ弐式の2リールのかばうをミスに変えたいのですがどうすればいいでしょうか？ 最終的には2リールは上からミス、かばう、ベンケイ立ち×4にしたいです。,0,0
2427,2026/2/1 2:43,iPhone,1152592383,15時間7分,1,4,4.0,0,0,0.004,25.0,0.0,0.06,あと3日,https://detail.chiebukuro.yahoo.co.jp/qa/question_detail/q14324884024,SHEINでiPhoneケースを買おうと思っています。初めて買うので分かんないのですが、実際どうなんでしょうか？見た目は結構好きなのが多くて良いと思うんですけど、しっかりとしてますか？,0,0
2428,2026/2/1 2:43,就職活動,bow********,15時間7分,1,14,14.0,0,0,0.015,7.14,0.0,0.07,あと3日,https://detail.chiebukuro.yahoo.co.jp/qa/question_detail/q10324884025,アルバイト障害者雇用の面接で企業が障害者求人を出していない場合で障害者を雇用している場合一般求人の中から選考となるみたいなのですが一般求人より受かり安いのでしょうか？,0,0
2429,2026/2/1 2:43,邦楽,知恵袋盛り上げ隊,15時間7分,11,53,4.8,1,31,0.058,20.75,0.0,1.8,あと3日,https://detail.chiebukuro.yahoo.co.jp/qa/question_detail/q11324884026,ドリンク で思い浮かぶ曲は？,0,0
2430,2026/2/1 2:43,X（旧Twitter）,ae5c03f7f,15時間7分,0,17,17.0,0,0,0.019,0.0,0.0,0.02,あと3日,https://detail.chiebukuro.yahoo.co.jp/qa/question_detail/q13324884023,短編漫画探しています！ 3-4年前ぐらいにTwitterでバズっていました。 女の子がケーキやチキンを食べて幸せそうにしている。しかし、実は食べているものは生きたまま？の鳥などのゲテモノ。薬の効果(飴...,0,0
2431,2026/2/1 2:43,子育ての悩み,匿名希望,15時間7分,3,32,10.7,0,2,0.035,9.38,0.0,0.27,あと3日,https://detail.chiebukuro.yahoo.co.jp/qa/question_detail/q12324884022,今の、小学校中学校は給食ありますか？ 現在はまだ息子は5歳で幼稚園に通っていて週に2回はお弁当でそれ以外は給食です。 場所によって変わる？とは思いますが皆さんのとこはどんな感じか教えてください。,0,0
2432,2026/2/1 2:43,ヘアケア,家出経験者,15時間7分,3,20,6.7,0,0,0.022,15.0,0.0,0.19,あと3日,https://detail.chiebukuro.yahoo.co.jp/qa/question_detail/q11324884021,白髪について質問です。 個人差はあると思いますが平均的に 40代前半約20％ 40代後半約30～40％ 50代で髪半分 70代で髪全体が白髪になるって本当ですか？,0,0
2433,2026/2/1 2:43,ペット,エリカ,15時間7分,0,1,1.0,0,0,0.001,0.0,0.0,0.0,あと3日,https://detail.chiebukuro.yahoo.co.jp/qa/question_detail/q14324884019,避妊・去勢を実施しない選択をした飼い主に対し、医療者が最も強調すべきフォローアップ戦略は何ですか？,0,0
2434,2026/2/1 2:43,薄毛、抜け毛,めんそれーたむ,15時間7分,2,26,13.0,0,2,0.029,7.69,0.0,0.2,あと3日,https://detail.chiebukuro.yahoo.co.jp/qa/question_detail/q13324884018,自分のつむじなんですけどこれ結構ハゲ来てますか？,0,0
2435,2026/2/1 2:43,退職,wue********,15時間7分,1,19,19.0,0,0,0.021,5.26,0.0,0.08,あと3日,https://detail.chiebukuro.yahoo.co.jp/qa/question_detail/q12324884017,2月に面接5月に入社したいのですが期間は空けすぎでしょうかこれが理由で面接落とされたりします？ また、退職を早めにし4月や3月に入社をすることも出来る可能性があるということを丁寧に伝えるためにはどう伝...,0,0
2436,2026/2/1 2:42,アニメ,1252089227,15時間8分,1,8,8.0,0,0,0.009,12.5,0.0,0.06,あと3日,https://detail.chiebukuro.yahoo.co.jp/qa/question_detail/q11324884016,「俺物語！！」はアニメと実写どっちの方が面白いですか？,0,0
2437,2026/2/1 2:42,恋愛相談、人間関係の悩み,c3402c379,15時間8分,5,61,12.2,0,8,0.067,8.2,0.01,0.61,あと3日,https://detail.chiebukuro.yahoo.co.jp/qa/question_detail/q10324884015,どうやったら好きな人を忘れることができますか。私は好きな人を好きになって6年近く経ちます。中学一年の頃に好きになり初恋です。好きな人は一つ上です。 中学生の時は先輩のことが大好き大好きで仕方がありませ...,0,0
2438,2026/2/1 2:42,ペット,Óðinn,15時間8分,0,1,1.0,0,0,0.001,0.0,0.0,0.0,あと3日,https://detail.chiebukuro.yahoo.co.jp/qa/question_detail/q14324884014,避妊・去勢手術の疫学研究において、「生存者バイアス」が問題となる理由を説明してください。,0,0
2439,2026/2/1 2:42,家族関係の悩み,i.h.s,15時間8分,9,106,11.8,0,8,0.117,8.49,0.01,0.87,あと3日,https://detail.chiebukuro.yahoo.co.jp/qa/question_detail/q13324884013,母からの八つ当たりが酷いです。 高3女です。親の夫婦喧嘩が3日に1回くらいの頻度であり、その度に母から八つ当たりされ、嫌味を言われまくっています。 喧嘩の発端はいつも母です。父は大事の喧嘩にならないよ...,0,0
2440,2026/2/1 2:42,スマホアプリ,非公開,15時間8分,0,2,2.0,0,0,0.002,0.0,0.0,0.0,あと3日,https://detail.chiebukuro.yahoo.co.jp/qa/question_detail/q12324884012,Red bookというアプリについて……コメントが反映されないんですけど原因分かりますか(´；ω；｀),0,0
2442,2026/2/1 2:42,バイク,1253131745,15時間9分,1,45,45.0,0,0,0.05,2.22,0.02,0.1,あと3日,https://detail.chiebukuro.yahoo.co.jp/qa/question_detail/q10324884010,スロージェットが舐めちゃいました撮る方法ないですか？ キャブレタージェットドライバー みたいな奴買った方がいいですか？後煮たり逆タップで取れるって言われたんですけど詳しくわからなくて皆さまに聞きたいで...,0,0
2443,2026/2/1 2:42,洗濯、クリーニング,a22d82aa7,15時間9分,3,17,5.7,0,0,0.019,17.65,0.0,0.18,あと3日,https://detail.chiebukuro.yahoo.co.jp/qa/question_detail/q13324884008,洗濯洗剤なに使ってますか？,0,0
2444,2026/2/1 2:42,韓国・朝鮮語,非公開,15時間9分,1,6,6.0,0,0,0.007,16.67,0.0,0.06,あと3日,https://detail.chiebukuro.yahoo.co.jp/qa/question_detail/q14324884009,タメ口で、〜よりも硬いの？ってなんて書くんですか？、,0,0
2445,2026/2/1 2:42,カフェ、喫茶,1150144224,15時間9分,1,22,22.0,0,0,0.024,4.55,0.01,0.08,あと3日,https://detail.chiebukuro.yahoo.co.jp/qa/question_detail/q10324884005,【至急】 スタバ店員さん教えてください。 ほうじ茶クラシックティーラテは、ほうじ茶パウダー多めできますか？,0,0
2446,2026/2/1 2:42,ゲーム,b4c90279b,15時間9分,1,20,20.0,0,1,0.022,5.0,0.0,0.11,あと3日,https://detail.chiebukuro.yahoo.co.jp/qa/question_detail/q11324884006,エンドフィールドの武陵で設備置こうとしてもこの画面か出るんですけどどうすれば設置できますか？,0,0
2447,2026/2/1 2:42,ペット,自演乙むつみ,15時間9分,0,1,1.0,0,0,0.001,0.0,0.0,0.0,あと3日,https://detail.chiebukuro.yahoo.co.jp/qa/question_detail/q14324884004,去勢後の雄犬で、前立腺縮小が不十分な場合に考慮すべき病態は何ですか？,0,0
2448,2026/2/1 2:42,数学,what J mean？,15時間9分,4,15,3.8,0,0,0.016,26.67,0.0,0.24,あと3日,https://detail.chiebukuro.yahoo.co.jp/qa/question_detail/q13324884003,固有ベクトルで 模範解答のもの ×-1したものになりました。 これって問題ないですか？ 間違いですかね？,0,0
2449,2026/2/1 2:42,スマホアプリ,匿名,15時間9分,0,3,3.0,0,0,0.003,0.0,0.0,0.0,あと3日,https://detail.chiebukuro.yahoo.co.jp/qa/question_detail/q12324884002,『Mobile V Editor』について スマホ版のVOCALOIDアプリ『Mobile V Editor』についての質問です。 音を打ち込んだ後、CP AREAにてVOCALOIDの調声(BRIや...,0,0
2450,2026/2/1 2:41,恋愛相談、人間関係の悩み,1152808926,15時間10分,3,41,13.7,0,0,0.045,7.32,0.01,0.21,あと3日,https://detail.chiebukuro.yahoo.co.jp/qa/question_detail/q11324884001,元彼と復縁したいです。 4日前くらいに彼氏に振られました理由は優先順位が私より友達が多くてそれを話し合ったのに治らなくて、また言ったら直せないや無理だごめんと言われ別れ話を切り出されました他に、合わな...,0,0
2451,2026/2/1 2:41,ペット,エリカ,15時間10分,2,0,0.0,0,0,0.0,0.0,0.0,0.11,あと3日,https://detail.chiebukuro.yahoo.co.jp/qa/question_detail/q10324884000,避妊・去勢が犬の腸内細菌叢に与える影響は示唆されていますか？,0,0
2452,2026/2/1 2:41,リズム、音楽ゲーム,ぽに,15時間10分,1,21,21.0,0,0,0.023,4.76,0.0,0.08,あと3日,https://detail.chiebukuro.yahoo.co.jp/qa/question_detail/q14324883999,プロセカ 限定のセレクトリストガチャって今のところは周年でしか来ていないんでしたっけ？ハフバやその他のタイミングでは来ていないですか？,0,0
2453,2026/2/1 2:41,生き方、人生相談,1252127540,15時間10分,5,99,19.8,0,9,0.109,5.05,0.02,0.68,あと3日,https://detail.chiebukuro.yahoo.co.jp/qa/question_detail/q13324883998,58歳独身子なし、持ち家マンションローンなし、現在貯金8700万、年金65歳から月10万、固定資産税が毎年9万、管理費、修繕積立金が毎月3万食費4万、光熱費はスマホ、 ネット代込みで2万を少し超す位で...,0,0
2454,2026/2/1 2:41,Y!mobile,Lsty,15時間10分,2,30,15.0,1,3,0.033,6.67,0.0,0.35,あと3日,https://detail.chiebukuro.yahoo.co.jp/qa/question_detail/q10324883995,ワイモバイルでiPhoneを買って即解約を繰り返したらブラックリストになりますが、それが解除されまた契約できるまでに何年かかりますか？,0,0
2455,2026/2/1 2:41,デジタル一眼レフ,1052565949,15時間10分,1,37,37.0,1,0,0.041,2.7,0.02,0.21,あと3日,https://detail.chiebukuro.yahoo.co.jp/qa/question_detail/q14324883994,FUJIFILM X-T5を注文し届くの待ちです。 設定を変えられてフィルムシュミレーションなどで色味を好みに変えられると聞きました。 好きな写真を撮る方のような色味にしたいと思っているのですが、FU...,0,0
2456,2026/2/1 2:41,携帯型ゲーム全般,1152943005,15時間10分,0,11,11.0,0,0,0.012,0.0,0.0,0.01,あと3日,https://detail.chiebukuro.yahoo.co.jp/qa/question_detail/q12324883992,まどドラについてです。無料ガチャにて織莉子を4凸しため、織莉子を中心に編成を組みたいです。ただキャラの相性がわからないので、どのような編成にしたらいいか教えてください。 また、余裕があればキャンペーン...,0,0
2457,2026/2/1 2:41,ドラマ,ばりグレープフルーツ,15時間11分,0,6,6.0,0,0,0.007,0.0,0.0,0.01,あと3日,https://detail.chiebukuro.yahoo.co.jp/qa/question_detail/q13324883993,俺達の旅世代の女性にうかがいます。 俺達の旅て、女性にとってはたいしたドラマではないんですか？ 男性ばかりが引きつけられていたように見えるんですが。,0,0
2458,2026/2/1 2:41,一般教養,1153056606,15時間11分,3,21,7.0,0,2,0.023,14.29,0.0,0.25,あと3日,https://detail.chiebukuro.yahoo.co.jp/qa/question_detail/q11324883991,世界で危険な国はどこですか？,0,0
2459,2026/2/1 2:41,大学受験,非公開,15時間11分,5,60,12.0,0,1,0.066,8.33,0.01,0.37,あと3日,https://detail.chiebukuro.yahoo.co.jp/qa/question_detail/q10324883990,1浪中の者です。 もうどうしたらいいかわかりません。 あと何個か入試は残っているのですが全受からないしすでに受けたものも落ちてしまっています。 絶対受かるつもりで受けた大学も落ちてしまってこれからどう...,0,0
2460,2026/2/1 2:41,タブレット端末,匿名,15時間11分,0,3,3.0,0,0,0.003,0.0,0.0,0.0,あと3日,https://detail.chiebukuro.yahoo.co.jp/qa/question_detail/q14324883989,急ぎでお願いします。 学校のチームスのファイル？に直接書き込んで勉強したいのですが、1度間違ってそのまま書いたら最後の編集者みたいなのが自分の名前になってしまいとても恥ずかしかったです。名前を変えない...,0,0
2461,2026/2/1 2:41,タブレット端末,atg********,15時間11分,1,12,12.0,0,0,0.013,8.33,0.0,0.07,あと3日,https://detail.chiebukuro.yahoo.co.jp/qa/question_detail/q13324883988,iPadをApple Storeで下取りに出しましたが、中身はもちろん初期化されますよね。 自分の情報残ったまま他人に渡ったら嫌だな、とふと思いました。,0,0
2462,2026/2/1 2:41,ペット,エリカ,15時間11分,0,1,1.0,0,0,0.001,0.0,0.0,0.0,あと3日,https://detail.chiebukuro.yahoo.co.jp/qa/question_detail/q12324883987,避妊・去勢後の犬で、血圧測定値が変動しやすくなる要因を説明してください。,0,0
2463,2026/2/1 2:40,政治、社会問題,c95174b44,15時間12分,9,110,12.2,1,7,0.121,8.18,0.01,0.95,あと3日,https://detail.chiebukuro.yahoo.co.jp/qa/question_detail/q11324883986,もっと生活保護上げろよって思いません？ なんか腹立ちます,0,0
2464,2026/2/1 2:40,観光地、行楽地,めんどくさい人,15時間12分,8,116,14.5,0,9,0.127,6.9,0.02,0.86,不明,https://detail.chiebukuro.yahoo.co.jp/qa/question_detail/q10324883985,神宮について教えてください。 伊勢神宮、熱田神宮、明治神宮、鹿島神宮以外に思いうかびません。他にありましたら名前を教えてください。,0,0
2465,2026/2/1 2:40,ペット,エリカ,15時間12分,0,1,1.0,0,0,0.001,0.0,0.0,0.0,あと3日,https://detail.chiebukuro.yahoo.co.jp/qa/question_detail/q13324883983,高齢未避妊雌犬で、子宮蓄膿症と腫瘍性疾患の鑑別が困難な理由は何でしょうか？,0,0
2466,2026/2/1 2:40,ライブ、コンサート,非公開,15時間12分,1,52,52.0,0,0,0.057,1.92,0.03,0.11,あと3日,https://detail.chiebukuro.yahoo.co.jp/qa/question_detail/q14324883984,にじさんじのライブってmcはどんくらいあるんですか？東京公演は見たんですけど本来もっとあるんですか？,0,0
2467,2026/2/1 2:40,恋愛相談、人間関係の悩み,あにょはせよ。,15時間12分,4,45,11.2,0,5,0.049,8.89,0.01,0.43,あと3日,https://detail.chiebukuro.yahoo.co.jp/qa/question_detail/q12324883982,恋の相談に乗ってください。。。 僕はフィリピン留学にて先生に恋をしました。 人生初めての恋煩いで苦しかったですねー。 最初は普通の先生だと思っていませんでしたが、だんだんお話していくにつれて謎の可愛ら...,0,0
2468,2026/2/1 2:40,恋愛相談、人間関係の悩み,a2092e8c7,15時間12分,1,12,12.0,0,0,0.013,8.33,0.0,0.07,あと3日,https://detail.chiebukuro.yahoo.co.jp/qa/question_detail/q11324883981,10.20.30.40代位で幅広い年齢の中で、 インスタは入れてるけどフォロワーは居ないとか LINE友達ほぼ身内、家族のみ。 って人とか世の中居ますかね、、、 自分は20代ですがインスタは趣味の閲覧...,0,0
2469,2026/2/1 2:40,クレジットカード,1150461163,15時間12分,1,12,12.0,0,0,0.013,8.33,0.0,0.07,あと3日,https://detail.chiebukuro.yahoo.co.jp/qa/question_detail/q10324883980,ネットショッピングなどでクレジットカード番号を間違えて入力するとエラーになると思いますが、あれってチェックデジットを計算してチェックしてるのか？ それともカード番号がこの世に存在してる（カード番号と有...,0,0
2470,2026/2/1 2:40,アニメ,1150004164,15時間12分,1,14,14.0,0,0,0.015,7.14,0.0,0.07,あと3日,https://detail.chiebukuro.yahoo.co.jp/qa/question_detail/q14324883979,キュアアルカナシャドウのグッズが欲しいんですが、バンダイのそういうプリキュアグッズってどこで売ってるものなんですか？ ぬいぐるみってプリキュアプリティストアオンラインで買えますか？過去の経験から教えて...,0,0
2471,2026/2/1 2:40,新築一戸建て,cbc8fec53,15時間12分,7,68,9.7,0,1,0.074,10.29,0.01,0.49,あと3日,https://detail.chiebukuro.yahoo.co.jp/qa/question_detail/q13324883978,家を建てるなら鉄骨と木造どちら選びますか,0,0
2472,2026/2/1 2:40,家電、AV機器,c59e15c0e,15時間13分,2,29,14.5,0,0,0.032,6.9,0.0,0.14,あと3日,https://detail.chiebukuro.yahoo.co.jp/qa/question_detail/q12324883977,急募です！！！！！！ 朝に充電出来ないことに気づいて棚を退かしてコンセントを抜いてみたのですが変色して溶けています。 匂いもちょっと焦げ臭いです。 そしてとにかく抜けないです。 コンセント付近は壁の変...,0,0
2473,2026/2/1 2:40,恋愛相談、人間関係の悩み,mat********,15時間13分,2,27,13.5,0,0,0.03,7.41,0.0,0.14,あと3日,https://detail.chiebukuro.yahoo.co.jp/qa/question_detail/q11324883976,彼女への手紙について。 お互い社会人で付き合って1ヶ月ちょっとの彼女がいます。 僕の誕生日が来週で、その際にご飯の予約とかプレゼントの用意してくれてるみたいです。 クリスマスのプレゼント交換で僕が手紙...,0,0
2474,2026/2/1 2:40,就職活動,xbt********,15時間13分,1,12,12.0,0,0,0.013,8.33,0.0,0.07,あと3日,https://detail.chiebukuro.yahoo.co.jp/qa/question_detail/q14324883974,電源開発株式会社(J-POWER)は大手企業の括りに入りますか？,0,0
2475,2026/2/1 2:40,病気、症状,非公開,15時間13分,4,62,15.5,1,1,0.068,6.45,0.01,0.43,あと3日,https://detail.chiebukuro.yahoo.co.jp/qa/question_detail/q13324883973,過敏性腸症候群ガス型について。 何故ここでは屁を絶対にこいてはいけないという状況になると10分に1回のペースで屁が出るんでしょうか。 呑気症なのかなと一時思ってましたが顎の力抜いて噛み締めてなくても口...,0,0
2476,2026/2/1 2:40,料理、食材,1150575668,15時間13分,2,19,9.5,0,1,0.021,10.53,0.0,0.16,あと3日,https://detail.chiebukuro.yahoo.co.jp/qa/question_detail/q12324883972,今日カレーを作ったのですが、焦がしてしまい、焦って鍋底を擦ったところ焦げカスがカレー全体に広がってしまい黒い焦げのカスが粒々カレーにある状態です。 さっき試しに食べたのですが、だいぶ苦くなっていてまし...,0,0
2477,2026/2/1 2:40,ペット,Óðinn,15時間13分,2,0,0.0,0,0,0.0,0.0,0.0,0.11,あと3日,https://detail.chiebukuro.yahoo.co.jp/qa/question_detail/q11324883971,避妊・去勢が犬の皮膚バリア機能に影響を与える可能性はありますか？,0,0
2478,2026/2/1 2:39,観光,1153056606,15時間14分,1,5,5.0,0,2,0.005,20.0,0.0,0.13,あと3日,https://detail.chiebukuro.yahoo.co.jp/qa/question_detail/q10324883970,ハルマヘラ島は観光が出来ないですか？,0,0
2479,2026/2/1 2:39,デジタル一眼レフ,b115681b6,15時間14分,3,27,9.0,0,0,0.03,11.11,0.0,0.19,あと3日,https://detail.chiebukuro.yahoo.co.jp/qa/question_detail/q14324883969,CONTEMPORARY 150–600mm F5–6.3 DG OS HSM これにアダプターなしでつけれるCanonのカメラを探しています。バッテリーグリップもついている中古で最大6万で考えてます...,0,0
2480,2026/2/1 2:39,自動車,匿名です,15時間14分,6,36,6.0,0,1,0.039,16.67,0.0,0.4,あと3日,https://detail.chiebukuro.yahoo.co.jp/qa/question_detail/q13324883968,最近は減りましたがたまに街中でフルスモーク車やシャコタン車をたまに見かけますが、見かけた時みなさんはどう思います？,0,0
2481,2026/2/1 2:39,ペット,自演乙むつみ,15時間14分,0,2,2.0,0,0,0.002,0.0,0.0,0.0,あと3日,https://detail.chiebukuro.yahoo.co.jp/qa/question_detail/q12324883967,去勢未実施雄犬において、前立腺疾患と尿路感染が併発しやすい理由を説明してください。,0,0
2482,2026/2/1 2:39,ゲーム,b5dd24c5c,15時間14分,1,16,16.0,0,0,0.017,6.25,0.0,0.07,あと3日,https://detail.chiebukuro.yahoo.co.jp/qa/question_detail/q11324883966,家の中ではSwitch有機ELでプレイしてるデータを持ち運びのときはSwitchライトでプレイ、みたいなことってできないですか？ できないことはないけどセーブデータが共有されないというのを見ました ど...,0,0
2483,2026/2/1 2:39,YouTube,非公開,15時間14分,0,7,7.0,0,0,0.008,0.0,0.0,0.01,あと3日,https://detail.chiebukuro.yahoo.co.jp/qa/question_detail/q10324883965,このYOUTUBEｃｈどこ？,0,0
2484,2026/2/1 2:39,電子マネー、電子決済,K*******,15時間14分,0,8,8.0,0,0,0.009,0.0,0.0,0.01,あと3日,https://detail.chiebukuro.yahoo.co.jp/qa/question_detail/q14324883964,YouTubeメンバーシップの支払い方法の変更について。 今まではAppleアカウントの残高でメンシプを支払っていたのですが先月(1月分)メンシプ更新日の2日前ほどにYouTubeプレミアムを契約しま...,0,0
2485,2026/2/1 2:39,生き方、人生相談,tob********,15時間14分,7,107,15.3,0,0,0.117,6.54,0.02,0.5,あと3日,https://detail.chiebukuro.yahoo.co.jp/qa/question_detail/q13324883963,26歳で自立できない自分に焦りを感じています。恥ずかしながら、自立の仕方がわかりません。どうすればいいのでしょうか。 (ほぼ悩みを言語化して気持ちを整理したい目的なので読みにくいです。申し訳ありません...,0,0
2486,2026/2/1 2:39,インターネット接続,idc********,15時間15分,2,34,17.0,0,1,0.037,5.88,0.01,0.18,あと3日,https://detail.chiebukuro.yahoo.co.jp/qa/question_detail/q12324883962,インターネット回線について質問です。 自分はオンラインゲームをしてるのですが、 一階にルーターとモデムがあり、2階にpcがあり無線にてプレイしていました。回線速度をwebで測ると、120Mbpsが平均...,0,0
2487,2026/2/1 2:39,コミック,1250392009,15時間15分,0,6,6.0,0,0,0.007,0.0,0.0,0.01,あと3日,https://detail.chiebukuro.yahoo.co.jp/qa/question_detail/q11324883961,"有識者求む! ""亜童""と言う漫画が気になってるのですが、 完結してるのでしょうか? Google検索だと完結してると書いているのですが、 ヤンマガWebではパッと見連載中に見えるのですが… また、漫画...",0,0
2488,2026/2/1 2:38,ニュース、事件,pin********,15時間16分,3,30,10.0,0,0,0.033,10.0,0.0,0.2,あと3日,https://detail.chiebukuro.yahoo.co.jp/qa/question_detail/q10324883960,中道の政策は公明に寄ったので公明支持者は投票することに矛盾はない。というヤフコメですが、そうでしょうか？ 立憲から中道の政策を心底から受け入れて考えを改めた議員がどれだけ居るかと言えば、多くは無いでし...,0,0
2489,2026/2/1 2:38,バス、タクシー,1050876206,15時間16分,3,27,9.0,0,2,0.029,11.11,0.0,0.26,あと3日,https://detail.chiebukuro.yahoo.co.jp/qa/question_detail/q14324883959,4月に夜行バスLIMON 004便で大阪(天王寺発)▶︎東京に彼氏と行く予定です。 初めて県外に出るのと、初めての夜行バス移動です。 ①座席の指定が出来ませんでしたが離れ離れの席になる事はあるのでしょ...,0,0
2490,2026/2/1 2:38,ペット,チヌマ エリカ,15時間16分,1,5,5.0,0,0,0.005,20.0,0.0,0.06,あと3日,https://detail.chiebukuro.yahoo.co.jp/qa/question_detail/q13324883958,避妊手術後に発情様徴候が見られないにもかかわらず、乳腺が反応する症例では何を疑いますか？,0,0
2491,2026/2/1 2:38,一人暮らし、シングルライフ,レモン,15時間16分,4,20,5.0,0,0,0.022,20.0,0.0,0.24,あと3日,https://detail.chiebukuro.yahoo.co.jp/qa/question_detail/q12324883957,ネットの人たちは寂しがりなのでしょうか？ 運命なら仕方ない、孤独と上手に付き合った方が楽しくて良いとか。 親もいないし中年で独身なんですが。 ネットで「40代・50代独身の孤独」についての記事やスレッ...,0,0
2492,2026/2/1 2:38,鉄道、列車、駅,1051822891,15時間16分,8,77,9.6,0,8,0.084,10.39,0.01,0.78,あと3日,https://detail.chiebukuro.yahoo.co.jp/qa/question_detail/q11324883956,ATSがあれば列車同士の衝突事故は絶対に起こらないですか? ATSやブレーキが故障した場合は別だと思いますが。京福電気鉄道の事故は平成12年に起こったと聞いて驚きました。こんな事故が平成でも起こるのか...,0,0
2493,2026/2/1 2:38,カフェ、喫茶,1152350955,15時間16分,0,8,8.0,0,0,0.009,0.0,0.0,0.01,あと3日,https://detail.chiebukuro.yahoo.co.jp/qa/question_detail/q10324883955,あっとほぉーむカフェのお絵描きラテについてです。 あまりコーヒー系が好きではないのですが、ラテのコーヒー（カフェイン？）を抜いてもらうことは可能でしょうか？ 他のオレンジジュースやカルピス等の存在は知...,0,0
2494,2026/2/1 2:38,生理,1152956877,15時間16分,1,15,15.0,0,0,0.016,6.67,0.0,0.07,あと3日,https://detail.chiebukuro.yahoo.co.jp/qa/question_detail/q14324883954,ピルの休薬期間を誤って、2週間とってしまいました。 フリウェルモチダldを使っています。 1/19（2週間前）からまた飲み始めて、1/27（1週間前くらい）から出血が止まりません。 量は多くもなく、ほ...,0,0
2495,2026/2/1 2:38,学校の悩み,非公開,15時間16分,3,39,13.0,0,0,0.043,7.69,0.01,0.21,あと3日,https://detail.chiebukuro.yahoo.co.jp/qa/question_detail/q13324883953,高一です 至急です 全日制高校から通信制に転入しようか迷っています 通信制はこんなんだから〜とかは求めてないです 最初は楽しくて人間関係も上手くいってたのですが悪くなっていって検定などでみんなは出来て...,0,0
2496,2026/2/1 2:38,ペット,ち沼真一,15時間16分,1,4,4.0,0,0,0.004,25.0,0.0,0.06,あと3日,https://detail.chiebukuro.yahoo.co.jp/qa/question_detail/q12324883952,避妊・去勢手術において、術中の疼痛管理が術後回復に与える影響を説明してください。,0,0
2497,2026/2/1 2:38,家具、インテリア,1153056606,15時間16分,1,15,15.0,0,2,0.016,6.67,0.0,0.14,あと3日,https://detail.chiebukuro.yahoo.co.jp/qa/question_detail/q11324883951,オール電化の寿命はどのくらいですか？,0,0
2498,2026/2/1 2:38,恋愛相談、人間関係の悩み,xai********,15時間16分,0,4,4.0,0,0,0.004,0.0,0.0,0.0,あと3日,https://detail.chiebukuro.yahoo.co.jp/qa/question_detail/q10324883950,enfjってどういう時に嘘をつきますか？,0,0
2499,2026/2/1 2:38,邦楽,知恵袋盛り上げ隊,15時間16分,14,58,4.1,1,24,0.063,24.14,0.0,1.72,あと3日,https://detail.chiebukuro.yahoo.co.jp/qa/question_detail/q14324883949,翼 で思い浮かぶ曲は？,0,0
2500,2026/2/1 2:37,大学受験,kaw********,15時間18分,0,99,99.0,1,0,0.108,0.0,0.0,0.22,あと3日,https://detail.chiebukuro.yahoo.co.jp/qa/question_detail/q13324883948,私の父は熊本県の玉名高校の卒業生です。ですので、自宅に玉名高校の記念誌がありました。 進学実績の欄を見ると、九州の郡部（福岡県と他県の県庁所在地以外）の高校で国公立大学合格者数が初めて１５０名、２００...,0,0
2501,2026/2/1 2:37,格闘技、武術全般,1052181331,15時間18分,1,23,23.0,0,0,0.025,4.35,0.01,0.08,あと3日,https://detail.chiebukuro.yahoo.co.jp/qa/question_detail/q12324883947,こういうヌンチャクはどこで買えますか？,0,0
2502,2026/2/1 2:37,俳優、女優,151864214,15時間18分,7,112,16.0,0,0,0.122,6.25,0.02,0.5,あと3日,https://detail.chiebukuro.yahoo.co.jp/qa/question_detail/q11324883946,この美人は、女子プロですか？女優ですか？,0,0
2503,2026/2/1 2:37,大学受験,1152712839,15時間18分,0,5,5.0,0,0,0.005,0.0,0.0,0.01,あと3日,https://detail.chiebukuro.yahoo.co.jp/qa/question_detail/q10324883945,慶應経済の英語I〜III75%（27/36）は英語単体の出来としてはどうですか,0,0
2504,2026/2/1 2:37,政治、社会問題,nan********,15時間18分,2,46,23.0,0,2,0.05,4.35,0.01,0.22,あと3日,https://detail.chiebukuro.yahoo.co.jp/qa/question_detail/q14324883944,円安の進行は、日本の経済が弱すぎる、ガタガタな証拠？,0,0
2505,2026/2/1 2:37,恋愛相談、人間関係の悩み,1252280060,15時間18分,5,84,16.8,0,0,0.091,5.95,0.02,0.36,あと3日,https://detail.chiebukuro.yahoo.co.jp/qa/question_detail/q13324883943,彼女に浮気された挙句逆ギレ？されました。 今高校生です。 今日発覚したことがきっかけではあるのですがもともと、彼女は浮気性で1ヶ月ほど前も元カレと毎日電話をしていたりなんだりと一回別れようとなったんで...,0,0
2506,2026/2/1 2:37,生理,15846765ajm,15時間18分,2,54,27.0,0,0,0.059,3.7,0.02,0.17,あと3日,https://detail.chiebukuro.yahoo.co.jp/qa/question_detail/q12324883942,高二です。冬休みから勉強に本腰を入れて最低３〜４時間はしていくと決めたのに生理前の怠さと疲れでここ1週間全く勉強していません。それに生理が中々きません。なにか解決策はありますか？ 一応英単語や英文法を...,0,0
2507,2026/2/1 2:37,ヘアスタイル,あーあ,15時間18分,0,4,4.0,0,0,0.004,0.0,0.0,0.0,あと3日,https://detail.chiebukuro.yahoo.co.jp/qa/question_detail/q11324883941,軟毛です。センターパートでLIPPSのマットハードワックスを使っているのですが引っ掛かりがあり、時間が経つと重さで髪がヘタれます。 調べると油分が少ないクリームタイプのワックスがおすすめと聞いたのです...,0,0
2508,2026/2/1 2:37,イヌ,エリカ,15時間18分,1,10,10.0,0,0,0.011,10.0,0.0,0.07,あと3日,https://detail.chiebukuro.yahoo.co.jp/qa/question_detail/q10324883940,「自然のまま飼う」ことと「不妊手術をする」ことの違いを、健康面からどう考えればよいのでしょうか？,0,0
2509,2026/2/1 2:37,職場の悩み,1150487440,15時間18分,2,7,3.5,0,0,0.008,28.57,0.0,0.12,あと3日,https://detail.chiebukuro.yahoo.co.jp/qa/question_detail/q14324883939,アルバイトについて質問です。 私は居酒屋でアルバイトをしたのですが、8時間勤務したのに休憩が15分（１回だけ、休憩がない時もありました）そして、ミスしてしまった時に「お前は馬鹿か？」と言い殴る動作をし...,0,0
2510,2026/2/1 2:37,外国映画,非公開,15時間18分,1,11,11.0,0,1,0.012,9.09,0.0,0.1,あと3日,https://detail.chiebukuro.yahoo.co.jp/qa/question_detail/q13324883938,映画プラットフォームについて 今Amazonプライムで観ているのですが、33層に来て犬が出てきました。 もしかしてこの犬は酷い目に遭いますか...? 死んじゃったり、しませんよね.? そうなら観るの辞...,0,0
2511,2026/2/1 2:36,恋愛相談、人間関係の悩み,非公開,15時間19分,12,198,16.5,0,9,0.215,6.06,0.04,1.16,あと3日,https://detail.chiebukuro.yahoo.co.jp/qa/question_detail/q12324883937,少し前になりますが、妊娠して中絶しました。 私も彼もどちらも大学生で、当時は経済的面、就活中な事、それ故に中絶を決意しました。 しかし、中絶した日に別れを告げられ、泣きながら親や親友に全て電話していた...,0,0
2512,2026/2/1 2:36,鉄道、列車、駅,匿名希望,15時間19分,4,90,22.5,0,14,0.098,4.44,0.02,0.77,あと3日,https://detail.chiebukuro.yahoo.co.jp/qa/question_detail/q11324883936,鹿児島本線はなぜあんなに不便な路線なのですか？ ダイヤパターンも次列車20分待ったと思ったら8分後に来るとかバラバラで覚えにくい。人手不足人口減で本数少なくするはわかるけどせめて1利用者の多い福間〜二...,0,0
2513,2026/2/1 2:36,鉄道、列車、駅,w*********,15時間19分,4,51,12.8,0,14,0.055,7.84,0.01,0.73,あと3日,https://detail.chiebukuro.yahoo.co.jp/qa/question_detail/q10324883935,東北新幹線で東京駅に、パークハイアット東京まで行きます。 大学生で東京は初めて。 両親と一緒に行けたら良かったのですが、現在別の場所に住んでいて現地まで1人です。 東京駅を降りたら中央線に乗り換えると...,0,0
2514,2026/2/1 2:36,アルバイト、フリーター,a3bfdb087,15時間20分,0,12,12.0,0,0,0.013,0.0,0.0,0.01,あと3日,https://detail.chiebukuro.yahoo.co.jp/qa/question_detail/q14324883934,僕は現在高校1年生の者です。実は最近お金の消費が激しく、親に月に一度貰うお小遣いだけではかなり厳しくなってきています。 だからといって、これ以上お小遣いを増やすのは親にも迷惑がかかるのでそうしたくあり...,0,0
2515,2026/2/1 2:36,ブログサービス,GasolineRvjoAG,15時間20分,0,15,15.0,0,0,0.016,0.0,0.0,0.02,あと3日,https://detail.chiebukuro.yahoo.co.jp/qa/question_detail/q13324883933,最近の知恵袋のユーザーネームについて。 最近少し怪しいユーザーネームをやたら見かけませんか？ 自称、例として、心のケア相談室 心理カウンセラー、などその他多数。それらの当たり障りない回答でうーんという...,0,0
2516,2026/2/1 2:36,不動産,1051783270,15時間20分,1,18,18.0,0,0,0.02,5.56,0.0,0.07,あと3日,https://detail.chiebukuro.yahoo.co.jp/qa/question_detail/q12324883932,不動産・契約前の家の合鍵の在処について質問です。 この前アパートに内見に行った際、不動産屋が水道管などのメーターがあるところをカパっと開けてそこから鍵を取り出していたのですが、あれってセキュリティガバ...,0,0
2517,2026/2/1 2:36,冷蔵庫、キッチン家電,1153056606,15時間20分,4,11,2.8,0,4,0.012,36.36,0.0,0.36,あと3日,https://detail.chiebukuro.yahoo.co.jp/qa/question_detail/q10324883930,IHクッキングヒーターは寿命はどのくらいですか？,0,0
2518,2026/2/1 2:36,車検、メンテナンス,b74244684,15時間20分,2,26,13.0,0,0,0.028,7.69,0.0,0.14,あと3日,https://detail.chiebukuro.yahoo.co.jp/qa/question_detail/q11324883931,トヨタアクアnhp10のディスクとパットを交換したのですが、回生ブレーキから切り替わり停止寸前5キロ程になるとグオーンと凄い音がします バックの際などずっとなり響くのですが 当たりが付けば解消されます...,0,0
2519,2026/2/1 2:36,ゲーム,1253241911,15時間20分,3,15,5.0,0,0,0.016,20.0,0.0,0.18,あと3日,https://detail.chiebukuro.yahoo.co.jp/qa/question_detail/q14324883929,ゼンレスゾーンゼロについて質問です。 釈淵さんってプレイアブル化されると思いますかね…？,0,0
2520,2026/2/1 2:36,大学受験,るーちゃん,15時間20分,2,5,2.5,0,0,0.005,40.0,0.0,0.11,あと3日,https://detail.chiebukuro.yahoo.co.jp/qa/question_detail/q13324883928,もうすぐ新高校３年生なのですが、つくばペット専門大学のAO推薦を受けようと考えています。 成績で１年生の時に、１０段階中１を２回取ってしまっているのと、２年間の合計欠席日数が４３ほどいってしまっていま...,0,0
2521,2026/2/1 2:36,イヌ,エリカ,15時間20分,3,11,3.7,0,0,0.012,27.27,0.0,0.17,あと3日,https://detail.chiebukuro.yahoo.co.jp/qa/question_detail/q12324883927,一度も出産していない雌犬と、出産経験のある雌犬では、病気のリスクに違いがありますか？,0,0
2522,2026/2/1 2:36,皮膚の病気、アトピー,aab********,15時間20分,1,14,14.0,0,0,0.015,7.14,0.0,0.07,あと3日,https://detail.chiebukuro.yahoo.co.jp/qa/question_detail/q11324883926,外用薬の使い方についての質問です。 アトピーがあり、長年、抗アレルギー薬を内服しています。 いまの「ルパフィン」に変えてから、格段に良くなりました。 手荒れ、アカギレも長年ありましたが、今年、特に、ペ...,0,0
2523,2026/2/1 2:36,福祉、介護,bvi********,15時間20分,4,32,8.0,0,2,0.035,12.5,0.0,0.32,あと3日,https://detail.chiebukuro.yahoo.co.jp/qa/question_detail/q10324883925,小さい頃に両親が亡くなり祖父母に育てて貰いました。 そんな祖父母も70を超えてきました。 祖父母は大きな病気はせず、まだパートで働いたりしてます。ここまで育ててくれた祖父母に今後何か恩返しをしていきた...,0,0
2524,2026/2/1 2:36,メルカリ,1150721246,15時間20分,1,15,15.0,0,0,0.016,6.67,0.0,0.07,不明,https://detail.chiebukuro.yahoo.co.jp/qa/question_detail/q14324883924,メルカリで商品を購入する際、Amazon Payを利用することで、Amazonギフトカードの残高を使って支払いをすることは可能でしょうか？,0,0
2525,2026/2/1 2:36,爬虫類、両生類,ID公開,15時間20分,1,24,24.0,0,0,0.026,4.17,0.01,0.08,あと3日,https://detail.chiebukuro.yahoo.co.jp/qa/question_detail/q13324883923,カエルの突然死の原因 飼育していたカエルが突然死んでしまいました。 それも数時間前までは普段通り元気そうに見えたのに、私がお風呂に入って出てくる1〜2時間の間に水場で沈んで死んでいました。 もちろん水...,0,0
2526,2026/2/1 2:36,デジタルカメラ,ぱん,15時間20分,2,16,8.0,0,1,0.017,12.5,0.0,0.16,あと3日,https://detail.chiebukuro.yahoo.co.jp/qa/question_detail/q12324883922,バンドマンのインスタとかでライブ後などに投稿してるこういう写真の加工のやり方教えてください！,0,0
2527,2026/2/1 2:36,イヌ,Óðinn,15時間20分,4,7,1.8,0,0,0.008,57.14,0.0,0.22,あと3日,https://detail.chiebukuro.yahoo.co.jp/qa/question_detail/q11324883921,避妊・去勢後に毛質が変わる犬がいるのは、なぜですか？,0,0
2528,2026/2/1 2:35,YouTube,.,15時間21分,2,32,16.0,0,1,0.035,6.25,0.01,0.18,不明,https://detail.chiebukuro.yahoo.co.jp/qa/question_detail/q10324883920,原神 稲妻の世界任務で3箇所？で止まり木の奉納を行う というのがあって、YouTubeの動画を見ながら、右上のところからやったのですが、私のは追ってたらこちらのドアの中に消えて、YouTubeの動画の...,0,0
2529,2026/2/1 2:35,法律、消費者問題,pio********,15時間21分,2,46,23.0,0,0,0.05,4.35,0.01,0.16,不明,https://detail.chiebukuro.yahoo.co.jp/qa/question_detail/q14324883919,クレジットカードを所有していると借金があると判断されがちになります。生活保護はお金の借り入れの返済に当てる行為は禁止とされているため、生活費の決済以外には一切使うことが許されていません。 そのため、生...,0,0
2530,2026/2/1 2:35,株式,adf61eb54,15時間22分,2,29,14.5,0,0,0.031,6.9,0.0,0.14,あと3日,https://detail.chiebukuro.yahoo.co.jp/qa/question_detail/q13324883918,楽天証券で、2/2の15:50が入金期限の不足金を払わずに期限過ぎると、2/2の終値を基準にすべての建玉強制決済されるのか、2/3の始値を基準にすべての建玉強制決済されるのか、どちらですか？,0,0
2531,2026/2/1 2:35,恋愛相談、人間関係の悩み,Nomore,15時間22分,2,14,7.0,0,0,0.015,14.29,0.0,0.12,あと3日,https://detail.chiebukuro.yahoo.co.jp/qa/question_detail/q12324883917,50代くらいの人って、「、」が異常に多い文章を書く人多くないですか？ なぜなんでしょう？ 今日は、○○さんと、××で、飲んでました。 などなど…,0,0
2532,2026/2/1 2:35,イヌ,自演乙むつみ,15時間22分,1,9,9.0,0,0,0.01,11.11,0.0,0.06,あと3日,https://detail.chiebukuro.yahoo.co.jp/qa/question_detail/q11324883916,発情や性行動が続くこと自体は、犬の体にどんな負担をかけるのでしょうか？,0,0
2533,2026/2/1 2:35,恋愛相談、人間関係の悩み,a,15時間22分,2,48,24.0,0,6,0.052,4.17,0.01,0.36,あと3日,https://detail.chiebukuro.yahoo.co.jp/qa/question_detail/q10324883915,高校生の男子に質問です！ 付き合って1ヶ月の彼女の家に誘われて行くとしたら、それはもう襲いますか??,0,0
2535,2026/2/1 2:35,政治、社会問題,any********,15時間22分,5,75,15.0,0,18,0.081,6.67,0.01,0.94,あと3日,https://detail.chiebukuro.yahoo.co.jp/qa/question_detail/q13324883913,参政党 日本保守党 保守系支持の方に聞きたいんですけど なんで選択的夫婦別姓に反対されるのか不思議です。 私的に上記の党は愛国心があり応援されている方が多いと思います。 それなのになぜ選択的夫婦別姓を...,0,0
2536,2026/2/1 2:35,K-POP、アジア,1051796257,15時間22分,1,17,17.0,0,0,0.018,5.88,0.0,0.07,あと3日,https://detail.chiebukuro.yahoo.co.jp/qa/question_detail/q12324883912,韓国アイドルの日本のオフイベで、全サに入るか個サに入るかどちらの方が覚えてもらいやすいですか？,0,0
2537,2026/2/1 2:34,株式,adf61eb54,15時間23分,0,10,10.0,0,0,0.011,0.0,0.0,0.01,あと3日,https://detail.chiebukuro.yahoo.co.jp/qa/question_detail/q10324883910,2/2の15:50が入金期限の不足金を払わずに期限過ぎると、2/2の終値を基準にすべての建玉強制決済されるのか、2/3の始値を基準にすべての建玉強制決済されるのか、どちらですか？,0,0
2538,2026/2/1 2:34,料理、食材,叡禅和尚,15時間23分,2,8,4.0,0,0,0.009,25.0,0.0,0.12,あと3日,https://detail.chiebukuro.yahoo.co.jp/qa/question_detail/q11324883911,至急 「粗食」と聞いて何を連想しますか？,0,0
2539,2026/2/1 2:34,イヌ,チヌマ エリカ,15時間23分,1,7,7.0,0,0,0.008,14.29,0.0,0.06,あと3日,https://detail.chiebukuro.yahoo.co.jp/qa/question_detail/q14324883909,避妊・去勢手術は、犬の免疫力や病気への抵抗力に影響しますか？,0,0
2541,2026/2/1 2:34,釣り,aic********,15時間23分,2,54,27.0,1,0,0.058,3.7,0.02,0.27,あと3日,https://detail.chiebukuro.yahoo.co.jp/qa/question_detail/q12324883907,北海道でネイティブトラウトをやってる方に質問です！デカニジや化物ブラウン等 北海道ならではのサイズのトラウト達に リールの番手c2500sxgでも戦えますか？ 自分も北海道でネイティブやってますが 怖...,0,0
2542,2026/2/1 2:34,園芸、ガーデニング,hii********,15時間23分,1,10,10.0,0,0,0.011,10.0,0.0,0.06,あと3日,https://detail.chiebukuro.yahoo.co.jp/qa/question_detail/q11324883906,ホームセンターで しいたけのホダ木が売ってありました 「完熟｣の札が貼ってありました どういう状態なのでしょうか？,0,0
2543,2026/2/1 2:34,高校受験,非公開,15時間23分,1,14,14.0,1,0,0.015,7.14,0.0,0.18,あと3日,https://detail.chiebukuro.yahoo.co.jp/qa/question_detail/q10324883905,桃山学院高校の国際コース併願で公立偏差値63～65を目指してる中三です。 数学と理科が苦手で特に数学が全然点数取れず、国際コースは国英＋当日1番点が高かった教科の500点満点換算という計算方法があるの...,0,0
2544,2026/2/1 2:34,イヌ,ち沼真一,15時間23分,1,6,6.0,0,0,0.006,16.67,0.0,0.06,あと3日,https://detail.chiebukuro.yahoo.co.jp/qa/question_detail/q13324883903,避妊・去勢をしない選択をした場合、どんな健康チェックを定期的に行う必要がありますか？,0,0
2545,2026/2/1 2:34,げっ歯類、ウサギ,匿名,15時間23分,1,7,7.0,0,0,0.008,14.29,0.0,0.06,あと3日,https://detail.chiebukuro.yahoo.co.jp/qa/question_detail/q12324883902,うさぎについてです。 うさぎが舐めてくるや飼い主の上に乗ってくるなどの行動を、愛情表現なのかマウンティングなのか見分ける方法はありますか？ 愛情表現だと思っているのですが、マウンティングとかだったら不...,0,0
2546,2026/2/1 2:34,インターネットサービス,Nl3jgptjmt,15時間24分,0,3,3.0,0,0,0.003,0.0,0.0,0.0,あと3日,https://detail.chiebukuro.yahoo.co.jp/qa/question_detail/q11324883901,2ch?の物語を探しています！ 恋愛もの 女の人が病気で入院していた めっちゃ感動系 メールでのやり取りがあった気がする 有名 情報量が少なくてすいません！！心当たりのある方がいらしたら、是非教えてく...,0,0
2547,2026/2/1 2:34,恋愛相談、人間関係の悩み,a,15時間24分,3,42,14.0,0,0,0.045,7.14,0.01,0.21,あと3日,https://detail.chiebukuro.yahoo.co.jp/qa/question_detail/q10324883900,今度付き合って1ヶ月の彼氏を家に招くので何個か質問です！沢山の方に答えて欲しいです！ ①さすがに襲われませんよね…?? ②お家デートですること！ （ネトフリ系全て入れてないです…） ③お部屋のどこで一...,0,0
2548,2026/2/1 2:34,パソコン,a243af792,15時間24分,2,18,9.0,0,0,0.019,11.11,0.0,0.13,あと3日,https://detail.chiebukuro.yahoo.co.jp/qa/question_detail/q13324883898,いろんなpcゲームを快適プレイするなら最低何万あればいいですか？,0,0
2549,2026/2/1 2:34,病気、症状,aao********,15時間24分,1,15,15.0,0,0,0.016,6.67,0.0,0.07,あと3日,https://detail.chiebukuro.yahoo.co.jp/qa/question_detail/q14324883899,年明けに胃の調子が悪くなり、今は回復していますが それ以来、熱い飲み物などが苦手になりました。 熱いと、胃がもやもやしたような気分になり気持ち悪いので、かなりぬるくして飲んでいます。 まだ胃の調子が戻...,0,0
2550,2026/2/1 2:34,釣り,ary********,15時間24分,2,25,12.5,0,0,0.027,8.0,0.0,0.14,あと3日,https://detail.chiebukuro.yahoo.co.jp/qa/question_detail/q12324883897,メバリングのおすすめのジグヘッドは何がありますか？,0,0
2551,2026/2/1 2:34,ゲーム,どこかのだれか,15時間24分,1,20,20.0,0,0,0.022,5.0,0.0,0.08,あと3日,https://detail.chiebukuro.yahoo.co.jp/qa/question_detail/q11324883896,アークナイツ:エンドフィールドでキャラを 育成するモチベーションってどこにあるんでしょうか？ 現状だとキャラが強くなろうがそれを使える場所が無いと思うんですが、 後々螺旋や裏庭のようなエンドコンテンツ...,0,0
2552,2026/2/1 2:34,リズム、音楽ゲーム,ぽに,15時間24分,1,43,43.0,0,1,0.047,2.33,0.02,0.13,あと3日,https://detail.chiebukuro.yahoo.co.jp/qa/question_detail/q10324883895,プロセカ カラフルパスのBASICを初めて購入したのですが、一番最後にある「想いの純結晶」を獲得するのはかなり大変ですか？火消しだけでは厳しいのでしょうか。 また、衣装についても、最後のアナザーまでな...,0,0
2553,2026/2/1 2:34,恋愛相談、人間関係の悩み,さら,15時間24分,2,15,7.5,0,0,0.016,13.33,0.0,0.12,あと3日,https://detail.chiebukuro.yahoo.co.jp/qa/question_detail/q14324883894,いつか運命の人は現れますか みんな友達としてみてて恋愛感情が生まれません>_<さすがに彼氏欲しいなーって,0,0
2554,2026/2/1 2:33,株式,c554f8f57,15時間25分,0,4,4.0,0,0,0.004,0.0,0.0,0.0,あと3日,https://detail.chiebukuro.yahoo.co.jp/qa/question_detail/q13324883893,2/2の15:50が入金期限の不足金を払わずに期限過ぎると、2/2の終値を基準にすべての建玉強制決済されるのか、2/3の始値を基準にすべての建玉強制決済されるのか、どちらですか？,0,0
2555,2026/2/1 2:33,イヌ,エリカ,15時間25分,3,7,2.3,0,0,0.008,42.86,0.0,0.17,あと3日,https://detail.chiebukuro.yahoo.co.jp/qa/question_detail/q12324883892,去勢してもマーキングやマウンティングが完全に止まらない犬がいるのはなぜですか？,0,0
2556,2026/2/1 2:33,バイク,1152064086,15時間25分,1,27,27.0,0,1,0.029,3.7,0.01,0.12,不明,https://detail.chiebukuro.yahoo.co.jp/qa/question_detail/q11324883891,徳島県道29号線(イオンモールの裏側)ついて質問です。あそこって原付き走行って出来るんでしょうか？自動車専用って標識もなかったので…,0,0
2557,2026/2/1 2:33,ゲーム,hitujinogo,15時間25分,1,26,26.0,0,0,0.028,3.85,0.01,0.08,あと3日,https://detail.chiebukuro.yahoo.co.jp/qa/question_detail/q10324883890,女性側でも良いし、男性側でも良いんですけど、 ｐｓ１～ｐｓ５までのゲームで恋愛ゲーム探してます。pspでも良いです！ パラメータ上げじゃなくても大丈夫です。 ときめきメモリアルみたいなのが良いです。 ...,0,0
2558,2026/2/1 2:33,職場の悩み,非公開,15時間25分,0,4,4.0,0,0,0.004,0.0,0.0,0.0,あと3日,https://detail.chiebukuro.yahoo.co.jp/qa/question_detail/q14324883889,本社へ異動させることによる、 会社側のメリットにはどのようなものがあるのでしょうか。 人材育成 配置のしやすさ 組織運営の観点など、 会社側の視点から教えてください。 大企業,0,0
2559,2026/2/1 2:33,Amazon,ver********,15時間25分,6,132,22.0,2,6,0.143,4.55,0.03,0.88,あと3日,https://detail.chiebukuro.yahoo.co.jp/qa/question_detail/q13324883888,Amazon vine 会員の方に質問です。 ここ数日で出品時間が変わりましたか？ または全く出ていないのか… 前は15時台だったと思うのですが、今はその時間に張り付いても商品が増えません。 どなたか...,0,0
2560,2026/2/1 2:33,邦楽,知恵袋盛り上げ隊,15時間25分,9,64,7.1,1,10,0.069,14.06,0.0,0.99,あと3日,https://detail.chiebukuro.yahoo.co.jp/qa/question_detail/q12324883887,呪う で思い浮かぶ曲は？,0,0
2561,2026/2/1 2:33,イヌ,エリカ,15時間26分,1,9,9.0,0,0,0.01,11.11,0.0,0.06,あと3日,https://detail.chiebukuro.yahoo.co.jp/qa/question_detail/q11324883886,避妊手術後に尿もれが起こる犬がいるのは、どんな仕組みが関係していますか？,0,0
2562,2026/2/1 2:33,競馬,非公開,15時間26分,1,19,19.0,0,0,0.021,5.26,0.0,0.07,あと3日,https://detail.chiebukuro.yahoo.co.jp/qa/question_detail/q10324883885,武豊は競馬知らない人からでも人気ありますか？それは何故？,0,0
2563,2026/2/1 2:33,X（旧Twitter）,c967171f2,15時間26分,1,8,8.0,0,0,0.009,12.5,0.0,0.06,あと3日,https://detail.chiebukuro.yahoo.co.jp/qa/question_detail/q14324883884,Twitterの夢小説界隈で鍵垢なのに、相互フォローも必須にしている方をよく見かけます。何がメリットがあるのでしょうか？教えていただけると嬉しいです！,0,0
2564,2026/2/1 2:33,Word,a2320d8be,15時間26分,1,98,98.0,1,0,0.106,1.02,0.1,0.27,不明,https://detail.chiebukuro.yahoo.co.jp/qa/question_detail/q13324883883,至急 NOL Wordについて NOL Wordになぜか不正アクセス扱いされてしまいました、、、、、、、写真貼っておきます 状況を説明しますと 今は韓国に滞在しています E-seamを使っているの電話...,0,0
2565,2026/2/1 2:33,大学受験,1151367139,15時間26分,1,56,56.0,0,0,0.06,1.79,0.03,0.11,あと3日,https://detail.chiebukuro.yahoo.co.jp/qa/question_detail/q12324883882,大学受験 共テ利用の私立について相談です。 駿ベネ、河合、バンザイ等の判定はすべてA判定で、その中でも上位もしくは真ん中くらいでした。ボーダーも去年度より+10%、駿ベネのB判定ボーダーよりも+21点...,0,0
2566,2026/2/1 2:32,就職活動,b47f2ed5c,15時間27分,0,8,8.0,0,0,0.009,0.0,0.0,0.01,あと3日,https://detail.chiebukuro.yahoo.co.jp/qa/question_detail/q11324883881,SPIテストセンター 、何割とれてるか予想お願いします。 言語： 長文１つ 3タブ 抜き出しなし 長文の次に語句の意味を答える問いが出ました。 非言語： 初め4タブ表 推論5割くらい？ チェックボック...,0,0
2567,2026/2/1 2:32,害虫、ねずみ,あ,15時間27分,1,27,27.0,0,0,0.029,3.7,0.01,0.08,あと3日,https://detail.chiebukuro.yahoo.co.jp/qa/question_detail/q10324883880,最近、寝る時に窓からカチッという音がします。虫がぶつかる音でしょうか？カーテンは閉めてあります。 つきさっき、カメムシが2匹いて取ったので、またカメムシがいるのかと不安です。,0,0
2568,2026/2/1 2:32,ダイエット,叡禅和尚,15時間27分,5,21,4.2,0,5,0.023,23.81,0.0,0.45,あと3日,https://detail.chiebukuro.yahoo.co.jp/qa/question_detail/q14324883879,至急 深夜にお腹が空いたら何を食べますか？,0,0
2569,2026/2/1 2:32,イヌ,エリカ,15時間27分,1,7,7.0,0,0,0.008,14.29,0.0,0.06,あと3日,https://detail.chiebukuro.yahoo.co.jp/qa/question_detail/q13324883878,高齢になってから避妊・去勢手術を受けることには、どのような注意点がありますか？,0,0
2571,2026/2/1 2:32,小説,1150211722,15時間27分,0,27,27.0,0,0,0.029,0.0,0.0,0.03,あと3日,https://detail.chiebukuro.yahoo.co.jp/qa/question_detail/q10324883875,過去に呼んだ小説を探しています。 以下の特徴がありました（うろ覚えなので1部誤っている可能性はあります）。 ●表紙:人物が描かれたイラスト ●著者:有名どころではなかったような気がします。文体や内容か...,0,0
2572,2026/2/1 2:32,イヌ,Óðinn,15時間27分,3,13,4.3,0,0,0.014,23.08,0.0,0.18,あと3日,https://detail.chiebukuro.yahoo.co.jp/qa/question_detail/q13324883873,避妊手術をすると長生きすると言われることがありますが、それは本当なのでしょうか？,0,0
2573,2026/2/1 2:32,生き方、人生相談,おと,15時間27分,2,31,15.5,0,3,0.033,6.45,0.01,0.24,あと3日,https://detail.chiebukuro.yahoo.co.jp/qa/question_detail/q11324883871,なんかすごく病んでる感じっていうか、何にも集中できなくて、趣味をするにも気力が起きません。 思考が自然とマイナスになってしまいます。 外に出ようと思っても行き先がないです。 家に居てもぼーっとして寝る...,0,0
2574,2026/2/1 2:32,運転免許,おりごとー,15時間27分,6,50,8.3,0,1,0.054,12.0,0.0,0.41,あと3日,https://detail.chiebukuro.yahoo.co.jp/qa/question_detail/q12324883872,普通二輪の教習について質問です。 現在、普通二輪の教習に通っています。 学科教習をほとんど受けていない状態でも、 技能教習（実技）は第1段階の最後あたりまで受けられるのでしょうか？ それともどちらも同...,0,0
2575,2026/2/1 2:32,株式,1150042895,15時間27分,0,10,10.0,0,0,0.011,0.0,0.0,0.01,あと3日,https://detail.chiebukuro.yahoo.co.jp/qa/question_detail/q10324883870,SBI証券クレカ積立の還元率 還元率が反映される集計期間は 加入月が起点であってますか 例えば カード加入月が8月だと、集計期間は8月〜翌年7月 すると、反映される還元率は翌年8月〜翌々年7月 であっ...,0,0
2576,2026/2/1 2:32,メイク、コスメ,1153142004,15時間28分,1,26,26.0,0,0,0.028,3.85,0.01,0.08,あと3日,https://detail.chiebukuro.yahoo.co.jp/qa/question_detail/q14324883869,センター分けかぱっつんかどっちが似合うか教えてください!! 丸顔でおデコは広めだと思います。目はアーモンドアイで、目と眉の間は狭めです。頬骨張ってます。かわいい系の顔だと言われます。美人とはあまり言わ...,0,0
2577,2026/2/1 2:31,恋愛相談、人間関係の悩み,mee********,15時間29分,1,15,15.0,0,1,0.016,6.67,0.0,0.1,あと3日,https://detail.chiebukuro.yahoo.co.jp/qa/question_detail/q13324883868,綺麗な顔立ちや整っている顔立ちとは？ こんにちは わたしは生きてきて自分のことを可愛いとか美人だとか本気で思ったことありません しかし、社会人になり綺麗だとかすごく言われるようになりました これはまず...,0,0
2578,2026/2/1 2:31,キッチン用品,kao********,15時間29分,0,11,11.0,0,0,0.012,0.0,0.0,0.01,あと3日,https://detail.chiebukuro.yahoo.co.jp/qa/question_detail/q12324883867,天然砥石の見分けについて 先日祖父の家から天然砥石を頂きました 3個頂いたのですが1つだけ天然か人造か分かりません 分かる方がおられましたら宜しくお願い致します 触れた感覚ではALT stone深80...,0,0
2579,2026/2/1 2:31,メルカリ,らねる,15時間29分,2,30,15.0,1,0,0.032,6.67,0.0,0.25,あと3日,https://detail.chiebukuro.yahoo.co.jp/qa/question_detail/q11324883866,ネットワーク利用制限が△の状態でも、完済されていることが証明されていればメルカリに出品してもいいのでしょうか？ 良い場合は、証明するには何が必要でしょうか もしダメな場合は利用制限情報が反映されてから...,0,0
2580,2026/2/1 2:31,アニメ,1252115726,15時間29分,1,16,16.0,0,1,0.017,6.25,0.0,0.1,不明,https://detail.chiebukuro.yahoo.co.jp/qa/question_detail/q10324883865,ダーリンインザフランキスについての質問です。15話にて、13部隊の人たちのピスティルとスタメンが逆になっていたのですが、逆でも動くのでしょうか？どういう仕組みなのですか…？,0,0
2581,2026/2/1 2:31,パソコン,Moffs,15時間29分,2,26,13.0,0,0,0.028,7.69,0.0,0.14,あと3日,https://detail.chiebukuro.yahoo.co.jp/qa/question_detail/q14324883864,現在RTX3060とRyzen5 4500のPCを使用して主にfpsなどをプレイしているのですが、今更CPUをRyzen7 5700xに変えてもコスパ悪いですかね？ 無理してでもお金貯めて新しいPC買...,0,0
2582,2026/2/1 2:31,大学受験,a5b03c21c,15時間29分,1,21,21.0,1,0,0.023,4.76,0.0,0.18,あと3日,https://detail.chiebukuro.yahoo.co.jp/qa/question_detail/q13324883863,今年から高三生になるものです。 一年の頃から駿台に通っており、早慶大英語実践演習をとるか難関英語を取るか悩んでいます。 第一志望は東工大あたりで、早稲田も一緒に受けたいなと考えています。 ご助言よろし...,0,0
2583,2026/2/1 2:31,邦楽,上大岡井土ヶ谷連合Vampire,15時間29分,1,17,17.0,1,2,0.018,5.88,0.0,0.24,あと3日,https://detail.chiebukuro.yahoo.co.jp/qa/question_detail/q12324883862,スピッツの名曲ロビンソンをカバーしたビジュ系を教えて下さいませ Spotifyとかで検索しても掘れませんでした 未来予想図は確かジャンヌ・ダルクやWANDS？世界が終わるまでは相川七瀬みたいな神カバー...,0,0
2584,2026/2/1 2:31,超常現象、オカルト,名無し,15時間29分,4,32,8.0,0,6,0.034,12.5,0.0,0.44,あと3日,https://detail.chiebukuro.yahoo.co.jp/qa/question_detail/q11324883861,1時半にトイレしに行ったら玄関の開く音閉める音が聞こえて恐る恐るトイレの扉開けたら誰もいませんでした、家には私と親の2人しかいないです。 インターホンの音もなく誰かが玄関を開けて1、2歩ほど入ってきま...,0,0
2585,2026/2/1 2:31,コミック,*******,15時間29分,1,29,29.0,0,3,0.031,3.45,0.01,0.18,あと3日,https://detail.chiebukuro.yahoo.co.jp/qa/question_detail/q10324883860,書店で２年前に発売された漫画を取り寄せてもらおうとしたら在庫がないので厳しいといわれました 最新刊の単行本はおいてありました 漫画を新品で買うことがあまりないのでよくわからないのですがこんなものなので...,0,0
2586,2026/2/1 2:31,イヌ,自演乙むつみ,15時間29分,1,7,7.0,0,0,0.008,14.29,0.0,0.06,あと3日,https://detail.chiebukuro.yahoo.co.jp/qa/question_detail/q14324883859,避妊・去勢手術後に性格が変わったように見えるのは、本当にホルモンの影響だけですか？,0,0
2587,2026/2/1 2:31,Windows 10,ねみみみみず,15時間29分,6,10,1.7,0,0,0.011,60.0,0.0,0.33,あと3日,https://detail.chiebukuro.yahoo.co.jp/qa/question_detail/q13324883858,Windowsアカウントにログインできない。 アカウント名、パスワードは分かっているのですが、ログインしようとするとメールアドレスにコードを送る流れ。そのメールアドレスは昔のものなのですでに使っておら...,0,0
2588,2026/2/1 2:31,恋愛相談、人間関係の悩み,クソやろうのど畜生,15時間29分,1,10,10.0,0,0,0.011,10.0,0.0,0.06,あと3日,https://detail.chiebukuro.yahoo.co.jp/qa/question_detail/q10324883855,恋人を作るのが怖いです 自分の心のテリトリーの中にあまり人を入れたくないですし、私は大切な人を作るとその大切な人に依存してしまうのでそれも怖いです 共感できる人いますか？,0,0
2589,2026/2/1 2:31,病気、症状,匿名,15時間29分,6,36,6.0,0,5,0.039,16.67,0.0,0.52,あと3日,https://detail.chiebukuro.yahoo.co.jp/qa/question_detail/q14324883854,夜寝れないと不安になってきませんか？ 動画観てても集中出来ないし観たいものも無くなってくるし… どうやって不安を誤魔化してますか？,0,0
2590,2026/2/1 2:31,大学受験,bd7b08b1b,15時間29分,3,75,25.0,0,1,0.081,4.0,0.02,0.27,あと3日,https://detail.chiebukuro.yahoo.co.jp/qa/question_detail/q11324883856,早慶志望の高一です。 高校受験時に絶対見返してやると意気込んで勉強し1ヶ月で偏差値12上げて無理矢理上のレベルの偏差値65の私立高校に入学できました。授業にはついていけてます。しかしながら現在バレー部...,0,0
2591,2026/2/1 2:31,職場の悩み,非公開,15時間30分,1,28,28.0,0,0,0.03,3.57,0.01,0.08,あと3日,https://detail.chiebukuro.yahoo.co.jp/qa/question_detail/q13324883853,仕事のことで、 「特に何もしてない…何も分からない…ふぇーん」 というタイプは、一般的に見下されやすいと思います。 しかし、そのようなタイプの人が本社へ異動しました。 周囲から見下されていることは、本...,0,0
2592,2026/2/1 2:31,性病、性感染症,qva********,15時間30分,3,29,9.7,0,0,0.031,10.34,0.0,0.19,あと3日,https://detail.chiebukuro.yahoo.co.jp/qa/question_detail/q11324883851,淋病とクラミジアについて。 先日カンジダでクリニックを受診したところ、淋病とクラミジアが陽性だと分かりました。 彼氏とは1年ほどお付き合いをしており、ゴムありの行為しかしたことがありません。 また、私...,0,0
2593,2026/2/1 2:31,恋愛相談、人間関係の悩み,らーめんすき,15時間30分,0,5,5.0,0,0,0.005,0.0,0.0,0.01,あと3日,https://detail.chiebukuro.yahoo.co.jp/qa/question_detail/q10324883850,僕の好きな人といい感じで相手からも気になってるって言われたんですが、他の女の子にインスタをフォローされて、顔見せ合いしてとか言われて、お世辞でかわいいと言ったのが好きな人にバレて、 怒って口も聞いてく...,0,0
2594,2026/2/1 2:31,健康、病気、病院,qlo********,15時間30分,0,9,9.0,0,0,0.01,0.0,0.0,0.01,あと3日,https://detail.chiebukuro.yahoo.co.jp/qa/question_detail/q14324883849,たくさん食べられるようになるにはどうしたらいいですか？ 普通の量なら食べられるんですけど、ちょっと量が多くなると全然食べられなくて。食べ切れるかドキドキしながら食べることになって辛いです。 食べること...,0,0
2595,2026/2/1 2:30,テレビ、ラジオ,1152754536,15時間31分,2,26,13.0,0,0,0.028,7.69,0.0,0.14,あと3日,https://detail.chiebukuro.yahoo.co.jp/qa/question_detail/q13324883848,知り合いの夫婦でやってる飲食店がテレビの取材されてほとんどご婦人だけテレビに抜かれて旦那さんの方はほとんど映されなかったのですが、テレビ映えのために男より女性をメインにしたかったのでしょうか？ 旦那さ...,0,0
2596,2026/2/1 2:30,生き方、人生相談,1252135202,15時間31分,2,40,20.0,0,2,0.043,5.0,0.01,0.21,不明,https://detail.chiebukuro.yahoo.co.jp/qa/question_detail/q12324883847,ネガティブな感情や人への興味が抱けません。 進化の過程で淘汰されなかったということは感情が何ら かの合理的な機能を持っているはずです。 不安という感情は｢未来を予測させて事態の悪化を防ぐ｣という機能が...,0,0
2597,2026/2/1 2:30,大学受験,c9071b0b5,15時間31分,1,20,20.0,0,0,0.021,5.0,0.0,0.08,あと3日,https://detail.chiebukuro.yahoo.co.jp/qa/question_detail/q11324883846,総合型、前期日程の大学入試をするのですが、総合型と前期のそれぞれでマイページを作ってしまいました、総合型の出願を先にしており、その際にあった、追加出願のボタンを押さず、 新しく出願してしまったという形...,0,0
2598,2026/2/1 2:30,テレビ、ラジオ,konu,15時間31分,0,5,5.0,0,0,0.005,0.0,0.0,0.01,あと3日,https://detail.chiebukuro.yahoo.co.jp/qa/question_detail/q14324883844,カナメストーンの山口さんみたいな顔と髪型とメガネでNHKの子供向けの番組に出演していた方っていらっしゃいますかね？ めちゃくちゃNHKで見たことある気がするんですが思い出せません。もしかしたら気のせい...,0,0
2599,2026/2/1 2:30,料理、食材,叡禅和尚,15時間31分,4,19,4.8,0,2,0.02,21.05,0.0,0.3,あと3日,https://detail.chiebukuro.yahoo.co.jp/qa/question_detail/q13324883843,至急 ペヤング超超超超超超大盛ペタマックス（4184kcal）は健康食品ですよね？,0,0
2600,2026/2/1 2:30,イヌ,チヌマ エリカ,15時間31分,1,7,7.0,0,0,0.008,14.29,0.0,0.06,あと3日,https://detail.chiebukuro.yahoo.co.jp/qa/question_detail/q12324883842,陰睾丸（停留精巣）の犬は、なぜ手術を勧められることが多いのでしょうか？,0,0
2601,2026/2/1 2:30,超常現象、オカルト,チ。ーチキンナゲットについてー,15時間31分,4,46,11.5,0,0,0.049,8.7,0.01,0.26,あと3日,https://detail.chiebukuro.yahoo.co.jp/qa/question_detail/q11324883841,言葉の伝わらない宇宙人に右という概念を教えてください。,0,0
2602,2026/2/1 2:30,邦楽,sug********,15時間31分,3,8,2.7,2,0,0.009,37.5,0.0,0.38,あと3日,https://detail.chiebukuro.yahoo.co.jp/qa/question_detail/q14324883839,BUCK-TICKの「BABEL」について質問です 曲の最後「月光よ愛せ」の後に何か囁いてますが、なんて言ってるんでしょうか？,0,0
2603,2026/2/1 2:30,将来の夢,^_^,15時間31分,6,69,11.5,0,5,0.074,8.7,0.01,0.56,あと3日,https://detail.chiebukuro.yahoo.co.jp/qa/question_detail/q10324883840,私は現在大学1年生です。 将来就きたいお仕事と今学んでいる内容に関連がなくても、なりたいお仕事に就けるでしょうか？ もちろん努力次第かもしれませんが、大学で学んでいる学部学科と関連のないお仕事に就いた...,0,0
2604,2026/2/1 2:30,美容整形,zle********,15時間31分,1,12,12.0,0,0,0.013,8.33,0.0,0.07,あと3日,https://detail.chiebukuro.yahoo.co.jp/qa/question_detail/q13324883838,これって何鼻ですか？ 団子かにんにくかなって感じなんですけど 整形するとしたらどんなメニューが適切なのでしょうか？ 脂肪溶解とかではなく多分皮膚そのものが厚いって感じですよね？,0,0
2605,2026/2/1 2:30,家族関係の悩み,bed4de8c5,15時間32分,0,14,14.0,0,0,0.015,0.0,0.0,0.02,あと3日,https://detail.chiebukuro.yahoo.co.jp/qa/question_detail/q12324883837,摂食障害の家族を持つ方々に質問です。 その他の方でも客観的な意見を貰えたら嬉しいです。 長ったらしい話ですが見ていってくれるとありがたいです。 7つ上の姉が摂食障害です。 まだ摂食障害と認定される前の...,0,0
2606,2026/2/1 2:30,鉄道、列車、駅,1051822891,15時間32分,2,54,27.0,0,10,0.058,3.7,0.02,0.49,あと3日,https://detail.chiebukuro.yahoo.co.jp/qa/question_detail/q11324883836,都営交通は儲かっているのですか?株式会社ではなくて公営なので利益を目的にしているわけではないですが。都営地下鉄や都バスは儲かっているのか気になりました。東京メトロ日比谷線並みに混雑しているのですか? ...,0,0
2607,2026/2/1 2:30,テーマパーク,wqe********,15時間32分,5,49,9.8,0,0,0.053,10.2,0.01,0.32,あと3日,https://detail.chiebukuro.yahoo.co.jp/qa/question_detail/q10324883835,ディズニーホテルについて質問です。 ディズニーホテルの予約を取り消しするとレストランなどの予約も取り消しされるとありますが、同じホテルで同じ日に部屋のみ変更する場合でも取り消されるのでしょうか。,0,0
2608,2026/2/1 2:30,邦楽,知恵袋盛り上げ隊,15時間32分,6,33,5.5,1,12,0.035,18.18,0.0,0.85,あと3日,https://detail.chiebukuro.yahoo.co.jp/qa/question_detail/q13324883833,恨む で思い浮かぶ曲は？,0,0
2609,2026/2/1 2:30,イヌ,ち沼真一,15時間32分,3,7,2.3,0,0,0.008,42.86,0.0,0.17,あと3日,https://detail.chiebukuro.yahoo.co.jp/qa/question_detail/q14324883834,去勢していない雄犬で、年齢とともに排尿や排便がしづらくなることがあるのはなぜですか？,0,0
2610,2026/2/1 2:30,インターネットショッピング,1150413935,15時間32分,1,13,13.0,0,1,0.014,7.69,0.0,0.1,あと3日,https://detail.chiebukuro.yahoo.co.jp/qa/question_detail/q12324883832,ZOZOUSEDってどんな感じですか？ コンディションはCで、やや気になる傷や汚れがあるそうです。使用感があり全体的に色あせが見られると記載されていました。 ZOZOUSEDで表示される画像は、実際の...,0,0
2611,2026/2/1 2:30,ゲーム,Y.UCHIDA,15時間32分,1,11,11.0,0,3,0.012,9.09,0.0,0.16,あと3日,https://detail.chiebukuro.yahoo.co.jp/qa/question_detail/q10324883830,グランツーリスモ７について。 マスタースーパーライセンスＳー１０ 鈴鹿サーキット ワンラップタイムアタックをして 走っておりますが、 数日たっても、幾らたっても、 ゴールドタイムを 叩き落とす事が出来...,0,0
2612,2026/2/1 2:30,スポーツ,s60********,15時間32分,4,12,3.0,0,0,0.013,33.33,0.0,0.23,あと3日,https://detail.chiebukuro.yahoo.co.jp/qa/question_detail/q11324883831,スポーツ教室(水泳とか)でコーチの事を先生と呼んでも構いませんよね？,0,0
2613,2026/2/1 2:30,ニュース、事件,sen,15時間32分,0,2,2.0,0,0,0.002,0.0,0.0,0.0,あと3日,https://detail.chiebukuro.yahoo.co.jp/qa/question_detail/q14324883829,我が国では宗教団体にのみ罪刑法定主義が通用しないのはなぜですか？ 高名な法曹関係者でさえ、「何となく怪しい、糾弾せよ」と宣います。,0,0
2614,2026/2/1 2:30,恋愛相談、人間関係の悩み,匿名,15時間32分,1,37,37.0,0,0,0.04,2.7,0.01,0.09,あと3日,https://detail.chiebukuro.yahoo.co.jp/qa/question_detail/q13324883828,性被害者です。 ※男性は不快に思うかもしれません 閲覧注意ですが意見頂けると幸いです 2回ほど性暴力に合いました。 両方小学生の頃です 変な話ですが 彼氏は欲しい！抱きしめられたい！一緒に笑いたい！大...,0,0
2615,2026/2/1 2:30,恋愛相談、人間関係の悩み,bdda88072,15時間32分,2,20,10.0,0,0,0.021,10.0,0.0,0.13,あと3日,https://detail.chiebukuro.yahoo.co.jp/qa/question_detail/q12324883827,トー横界隈や地雷系の女の子が気になってるんですが、好きになることはダメなんですか…？,0,0
2616,2026/2/1 2:29,政治、社会問題,cfe913668,15時間33分,7,71,10.1,1,5,0.076,9.86,0.01,0.72,あと3日,https://detail.chiebukuro.yahoo.co.jp/qa/question_detail/q11324883826,アメリカの軍事力に守られてきた戦後を終わらせて、自分の国は自分達で守る当たり前をやるべきなのに、いつまで敗戦を引きずるんですか？,0,0
2617,2026/2/1 2:29,イヌ,エリカ,15時間33分,3,9,3.0,0,0,0.01,33.33,0.0,0.17,あと3日,https://detail.chiebukuro.yahoo.co.jp/qa/question_detail/q10324883825,避妊をしていない雌犬では、なぜ乳腺腫瘍のリスクが高くなるのでしょうか？,0,0
2618,2026/2/1 2:29,アルバイト、フリーター,1150749395,15時間33分,2,38,19.0,0,2,0.041,5.26,0.01,0.21,あと3日,https://detail.chiebukuro.yahoo.co.jp/qa/question_detail/q14324883824,学生です。もうバイト辞めたいです。初めてから1ヶ月しか経ってません。バイト数日前から憂鬱でずっと泣いてしまいます。 辞めるの早すぎるのも逃げ癖がつくかもしれないのも分かってるけどバイトでこんなにメンタ...,0,0
2619,2026/2/1 2:29,芸能人,a57e43d06,15時間34分,0,4,4.0,0,0,0.004,0.0,0.0,0.0,あと3日,https://detail.chiebukuro.yahoo.co.jp/qa/question_detail/q11324883821,プロダクション体育館のメンバーって全員ゲイなんですか？,0,0
2620,2026/2/1 2:29,飲食店,b4205a16a,15時間34分,2,22,11.0,0,0,0.024,9.09,0.0,0.13,あと3日,https://detail.chiebukuro.yahoo.co.jp/qa/question_detail/q13324883823,家系ラーメン店や山岡家などで「固め・濃いめ・多め」で注文する人って、本当にその組み合わせが好きなのでしょうか？ 早死3段活用と言われたり、ラーメンYouTuberが当然のように3段活用で食べているので...,0,0
2621,2026/2/1 2:29,ドコモ,ファンフア一レ,15時間34分,2,18,9.0,0,0,0.019,11.11,0.0,0.13,あと3日,https://detail.chiebukuro.yahoo.co.jp/qa/question_detail/q10324883820,1月分引き落としドコモできなかった来月15日再振替あります？,0,0
2622,2026/2/1 2:29,イヌ,エリカ,15時間34分,3,5,1.7,0,0,0.005,60.0,0.0,0.17,あと3日,https://detail.chiebukuro.yahoo.co.jp/qa/question_detail/q13324883818,大型犬では、避妊・去勢の時期を遅らせた方がよいと言われるのはなぜですか？,0,0
2623,2026/2/1 2:29,吹奏楽,b2d15c4fb,15時間34分,2,17,8.5,0,1,0.018,11.76,0.0,0.16,不明,https://detail.chiebukuro.yahoo.co.jp/qa/question_detail/q12324883817,吹奏楽コンクール東北大会の2023年度のカスタムDVDって販売してますか？前に小学生の部を販売しているのを見たのですが先程調べても出てきませんでした。また、カスタムDVDには表彰式の映像はありますか？,0,0
2624,2026/2/1 2:29,携帯型ゲーム全般,aa8a36edb,15時間34分,1,26,26.0,0,0,0.028,3.85,0.01,0.08,あと3日,https://detail.chiebukuro.yahoo.co.jp/qa/question_detail/q11324883816,至急お願いします！ぷにぷにについてです！さっきUZコインを引いたらクロス閻魔が来ました！このキャラのスキル２を開放したいのですが、解放できるのは大体いつ頃になるかわかる方いませんか？,0,0
2625,2026/2/1 2:29,発達障害,非公開,15時間34分,3,25,8.3,1,0,0.027,12.0,0.0,0.29,あと3日,https://detail.chiebukuro.yahoo.co.jp/qa/question_detail/q10324883815,ASDやADHDがネット上で交流するところってありますか。当事者同士で友だちになったことがある人いますか。,0,0
2626,2026/2/1 2:28,バスケットボール,myo********,15時間35分,0,9,9.0,0,0,0.01,0.0,0.0,0.01,あと3日,https://detail.chiebukuro.yahoo.co.jp/qa/question_detail/q14324883814,高校バスケについて質問です。 高校バスケはnbaのセカンドのような、ベンチメンバーと入れ替えながら戦うことはありますか？ また、そのような戦い方をするチームはありますか？ スラムダンクとかみてると、ス...,0,0
2627,2026/2/1 2:28,家具、インテリア,a1feaeca5,15時間35分,0,12,12.0,0,0,0.013,0.0,0.0,0.01,あと3日,https://detail.chiebukuro.yahoo.co.jp/qa/question_detail/q13324883813,ハートピアスローライフについての質問です。 家の建築で床や壁などトンカチでしまった場合、次に新しく置く時は10メダル?かかるのでしょうか？床や壁などはしまえないのでしょうか？教えてください！,0,0
2628,2026/2/1 2:28,料理、食材,叡禅和尚,15時間35分,1,13,13.0,0,0,0.014,7.69,0.0,0.07,あと3日,https://detail.chiebukuro.yahoo.co.jp/qa/question_detail/q11324883811,至急 焼きそばと焼きさばを見間違えて悔しい思いをしましたか？,0,0
2629,2026/2/1 2:28,学校の悩み,非公開,15時間35分,1,9,9.0,0,0,0.01,11.11,0.0,0.06,あと3日,https://detail.chiebukuro.yahoo.co.jp/qa/question_detail/q12324883812,高校生です。私立の通信に通っています。 1年で53単位って取れますか？,0,0
2630,2026/2/1 2:28,手芸,che********,15時間35分,1,41,41.0,0,1,0.044,2.44,0.02,0.13,あと3日,https://detail.chiebukuro.yahoo.co.jp/qa/question_detail/q14324883809,かぎ針編みで、巾着袋とかにあとで別で作ったモチーフを刺繍糸などで縫い付ける場合、最後の糸の処理はどうすればいいのでしょうか？ 下記の動画のように、モチーフを縫い付けたいのですが 縫い終わってからの処理...,0,0
2631,2026/2/1 2:28,イヌ,Óðinn,15時間35分,2,4,2.0,0,0,0.004,50.0,0.0,0.11,あと3日,https://detail.chiebukuro.yahoo.co.jp/qa/question_detail/q10324883810,去勢をすると太りやすくなると言われますが、ホルモン以外の理由も関係していますか？,0,0
2632,2026/2/1 2:28,同人誌、コミケ,1252125485,15時間35分,2,15,7.5,0,0,0.016,13.33,0.0,0.12,あと3日,https://detail.chiebukuro.yahoo.co.jp/qa/question_detail/q13324883808,二次創作GL界隈の人気カプをたくさん教えてください。,0,0
2633,2026/2/1 2:28,ファッション,1152703554,15時間35分,1,20,20.0,0,0,0.021,5.0,0.0,0.07,あと3日,https://detail.chiebukuro.yahoo.co.jp/qa/question_detail/q12324883807,服好きな方に相談です。 最近ビーンラッセルのスウェットを購入しました。 手持ちのセーラーパンツと合わせたかったのですが、生地が厚いせいか、しっくり来ません。 どういう風に合わせればいいでしょうか。 ま...,0,0
2634,2026/2/1 2:28,テレビ、ラジオ,Nomore,15時間35分,2,20,10.0,0,0,0.021,10.0,0.0,0.13,あと3日,https://detail.chiebukuro.yahoo.co.jp/qa/question_detail/q10324883805,なぜ年上の方って、普段温厚な方でも、 テレビなどで最近の知らない歌手が出てきたら途端に口が悪くなるのですか？ 誰だコイツ こんなヤツ知らない、 なんでこんなのが人気なんだ、 中身のない歌手 などなど…,0,0
2635,2026/2/1 2:28,メルカリ,1150370534,15時間36分,0,13,13.0,0,0,0.014,0.0,0.0,0.01,あと3日,https://detail.chiebukuro.yahoo.co.jp/qa/question_detail/q14324883804,メルカリにクスリのアオキ株主優待券がでているけど、第三者が使って問題ないのでしょうか,0,0
2636,2026/2/1 2:28,イヌ,エリカ,15時間36分,3,9,3.0,0,0,0.01,33.33,0.0,0.17,あと3日,https://detail.chiebukuro.yahoo.co.jp/qa/question_detail/q13324883803,避妊手術をした犬でも、まれに発情のような行動が見られるのはなぜですか？,0,0
2637,2026/2/1 2:28,Excel,bla********,15時間36分,0,19,19.0,0,0,0.02,0.0,0.0,0.02,あと3日,https://detail.chiebukuro.yahoo.co.jp/qa/question_detail/q12324883802,この書類をスマホのExcelで編集する方法を教えて下さい。 ちなみにAndroidです。,0,0
2638,2026/2/1 2:28,アルバイト、フリーター,smjatgmd5961,15時間36分,3,28,9.3,0,0,0.03,10.71,0.0,0.19,あと3日,https://detail.chiebukuro.yahoo.co.jp/qa/question_detail/q11324883801,アルバイトについてです。 今日初めてバイトに応募したのですが、名前とか住所とか履歴書の添付とか最後に自己アピールとか質問を自由に書いてくださいって感じの画面だったんです。これってただの応募じゃなくて書...,0,0
2639,2026/2/1 2:28,au,yui,15時間36分,2,50,25.0,0,0,0.053,4.0,0.01,0.16,不明,https://detail.chiebukuro.yahoo.co.jp/qa/question_detail/q10324883800,aupayについてなのですが1/31日16時頃に口座振替が窓口になっていたのに気がついたので変更したのですが0時になってもaupay通信合算チャージができません なぜでしょうか？ また、いつぐらいに使...,0,0
2640,2026/2/1 2:27,イヌ,自演乙むつみ,15時間37分,2,7,3.5,0,0,0.007,28.57,0.0,0.11,あと3日,https://detail.chiebukuro.yahoo.co.jp/qa/question_detail/q13324883798,雌犬の子宮蓄膿症は、なぜ若い犬より高齢犬に多いのでしょうか？,0,0
2641,2026/2/1 2:27,運転免許,a29a2e73f,15時間37分,6,58,9.7,0,1,0.062,10.34,0.01,0.41,あと3日,https://detail.chiebukuro.yahoo.co.jp/qa/question_detail/q11324883796,高校生一年生です。中型普通二輪免許(MT)の免許をとろうと思っています。技能試験では何を意識した方がよいでしょうか？アドバイスお願いします。,0,0
2642,2026/2/1 2:27,家族関係の悩み,1153192524,15時間37分,4,78,19.5,0,0,0.083,5.13,0.02,0.3,あと3日,https://detail.chiebukuro.yahoo.co.jp/qa/question_detail/q10324883795,元嫁に彼氏が出来たと聞いたんですけど車検代12万、子供の養育費4万、元嫁の携帯代1万払ったあとすぐ彼氏が出来たと元嫁がラインをしてきました。これはいいように使われてますかね？ それと払ったお金はデート...,0,0
2643,2026/2/1 2:27,法律相談,あひる,15時間37分,1,21,21.0,0,0,0.022,4.76,0.0,0.08,あと3日,https://detail.chiebukuro.yahoo.co.jp/qa/question_detail/q12324883792,刑務所に入っていた父が恐らく出所し、地元の更生施設にいると思われるのですが父と連絡をとる場合どうすればいいんでしょうか？ 出所予定の約1年前にここの更生施設にお世話になると面会の時に教えてもらっている...,0,0
2644,2026/2/1 2:27,イヌ,チヌマ エリカ,15時間37分,1,8,8.0,0,0,0.009,12.5,0.0,0.06,あと3日,https://detail.chiebukuro.yahoo.co.jp/qa/question_detail/q10324883790,避妊・去勢をしないことで起こりやすくなる病気には、どのようなものがありますか？,0,0
2645,2026/2/1 2:27,観葉植物,cbd86e2fc,15時間37分,1,15,15.0,0,0,0.016,6.67,0.0,0.07,不明,https://detail.chiebukuro.yahoo.co.jp/qa/question_detail/q14324883789,ガジュマルの根本部分の全てに白っぽいカビみたいなのがあるのですが、これはカビですか？ 軽く拭いても取れない感じです。,0,0
2646,2026/2/1 2:27,女性アイドル,**,15時間37分,1,32,32.0,1,0,0.034,3.12,0.01,0.19,あと3日,https://detail.chiebukuro.yahoo.co.jp/qa/question_detail/q13324883788,おニャン子クラブにハマった高校生です。おニャン子の人気メンバーは誰かと言ったら必ず新田恵利なんですか？？ 正直全然可愛いと思いません。全員が口を揃えて言う ｢普通だったから1番人気があった｣ と言いま...,0,0
2647,2026/2/1 2:26,税金,yqp********,15時間38分,1,66,66.0,0,0,0.07,1.52,0.05,0.12,あと3日,https://detail.chiebukuro.yahoo.co.jp/qa/question_detail/q12324883787,ビットコインを 2024年に20万購入したが下落して 2026何に15万で売り結果マイナス5万となった場合 2026年に何か申告は必要でしょうか？,0,0
2648,2026/2/1 2:26,コミック,ce01b443a,15時間38分,1,70,70.0,0,0,0.075,1.43,0.05,0.13,不明,https://detail.chiebukuro.yahoo.co.jp/qa/question_detail/q11324883786,思い出せない漫画があるのですがどなたかわかりますでしょうか？ 探している漫画があります。 ・ここ数年に連載されていた（または現在も続いている可能性あり） ・男子中学生か高校生2人が主人公 ・「不思議な...,0,0
2649,2026/2/1 2:26,パソコン,b775e1fa6,15時間38分,4,85,21.2,0,3,0.091,4.71,0.02,0.4,あと3日,https://detail.chiebukuro.yahoo.co.jp/qa/question_detail/q10324883785,友人からこのゲーミングパソコンを2万で譲ってもらうんですがスペックが分かりません。その友人も知り合いから貰ったそうで分からないそうです。どなたか教えてください。 このゲーミングパソコンでヴァロや他のF...,0,0
2650,2026/2/1 2:26,海外ドラマ,foo********,15時間39分,2,68,34.0,0,0,0.072,2.94,0.02,0.18,あと3日,https://detail.chiebukuro.yahoo.co.jp/qa/question_detail/q14324883784,ブリジャートン家のシーズン4って、アジア人の女性がヒロインですよね？ めっちゃ楽しみにしてたけど、予告編見ただけですでにガッカリして嫌になり見てません。アジア人はアジア人でも、めっちゃブスじゃないです...,0,0
2651,2026/2/1 2:26,邦楽,bae914869,15時間39分,3,46,15.3,1,0,0.049,6.52,0.01,0.31,あと3日,https://detail.chiebukuro.yahoo.co.jp/qa/question_detail/q13324883783,今42.3〜50くらいの親が作ってくれたcdに入ってた曲を探してます。 当時自分が保育園くらいの時に親戚のパソコンに詳しいおじさんがそんなcd好きなら好きな曲まとめて1枚にしてあげるよと言ってくれてネ...,0,0
2652,2026/2/1 2:26,YouTube,zyl********,15時間39分,2,143,71.5,0,2,0.152,1.4,0.11,0.32,あと3日,https://detail.chiebukuro.yahoo.co.jp/qa/question_detail/q12324883782,にじさんじに関する質問です。 TRiNITYというユニットがずっと動いていないのはなぜなんでしょうか？ 外部レーベル所属にしたことで許可取りが面倒とか言われてるのを耳にしたのですが、NBCユニバーサル...,0,0
2653,2026/2/1 2:26,政治、社会問題,1253263328,15時間39分,0,5,5.0,0,0,0.005,0.0,0.0,0.01,あと3日,https://detail.chiebukuro.yahoo.co.jp/qa/question_detail/q10324883780,1990年代に山口県防府市を拠点にしていた暴走族のレディースチーム「摩璃婭」(マリア)について。 どんなチームだったか、武勇伝や面白いエピソードなどあれば教えて下さい。 現在50才くらいの世代だと思い...,0,0
2654,2026/2/1 2:26,恋愛相談,知恵袋,15時間39分,0,43,43.0,0,0,0.046,0.0,0.0,0.05,あと3日,https://detail.chiebukuro.yahoo.co.jp/qa/question_detail/q11324883781,姫女子、腐男子の方に質問です もともとストレートだったけど百合やBLにハマってから自分も現実で同性との恋愛がしたくなったり、実際に同性と付き合ったりしたことがありますか？ 最近百合の漫画にハマっていろ...,0,0
2655,2026/2/1 2:26,運転免許,a29a2e73f,15時間39分,4,23,5.8,0,0,0.024,17.39,0.0,0.24,あと3日,https://detail.chiebukuro.yahoo.co.jp/qa/question_detail/q14324883779,高校一年生です。中型普通二輪免許(MT)をとりたいと思っています。具体的に技能試験では何を意識した方がいいですかね？アドバイスお願いします。,0,0
2656,2026/2/1 2:26,恋愛相談、人間関係の悩み,1253351288,15時間39分,0,2,2.0,0,0,0.002,0.0,0.0,0.0,あと3日,https://detail.chiebukuro.yahoo.co.jp/qa/question_detail/q13324883778,今更なんですけど、マグニフィコってなんであんなイケオジなんですか？,0,0
2657,2026/2/1 2:26,恋愛相談,非公開。,15時間39分,1,33,33.0,0,0,0.035,3.03,0.01,0.09,あと3日,https://detail.chiebukuro.yahoo.co.jp/qa/question_detail/q12324883777,長くなっちゃうけど中3片思いの話聞いてください。 わたしには気になる人がいます。同じクラスで頭もよく性格以外は完璧な男子です。 その人は中1の時にほんとに顔だけでちょっと気になってた時期がありました。...,0,0
2658,2026/2/1 2:26,料理、食材,urf********,15時間39分,7,88,12.6,0,0,0.094,7.95,0.01,0.47,あと3日,https://detail.chiebukuro.yahoo.co.jp/qa/question_detail/q10324883775,今ってお米高いじゃないですか？ 現在、炊飯器は持ってないので、ご飯パックを購入してます。 大体180gで110円です。 炊飯器を購入してお米（5キロ）購入してた方がお得ですか？ 今って銘柄にもよると思...,0,0
2659,2026/2/1 2:26,友人関係の悩み,非公開,15時間39分,1,19,19.0,0,0,0.02,5.26,0.0,0.07,あと3日,https://detail.chiebukuro.yahoo.co.jp/qa/question_detail/q11324883776,友達と通話中に、ご飯を食べに行く約束をしたので、高速で帰らなければ間に合わない時間と距離だったので、予定外で高速で帰宅しました。 というか待ち合わせのファミレスに行きました。 私が食事を注文しても友人...,0,0
2660,2026/2/1 2:26,友人関係の悩み,a,15時間39分,3,42,14.0,0,0,0.045,7.14,0.01,0.2,あと3日,https://detail.chiebukuro.yahoo.co.jp/qa/question_detail/q14324883774,私の心が狭すぎる問題なのですが、素朴な疑問を聞いてください。高校1年生女子です。 数ヶ月前に仲のいいグループの私以外が同じ月に誕生日だったため、お誕生日おめでとうの会をしました。プレゼントを1人500...,0,0
2661,2026/2/1 2:26,おもちゃ,1149956265,15時間39分,0,2,2.0,0,0,0.002,0.0,0.0,0.0,あと3日,https://detail.chiebukuro.yahoo.co.jp/qa/question_detail/q12324883772,テラスタルフェスexのブースターsrを持っているのですが、まだ持っていた方が良いのでしょうか？,0,0
2662,2026/2/1 2:26,恋愛相談、人間関係の悩み,aa1bf9cd6,15時間39分,1,36,36.0,0,0,0.038,2.78,0.01,0.09,あと3日,https://detail.chiebukuro.yahoo.co.jp/qa/question_detail/q11324883771,1ヶ月近く付き合った彼女た最近別れてしまいました。私が相手の方に嫌なことを言ってしまい、そこから冷めてしまったと言われました。 私はその女性のことが大好きでどうしても復縁したいのですが、自分の行ったこ...,0,0
2664,2026/2/1 2:25,気象、天気,1149998078,15時間40分,1,72,72.0,1,0,0.077,1.39,0.06,0.24,あと3日,https://detail.chiebukuro.yahoo.co.jp/qa/question_detail/q13324883768,僕は青森市に住んで2年目になるのですが、毎日雪が降り雪かきが大変です。ただ、除雪がダメなのではなく単純に青森市の雪に慣れていないので疲れているだけです。青森市の除雪は何が問題なのでしょうか？ 災害救助...,0,0
2665,2026/2/1 2:25,料理、食材,叡禅和尚,15時間41分,1,10,10.0,0,0,0.011,10.0,0.0,0.06,あと3日,https://detail.chiebukuro.yahoo.co.jp/qa/question_detail/q12324883767,至急 イチゴのショートケーキは健康食品ですよね？,0,0
2666,2026/2/1 2:25,ファッション,1049792862,15時間41分,0,6,6.0,0,0,0.006,0.0,0.0,0.01,あと3日,https://detail.chiebukuro.yahoo.co.jp/qa/question_detail/q10324883765,Q100のkittyccyは本物扱っていますか？ アウトレット店舗のセールより少し安いので気になっています。,0,0
2667,2026/2/1 2:25,女性アイドル,c,15時間41分,0,5,5.0,0,0,0.005,0.0,0.0,0.01,あと3日,https://detail.chiebukuro.yahoo.co.jp/qa/question_detail/q14324883764,この時の他のメンバーの画像とかは無いんでしょうか、？,0,0
2668,2026/2/1 2:25,家族関係の悩み,50もそう遠くないと自覚したおっ,15時間41分,4,41,10.2,0,0,0.044,9.76,0.0,0.26,あと3日,https://detail.chiebukuro.yahoo.co.jp/qa/question_detail/q13324883763,『愛してる。』って、 女が言ってきたって、 誰かと取っ替えの効く代用品でしかないんだ？,0,0
2669,2026/2/1 2:25,恋愛相談、人間関係の悩み,y5xtuv,15時間41分,2,36,18.0,0,2,0.038,5.56,0.01,0.21,あと3日,https://detail.chiebukuro.yahoo.co.jp/qa/question_detail/q12324883762,同じ高校の男の子についてです！ 私は現在18歳の女子高校生です。 同じ高校でやりらみたいな感じでは無いんですけど、たばこ、パチンコをやってる人がいます。 その人からつい最近dmがきてやり取りしています...,0,0
2670,2026/2/1 2:25,病気、症状,ce672a7bf,15時間41分,6,39,6.5,0,0,0.041,15.38,0.0,0.36,あと3日,https://detail.chiebukuro.yahoo.co.jp/qa/question_detail/q11324883761,パニック障害の軽い症状なのかな？と気になっています。 20代女です。 10代後半から、たまに1.2分間くらい動悸がして息が苦しくて息切れっぽくなる、みたいな感覚になることがあります。ほんとにたまに、で...,0,0
2671,2026/2/1 2:25,食事のマナー,非公開,15時間41分,9,134,14.9,0,19,0.142,6.72,0.02,1.22,あと3日,https://detail.chiebukuro.yahoo.co.jp/qa/question_detail/q10324883760,うどんの麺を一本ずつ食べるのってぶりっ子ですか？ 給食のときに男子に「お前ぶりっ子かよ」って言われました 汁が飛ぶので一本ずつ食べます 家では普通に啜ってますけど… 一本ずつってマナー悪いとかあるんで...,0,0
2672,2026/2/1 2:25,ご近所の悩み,匿名です,15時間41分,3,88,29.3,0,4,0.093,3.41,0.03,0.38,あと3日,https://detail.chiebukuro.yahoo.co.jp/qa/question_detail/q14324883759,アパートの隣人の騒音トラブルについてです。最近隣に引っ越して来た若い大学生くらいのお兄さんらしき人なのですが毎日夜中0時過ぎて寝付く頃に隣の部屋から車のエンジン音らしき音？ ブォーンという飛行機か車か...,0,0
2673,2026/2/1 2:25,邦楽,知恵袋盛り上げ隊,15時間41分,16,72,4.5,1,28,0.076,22.22,0.0,1.92,あと3日,https://detail.chiebukuro.yahoo.co.jp/qa/question_detail/q13324883758,鳥 で思い浮かぶ曲は？,0,0
2674,2026/2/1 2:25,派遣、アルバイト、パート,1153339068,15時間41分,4,98,24.5,0,0,0.104,4.08,0.03,0.32,あと3日,https://detail.chiebukuro.yahoo.co.jp/qa/question_detail/q12324883757,新しいアルバイト先で悩んでいます。 職場で「普通に考えたらわかるでしょ」と言われることが多く、すでに諦められているように感じています。 働いているのは高級な飲食店で、お客様もこれまで自分が接してきた層...,0,0
2675,2026/2/1 2:25,友人関係の悩み,1253191481,15時間41分,3,21,7.0,0,4,0.022,14.29,0.0,0.31,あと3日,https://detail.chiebukuro.yahoo.co.jp/qa/question_detail/q11324883756,悪口言う子は必ずバチが当たりますかね。学校行けなくなるまで追い込まれて他の人には私が悪いかの様に言われて、そいつらがこれから苦しまないと気が済まないです,0,0
2676,2026/2/1 2:25,ファッション,あ,15時間41分,0,3,3.0,0,0,0.003,0.0,0.0,0.0,あと3日,https://detail.chiebukuro.yahoo.co.jp/qa/question_detail/q14324883754,綺麗なお姉様方に質問です 語彙力がなく伝わるか分からないのですが最後まで読んでご回答してくださると嬉しいです 私は可愛いお洋服が着るのが大好きなんですがお姉様方は一度着た服は最低でも何日置いてきてます...,0,0
2677,2026/2/1 2:25,デジタル一眼レフ,1151066868,15時間41分,2,19,9.5,0,0,0.02,10.53,0.0,0.13,あと3日,https://detail.chiebukuro.yahoo.co.jp/qa/question_detail/q10324883755,CanonEOSr50を使っているのですが、主にディズニーのショーパレを撮っています、毎回4000枚とかシャッターを切っているので、 シャッターの寿命と言われている約10万ショットなんてすぐ来てしまう...,0,0
2678,2026/2/1 2:24,友人関係の悩み,ms********,15時間43分,1,43,43.0,0,1,0.046,2.33,0.02,0.13,不明,https://detail.chiebukuro.yahoo.co.jp/qa/question_detail/q13324883753,友達への誕生日プレゼント悩んでます。 私の誕生日に、シースルーで首と袖先がフリルになった薄手のトップスをプレゼントしてくれました。 これがすごく使いやすくて合わせやすくて、聞けば流行ってるらしいです。...,0,0
2679,2026/2/1 2:24,メルカリ,1253108873,15時間43分,0,12,12.0,0,0,0.013,0.0,0.0,0.01,あと3日,https://detail.chiebukuro.yahoo.co.jp/qa/question_detail/q12324883752,質問です。 メルカリのお問い合わせフォームでお問い合わせした場合返事はgメールに届くのでしょうか？ 電話番号でログインしていたのですがスマホを誤って初期化してからログインすることができず…。 お問い合...,0,0
2680,2026/2/1 2:24,生き方、人生相談,a2092e8c7,15時間43分,1,9,9.0,0,0,0.01,11.11,0.0,0.06,あと3日,https://detail.chiebukuro.yahoo.co.jp/qa/question_detail/q11324883751,20代から30代位の年齢の方に質問です！ 自分は20代後半ですが色々あって学生時代の交友関係今は全くありません。基本1人です。 家族とは会います。今の生活に満足はしています。 ここからが質問でLINE...,0,0
2681,2026/2/1 2:24,家族関係の悩み,phd********,15時間43分,2,34,17.0,0,0,0.036,5.88,0.01,0.14,あと3日,https://detail.chiebukuro.yahoo.co.jp/qa/question_detail/q14324883749,世の中のお父さま、あなたの大学生の息子が彼女とグランピングに行きたいと言っています。 実家にはどうなってもいい足車のやっすいフィットがあります、息子はいつもそのフィットを使って友達と出かけたりしていま...,0,0
2682,2026/2/1 2:24,転職,和田丸,15時間43分,0,13,13.0,0,0,0.014,0.0,0.0,0.01,あと3日,https://detail.chiebukuro.yahoo.co.jp/qa/question_detail/q13324883748,求人についてです。 転職サイトでみる雇用形態正社員と記載されている紹介事業所による求人は全て実際に勤務する会社では派遣ということですか？,0,0
2683,2026/2/1 2:24,パソコン,1151710236,15時間43分,1,18,18.0,0,0,0.019,5.56,0.0,0.07,あと3日,https://detail.chiebukuro.yahoo.co.jp/qa/question_detail/q12324883747,クラック、海賊版、盗賊版について質問です。 TikTokでAEでアニメクリップの高画質化の方法を教えてくれる人がいたのでdmで教えてもらおうと思ったんですが最初なんかccのプリセットをくれて使おうとし...,0,0
2684,2026/2/1 2:24,料理、食材,叡禅和尚,15時間43分,0,12,12.0,0,0,0.013,0.0,0.0,0.01,あと3日,https://detail.chiebukuro.yahoo.co.jp/qa/question_detail/q10324883745,至急 焼きそば=健康食品ですよね？ どう考えても。,0,0
2685,2026/2/1 2:24,コミック,ce889a89e,15時間43分,0,21,21.0,0,0,0.022,0.0,0.0,0.02,あと3日,https://detail.chiebukuro.yahoo.co.jp/qa/question_detail/q12324883742,昔友達の家で読んだ漫画を読み返したくて探しています。 特徴は ・少女漫画っぽい感じで恋愛が描かれてました ・主人公が女の子でおさげで三つ編みをしていたはずです ・その主人公が終盤で亡くなってしまいます...,0,0
2686,2026/2/1 2:24,オーディオ,a4992c85e,15時間43分,3,18,6.0,0,0,0.019,16.67,0.0,0.18,あと3日,https://detail.chiebukuro.yahoo.co.jp/qa/question_detail/q11324883741,Bluetoothスピーカーについて質問です 有線で接続した場合別で電源を取らないといけないでしょうか,0,0
2687,2026/2/1 2:24,メンズ全般,非公開,15時間43分,1,12,12.0,0,0,0.013,8.33,0.0,0.07,あと3日,https://detail.chiebukuro.yahoo.co.jp/qa/question_detail/q10324883740,ラルフローレンのニットで偽物が出回ってますけど、ラルフ好きでも見抜けなくなってきましたよね最近？？,0,0
2688,2026/2/1 2:24,恋愛相談、人間関係の悩み,a2092e8c7,15時間43分,1,5,5.0,0,0,0.005,20.0,0.0,0.06,あと3日,https://detail.chiebukuro.yahoo.co.jp/qa/question_detail/q14324883739,20代から30代位の年齢の方に質問です！ 自分は20代後半ですが色々あって学生時代の交友関係今は全くありません。基本1人です。 家族とは会います。今の生活に満足はしています。 ここからが質問でLINE...,0,0
2689,2026/2/1 2:24,就職活動,冬,15時間43分,1,23,23.0,0,0,0.024,4.35,0.01,0.08,あと3日,https://detail.chiebukuro.yahoo.co.jp/qa/question_detail/q13324883738,工学院大学出身の学部卒です。 沖電気工業から内定を頂いたのですが、こちらの企業に就職するとして、客観的に見て入社する価値や会社の評価はどうなのでしょうか。また、転職するとして転職市場ではどのくらいの立...,0,0
2690,2026/2/1 2:24,音楽,hyx********,15時間43分,1,20,20.0,0,0,0.021,5.0,0.0,0.07,あと3日,https://detail.chiebukuro.yahoo.co.jp/qa/question_detail/q12324883737,https://youtu.be/22KZG8VSAM0?si=5K-7vt2xtTyUzvch この動画の4つ目に出てくる曲はなんて曲ですか？,0,0
2691,2026/2/1 2:23,携帯型ゲーム全般,1052256643,15時間44分,2,10,5.0,0,0,0.011,20.0,0.0,0.12,あと3日,https://detail.chiebukuro.yahoo.co.jp/qa/question_detail/q11324883736,ブロスタについて質問です ゴールドメカクロウのスキンは何エメラルドで買えますか？,0,0
2692,2026/2/1 2:23,外国映画,a41ccac54,15時間44分,1,18,18.0,0,0,0.019,5.56,0.0,0.07,あと3日,https://detail.chiebukuro.yahoo.co.jp/qa/question_detail/q10324883735,https://www.instagram.com/reel/DTz46DWDh8Q/?igsh=MXZ5NXJjMXBlbTN3bw== この映画を教えてください,0,0
2693,2026/2/1 2:23,恋愛相談、人間関係の悩み,wmq********,15時間45分,1,19,19.0,0,0,0.02,5.26,0.0,0.07,あと3日,https://detail.chiebukuro.yahoo.co.jp/qa/question_detail/q13324883733,男子大学生です。 バイトに好きな人がいます。 半年ほど前好きな人とインスタをフォローし合いましたが2ヶ月ほど前にフォロー解除されてしまいました。 そしてここ半年ほど彼女が忙しくて彼女と会う機会がありま...,0,0
2694,2026/2/1 2:23,トレーニング,しじ,15時間45分,1,10,10.0,0,0,0.011,10.0,0.0,0.06,あと3日,https://detail.chiebukuro.yahoo.co.jp/qa/question_detail/q12324883732,腹筋を鍛えるために筋トレをしているのですが、つい息が止まってしまいます 一度に30回を目安にしているのでそれまで少ししか息が吸えません 何かいい方法はありませんか？,0,0
2695,2026/2/1 2:23,決済、ポイントサービス,clo********,15時間45分,1,10,10.0,0,0,0.011,10.0,0.0,0.06,あと3日,https://detail.chiebukuro.yahoo.co.jp/qa/question_detail/q11324883731,楽天ペイを他社のオンラインストア等で使用する際、一部を楽天ポイント、残りをキャッシュで支払うことはできないのでしょうか？ 「楽天ポイントから優先して使う」にチェックを入れ、使用したいポイントを入力した...,0,0
2696,2026/2/1 2:23,日本語,mg4********,15時間45分,2,31,15.5,0,0,0.033,6.45,0.01,0.14,あと3日,https://detail.chiebukuro.yahoo.co.jp/qa/question_detail/q10324883730,「一皮剥けた」っていう表現、成長したみたいなニュアンスですよね？ これ、由来はやっぱり男性のアレから来てるんですか...？,0,0
2697,2026/2/1 2:23,芸能人,bb0e7bd31,15時間45分,0,8,8.0,0,0,0.008,0.0,0.0,0.01,あと3日,https://detail.chiebukuro.yahoo.co.jp/qa/question_detail/q14324883729,この画像の人誰ですか？,0,0
2698,2026/2/1 2:23,温泉,aa8a97c3b,15時間45分,7,60,8.6,0,9,0.063,11.67,0.01,0.72,あと3日,https://detail.chiebukuro.yahoo.co.jp/qa/question_detail/q13324883728,温泉旅行 何がいい？ 温泉旅行の良さが分かりません。 なぜ温泉旅行に行くのでしょうか？ わざわざ遠くまで車や電車で行き、 温泉入って寝て10時にはチェックアウトなのに 安くても１万円程度かかります。,0,0
2699,2026/2/1 2:23,占い,blz********,15時間45分,1,21,21.0,0,0,0.022,4.76,0.0,0.08,不明,https://detail.chiebukuro.yahoo.co.jp/qa/question_detail/q12324883727,夢占いお願い致します。 昔好きだった人が私の家で、家族とリラックスして話している夢を見ました。 どんな意味がありますか？ 宜しくお願い致します。,0,0
2700,2026/2/1 2:23,鉄道、列車、駅,1051822891,15時間45分,3,41,13.7,0,0,0.043,7.32,0.01,0.2,あと3日,https://detail.chiebukuro.yahoo.co.jp/qa/question_detail/q11324883726,青春18きっぷ以外のトクトクきっぷを知らないで損をしている人は少なくないと思いますか? トクトクきっぷでは青春18きっぷがダントツの知名度だと思います。鉄道に詳しくない人でも知っていると思います。青春...,0,0
2701,2026/2/1 2:22,日本史,mus********,15時間46分,6,71,11.8,0,10,0.075,8.45,0.01,0.71,あと3日,https://detail.chiebukuro.yahoo.co.jp/qa/question_detail/q10324883725,大東亜戦争において、日本がアメリカに勝つにはアメリカの東側を制圧することが不可欠だったと考えます。 ところで、東側に回るにはどの航路が最適だったのでしょう？ パナマ運河経由。 すんなり通してくれるとは...,0,0
2702,2026/2/1 2:22,プレイステーション4,Refreshing_Tea,15時間46分,1,4,4.0,0,1,0.004,25.0,0.0,0.09,あと3日,https://detail.chiebukuro.yahoo.co.jp/qa/question_detail/q12324883722,PCでストリートファイター6をデュアルショック4（PS4コントローラ）でプレイしています。※有線接続 時々プレイ中に操作が利かなくなったり、入力されたままになってしまうことがあります。 このとき、コン...,0,0
2703,2026/2/1 2:22,家族関係の悩み,ガキ,15時間46分,4,87,21.8,1,2,0.092,4.6,0.02,0.47,あと3日,https://detail.chiebukuro.yahoo.co.jp/qa/question_detail/q11324883721,中学3年です 母親の浮気をしってしまってて、自分でもどうしたらいいか分かりません。妹がいるのですが妹は両親どちらも大好きで離婚などが怖くて行動できません。今日母親が浮気相手と他のスマホを使って何かして...,0,0
2704,2026/2/1 2:22,Yahoo!知恵袋,1252924904,15時間46分,1,35,35.0,0,2,0.037,2.86,0.01,0.15,あと3日,https://detail.chiebukuro.yahoo.co.jp/qa/question_detail/q10324883720,2年前に回答した質問にBAを頂きましたが、どういう心理なのでしょうか。 棚卸し的な…？,0,0
2705,2026/2/1 2:22,転職,和田丸,15時間46分,0,3,3.0,0,0,0.003,0.0,0.0,0.0,あと3日,https://detail.chiebukuro.yahoo.co.jp/qa/question_detail/q14324883719,紹介事業所による求人の見方について。 わたしの気になる求人が紹介事業所による求人で働き方は正社員と記載されているのですがこれはUTエージェントという会社で正社員としてということであって実際に勤務する会...,0,0
2706,2026/2/1 2:22,テーマパーク,njb********,15時間46分,1,37,37.0,0,0,0.039,2.7,0.01,0.09,あと3日,https://detail.chiebukuro.yahoo.co.jp/qa/question_detail/q13324883718,ディズニーシーに2月23日の祝日月曜日に行くのですが、 ソアリンにDPAで乗る場合 待ち時間はだいたい何分くらいで乗れますか？,0,0
2707,2026/2/1 2:22,大学受験,1053305527,15時間47分,1,27,27.0,0,0,0.029,3.7,0.01,0.08,あと3日,https://detail.chiebukuro.yahoo.co.jp/qa/question_detail/q12324883717,看護学科の方に質問です。 ○○大学の何学部？って聞かれたら、 ｢医学部です｣か、｢医学部の看護学科｣です。 とどちらで答えますか？ 医学部です。って答えたらやはり驚かれますか？,0,0
2708,2026/2/1 2:22,冠婚葬祭,1152595371,15時間47分,1,10,10.0,0,0,0.011,10.0,0.0,0.06,あと3日,https://detail.chiebukuro.yahoo.co.jp/qa/question_detail/q11324883716,袱紗を買い忘れてしまい、ハンカチも持っていません。そのまま持っていくのはやはり良くないでしょうか。 クリアファイルに入れて汚れや折れを防ぎたいのですが、他になにかいい方法はありませんか？,0,0
2709,2026/2/1 2:22,邦楽,知恵袋盛り上げ隊,15時間47分,14,58,4.1,2,18,0.061,24.14,0.0,1.58,あと3日,https://detail.chiebukuro.yahoo.co.jp/qa/question_detail/q10324883715,素敵 で思い浮かぶ曲は？,0,0
2710,2026/2/1 2:22,投稿練習,非公開,15時間47分,1,8,8.0,0,0,0.008,12.5,0.0,0.06,不明,https://detail.chiebukuro.yahoo.co.jp/qa/question_detail/q14324883714,本人は特に希望していなかったにもかかわらず、 会社の判断で本社へ異動になるケースがありますよね？ このような「本人の希望ではない本社異動」は、 一般的に ・評価が高い ・優秀と見なされている といった...,0,0
2711,2026/2/1 2:22,生き方、人生相談,a2092e8c7,15時間47分,2,36,18.0,0,0,0.038,5.56,0.01,0.14,あと3日,https://detail.chiebukuro.yahoo.co.jp/qa/question_detail/q13324883713,現在29歳で男でうつ病をわずわって居ます。 嫁と2人暮らしで家族とは毎日LINEしたり月に数回会ったりしたりして良好的です。 しかし色々合ったりして学生時代のかなり仲良かった人も含めて現在は交友関係全...,0,0
2712,2026/2/1 2:22,ライブ、コンサート,Strawberry,15時間47分,0,11,11.0,0,0,0.012,0.0,0.0,0.01,あと3日,https://detail.chiebukuro.yahoo.co.jp/qa/question_detail/q12324883712,優里の『ゆーりんち LIVE 2026-ちょっと早いけど5 周年 』のトレード方法がわかりません。ゆーりんちには入っていて、チケプラトレードにもeプラスでログインしています。 ゆーりんちのTicket...,0,0
2713,2026/2/1 2:22,発達障害,非公開,15時間47分,3,28,9.3,2,0,0.03,10.71,0.0,0.4,あと3日,https://detail.chiebukuro.yahoo.co.jp/qa/question_detail/q11324883711,ASDです。｢あのときもっと相談しておけば…。｣ ってことが多すぎて眠れないです。 大事な相談ほど後回しにしてしまいます。 これってあるあるですか。,0,0
2714,2026/2/1 2:21,パソコン,もやし,15時間48分,1,13,13.0,0,2,0.014,7.69,0.0,0.13,あと3日,https://detail.chiebukuro.yahoo.co.jp/qa/question_detail/q10324883710,デスクトップPCでChromeを使ってネットサーフィンしているときに高頻度でマウスカーソルが消えてしまいます。 設定からグラフィックアクセラレーションをOFFにすれば症状は治るのですが、ONの方がスク...,0,0
2715,2026/2/1 2:21,恋愛相談、人間関係の悩み,a2092e8c7,15時間48分,1,15,15.0,0,0,0.016,6.67,0.0,0.07,あと3日,https://detail.chiebukuro.yahoo.co.jp/qa/question_detail/q13324883708,現在29歳で男でうつ病をわずわって居ます。 嫁と2人暮らしで家族とは毎日LINEしたり月に数回会ったりしたりして良好的です。 しかし色々合ったりして学生時代のかなり仲良かった人も含めて現在は交友関係全...,0,0
2716,2026/2/1 2:21,料理、食材,非公開,15時間48分,5,15,3.0,0,0,0.016,33.33,0.0,0.28,あと3日,https://detail.chiebukuro.yahoo.co.jp/qa/question_detail/q14324883709,カブの煮物を作ったのですが一晩常温でも大丈夫でしょうか？,0,0
2717,2026/2/1 2:21,アニメ、コミック,Bastet,15時間48分,2,12,6.0,0,0,0.013,16.67,0.0,0.12,不明,https://detail.chiebukuro.yahoo.co.jp/qa/question_detail/q12324883707,ヒプマイのグッズについてです。画像のグッズはいつ頃のグッズなのでしょうか？また、中古で売るなら何円辺りがいいでしょうか？,0,0
2718,2026/2/1 2:21,大学受験,やま,15時間48分,4,49,12.2,0,5,0.052,8.16,0.01,0.42,あと3日,https://detail.chiebukuro.yahoo.co.jp/qa/question_detail/q11324883706,中３です。春から高校生になるのですがその高校の偏差値が50程度で今まで勉強をサボりにサボり続けた結果こうなりました。中三の後半になってから気づいてやり出したので手遅れでした。 でも将来いい職について働...,0,0
2719,2026/2/1 2:21,恋愛相談、人間関係の悩み,A,15時間48分,3,12,4.0,0,1,0.013,25.0,0.0,0.2,あと3日,https://detail.chiebukuro.yahoo.co.jp/qa/question_detail/q10324883705,卒業が近いですが3年で初めて同じクラスになって今隣の席の好きな人とインスタを繋げたくてフォローリクエストしたいんですけど迷惑じゃないですか？少し話したことあるくらいだし急だし変に思われちゃいますか？,0,0
2720,2026/2/1 2:21,携帯型ゲーム全般,1052891797,15時間48分,2,25,12.5,0,0,0.026,8.0,0.0,0.13,不明,https://detail.chiebukuro.yahoo.co.jp/qa/question_detail/q14324883704,ゼンゼロに関する質問です。 今きてる独占再上映を20連引いて星5キャラが出なかった場合、ガチャが終わってしまうとその20連は無駄になるということでしょうか？,0,0
2721,2026/2/1 2:21,法律相談,at_********,15時間48分,1,13,13.0,0,1,0.014,7.69,0.0,0.1,あと3日,https://detail.chiebukuro.yahoo.co.jp/qa/question_detail/q13324883703,病気があって仕事を続けられなくなり、まだ少し気力があるうちに今経営している会社を清算しようと考えています。債務も残ります。 その場合、返済滞る前に弁護士を雇って金融機関と対応した方がいいか、金融機関か...,0,0
2722,2026/2/1 2:20,学校の悩み,1153142004,15時間50分,2,24,12.0,0,0,0.025,8.33,0.0,0.13,あと3日,https://detail.chiebukuro.yahoo.co.jp/qa/question_detail/q12324883702,高校の教師って正直どうですか？もう進路を決めないといけない時期で、なろうか迷ってます。 でも、よくない話も聞くので、本当に先生になるという決断でいいのか不安になります。 若い間は手取りも少ないと聞きま...,0,0
2723,2026/2/1 2:20,LINE,"Ayu,",15時間50分,1,7,7.0,0,0,0.007,14.29,0.0,0.06,あと3日,https://detail.chiebukuro.yahoo.co.jp/qa/question_detail/q11324883701,至急！LINEのゲームであるスペースコレクションっていうゲームなんですけどどうやってガチャ券を交換できるんですか？,0,0
2724,2026/2/1 2:20,政治、社会問題,1D非公開,15時間50分,6,44,7.3,0,2,0.046,13.64,0.0,0.42,あと3日,https://detail.chiebukuro.yahoo.co.jp/qa/question_detail/q10324883700,れいわ新選組の議席が減る予測ですが、今までれいわ新選組に投票していた人は参政党に投票している、投票するつもりだと考えられているのですか？,0,0
2725,2026/2/1 2:20,アニメ,enq********,15時間50分,1,10,10.0,0,0,0.011,10.0,0.0,0.06,あと3日,https://detail.chiebukuro.yahoo.co.jp/qa/question_detail/q14324883699,【至急】ちびまる子ちゃんのブー太郎の口がナイキになってる画像知りませんか？,0,0
2726,2026/2/1 2:20,料理、食材,叡禅和尚,15時間50分,4,38,9.5,0,0,0.04,10.53,0.0,0.25,あと3日,https://detail.chiebukuro.yahoo.co.jp/qa/question_detail/q13324883698,至急 ポテトチップスは健康食品ですよね？ どう考えても。,0,0
2727,2026/2/1 2:20,政治、社会問題,える,15時間50分,0,8,8.0,0,0,0.008,0.0,0.0,0.01,あと3日,https://detail.chiebukuro.yahoo.co.jp/qa/question_detail/q12324883697,伊丹駐屯地 と信太山駐屯地 はどちらが治安いいのでしょうか 女子で陸上自衛隊希望です,0,0
2728,2026/2/1 2:20,恋愛相談、人間関係の悩み,ねこ,15時間50分,1,15,15.0,0,0,0.016,6.67,0.0,0.07,あと3日,https://detail.chiebukuro.yahoo.co.jp/qa/question_detail/q11324883696,BeRealのことで質問があります 過去にしたびーりあるのdm→みれる 相手が他の人にしたリアクション→みれる 相手のプロフィール→みれない この状態はブロックされているということですか？ その人が過...,0,0
2729,2026/2/1 2:20,鉄道、列車、駅,1152707661,15時間50分,1,16,16.0,0,0,0.017,6.25,0.0,0.07,あと3日,https://detail.chiebukuro.yahoo.co.jp/qa/question_detail/q14324883694,新幹線のホテルパックについて質問です。 4月後半に東京から新潟に初めて行く予定ですが新幹線のホテルパックはいつから予約可能でしょうか？ 調べると６ヶ月前からと書いてるところもありますが検索してもないと...,0,0
2730,2026/2/1 2:20,K-POP、アジア,1153116294,15時間50分,0,22,22.0,1,0,0.023,0.0,0.0,0.13,あと3日,https://detail.chiebukuro.yahoo.co.jp/qa/question_detail/q13324883693,日プ新世界の配信・投票はmnet plusからなのでしょうか？ produce101japan新世界 日プ4 日プ新世界 日プ ラポネ LAPONE,0,0
2731,2026/2/1 2:20,デンタルケア,cc116f1cf,15時間50分,1,23,23.0,0,1,0.024,4.35,0.01,0.11,あと3日,https://detail.chiebukuro.yahoo.co.jp/qa/question_detail/q12324883692,至急です！ この歯の色、黄色いと思いますか？ また、汚いとか思われて引かれますかね？,0,0
2732,2026/2/1 2:20,女性アイドル,柴野友紀,15時間50分,2,56,28.0,2,0,0.059,3.57,0.02,0.37,あと3日,https://detail.chiebukuro.yahoo.co.jp/qa/question_detail/q11324883691,アイドルグループ櫻坂46の先日あった、そこ曲がったら櫻坂の企画での学力テストで、1位は京都大学出身の勝又春でしたが、勝又でも満点取れないということは、あのペーパーテストはかなり難しいと思いますか？,0,0
2733,2026/2/1 2:20,女性アイドル,c9546100b,15時間50分,2,31,15.5,1,0,0.033,6.45,0.01,0.24,あと3日,https://detail.chiebukuro.yahoo.co.jp/qa/question_detail/q10324883690,櫻坂46について 2期生、3期生で仲良い人、グループ知ってる人教えてください！！ というのも最近、櫻坂46にハマっています。 しかし、アイドルというのは不仲説がつきものですよね。 でも、櫻坂チャンネル...,0,0
2734,2026/2/1 2:19,iPhone,jun********,15時間51分,0,15,15.0,0,0,0.016,0.0,0.0,0.02,あと3日,https://detail.chiebukuro.yahoo.co.jp/qa/question_detail/q14324883689,iPhone使用してますがアップデート後？Googleの検索画面がなぜか変わって大きくなってしまい使いにくいです 元に戻す方法があれば教えて下さいm(__)m,0,0
2735,2026/2/1 2:19,トレーディングカード,ken********,15時間51分,3,18,6.0,0,0,0.019,16.67,0.0,0.18,あと3日,https://detail.chiebukuro.yahoo.co.jp/qa/question_detail/q13324883688,デュエルマスターズについて質問です。 ダイヤモンドソードを唱えた状況下で相手の場に「この子はさわらせないわ！」で出されたクリーチャーがいる場合、「この子はさわらせないわ！」で出たクリーチャーを無視して...,0,0
2736,2026/2/1 2:19,日本語,1053054862,15時間51分,1,31,31.0,0,0,0.033,3.23,0.01,0.09,あと3日,https://detail.chiebukuro.yahoo.co.jp/qa/question_detail/q12324883687,ど忘れしてしまい質問です。 昔はガラケーが使われていて不便だから スマホになりました。ですが最近折りたたみスマホというものが出てきました。こういう 結局戻ってきたら意味がないみたいなことわざなんでした...,0,0
2737,2026/2/1 2:19,テレビ、DVD、ホームシアター,1153050690,15時間51分,0,15,15.0,1,0,0.016,0.0,0.0,0.12,あと3日,https://detail.chiebukuro.yahoo.co.jp/qa/question_detail/q11324883686,神様はじめましたの過去編DVD(23巻の特装版)をメルカリで購入し、テレビやパソコンで見てみたのですが、キャラがアップされてるときは画質が良いのに、離れると画質が荒くなります。 これは何が原因ですか？...,0,0
2738,2026/2/1 2:19,プレイステーション4,k1p********,15時間51分,0,4,4.0,0,0,0.004,0.0,0.0,0.0,あと3日,https://detail.chiebukuro.yahoo.co.jp/qa/question_detail/q14324883684,ps4ドラゴンボールファイターズをps5版にアップグレードすると引き継がれないトロフィーを教えてください。 また、オンライン対戦記録は、リセットされてしまうのでしょうか？ 合わせて回答お願いします。,0,0
2739,2026/2/1 2:19,ピアス,いつも回答ありがとうございます,15時間52分,2,27,13.5,0,0,0.028,7.41,0.0,0.13,あと3日,https://detail.chiebukuro.yahoo.co.jp/qa/question_detail/q13324883683,ピアスの位置について質問です。〇の位置だけ開いてるのってぶっちゃけダサいですよね？ 左右どっちもこの位置です。前は‪✕‬の位置にも開けていたのですが、耳たぶが厚すぎるせいか一年以上経ってもピアスホール...,0,0
2740,2026/2/1 2:19,自転車、サイクリング,b583fd942,15時間52分,12,148,12.3,1,16,0.155,8.11,0.02,1.39,あと3日,https://detail.chiebukuro.yahoo.co.jp/qa/question_detail/q12324883682,自転車カスタムの考え方やどうすべきかについて質問です 私は今ルック車を改造しまくって乗っています。 私は6万くらいのクロスを純正状態で乗るより、安いルック車をカスタムしていき整備の知識を得ながら自分の...,0,0
2741,2026/2/1 2:19,恋愛相談、人間関係の悩み,非公開,15時間52分,3,52,17.3,0,2,0.055,5.77,0.01,0.27,あと3日,https://detail.chiebukuro.yahoo.co.jp/qa/question_detail/q11324883681,指の形ブサイクですよね？ 男です,0,0
2742,2026/2/1 2:19,大学,bc3bd20ec,15時間52分,5,43,8.6,0,0,0.045,11.63,0.0,0.31,あと3日,https://detail.chiebukuro.yahoo.co.jp/qa/question_detail/q10324883680,大学を強制退学になるケースは何ですか？,0,0
2743,2026/2/1 2:19,郵便、宅配,bf43c4c27,15時間52分,4,21,5.2,0,4,0.022,19.05,0.0,0.36,あと3日,https://detail.chiebukuro.yahoo.co.jp/qa/question_detail/q14324883679,郵便で、横12cm縦18cmの箱で発送できますか？,0,0
2744,2026/2/1 2:19,ネイルケア,非公開,15時間52分,4,51,12.8,0,6,0.054,7.84,0.01,0.45,あと3日,https://detail.chiebukuro.yahoo.co.jp/qa/question_detail/q13324883678,至急 こういうメルカリで買えるネイルチップってどうやってつけてますか？ 頑丈につけるにはどうしたらいいですかね,0,0
2745,2026/2/1 2:19,ゲーム,nih********,15時間52分,1,11,11.0,0,0,0.012,9.09,0.0,0.06,あと3日,https://detail.chiebukuro.yahoo.co.jp/qa/question_detail/q12324883677,OWのブロンズの加算ポイントに関して。 最近で戻りランクマをしているのですが DPSブロンズ３、サポブロンズ３、タンクシルバー２の、割り振りになりました。 シルバー帯だけ、以上に加算ポイントが多く ブ...,0,0
2746,2026/2/1 2:18,鉄道、列車、駅,lcl********,15時間53分,2,11,5.5,0,0,0.012,18.18,0.0,0.12,あと3日,https://detail.chiebukuro.yahoo.co.jp/qa/question_detail/q10324883675,阪神元町駅にｴﾚﾍﾞｰﾀｰは ありますか？,0,0
2747,2026/2/1 2:18,歴史,るんるんじい,15時間53分,2,15,7.5,1,3,0.016,13.33,0.0,0.32,あと3日,https://detail.chiebukuro.yahoo.co.jp/qa/question_detail/q14324883674,【倭国の都2】 (倭国の都は)邪めに伊都に届とどき傍かたわら斯馬しまに連つらなる。 張楚金『翰苑』によると。 「伊都」は後の筑前国怡土郡、「斯馬」は後の筑前国志摩郡ですか？ ならば倭国の都は今のどこで...,0,0
2748,2026/2/1 2:18,アニメ,not********,15時間53分,3,26,8.7,0,1,0.027,11.54,0.0,0.22,あと3日,https://detail.chiebukuro.yahoo.co.jp/qa/question_detail/q12324883672,推しの子をアニメで見ています 2期、3期(まだ始まったばかりですが)ともに、見ていて、「あれ、今自分はなんのアニメを見ているんだろう」となるというか、、 芸能関係の裏側を事細かに解説しており、かなり冗...,0,0
2749,2026/2/1 2:18,マナー,非公開,15時間53分,1,16,16.0,0,1,0.017,6.25,0.0,0.1,あと3日,https://detail.chiebukuro.yahoo.co.jp/qa/question_detail/q11324883671,電話の相手の許可なく、人が周りにいる状況で、スピーカーで通話する人って非常識だと思いませんか？これは普通の事なんですか？ それから、車の運転中にもスピーカーの状態というか車用のマイク？を使用しながら会...,0,0
2750,2026/2/1 2:18,友人関係の悩み,1151541027,15時間53分,1,23,23.0,0,0,0.024,4.35,0.01,0.08,あと3日,https://detail.chiebukuro.yahoo.co.jp/qa/question_detail/q10324883670,ネットでチャットできる友達が欲しいです。 リア友とのやり取りがしんどくなってきて、関係値が0の人と話したいです。 男子高校生なのですが、シンプルに友達が欲しいので同性と話したいです。 おすすめのアプリ...,0,0
2751,2026/2/1 2:18,地震,1151844153,15時間53分,4,44,11.0,0,4,0.046,9.09,0.01,0.38,あと3日,https://detail.chiebukuro.yahoo.co.jp/qa/question_detail/q14324883669,南海トラフで被害が出がいと言われている、例えば静岡とか そういう所に住んでいる人は南海トラフについてどう思ってるんですか？ 私は石川県に住んでます 能登地震で軽いトラウマになってしまって、いつ南海トラ...,0,0
2752,2026/2/1 2:18,商品の発送、受け取り,aa0f16d6b,15時間53分,1,28,28.0,1,0,0.029,3.57,0.01,0.19,あと3日,https://detail.chiebukuro.yahoo.co.jp/qa/question_detail/q13324883668,先日ブランド品のスーパーコピーの購入をしました。代引きで購入したのですが、商品を期限内に受け取ることができませんでした。 相手方からインスタやサイトで拡散しますとメールが届きました。この場合なにかいい...,0,0
2753,2026/2/1 2:18,携帯型ゲーム全般,a938398a0,15時間54分,0,12,12.0,0,0,0.013,0.0,0.0,0.01,あと3日,https://detail.chiebukuro.yahoo.co.jp/qa/question_detail/q12324883667,プロスピリーグにつきまして リーグは打順も大事と言われたのですが どう組めばいいか分からなくて このスタメンなら打順はどうすればよろしいでしょうか❓,0,0
2754,2026/2/1 2:18,携帯型ゲーム全般,1051716634,15時間54分,2,28,14.0,0,0,0.029,7.14,0.0,0.13,あと3日,https://detail.chiebukuro.yahoo.co.jp/qa/question_detail/q11324883666,グラブル復帰しました。初心者です。 シェロカルテの特別訓練の後は何をやればいいのでしょうか？ フリクエ初回クリア、サイドストーリー、マルチなど要素がありすぎて分かりません。 それと最近アップロードされ...,0,0
2755,2026/2/1 2:18,生き方、人生相談,チ。ーチキンナゲットについてー,15時間54分,2,22,11.0,0,0,0.023,9.09,0.0,0.13,あと3日,https://detail.chiebukuro.yahoo.co.jp/qa/question_detail/q10324883665,あなたはいったい何時まで起きているんですか？,0,0
2756,2026/2/1 2:18,オンラインゲーム,1051094366,15時間54分,1,8,8.0,0,0,0.008,12.5,0.0,0.06,あと3日,https://detail.chiebukuro.yahoo.co.jp/qa/question_detail/q14324883664,LOLのスキンで、名前が分からない物があります。 記憶違いだったり、見間違えだったらすいません。 1人のチャンピオンのスキンで、車やトロッコやソリが付いているスキンはありますか？ 特徴は、そのスキンの...,0,0
2757,2026/2/1 2:18,受験、進学,電球,15時間54分,1,5,5.0,0,0,0.005,20.0,0.0,0.06,あと3日,https://detail.chiebukuro.yahoo.co.jp/qa/question_detail/q11324883661,勉強について 物理、化学などの基礎は暗記みたいな分野の勉強ってどうやればいいんですか？参考書などを読むだけですか、それとも参考書に書いてあるやつを書きますか？,0,0
2758,2026/2/1 2:18,恋愛相談,非公開,15時間54分,1,30,30.0,0,0,0.031,3.33,0.01,0.08,あと3日,https://detail.chiebukuro.yahoo.co.jp/qa/question_detail/q12324883662,女性は三回目デートの約束をしている男性と会う前に四回目のデートの約束ができるような男性って自分的にどのくらい脈がありますか？,0,0
2759,2026/2/1 2:18,恋愛相談、人間関係の悩み,a23412d68,15時間54分,0,11,11.0,0,0,0.012,0.0,0.0,0.01,あと3日,https://detail.chiebukuro.yahoo.co.jp/qa/question_detail/q13324883663,一目惚れしていいなって思ったことがある女の子が 1年くらい経ってメイク濃くなって見た目に気を使う子になって可愛くはなったけどなんか違うってなることありますか？ 一目惚れした時は自然体でした,0,0
2760,2026/2/1 2:18,菓子、スイーツ,1151687538,15時間54分,0,100,100.0,0,0,0.105,0.0,0.0,0.1,あと3日,https://detail.chiebukuro.yahoo.co.jp/qa/question_detail/q10324883660,ガトーショコラをホールで彼氏に渡したいのですが、4号のケーキ用の箱がダイソーに売ってなく四角いこのような箱を買いました。これにワックスペーパーを2枚重ねて敷いて渡したいんですが、大丈夫なんですかね、？,0,0
2761,2026/2/1 2:18,パチンコ,afcd41e7b,15時間54分,1,17,17.0,0,1,0.018,5.88,0.0,0.1,あと3日,https://detail.chiebukuro.yahoo.co.jp/qa/question_detail/q14324883659,パチンコ eとある科学の超電磁砲PhaseNextについてです。 黒子先ロリ祝福+一方通行のカスタムで先バレも一方通行フラッシュもせずに大当たりしてLTに入ったのですが、一方通行カスタムの一方通行フラ...,0,0
2762,2026/2/1 2:18,住宅,mil********,15時間54分,0,4,4.0,0,0,0.004,0.0,0.0,0.0,あと3日,https://detail.chiebukuro.yahoo.co.jp/qa/question_detail/q13324883658,急に室内に燻ったような焦げ臭い匂いが漂いはじめました。 火の気のあるものを使用してなかったので先ずはコンセント周りなど嗅ぎ回るも特定に至らず。 他の部屋からかもしれないと思い当該の部屋を出て臭いの的を...,0,0
2763,2026/2/1 2:17,鉄道、列車、駅,dai********,15時間55分,1,23,23.0,0,0,0.024,4.35,0.01,0.08,あと3日,https://detail.chiebukuro.yahoo.co.jp/qa/question_detail/q12324883657,土日祝日で西武新宿線が空いている時間帯は何時頃ですか？高田馬場駅から乗ります。 腰が悪いので確実に座って乗車したいです。,0,0
2764,2026/2/1 2:17,洋楽,b6ad5f40a,15時間55分,0,15,15.0,0,0,0.016,0.0,0.0,0.02,あと3日,https://detail.chiebukuro.yahoo.co.jp/qa/question_detail/q10324883655,曲を探しています。 イントロがMAMAMOOのEgotisticにそっくりな曲です。 本当にイントロがそっくりというか、似たような音色で、似たようなリズムのイントロの曲です。 多分ジャンルはKPOPで...,0,0
2765,2026/2/1 2:17,アニメ,baw********,15時間55分,2,20,10.0,0,0,0.021,10.0,0.0,0.13,あと3日,https://detail.chiebukuro.yahoo.co.jp/qa/question_detail/q13324883653,奇面組(旧アニメ版)について 旧アニメ版のハイスクール奇面組を、30話まで視聴しました。 「零くん熱烈ラブコール」のような、零くんと唯ちゃんとのラブコメ回は、他に何話がありますでしょうか？,0,0
2766,2026/2/1 2:17,飛行機、空港,はは,15時間55分,2,26,13.0,0,2,0.027,7.69,0.0,0.19,あと3日,https://detail.chiebukuro.yahoo.co.jp/qa/question_detail/q12324883652,今度JALに乗るんですけど 機内でジンバルを使って外の景色を取りたいんですけど使ってもいいんでしょうか？,0,0
2767,2026/2/1 2:17,家族関係の悩み,み,15時間55分,7,65,9.3,0,11,0.068,10.77,0.01,0.78,あと3日,https://detail.chiebukuro.yahoo.co.jp/qa/question_detail/q11324883651,私は母親を許すべきでしょうか。 私の母親は、特にお酒を飲むと感情的になりやすく、強い言い方をしたり、嫌味を言ってくるタイプです。今までも、酔った母親にイライラしたり、呆れたりすることはありましたが、あ...,0,0
2768,2026/2/1 2:17,邦楽,知恵袋盛り上げ隊,15時間55分,3,19,6.3,1,6,0.02,15.79,0.0,0.47,あと3日,https://detail.chiebukuro.yahoo.co.jp/qa/question_detail/q10324883650,離れない で思い浮かぶ曲は？,0,0
2769,2026/2/1 2:17,郵便、宅配,b984245c,15時間56分,3,16,5.3,0,1,0.017,18.75,0.0,0.2,あと3日,https://detail.chiebukuro.yahoo.co.jp/qa/question_detail/q13324883648,アリエクの住所入力の所で私は 二丁目OのOO という感じの所に住んでいるのですが日本語入力が出来なくアリエクの方で 2-O-OO という形で二丁目を2として入力したのですがのれは無事届くのでしょうか？,0,0
2770,2026/2/1 2:17,ゲーム,1149764228,15時間56分,1,60,60.0,0,0,0.063,1.67,0.04,0.11,あと3日,https://detail.chiebukuro.yahoo.co.jp/qa/question_detail/q12324883647,アークナイツ エンドフィールドについての質問です 重度超域活性点に設備などを置く場合、おすすめの設備などをありますか？ 適当に光線塔を上限まで置いてるんですが敵ごとに設備を使い分けたりした方が良いです...,0,0
2771,2026/2/1 2:17,子育ての悩み,1150481447,15時間56分,0,13,13.0,1,0,0.014,0.0,0.0,0.12,あと3日,https://detail.chiebukuro.yahoo.co.jp/qa/question_detail/q11324883646,生後４ヶ月になったばかりの赤ちゃんがいます。 最近、自閉症ではないかと悩んでいます。 理由 新生児の時に哺乳力が低く眠りがち。 ほぼ泣いていなくて起こさないとミルクを飲めなかった。 後は、新生児から生...,0,0
2772,2026/2/1 2:17,お酒、ドリンク,ものもらい,15時間56分,4,42,10.5,0,1,0.044,9.52,0.0,0.28,あと3日,https://detail.chiebukuro.yahoo.co.jp/qa/question_detail/q10324883645,缶のハイボール350ml1杯で下痢と嘔吐してしまうのはお酒に弱いのでしょうか？ アルコール度数は7パーセントで、飲んだのはトリスハイボールです 20歳になったのでお酒に手を出してみたのですが、飲み干し...,0,0
2773,2026/2/1 2:17,家族関係の悩み,jnn********,15時間56分,8,107,13.4,0,6,0.112,7.48,0.01,0.72,あと3日,https://detail.chiebukuro.yahoo.co.jp/qa/question_detail/q14324883644,サックスレスについて質問です。 2人の子供が生まれた後夜の営みの頻度が減りました。 子供は4歳とにさいです。 旦那とは何度も話し合ってきたけれどなかなか解決せず、今は１ヶ月に一度という約束？のような形...,0,0
2774,2026/2/1 2:17,パソコン,aed11fdd8,15時間56分,5,18,3.6,0,0,0.019,27.78,0.0,0.28,あと3日,https://detail.chiebukuro.yahoo.co.jp/qa/question_detail/q13324883643,パソコンについて質問です。充電器無くしてしまい、エディオンに行ってもこのメーカーは取り扱ってないです。言われてしまい、何処で買えばいいか分かる方居ますか？acerって書いてあります。 新しいパソコン買...,0,0
2775,2026/2/1 2:17,恋愛相談、人間関係の悩み,b146488b7,15時間56分,2,18,9.0,0,4,0.019,11.11,0.0,0.25,あと3日,https://detail.chiebukuro.yahoo.co.jp/qa/question_detail/q12324883642,今年卒業の18歳高校生です 高校一年生ほどからご飯を作ってもらえなくなりました。お金はお昼ご飯合わせて週に3000円ほどです。たまに作ってもらえるときがあるのですがよくわからないドブみたいな料理を大量...,0,0
2776,2026/2/1 2:17,芸能人,ひねくれもの,15時間56分,1,16,16.0,0,0,0.017,6.25,0.0,0.07,あと3日,https://detail.chiebukuro.yahoo.co.jp/qa/question_detail/q11324883641,大沢あかねさんが整形ではないという人がいますが、老化による二重が変化するとよく言います。 他の芸能人で整形ではなくここまで変化した人っていますか？,0,0
2777,2026/2/1 2:16,恋愛相談、人間関係の悩み,cc116f1cf,15時間57分,2,14,7.0,0,0,0.015,14.29,0.0,0.12,あと3日,https://detail.chiebukuro.yahoo.co.jp/qa/question_detail/q10324883640,至急です！JKの皆さんはTikTok友達と繋いでいますか？ 私は4月からJKになります。 インスタ、LINE、ビーリアルなどは友達と繋いでるのですが、TikTokは繋いでいません。 一応アカウントはあ...,0,0
2778,2026/2/1 2:16,美術、芸術,cff4a9ac4,15時間57分,0,9,9.0,0,0,0.009,0.0,0.0,0.01,あと3日,https://detail.chiebukuro.yahoo.co.jp/qa/question_detail/q14324883639,古伊万里にある落款の詳細わかる方教えてください。,0,0
2779,2026/2/1 2:16,政治、社会問題,ワンダーウーマン,15時間57分,4,43,10.8,0,1,0.045,9.3,0.0,0.28,あと3日,https://detail.chiebukuro.yahoo.co.jp/qa/question_detail/q13324883638,中道改革連合は公明党による立憲民主党の乗っ取りですか？,0,0
2781,2026/2/1 2:16,うつ病,1151541027,15時間57分,4,42,10.5,0,0,0.044,9.52,0.0,0.25,あと3日,https://detail.chiebukuro.yahoo.co.jp/qa/question_detail/q11324883636,私は鬱なのですが、鬱に甘えている気がします。 気力がなく常に倦怠感につきまとわれてますが、鬱を言い訳にしてるのかなと最近思います。 鬱を言い訳に休んでるって考えるもっと辛くなります。 気合いでどうにか...,0,0
2782,2026/2/1 2:16,ホテル、旅館,lgk********,15時間57分,7,95,13.6,0,0,0.099,7.37,0.01,0.46,あと3日,https://detail.chiebukuro.yahoo.co.jp/qa/question_detail/q10324883635,10月中頃に沖縄旅行を計画しています。気になっているホテルが残り3部屋！と表示されるのですがもう予約した方がいいんですか？ 8ヶ月先なので早過ぎないかと思ったりしてます。。もし何かあった場合予約を取り...,0,0
2783,2026/2/1 2:16,コミック,名無し,15時間58分,0,11,11.0,0,0,0.011,0.0,0.0,0.01,あと3日,https://detail.chiebukuro.yahoo.co.jp/qa/question_detail/q14324883634,おすすめのBLマンガ教えて欲しいです。 希望は、 主人公（受け） 主人公（女々しくない、強気だと嬉しい） 攻めの愛が重い 性的描写があってほしい ハーレムだとなお良し です！希望多めですがぜひよろしく...,0,0
2784,2026/2/1 2:16,パソコン,b7d154d79,15時間58分,0,13,13.0,0,0,0.014,0.0,0.0,0.01,あと3日,https://detail.chiebukuro.yahoo.co.jp/qa/question_detail/q12324883632,至急どなたかお願いします！ クリスタのこちらのファイルだけ矢印のメニュー表示を押しても何も出なくて開かなくなってしまいました。同じ状況になったことある方や何か方法分かる方教えていただきたいです。,0,0
2785,2026/2/1 2:16,自動車,vsa********,15時間58分,7,88,12.6,0,2,0.092,7.95,0.01,0.52,あと3日,https://detail.chiebukuro.yahoo.co.jp/qa/question_detail/q10324883630,ノーマルタイヤとスタッドレスタイヤは使用感は違いますか？ 私は雪国では無い為スタッドレスを使用した事は有りませんが、今日は県北に用事があり車を走らせると雪が積もってました、道路は除雪されて比較的に綺麗...,0,0
2786,2026/2/1 2:16,アニメ,a3be185c7,15時間58分,2,35,17.5,0,1,0.037,5.71,0.01,0.17,不明,https://detail.chiebukuro.yahoo.co.jp/qa/question_detail/q14324883629,少し前に仕事辞めて今バイトだけしてるんですけど、暇なので今からワンピースのアニメを1からみようと思うんですが、ぶっちゃけ最近のワンピースは面白くないと聞くのでここくらいまで見ればいいとか、 この辺はつ...,0,0
2787,2026/2/1 2:16,ニキビケア,pwo********,15時間58分,1,17,17.0,0,0,0.018,5.88,0.0,0.07,あと3日,https://detail.chiebukuro.yahoo.co.jp/qa/question_detail/q13324883628,背中ニキビってべピオゲル効きますか？ 1ヶ月くらい使ってたんですけど、最初はブツブツが減っていましたが、途中から赤ニキビがたくさん増え始めて、怖くて辞めてしまいました。 これってやめない方が良かったん...,0,0
2788,2026/2/1 2:16,住宅,pir********,15時間58分,3,49,16.3,0,5,0.051,6.12,0.01,0.36,あと3日,https://detail.chiebukuro.yahoo.co.jp/qa/question_detail/q12324883627,太陽光発電とエネファームについて質問です。 今年、築10年を迎えます。 昨年ガス会社の営業マンが定期点検と言う事で我が家を訪れた時、エネファームは10年で買い替えか、給湯器のみにするかになります。と説...,0,0
2789,2026/2/1 2:16,コミック,bac4f0800,15時間58分,0,6,6.0,0,0,0.006,0.0,0.0,0.01,あと3日,https://detail.chiebukuro.yahoo.co.jp/qa/question_detail/q11324883626,私は桃源暗鬼漫画で少しくらいしか読んでないんですが 桃源暗鬼のグッズ類などの疑問があって、ほぼ男性キャラしかなくないですか？1番くじとか、なんかメイド服みたいなやつも女の子いるなら分かるけど男のみのは...,0,0
2790,2026/2/1 2:16,本、雑誌,非公開,15時間58分,1,17,17.0,0,0,0.018,5.88,0.0,0.07,あと3日,https://detail.chiebukuro.yahoo.co.jp/qa/question_detail/q10324883625,薄い冊子のような雑誌の類はBOOKOFFなどの古本屋で売ることは可能でしょうか？返品されますでしょうか？ 聖母の騎士というキリスト教の本です。一冊の単価は確か220円ほどでした。 あと、教科書も買い取...,0,0
2791,2026/2/1 2:16,恋愛相談、人間関係の悩み,非公開,15時間58分,6,133,22.2,0,5,0.139,4.51,0.03,0.61,あと3日,https://detail.chiebukuro.yahoo.co.jp/qa/question_detail/q14324883624,マッチングアプリで出会った男性と3回デートして、正式に付き合ってはいませんが、めちゃくちゃいい感じでした。 1回目のデートから彼のプロフィールのいいね数が徐々に減っていき、3回目のデートのときには5以...,0,0
2792,2026/2/1 2:16,声優,kom********,15時間58分,1,46,46.0,0,0,0.048,2.17,0.02,0.1,あと3日,https://detail.chiebukuro.yahoo.co.jp/qa/question_detail/q12324883622,もしも推しのキャラを演じる声優が何らかの理由で降板すると発表されたら？後任が演じても推し続けますか？それとも辞めますか？,0,0
2793,2026/2/1 2:15,ドラマ,1152066126,15時間59分,2,2,1.0,0,0,0.002,100.0,0.0,0.11,あと3日,https://detail.chiebukuro.yahoo.co.jp/qa/question_detail/q10324883620,escape his loveという中国？ドラマの日本語吹き替え又は字幕バージョンはありますか？,0,0
2794,2026/2/1 2:15,恋愛相談、人間関係の悩み,、,15時間59分,1,34,34.0,0,0,0.035,2.94,0.01,0.09,あと3日,https://detail.chiebukuro.yahoo.co.jp/qa/question_detail/q14324883619,こんばんは一人暮らし23歳男です。 一人暮らしをして二年目に入るのですが、仕事仲間から彼女作ればかり言うてうるさすぎるので彼女をつくる許容範囲の年代はどこまででしょうか？あと女性とのお付き合いする中で...,0,0
2795,2026/2/1 2:15,恋愛相談、人間関係の悩み,c89dfea23,15時間59分,4,72,18.0,0,0,0.075,5.56,0.01,0.28,あと3日,https://detail.chiebukuro.yahoo.co.jp/qa/question_detail/q13324883618,旦那の行動が怖い 産後 赤ちゃん 生後1ヶ月の赤ちゃんがいます。 毎日ギャン泣きで夫婦共に疲労が溜まってました。 （旦那も育休中です） 今日もまたずっと泣いてて 旦那が代わりにあやしてくれていたのです...,0,0
2796,2026/2/1 2:15,ファッション,叡禅和尚,15時間59分,2,18,9.0,0,0,0.019,11.11,0.0,0.12,あと3日,https://detail.chiebukuro.yahoo.co.jp/qa/question_detail/q11324883616,至急 カナダグースが高いのはあのワッペン代ですよね？,0,0
2797,2026/2/1 2:15,地震,チ。ーチキンナゲットについてー,16時間0分,4,30,7.5,0,4,0.031,13.33,0.0,0.36,あと3日,https://detail.chiebukuro.yahoo.co.jp/qa/question_detail/q10324883615,地震の前兆として虫や鳥などが異常な行動をすることがあるみたいですがなんでですか？なんか響いているんですか？,0,0
2798,2026/2/1 2:15,イヌ,ち沼真一,16時間0分,2,13,6.5,0,0,0.014,15.38,0.0,0.12,あと3日,https://detail.chiebukuro.yahoo.co.jp/qa/question_detail/q14324883614,犬は何歳までに避妊・去勢をすると、将来の病気の予防効果が最も高くなるのでしょうか？,0,0
2799,2026/2/1 2:15,楽天市場,Tomato.,16時間0分,1,21,21.0,0,0,0.022,4.76,0.0,0.07,不明,https://detail.chiebukuro.yahoo.co.jp/qa/question_detail/q13324883613,楽天市場のポイント還元率についての質問です。 楽天市場で買い物をするとき、楽天キャッシュで支払うのと、コンビニ払いで支払うのではどちらがポイント還元率が高いですか？,0,0
2800,2026/2/1 2:15,賃貸物件,c95174b44,16時間0分,2,48,24.0,0,1,0.05,4.17,0.01,0.19,あと3日,https://detail.chiebukuro.yahoo.co.jp/qa/question_detail/q12324883612,【至急】 生活保護受給者です。 去年の6月から違う区に引っ越して区役所が変わりました。 6月より以前は実家（ローンは父が負担）に住んでました。その頃は支給額が76000円ほどで、アパートに引っ越してか...,0,0
2801,2026/2/1 2:15,ファッション,りゃうさけ,16時間0分,0,9,9.0,0,0,0.009,0.0,0.0,0.01,あと3日,https://detail.chiebukuro.yahoo.co.jp/qa/question_detail/q11324883611,韓国ファッションアプリの、ablyはamoodの母体？的なものと聞いたんですが、ablyで売っている服はamoodにもありますか？,0,0
2802,2026/2/1 2:15,刀剣乱舞,a2b23cbd5,16時間0分,2,86,43.0,0,0,0.09,2.33,0.04,0.19,あと3日,https://detail.chiebukuro.yahoo.co.jp/qa/question_detail/q10324883610,刀剣乱舞の大阪城について 99階制覇済み 現在槍が出ない88を周回してるんですが大太刀、薙刀を育ててる為90以降の経験値がかなり欲しいです。 一応丙子椒林剣は持ってるのですが育成も遠征も出来ていない為...,0,0
2803,2026/2/1 2:14,レディース全般,bb42b91d2,16時間1分,0,10,10.0,0,0,0.01,0.0,0.0,0.01,あと3日,https://detail.chiebukuro.yahoo.co.jp/qa/question_detail/q12324883607,今週の月曜日にZARAでダウンを購入したのですが、配送予定の水曜日になっても、宅配便業者により集荷済みで止まっています。いつ頃届くのでしょうか？,0,0
2804,2026/2/1 2:14,コミック,a82719891,16時間1分,0,13,13.0,0,0,0.014,0.0,0.0,0.01,あと3日,https://detail.chiebukuro.yahoo.co.jp/qa/question_detail/q11324883606,今のワンピースって酷くないですか？ 伏線（後付祭り）、意味分からん台詞回し（やめてくれ 降参だ）、引き伸ばし、匂わせだけ、情報を開示しない（ベカパンクの演説）、一味のモブ化、既存☀︎過去キャラの株下げ...,0,0
2805,2026/2/1 2:14,ヘアスタイル,lD非公開,16時間1分,1,10,10.0,0,0,0.01,10.0,0.0,0.06,あと3日,https://detail.chiebukuro.yahoo.co.jp/qa/question_detail/q10324883605,一般企業でエクステとかつけてきたら流石に様子おかしいですか？ ショートからロングに変えるエクステで、色も奇抜なものではなく普通に暗髪です。,0,0
2807,2026/2/1 2:14,工学,ツインレイ,16時間1分,2,8,4.0,0,0,0.008,25.0,0.0,0.11,あと3日,https://detail.chiebukuro.yahoo.co.jp/qa/question_detail/q13324883603,遠隔操作ロボットとは？,0,0
2808,2026/2/1 2:14,英語,U,16時間1分,3,48,16.0,0,0,0.05,6.25,0.01,0.21,あと3日,https://detail.chiebukuro.yahoo.co.jp/qa/question_detail/q12324883602,英語で「一番〜しそうにない人」The last person to 〜 という表現がありますが、 これは自虐っぽいニュアンスでも使えるのでしょうか？ 例えば、「デジタル機器に疎いから、最後の一人になる...,0,0
2809,2026/2/1 2:14,職場の悩み,ほ,16時間1分,0,4,4.0,0,0,0.004,0.0,0.0,0.0,あと3日,https://detail.chiebukuro.yahoo.co.jp/qa/question_detail/q11324883601,仕事について失礼です。 現在建設会社の資材課で働いて居るのですが急に移転と言う事になりました。そのせいで自分含め2人居てたのですが会社が移転するなら辞めると言われて移転後自分一人になってしまいます。電...,0,0
2810,2026/2/1 2:14,ペット,エリカ,16時間1分,0,3,3.0,0,0,0.003,0.0,0.0,0.0,あと3日,https://detail.chiebukuro.yahoo.co.jp/qa/question_detail/q10324883600,避妊・去勢の意思決定を行う際、医療者が飼い主に必ず説明すべき「リスクの非対称性」とは何でしょうか？,0,0
2811,2026/2/1 2:14,自動車,匿名,16時間1分,1,36,36.0,0,2,0.037,2.78,0.01,0.15,あと3日,https://detail.chiebukuro.yahoo.co.jp/qa/question_detail/q14324883599,車 充電 カスタマイズ 新しく買う車には、スマホの充電口が付いていません。シガーソケットで使うタイプの「USB充電口」を購入したいのですが、安全な物でオススメはありますでしょうか？ Amazonかヨド...,0,0
2812,2026/2/1 2:14,就職活動,11364I20,16時間2分,2,13,6.5,0,0,0.014,15.38,0.0,0.12,あと3日,https://detail.chiebukuro.yahoo.co.jp/qa/question_detail/q12324883597,面接官は敬意を示せ的な尊大な態度な人がいるのはどうしてでしょうか？ まだ赤の他人であり、上下関係を面接に持ち込むのは早いのではないでしょうか？,0,0
2813,2026/2/1 2:14,カラオケ,ひんけつ,16時間2分,2,31,15.5,0,0,0.032,6.45,0.0,0.14,不明,https://detail.chiebukuro.yahoo.co.jp/qa/question_detail/q13324883598,中学生2人と小学生1人だけでカラオケを利用することは可能ですか？,0,0
2814,2026/2/1 2:14,家族関係の悩み,c4146612b,16時間2分,1,20,20.0,0,0,0.021,5.0,0.0,0.07,あと3日,https://detail.chiebukuro.yahoo.co.jp/qa/question_detail/q11324883596,13歳の時に父親と死別しました。それから2年経っても悲しみは消えません。Youtubeで親子で仲良くしている動画を見たり、夜中によく思い出してしまいます。気づいたら涙が溢れていて。 なんかもう2度と会...,0,0
2815,2026/2/1 2:14,大学受験,1152080079,16時間2分,3,9,3.0,0,0,0.009,33.33,0.0,0.17,あと3日,https://detail.chiebukuro.yahoo.co.jp/qa/question_detail/q10324883595,EARTHRISE総合英語と総合英語FACTBOOKどっちの方がいいと思いますか？ 一応大岩何周かやり終わって次どっちかをやろうと思ってるんですけど！ どっちの方が内容が分かりやすいとか大岩の次ぐらい...,0,0
2816,2026/2/1 2:14,女性の病気,tmjpajtdgwtmgat,16時間2分,4,87,21.8,0,8,0.09,4.6,0.02,0.55,あと3日,https://detail.chiebukuro.yahoo.co.jp/qa/question_detail/q14324883594,子宮全摘された方、その後、性生活は問題ありませんか？ 子宮筋腫があり全摘を考えています。,0,0
2817,2026/2/1 2:13,メンズ全般,1152109686,16時間3分,0,13,13.0,0,0,0.013,0.0,0.0,0.01,あと3日,https://detail.chiebukuro.yahoo.co.jp/qa/question_detail/q13324883593,大至急！ こちらのカナダグースは本物ですか？,0,0
2818,2026/2/1 2:13,法律相談,b355f5be4,16時間3分,2,31,15.5,1,2,0.032,6.45,0.0,0.3,不明,https://detail.chiebukuro.yahoo.co.jp/qa/question_detail/q12324883592,アニメの著作権の話です。 アニメの音声を組み合わせて動画を作ってYouTubeに上げてみたいんですけど、音声を切り取ってインターネット上に動画を上げてしまったら、著作権侵害にあたりますでしょうか。また...,0,0
2819,2026/2/1 2:13,鉄道、列車、駅,1051822891,16時間3分,1,34,34.0,0,3,0.035,2.94,0.01,0.18,あと3日,https://detail.chiebukuro.yahoo.co.jp/qa/question_detail/q11324883591,事故が起こったときに原因を特定するのではなくて、的外れな感情論になるというのは日本特有の現象なのだと思いますか? 福知山線の事故があったときに「JR西日本だから起こった」などというJR西日本の体質が悪...,0,0
2820,2026/2/1 2:13,病院、検査,ary********,16時間3分,4,18,4.5,0,0,0.019,22.22,0.0,0.23,あと3日,https://detail.chiebukuro.yahoo.co.jp/qa/question_detail/q14324883589,胃カメラは地獄ですか？,0,0
2821,2026/2/1 2:13,ペット,エリカ,16時間3分,0,0,0.0,0,0,0.0,0.0,0.0,0.0,あと3日,https://detail.chiebukuro.yahoo.co.jp/qa/question_detail/q10324883590,去勢未実施犬において、精巣サイズ左右差が出現した場合の鑑別診断を挙げてください。,0,0
2822,2026/2/1 2:13,インターネットショッピング,a7418ac62,16時間3分,4,68,17.0,0,15,0.071,5.88,0.01,0.74,あと3日,https://detail.chiebukuro.yahoo.co.jp/qa/question_detail/q13324883588,TikTokで燕三条のフライパンを代引きで購入しました。 中国から届いて開けてみたら同じサイズのが3個 注文は別サイズを頼んだのですが 返品したいので調べたらLINEからするようにと なんか怪しい感じ...,0,0
2823,2026/2/1 2:13,メンタルヘルス,名無し,16時間3分,1,16,16.0,0,0,0.017,6.25,0.0,0.07,あと3日,https://detail.chiebukuro.yahoo.co.jp/qa/question_detail/q12324883587,抗うつ剤・精神安定剤・抗不安薬について質問です。 これらの薬は不安感や希死念慮などを和らげて情緒を安定させるものですが、中には副作用でこれらの症状がかえって悪化したり、自殺企図の行動に移してしまうケー...,0,0
2825,2026/2/1 2:13,菓子、スイーツ,b9eb6473d,16時間3分,0,8,8.0,0,0,0.008,0.0,0.0,0.01,あと3日,https://detail.chiebukuro.yahoo.co.jp/qa/question_detail/q10324883585,冷蔵庫で保管していた溶き卵を使ってパンケーキを作ったんですけど、今日使った溶き卵かと思ってたやつがたぶん1〜3日前のものでした パンケーキに使ったのは1/3か半分くらいで焦げ目がつくくらいに中火で焼き...,0,0
2826,2026/2/1 2:13,外国映画,1252181696,16時間3分,2,40,20.0,0,0,0.041,5.0,0.01,0.15,あと3日,https://detail.chiebukuro.yahoo.co.jp/qa/question_detail/q14324883584,ある映画について探しているのですがある消防士の映画で主人公の相方みたいな人が火災現場で主人公を助けるために事故にあってそのせいで主人公は、 火災現場に行くのが怖くなってなたいな話だったんですけどわかる...,0,0
2827,2026/2/1 2:13,恋愛相談、人間関係の悩み,むにえる,16時間4分,1,11,11.0,0,0,0.011,9.09,0.0,0.06,あと3日,https://detail.chiebukuro.yahoo.co.jp/qa/question_detail/q13324883583,インスタで苦手な女から急にフォローされて通してやったらドラえもんの変なパロ動画送られてきたらどう思いますか？,0,0
2828,2026/2/1 2:13,テーマパーク,あ,16時間4分,1,36,36.0,0,0,0.037,2.78,0.01,0.09,あと3日,https://detail.chiebukuro.yahoo.co.jp/qa/question_detail/q12324883582,今週の水曜日にディズニーに行くのですが朝7時に舞浜駅に着けばキャリーケースが入るサイズのコインロッカーは空いていますか？（ ; ; ） 初めてなので、何も分からなくていつもどのくらいで埋まるなど教えて...,0,0
2829,2026/2/1 2:13,カフェ、喫茶,みょ,16時間4分,0,42,42.0,0,0,0.044,0.0,0.0,0.04,あと3日,https://detail.chiebukuro.yahoo.co.jp/qa/question_detail/q11324883581,埼玉県内で推し活に向いている可愛いカフェやスイーツのお店を沢山教えていただきたいです！,0,0
2830,2026/2/1 2:13,ペット,Óðinn,16時間4分,0,0,0.0,0,0,0.0,0.0,0.0,0.0,あと3日,https://detail.chiebukuro.yahoo.co.jp/qa/question_detail/q10324883580,避妊手術後の雌犬で、膀胱炎が反復する場合に考慮すべき解剖学的・内分泌的要因は何ですか？,0,0
2831,2026/2/1 2:13,家具、インテリア,bb66dd5d6,16時間4分,2,39,19.5,0,0,0.04,5.13,0.01,0.14,あと3日,https://detail.chiebukuro.yahoo.co.jp/qa/question_detail/q14324883579,春から1人暮しをします。大学生です。 家具選びに悩んでいるのですが、勉強机と小さめのこたつを置くか、天板が動くセンターテーブルだけを置くか迷っています。 部屋は狭めの6畳です。 今考えてるのは ニトリ...,0,0
2832,2026/2/1 2:13,政治、社会問題,nan********,16時間4分,6,75,12.5,1,4,0.078,8.0,0.01,0.62,あと3日,https://detail.chiebukuro.yahoo.co.jp/qa/question_detail/q13324883578,社民党のラサール石井が、高市を推す若者は何も知らずに自民党へ投票すると言っていましたが、この指摘は見事に的中じゃありませんか？,0,0
2833,2026/2/1 2:12,消費者問題,bbc2c507c,16時間5分,1,20,20.0,0,0,0.021,5.0,0.0,0.07,あと3日,https://detail.chiebukuro.yahoo.co.jp/qa/question_detail/q12324883577,signalアプリで個人融資をしてる三木谷という人を知ってる方いますか？ また知ってたらこの方が闇金なのか教えてほしいです。 過去にこの人から借りていた場合、ほんとに取立てをするのかどうか気になります...,0,0
2834,2026/2/1 2:12,恋愛相談、人間関係の悩み,。。。。。,16時間5分,5,16,3.2,0,0,0.017,31.25,0.0,0.28,あと3日,https://detail.chiebukuro.yahoo.co.jp/qa/question_detail/q11324883576,好きな男性の為に身を引く女性ってどう思いますか？,0,0
2835,2026/2/1 2:12,外国映画,Octo,16時間5分,1,41,41.0,0,0,0.042,2.44,0.02,0.09,不明,https://detail.chiebukuro.yahoo.co.jp/qa/question_detail/q10324883575,映画のタイトルが知りたいです。 前に見た洋画で、ストリップショーのキャストの女性がストーカー被害にあっているとして、主人公が依頼を受けて護衛をする内容で、後の敵との車を挟んだ銃撃戦で女性は死亡する展開...,0,0
2836,2026/2/1 2:12,ペット,自演乙むつみ,16時間5分,0,2,2.0,0,0,0.002,0.0,0.0,0.0,あと3日,https://detail.chiebukuro.yahoo.co.jp/qa/question_detail/q14324883574,高齢犬で避妊・去勢手術を実施する際、低体温が起こりやすい理由を説明してください。,0,0
2837,2026/2/1 2:12,家族関係の悩み,1151555688,16時間5分,10,71,7.1,0,6,0.074,14.08,0.01,0.78,あと3日,https://detail.chiebukuro.yahoo.co.jp/qa/question_detail/q13324883573,旦那の勤務先が倒産したら、離婚ですか？,0,0
2838,2026/2/1 2:12,アニメ,1052798944,16時間5分,3,23,7.7,0,0,0.024,13.04,0.0,0.18,あと3日,https://detail.chiebukuro.yahoo.co.jp/qa/question_detail/q11324883571,アニメメダリストは来年の劇場版で完結するのですか？3期はないのですか？,0,0
2839,2026/2/1 2:12,コミュニケーションサービス,1152916920,16時間5分,0,5,5.0,1,0,0.005,0.0,0.0,0.11,あと3日,https://detail.chiebukuro.yahoo.co.jp/qa/question_detail/q10324883570,LINE副業で収納代行や購入代行がリーガルチェック大丈夫（合法）なんてことはないのでしょうか？,0,0
2840,2026/2/1 2:12,メール,cc48a1147,16時間5分,1,35,35.0,0,0,0.036,2.86,0.01,0.09,あと3日,https://detail.chiebukuro.yahoo.co.jp/qa/question_detail/q14324883569,急ぎで誰か教えて下さい！！ HANAオフィシャルファンクラブの 最終先行受付の申し込みをしたいです。 BMSGでHANAオフィシャルファンクラブに入会しました。 BwithYouがログインできません。...,0,0
2841,2026/2/1 2:12,テレビ、ラジオ,人生は夏休み,16時間6分,0,8,8.0,0,0,0.008,0.0,0.0,0.01,あと3日,https://detail.chiebukuro.yahoo.co.jp/qa/question_detail/q13324883568,思い出したい昔のテレビについて質問です。 小さい頃の好きなテレビは、地獄先生ヌーベーや、怪物くんなどでした。そのあたりの年代のテレビ？なのですが、動物の能力を持った人間が戦うみたいなやつで、パンダの能...,0,0
2842,2026/2/1 2:12,幼児教育、幼稚園、保育園,iaa********,16時間6分,1,12,12.0,0,0,0.012,8.33,0.0,0.06,あと3日,https://detail.chiebukuro.yahoo.co.jp/qa/question_detail/q11324883566,幼稚園の生活発表会でリスの衣装のしっぽを作るのですが、作る材料だったり、アイデアを教えて頂きたいです。 お願いいたします。,0,0
2843,2026/2/1 2:12,家族関係の悩み,c56aa9984,16時間6分,1,34,34.0,0,0,0.035,2.94,0.01,0.09,あと3日,https://detail.chiebukuro.yahoo.co.jp/qa/question_detail/q14324883564,父親からお金を盗んだ。 5年以上ずっと注意してきました。何度も何度も。その度に言い合いになり、お互い死ねよと言い合う仲になりました。 今日堪忍袋の緒が切れて次それをやったら罰金をもらう。と言いました。...,0,0
2844,2026/2/1 2:12,病気、症状,ary********,16時間6分,0,8,8.0,0,0,0.008,0.0,0.0,0.01,あと3日,https://detail.chiebukuro.yahoo.co.jp/qa/question_detail/q10324883565,33歳でガンになる人は多いですか？,0,0
2845,2026/2/1 2:12,ペット,チヌマ エリカ,16時間6分,1,2,2.0,0,0,0.002,50.0,0.0,0.05,あと3日,https://detail.chiebukuro.yahoo.co.jp/qa/question_detail/q13324883563,去勢後の雄犬で、行動は改善したが攻撃性が残存する場合、どの鑑別視点が重要ですか？,0,0
2846,2026/2/1 2:11,アルバイト、フリーター,c5d8340fd,16時間7分,1,20,20.0,0,0,0.021,5.0,0.0,0.07,あと3日,https://detail.chiebukuro.yahoo.co.jp/qa/question_detail/q12324883562,バイト1ヶ月で辞めたいです。 もともと2ヶ月だけの予定でしたが、2ヶ月以上続けてくれないと面接を受けさせないと言われ、渋々受け入れました。 1回目だけ研修扱いで、2回目以降、通常勤務します。 しかし、...,0,0
2847,2026/2/1 2:11,外国映画,レモン,16時間7分,5,46,9.2,0,0,0.048,10.87,0.0,0.31,あと3日,https://detail.chiebukuro.yahoo.co.jp/qa/question_detail/q11324883561,地味だけど良い映画は好きですか？ たとえば、 ​1. 『パターソン』 (2016) ​ニュージャージー州パターソンに住む、バス運転手のパターソン。彼の代わり映えのしない1週間を淡々と描いた作品です。 ...,0,0
2848,2026/2/1 2:11,大学,snooze,16時間7分,1,10,10.0,0,0,0.01,10.0,0.0,0.06,あと3日,https://detail.chiebukuro.yahoo.co.jp/qa/question_detail/q10324883560,諏訪東京理科大から東京理科大への特別編入制度の成績優秀者とはどのくらいが基準か分かる方いますか？要項を探しても過去の編入先の学部等しか見当たらず…,0,0
2849,2026/2/1 2:11,恋愛相談、人間関係の悩み,c82bd7fc3,16時間7分,4,44,11.0,0,4,0.045,9.09,0.0,0.38,あと3日,https://detail.chiebukuro.yahoo.co.jp/qa/question_detail/q14324883559,縁を切った友達とまた仲良くなりたいです。 1年前に彼氏を優先させすぎて縁を切られました。ずっと仲良くなりたいと思ってた相手で仲良くなれたのに自分のせいで縁が切れてしまって本当に後悔しています。連絡して...,0,0
2850,2026/2/1 2:11,文房具,チ。ーチキンナゲットについてー,16時間7分,5,38,7.6,0,0,0.039,13.16,0.0,0.3,あと3日,https://detail.chiebukuro.yahoo.co.jp/qa/question_detail/q13324883558,白い消しゴムと黒い消しゴムどっちがいいですか？自分は黒い消しゴムです。,0,0
2851,2026/2/1 2:11,ペット,ち沼真一,16時間7分,0,3,3.0,0,0,0.003,0.0,0.0,0.0,あと3日,https://detail.chiebukuro.yahoo.co.jp/qa/question_detail/q11324883556,避妊手術後にみられる血清コレステロール上昇は、どの代謝経路の変化によるものですか？,0,0
2852,2026/2/1 2:11,うつ病,ary********,16時間7分,3,48,16.0,0,0,0.05,6.25,0.01,0.2,あと3日,https://detail.chiebukuro.yahoo.co.jp/qa/question_detail/q12324883557,心療内科に通院しても、診察は話3分ぐらいです…… 不安障害やうつ病は……抗不安薬、抗うつ薬だけで寛解するのでしょうか？ 生活習慣で気をつけることを教えて下さい。,0,0
2853,2026/2/1 2:11,海外,b8fea63e7,16時間7分,2,10,5.0,0,0,0.01,20.0,0.0,0.11,あと3日,https://detail.chiebukuro.yahoo.co.jp/qa/question_detail/q10324883555,バンコクのASOKE付近に宿泊する予定なのですが、そこから行けるゾウと触れ合えるツアーなどはあるのでしょうか。ツアーのアプリなどを使ってみてもなかなか見つけれないので知っている方よろしくお願いします。,0,0
2855,2026/2/1 2:11,恋愛相談、人間関係の悩み,むにえる,16時間7分,1,11,11.0,0,0,0.011,9.09,0.0,0.06,あと3日,https://detail.chiebukuro.yahoo.co.jp/qa/question_detail/q12324883552,ずっと片想いをしていて上手くいった人に質問です。 6年間片思いしている人がいたのですが、私はその相手に嫌われています。小学6年の出会いで、隣の席が半年。 頭もよく優しく、顔は中の下、そんな人が半年間も...,0,0
2856,2026/2/1 2:11,テレビゲーム全般,bno********,16時間7分,0,6,6.0,0,0,0.006,0.0,0.0,0.01,あと3日,https://detail.chiebukuro.yahoo.co.jp/qa/question_detail/q11324883551,ゴードヴェイン2の無敵回避成功で~とありますが、成功とはつまりフレーム回避のことであってますか？,0,0
2857,2026/2/1 2:11,病気、症状,1150418536,16時間8分,6,47,7.8,0,4,0.049,12.77,0.0,0.48,あと3日,https://detail.chiebukuro.yahoo.co.jp/qa/question_detail/q14324883549,【至急】22歳女です。不安で怖いです。 2週間前くらいからお腹が空いていても何食べても食べたい気持ちが湧かず、何を食べたらいいのか分からない時がありました。1週間前ちょっと前からずっと胃の調子が悪いの...,0,0
2858,2026/2/1 2:10,オーディオ,非公開,16時間9分,2,41,20.5,0,2,0.042,4.88,0.01,0.21,不明,https://detail.chiebukuro.yahoo.co.jp/qa/question_detail/q13324883548,オーディオのエディファイアがかなり前にSTAXを買収しました。STAX の日本の社員さんの高齢化が進んでいたから1億2千万円という買収金額だったのでしょうか。,0,0
2859,2026/2/1 2:10,病院、検査,ash********,16時間9分,2,29,14.5,0,0,0.03,6.9,0.0,0.13,あと3日,https://detail.chiebukuro.yahoo.co.jp/qa/question_detail/q12324883547,泌尿器科に診察したことある方にお聞きします。 男性で排尿時に尿道に痛みがあります。痛みがないときもあります。まれに尿道にかゆみが感じる時もありました。 尿道の痛い部分はピンポイントで分かってます。何回...,0,0
2860,2026/2/1 2:10,恋愛相談、人間関係の悩み,1149831190,16時間9分,4,15,3.8,0,0,0.015,26.67,0.0,0.22,あと3日,https://detail.chiebukuro.yahoo.co.jp/qa/question_detail/q10324883545,最近彼氏が出来たのですが彼女というアクセサリーのように扱われてる気がします。 私が彼のことを好きで付き合ってもらったのですが 周りが彼女できてて自分も欲しかったとか、誕生日に彼女と会えるのが嬉しいとか...,0,0
2861,2026/2/1 2:10,病気、症状,ms********,16時間9分,4,61,15.2,0,1,0.063,6.56,0.01,0.3,あと3日,https://detail.chiebukuro.yahoo.co.jp/qa/question_detail/q14324883544,長いけど聞いて欲しいです！！ ｢骨盤と骨盤をつなぐ筋肉が悪くなっている、 多裂筋の炎症 最近ではなく、長年悪かったと思う。というのが見解で、絶対そうだとは言いきれないけど、おそらく間違いないと思う。右...,0,0
2862,2026/2/1 2:10,家族関係の悩み,1151302589,16時間9分,5,83,16.6,0,0,0.086,6.02,0.01,0.34,あと3日,https://detail.chiebukuro.yahoo.co.jp/qa/question_detail/q13324883543,旦那に夜泣きをお願いするのはおかしいのでしょうか？ 完ミの生後3ヶ月半の息子がいます。 子供が2〜3回夜泣きで起きてしまうので別々の部屋で寝ています。 今日は旦那が私の布団に入ってきて寝だしたので夜泣...,0,0
2863,2026/2/1 2:10,住宅,ゆうひ,16時間9分,2,35,17.5,0,1,0.036,5.71,0.01,0.17,あと3日,https://detail.chiebukuro.yahoo.co.jp/qa/question_detail/q12324883542,アパート玄関の寒さ対策について。 すきまテープ(スポンジタイプと起毛タイプ、ドア用テープ)、間仕切りカーテンと冷気対策のビニールカーテンを二重で設置、ポストも塞いでドア全体にプチプチ貼り付けもしました...,0,0
2864,2026/2/1 2:10,病気、症状,cdafce41f,16時間9分,4,25,6.2,0,0,0.026,16.0,0.0,0.23,あと3日,https://detail.chiebukuro.yahoo.co.jp/qa/question_detail/q11324883541,47歳女性です。酔っ払って転んで脇の下から胸の辺りまで打撲しました。アザはないですが、打撲した自覚はあります。4日経ちましたがまだ痛いです。病院に行った方がいいですか？,0,0
2865,2026/2/1 2:10,Excel,せんべこ,16時間9分,1,43,43.0,0,0,0.044,2.33,0.02,0.1,あと3日,https://detail.chiebukuro.yahoo.co.jp/qa/question_detail/q10324883540,Excel保存について質問です。 Windows11を使用しています。Excelを名前をつけて保存した際、自動で保存後のファイルが開くのですが、自動で開かないようにしたいです。,0,0
2866,2026/2/1 2:10,病気、症状,nuu********,16時間9分,0,3,3.0,0,0,0.003,0.0,0.0,0.0,あと3日,https://detail.chiebukuro.yahoo.co.jp/qa/question_detail/q14324883539,1週間前くらいから寝転がると膝が沈む感覚というか、膝の皿がめり込んでいく感覚があるのですが、これは何か分かる方いらっしゃいますか？ 立った時も膝をピンと伸ばしたりすると膝に違和感があり、重くなる感じが...,0,0
2867,2026/2/1 2:10,アウトドア,b9476e84c,16時間9分,0,21,21.0,0,0,0.022,0.0,0.0,0.02,あと3日,https://detail.chiebukuro.yahoo.co.jp/qa/question_detail/q13324883538,MIZUNOのウィンドブレーカーを探してます。 おそらくレディースの、基本は白色で、腕あたりに黄色やピンクも使ってる、ファスナーとフードがないタイプです。 わかる方いましたら、よろしくお願いします！,0,0
2868,2026/2/1 2:10,女性アイドル,すうも,16時間9分,1,19,19.0,0,1,0.02,5.26,0.0,0.1,あと3日,https://detail.chiebukuro.yahoo.co.jp/qa/question_detail/q12324883537,地下アイドルって、そのグループ脱退したら使ってたSNSアカウントは事務所側から消せって言われるものですか？主にXです。,0,0
2869,2026/2/1 2:10,職場の悩み,匿名,16時間9分,1,27,27.0,0,0,0.028,3.7,0.01,0.08,あと3日,https://detail.chiebukuro.yahoo.co.jp/qa/question_detail/q11324883536,明日から新しい職場なのですが既に不安です 面接時に期待していると言われた事・知り合いからも入ってくれて心強い頼りにしてると言われ物凄くプレッシャーも感じています 初めましての職場なので、出来ない事しか...,0,0
2870,2026/2/1 2:10,学校の悩み,lil,16時間9分,0,17,17.0,0,0,0.018,0.0,0.0,0.02,あと3日,https://detail.chiebukuro.yahoo.co.jp/qa/question_detail/q10324883535,今留学をしているんですが、正直自分に合わないと思っています。でも、自らやるって決めたので卒業するまで留学先の学校に通おうと思っています。 周りの友達はみんな親切な子が多くて色々助けてくれる子がいるので...,0,0
2871,2026/2/1 2:09,菓子、スイーツ,まめ,16時間10分,3,23,7.7,0,5,0.024,13.04,0.0,0.33,あと3日,https://detail.chiebukuro.yahoo.co.jp/qa/question_detail/q13324883533,行列のできるケーキ屋さんでのこと。並んで店内に入りましたがお目当てがなく 帰りました。おかしいですか？,0,0
2872,2026/2/1 2:09,新築一戸建て,水木森（ミズキモリ）,16時間10分,3,64,21.3,0,3,0.066,4.69,0.01,0.31,不明,https://detail.chiebukuro.yahoo.co.jp/qa/question_detail/q14324883534,引き渡された戸建建売で1階と2階の間の防音は可能ですか？ ローコスト建売戸建・木造軸組在来・14段階段・総2階建です。23区隣接です。エネルギー対策等級4です。 よく、1階と2階の間の天井裏に、ロック...,0,0
2873,2026/2/1 2:09,恋愛相談,^-^,16時間11分,5,68,13.6,0,1,0.07,7.35,0.01,0.36,あと3日,https://detail.chiebukuro.yahoo.co.jp/qa/question_detail/q12324883532,彼氏と別れるべきなのか悩んでいます。 色々あって私自身の気持ちが分からなくなり今距離を置いている状況です。 一旦冷静になりこれからどうすればいいのか考えていますが、どちらかと言うと別れるべきなんだろう...,0,0
2874,2026/2/1 2:09,邦楽,知恵袋盛り上げ隊,16時間11分,15,59,3.9,1,23,0.061,25.42,0.0,1.64,あと3日,https://detail.chiebukuro.yahoo.co.jp/qa/question_detail/q10324883530,ごめん で思い浮かぶ曲は？,0,0
2875,2026/2/1 2:09,音楽,1053230713,16時間11分,0,18,18.0,0,0,0.019,0.0,0.0,0.02,あと3日,https://detail.chiebukuro.yahoo.co.jp/qa/question_detail/q13324883528,ボカロの曲が思い出せなくて困っています。 サムネはオレンジ色で、MVの内容は女性で天使？みたいな人が男性をひも？みたいな（翼かもしれません）で誘惑している。という考察のコメントがYouTubeでよくあ...,0,0
2876,2026/2/1 2:09,ファッション,kam********,16時間11分,1,11,11.0,0,0,0.011,9.09,0.0,0.06,あと3日,https://detail.chiebukuro.yahoo.co.jp/qa/question_detail/q12324883527,農作物を収穫するカゴに洋服や物を入れると色移りしやすいのでしょうか？ 昨日ホームセンターで見かけて見た目が良かったのと通気性が良かったので購入してみました。 オレンジ色のカゴです。,0,0
2877,2026/2/1 2:09,携帯型ゲーム全般,1150286233,16時間11分,2,91,45.5,0,0,0.094,2.2,0.04,0.2,あと3日,https://detail.chiebukuro.yahoo.co.jp/qa/question_detail/q11324883526,ブルアカについてです。 5周年で復帰したのですが、誰を育成するべきか悩んでいます。 ある程度絞りましたがこの中だと誰を優先的に育成すれば良いでしょうか？任務以外のコンテンツ目線で教えていただけると嬉し...,0,0
2878,2026/2/1 2:09,ゲーム,1051808605,16時間11分,0,8,8.0,0,0,0.008,0.0,0.0,0.01,あと3日,https://detail.chiebukuro.yahoo.co.jp/qa/question_detail/q10324883525,APEXの課金について質問です PS5から課金画面を見ると初回購入特典で620円のコインが750コインもらえるのですが、公式サイトから課金しようとすると500コインのままです。750コイン反映されない...,0,0
2879,2026/2/1 2:09,恋愛相談、人間関係の悩み,一般人,16時間11分,4,52,13.0,0,2,0.054,7.69,0.01,0.32,あと3日,https://detail.chiebukuro.yahoo.co.jp/qa/question_detail/q14324883524,恋愛相談です。高校生です。 この前気になる人と放課後ご飯を食べに行ったのですが、ありえないほど沈黙が多くて困ってます。話しかけてもそうなんだ等の返事しか帰ってこず本当に喋るのが苦痛でした。なので自然と...,0,0
2880,2026/2/1 2:09,家族関係の悩み,a1a04adb5,16時間11分,3,113,37.7,0,4,0.116,2.65,0.04,0.39,不明,https://detail.chiebukuro.yahoo.co.jp/qa/question_detail/q13324883523,妹が親にとても優遇されています。 私は現在高専１年生なのですが私が高専受験時の時、妹は何回も何回も私に対しどうせ落ちるや頭悪いから受からないといわれたり受かったとしても留年するや、勉強中にずっと大音量...,0,0
2881,2026/2/1 2:09,皮膚の病気、アトピー,c1b281a8f,16時間11分,1,13,13.0,0,0,0.013,7.69,0.0,0.06,あと3日,https://detail.chiebukuro.yahoo.co.jp/qa/question_detail/q12324883522,今日長時間外にいたからなのか顔が赤くなって霜焼けみたいになりました。顔は霜焼けになることありますか？それとお風呂に入ってあったまり保湿したのですがヒリヒリ痛くてどうしたらいいですか？ 明日も長時間外に...,0,0
2882,2026/2/1 2:09,生き方、人生相談,はんがー,16時間11分,1,24,24.0,0,7,0.025,4.17,0.01,0.29,あと3日,https://detail.chiebukuro.yahoo.co.jp/qa/question_detail/q11324883521,ミスをしてしまったり、責められたりして閉まっても前向きに考えれる性格っていいと思いませんか？ なんでそんな思考回路になれるのか不思議です。,0,0
2883,2026/2/1 2:09,福祉、介護,ary********,16時間11分,5,74,14.8,1,0,0.076,6.76,0.01,0.44,あと3日,https://detail.chiebukuro.yahoo.co.jp/qa/question_detail/q14324883519,社会福祉士、精神保健福祉士ってAIに代わる資格ですか？需要はありますか？,0,0
2884,2026/2/1 2:09,メルカリ,1252350305,16時間11分,1,60,60.0,0,0,0.062,1.67,0.04,0.11,あと3日,https://detail.chiebukuro.yahoo.co.jp/qa/question_detail/q10324883520,メルカリで推しのグッズを購入しました。2週間以上経っても発送も連絡も無く、何度か催促メッセージを送っても一向に返信がありません。 『発送がない』『相手と連絡が無い』等の項目で取引のキャンセル申請を3....,0,0
2885,2026/2/1 2:09,コンタクトレンズ、視力矯正,しじ,16時間11分,4,29,7.2,0,5,0.03,13.79,0.0,0.39,あと3日,https://detail.chiebukuro.yahoo.co.jp/qa/question_detail/q13324883518,目の悪い人がレーシックで視力が良くなった場合、子供にはどう遺伝しますか？ レーシック前の状態で遺伝しますか？,0,0
2886,2026/2/1 2:09,鉄道、列車、駅,dai********,16時間11分,1,21,21.0,0,0,0.022,4.76,0.0,0.07,あと3日,https://detail.chiebukuro.yahoo.co.jp/qa/question_detail/q12324883517,昨年4月からJRで精神手帳持ちの場合、運賃半額で非常に助かっているのですが、色んな場所に行きたいです。 最寄りは松戸駅ですが、ここからオススメの駅あれば教えてください。,0,0
2887,2026/2/1 2:09,ゲーム,1053187096,16時間11分,0,14,14.0,0,0,0.014,0.0,0.0,0.01,あと3日,https://detail.chiebukuro.yahoo.co.jp/qa/question_detail/q11324883516,グランツーリスモ7を最近始めた初心者です。私自身r34が大好きなのでぜひお金を貯めて買いたいのですが、このゲームにおいてr34は強い車と言えるのでしょうか？ 今後チューニングなどもしてゴリゴリにレース...,0,0
2888,2026/2/1 2:08,大学受験,ID 非公開,16時間13分,2,11,5.5,0,0,0.011,18.18,0.0,0.11,あと3日,https://detail.chiebukuro.yahoo.co.jp/qa/question_detail/q10324883515,滋賀県立大学工学部材料化学科を受験で、グループ面接があります。課題黙読と解答資料作成の時間が15分、説明30秒、グループ討論10分とありますが、その解答資料は最終的に提出するのでしょうか？ 自分の説明...,0,0
2889,2026/2/1 2:08,ゲーム,1150849009,16時間13分,1,5,5.0,0,0,0.005,20.0,0.0,0.06,不明,https://detail.chiebukuro.yahoo.co.jp/qa/question_detail/q14324883514,Meta Quest3の購入を考えていますが、こちら単体でもBOOTHなどでクリエイターの方が販売されているVRChat用3Dモデルキャラクターなどを購入し使用することは可能なのでしょうか？,0,0
2890,2026/2/1 2:08,パズルゲーム,1152095628,16時間13分,0,4,4.0,0,0,0.004,0.0,0.0,0.0,あと3日,https://detail.chiebukuro.yahoo.co.jp/qa/question_detail/q12324883512,カラミキをスキル3から4にするのは成長率的に育てる価値ありますか？,0,0
2891,2026/2/1 2:08,企業と経営,ary********,16時間13分,0,6,6.0,0,0,0.006,0.0,0.0,0.01,あと3日,https://detail.chiebukuro.yahoo.co.jp/qa/question_detail/q11324883511,宮内伊予柑より愛媛みかんのほうが圧倒的に売り上げ、利益率が高いのですが、なぜでしょうか？ またどんな柑橘が売り上げや利益率高いですか？,0,0
2892,2026/2/1 2:08,友人関係の悩み,ちあき,16時間13分,1,17,17.0,0,0,0.017,5.88,0.0,0.07,あと3日,https://detail.chiebukuro.yahoo.co.jp/qa/question_detail/q10324883510,"大学生の女友達への誕生日プレゼントについて相談です。 仲の良い女友達に誕生日プレゼントを贈りたいのですが、予算3,000円以内でおすすめのプレゼントはありますか？ちなみにその友達は、ちいかわやディズニ...",0,0
2893,2026/2/1 2:08,家族関係の悩み,1151507424,16時間13分,3,17,5.7,0,0,0.017,17.65,0.0,0.17,あと3日,https://detail.chiebukuro.yahoo.co.jp/qa/question_detail/q14324883509,教えてください。 私が親に指摘をすると親はムキになって逆ギレをすることが多くて、それもかなりとんちんかんな内容で反論してきたりするのですが、「その意見は世間一般的に考えてもおかしいよ。自分がおかしいこ...,0,0
2894,2026/2/1 2:08,大学受験,1151251479,16時間13分,1,59,59.0,0,0,0.061,1.69,0.04,0.11,あと3日,https://detail.chiebukuro.yahoo.co.jp/qa/question_detail/q13324883508,指定校推薦で東洋大学に合格したのですが、入学前課題の締め切りが2月1日までで今日気づいて過ぎてしまって回答できなくなった未回答になってしまいました。どうしたらいいですか(T . T),0,0
2895,2026/2/1 2:08,ファッション,cd86a6e6e,16時間13分,0,6,6.0,0,0,0.006,0.0,0.0,0.01,あと3日,https://detail.chiebukuro.yahoo.co.jp/qa/question_detail/q12324883507,体格がでかい男子高校生です。 修学旅行で沖縄行くのですが体格が出たくても似合う服装など教えていただけると嬉しいです。知恵のある方知恵を貸してくださいお願いします。,0,0
2896,2026/2/1 2:08,iPhone,K*******,16時間13分,1,38,38.0,0,1,0.039,2.63,0.01,0.12,あと3日,https://detail.chiebukuro.yahoo.co.jp/qa/question_detail/q11324883506,大至急。Appleで課金をしようとしたら支払いが拒否されました。支払いをすると支払い方法を編集してくださいと出ます。 今まではAppleアカウントの残高で購入していて今回もそれで購入しようとしたのに買...,0,0
2897,2026/2/1 2:08,家族関係の悩み,1251891554,16時間13分,5,99,19.8,1,5,0.102,5.05,0.02,0.61,あと3日,https://detail.chiebukuro.yahoo.co.jp/qa/question_detail/q10324883505,夫が上司の不倫騒動に首を突っ込んでいるらしいんですが(同僚たちが面白がって騒いでいる、夫は同僚にその話を聞いて上司に本気で怒っている)、止めました。 理由は、その上司にはうちの子とも近い歳の娘がいるか...,0,0
2898,2026/2/1 2:08,地学,min********,16時間13分,3,12,4.0,1,0,0.012,25.0,0.0,0.27,あと3日,https://detail.chiebukuro.yahoo.co.jp/qa/question_detail/q14324883504,人工的なガラス(ビー玉等)と自然鉱石の見分け方を教えてください。,0,0
2899,2026/2/1 2:08,バイク,c5bb2f428,16時間13分,1,22,22.0,0,2,0.023,4.55,0.01,0.14,あと3日,https://detail.chiebukuro.yahoo.co.jp/qa/question_detail/q13324883503,質問です。モペットを買おうと思っているのですが、免許はいりますか？またオススメのメーカーを教えて欲しいです！電動で後ろに乗れるやつがついてるやつを教えて欲しいです！こんな時間にすみません,0,0
2900,2026/2/1 2:08,料理、食材,ren********,16時間13分,1,19,19.0,0,0,0.02,5.26,0.0,0.07,あと3日,https://detail.chiebukuro.yahoo.co.jp/qa/question_detail/q12324883502,キャベツや白菜を煮込むと酸っぱくなります。 個体差もあるのでしょうが、スープや鍋にこれらが入ると強い酸味を感じることが多いです。 「キャベツ 酸っぱい」等で調べても腐敗か発酵か…といった情報ばかりでて...,0,0
2901,2026/2/1 2:08,コミュニケーションサービス,1152916920,16時間13分,0,4,4.0,0,0,0.004,0.0,0.0,0.0,あと3日,https://detail.chiebukuro.yahoo.co.jp/qa/question_detail/q11324883501,物販oneから稼ぐことが出来るのは実際はどのくらいのレジンでしょうか？,0,0
2902,2026/2/1 2:08,恋愛相談、人間関係の悩み,c554f8f57,16時間13分,0,3,3.0,0,0,0.003,0.0,0.0,0.0,あと3日,https://detail.chiebukuro.yahoo.co.jp/qa/question_detail/q10324883500,好きになったら誰でも自分で気が付きますか,0,0
2903,2026/2/1 2:08,飲食店,reg********,16時間13分,4,35,8.8,0,2,0.036,11.43,0.0,0.3,あと3日,https://detail.chiebukuro.yahoo.co.jp/qa/question_detail/q14324883499,一般的に外食の際にGoogleマップの口コミと食べログの評価、どちらを参考にするんですかね？というか普段外食しないので違いがイマイチ分からないんですけど何が違うんですか？,0,0
2904,2026/2/1 2:08,恋愛相談、人間関係の悩み,1152532797,16時間14分,2,39,19.5,0,0,0.04,5.13,0.01,0.14,あと3日,https://detail.chiebukuro.yahoo.co.jp/qa/question_detail/q13324883498,付き合っていないのに肩に手を回したり抱き寄せてくる男子はどう思っているんですか？ 女子高生です。同い年の男子と流れでカラオケに行くことになったのですが何も歌わないで隣に座って動画を一緒に見ていたんです...,0,0
2905,2026/2/1 2:07,ボートレース（競艇）,tsubame,16時間15分,1,17,17.0,0,0,0.017,5.88,0.0,0.07,あと3日,https://detail.chiebukuro.yahoo.co.jp/qa/question_detail/q12324883497,【ボートレース平和島劇場の指定席について】 ホームページをみると、シングル席1500円、ペア席1000円とあります。このペア席を、1人で利用することはできるのでしょうか。 また、1人でも利用できる場合...,0,0
2906,2026/2/1 2:07,恋愛相談,非公開,16時間15分,12,225,18.8,1,42,0.231,5.33,0.04,2.24,あと3日,https://detail.chiebukuro.yahoo.co.jp/qa/question_detail/q11324883496,10年以上前ですが、職場の独身派遣女性と4年間不倫してました。 妻とは子供がいるから家族でいるだけで、もう何年もまともに口を聞いてない状態でした。 当然夫婦生活もとっくに無くなってました。 それは今も...,0,0
2907,2026/2/1 2:07,ヘアスタイル,c43f5b5a5,16時間15分,1,40,40.0,0,0,0.041,2.5,0.02,0.09,あと3日,https://detail.chiebukuro.yahoo.co.jp/qa/question_detail/q14324883494,ホットペッパービューティーの美容室の予約でカット➕パーマのクーポンがあるのですが、そのクーポンだとパーマは何ができるのですか?,0,0
2908,2026/2/1 2:07,動画、映像,1053074878,16時間15分,0,11,11.0,0,0,0.011,0.0,0.0,0.01,あと3日,https://detail.chiebukuro.yahoo.co.jp/qa/question_detail/q13324883493,アライトモーションに関する質問です。 イラストを用いての動画制作を行っています。画像を動かす際、スケールアシストを使ってぽよぽよと跳ねさせる編集をしたいのですが、中々曲と跳ねるタイミングが合いません。...,0,0
2909,2026/2/1 2:07,生理,bad8902f3,16時間15分,2,32,16.0,0,9,0.033,6.25,0.01,0.41,あと3日,https://detail.chiebukuro.yahoo.co.jp/qa/question_detail/q12324883492,うちのクラスの女子で「男子は生理の痛み全然わからない！」とか「男子はいいよなぁ生理こないし」って言っている女子がいます 僕が今から言うことは上のように思っている女子に届いてほしいです まず生理の痛みに...,0,0
2910,2026/2/1 2:07,病気、症状,c15d14968,16時間15分,3,20,6.7,0,3,0.021,15.0,0.0,0.27,あと3日,https://detail.chiebukuro.yahoo.co.jp/qa/question_detail/q11324883491,なんかやけにずっとふくらはぎが痛いです！！ 中学の頃は卓球部で、それなりに体力あったんですが、高校に入って書道部に入部してから体力落ちてます！！かなり！！ この間体育の授業で30分間走あったんですが、...,0,0
2911,2026/2/1 2:07,家電、AV機器,mtk********,16時間15分,0,11,11.0,0,0,0.011,0.0,0.0,0.01,あと3日,https://detail.chiebukuro.yahoo.co.jp/qa/question_detail/q10324883490,下記製品のペアリング方法を教えてください 2020年に購入しました 出来れば取説が欲しいです ブランド: MIRAE LED電球 e26口金 9W LEDライト リモコン付き 11段階調光調色 電球色...,0,0
2912,2026/2/1 2:07,恋愛相談、人間関係の悩み,やま,16時間15分,4,60,15.0,0,1,0.062,6.67,0.01,0.3,あと3日,https://detail.chiebukuro.yahoo.co.jp/qa/question_detail/q14324883489,女性の方に質問です。 この前好きだった女の子に告白して振られました。けど、インスタのDMで向こうがめっちゃ話してきます。これはどういう感情・心理なんですか？ 同い年・同じ学校ですが、クラスは違います,0,0
2913,2026/2/1 2:07,学校の悩み,1152378936,16時間15分,0,7,7.0,0,0,0.007,0.0,0.0,0.01,あと3日,https://detail.chiebukuro.yahoo.co.jp/qa/question_detail/q12324883487,"理学療法の専門学校に行っています。 2月に見学実習があるのですが、具体的に何をするのか・1日の流れを教えて欲しいです(*.ˬ.)""",0,0
2914,2026/2/1 2:07,ゲーム,斎宮,16時間15分,0,1,1.0,0,0,0.001,0.0,0.0,0.0,あと3日,https://detail.chiebukuro.yahoo.co.jp/qa/question_detail/q13324883488,ポケコロツインについてです 小悪魔ネオンの羽は何ハピ購入で付いてくるのでしょうか？,0,0
2915,2026/2/1 2:07,皮膚の病気、アトピー,♪,16時間15分,0,4,4.0,0,0,0.004,0.0,0.0,0.0,あと3日,https://detail.chiebukuro.yahoo.co.jp/qa/question_detail/q11324883486,私はアレルギー体質でアレルギーのものを食べるとアトピーみたいなものができますㅠㅠそれが治ると色素沈着ができるんですけどどうやったらその色素沈着を取れますかねꌩ ̫ ꌩ足を出したいのにその色素沈着のせ ...,0,0
2916,2026/2/1 2:06,交通事故,yc5********,16時間16分,4,90,22.5,0,0,0.092,4.44,0.02,0.3,あと3日,https://detail.chiebukuro.yahoo.co.jp/qa/question_detail/q10324883485,先日、バスに乗車中に急ブレーキがかかり、むち打ちになりました。 最終的に、急ブレーキをかけた理由は横から来た車両を避ける為ということでした。 警察からも聞きました。 そこは仕方ないと思っています。 た...,0,0
2917,2026/2/1 2:06,家族関係の悩み,c339f412a,16時間16分,1,18,18.0,0,0,0.018,5.56,0.0,0.07,あと3日,https://detail.chiebukuro.yahoo.co.jp/qa/question_detail/q14324883484,弟について質問です。 僕は今高校2年生で、弟は中学3年生です。 弟には来週、前期選抜がある中で朝までスマホを触り、学校に行かない日も多いです。スマホを何度親に取り上げられようが、 「勉強で使うから返し...,0,0
2918,2026/2/1 2:06,職場の悩み,bul********,16時間16分,1,41,41.0,1,1,0.042,2.44,0.02,0.23,あと3日,https://detail.chiebukuro.yahoo.co.jp/qa/question_detail/q13324883483,パワハラで訴えられました 私は専門職管理職ですが、マネジメント管理職の１人が、部内で取り決めたルールを破ったり、不正可能な状況下でそれを無視して安易な行動を取っていました。 ごく短い期間でそれらが頻発...,0,0
2919,2026/2/1 2:06,健康、病気、病院,匿名,16時間17分,0,1,1.0,0,0,0.001,0.0,0.0,0.0,あと3日,https://detail.chiebukuro.yahoo.co.jp/qa/question_detail/q12324883482,昭和42年の時の、35歳の男性の平均身長は、何センチですか？,0,0
2920,2026/2/1 2:06,恋愛相談、人間関係の悩み,ao,16時間17分,2,27,13.5,0,0,0.028,7.41,0.0,0.13,あと3日,https://detail.chiebukuro.yahoo.co.jp/qa/question_detail/q11324883481,自分の気持ちをまとめるために取ったメモのほとんどそのままコピペなので文章が雑です。それに長いですが、ご意見いただけるとありがたいです。m(_ _)m 夫に嫌な気持ちになった話です。(普段はあまり夫に怒...,0,0
2921,2026/2/1 2:06,恋愛相談、人間関係の悩み,1253080031,16時間17分,0,9,9.0,0,0,0.009,0.0,0.0,0.01,あと3日,https://detail.chiebukuro.yahoo.co.jp/qa/question_detail/q13324883478,今度恋人と初めてラウンドワンに行くんですけど、なにかオススメなのありますか？ 自分も相手も初めてで何も分からないです おすすめのプラン？みたいなのがあるのかな 恋人はスポッチャが、どうのこうのって言っ...,0,0
2923,2026/2/1 2:06,特撮,ねむ,16時間17分,1,23,23.0,0,1,0.024,4.35,0.01,0.11,あと3日,https://detail.chiebukuro.yahoo.co.jp/qa/question_detail/q11324883476,お前誰だよ？って動画に仮面ライダーアマゾンズってコメントがあったんですけどなんでだと思います？,0,0
2924,2026/2/1 2:06,鉄道、列車、駅,1051822891,16時間17分,4,37,9.2,0,3,0.038,10.81,0.0,0.33,あと3日,https://detail.chiebukuro.yahoo.co.jp/qa/question_detail/q10324883475,重大な事故が立て続けに起こった鉄道会社はありますか?京福電気鉄道は事故が相次いだことで運行停止処分になりました。事故が多く起こったことで運行停止処分になったのは後にも先にも京福電気鉄道だけですか? J...,0,0
2925,2026/2/1 2:06,恋愛相談、人間関係の悩み,1252035236,16時間17分,2,6,3.0,0,0,0.006,33.33,0.0,0.11,あと3日,https://detail.chiebukuro.yahoo.co.jp/qa/question_detail/q14324883474,好きな人がいます でも少し前に聞いた時に、「好きな人がいる」と言っていました。 だからその恋を応援したいのですが、泊まりに行った時に、ハグしてくれたり、頭撫でてくれたり、一緒にアニメを見たり、たくさん...,0,0
2926,2026/2/1 2:06,アルバイト、フリーター,1152556638,16時間17分,0,10,10.0,0,0,0.01,0.0,0.0,0.01,あと3日,https://detail.chiebukuro.yahoo.co.jp/qa/question_detail/q13324883473,サキュバスシーシャの面接で、一次面接（zoom）が受かりました。後日二次面接があるのですがどのくらいの割合で採用になるのでしょうか？ 履歴書と体のラインがわかる服できてと言われています。やはり狭き門な...,0,0
2927,2026/2/1 2:06,政治、社会問題,dgj********,16時間17分,3,45,15.0,1,2,0.046,6.67,0.01,0.36,あと3日,https://detail.chiebukuro.yahoo.co.jp/qa/question_detail/q11324883471,アラサーですが、政治において子持ち支援や子供関係の支援に反対です。 そうなれば、応援する党は、立憲でしょうか？ 立憲は高齢者支持が厚い一方、若者の支持は低く、子持ち様支援も少ないように思います。 子持...,0,0
2928,2026/2/1 2:06,ゲーム,coo********,16時間17分,1,9,9.0,0,0,0.009,11.11,0.0,0.06,あと3日,https://detail.chiebukuro.yahoo.co.jp/qa/question_detail/q14324883469,好きなゲームのキャラクターのぬいぐるみを作りたいと考えております。 許可は取ってあります。 ネットで探したところ、jpblanketという、海外の業者さんがよく出てくるのですが、評価はいかがでしょうか...,0,0
2929,2026/2/1 2:06,貯金,ary********,16時間17分,4,47,11.8,0,0,0.048,8.51,0.01,0.25,あと3日,https://detail.chiebukuro.yahoo.co.jp/qa/question_detail/q13324883468,33歳男、独身で800万の貯金があります。 これは一般的に平均より少ないのでしょうか？？ 資産は200万で購入したコンパクトカーと原付ぐらいです……,0,0
2930,2026/2/1 2:06,料理、レシピ,ネコはネコ君マンが好き過ぎる,16時間17分,0,16,16.0,0,0,0.016,0.0,0.0,0.02,あと3日,https://detail.chiebukuro.yahoo.co.jp/qa/question_detail/q12324883467,お弁当の話。 私が中高生の頃、毎朝梅ママがお弁当を作ってくれていました。いわゆるキャラ弁ほど手は込んでいませんでしたが、なんだか可愛いものが入っていたので紹介します。 まず、ポークビッツ(昔のは今のよ...,0,0
2931,2026/2/1 2:06,哲学、倫理,shn********,16時間17分,1,35,35.0,0,4,0.036,2.86,0.01,0.21,あと3日,https://detail.chiebukuro.yahoo.co.jp/qa/question_detail/q11324883466,① 泥棒に入ろうとしている人と 泥棒から入られまいとしている人では、いつか泥棒に入られますよね。 ということは、人に仕事を押し付けてやろうとしている人と 人から仕事を押し付けられまいとしている人では、...,0,0
2932,2026/2/1 2:06,歴史,るんるんじい,16時間17分,1,18,18.0,1,0,0.018,5.56,0.0,0.17,あと3日,https://detail.chiebukuro.yahoo.co.jp/qa/question_detail/q10324883465,【倭国の都】 (倭国は)山に憑より海を負おうて馬臺またいに鎮し、以もつて都を建つ。 張楚金『翰苑』によると。 ならば倭国の都は今のどこですか？,0,0
2933,2026/2/1 2:06,アニメ,1153158498,16時間17分,1,8,8.0,0,0,0.008,12.5,0.0,0.06,あと3日,https://detail.chiebukuro.yahoo.co.jp/qa/question_detail/q14324883464,明日、らしんばんにグッズを売りに行くのですが、親が同伴で来る場合は同意書はなくても大丈夫ですかね？ あと同意書は店舗でもかけますか？ なるべく急速の回答待ってます,0,0
2934,2026/2/1 2:06,演劇、ミュージカル,b37478c3f,16時間17分,2,8,4.0,0,0,0.008,25.0,0.0,0.11,あと3日,https://detail.chiebukuro.yahoo.co.jp/qa/question_detail/q13324883463,テニミュ四天宝寺の客降りについて質問です。 3月の公演に初参加の予定なのですが、客降りはありますか？ ある場合、第二バルコニーのサイドシート席にキャストは来るのでしょうか？,0,0
2935,2026/2/1 2:05,恋愛相談、人間関係の悩み,ims********,16時間19分,9,75,8.3,0,1,0.077,12.0,0.01,0.57,あと3日,https://detail.chiebukuro.yahoo.co.jp/qa/question_detail/q12324883462,至急回答お願いします！！ 彼氏と別れようか迷っているのですが、その理由がクリスマスプレゼントが貰えなかったからってどう思いますか？？ 私はプレゼント用意して渡したのに向こうは何も用意していませんでした...,0,0
2936,2026/2/1 2:05,テレビゲーム全般,11364I20,16時間19分,0,4,4.0,0,0,0.004,0.0,0.0,0.0,あと3日,https://detail.chiebukuro.yahoo.co.jp/qa/question_detail/q11324883461,2024年初頭のPlayStation公式ポッドキャスト（「Official PlayStation Podcast」）において、当時SIEのCEOであったジム・ライアン氏は、 PS2の累計販売台数が...,0,0
2937,2026/2/1 2:05,コミック,1252812812,16時間19分,0,18,18.0,0,0,0.018,0.0,0.0,0.02,あと3日,https://detail.chiebukuro.yahoo.co.jp/qa/question_detail/q14324883459,あるBL漫画を探しています。 内容は受けが兎？月？ のような王子で、堕落しすぎてしまったため地球に送り込まれ、そこで試練として内閣総理大臣になることを要求され、総理大臣の息子である攻めと出会うお話です...,0,0
2938,2026/2/1 2:05,ネイルケア,hop********,16時間19分,0,7,7.0,0,0,0.007,0.0,0.0,0.01,あと3日,https://detail.chiebukuro.yahoo.co.jp/qa/question_detail/q13324883458,完成したネイルチップのグルーについて質問です。 ポポチップジェルは真っ黒のカラーを塗ったチップでも取り付けられますか？ 使い方を見たらLEDライトが透過するものでないと無理なような感じがします。。 ま...,0,0
2939,2026/2/1 2:05,オンラインゲーム,1151101366,16時間19分,0,3,3.0,0,0,0.003,0.0,0.0,0.0,あと3日,https://detail.chiebukuro.yahoo.co.jp/qa/question_detail/q12324883457,ブロスタについてです。スポンジボブコラボのスキンは再販ありませんか？,0,0
2940,2026/2/1 2:05,メンズ腕時計、アクセサリー,ひろし,16時間19分,1,24,24.0,0,0,0.025,4.17,0.01,0.08,あと3日,https://detail.chiebukuro.yahoo.co.jp/qa/question_detail/q11324883456,高いネックレス買いたいんですけどおすすめのブランドありますか？ 予算は4万以内でお願いします！！！,0,0
2941,2026/2/1 2:05,一人暮らし、シングルライフ,a730c6ed3,16時間19分,3,22,7.3,0,2,0.022,13.64,0.0,0.24,あと3日,https://detail.chiebukuro.yahoo.co.jp/qa/question_detail/q10324883455,高校生が完全に自分1人の力で一人暮らしをするのは不可能ですか？ 家庭環境が良くなく、家を出たいと思っています。 私は今高校2年生で、今年成人の歳です 学校は夜間の定時制なので働く時間が多く、普段の月収...,0,0
2942,2026/2/1 2:05,鉄道、列車、駅,jtoaTjwmp,16時間19分,0,17,17.0,0,0,0.017,0.0,0.0,0.02,あと3日,https://detail.chiebukuro.yahoo.co.jp/qa/question_detail/q14324883454,ロマンスカーで本厚木から新宿まで通勤する場合、サブスク形式のものを買って通勤する方多いと思いますが、毎日いちいち予約して乗ってるんですか？一括で同じ時間予約できる方法ありますか？,0,0
2943,2026/2/1 2:05,CM,非公開,16時間19分,0,19,19.0,0,0,0.019,0.0,0.0,0.02,あと3日,https://detail.chiebukuro.yahoo.co.jp/qa/question_detail/q13324883453,2000年代〜2010年代の間にしていたCM思い出せません。 それより前にしていた場合はわかりません、まだ生きていなかったので…… CM全体が本当に青、紺より?の青みがかったというかほぼ紺〜青色のCM...,0,0
2944,2026/2/1 2:05,模型、プラモデル、ラジコン,1151123793,16時間19分,2,53,26.5,0,1,0.054,3.77,0.01,0.19,あと3日,https://detail.chiebukuro.yahoo.co.jp/qa/question_detail/q12324883452,ワンダーフェスティバルに気になる作品がありました。 まず、最初に謝ります。フィギュア業界の方々、私の質問で不快になったらごめんなさい。 そのフィギュア、完成品なら欲しいと思っていたのですが…自分の手で...,0,0
2945,2026/2/1 2:05,ポータブル音楽プレーヤー,CCQ,16時間19分,1,9,9.0,0,0,0.009,11.11,0.0,0.06,あと3日,https://detail.chiebukuro.yahoo.co.jp/qa/question_detail/q11324883451,SONYのWF-1000XM5の純正イヤーピースを使ってるんですけど洗い方って何かいい方法ありますか？ 色が変わってきて綺麗にしたいんですけどやり方が分からないので教えていただけると幸いです,0,0
2946,2026/2/1 2:05,日本史,kaw********,16時間19分,0,95,95.0,0,0,0.097,0.0,0.0,0.1,あと3日,https://detail.chiebukuro.yahoo.co.jp/qa/question_detail/q10324883450,陸軍軍人として著名な中川州男さんは旧制玉名中学の出身だそうですが、その同期生には広瀬藤蔵・海軍少将、由布喜久雄・海軍法務少将、中川千代吉・陸軍大佐、松島悌二・海軍大佐がいるそうです。 その後輩にも連合...,0,0
2947,2026/2/1 2:05,イヌ,にも,16時間19分,0,8,8.0,0,0,0.008,0.0,0.0,0.01,あと3日,https://detail.chiebukuro.yahoo.co.jp/qa/question_detail/q13324883448,愛犬のフードについて。 チワワ1歳です。 ロイヤルカナンは脂が多いと聞きますが、与えない方が良いでしょうか。 次考えてるのが、ロイカナチワワ用フードです。 気になってる点は、食べムラ、痒み、涙、涙やけ...,0,0
2948,2026/2/1 2:05,友人関係の悩み,1250468624,16時間19分,3,35,11.7,0,0,0.036,8.57,0.0,0.19,あと3日,https://detail.chiebukuro.yahoo.co.jp/qa/question_detail/q12324883447,友達の小言とかってうっとおしいと思いますか？？ ホテルのチェックアウトや、カラオケの退出時間、そう言った時間の迫るものには凄く敏感です。 チェックアウトしなきゃいけないのに、部屋で遊び始める友人や、大...,0,0
2949,2026/2/1 2:05,恋愛相談,bda8251d0,16時間19分,2,13,6.5,0,1,0.013,15.38,0.0,0.15,あと3日,https://detail.chiebukuro.yahoo.co.jp/qa/question_detail/q11324883446,30代の彼氏が私服の長ズボンの中に体操服のハーフパンツ履いてたら辞めさせますか？,0,0
2950,2026/2/1 2:04,ピアノ、キーボード,b3ae73dca,16時間21分,0,16,16.0,1,0,0.016,0.0,0.0,0.12,あと3日,https://detail.chiebukuro.yahoo.co.jp/qa/question_detail/q14324883444,至急です。 シンセサイザーのFA-06について質問です。 パラメーターで設定した数値(カットオフ－5など)を保存した上で、音色をフェイバリットに保存したいのですが、、 トーンとスタジオセットどちらもw...,0,0
2951,2026/2/1 2:04,派遣、アルバイト、パート,な,16時間21分,2,37,18.5,0,0,0.038,5.41,0.01,0.14,あと3日,https://detail.chiebukuro.yahoo.co.jp/qa/question_detail/q13324883443,タイミーで接客経験者限定と記載してあったのですが、接客経験した事ない人が入ると違反になりますか？ その店舗からお仕事リクエストが来ていたので入ろうと思って…,0,0
2952,2026/2/1 2:04,生き方、人生相談,レモン,16時間21分,5,32,6.4,0,0,0.033,15.62,0.0,0.29,あと3日,https://detail.chiebukuro.yahoo.co.jp/qa/question_detail/q12324883442,以前どこかで、「考えるのは問題ばかり生むが、行動は答えを生む」という言葉を目にしました。 結局、完璧な方法を探すよりも、まずは一歩踏み出す「始める心」が一番、大切で、その先にしか結果はないということな...,0,0
2953,2026/2/1 2:04,政治、社会問題,a58c529df,16時間21分,5,56,11.2,0,16,0.057,8.93,0.01,0.8,不明,https://detail.chiebukuro.yahoo.co.jp/qa/question_detail/q11324883441,私は大学1年生で、昨年初めて選挙権を持ったばかりです（2025年の参院選で初めて投票しました）。私は大学1年生で、昨年初めて選挙権を持ったばかりです（2025年の参院選が初めて投票しました）。 今回の...,0,0
2954,2026/2/1 2:04,政治、社会問題,dgj********,16時間21分,5,32,6.4,1,1,0.033,15.62,0.0,0.42,あと3日,https://detail.chiebukuro.yahoo.co.jp/qa/question_detail/q10324883440,維新の党は子持ち様優遇であることは都民でもわかります。 自民党と維新は組んでいますが、自民党が勝てば、国政においても子持ち様系の政策が増えるのでしょうか？ 子持ち様支援が多すぎる。もういらない、減らす...,0,0
2955,2026/2/1 2:04,音楽,1252046420,16時間21分,0,5,5.0,0,0,0.005,0.0,0.0,0.01,あと3日,https://detail.chiebukuro.yahoo.co.jp/qa/question_detail/q14324883439,ボサノバのボカロ曲を教えてください！,0,0
2956,2026/2/1 2:04,iPhone,b6e56061e,16時間21分,2,44,22.0,0,0,0.045,4.55,0.01,0.15,あと3日,https://detail.chiebukuro.yahoo.co.jp/qa/question_detail/q12324883437,iPhone16を使ってるんですけど、図書館にいた時、図書館のトイレから席に戻ろうとした時にスマホを右手に持ってたのですが、勝手に録画画面になっててスタートしていました。 スマホを最近変えてあまり知ら...,0,0
