ID,質問日時,カテゴリ,投稿者名,経過時間,回答数,閲覧数,回答難易度,共感数,回答リアクション総数,注目度,回答競争率,注目/競争比,ランキングポテンシャル,受付終了まで,URL,本文冒頭,マイフラグ,ベストアンサーフラグ
1,2026/2/2 20:52,メンタルヘルス,ten********,5時間34分,5,25,5.0,0,0,0.075,20.0,0.0,0.82,あと3日,https://detail.chiebukuro.yahoo.co.jp/qa/question_detail/q11324943811,もう、独りぼっちに慣れてしまいました。 いつも１人、どこ行くのも１人…少々無理してます。友達に声かけるのも、もう面倒くさくて。どうせ会ってもいいことなさそう…もういい。楽しいことなんか自分には無いまま...,0,0
2,2026/2/2 20:52,高校,ad811e8f9,5時間34分,0,3,3.0,0,0,0.009,0.0,0.0,0.01,あと3日,https://detail.chiebukuro.yahoo.co.jp/qa/question_detail/q10324943810,今年度、高校に進学し寮に入るものです。 寮生活であった方がいいもの、気をつけた方がいいこと、メリットデメリットなど教えていただけませんか？ 皆さんの知恵を貸してください,0,0
3,2026/2/2 20:52,ソフトバンク,aqo********,5時間34分,1,11,11.0,1,0,0.033,9.09,0.0,0.48,あと3日,https://detail.chiebukuro.yahoo.co.jp/qa/question_detail/q14324943809,ソフトバンクで機種変をしたのですが、機種変前のスマホを2年以降の機種代免除として下取りにだした（つもり）なのですがPayPay（6万ほど）が付与されるらしく、 これは免除＋PayPay付与になっている...,0,0
4,2026/2/2 20:52,コミック,非公開,5時間34分,0,6,6.0,0,0,0.018,0.0,0.0,0.02,あと3日,https://detail.chiebukuro.yahoo.co.jp/qa/question_detail/q13324943808,進撃の巨人のtheDOGsって曲、歌っているのはどなたなのでしょうか？作詞作曲は音家の澤野さんであることはわかるのですが、歌唱は違う方ですか？,0,0
5,2026/2/2 20:51,ゲーム,1052818726,5時間35分,0,1,1.0,0,0,0.003,0.0,0.0,0.0,あと3日,https://detail.chiebukuro.yahoo.co.jp/qa/question_detail/q12324943807,本当に今更なのですが最近ニーアオートマタをやり始めました。初心者なので何から始めれば良いのかわかりません。レベル上げやチップを優先的にやった方がいいのでしょうか？ それともサブクエやメインストーリーで...,0,0
6,2026/2/2 20:51,恋愛相談、人間関係の悩み,1151327271,5時間35分,1,35,35.0,0,0,0.104,2.86,0.04,0.25,あと3日,https://detail.chiebukuro.yahoo.co.jp/qa/question_detail/q11324943806,日本語下手ですが最後まで読んでくださると幸いです。 高校2年生です。 やっとの思いで復縁した彼氏に浮気されて別れました。 復縁して1週間も経たないうちに、私に隠れて男女3:3でお泊まりをしていました。...,0,0
7,2026/2/2 20:51,大学受験,非公開,5時間35分,1,42,42.0,0,0,0.125,2.38,0.05,0.27,あと3日,https://detail.chiebukuro.yahoo.co.jp/qa/question_detail/q10324943805,九州大学受験予定です。 北九州市からの受験です。 伊都キャンパスの受験では前乗り（前泊）はした方がいいのでしょうか？ 当日に新幹線と電車、バスで受験会場に向かおうと思っていたのですが、周りに前泊をする...,0,0
8,2026/2/2 20:51,トレーニング,非公開,5時間35分,5,22,4.4,0,8,0.066,22.73,0.0,1.52,あと3日,https://detail.chiebukuro.yahoo.co.jp/qa/question_detail/q14324943804,中3男子、身長175cm体重60kgで痩せてます。 高校入学までにマッチョになりたいんですけど、どうすればいいですか？週一でジム通い始めました。右も左も分からないので有識者の方、教えて下さい。,0,0
9,2026/2/2 20:51,恋愛相談、人間関係の悩み,にゃん,5時間35分,0,3,3.0,0,0,0.009,0.0,0.0,0.01,あと3日,https://detail.chiebukuro.yahoo.co.jp/qa/question_detail/q12324943802,恋愛相談です 3年前ぐらいに告白して振られた相手と、またDMし始めてて、相手の男の子はどういう心境なんですか、私が告白したこと忘れてるんですか、なんとも思ってないんですかね,0,0
10,2026/2/2 20:51,ダイエット,非公開,5時間35分,3,31,10.3,0,0,0.092,9.68,0.01,0.54,あと3日,https://detail.chiebukuro.yahoo.co.jp/qa/question_detail/q13324943803,甘いものをどうにか我慢する方法…教えてください。 ダイエットと、アトピー緩和のため、糖分を控えようと思います。 しかし、元来甘いものが大好きです。 菓子パン、ケーキ、クレープ、 生クリーム、クッキー、...,0,0
11,2026/2/2 20:51,カウンセリング、治療,a3d03fe5c,5時間35分,0,0,0.0,0,0,0.0,0.0,0.0,0.0,あと3日,https://detail.chiebukuro.yahoo.co.jp/qa/question_detail/q11324943801,明後日レジーナクリニックのカウンセリングなんですけど何か必要なものとかありますか？何をするのかとか,0,0
12,2026/2/2 20:51,iPhone,1051874155,5時間36分,3,37,12.3,0,0,0.11,8.11,0.01,0.55,あと3日,https://detail.chiebukuro.yahoo.co.jp/qa/question_detail/q10324943800,至急お急ぎの悩みです。 今iPhone17の移行が終わったのですが、復元ができませんでした。と出てきました。 その際iPhone17のデータは初期化しても大丈夫なのでしょうか？ウォレット等電話番号等は...,0,0
13,2026/2/2 20:51,テレビ、ラジオ,b859388a7,5時間36分,0,6,6.0,0,0,0.018,0.0,0.0,0.02,あと3日,https://detail.chiebukuro.yahoo.co.jp/qa/question_detail/q14324943799,教育番組？で【右と左の書き順】について話していてその中で「そんなこといちいち気にしていたらこの世界じゃ生きてけないよ」みたいなことを言うシーンがあるのですが、誰か知ってますか？ 知っていたら教えていた...,0,0
14,2026/2/2 20:51,宗教,1052140711,5時間36分,4,49,12.2,0,0,0.146,8.16,0.02,0.74,不明,https://detail.chiebukuro.yahoo.co.jp/qa/question_detail/q13324943798,原神の海灯祭でシグウィンだけずっとこの表示がされていて、姿を表してくれません。どうしたらいいですか？ フォンテーヌの魔人任務、伝説任務、シグウィンの伝説任務も終わっています。 ？のとこを押すとキャラク...,0,0
15,2026/2/2 20:51,物理学,b89279f8a,5時間36分,1,14,14.0,0,0,0.042,7.14,0.01,0.19,あと3日,https://detail.chiebukuro.yahoo.co.jp/qa/question_detail/q12324943797,電圧の問題です （1）と（2）ってどういうことですか？ 天才教えてください；；,0,0
16,2026/2/2 20:51,メイク、コスメ,匿名,5時間36分,2,20,10.0,0,0,0.059,10.0,0.01,0.36,あと3日,https://detail.chiebukuro.yahoo.co.jp/qa/question_detail/q11324943796,メイクについてです。 私は朝にクッションファンデをしたときはとてもきれいに仕上がるのですが、脂性肌なのでお昼になる頃にはテカテカになってしまいます、、、テカリを抑えるためにパウダーをしたら今度はカサカ...,0,0
17,2026/2/2 20:51,昆虫,東組(西成区山王1-11-8),5時間36分,2,5,2.5,0,3,0.015,40.0,0.0,0.58,あと3日,https://detail.chiebukuro.yahoo.co.jp/qa/question_detail/q13324943793,オオカレエダカマキリが9倍の大きさに為ればジャガー依り強い?,0,0
18,2026/2/2 20:51,大学受験,1152722856,5時間36分,0,44,44.0,0,0,0.131,0.0,0.0,0.13,あと3日,https://detail.chiebukuro.yahoo.co.jp/qa/question_detail/q10324943795,鳥取大学志望の者です。 今年、共通テストが難化したので、地方国公立などの倍率がかなり増えると思うのですが、大体何倍ぐらいになるでしょうか。現に私も第一志望から鳥取に落としたものです。 3倍を超えること...,0,0
19,2026/2/2 20:51,日本史,afaf1c99f,5時間36分,1,4,4.0,0,0,0.012,25.0,0.0,0.16,あと3日,https://detail.chiebukuro.yahoo.co.jp/qa/question_detail/q14324943794,新選組は 京都市内からは特別に 嫌われていた 芹沢のせいで嫌われたのでしょうか,0,0
20,2026/2/2 20:51,特撮,まさかず@ぽっちゃりこそ至高！,5時間36分,1,9,9.0,0,0,0.027,11.11,0.0,0.17,あと3日,https://detail.chiebukuro.yahoo.co.jp/qa/question_detail/q11324943791,仏舎利だと何があがる？ レインボーマン？,0,0
21,2026/2/2 20:51,ペット,翠,5時間36分,1,4,4.0,0,0,0.012,25.0,0.0,0.16,あと3日,https://detail.chiebukuro.yahoo.co.jp/qa/question_detail/q14324943789,気管虚脱の犬が、興奮するとさらに気管が潰れやすくなる、胸腔内の圧力変化の根拠は何ですか？,0,0
22,2026/2/2 20:51,ゲーム,jpm,5時間36分,1,2,2.0,0,0,0.006,50.0,0.0,0.15,あと3日,https://detail.chiebukuro.yahoo.co.jp/qa/question_detail/q10324943790,ドラゴンボールスパーキングゼロは難易度設定でかんたんにすれば凄くかんたんになりますか？ オフラインが難しいと聞きました。 買うのためらってます。,0,0
23,2026/2/2 20:51,転職,1153330155,5時間36分,1,21,21.0,0,0,0.062,4.76,0.01,0.21,あと3日,https://detail.chiebukuro.yahoo.co.jp/qa/question_detail/q13324943788,転職活動についての質問です。 転職活動中で2次面接後7-10日後に合否の連絡をします、と言われています。 翌日に電話で合格と伝えられ、年収など契約についての確認と、3次面接の日程についてまた連絡すると...,0,0
24,2026/2/2 20:51,職場の悩み,mff********,5時間36分,0,7,7.0,0,0,0.021,0.0,0.0,0.02,あと3日,https://detail.chiebukuro.yahoo.co.jp/qa/question_detail/q12324943787,身分証なし 日雇い のすぐにできる仕事は あいりん地区以外でありますか？ 働きたいです！ 偽名で働けるとこも知りたいです,0,0
25,2026/2/2 20:51,スマホアプリ,1051893571,5時間36分,0,11,11.0,0,0,0.033,0.0,0.0,0.03,あと3日,https://detail.chiebukuro.yahoo.co.jp/qa/question_detail/q14324943784,パズドラです このパーティ太陽チャレンジに勝てるくらいに強いと思いますか？ またこのメンバーに入れるキャラでおすすめとかいますか？,0,0
27,2026/2/2 20:51,カラオケ,R,5時間36分,1,24,24.0,0,1,0.071,4.17,0.02,0.31,あと3日,https://detail.chiebukuro.yahoo.co.jp/qa/question_detail/q12324943782,喉に関してです。 一週間前に酒飲みながら（日本酒）、カラオケ行ったとき過去一の最高音が出たんですけど、 翌日はいつものように声が枯れました。 いつもなら2、3日経てばまたいつもの声質に戻ります。 です...,0,0
28,2026/2/2 20:51,政治、社会問題,Jack********,5時間37分,1,27,27.0,0,0,0.08,3.7,0.02,0.23,あと3日,https://detail.chiebukuro.yahoo.co.jp/qa/question_detail/q11324943781,自民が単独で300～320議席を獲る勢いらしいですが、もしそうなったら維新なんかとの連立解消と、食品関係の消費税2年間ゼロも中止と言い出しませんか？,0,0
29,2026/2/2 20:51,俳優、女優,b14c5506f,5時間37分,0,6,6.0,0,0,0.018,0.0,0.0,0.02,あと3日,https://detail.chiebukuro.yahoo.co.jp/qa/question_detail/q10324943780,‼️たくさんの方に回答して欲しいです‼️ 女優を目指してます！ってSNSに動画投稿をしてる人にはどんな印象を持ちますか？ ・事務所に所属してる ・レッスン受けてる ・自らオーディション受けてる ・事務...,0,0
30,2026/2/2 20:51,簿記,c8828d841,5時間37分,0,22,22.0,0,0,0.065,0.0,0.0,0.07,あと3日,https://detail.chiebukuro.yahoo.co.jp/qa/question_detail/q14324943779,簿記二級のテキストについて質問です。 2026年度合格に向けて勉強を始めました。 tac出版の「スッキリわかる」より「みんなが欲しかった」の方が説明は細かいですか？ 「2024年度版スッキリわかるシリ...,0,0
31,2026/2/2 20:51,事件、事故,oka********,5時間37分,9,142,15.8,1,7,0.421,6.34,0.07,2.67,あと3日,https://detail.chiebukuro.yahoo.co.jp/qa/question_detail/q12324943777,大泉洋と松山千春、今回の事はどっちが悪いと思いますか?,0,0
32,2026/2/2 20:51,俳優、女優,a54800681,5時間37分,0,9,9.0,0,0,0.027,0.0,0.0,0.03,あと3日,https://detail.chiebukuro.yahoo.co.jp/qa/question_detail/q13324943778,この男優の名前分かる方教えてください,0,0
33,2026/2/2 20:51,掃除機、洗濯機,1150842525,5時間37分,2,33,16.5,0,0,0.098,6.06,0.02,0.39,あと3日,https://detail.chiebukuro.yahoo.co.jp/qa/question_detail/q11324943776,最悪です。本当に最悪です。なので助けてください。 だいぶ前に楽天で買った発泡スチロール？のビーズみたいなのが入ったクッションを購入したんですが、汚してしまったので洗濯しました。 事件はここで起きました...,0,0
34,2026/2/2 20:51,大学受験,ab35d471d,5時間37分,0,31,31.0,0,0,0.092,0.0,0.0,0.09,あと3日,https://detail.chiebukuro.yahoo.co.jp/qa/question_detail/q10324943775,2/1の立命館全学部入試を受けました 志望は産業社会学部現代社会学科です。 自己採点をしてみたのですが 英語6.5割 国語7割弱 世界史８割弱くらいだったのですが受かる可能性ってありますか、？ 自己採...,0,0
35,2026/2/2 20:51,アニメ,jdt********,5時間37分,1,27,27.0,0,0,0.08,3.7,0.02,0.23,不明,https://detail.chiebukuro.yahoo.co.jp/qa/question_detail/q14324943774,リゼロの3期で剣聖ラインハルトの祖母がゾンビとしてよみがえって、ラインハルトはそれを斬りました。あの時点で斬っておかないと町やその他の人たちに被害が及んでましたよね？ その後のヴィルヘルムってなんであ...,0,0
36,2026/2/2 20:51,アニメ,短い,5時間37分,4,83,20.8,0,0,0.246,4.82,0.05,0.84,不明,https://detail.chiebukuro.yahoo.co.jp/qa/question_detail/q13324943773,この質問に答えてくれない理由を教えてください。 ハンターハンター興味ないのですか? https://detail.chiebukuro.yahoo.co.jp/qa/question_detail/q...,0,0
37,2026/2/2 20:51,数学,ca4bcd641,5時間37分,3,41,13.7,0,6,0.121,7.32,0.02,1.1,不明,https://detail.chiebukuro.yahoo.co.jp/qa/question_detail/q12324943772,数学の問題の質問です。 答えが2分のルート3のときに、2分の1ルート3と答えてしまった場合は不正解ですか？ それともこの場合でも正解になりますか？,0,0
38,2026/2/2 20:51,就職活動,1150912161,5時間37分,1,24,24.0,0,1,0.071,4.17,0.02,0.31,不明,https://detail.chiebukuro.yahoo.co.jp/qa/question_detail/q11324943771,求人を掲載するのにお金がかかる求人サイトはありますか？ 無料で求人を載せてないサイトで探したいです。,0,0
39,2026/2/2 20:51,恋愛相談、人間関係の悩み,1152254427,5時間37分,3,33,11.0,1,0,0.098,9.09,0.01,0.84,あと3日,https://detail.chiebukuro.yahoo.co.jp/qa/question_detail/q10324943770,私のmbtiを推測してください。また考え方の癖など気づいたことがあれば教えてください。 初対面でも人見知りしない 遊ぶために集団で行動するのは好きだが、普段の会話は少人数が好きで群れるのは苦手 集中す...,0,0
40,2026/2/2 20:50,中古車,neo********,5時間38分,7,54,7.7,0,17,0.159,12.96,0.01,2.69,あと3日,https://detail.chiebukuro.yahoo.co.jp/qa/question_detail/q14324943769,中古車を検討中ですが、タイヤの中心部の錆が気になります。 大丈夫でしょうか？ この部分はブレーキでしょうか？ もし交換となるといくらくらいかかりますか？,0,0
41,2026/2/2 16:52,総合格闘技、K-1,二者択二,9時間36分,6,1,0.2,1,11,0.002,600.0,0.0,1.26,あと3日,https://detail.chiebukuro.yahoo.co.jp/qa/question_detail/q12324935267,朝倉未来がガチで訴えようとキレてる元格闘家のユーチューバーって誰のことですか？ 朝倉未来は法的措置をしようとしてるみたいなんですけど。 ブレイキングダウンのネタバレを出してるみたいなのですけど出場選手...,0,0
42,2026/2/1 23:32,資格,1153107789,26時間57分,10,16165,1616.5,5,81,9.996,0.06,166.6,12.11,あと2日,https://detail.chiebukuro.yahoo.co.jp/qa/question_detail/q13324916548,38回社会福祉士国家試験を受けました。 合格予報での点数が76点でした。今年も難しかったので合格点は去年と同じくらいになると思いますか？,0,0
43,2026/2/2 18:13,大学受験,cfb5915a4,8時間16分,2,2553,1276.5,0,7,5.145,0.08,64.31,5.76,あと3日,https://detail.chiebukuro.yahoo.co.jp/qa/question_detail/q13324937828,【至急】國學院の解答速報って毎年でてますか？？？,0,0
44,2026/1/24 14:04,コンビニ,1251836978,228時間25分,3,8685,2895.0,1,22,0.634,0.03,21.13,0.7,回答受付が終了しました,https://detail.chiebukuro.yahoo.co.jp/qa/question_detail/q14324623939,セブンイレブンとファミマで予約なしで買える恵方巻きは販売するのでしょうか？ もし販売するならいつからいつまで販売してますか？,0,0
45,2026/1/29 19:31,大学受験,a42a488d1,102時間58分,7,15133,2161.9,1,65,2.449,0.05,48.98,2.84,回答受付が終了しました,https://detail.chiebukuro.yahoo.co.jp/qa/question_detail/q14324805094,国公立大学の出願状況って随時更新されるんですか？倍率見て決めようと思ったんですけど、想像以上に誰も出願してなくて志望校を決めかねています。,0,0
46,2026/2/1 18:40,大学受験,くさお,31時間49分,5,9411,1882.2,0,12,4.929,0.05,98.58,5.25,不明,https://detail.chiebukuro.yahoo.co.jp/qa/question_detail/q13324904998,【大至急】私立大学の解答速報って通常何時ごろ発表されますか？,0,0
47,2026/2/2 13:54,菓子、スイーツ,mal********,12時間35分,5,3620,724.0,0,4,4.791,0.14,34.22,5.27,あと3日,https://detail.chiebukuro.yahoo.co.jp/qa/question_detail/q11324930626,【矢沢あい ツインウエハース】 本日発売の食玩について、 みなさんどこかで見つけましたか？ コンビニ、スーパーなど目撃情報を教えてください！,0,0
48,2026/2/2 11:32,大学受験,1151966991,14時間57分,1,2637,2637.0,3,1,2.938,0.04,73.45,3.36,あと3日,https://detail.chiebukuro.yahoo.co.jp/qa/question_detail/q13324927088,立命館大学全学統一方式(2/1)の国語の解答速報は、もう出ていますか？,0,0
49,2026/1/28 17:10,iPhone,hid********,129時間19分,23,56659,2463.4,69,643,7.302,0.04,182.55,10.82,不明,https://detail.chiebukuro.yahoo.co.jp/qa/question_detail/q13324767573,iPhone8＋をiOS16.7.13にアップデートしようとダウンロード を終えてインストールしようとしたらこんな表示が出てきて出来ません。 暫くすれば通知が来てインストール出来るのでしょうか？詳しい...,0,0
50,2023/12/13 18:22,料理、食材,lot********,18776時間7分,1,110530,110530.0,9,75,0.098,0.0,0.0,0.1,不明,https://detail.chiebukuro.yahoo.co.jp/qa/question_detail/q12290305162,ジャガイモの緑色について これくらいの緑は食べられるのでしょうか？ (写真左側のジャガイモ),0,0
51,2026/2/2 20:50,友人関係の悩み,kyo********,5時間39分,2,47,23.5,0,0,0.138,4.26,0.03,0.43,あと3日,https://detail.chiebukuro.yahoo.co.jp/qa/question_detail/q13324943768,人との関係性が続かないです。 人前で、ネガティヴなことは言いませんし、自分の話ばかりせずに他人の話をよく聞くようにしているのですが、連絡しても未読無視あるいは既読無視されて終わってしまいます。 だから...,0,0
52,2026/2/2 20:50,画像処理、制作,ba9f21851,5時間39分,1,8,8.0,0,0,0.024,12.5,0.0,0.17,あと3日,https://detail.chiebukuro.yahoo.co.jp/qa/question_detail/q12324943767,アナログイラストをSNSに投稿したいのですがうまく撮れません！ どうしても色がくすんでしまったり線が薄くなったりしてしまいます… 画像の方のように綺麗に映す方法を教えていただきたいです！,0,0
53,2026/2/2 20:50,タブレット端末,ade051a84,5時間39分,1,11,11.0,0,1,0.032,9.09,0.0,0.27,あと3日,https://detail.chiebukuro.yahoo.co.jp/qa/question_detail/q11324943766,iPad Proで本格的にイラスト描きたいんだけど、11インチのm5と13インチのM4の二つから選ぶとしたらどっちがいい？ 画面が大きい方がいいか性能が高い方がいいのか迷ってるんよね。動画とか公式の説...,0,0
54,2026/2/2 20:50,DIY,yuy********,5時間39分,5,39,7.8,0,0,0.115,12.82,0.01,0.85,あと3日,https://detail.chiebukuro.yahoo.co.jp/qa/question_detail/q10324943765,固いネジの外し方を教えてください。 力にまったく自信がなく、他に頼める人もいません。 電動ドライバーを持っておらず、普通のドライバーのみです。 クレ556を使用しましたが、まったくびくともしません。 ...,0,0
55,2026/2/2 20:50,大学、短大、大学院,非公開,5時間40分,3,34,11.3,0,0,0.1,8.82,0.01,0.54,あと3日,https://detail.chiebukuro.yahoo.co.jp/qa/question_detail/q14324943764,出身大学、学部についてです。 彼女は私立文系卒なんですが、大学ではほぼ遊んでいたそうです。全休作って1日中遊ぶとか、そもそも大学に行っていない(行かなくていい)ときもあったそうです。なんなら週1とかは...,0,0
56,2026/2/2 20:50,トレーニング,hat********,5時間40分,1,14,14.0,0,0,0.041,7.14,0.01,0.19,あと3日,https://detail.chiebukuro.yahoo.co.jp/qa/question_detail/q13324943763,下半身の最強筋トレを教えてください！ 両腕とも変形性肘関節炎と肘部官症候群を発症し、しばらく腕が使えません。 スクワットは出来ますが、重りを担いだり持ったり出来ないのでデッドリフトやケトルベルも出来ま...,0,0
57,2026/2/2 20:50,楽天市場,bdb710a85,5時間40分,0,6,6.0,0,0,0.018,0.0,0.0,0.02,あと3日,https://detail.chiebukuro.yahoo.co.jp/qa/question_detail/q12324943762,楽天市場で見つけたんですけどこれって本物ですか？,0,0
58,2026/2/2 20:50,家具、インテリア,田舎のおっ,5時間40分,2,15,7.5,0,1,0.044,13.33,0.0,0.42,あと3日,https://detail.chiebukuro.yahoo.co.jp/qa/question_detail/q11324943761,初めてマットレスを買うので相談に乗ってください 身長170cm、体重90kgになります。 今まで安めの敷布団だったのでマットレスを買ってみようと思っているのですが、 マニフレックスのオクラホマとドリー...,0,0
59,2026/2/2 20:50,Excel,takeru､takayuki,5時間40分,0,16,16.0,0,0,0.047,0.0,0.0,0.05,あと3日,https://detail.chiebukuro.yahoo.co.jp/qa/question_detail/q14324943759,この様に枠や欄を作成するにはどうすれば良いんでしょうか！？ またその必要なソフト推しえてください！,0,0
60,2026/2/2 20:50,邦楽,1153328163,5時間40分,1,12,12.0,0,0,0.035,8.33,0.0,0.18,あと3日,https://detail.chiebukuro.yahoo.co.jp/qa/question_detail/q10324943760,インスタで見つけた、椎名林檎さんの「Ζ」？という曲はなんて読むんですか？あと、この曲がSpotifyにあったら教えて欲しいです。,0,0
61,2026/2/2 20:50,iPhone,mac********,5時間40分,2,12,6.0,0,0,0.035,16.67,0.0,0.33,不明,https://detail.chiebukuro.yahoo.co.jp/qa/question_detail/q13324943758,モニターの画面をiPhoneに映すことは可能でしょうか？ Switchの画面をiPhoneで配信ができないみたいなので、Switchをモニターに出力して更にモニターの画面をiPhoneに映したいのです...,0,0
63,2026/2/2 20:50,コンタクトレンズ、視力矯正,1052478742,5時間40分,1,3,3.0,0,0,0.009,33.33,0.0,0.16,あと3日,https://detail.chiebukuro.yahoo.co.jp/qa/question_detail/q11324943756,カラコンのトパーズはドンキにおいてますか？？,0,0
64,2026/2/2 20:50,男性アイドル,.,5時間40分,1,6,6.0,0,0,0.018,16.67,0.0,0.16,あと3日,https://detail.chiebukuro.yahoo.co.jp/qa/question_detail/q10324943755,もうあまり追ってなくてよく分からないんですが、すとぷりのさとみくんって復活したんじゃないんですか？また最近居なくないですか？,0,0
65,2026/2/2 20:50,スマホアプリ,おもち,5時間40分,0,15,15.0,0,0,0.044,0.0,0.0,0.04,あと3日,https://detail.chiebukuro.yahoo.co.jp/qa/question_detail/q13324943753,ポケコロツインのマルシェの価格帯について教えて欲しいです。 画像のものの最低価格〜最高価格を教えていただきたいです…！,0,0
66,2026/2/2 20:50,絵画,b4320b2b,5時間40分,3,67,22.3,0,3,0.197,4.48,0.04,0.9,あと3日,https://detail.chiebukuro.yahoo.co.jp/qa/question_detail/q14324943754,ペンキ塗りの何が悪いって思います 確かに下手なイラストが苦手な人がいるのは存じております しかし、本人が頑張って描いたのにTLに流すなと心で思うのはいいけど直接書くのは、本人が傷つくので、あってはなら...,0,0
67,2026/2/2 20:50,高校受験,b3dd07374,5時間40分,3,24,8.0,0,3,0.07,12.5,0.01,0.77,あと3日,https://detail.chiebukuro.yahoo.co.jp/qa/question_detail/q12324943752,もうそろそろ公立高校の面接入試です。 私が受ける高校はレベルも倍率も高いです 受かったらラッキーくらいの気持ちがいいと何度も聞いていますがどうしても落ちてしまった時を思うと自信無くなります… 面接の時...,0,0
68,2026/2/2 20:50,政治、社会問題,bkf********,5時間40分,1,15,15.0,0,0,0.044,6.67,0.01,0.19,あと3日,https://detail.chiebukuro.yahoo.co.jp/qa/question_detail/q10324943750,基本的に多数の人たちは死にたいと思わないから恵まれない環境にいる少数派の死にたいとか安楽死を認めてほしいという人の声は支持されないのは哲学ですか？,0,0
69,2026/2/2 20:50,邦楽,1252552748,5時間40分,0,20,20.0,0,0,0.059,0.0,0.0,0.06,あと3日,https://detail.chiebukuro.yahoo.co.jp/qa/question_detail/q13324943748,この中で全盛期人気だった順に並び替え ❶Mrs.Green Apple ❷チェッカーズ ❸B'z ❹SMAP ❺安全地帯 ❻THE ALFEE ❼少年隊 ❽男闘呼組 ❾field of view,0,0
70,2026/2/2 20:50,お酒、ドリンク,ホーリー,5時間40分,3,21,7.0,0,0,0.062,14.29,0.0,0.5,不明,https://detail.chiebukuro.yahoo.co.jp/qa/question_detail/q10324943745,皆さん甘酒は好きですか？,0,0
71,2026/2/2 20:50,アニメ、コミック,まさかず@ぽっちゃりこそ至高！,5時間41分,0,2,2.0,0,0,0.006,0.0,0.0,0.01,あと3日,https://detail.chiebukuro.yahoo.co.jp/qa/question_detail/q14324943744,聖杯伝説でマイナーな作品だと何があがる？,0,0
72,2026/2/2 20:50,ペット,翠,5時間41分,1,4,4.0,0,0,0.012,25.0,0.0,0.16,あと3日,https://detail.chiebukuro.yahoo.co.jp/qa/question_detail/q12324943747,犬が交通事故などの強い衝撃で横隔膜ヘルニアが起きると、なぜ即座に呼吸困難に陥るのですか？,0,0
73,2026/2/2 20:50,ヘアケア,非公開,5時間41分,1,16,16.0,0,0,0.047,6.25,0.01,0.19,あと3日,https://detail.chiebukuro.yahoo.co.jp/qa/question_detail/q11324943746,ブリーチ1回の抜きっぱなし金髪(18レベルくらい)の上にほんのりピンクで染めてもらいました。写真の通りです。 どのくらいで色が無くなるのでしょうか？ 1週間後に予定があるので、金髪ではなく、ちょっとで...,0,0
74,2026/2/2 20:50,マインクラフト,UK,5時間41分,3,20,6.7,0,0,0.059,15.0,0.0,0.5,あと3日,https://detail.chiebukuro.yahoo.co.jp/qa/question_detail/q12324943742,Minecraft、1.21.11、Javaについて質問です。今って村人ゾンビにしてエメラルド1にすることってできたんですか？修正されたんでしたったけ？,0,0
75,2026/2/2 20:50,転職,axh********,5時間41分,1,23,23.0,0,0,0.067,4.35,0.02,0.21,あと3日,https://detail.chiebukuro.yahoo.co.jp/qa/question_detail/q11324943741,転職を考えています。調べていると色々な情報があって何が正解なのかわかりません。 TikTokでは中小企業の転職エージェントがオススメとあったり、Googleだと大手の転職エージェントばっか出てきたりし...,0,0
76,2026/2/2 20:50,大学受験,タハ,5時間41分,0,13,13.0,0,0,0.038,0.0,0.0,0.04,あと3日,https://detail.chiebukuro.yahoo.co.jp/qa/question_detail/q10324943740,この参考書の名前を教えてください。学校でコピーが配られました。検索しても出てきません。,0,0
77,2026/2/2 20:50,手芸,1053194527,5時間41分,1,11,11.0,0,0,0.032,9.09,0.0,0.18,あと3日,https://detail.chiebukuro.yahoo.co.jp/qa/question_detail/q14324943739,レザークラフトで使う革裁包丁の使用方法に関する質問です。 料理で使う片刃の包丁は使用する時、基本的に包丁の裏が左側にくるように使いますが、革裁包丁は裏が右にくるように使っているのを見ます。何故でしょう...,0,0
78,2026/2/2 20:50,アニメ,もも,5時間41分,2,12,6.0,0,0,0.035,16.67,0.0,0.33,あと3日,https://detail.chiebukuro.yahoo.co.jp/qa/question_detail/q12324943737,まんが日本昔ばなしにあったお話の題名が思い出せません。 主人公の女の子がとにかく不幸な目に遭って(家族を亡くすなど)、やっと結婚して子供にも恵まれ、幸せに生活できたのですが、旦那も失い(理由は覚えてい...,0,0
79,2026/2/2 20:50,恋愛相談、人間関係の悩み,1252292786,5時間41分,3,27,9.0,0,1,0.079,11.11,0.01,0.6,あと3日,https://detail.chiebukuro.yahoo.co.jp/qa/question_detail/q13324943738,質問です。51歳既婚女性魅力的ですか？,0,0
80,2026/2/2 20:50,大学受験,hiro,5時間41分,0,6,6.0,0,0,0.018,0.0,0.0,0.02,あと3日,https://detail.chiebukuro.yahoo.co.jp/qa/question_detail/q11324943736,高校入学時にターゲット1200が覚えきれていることは、大学受験で有利になりますか？？,0,0
81,2026/2/2 20:50,病気、症状,bdebeb7b4,5時間41分,1,32,32.0,0,2,0.094,3.12,0.03,0.41,不明,https://detail.chiebukuro.yahoo.co.jp/qa/question_detail/q10324943735,腰椎ヘルニアでさくらんぼ（たまたま）痛くなった人いますか？,0,0
82,2026/2/2 20:50,生き方、人生相談,I,5時間41分,1,9,9.0,0,1,0.026,11.11,0.0,0.26,あと3日,https://detail.chiebukuro.yahoo.co.jp/qa/question_detail/q14324943734,私の高校あまり学校に来ないのにコミュ力が高い人すごく多くて…どこでコミュ力鍛えてますか？ 家で出来るコミュ力の上げ方ってあるんでしょうか。教えて欲しいです。,0,0
83,2026/2/2 20:50,俳優、女優,c15b5d1d8,5時間41分,2,13,6.5,0,0,0.038,15.38,0.0,0.33,あと3日,https://detail.chiebukuro.yahoo.co.jp/qa/question_detail/q12324943732,芸能界、俳優について質問です。 私は今年高校2年生の女子で、芸能界、俳優に憧れています。将来の夢は看護師で現在は看護大学に進学の予定なのですが、俳優になりたい夢を諦めきれません。 親は私の夢を肯定も否...,0,0
84,2026/2/2 20:50,メール,1152779325,5時間41分,2,7,3.5,0,0,0.02,28.57,0.0,0.31,あと3日,https://detail.chiebukuro.yahoo.co.jp/qa/question_detail/q13324943733,Gmailで、ゴミ箱からも完全に削除されたメールって復元できないんですか？ もし復元できるのであれば、方法を教えてほしいです。,0,0
85,2026/2/2 20:50,ライブ、コンサート,c30f3242b,5時間41分,2,30,15.0,0,0,0.088,6.67,0.01,0.38,あと3日,https://detail.chiebukuro.yahoo.co.jp/qa/question_detail/q11324943731,イコラブのライブ初参戦したいと思っているのですが国立競技場ということもあり、遠い席になると楽しめない気がします。遠い席でも楽しめる方法はありますか？,0,0
86,2026/2/2 20:50,タブレット端末,1251940394,5時間41分,0,1,1.0,0,0,0.003,0.0,0.0,0.0,あと3日,https://detail.chiebukuro.yahoo.co.jp/qa/question_detail/q10324943730,iPad nimi 6の修理についての質問です。 ゲームアプリ「fateグランドオーダー」をメインで使用してしているのですが、ゲーム中にフリーズしたり、カクついたり、音声やSEが「ブツッブツッ」って聞...,0,0
87,2026/2/2 20:50,動物,小籠包,5時間42分,6,27,4.5,0,6,0.079,22.22,0.0,1.48,あと3日,https://detail.chiebukuro.yahoo.co.jp/qa/question_detail/q13324943728,なんの花が好きですか？ なんの動物が好きですか？ 描く絵のアイデアをください☺︎,0,0
88,2026/2/2 20:50,お笑い芸人,apm********,5時間42分,1,7,7.0,0,1,0.02,14.29,0.0,0.25,あと3日,https://detail.chiebukuro.yahoo.co.jp/qa/question_detail/q10324943725,23〜25年まえぐらいに吉本興業が100円で売ってた本覚えてる方いませんか？ ペラペラの本で、普通に本屋さんに並んでた記憶があります。,0,0
89,2026/2/2 20:50,スマホアプリ,a36********,5時間42分,0,1,1.0,0,0,0.003,0.0,0.0,0.0,あと3日,https://detail.chiebukuro.yahoo.co.jp/qa/question_detail/q12324943727,ホワサバ について ホワサバ で他のサーバーの同盟や盟主を検索する事は出来ますか？ TikTokで仲良くなった人から検索してフレ申請しますって来たけどどうやって検索するんだろうって思ったけどやり方全然...,0,0
90,2026/2/2 20:50,大学受験,まもまも,5時間42分,1,60,60.0,0,0,0.175,1.67,0.1,0.32,あと3日,https://detail.chiebukuro.yahoo.co.jp/qa/question_detail/q11324943726,神戸大学に土曜日の午前にネット出願して、午後に書類を提出したのですが出願サイトの提出用書類が未受付のままになってます。これ大丈夫ですかね？何かミスがあったってことでしょうか…？ 反映に時間を要するとは...,0,0
91,2026/2/2 20:50,モータースポーツ,倍倍ROSE_ME:IS:SUE,5時間42分,0,3,3.0,0,0,0.009,0.0,0.0,0.01,あと3日,https://detail.chiebukuro.yahoo.co.jp/qa/question_detail/q14324943724,レーサー Juju・PANDAMIC 山縣ちゃん・ちゃんひな・≒JOY ももちゃん・Rain Treeのマカロンガールの共通点は？,0,0
92,2026/2/2 20:50,音楽,彦星（飛翔する鷲）SS＋ランク,5時間42分,1,14,14.0,0,0,0.041,7.14,0.01,0.19,あと3日,https://detail.chiebukuro.yahoo.co.jp/qa/question_detail/q13324943723,EDMの種類を教えてください ROCKだったら、ハードコア メタル みたいな感じで,0,0
93,2026/2/2 20:50,固定電話,1051476943,5時間42分,1,6,6.0,0,0,0.018,16.67,0.0,0.16,あと3日,https://detail.chiebukuro.yahoo.co.jp/qa/question_detail/q12324943722,Faxの誤送信について 先日faxの誤送信をしてしまい送り先に謝罪と破棄のお願いのため電話を入れたのですが、そんなものは届いてないと言われました。 こちらの機械は送信完了になっているのですがそんなこと...,0,0
94,2026/2/2 20:49,鉄道、列車、駅,a12ebd8c,5時間43分,5,42,8.4,0,0,0.122,11.9,0.01,0.85,あと3日,https://detail.chiebukuro.yahoo.co.jp/qa/question_detail/q11324943721,近鉄の株主乗車券は近鉄の改札内を入って出るまでという認識だと思うのですが大阪の画像のように途中で阪神線になる場合どこまで行けるのでしょうか。,0,0
95,2026/2/2 20:49,政治、社会問題,非公開,5時間43分,1,34,34.0,0,1,0.099,2.94,0.03,0.33,あと3日,https://detail.chiebukuro.yahoo.co.jp/qa/question_detail/q10324943720,自然界の標準は「ひとりで死ぬ」 人間は介護や看取りの文化がありますが、 野生動物の世界では―― 老いたら群れから離れる 物陰で動かなくなる 自然死これが“普通の死に方”です。 地球上の90%の生物が孤...,0,0
96,2026/2/2 20:49,CM,ブルアカ好き,5時間43分,0,5,5.0,0,0,0.015,0.0,0.0,0.01,あと3日,https://detail.chiebukuro.yahoo.co.jp/qa/question_detail/q14324943719,ブルアカのテレビCMを見たいんですが、どこで何時くらいとかありますかね？よかったら教えてください！ケイとアリスのCMがどうしても見たい…,0,0
97,2026/2/2 20:49,友人関係の悩み,1052901562,5時間43分,3,31,10.3,0,3,0.09,9.68,0.01,0.79,あと3日,https://detail.chiebukuro.yahoo.co.jp/qa/question_detail/q12324943717,嫌いな人に昼食を一緒に食べようと誘われた時の断り方を教えてください。元々仲がいいわけではありません。どちらかというと仲が悪いという言い方の方が正しいです。 何かに理由をつけて友達がいる前で私一人にキレ...,0,0
98,2026/2/2 20:49,賃貸物件,abs********,5時間43分,1,18,18.0,0,0,0.052,5.56,0.01,0.2,あと3日,https://detail.chiebukuro.yahoo.co.jp/qa/question_detail/q13324943718,窓の開け方について質問です。 引っ越したのですが、窓の開け方がわかりません。ご存知の方がいたら教えてください。,0,0
99,2026/2/2 20:49,バイク,1018428201,5時間43分,1,18,18.0,0,0,0.052,5.56,0.01,0.2,あと3日,https://detail.chiebukuro.yahoo.co.jp/qa/question_detail/q11324943716,ハーレーのことでお聞きします。 特に女性のオーナーさん ハンドルレバーの操作で不便を感じることはありませんか？ 友人がハーレーを購入したくて試乗に行ったそうです。 その時の感想は、クラッチが硬く、レバ...,0,0
100,2026/2/2 20:49,英語,jgdpmtpw,5時間43分,1,14,14.0,0,0,0.041,7.14,0.01,0.19,あと3日,https://detail.chiebukuro.yahoo.co.jp/qa/question_detail/q10324943715,長文が覚えられません 早く覚えないといけないのに記憶力が悪いので長い文章を中々覚えられないです。途中でぐしゃぐしゃになっちゃいます。 どうやったら早く覚えられますか？,0,0
101,2026/2/2 20:49,メルカリ,aij********,5時間43分,1,52,52.0,0,0,0.151,1.92,0.08,0.3,不明,https://detail.chiebukuro.yahoo.co.jp/qa/question_detail/q14324943714,メルカリのオークションについて。 私は購入者側で、支払い前です。 出品者から値段の設定を間違えたのでキャンセルしたいと申し出がありました。 私がこのまま支払わずに24時間経過を待てば自動的にキャンセル...,0,0
102,2026/2/2 20:49,家族関係の悩み,b392940b2,5時間44分,4,46,11.5,0,1,0.134,8.7,0.02,0.8,あと3日,https://detail.chiebukuro.yahoo.co.jp/qa/question_detail/q13324943713,妹のインフルに移され38.5の熱がありました 今日はテストがあったし両親にも休ませて貰えなかった為、正直限界を超えてましたが最後まで出席しました。ですが帰りとの満員電車でどうしても気持ち悪くなってしま...,0,0
103,2026/2/2 20:49,政治、社会問題,匿名,5時間44分,6,58,9.7,0,4,0.169,10.34,0.02,1.39,あと3日,https://detail.chiebukuro.yahoo.co.jp/qa/question_detail/q11324943711,高市早苗は開戦しますか？,0,0
104,2026/2/2 20:49,将棋、囲碁,bef156139,5時間44分,0,9,9.0,0,0,0.026,0.0,0.0,0.03,あと3日,https://detail.chiebukuro.yahoo.co.jp/qa/question_detail/q12324943712,ウォーズ2級の振り飛車党なのですが、今って振り穴は弱いですか？ 普段はノーマル四間飛車(勿論美濃囲い)を指すのですが、2級でつまづいていて、現在の将棋界では逆に振り穴が刺さるのではないかと思い気になり...,0,0
105,2026/2/2 20:49,高校受験,非公開,5時間44分,4,37,9.2,1,0,0.107,10.81,0.01,0.98,あと3日,https://detail.chiebukuro.yahoo.co.jp/qa/question_detail/q14324943709,長所が何もないことについて 高校受験生なのですが、面接の自分のことについての長所が何も無く悩んでます 例えば 自分に自信が全くなく、自己肯定感が低い 他人と比べて落ち込む すぐに傷つき、病んでしまう ...,0,0
106,2026/2/2 20:49,就職、転職,poy********,5時間44分,4,60,15.0,0,0,0.174,6.67,0.03,0.75,あと3日,https://detail.chiebukuro.yahoo.co.jp/qa/question_detail/q10324943710,中卒30代の私でも正社員として働けるでしょうか。 現在子供3人(小学生1、幼稚園児1、乳児1)、シングルになりました。 私は中学を底辺の成績で卒業して定時制高校に入学、進級できず1年で辞めて、コンビニ...,0,0
107,2026/2/2 20:49,ゲーム,めな,5時間44分,1,15,15.0,0,0,0.044,6.67,0.01,0.19,不明,https://detail.chiebukuro.yahoo.co.jp/qa/question_detail/q11324943706,グラブルで今rank200で、マグナ3を集めているところなんですが、ディアスポラとかは自発した方がいいんでしょうか？救援とかで簡単に勝てるものなんですか？,0,0
108,2026/2/2 20:49,恋愛相談、人間関係の悩み,非表示,5時間44分,1,28,28.0,0,2,0.081,3.57,0.02,0.4,不明,https://detail.chiebukuro.yahoo.co.jp/qa/question_detail/q12324943707,至急診察中に私の服に文字が たくさん書いてあって 何て書いてるの？って 主治医が服を触ってきたのですが え、ろくないですか！？！？ せ、くはらに入りますか？,0,0
109,2026/2/2 20:49,釣り,xxe********,5時間44分,3,32,10.7,0,0,0.093,9.38,0.01,0.53,不明,https://detail.chiebukuro.yahoo.co.jp/qa/question_detail/q13324943708,エギングに於いてシマノのコアソリッドのローターがくるくる回り続けるの必要ないような気がしてストラディックよりルビアスを最近よく使うのですが、 エギングでのコアソリッドの良いところ教えて頂けないでしょう...,0,0
110,2026/2/2 20:49,超常現象、オカルト,☆☆☆☆☆☆☆☆☆☆,5時間44分,0,5,5.0,0,0,0.015,0.0,0.0,0.01,あと3日,https://detail.chiebukuro.yahoo.co.jp/qa/question_detail/q10324943705,魂をよこせですか？,0,0
111,2026/2/2 20:49,サービス、探しています,dev********,5時間44分,0,3,3.0,0,0,0.009,0.0,0.0,0.01,あと3日,https://detail.chiebukuro.yahoo.co.jp/qa/question_detail/q13324943703,"処理速度を低下させる、31368件の問題を修復するとでて、続行するとノートンテイリーズアルテイメットで10,401円のアドバイスに加入するよう通知されます。このサービスは必要か不明です。 表示されない...",0,0
112,2026/2/2 20:49,昆虫,東組(西成区山王1-11-8),5時間44分,2,8,4.0,0,6,0.023,25.0,0.0,0.83,あと3日,https://detail.chiebukuro.yahoo.co.jp/qa/question_detail/q12324943702,オオカレエダカマキリが13倍の大きさに為ればライオン依り強い?,0,0
113,2026/2/2 20:49,ヘアケア,もや,5時間44分,2,4,2.0,0,0,0.012,50.0,0.0,0.3,あと3日,https://detail.chiebukuro.yahoo.co.jp/qa/question_detail/q14324943704,縮毛矯正をしたのですが、直毛すぎてぺったんこになっていしまいます。どうすればいいですか？,0,0
114,2026/2/2 20:49,恋愛相談、人間関係の悩み,1051402183,5時間44分,2,7,3.5,0,0,0.02,28.57,0.0,0.31,あと3日,https://detail.chiebukuro.yahoo.co.jp/qa/question_detail/q11324943701,高二の彼氏と1年記念日にプレゼント交換をしようと思っているのですが、なにをもらったら嬉しいですか？彼氏の喜ぶ顔がみたいです！！(誕生日にはブレスレットをあげました),0,0
115,2026/2/2 20:49,ペット,翠,5時間44分,1,8,8.0,0,0,0.023,12.5,0.0,0.17,あと3日,https://detail.chiebukuro.yahoo.co.jp/qa/question_detail/q10324943700,犬が出血性ショックの際、意識はあるのに尿が出なくなるのは、腎臓が血流量をどうコントロールしているからですか？,0,0
116,2026/2/2 20:49,就職、転職,kaki***********,5時間44分,2,18,9.0,0,0,0.052,11.11,0.0,0.34,あと3日,https://detail.chiebukuro.yahoo.co.jp/qa/question_detail/q13324943698,31歳にもなって3年も無職から抜け出せないままの人間に就けるまともな仕事なんてありませんよね？ 前職も低賃金非正規(手取り150万前後)の工場作業員でした。そこから抜け出してちゃんとした仕事に就きたい...,0,0
118,2026/2/2 20:49,女性アイドル,ねろる,5時間45分,0,9,9.0,0,0,0.026,0.0,0.0,0.03,あと3日,https://detail.chiebukuro.yahoo.co.jp/qa/question_detail/q11324943696,こちらのパジャマは今回のツイートで初めて着用していたものでしょうか？それとも前にどこかでこのパジャマを着ているツイートがあるのでしょうか？ あいす iLiFE 地下アイドル ジェラピケ,0,0
119,2026/2/2 20:49,YouTube,1051893886,5時間45分,0,19,19.0,1,0,0.055,0.0,0.0,0.34,あと3日,https://detail.chiebukuro.yahoo.co.jp/qa/question_detail/q10324943695,何回も再生してしまうYouTubeの動画ありませんか？ 私はこれです。 https://youtu.be/MO6aMMWvU40?si=wkFGXkxT6JOPQEYS,0,0
120,2026/2/2 20:49,オリンピック,dyw********,5時間45分,3,12,4.0,0,0,0.035,25.0,0.0,0.47,不明,https://detail.chiebukuro.yahoo.co.jp/qa/question_detail/q14324943694,スケルトン、リュージュ、ボブスレーはドイツが本場なのですか。 ヨーロッパでの人気は高いのですか。 バランスのとり方とか、高度な技が必要とされるのですか。 助走をつけるために、体もものすごく鍛えるのです...,0,0
121,2026/2/2 20:49,アニメ,岩瀬晴,5時間45分,1,23,23.0,0,0,0.067,4.35,0.02,0.21,あと3日,https://detail.chiebukuro.yahoo.co.jp/qa/question_detail/q13324943693,このキャラを教えてください,0,0
122,2026/2/2 20:49,アニメ,musimusi,5時間45分,0,3,3.0,0,0,0.009,0.0,0.0,0.01,あと3日,https://detail.chiebukuro.yahoo.co.jp/qa/question_detail/q12324943692,名探偵プリキュアで、キュアエクレールの声優は、誰になると思いますか？,0,0
123,2026/2/2 20:49,音楽,b9dd9f269,5時間45分,1,12,12.0,0,0,0.035,8.33,0.0,0.18,あと3日,https://detail.chiebukuro.yahoo.co.jp/qa/question_detail/q11324943691,曲名が分からず、ずっとモヤモヤしています。 ちゃーちゃらっちゃちゃっちゃっちゃー、ちゃーちゃらっちゃちゃっちゃっちゃー、ちゃーらーちゃーらーちゃーらーたったった、 と聞こえる行進曲的なやつだと思います...,0,0
124,2026/2/2 20:49,哲学、倫理,bkf********,5時間45分,1,18,18.0,0,0,0.052,5.56,0.01,0.2,あと3日,https://detail.chiebukuro.yahoo.co.jp/qa/question_detail/q14324943689,ルールは守って当然のことを守らない人がいるからできるがそれをするとルールのないところなら何をしても良いと思う人も出てくることをどう思いますか？,0,0
125,2026/2/2 20:49,コスプレ,1150483565,5時間45分,1,22,22.0,0,1,0.064,4.55,0.01,0.29,不明,https://detail.chiebukuro.yahoo.co.jp/qa/question_detail/q13324943688,コスプレイベント「アコスタ」のVIPチケットとは一体どのような物なのでしょうか？アーリーチケットと同じ時間帯に更衣室に入れますか？それともなにか他の特典が付いているのでしょうか？ 有識者の方、ご回答よ...,0,0
127,2026/2/2 20:49,政治、社会問題,hod********,5時間45分,2,18,9.0,0,0,0.052,11.11,0.0,0.34,あと3日,https://detail.chiebukuro.yahoo.co.jp/qa/question_detail/q11324943686,ビッグモーター事件で、損保ジャパン日本興亜は行政処分なしですか？,0,0
128,2026/2/2 20:49,バレーボール,1251545867,5時間45分,0,5,5.0,0,0,0.014,0.0,0.0,0.01,あと3日,https://detail.chiebukuro.yahoo.co.jp/qa/question_detail/q14324943684,愛知工業大学に進学を希望している高校2年生です！！ 愛知工業大学でバレーボールをしたいと考えているのですが最近はどんな活動をしているのかあまり情報を見つけられませんでした…最近の成績や今のリーグ情報な...,0,0
129,2026/2/2 20:49,政治、社会問題,toro974noi8dared,5時間45分,2,38,19.0,0,1,0.11,5.26,0.02,0.48,あと3日,https://detail.chiebukuro.yahoo.co.jp/qa/question_detail/q10324943685,「自民党が日本を衰退途上国にした」「米が手に入らない国にした」「貧困が拡大したのは自民党のせいだ」とよく言われますが、では具体的にお聞きします。 ① それらの問題は、どの政策・どの法律・どの予算措置に...,0,0
130,2026/2/2 20:49,アニメ,shu********,5時間45分,1,26,26.0,0,0,0.075,3.85,0.02,0.22,不明,https://detail.chiebukuro.yahoo.co.jp/qa/question_detail/q13324943683,中国のアニメて日本で放送されてますか あるなら作品名は何ですか,0,0
131,2026/2/2 20:49,DTM,1252778819,5時間45分,0,9,9.0,0,0,0.026,0.0,0.0,0.03,あと3日,https://detail.chiebukuro.yahoo.co.jp/qa/question_detail/q12324943682,cubaseからlogic proに乗り換えたのですが、cubaseの時はバッファサイズを32にしても快適だった作業がlogic proでは512でも止まってしまいます。 dawごとに重さってこんなに...,0,0
132,2026/2/2 20:49,料理、食材,1250518911,5時間45分,2,10,5.0,0,0,0.029,20.0,0.0,0.32,あと3日,https://detail.chiebukuro.yahoo.co.jp/qa/question_detail/q11324943681,絶対に使わなそうな料理の店なのに卓上調味料で醤油とかを置いてる店がありますが使う人いるんですか？,0,0
133,2026/2/2 20:49,海外,ita********,5時間45分,1,8,8.0,0,0,0.023,12.5,0.0,0.17,あと3日,https://detail.chiebukuro.yahoo.co.jp/qa/question_detail/q14324943679,タイでスーツ（レディース）を作りたいのですが。 ２週間ほどタイに行きます。場所はバンコクのasok周辺です。 父からタイに行くと３日ぐらいでフルオーダーのスーツを作ってくれると聞きました。 父は迷って...,0,0
134,2026/2/2 20:49,X（旧Twitter）,cc3b06f9c,5時間46分,1,21,21.0,0,0,0.061,4.76,0.01,0.2,あと3日,https://detail.chiebukuro.yahoo.co.jp/qa/question_detail/q10324943680,できる限り急ぎでご回答いただけると助かります。 最近、Twitterの起動が腹が立つほど遅いです。 最初の読み込み、検索画面、アカウントのページにそれぞれ2分ほどかかります。 キャッシュクリアの方法を...,0,0
135,2026/2/2 20:49,パソコン,mii********,5時間46分,1,14,14.0,0,0,0.04,7.14,0.01,0.18,不明,https://detail.chiebukuro.yahoo.co.jp/qa/question_detail/q13324943678,東芝Dynabook G83はBluetooth対応ですか？,0,0
136,2026/2/2 20:49,大学受験,非公開,5時間46分,1,34,34.0,0,3,0.098,2.94,0.03,0.5,あと3日,https://detail.chiebukuro.yahoo.co.jp/qa/question_detail/q11324943676,高校3年生で、九州大学経済学部を受験予定です。 数学のテスト本番になると強い焦りを感じ、ケアレスミスを非常に多くしてしまいます。 昔から「分かっているのに間違える」ことが多く、特にテスト中は早く解かな...,0,0
137,2026/2/2 20:49,葬儀,1049678965,5時間46分,3,25,8.3,0,5,0.072,12.0,0.01,0.94,あと3日,https://detail.chiebukuro.yahoo.co.jp/qa/question_detail/q12324943677,明日と明後日に父の通夜・葬儀を行います！ 喪服の下にセーター等を着るのはどうなんですか？ また、喪服のズボンの裾はダブルはだとおかしいのでしょうか? ほぼ身内に近い人しか見えません。,0,0
138,2026/2/2 20:49,恋愛相談、人間関係の悩み,c80029280,5時間46分,3,34,11.3,0,1,0.098,8.82,0.01,0.62,あと3日,https://detail.chiebukuro.yahoo.co.jp/qa/question_detail/q10324943675,至急です いつもおやすみとおはように好きという言葉をいうのですが毎回同じ文面になってしまうのでアレンジしたいです。 インスタのDMです 可愛い好きの言い回しありませんか？,0,0
139,2026/2/2 20:49,パチンコ,rbd********,5時間46分,1,12,12.0,0,0,0.035,8.33,0.0,0.18,あと3日,https://detail.chiebukuro.yahoo.co.jp/qa/question_detail/q14324943674,Pもののがたり ヘソ残保留について 普通図柄抽選に詳しい方教えてください。 約25%のLTを取った保留の次に控えてたヘソ残保留で大当たりしました(右打ちする前に)。 これも約25%の再抽選行われるって...,0,0
140,2026/2/2 20:49,ラジオ,秋山,5時間46分,1,4,4.0,0,0,0.012,25.0,0.0,0.16,あと3日,https://detail.chiebukuro.yahoo.co.jp/qa/question_detail/q12324943672,ラランドの声溜めラジオでニシダがお便りの誤字に謎にツボった回ってどの回かわかりますか第100回の前後だったと思います,0,0
141,2026/2/2 20:49,高校受験,非公開,5時間46分,1,14,14.0,0,0,0.04,7.14,0.01,0.18,あと3日,https://detail.chiebukuro.yahoo.co.jp/qa/question_detail/q13324943673,今週私立の試験があるのですが、合格基準点にも達しておらず落ちるだろうなぁとか考えてしまいます。不安で仕方がないです。 あと残り数日どんな勉強をすればいいでしょうか？また、当日の緊張の抑え方なども教えて...,0,0
142,2026/2/2 20:49,アニメ,美咲,5時間46分,1,5,5.0,0,3,0.014,20.0,0.0,0.42,あと3日,https://detail.chiebukuro.yahoo.co.jp/qa/question_detail/q11324943671,テレビアニメプリキュアシリーズキャラクターデザイナー川村敏江さんにやってほしいと思いますか？,0,0
143,2026/2/2 20:49,宗教,AKIFUTARO,5時間46分,0,15,15.0,0,0,0.043,0.0,0.0,0.04,あと3日,https://detail.chiebukuro.yahoo.co.jp/qa/question_detail/q10324943670,以前から言われていましたが、結局創価学会はフランス政府にカルト（セクト）宗教指定の件を抗議していないのですか？ フランス以外にも、ベルギーとかチリとかも、カルト（セクト）宗教したとか言う話もありました...,0,0
144,2026/2/2 20:49,新築マンション,A,5時間46分,2,11,5.5,0,0,0.032,18.18,0.0,0.32,あと3日,https://detail.chiebukuro.yahoo.co.jp/qa/question_detail/q14324943669,世帯年収1000万で4人家族ペットありならいくらの家を買いますか？ 職場は高輪の方です。 また家を買う際何をポイントに選びますか？ 出来ればマンションがいいなと思っています。,0,0
145,2026/2/2 20:48,病気、症状,kom********,5時間47分,2,12,6.0,0,0,0.035,16.67,0.0,0.32,あと3日,https://detail.chiebukuro.yahoo.co.jp/qa/question_detail/q13324943668,4ヶ月前から喉が詰まる感じの症状があります。 喉が詰まる感じがあるのと左胸が少し張っていて違和感がある感じがします。 耳鼻科にて内視鏡をしてもらいましたが、特に異常は見つかりませんでした。 また病院に...,0,0
146,2026/2/2 20:48,話題の人物,oka********,5時間47分,2,15,7.5,0,2,0.043,13.33,0.0,0.5,あと3日,https://detail.chiebukuro.yahoo.co.jp/qa/question_detail/q12324943667,夫が不倫した時に山本モナ弁護士に相談することは可能だと思いますか?,0,0
147,2026/2/2 20:48,恋愛相談,匿名,5時間47分,2,20,10.0,0,0,0.058,10.0,0.01,0.34,あと3日,https://detail.chiebukuro.yahoo.co.jp/qa/question_detail/q11324943666,奥さんがいる男性に片想いしている女性は批判されていても仕方ないですか？,0,0
148,2026/2/2 20:48,恋愛相談、人間関係の悩み,u**********,5時間47分,1,34,34.0,0,0,0.098,2.94,0.03,0.24,あと3日,https://detail.chiebukuro.yahoo.co.jp/qa/question_detail/q14324943664,好きな人と別れた人に質問です どうして別れないといけなかったのですか？,0,0
149,2026/2/2 20:48,家族関係の悩み,itsukiii_1002,5時間47分,10,83,8.3,0,3,0.239,12.05,0.02,1.93,あと3日,https://detail.chiebukuro.yahoo.co.jp/qa/question_detail/q10324943665,なんで親って子供に「人生はうまくいかない」って教え込むんでしょうか？ 子供はまだまだ可能性に満ちているのに何で最初からうまくいくことはないって断言するんでしょうね？ぼくはずっと「順調にいくことはないけ...,0,0
150,2026/2/2 20:48,デンタルケア,c51e1826c,5時間48分,0,11,11.0,0,0,0.032,0.0,0.0,0.03,あと3日,https://detail.chiebukuro.yahoo.co.jp/qa/question_detail/q13324943663,※口の中の写真になります。 親にあまり健康面とかも気にされた事が無く、大人になるまであまり意識もして来なかったのですが、歯の色は一度置いといて歯並びや歯の状態これはどのくらい悪い方なのでしょうか。こう...,0,0
151,2026/2/2 20:48,パソコン,672155461,5時間48分,1,38,38.0,0,0,0.109,2.63,0.04,0.25,不明,https://detail.chiebukuro.yahoo.co.jp/qa/question_detail/q12324943662,ps5proが結構雑魚と知りゲームpcに移行しようかと思っているのだが30万くらいあればいいか？ 買う時点で最強じゃ無くても良いが ps5pro のスペックを前世代と言えるくらいの物は欲しい。,0,0
152,2026/2/2 20:48,メンズ腕時計、アクセサリー,bdad5c2a0,5時間48分,3,18,6.0,0,0,0.052,16.67,0.0,0.48,あと3日,https://detail.chiebukuro.yahoo.co.jp/qa/question_detail/q11324943661,大阪で金を購入したいんですが、オススメのお店ありますか？ 田中貴金属とか三菱マテリアルとかは除外でお願いします。 ネックレスとかブレスレットが欲しいです。,0,0
153,2026/2/2 20:48,福祉、介護,kel********,5時間48分,3,28,9.3,0,2,0.08,10.71,0.01,0.68,不明,https://detail.chiebukuro.yahoo.co.jp/qa/question_detail/q14324943659,就労a型が減っているのはなぜ。 最低賃金以上だから、内職収入より利用者に払う賃金が著しく増え、赤字になりやっていけないからですか。,0,0
154,2026/2/2 20:48,スポーツ,りっぷる,5時間48分,3,4,1.3,0,1,0.011,75.0,0.0,0.53,あと3日,https://detail.chiebukuro.yahoo.co.jp/qa/question_detail/q13324943658,冬季オリンピックのノルディック複合のノルディックって何ですか？,0,0
155,2026/2/2 20:48,子育ての悩み,bjp********,5時間48分,4,57,14.2,0,0,0.164,7.02,0.02,0.74,あと3日,https://detail.chiebukuro.yahoo.co.jp/qa/question_detail/q12324943657,9ヶ月になる娘がいますが、 これは虐待になるでしょうか？ まず娘は抱っこ紐又は母乳でしか寝ませんし、 日中はベッドに下ろすことが出来ません。 夜は添い乳で寝てくれますが、 頻繁に起きるので母乳をあげて...,0,0
156,2026/2/2 20:48,メイク、コスメ,ris******,5時間48分,1,17,17.0,0,1,0.049,5.88,0.01,0.28,あと3日,https://detail.chiebukuro.yahoo.co.jp/qa/question_detail/q11324943656,BAさんに「（眉毛を）伸ばしてください」と言われたんですが、こういうことは普通ですか。差し出がましいというか、かなり不快だったんですが。,0,0
157,2026/2/2 20:48,中古車,1249735148,5時間48分,1,22,22.0,0,0,0.063,4.55,0.01,0.21,不明,https://detail.chiebukuro.yahoo.co.jp/qa/question_detail/q10324943655,ハイエース9型がでたら中古は安くなる？,0,0
158,2026/2/2 20:48,日本史,afaf1c99f,5時間48分,3,11,3.7,0,0,0.032,27.27,0.0,0.46,あと3日,https://detail.chiebukuro.yahoo.co.jp/qa/question_detail/q14324943654,近藤は局中法度で 必要以上厳しくした なぜでしょうか,0,0
159,2026/2/2 20:48,大学受験,1053122086,5時間48分,0,9,9.0,0,0,0.026,0.0,0.0,0.03,あと3日,https://detail.chiebukuro.yahoo.co.jp/qa/question_detail/q13324943653,愛媛大医学部の総合問題の演習をしたいのですが、2021年度に始まったばかりなので、あまり数がないです。おすすめの参考書、似た問題を出す大学の過去問などありませんでしょうか？,0,0
160,2026/2/2 20:48,決済、ポイントサービス,lco********,5時間48分,0,5,5.0,0,0,0.014,0.0,0.0,0.01,あと3日,https://detail.chiebukuro.yahoo.co.jp/qa/question_detail/q14324943649,ハピタスでポイント交換しようとしたら、昔アカウントを作ってたみたいで電話番号認証出来なくて交換できませんでした。 昔のアカウントを退会したのですがどのくらいでポイント交換できるようになるでしょうか？ ...,0,0
161,2026/2/2 20:48,英語,1052884876,5時間48分,3,10,3.3,0,0,0.029,30.0,0.0,0.46,あと3日,https://detail.chiebukuro.yahoo.co.jp/qa/question_detail/q11324943651,何故becauseは肯定文なら文頭に出せるのに 、否定文では文頭に出せないのでしょうか？,0,0
162,2026/2/2 20:48,家族関係の悩み,1152522129,5時間48分,5,90,18.0,1,0,0.258,5.56,0.05,1.26,あと3日,https://detail.chiebukuro.yahoo.co.jp/qa/question_detail/q10324943650,高一女です。家賃滞納で強制退去しないといけなくなりました。 両親が離婚していて、母の方について行きました。 手取りが少なくて、生活がギリギリなのはわかってました。 今日バイトから帰ったら家に書類が届い...,0,0
163,2026/2/2 20:48,タブレット端末,すっ,5時間48分,1,8,8.0,0,0,0.023,12.5,0.0,0.17,あと3日,https://detail.chiebukuro.yahoo.co.jp/qa/question_detail/q12324943652,アイビスをiPadで描いています。めちゃくちゃ重いです。 アンソロジーに参加していて主催者側が600dpiとのことだったのでそれにしているからかすごく重いです。再起動するなり録画を消したりなど色々対処...,0,0
164,2026/2/2 20:48,アニメ,auf********,5時間48分,0,6,6.0,0,0,0.017,0.0,0.0,0.02,あと3日,https://detail.chiebukuro.yahoo.co.jp/qa/question_detail/q12324943647,羅小黒戦記(2019年公開)のBlu-ray買いました。通常版です 今はメルカリ等でしか見かけない完全生産限定版が気になるのですが、やっぱりそっちの方が断然良いでしょうか？特典がどんなものか気になりま...,0,0
165,2026/2/2 20:48,資格,1051607302,5時間49分,0,12,12.0,0,0,0.034,0.0,0.0,0.03,あと3日,https://detail.chiebukuro.yahoo.co.jp/qa/question_detail/q13324943648,美容国家試験について質問です。 1つめ カットした後に顔の水滴と毛髪を拭き取って審査されてる時におでこに数ミリの髪の毛が1本付いてました。減点なりますか？ 2つめ 絆創膏のジッパーに短い髪の毛が落ちて...,0,0
166,2026/2/2 20:48,男性アイドル,b183b4cf5,5時間49分,1,19,19.0,0,0,0.054,5.26,0.01,0.2,あと3日,https://detail.chiebukuro.yahoo.co.jp/qa/question_detail/q11324943646,EBiDANについて 最近超特急にハマって、 超特急にはBullet Pinkという妹ユニットがあることを知りました！ EBiDANの中で他にそういうポジション？のユニットを知りたいです！ m!lkに...,0,0
167,2026/2/2 20:48,ヘアケア,1251183779,5時間49分,1,31,31.0,0,1,0.089,3.23,0.03,0.32,不明,https://detail.chiebukuro.yahoo.co.jp/qa/question_detail/q13324943643,ホットペッパービューティーのヘアカタログのモデルの人みんな美人過ぎませんか？肌死ぬほどきれいやし。みんな実在する人ですか？AIじゃないのってくらいきれいなんで。,0,0
168,2026/2/2 20:48,Android,mth********,5時間49分,1,59,59.0,0,2,0.169,1.69,0.1,0.48,不明,https://detail.chiebukuro.yahoo.co.jp/qa/question_detail/q14324943644,アンドロイドスマホの設定でセキュリティとプライバシーを開くと 「デバイスが危険にさらされている」の表示が出ます。 これはどうすればいいのでしょうか？,0,0
169,2026/2/2 20:48,就職活動,tas********,5時間49分,2,15,7.5,0,1,0.043,13.33,0.0,0.41,あと3日,https://detail.chiebukuro.yahoo.co.jp/qa/question_detail/q12324943642,福山雅治みたいな57歳と普通一般的な57歳では 面接の合否に関係ありますとおもいますか？,0,0
170,2026/2/2 20:48,デンタルケア,1151449557,5時間49分,1,8,8.0,0,0,0.023,12.5,0.0,0.17,あと3日,https://detail.chiebukuro.yahoo.co.jp/qa/question_detail/q11324943641,高2男子です。歯医者で虫歯が2つあると言われたのですが、この歳でこの数は多すぎますか？それともこのくらいなら沢山いるものなんでしょうか？,0,0
171,2026/2/2 20:48,中国史,非公開ID,5時間49分,3,18,6.0,0,0,0.052,16.67,0.0,0.48,あと3日,https://detail.chiebukuro.yahoo.co.jp/qa/question_detail/q14324943639,なんのために中革連を作ったのでしょうか。 高市早苗総理も応援ですか,0,0
172,2026/2/2 20:48,恋愛相談、人間関係の悩み,非公開,5時間49分,1,3,3.0,0,2,0.009,33.33,0.0,0.32,あと3日,https://detail.chiebukuro.yahoo.co.jp/qa/question_detail/q10324943640,なやんだり落ち込んだり反省したり過去思い出して恥ずかしくなったり こういう経験ある人いたら回答お願いします ない人は回答いりません,0,0
174,2026/2/2 20:48,職場の悩み,gra********,5時間49分,2,17,8.5,0,0,0.049,11.76,0.0,0.33,あと3日,https://detail.chiebukuro.yahoo.co.jp/qa/question_detail/q12324943637,電子部品の生産工場で製造部に所属してます。 今度、社内で新たな設備を入れることになり製造部の担当として私が選ばれました。会社として新たな事業でして、責任をひしひしと感じております。 ただ、立ち上げに携...,0,0
175,2026/2/2 20:48,パズルゲーム,bed07e4a9,5時間49分,1,27,27.0,0,0,0.077,3.7,0.02,0.22,不明,https://detail.chiebukuro.yahoo.co.jp/qa/question_detail/q11324943636,原神について 最近初めてコロンビーナとイネファ持ってます。アタッカーがいないので兹白当てようと思ってるんですけど、イネファとコロンビーナの編成に兹白を入れても強く使えますか？,0,0
176,2026/2/2 20:48,アニメ,musimusi,5時間49分,2,4,2.0,0,0,0.011,50.0,0.0,0.3,あと3日,https://detail.chiebukuro.yahoo.co.jp/qa/question_detail/q10324943635,プリンセスプリキュアと、ハピネスチャージプリキュアで、あなたはどちらが好きですか？,0,0
177,2026/2/2 20:48,家族関係の悩み,ああああ,5時間49分,2,25,12.5,0,0,0.071,8.0,0.01,0.36,あと3日,https://detail.chiebukuro.yahoo.co.jp/qa/question_detail/q14324943634,中３、女です。 母親がよく、なんの前触れもなく突然怒りだします。 仕事から帰ってきたあとなど時間が空いている時もあれば、本当に普通に話していた直後に不機嫌な態度を取られることもあります。 私が幼い頃か...,0,0
178,2026/2/2 20:48,結婚,ＩＤ非表示,5時間49分,2,17,8.5,0,3,0.049,11.76,0.0,0.59,あと3日,https://detail.chiebukuro.yahoo.co.jp/qa/question_detail/q13324943633,友達が弟の結婚式に遅刻してしまい弟夫婦や親族などからかなり非難されました。 先日、友達の弟の結婚式があったのですが結婚式当日の早朝に自宅から車で新幹線の駅に向かおうとしたらあまりにも冷え込みのために車...,0,0
179,2026/2/2 20:48,レディース全般,pee********,5時間49分,2,22,11.0,0,0,0.063,9.09,0.01,0.35,あと3日,https://detail.chiebukuro.yahoo.co.jp/qa/question_detail/q11324943631,歩きで出かけるときの上着はダウン着るんだけど、ダウンのショートとロングどちらを着たらいいか悩んでます。 どうですか？,0,0
180,2026/2/2 20:48,メルカリ,ニャンコ先生,5時間49分,2,52,26.0,0,2,0.149,3.85,0.04,0.6,あと3日,https://detail.chiebukuro.yahoo.co.jp/qa/question_detail/q12324943632,メルカリに初めて出品しようと思い、 知人連中に相談したのですが、 大半の答えが（短気な人は）出品しない方がいいと言うわれました。 本当の事でしようか？,0,0
181,2026/2/2 20:48,ネットバンキング,bb1729b30,5時間49分,0,4,4.0,0,0,0.011,0.0,0.0,0.01,あと3日,https://detail.chiebukuro.yahoo.co.jp/qa/question_detail/q10324943630,至急お願いします SHEINで返品手続きをしているのですが返金処理というのは時間がかかるのでしょうか。また口座だとどのくらいかかりますか？,0,0
182,2026/2/2 20:48,恋愛相談、人間関係の悩み,ぺこりん,5時間50分,4,23,5.8,0,8,0.066,17.39,0.0,1.32,あと3日,https://detail.chiebukuro.yahoo.co.jp/qa/question_detail/q14324943629,あなたの生きがいはなんですか？,0,0
183,2026/2/2 20:48,皮膚の病気、アトピー,くりまんじゅう,5時間50分,1,18,18.0,0,0,0.051,5.56,0.01,0.19,あと3日,https://detail.chiebukuro.yahoo.co.jp/qa/question_detail/q13324943628,カサカサの肌を治したいです。 高校生女子です。私は生まれつきアトピー持ちなのですが、最近肌の乾燥がひどくて悩んでいます。 皮膚科に行って処方された薬（キンダーベート）を塗っているのですが全然治らなく、...,0,0
184,2026/2/2 20:48,簿記,1153099806,5時間50分,3,19,6.3,0,3,0.054,15.79,0.0,0.74,あと3日,https://detail.chiebukuro.yahoo.co.jp/qa/question_detail/q12324943627,全商簿記検定1級の検定結果は全商webなどに出ましたか？,0,0
185,2026/2/2 20:47,恋愛相談、人間関係の悩み,mo0********,5時間51分,5,90,18.0,0,0,0.256,5.56,0.05,0.97,あと3日,https://detail.chiebukuro.yahoo.co.jp/qa/question_detail/q11324943626,マッチングアプリについて質問があります 私は30代男です マチアプ女性のドタキャンが多いので、皆さんはどうしているのか知りたいです やり取りして面接の日時を決めますよね 日時が決まったら、私的には話す...,0,0
186,2026/2/2 20:47,アルバイト、フリーター,a8e8923eb,5時間51分,1,34,34.0,0,0,0.097,2.94,0.03,0.24,あと3日,https://detail.chiebukuro.yahoo.co.jp/qa/question_detail/q14324943624,大至急おねがいします。高校生です 私は4月から諸事情により月50000円以上の稼ぎが必要になります。今働いてるスシローは何度かシフトを増やしてもらうよういってるのですが、なぜか週一にへらされてしまって...,0,0
187,2026/2/2 20:47,大学、短大、大学院,b5cfe6664,5時間51分,1,18,18.0,0,0,0.051,5.56,0.01,0.19,あと3日,https://detail.chiebukuro.yahoo.co.jp/qa/question_detail/q10324943625,経営学を学べる、夜間の大学と通信の大学を教えてください。 ※首都圏在住、22歳、社会人 興味のある職種は、経営企画、人事、総務、管理部門です。,0,0
188,2026/2/2 20:47,イヌ,小悪魔,5時間51分,3,16,5.3,0,0,0.046,18.75,0.0,0.47,あと3日,https://detail.chiebukuro.yahoo.co.jp/qa/question_detail/q13324943623,バセフォーブドブルターニュは番イヌに向いてますか？,0,0
189,2026/2/2 20:47,家族関係の悩み,ツァラー,5時間51分,4,48,12.0,0,5,0.137,8.33,0.02,1.13,あと3日,https://detail.chiebukuro.yahoo.co.jp/qa/question_detail/q12324943622,先ほど祖父が亡くなったと連絡がありました。 明後日から学年末の定期考査があります。このテストを受けられなかったら追試がない教科もあります。 葬式はすぐに行われたりそうでもないことがあると聞きました。だ...,0,0
190,2026/2/2 20:47,シニアライフ、シルバーライフ,あなぼん（・(ｪ)・）,5時間51分,1,11,11.0,0,1,0.031,9.09,0.0,0.26,あと3日,https://detail.chiebukuro.yahoo.co.jp/qa/question_detail/q11324943621,赤いジャージは着てるけど、赤ずきんちゃんじゃないですか？,0,0
191,2026/2/2 20:47,生き方、人生相談,gom※※※※,5時間51分,9,54,6.0,0,2,0.154,16.67,0.01,1.6,あと3日,https://detail.chiebukuro.yahoo.co.jp/qa/question_detail/q10324943620,昭和生まれの方達にお聞きしたいです 退職してから3年目の専業主婦です 先日、昨年出来なかった所の大掃除をしました 洗濯機の下の汚れが気になっていたのでひとりで重い洗濯機を動かして 頑張って掃除したら ...,0,0
192,2026/2/2 20:47,パチンコ,eva********,5時間51分,2,28,14.0,0,0,0.08,7.14,0.01,0.36,あと3日,https://detail.chiebukuro.yahoo.co.jp/qa/question_detail/q14324943619,"エヴァ17の軍資金はいくら持って行きますか？ 自分は新台2日目の夜に偶然空いた1台に座って運良く8kでST入ってその後約20,000発出て即辞めしました で！久しぶり明日また打ちに行くのですがいくらま...",0,0
193,2026/2/2 20:47,高校受験,あ,5時間51分,0,11,11.0,0,0,0.031,0.0,0.0,0.03,あと3日,https://detail.chiebukuro.yahoo.co.jp/qa/question_detail/q13324943618,埼玉県の公立高校の過去問や北辰テストの際、国語でどうしても時間が足りなくなってしまいます。 塾の先生からは24513の順でやってって言われてたんですけど、45の古文と作文で結構時間を使ってしまい、1が...,0,0
194,2026/2/2 20:47,メルカリ,ac073efdc,5時間51分,2,30,15.0,0,0,0.085,6.67,0.01,0.37,あと3日,https://detail.chiebukuro.yahoo.co.jp/qa/question_detail/q12324943617,メルカリの着払いで出品しており 私が京都、相手が埼玉に住んでいる場合発送の方法でどれが1番安く、わかりやすいのか教えて欲しいです。,0,0
195,2026/2/2 20:47,iPhone,1252964537,5時間51分,1,8,8.0,0,0,0.023,12.5,0.0,0.16,あと3日,https://detail.chiebukuro.yahoo.co.jp/qa/question_detail/q11324943616,IPhoneのメールについてです 迷惑メール設定してるアドレスが多いのですが、見たいメールも迷惑メールに入っていないか不安で、迷惑メールフォルダ見たいのですが 見ることができないです。 どのような設定...,0,0
196,2026/2/2 20:47,韓国・朝鮮語,りおりお,5時間52分,2,16,8.0,0,0,0.045,12.5,0.0,0.33,あと3日,https://detail.chiebukuro.yahoo.co.jp/qa/question_detail/q10324943615,びっくりしたことがあったんですけど。韓国のたばこのパケってめっちゃグロくないですか？！あれはなんでなんですか？？？？？？？,0,0
197,2026/2/2 20:47,ポケットモンスター,sal********,5時間52分,1,28,28.0,0,3,0.08,3.57,0.02,0.48,あと3日,https://detail.chiebukuro.yahoo.co.jp/qa/question_detail/q14324943614,ポケモンのゲームについて。 ポケモンってパソコンで送ったりできますけど、冷静に考えておかしくないですか？ 思いっきりデジタルデータにしてるじゃないですか？それもうデジモンじゃないですか？パソコン通信で...,0,0
198,2026/2/2 20:47,俳優、女優,T181cm,5時間52分,1,32,32.0,0,3,0.091,3.12,0.03,0.49,不明,https://detail.chiebukuro.yahoo.co.jp/qa/question_detail/q12324943612,朝ドラ「ばけばけ」の出演俳優名とこの画像の関係作品は？(その3),0,0
199,2026/2/2 20:47,料理、食材,1149965833,5時間52分,2,30,15.0,0,0,0.085,6.67,0.01,0.37,あと3日,https://detail.chiebukuro.yahoo.co.jp/qa/question_detail/q13324943613,至急 豆腐ハンバーグ 目の錯覚か何かで生焼けのように見えますが 蒸し焼き4分程度と電子レンジ2分やったので大丈夫そうですか？ もう食べてしまいました！,0,0
200,2026/2/2 20:47,インターネットショッピング,c2cab8aa7,5時間52分,0,3,3.0,0,0,0.009,0.0,0.0,0.01,あと3日,https://detail.chiebukuro.yahoo.co.jp/qa/question_detail/q11324943611,SHEINの無料のやつってほんとに届くんですか？至急です！,0,0
201,2026/2/2 20:47,ゲーム,1052505997,5時間52分,1,18,18.0,0,0,0.051,5.56,0.01,0.19,あと3日,https://detail.chiebukuro.yahoo.co.jp/qa/question_detail/q10324943610,マネーウォーズで全く勝てません。 資本の帝王までは行けたのですがそこから 全く勝てません。投資戦略も何を選べばいいかよくわかっていません。おすすめの編成なども教えて欲しいです。,0,0
202,2026/2/2 20:47,大学受験,c17aca728,5時間52分,1,70,70.0,1,1,0.199,1.43,0.14,0.71,あと3日,https://detail.chiebukuro.yahoo.co.jp/qa/question_detail/q13324943608,岡山大学教育学部特別支援学科に出願しました。 先程の倍率をみると4.0倍だったのですが、どの層の人達が増えたのでしょうか？また、傾斜配点では637点だったのですが、二次試験で頑張れば合格できると思いま...,0,0
203,2026/2/2 20:47,iPhone,ReMaTi,5時間52分,2,10,5.0,0,0,0.028,20.0,0.0,0.31,あと3日,https://detail.chiebukuro.yahoo.co.jp/qa/question_detail/q12324943607,ブルートゥースでカラオケアプリしたいんですけど どのアプリなら ブルートゥース使えますか？？,0,0
204,2026/2/2 20:47,デンタルケア,1051971160,5時間52分,1,12,12.0,0,0,0.034,8.33,0.0,0.18,あと3日,https://detail.chiebukuro.yahoo.co.jp/qa/question_detail/q14324943609,歯茎との境目あたりの歯をカリカリするとめちゃめちゃじーんとする場所があるのですが原因はなんでしよう？ 歯医者に行った時にカリカリされて痛みが気持ち悪すぎて言い出せなかったのですが、流石に虫歯を見逃すと...,0,0
205,2026/2/2 20:47,大学受験,匿名,5時間52分,1,8,8.0,0,0,0.023,12.5,0.0,0.16,あと3日,https://detail.chiebukuro.yahoo.co.jp/qa/question_detail/q11324943606,今年の久留米医の平均点下がると思いますか？,0,0
206,2026/2/2 20:47,Yahoo!知恵袋,非公開,5時間52分,1,20,20.0,1,2,0.057,5.0,0.01,0.65,あと3日,https://detail.chiebukuro.yahoo.co.jp/qa/question_detail/q10324943605,200件以上の削除数がある人はかなり悪質な利用者である可能性が高いですか？,0,0
207,2026/2/2 20:47,大学受験,muf,5時間52分,0,31,31.0,0,0,0.088,0.0,0.0,0.09,あと3日,https://detail.chiebukuro.yahoo.co.jp/qa/question_detail/q14324943604,獨協大学の国際教養学部を学科別で受験しました。 外検＋を利用したので、世界史と国語の点数勝負になるのですが、世界史下振れ8割＋国語7割で合格すると思いますか？,0,0
208,2026/2/2 20:47,文房具,hyo********,5時間52分,2,11,5.5,0,2,0.031,18.18,0.0,0.48,あと3日,https://detail.chiebukuro.yahoo.co.jp/qa/question_detail/q13324943603,リクルートのボールペン講座で本当に字は綺麗になりますか,0,0
209,2026/2/2 20:47,趣味,tosmradj1738j,5時間52分,0,6,6.0,0,0,0.017,0.0,0.0,0.02,あと3日,https://detail.chiebukuro.yahoo.co.jp/qa/question_detail/q12324943602,家族に隠れて推し活する方法を教えて欲しいです。 男なのですが女性ファンが多いグループを応援していて失礼なのですが少しバレるのが恥ずかしいという気持ちがあります。家族がたまに部屋に入って掃除をするし部屋...,0,0
210,2026/2/2 20:47,菓子、スイーツ,yu_ria,5時間52分,0,8,8.0,0,0,0.023,0.0,0.0,0.02,あと3日,https://detail.chiebukuro.yahoo.co.jp/qa/question_detail/q11324943601,イオンとかに売っていたトリュフ型の生クリームいりのチョコの名前が思い出せません。 1袋に縦に三つ入っていて、要冷蔵です。 さいきん抹茶もでました。 値段は3つが350〜380くらい ９個いりが箱に入っ...,0,0
211,2026/2/2 20:47,オリンピック,りっぷる,5時間52分,1,9,9.0,0,0,0.026,11.11,0.0,0.17,あと3日,https://detail.chiebukuro.yahoo.co.jp/qa/question_detail/q10324943600,なぜ冬季オリンピックの種目のスケルトンはこの名前がついているのでしょうか？ガイコツみたいな見た目だからですか？,0,0
212,2026/2/2 20:47,鉄道、列車、駅,Amano Ryoku,5時間53分,5,56,11.2,1,2,0.159,8.93,0.02,1.32,あと3日,https://detail.chiebukuro.yahoo.co.jp/qa/question_detail/q14324943599,サンライズ出雲・瀬戸をICカードで利用することはできますか。乗車券の代わりにということです。東京-岡山間です,0,0
213,2026/2/2 20:47,Android,1253323976,5時間53分,1,3,3.0,1,0,0.008,33.33,0.0,0.43,あと3日,https://detail.chiebukuro.yahoo.co.jp/qa/question_detail/q13324943598,Googleキープメモです。 間違えて無効になったアカウントに切り替えてしまって、アプリを開くとこの画面なのですが、アカウントをもっかい元に戻す方法はありますか？？(T_T) ※この画面の手続き通りに...,0,0
214,2026/2/2 20:47,メルカリ,1052515903,5時間53分,1,15,15.0,0,1,0.042,6.67,0.01,0.27,あと3日,https://detail.chiebukuro.yahoo.co.jp/qa/question_detail/q12324943597,先日、メルカリで買ったフィギュアが届いたのですが、左右対称のはずのパーツが右側の部品がふたつ入っていました。お湯とか使って左側の部品として使うことは可能でしょうか？,0,0
215,2026/2/2 20:47,釣り,流全次郎,5時間53分,0,2,2.0,0,0,0.006,0.0,0.0,0.01,あと3日,https://detail.chiebukuro.yahoo.co.jp/qa/question_detail/q11324943596,パズサバのキャンプ場での兵士の育成についての質問です。 なかなかC.Cが一時上がらなくてT4、T5の兵士がごまんといます。 キャンプ場でレベルの高い兵士を育成するより、先程のT4 、T5の兵士をレベル...,0,0
216,2026/2/2 20:47,ロシア語,moc********,5時間53分,1,57,57.0,0,0,0.161,1.75,0.09,0.3,あと3日,https://detail.chiebukuro.yahoo.co.jp/qa/question_detail/q14324943594,ロシアの歌手Naokoさんの名前の由来は何ですか。日本語ですか。 それとも ロシアに時々ある名前ですか。,0,0
217,2026/2/2 20:47,郵便、宅配,匿名,5時間53分,0,3,3.0,0,0,0.008,0.0,0.0,0.01,あと3日,https://detail.chiebukuro.yahoo.co.jp/qa/question_detail/q10324943595,サロニアのヘアアイロンがヤフフリで売れたのですが、フリマアプリ初心者で梱包方法が分かりません。 日本郵便のおてがる配送に設定していたので、日本郵便からの発送方法でサロニアの25mmのヘアアイロンの梱包...,0,0
218,2026/2/2 20:47,イヌ,非公開,5時間53分,0,25,25.0,0,0,0.071,0.0,0.0,0.07,あと3日,https://detail.chiebukuro.yahoo.co.jp/qa/question_detail/q11324943591,犬のおしっこの躾ってどのようにすればいいのでしょうか… もうすぐ2歳になる小型犬を親戚が飼えなくなり、うちで引き取ることになりました。 来てから１週間、おしっこは毎回カーペットの上でされます。 もうカ...,0,0
219,2026/2/2 20:47,バイク,yan********,5時間53分,5,49,9.8,0,1,0.139,10.2,0.01,0.93,あと3日,https://detail.chiebukuro.yahoo.co.jp/qa/question_detail/q13324943593,バイクの新車取り寄せについてお聞きします。 地元のホンD夢店に欲しいバイクがなく、県外の他店の夢店に在庫があって、取り寄せ(陸送)をお願いできるのか(もちろん有料で)聞いたところ。「系列？法人？が違う...,0,0
220,2026/2/2 20:47,法律相談,bor********,5時間53分,1,10,10.0,0,0,0.028,10.0,0.0,0.17,あと3日,https://detail.chiebukuro.yahoo.co.jp/qa/question_detail/q12324943592,自己破産手続き前に、個人間で車の購入（一括）を行ったが、名義変更はしていない（相手のまま）場合、２０万円以上の価値がある車でも処分の対象になるのでしょうか？,0,0
221,2026/2/2 20:47,ゲーム,b2e8dc2d4,5時間53分,1,23,23.0,0,0,0.065,4.35,0.01,0.21,あと3日,https://detail.chiebukuro.yahoo.co.jp/qa/question_detail/q10324943590,至急、あつまれどうぶつの森についてです。離島にいた住民を自分の島に勧誘したいんですけど、うちの島に来てみる？と言ってもきてくれません。ずっと話しかけているんですけど、同じことしか喋りません。 離島だっ...,0,0
222,2026/2/2 20:47,Yahoo!オークション,非公開,5時間53分,1,17,17.0,0,1,0.048,5.88,0.01,0.27,あと3日,https://detail.chiebukuro.yahoo.co.jp/qa/question_detail/q13324943588,Yahooフリマで購入された方の取引メッセージがしつこいです。 既に取引キャンセル済みですが、ブロックした場合でも取引メッセージで送られてきますか？ 下の方に、あとメッセージ送信出来るのはあと41回と...,0,0
223,2026/2/2 20:47,スマートフォン,lD非公開,5時間53分,0,2,2.0,0,0,0.006,0.0,0.0,0.01,あと3日,https://detail.chiebukuro.yahoo.co.jp/qa/question_detail/q14324943589,vivo x90pro+をカメラがわりに使ってます。 メインレンズの写りには大体満足してます。 ズームレンズの色味が結構外しが多いのがとりあえずの不満なのですが、X200pro (mini)は比較して...,0,0
225,2026/2/2 20:47,オークション、フリマサービス,1051986676,5時間53分,2,15,7.5,0,5,0.042,13.33,0.0,0.75,あと3日,https://detail.chiebukuro.yahoo.co.jp/qa/question_detail/q12324943587,Yahooフリマについてです。 Yahooフリマとかでアイコスかって、品物名みたいなとこにアイコスなど名前をかかれる事はありますか？説明下手でごめんなさい。,0,0
226,2026/2/2 20:47,ライブ、コンサート,1052243389,5時間53分,0,5,5.0,0,0,0.014,0.0,0.0,0.01,あと3日,https://detail.chiebukuro.yahoo.co.jp/qa/question_detail/q10324943585,MAZZELのチケット一般販売はもうそろそろ始まりますか？ 具体的な日付予想できる方していただきたいです！ どこで一般の応募できるか教えてもらいたいです！,0,0
227,2026/2/2 20:47,大学受験,あ,5時間53分,1,4,4.0,0,0,0.011,25.0,0.0,0.15,あと3日,https://detail.chiebukuro.yahoo.co.jp/qa/question_detail/q14324943584,全教科毎日やらないと成績は伸びないですか？ 月火水は数学と英語2時間ずつで4時間 木金は数学と英語2時間ずつと物理1時間 休日は疲れるまで3教科全部 で勉強していこうと思うのですが,0,0
228,2026/2/2 20:47,大学受験,1152923676,5時間53分,0,2,2.0,0,0,0.006,0.0,0.0,0.01,あと3日,https://detail.chiebukuro.yahoo.co.jp/qa/question_detail/q13324943583,黄色チャート1Aはどれくらいで完璧にするのが理想ですか？高一です。,0,0
229,2026/2/2 20:47,恋愛相談,ホーリー,5時間54分,0,5,5.0,0,0,0.014,0.0,0.0,0.01,あと3日,https://detail.chiebukuro.yahoo.co.jp/qa/question_detail/q12324943582,皆さん雪ん子といえば何を思い出しますか？,0,0
230,2026/2/2 20:47,生き方、人生相談,ＩＤ非公開,5時間54分,3,47,15.7,1,1,0.133,6.38,0.02,0.92,あと3日,https://detail.chiebukuro.yahoo.co.jp/qa/question_detail/q11324943581,文章にすると長文になりますが、「イジメ問題」についてお伺いします。 私は現在、地方の山間部のド田舎に80代の両親と 同居している50代の独身男性なんですが、 私は、幼少の頃から、視覚が弱く、たぶん保育...,0,0
231,2026/2/2 20:47,アニメ,美咲,5時間54分,1,2,2.0,0,3,0.006,50.0,0.0,0.4,あと3日,https://detail.chiebukuro.yahoo.co.jp/qa/question_detail/q10324943580,テレビアニメプリキュアシリーズキャラデザ川村敏江さんいつやりますか？,0,0
232,2026/2/2 20:46,資産運用、投資信託、NISA,cyu********,5時間55分,3,37,12.3,0,1,0.104,8.11,0.01,0.61,不明,https://detail.chiebukuro.yahoo.co.jp/qa/question_detail/q14324943579,至急、投資信託のs&pについて。 1/30 16:35のs&pは6939ドルです。 しかし投資信託のs&pでは39183円という金額が表示されます。 これは指数ということをチラッと聞きましたが、どこを...,0,0
233,2026/2/2 20:46,コミック,fie********,5時間55分,0,2,2.0,0,0,0.006,0.0,0.0,0.01,あと3日,https://detail.chiebukuro.yahoo.co.jp/qa/question_detail/q12324943577,マンガ展の銀行振込の1/30にメールが来て5営業日までにってことは2/6までに振込完了で大丈夫ですよね？,0,0
234,2026/2/2 20:46,冷蔵庫、キッチン家電,car********,5時間55分,2,26,13.0,0,2,0.073,7.69,0.01,0.52,あと3日,https://detail.chiebukuro.yahoo.co.jp/qa/question_detail/q13324943578,オーブンレンジはターンテーブルの方が良いのでしょうか？ 主に温め、解凍に使用し、たまーに、マフィン、スコーンを焼くぐらいです。 1台目のシャープ、ターンテーブルのは温めもムラなく平均的に温めてくれて、...,0,0
235,2026/2/2 20:46,トレーニング,Shsnndk,5時間55分,2,18,9.0,0,2,0.051,11.11,0.0,0.5,あと3日,https://detail.chiebukuro.yahoo.co.jp/qa/question_detail/q11324943576,ベンチプレスを20キロでやっているのですが全然効きません。 ちゃんとYouTubeで見た通りフォームをやっているんですが。 めっちゃ余裕で何回も一瞬で上がれてしまいます。でも、足で頭の方に蹴らように腰...,0,0
236,2026/2/2 20:46,自動車,1150056067,5時間55分,1,21,21.0,0,0,0.059,4.76,0.01,0.2,あと3日,https://detail.chiebukuro.yahoo.co.jp/qa/question_detail/q10324943575,トラックのミックスタイヤとスタッドレスについて質問です。 トラックドライバーになったばかりなので先輩方教えてください。 会社では聞きにくいのです。 低床4軸に乗ってます。 冬用タイヤ規制がかかっている...,0,0
237,2026/2/2 20:46,男性アイドル,黒い犬,5時間55分,0,6,6.0,0,0,0.017,0.0,0.0,0.02,あと3日,https://detail.chiebukuro.yahoo.co.jp/qa/question_detail/q13324943573,磨童まさをはアイドル業よりデスドル業の方が知名度が高いですか？,0,0
238,2026/2/2 20:46,体操,b3e6b5eaa,5時間55分,0,2,2.0,0,0,0.006,0.0,0.0,0.01,あと3日,https://detail.chiebukuro.yahoo.co.jp/qa/question_detail/q12324943572,チアリーディングの技について質問です。 この画像のようなディスマウントの名称を知りたいです。USAのレベル2-レベル3辺りの難易度だと思われます。,0,0
239,2026/2/2 20:46,ソフトバンク,もっ,5時間55分,0,2,2.0,1,0,0.006,0.0,0.0,0.29,あと3日,https://detail.chiebukuro.yahoo.co.jp/qa/question_detail/q10324943570,ソフトバンクオンラインショップでアップルウォッチセルラーモデルを購入した場合、セルラーの通信契約も自動的に契約されるのですか？ それとも購入後に別に通信契約する必要があるのでしょうか？,0,0
240,2026/2/2 20:46,家族関係の悩み,1151530020,5時間55分,2,26,13.0,1,1,0.073,7.69,0.01,0.72,あと3日,https://detail.chiebukuro.yahoo.co.jp/qa/question_detail/q11324943571,健常者の女性が知的障がい者の男性と結婚するメリットとデメリットはそれぞれ何でしょうか？ 健常者の女性が知的障がい者の男性と結婚してるケースは中々無く、そもそも知的障がい者の結婚率は男女ともに低いような...,0,0
241,2026/2/2 20:46,大学受験,sachi_8,5時間55分,2,115,57.5,1,1,0.323,1.74,0.19,0.97,あと3日,https://detail.chiebukuro.yahoo.co.jp/qa/question_detail/q14324943569,まじで終わりです。 関学全学部2日とも受けましたが両日全然出来ませんでした。 自己採しましたが310程度でどちらも擦りもしないゴミみたいな点数でした。 過去問でももう少し取れてたしここまで酷いのは稀で...,0,0
242,2026/2/2 20:46,卓球,アットホームな会社,5時間55分,5,20,4.0,0,0,0.056,25.0,0.0,0.76,あと3日,https://detail.chiebukuro.yahoo.co.jp/qa/question_detail/q13324943568,卓球で速いドライブや球の打ち方を教えて欲しいです。 最近友達とほぼ毎日、趣味レベルで卓球をしています。 その中でテニス経験がある友人がいてとても速いドライブを打ってくるのですが、 どうやって打っている...,0,0
243,2026/2/2 20:46,スマホアプリ,tsu********,5時間55分,0,1,1.0,0,0,0.003,0.0,0.0,0.0,あと3日,https://detail.chiebukuro.yahoo.co.jp/qa/question_detail/q12324943567,TikTok liteでいつも見ていた配信者さんのLIVEが見れなくなりました。 他の配信者さんのLIVEは見れます。 ストーリーで○時から配信しますとあったのでその時間に開いてもLIVE中の赤いマー...,0,0
244,2026/2/2 20:46,恋愛相談、人間関係の悩み,おーちゃに,5時間55分,2,19,9.5,0,0,0.053,10.53,0.01,0.33,あと3日,https://detail.chiebukuro.yahoo.co.jp/qa/question_detail/q11324943566,高校生です。1年前の出来事です。 チン凸してきたDMに反応してしまい、しばらく会話したら「そっちも写真を送ってほしい」と言われたので送ってしまいました。「送るからもう連絡しないで。」と言ったのでその後...,0,0
245,2026/2/2 20:46,トレーニング,a4f9bf89c,5時間55分,1,16,16.0,0,0,0.045,6.25,0.01,0.18,あと3日,https://detail.chiebukuro.yahoo.co.jp/qa/question_detail/q14324943564,高一男子です。 自分は今腹筋を割ってシックスパッドにしたいです！そのためにどんなトレーニングのメニューをしたらいいのかなど腹筋を割るために必要なことを教えて欲しいです！ちなみに今171センチ、59キロ...,0,0
246,2026/2/2 20:46,大学受験,非公開,5時間56分,0,7,7.0,0,0,0.02,0.0,0.0,0.02,あと3日,https://detail.chiebukuro.yahoo.co.jp/qa/question_detail/q13324943563,一橋の前期経済について、今の時点で倍率が 3.1（昨年）→3.3（今年）なんですが、これからもっと上がるってことですよね？？ 一橋も商→経済に看板を変える時期が来ましたか？？,0,0
247,2026/2/2 20:46,高校受験,ae710d5fb,5時間56分,0,19,19.0,0,0,0.053,0.0,0.0,0.05,あと3日,https://detail.chiebukuro.yahoo.co.jp/qa/question_detail/q12324943562,これ何パーセントくらい受かりそうですか？ 去年は36人中31人とってました。,0,0
248,2026/2/2 20:46,学校の悩み,a29f7f2c4,5時間56分,2,7,3.5,0,0,0.02,28.57,0.0,0.3,あと3日,https://detail.chiebukuro.yahoo.co.jp/qa/question_detail/q11324943561,至急です！2日で中学生の問題集は何周(何ページ)できますか？,0,0
249,2026/2/2 20:46,公務員試験,a2194feda,5時間56分,1,37,37.0,0,0,0.104,2.7,0.04,0.24,あと3日,https://detail.chiebukuro.yahoo.co.jp/qa/question_detail/q10324943560,質問です 兵庫県警の一次試験に合格いたしました。 面接カードで最近関心をもった事柄を書くところがあるのですが、そこに最近みている教場というドラマのことを書こうと思っているのですが変でしょうか？ 兵庫県...,0,0
250,2026/2/2 20:46,CM,syu********,5時間56分,1,25,25.0,0,0,0.07,4.0,0.02,0.21,あと3日,https://detail.chiebukuro.yahoo.co.jp/qa/question_detail/q14324943559,昔のコカ・コーラのCM i feel coke 87 ～ ある一日編・夏について質問です。 出演している中村由真に似ている女性は誰ですか？？,0,0
251,2026/2/2 20:46,日本史,afaf1c99f,5時間56分,0,1,1.0,0,0,0.003,0.0,0.0,0.0,あと3日,https://detail.chiebukuro.yahoo.co.jp/qa/question_detail/q13324943558,近藤はなぜあそこまで厳しく 隊士を切ったのでしょうか,0,0
252,2026/2/2 20:46,趣味,a8e35034f,5時間56分,1,5,5.0,0,0,0.014,20.0,0.0,0.15,あと3日,https://detail.chiebukuro.yahoo.co.jp/qa/question_detail/q12324943557,なにかおすすめのお金のかからない趣味はありますか？ちなみに、中学生でもできることでお願いします,0,0
253,2026/2/2 20:46,イヌ,124*******,5時間56分,3,21,7.0,0,0,0.059,14.29,0.0,0.48,あと3日,https://detail.chiebukuro.yahoo.co.jp/qa/question_detail/q10324943555,ペットに猫と犬を飼っている方に、お聞きしたいです。 トイレは別々にあるのでしょうか？ 犬はトイレシートですが、猫は猫砂が必要ですか？ あと、フードはそれぞれ用のものを食べてますか？ 犬が猫のフードを食...,0,0
254,2026/2/2 20:46,カラオケ,fryula1,5時間56分,6,66,11.0,0,0,0.185,9.09,0.02,1.02,あと3日,https://detail.chiebukuro.yahoo.co.jp/qa/question_detail/q11324943556,ジャニーズの曲でオススメを教えてください。今度職場の同僚と3人でジャニーズ縛りでカラオケをすることになりました。 ←ジャニーズ限定カラオケ大会したいと言う流れから私もカラオケしたくてつい「行きたい！」...,0,0
255,2026/2/2 20:46,退職,ore********,5時間56分,1,48,48.0,0,0,0.135,2.08,0.06,0.27,不明,https://detail.chiebukuro.yahoo.co.jp/qa/question_detail/q14324943554,退職金はあてにするなと言われました。 東証プライムなのに退職金が少なく、パートの知人に話したらキレられて退職金を当てにするなと言われたのですが知人に退職金が無いからキレられたのですか？,0,0
256,2026/2/2 20:46,国内,1252552748,5時間56分,0,1,1.0,0,0,0.003,0.0,0.0,0.0,あと3日,https://detail.chiebukuro.yahoo.co.jp/qa/question_detail/q13324943553,この中で住みやすいのはどれですか？ ❶柏たなか ❷北柏 ❸流山セントラルパーク ❹高柳 ❺天王台 ❻江戸川台 ❼初石 ❽南柏 ❾平和台,0,0
257,2026/2/2 20:46,家具、インテリア,非公開,5時間56分,2,3,1.5,0,0,0.008,66.67,0.0,0.29,あと3日,https://detail.chiebukuro.yahoo.co.jp/qa/question_detail/q12324943552,4マス×2.5マスの部屋のレイアウトについてアドバイスいただきたいです。 用途は自室でベッドはおかないです。 入口は短い辺の右端（部屋の外側に開く）、反対の短い辺は腰高窓です。 悩んでいるのがクローゼ...,0,0
258,2026/2/2 20:46,予備校、進学塾,1051808398,5時間56分,0,9,9.0,0,0,0.025,0.0,0.0,0.03,あと3日,https://detail.chiebukuro.yahoo.co.jp/qa/question_detail/q11324943551,河合塾に入ろうと思っている高１です。河合塾の仕組みが調べてもよくわかんないんですけど、志望校が東北大学か大阪大学の工学部です。その場合、どのコースに入れば良いでしょうか？ また、英数を取るとしたら料金...,0,0
259,2026/2/2 20:46,クレジットカード,rkd********,5時間56分,2,26,13.0,0,2,0.073,7.69,0.01,0.52,あと3日,https://detail.chiebukuro.yahoo.co.jp/qa/question_detail/q10324943550,イオンカードの引き落とし日について 2026年2月2日にクレジットを使ったとしたら、引き落としは何月何日ですか？,0,0
260,2026/2/2 20:46,パソコン,オブリビオニス,5時間56分,7,84,12.0,1,0,0.235,8.33,0.03,1.49,あと3日,https://detail.chiebukuro.yahoo.co.jp/qa/question_detail/q13324943548,新品で発売されている現在のPCは全部ストレージはSSDかM.2なのでしょうか？？？ HDDのPCってまずないのでしょうか？？？ HDDは現在駆除されてしまいましたか？？？,0,0
261,2026/2/2 20:46,大学受験,よほほのほい,5時間57分,0,7,7.0,0,0,0.02,0.0,0.0,0.02,あと3日,https://detail.chiebukuro.yahoo.co.jp/qa/question_detail/q11324943546,法政大学 社会学部社会政策学科T日程英語外部試験利用入試 を受験します。 現代文だけで合否が決まるのか 特典調整が行われるのか 気に留めておくべき事、傾向 それぞれ教えて頂きたいです。 お願いします。,0,0
262,2026/2/2 20:46,恋愛相談、人間関係の悩み,．,5時間57分,3,24,8.0,0,3,0.067,12.5,0.01,0.74,あと3日,https://detail.chiebukuro.yahoo.co.jp/qa/question_detail/q12324943547,どんなに恋愛的に好きな相手でも その相手から好意を向けられると 途端に気持ち悪さを覚えてしまいます。 そのせいで恋人と長続きしたことがありません。 他にもこのような感じ方の人はいますか？ 改善方法など...,0,0
263,2026/2/2 20:46,資格、習い事,voi********,5時間57分,0,2,2.0,0,0,0.006,0.0,0.0,0.01,あと3日,https://detail.chiebukuro.yahoo.co.jp/qa/question_detail/q14324943544,おすすめの趣味講座またはアプリあれば教えて下さい できれば詳細なども知りたいです 資格がとれる有無は問いません、在宅で出来る講座など知りたいです オンラインはライブよりも後で見直せる動画の方が良いです...,0,0
264,2026/2/2 20:46,アニメ,非公開,5時間57分,2,24,12.0,1,0,0.067,8.33,0.01,0.63,あと3日,https://detail.chiebukuro.yahoo.co.jp/qa/question_detail/q13324943543,十巴〇〇みたいな四字熟語はなんていいましたか？,0,0
265,2026/2/2 20:46,YouTube,あ,5時間57分,1,26,26.0,0,0,0.073,3.85,0.02,0.21,あと3日,https://detail.chiebukuro.yahoo.co.jp/qa/question_detail/q10324943545,自分は高校生になったらYouTubeをはじめようと思っているのですが、現在中学3年生で15歳です。YouTubeを始めて収益化条件をもし達成できた場合、18歳未満だと親のアカウント？ みたいな親にやっ...,0,0
266,2026/2/2 20:46,パソコン,たま,5時間57分,0,7,7.0,0,0,0.02,0.0,0.0,0.02,あと3日,https://detail.chiebukuro.yahoo.co.jp/qa/question_detail/q12324943542,ルーターの設定について詳しく教えて欲しい 光回線をexcite MEC光に変更しました ルーターはNECのWg1200hs3です クイック設定Webを開くまで行きましたが進め方がわかりません,0,0
267,2026/2/2 20:46,小説,a89537fbb,5時間57分,1,15,15.0,0,0,0.042,6.67,0.01,0.18,あと3日,https://detail.chiebukuro.yahoo.co.jp/qa/question_detail/q11324943541,ミステリー系で、結末に驚く本はありますか？マーダーミステリーみたいにそれぞれの思惑があるのが良いです。,0,0
268,2026/2/2 20:46,将棋、囲碁,dyw********,5時間57分,2,17,8.5,0,0,0.048,11.76,0.0,0.33,あと3日,https://detail.chiebukuro.yahoo.co.jp/qa/question_detail/q10324943540,棒銀って死んだんですか。 棒銀は死にましたか。 雁木や腰掛銀に負けたんですか。,0,0
269,2026/2/2 20:46,法律相談,1151105643,5時間57分,1,9,9.0,0,0,0.025,11.11,0.0,0.16,あと3日,https://detail.chiebukuro.yahoo.co.jp/qa/question_detail/q14324943539,内縁の夫婦の一方の死亡により内縁関係が解消した場合に、法律上の夫婦の離婚に伴う財産分与に関する民法768条の規定を類推適用することはできない（最決平12.3.10）。 なお、離別による内縁解消の場合に...,0,0
270,2026/2/2 20:46,シニアライフ、シルバーライフ,ｌD非公開,5時間57分,3,5,1.7,0,1,0.014,60.0,0.0,0.52,あと3日,https://detail.chiebukuro.yahoo.co.jp/qa/question_detail/q12324943537,前期高齢者と後期高齢者を足すと日本人のなん％くらいになると思いますか？,0,0
271,2026/2/2 20:46,小説,^_^,5時間57分,2,23,11.5,0,1,0.064,8.7,0.01,0.43,あと3日,https://detail.chiebukuro.yahoo.co.jp/qa/question_detail/q14324943534,オススメの小説教えてください！ たくさんの回答お待ちしております,0,0
272,2026/2/2 20:46,iPhone,flm********,5時間57分,3,12,4.0,0,0,0.034,25.0,0.0,0.45,あと3日,https://detail.chiebukuro.yahoo.co.jp/qa/question_detail/q11324943536,760円でゲットしたLightningケーブル「MFI認証品」の端子がよく見たところ軽い線傷みたいなのが入っているのですがそれで充電切れるとかあり得るでしょうか？ ケーブル買い直そうと思ってるのですが...,0,0
273,2026/2/2 20:46,スマホアプリ,loo********,5時間57分,2,97,48.5,3,0,0.271,2.06,0.13,1.38,あと3日,https://detail.chiebukuro.yahoo.co.jp/qa/question_detail/q10324943535,東京アプリで本人認証完了したんですが 画像の下に東京ポイント申し込みが出てくるとされてますが、画像みたく申し込みする選択肢もなく困っております。 混んでるからですか？,0,0
274,2026/2/2 20:45,携帯型ゲーム全般,翔,5時間58分,1,23,23.0,0,1,0.064,4.35,0.01,0.29,不明,https://detail.chiebukuro.yahoo.co.jp/qa/question_detail/q13324943533,【鳴潮】今ラジオのレベルが37でもうこれ以上上げるのは期間的に無理なんですが、旅のしるし目的でユニバースプレミアムを購入しようかと思っています。 この場合、＋10でレベルが47になると思うのですが、7...,0,0
275,2026/2/2 20:45,恋愛相談,非公開,5時間59分,1,49,49.0,0,2,0.136,2.04,0.07,0.44,あと3日,https://detail.chiebukuro.yahoo.co.jp/qa/question_detail/q12324943532,回避型の女性は、付き合っていない異性と予定を決める時に、 なかなか決まらなかったり、ある程度話が進んでいるのにそこから急に、話が進まなくなったりする事はありますか？ もし上記のような場合、相手の事が嫌...,0,0
276,2026/2/2 20:45,ソフトテニス,ae32258e8,5時間59分,0,6,6.0,0,0,0.017,0.0,0.0,0.02,あと3日,https://detail.chiebukuro.yahoo.co.jp/qa/question_detail/q10324943530,ソフトテニスガットについて質問です。 後衛でサイバーナチュラルクロスアイとサイバーナチュラルシャープの比較をして欲しいです。 打感やスピード感、コントロール、ドライブ性能などを比較して欲しいです。今は...,0,0
277,2026/2/2 20:45,テレビ、DVD、ホームシアター,mar********,5時間59分,1,11,11.0,1,0,0.031,9.09,0.0,0.45,あと3日,https://detail.chiebukuro.yahoo.co.jp/qa/question_detail/q11324943531,REGZAのテレビ40V35Nについて質問です。 Amazonで買った安いhddを録画で使いたいのですが、接続しても反応しません。 どうすれば良いでしょうか？,0,0
278,2026/2/2 20:45,うつ病,さえ,5時間59分,4,53,13.2,0,4,0.148,7.55,0.02,1.04,あと3日,https://detail.chiebukuro.yahoo.co.jp/qa/question_detail/q14324943529,✿主治医が２月１４日に受診させたがりますが、チョコレートが欲しいのでしょうか？,0,0
280,2026/2/2 20:45,インターネットサービス,acc3c71c7,5時間59分,1,4,4.0,0,0,0.011,25.0,0.0,0.15,あと3日,https://detail.chiebukuro.yahoo.co.jp/qa/question_detail/q12324943527,ことよく見るサイト気になってるんですけど、大丈夫なんですかね、？,0,0
282,2026/2/2 20:45,恋愛相談,非公開,5時間59分,9,142,15.8,0,27,0.395,6.34,0.06,3.89,あと3日,https://detail.chiebukuro.yahoo.co.jp/qa/question_detail/q10324943525,近所の女子大生との「縁」を感じています。告白のタイミングについて。 私は58歳で独身の参政党支持者です。 最近、近所に引っ越してきた20歳の女子大生に恋をしました。彼女は本当に清楚で、私の昔好きだった...,0,0
283,2026/2/2 20:45,ゲーム,1253146163,5時間59分,1,2,2.0,0,0,0.006,50.0,0.0,0.14,あと3日,https://detail.chiebukuro.yahoo.co.jp/qa/question_detail/q14324943524,LOLMIDシンドラOTPなんですけどランクするならほかにどんなキャラを使えるようにしたほうがいいか教えてほしいです。,0,0
284,2026/2/2 20:45,プロ野球,有言不実行,5時間59分,3,36,12.0,0,0,0.1,8.33,0.01,0.52,あと3日,https://detail.chiebukuro.yahoo.co.jp/qa/question_detail/q13324943523,【プロ野球開幕戦について】 2026年3/27にマツダスタジアムで行われる広島カープ対中日ドラゴンズの試合のファンクラブ会員のチケット発売日はいつになりそうでしょうか？ カープのファンクラブに入ってい...,0,0
285,2026/2/2 20:45,政治、社会問題,ちゃねーふけ,5時間59分,2,26,13.0,0,1,0.072,7.69,0.01,0.43,あと3日,https://detail.chiebukuro.yahoo.co.jp/qa/question_detail/q12324943522,現在、高市早苗氏は国会議員じゃないけど内閣総理大臣であるという認識であってますか？,0,0
286,2026/2/2 20:45,恋愛相談、人間関係の悩み,ce9e80343,5時間59分,2,15,7.5,0,0,0.042,13.33,0.0,0.32,あと3日,https://detail.chiebukuro.yahoo.co.jp/qa/question_detail/q11324943521,結婚相手について質問です。 結婚相手（男性）の学歴は重要ですか？ 妥協してもいいと思いますか？,0,0
287,2026/2/2 20:45,大学受験,1052903263,5時間59分,2,10,5.0,0,0,0.028,20.0,0.0,0.3,あと3日,https://detail.chiebukuro.yahoo.co.jp/qa/question_detail/q14324943519,8日後に私大の受験があります。英語の文法が苦手で今からエンゲージという参考書をやるのは遅いですか？他のおすすめの勉強法があれば教えて欲しいです。,0,0
288,2026/2/2 20:45,ネイルケア,1250766620,5時間59分,0,5,5.0,0,0,0.014,0.0,0.0,0.01,あと3日,https://detail.chiebukuro.yahoo.co.jp/qa/question_detail/q12324943517,グラデーション用として売り出しているものと、普通のジェルネイルで何か大きな違いはありますか？ 普通のジェルネイルをスポンジでトントンしてもグラデーションはできないのですか？,0,0
289,2026/2/2 20:45,iPhone,1253352488,5時間59分,1,4,4.0,0,1,0.011,25.0,0.0,0.23,あと3日,https://detail.chiebukuro.yahoo.co.jp/qa/question_detail/q11324943516,至急！iPhoneで、VPNなしで保護者によるアプリ使用時間制限をするにはどうしたらいいですか？,0,0
290,2026/2/2 20:45,ゲーム,a421dc9eb,6時間0分,2,14,7.0,0,0,0.039,14.29,0.0,0.32,あと3日,https://detail.chiebukuro.yahoo.co.jp/qa/question_detail/q10324943515,スプラトゥーンレイダースはいつ出ると思いますか？,0,0
291,2026/2/2 20:45,音楽,匿名,6時間0分,0,3,3.0,0,0,0.008,0.0,0.0,0.01,あと3日,https://detail.chiebukuro.yahoo.co.jp/qa/question_detail/q14324943514,https://m.youtube.com/watch?v=2Tex-JJSZ7o こちらに流れてる曲名わかりますか,0,0
292,2026/2/2 20:45,テレビ、DVD、ホームシアター,ももも,6時間0分,3,20,6.7,0,1,0.056,15.0,0.0,0.55,あと3日,https://detail.chiebukuro.yahoo.co.jp/qa/question_detail/q13324943513,「2010年製のBD-HDV22 を使用しているのですが、手持ちのBlu-ray Discが軒並み再生できません。 VHSからBlu-ray Discにダビングしたくても、保存用のディスクも読み込んで...,0,0
293,2026/2/2 20:45,観光地、行楽地,名無し,6時間0分,0,26,26.0,0,0,0.072,0.0,0.0,0.07,あと3日,https://detail.chiebukuro.yahoo.co.jp/qa/question_detail/q11324943511,四国に2泊3日で旅行に行こうと思っています。 出発は名古屋からなので、高速で5時間ちょいくらいで着くかと思います。 夜中に出て朝から淡路島▶︎徳島県▶︎高知県で1泊目、2日目愛媛県▶︎香川県で2泊目、...,0,0
295,2026/2/2 20:45,料理、食材,1150885214,6時間0分,1,16,16.0,0,0,0.044,6.25,0.01,0.18,あと3日,https://detail.chiebukuro.yahoo.co.jp/qa/question_detail/q14324943509,お弁当。 たまにさ、メインのおかずを凌ぐ お弁当の端っこのお惣菜ってあるよね？ ご飯何杯もいけそうなやつ。 あなたが出会ったそんなお惣菜、よかったら聞かせて！,0,0
296,2026/2/2 20:45,ヘアスタイル,さーもん,6時間0分,2,21,10.5,0,0,0.058,9.52,0.01,0.33,あと3日,https://detail.chiebukuro.yahoo.co.jp/qa/question_detail/q13324943508,ちょっと前にほんとにバカなことしちゃったんですよ、、、。 センター分けにしたくって髪の毛を分けた時になんか中心にある前髪を切っちゃったみたいで、、その毛が生えてきて今めっちゃセンター分けにしたら変にな...,0,0
297,2026/2/2 20:45,数学,kam********,6時間0分,0,21,21.0,0,0,0.058,0.0,0.0,0.06,あと3日,https://detail.chiebukuro.yahoo.co.jp/qa/question_detail/q12324943507,詳しい計算方法を教えてもらえたら嬉しいです,0,0
299,2026/2/2 20:45,パソコン,1151230697,6時間0分,1,50,50.0,0,0,0.139,2.0,0.07,0.28,不明,https://detail.chiebukuro.yahoo.co.jp/qa/question_detail/q10324943505,受験が終わりパソコンを買おうと思った矢先、パソコンの値上がりで困っています。 予算的に22万ほどしか出せないのですが(パソコン本体の費用)、皆さんでしたらrtx5060tiのvram8GBかrx906...,0,0
300,2026/2/2 20:45,喫煙マナー,1149702761,6時間0分,1,9,9.0,0,0,0.025,11.11,0.0,0.16,あと3日,https://detail.chiebukuro.yahoo.co.jp/qa/question_detail/q14324943504,タバコのピースで80周年の記念の新商品は出る予定はありますか？,0,0
301,2026/2/2 20:45,会計、経理、財務,jun********,6時間0分,0,1,1.0,0,0,0.003,0.0,0.0,0.0,あと3日,https://detail.chiebukuro.yahoo.co.jp/qa/question_detail/q13324943503,"弥生青色オンラインを使用しています。 部品を仕入、作業と同時に売上の場合、入力処理は何が必要でしょうか。 部品10,000円 作業必要25,000円 仕入10,000円 売上35,000円 売上原価は...",0,0
302,2026/2/2 20:45,専門学校、職業訓練,abc21c983,6時間0分,0,25,25.0,0,0,0.069,0.0,0.0,0.07,あと3日,https://detail.chiebukuro.yahoo.co.jp/qa/question_detail/q11324943501,美容師国家試験の衛生についてです。 指示がないものを出してしまった場合一発不合格ですか？,0,0
303,2026/2/2 20:45,DIY,c73fbe650,6時間0分,7,71,10.1,0,1,0.197,9.86,0.02,1.25,あと3日,https://detail.chiebukuro.yahoo.co.jp/qa/question_detail/q12324943502,切りたい素材があるのですが何で切ればいいか分かりません。多分プラスチックだと思います。 くまさんの下から生えてる丸い筒を取りたいです。 厚さは1ミリくらいです。カッターで試したら傷がつくくらいでした。,0,0
304,2026/2/2 20:45,車、高速道路,duh********,6時間0分,2,33,16.5,0,0,0.091,6.06,0.02,0.37,あと3日,https://detail.chiebukuro.yahoo.co.jp/qa/question_detail/q10324943500,車で関門海峡を通り、熊本市まで行きたいのですが、 1下関、大分経由 2福岡、久留米経由 どちらがいいですか？,0,0
306,2026/2/2 20:45,モータースポーツ,1152786960,6時間1分,2,14,7.0,0,0,0.039,14.29,0.0,0.31,あと3日,https://detail.chiebukuro.yahoo.co.jp/qa/question_detail/q13324943498,Superformulaのある外国人選手に差し入れをあげたいです。 消耗品や邪魔にならないものの案があれば教えて頂きたいです。 ちなみにお菓子などの食べ物はあげてもいいんですか？,0,0
307,2026/2/2 20:45,高校受験,c5c467d0e,6時間1分,0,14,14.0,0,0,0.039,0.0,0.0,0.04,あと3日,https://detail.chiebukuro.yahoo.co.jp/qa/question_detail/q10324943495,都立砂川高校について質問です‼︎ 頭が悪くても受かる見込みありますか？ 元々不登校だった生徒が多いいんでしょうか？ 面接の時は、不登校を経験した事を隠さず言った方がいいんでしょうか？ 先輩後輩で関わり...,0,0
308,2026/2/2 20:45,バラエティ、お笑い,b4731733c,6時間1分,0,1,1.0,0,0,0.003,0.0,0.0,0.0,あと3日,https://detail.chiebukuro.yahoo.co.jp/qa/question_detail/q14324943494,バカ殿様について質問です。 腰元が殿のオナラの臭いの被害に遭うシーンをできるだけ多く、またどの回のシーンかを教えてほしいです。,0,0
309,2026/2/2 20:45,パソコン,6789012345,6時間1分,0,2,2.0,0,0,0.006,0.0,0.0,0.01,あと3日,https://detail.chiebukuro.yahoo.co.jp/qa/question_detail/q13324943493,LEDチューブライトを購入しました 電源はUSBです スイッチがタッチ式の物です Tapoを使用して遠隔でオンオフしたいのですが、スイッチ部分を切断削除しても使えるでしょうか 経験ある方、知識のある方...,0,0
310,2026/2/2 20:45,恋愛相談、人間関係の悩み,非公開,6時間1分,2,72,36.0,0,1,0.199,2.78,0.07,0.56,不明,https://detail.chiebukuro.yahoo.co.jp/qa/question_detail/q12324943492,至急m(_ _)m 僕は高1で好きな子は近くに住む高3のお姉さんです！ いつ告白しようか迷ってます…。 学校がある日はほぼ朝必ず同じ時間の電車に乗っています。高校は別なのでお姉さんが降りる時「〇〇(僕...,0,0
311,2026/2/2 20:44,スノーボード,ごめんね,6時間2分,2,11,5.5,0,2,0.03,18.18,0.0,0.47,不明,https://detail.chiebukuro.yahoo.co.jp/qa/question_detail/q11324943491,イエティーについて質問です。 平日の人混み具合やリフト待ちなど教えてください（ ; ; ）,0,0
312,2026/2/2 20:44,大学,iao********,6時間2分,2,21,10.5,0,0,0.058,9.52,0.01,0.33,あと3日,https://detail.chiebukuro.yahoo.co.jp/qa/question_detail/q10324943490,広島県立大学庄原キャンパスは、学生寮が廃止されています。近くで学生物件を検索してもヒットしないのですが、親元を離れ一人暮らしをする学生さんはどうされていらっしゃるのでしょうか,0,0
313,2026/2/2 20:44,郵便、宅配,匿名,6時間2分,2,12,6.0,0,1,0.033,16.67,0.0,0.39,あと3日,https://detail.chiebukuro.yahoo.co.jp/qa/question_detail/q14324943489,みそきんのカップ麺を郵送するのにどういうふうに梱包して何便で発送したらいいですか？ ※一応記載しますが、転売などではなくて私の地元のコンビニに在庫があるお店を見つけたので彼氏に送りたくて質問してます。,0,0
314,2026/2/2 20:44,ギター、ベース,aabc064fc,6時間2分,4,45,11.2,0,0,0.124,8.89,0.01,0.67,あと3日,https://detail.chiebukuro.yahoo.co.jp/qa/question_detail/q13324943488,ギター上級者様助けてください、、、！！ アコギヲタ最近頑張ってるんですけどリズム感覚が無さすぎてストロークしてたら追い越したり追い越されたりしちゃいます、、ユーフレットで見ながらだとストロークもよく分...,0,0
315,2026/2/2 20:44,料理、レシピ,1149774418,6時間2分,2,8,4.0,0,0,0.022,25.0,0.0,0.3,あと3日,https://detail.chiebukuro.yahoo.co.jp/qa/question_detail/q12324943487,みなさん、昼食に毎月どれくらいのお金を使ってるかおしえてもらってもいいでしょうか。できれば何を食べてるかも教えていただけると、幸いです。,0,0
316,2026/2/2 20:44,職場の悩み,b8ae4b229,6時間2分,2,28,14.0,0,2,0.077,7.14,0.01,0.52,あと3日,https://detail.chiebukuro.yahoo.co.jp/qa/question_detail/q10324943485,[職についての相談] 現在、２０代後半でアラサーです。 以前、かなり大手の企業で勤めていました。 コロナ禍にもかかわらず中途で内定を いただき、やりたい仕事だったため やりがいを持って仕事をしていまし...,0,0
317,2026/2/2 20:44,自然エネルギー,非公開ID,6時間2分,1,7,7.0,0,0,0.019,14.29,0.0,0.16,あと3日,https://detail.chiebukuro.yahoo.co.jp/qa/question_detail/q11324943486,カルコパイライトソーラー発電は世界を席巻しますか,0,0
318,2026/2/2 20:44,友人関係の悩み,匿名希望,6時間2分,0,8,8.0,0,0,0.022,0.0,0.0,0.02,あと3日,https://detail.chiebukuro.yahoo.co.jp/qa/question_detail/q14324943484,友人に既婚のケアマネーに恋するひとがいます。 親族を担当していた方らしいのですが、親族が亡くなっても電話をかけ続けています。 たまに職場に会いに行ってもいいか等も聞いています。 普通の人だと思っていた...,0,0
319,2026/2/2 20:44,子育ての悩み,1151887359,6時間2分,0,11,11.0,0,0,0.03,0.0,0.0,0.03,あと3日,https://detail.chiebukuro.yahoo.co.jp/qa/question_detail/q13324943483,一歳二ヶ月の息子が最近起きている時に目を細めてうっーって感じの顔をします。遊んでいるっていうより自然現象みたいな感じでやっている気がします。 この顔は水やお茶などを飲んだときむせそうになってする顔と同...,0,0
320,2026/2/2 20:44,レディース全般,brt*******,6時間2分,0,2,2.0,0,0,0.006,0.0,0.0,0.01,あと3日,https://detail.chiebukuro.yahoo.co.jp/qa/question_detail/q12324943482,ベレー帽って真冬だと寒いですよね？,0,0
321,2026/2/2 20:44,税金、年金,kin********,6時間2分,1,20,20.0,0,0,0.055,5.0,0.01,0.19,あと3日,https://detail.chiebukuro.yahoo.co.jp/qa/question_detail/q11324943481,確定申告について質問です。 第一表の「公的年金等以外の合計所得金額」ですが 年金収入と給与収入のみで、所得金額調整控除が10万円ある場合は 単純に左の⑥給与所得額を書くのか、または所得金額調整控除前の...,0,0
322,2026/2/2 20:44,植物,om5********,6時間3分,4,14,3.5,0,0,0.039,28.57,0.0,0.59,あと3日,https://detail.chiebukuro.yahoo.co.jp/qa/question_detail/q10324943480,柿の種は好きですか？？,0,0
323,2026/2/2 20:44,家族関係の悩み,jmk********,6時間3分,5,61,12.2,1,2,0.168,8.2,0.02,1.29,あと3日,https://detail.chiebukuro.yahoo.co.jp/qa/question_detail/q14324943479,80歳の母親との関係について悩んでいます。 先日、悩みに悩んでやっと娘の成人式の着物を決めました。 悩んでる間は母にも相談していて、決まったからありがとうと伝えてありました。 そうしたら先ほど電話があ...,0,0
324,2026/2/2 20:44,ギター、ベース,nhn********,6時間3分,4,57,14.2,0,0,0.157,7.02,0.02,0.71,あと3日,https://detail.chiebukuro.yahoo.co.jp/qa/question_detail/q12324943477,日本人スタジオミュージシャンのトップクラスの演奏力はどんなものでしょうか？,0,0
325,2026/2/2 20:44,恋愛相談、人間関係の悩み,非公開,6時間3分,3,29,9.7,0,0,0.08,10.34,0.01,0.49,あと3日,https://detail.chiebukuro.yahoo.co.jp/qa/question_detail/q13324943478,遠距離恋愛中の彼を自宅に泊めるべきかについて質問です。 私たちは共に20代社会人で、現在私はA県、彼はB県(車で2時間くらい)に住んでおり、互いに1人暮らしです。お互いシフト制のため会うのは1-2ヶ月...,0,0
326,2026/2/2 20:44,高校受験,cd492609a,6時間3分,0,11,11.0,0,0,0.03,0.0,0.0,0.03,あと3日,https://detail.chiebukuro.yahoo.co.jp/qa/question_detail/q11324943476,今年、中附の推薦を受けた人に質問です。 文法の問題が変わっているとのことですが、今までの文法問題ができていたら完答できるレベルでしたか？,0,0
327,2026/2/2 20:44,日本語,匿名,6時間3分,2,14,7.0,0,2,0.039,14.29,0.0,0.48,あと3日,https://detail.chiebukuro.yahoo.co.jp/qa/question_detail/q14324943474,年齢的に言われる「その歳は脂が乗ってる」の意味なんですが、これは若い人のハリや瑞々しさor歳を重ねた中年くらいの熟した雰囲気や色気や肌、どちらの意味でしたっけ？ 日本語の意味が分からなくなったんで教え...,0,0
328,2026/2/2 20:44,バスケットボール,ゆうひな,6時間3分,0,6,6.0,0,0,0.017,0.0,0.0,0.02,あと3日,https://detail.chiebukuro.yahoo.co.jp/qa/question_detail/q10324943475,インフルエンサーのすみぽんはコンバースのバスケットボールを持っていたのですが、いくら探してもどこにも売っていません。どうしたら買えますか？,0,0
329,2026/2/2 20:44,大学受験,1152641535,6時間3分,0,44,44.0,0,0,0.121,0.0,0.0,0.12,あと3日,https://detail.chiebukuro.yahoo.co.jp/qa/question_detail/q13324943473,国公立に出願登録をしてたら下のような画面がでてきました。これは大学に確認し成績請求チケットの取り消しをすれば出願登録できますか。,0,0
330,2026/2/2 20:44,Yahoo!知恵袋,1252314392,6時間3分,0,15,15.0,0,0,0.041,0.0,0.0,0.04,あと3日,https://detail.chiebukuro.yahoo.co.jp/qa/question_detail/q12324943472,インスタの上の通知みたいなん表示しない方法ありますか？至急教えてください,0,0
331,2026/2/2 20:44,コミック,ad288d31,6時間3分,0,1,1.0,0,0,0.003,0.0,0.0,0.0,あと3日,https://detail.chiebukuro.yahoo.co.jp/qa/question_detail/q11324943471,桃源暗鬼のバースデーグッズって予約したらその予約期間の間に来ますか？それとも後に発送されますか？,0,0
332,2026/2/2 20:44,ポケットモンスター,1150446559,6時間3分,1,14,14.0,0,0,0.039,7.14,0.01,0.18,あと3日,https://detail.chiebukuro.yahoo.co.jp/qa/question_detail/q10324943470,ポケモンのマグマッグの色について質問です。 目は黄色、体色は赤と橙色どっちですか？,0,0
333,2026/2/2 20:44,アニメ,1153211463,6時間3分,1,30,30.0,0,0,0.082,3.33,0.02,0.22,あと3日,https://detail.chiebukuro.yahoo.co.jp/qa/question_detail/q14324943469,至急 変なのはわかるんですけど何が変なのかわかりません。目元とか特に。。（ ; ; ） 黒執事のシエル・ファントムハイヴです。 よければ修正お願いします,0,0
334,2026/2/2 20:44,韓国・朝鮮語,nak********,6時間3分,1,20,20.0,0,0,0.055,5.0,0.01,0.19,あと3日,https://detail.chiebukuro.yahoo.co.jp/qa/question_detail/q11324943466,韓国語についての質問です。 表題の通り韓国語で1つ質問があります。 とあるインタビューにて、 「これはどういった意図ですか？」 という質問に、「間違いです、ミスでした」という意味で 잘못했어요と言うの...,0,0
335,2026/2/2 20:44,不妊,非公開,6時間3分,1,21,21.0,0,0,0.058,4.76,0.01,0.19,あと3日,https://detail.chiebukuro.yahoo.co.jp/qa/question_detail/q14324943464,不妊治療で体外受精の胚移植ホルモン補充周期です。 今まで採卵前などにもホルモン剤を飲んだりしても大きなメンタルの揺れはなかったのですが、最近は眠れなかったり便通が悪かったりもありメンタルが安定せず些細...,0,0
336,2026/2/2 20:44,大相撲,非公開,6時間3分,0,7,7.0,0,0,0.019,0.0,0.0,0.02,あと3日,https://detail.chiebukuro.yahoo.co.jp/qa/question_detail/q10324943465,元横綱・貴乃花氏の長男である花田優一氏（29歳）は、世間から「お坊ちゃん（ア◯◯ン）」的なイメージで語られることが少なくありませんが現在は何をしてはるんですか？,0,0
337,2026/2/2 20:44,恋愛相談、人間関係の悩み,had********,6時間3分,1,13,13.0,0,0,0.036,7.69,0.0,0.17,あと3日,https://detail.chiebukuro.yahoo.co.jp/qa/question_detail/q13324943463,20代社会人です。現在お付き合いしている恋人に対し、精神的なトラウマがあります。 好きなのでお付き合いは続けていますが、1人でいる時や、ふとした瞬間にトラウマを思い出して気持ちが落ち込んでしまい、付き...,0,0
338,2026/2/2 20:44,恋愛相談、人間関係の悩み,1053311005,6時間3分,0,6,6.0,0,0,0.016,0.0,0.0,0.02,あと3日,https://detail.chiebukuro.yahoo.co.jp/qa/question_detail/q12324943462,この方たちのSNSってなんですか,0,0
339,2026/2/2 20:44,ヘアケア,1150484519,6時間4分,0,5,5.0,0,0,0.014,0.0,0.0,0.01,あと3日,https://detail.chiebukuro.yahoo.co.jp/qa/question_detail/q10324943460,HANA MAHINA マヒナ マヒの髪色を真似したいんですけど あの複雑な髪色、どうやってキープしてるんですかね。 ブロンドにランダムなオレンジ、前髪の毛先だけオレンジ(伸びてきて切ったらどんどん無...,0,0
340,2026/2/2 20:44,資格,1151742138,6時間4分,1,16,16.0,0,0,0.044,6.25,0.01,0.18,不明,https://detail.chiebukuro.yahoo.co.jp/qa/question_detail/q14324943459,乙4の試験を受けたいのですが大分は2月22日のやつで最後ですか？,0,0
341,2026/2/2 20:44,コミック,あんこなし饅頭,6時間4分,1,15,15.0,0,0,0.041,6.67,0.01,0.18,あと3日,https://detail.chiebukuro.yahoo.co.jp/qa/question_detail/q12324943457,呪術廻戦について質問です。 乙骨が呪術高専に入学した時の真希って結構 禪院家な感じ出てませんか？,0,0
342,2026/2/2 20:44,爬虫類、両生類,pir********,6時間4分,1,11,11.0,0,0,0.03,9.09,0.0,0.17,あと3日,https://detail.chiebukuro.yahoo.co.jp/qa/question_detail/q11324943456,ヤングのレオパがあまり餌を食べません。 毎日健康的な糞もしており、2センチ程度のコオロギを毎日１～2匹食べています。 尻尾もプリッとしています。 他の方の情報を見ると、もっと多く食べているようなので不...,0,0
343,2026/2/2 20:44,日本史,afaf1c99f,6時間4分,2,4,2.0,0,0,0.011,50.0,0.0,0.28,あと3日,https://detail.chiebukuro.yahoo.co.jp/qa/question_detail/q13324943453,近藤時代の新選組は 乱暴狼藉は少なかった 当たってますか,0,0
344,2026/2/2 20:44,スマホアプリ,非公開,6時間4分,1,5,5.0,0,0,0.014,20.0,0.0,0.15,あと3日,https://detail.chiebukuro.yahoo.co.jp/qa/question_detail/q14324943454,パズドラでプラス三百以上振るにはどこのダンジョンいけば良いですか？限界コロシアムですか？常設されていますでしょうか？,0,0
345,2026/2/2 20:44,アニメ,少年の夢,6時間4分,2,65,32.5,0,3,0.178,3.08,0.06,0.7,あと3日,https://detail.chiebukuro.yahoo.co.jp/qa/question_detail/q10324943455,名探偵コナンの中国問題どう思いますか そもそもジャンプ漫画となぜコラボしたのかも 不思議なんですが https://news.yahoo.co.jp/articles/c2fa387444b9a8f0...,0,0
346,2026/2/2 20:44,コスメ、美容,gel********,6時間4分,1,8,8.0,0,0,0.022,12.5,0.0,0.16,あと3日,https://detail.chiebukuro.yahoo.co.jp/qa/question_detail/q12324943452,眉毛を3mmに揃えようとバリカンで刈ったらアタッチメントを間違えて0.5mmになってしまいました。 眉毛ってどのくらいで生えますか？,0,0
347,2026/2/2 20:44,ファッション,bgt********,6時間4分,2,23,11.5,0,0,0.063,8.7,0.01,0.34,不明,https://detail.chiebukuro.yahoo.co.jp/qa/question_detail/q11324943451,ユニクロのヒートテックインナー（長袖）って、普通のTシャツの上から着たらヒートテック効果ないですか？ 地肌に触れないと効果ないのかなあと思いまして。,0,0
350,2026/2/2 20:44,声優,a23b5d4e9,6時間4分,2,16,8.0,0,0,0.044,12.5,0.0,0.32,あと3日,https://detail.chiebukuro.yahoo.co.jp/qa/question_detail/q14324943449,声優に詳しい人に質問です。 歴代声優で今の人気中堅、ベテラン声優達が敵わない本物の超天才、鬼才の声優をランキング形式で教えてください。理由もあれば教えてください。,0,0
351,2026/2/2 20:44,トレーニング,tenteten,6時間4分,0,3,3.0,0,0,0.008,0.0,0.0,0.01,あと3日,https://detail.chiebukuro.yahoo.co.jp/qa/question_detail/q12324943447,SIXPAD Knee Fit（シックスパッド ニーフィット）を前後逆につけると、ハムストリング（太もも裏）を鍛えられたりしますか？,0,0
352,2026/2/2 20:44,コスメ、美容,1052710696,6時間4分,1,13,13.0,0,0,0.036,7.69,0.0,0.17,あと3日,https://detail.chiebukuro.yahoo.co.jp/qa/question_detail/q11324943446,芋感無くしたいんですけどどうやって整えればいいですか？ 友達に聞くのは恥ずかしいしお母さんは教えてくれないしサロンはちょっとハードル高いので…,0,0
353,2026/2/2 20:44,iPhone,sin********,6時間4分,1,11,11.0,0,0,0.03,9.09,0.0,0.17,あと3日,https://detail.chiebukuro.yahoo.co.jp/qa/question_detail/q10324943445,chatGPTの無料プランからplusに乗り換えたいのですが iphoneのchatGPTアプリだと、乗り換えようとしてもchatGPT Goしか出てこなくて困っています。アプリでplusに乗り換える...,0,0
354,2026/2/2 20:43,病気、症状,coc********,6時間5分,1,43,43.0,0,0,0.118,2.33,0.05,0.25,不明,https://detail.chiebukuro.yahoo.co.jp/qa/question_detail/q12324943442,無意識に体、特にお腹や肩、胸らへんに力が入ってしまいます。 ストレスというかもはや癖なんですがどうしたら体の力を抜けますか？,0,0
355,2026/2/2 20:43,宗教,pa1********,6時間5分,1,8,8.0,0,0,0.022,12.5,0.0,0.16,あと3日,https://detail.chiebukuro.yahoo.co.jp/qa/question_detail/q14324943439,今回の衆議院選で、もしチーム中道が大敗したら、それは草加学会の力も尽きた事を意味しますか？ 学会員の家庭では多分、中道に入れなかったら親子の縁は切る。ぐらいの事は言っているはず。それでも負ける。もう、...,0,0
356,2026/2/2 20:43,高校数学,b1ce9bb91,6時間6分,4,55,13.8,0,4,0.15,7.27,0.02,1.02,不明,https://detail.chiebukuro.yahoo.co.jp/qa/question_detail/q10324943440,(2)についてです。私は具体的な数字を入れてみたら、階差数列になっていることに気づき、それでとけてしまったんですが、記述模試等でこのような解き方をした場合点をもらえますか？,0,0
357,2026/2/2 20:43,教養、ドキュメンタリー,Chapliny,6時間6分,1,17,17.0,0,3,0.046,5.88,0.01,0.43,あと3日,https://detail.chiebukuro.yahoo.co.jp/qa/question_detail/q13324943438,1991年から1992年にかけてテレビ東京系で火曜夕方6時半に放送された緊急発進セイバーキッズの主人公の姉天神林ランは運動神経が抜群で空手以外のスポーツで何が得意でしたか？ 剣道や野球や水泳はどうでし...,0,0
358,2026/2/2 20:43,iPhone,1152847119,6時間6分,2,9,4.5,0,0,0.025,22.22,0.0,0.3,あと3日,https://detail.chiebukuro.yahoo.co.jp/qa/question_detail/q11324943436,TikTokとかYouTubeをネットがない環境で見ようとすると見えません…モバイル通信もオンになっています。これってギガないから見れないのですか、、？,0,0
359,2026/2/2 20:43,ライブ、コンサート,1053311614,6時間6分,0,4,4.0,0,0,0.011,0.0,0.0,0.01,あと3日,https://detail.chiebukuro.yahoo.co.jp/qa/question_detail/q12324943437,日産スタジアム 土曜のライブ後 21時くらいに終わる 何時に電車空きますか？帰宅は神奈川県内です。 それか125ccのスクーターで、駅から反対方面でどこか徒歩20分以内のところに停めて、帰ろうと考えて...,0,0
361,2026/2/2 20:43,アニメ、コミック,ジャンプカプコンファン,6時間6分,0,2,2.0,0,0,0.005,0.0,0.0,0.01,あと3日,https://detail.chiebukuro.yahoo.co.jp/qa/question_detail/q14324943434,とあるシリーズの御坂美琴は正義感が強いですが、ワンピースの赤犬のような人間は好むと思いますか？,0,0
362,2026/2/2 20:43,大学,匿名,6時間6分,0,6,6.0,0,0,0.016,0.0,0.0,0.02,あと3日,https://detail.chiebukuro.yahoo.co.jp/qa/question_detail/q13324943433,東北大学に通っている大学生は、何割が男性で、何割が女性ですか？,0,0
363,2026/2/2 20:43,職場の悩み,har********,6時間6分,3,33,11.0,0,0,0.09,9.09,0.01,0.5,あと3日,https://detail.chiebukuro.yahoo.co.jp/qa/question_detail/q11324943431,仕事を辞めると言おうと思うのですがいった時点から次の日から周りの方に無視とかされたらどうしようとビクビクで言えてません。やっぱりそういうことあるのでしょあか？,0,0
364,2026/2/2 20:43,YouTube,しつもん,6時間6分,2,62,31.0,0,1,0.169,3.23,0.05,0.52,不明,https://detail.chiebukuro.yahoo.co.jp/qa/question_detail/q12324943432,にじさんじオフィシャルストアの待合室について質問です。 明日の12時から8周年グッズが販売されますが、何分前から待機するのが良い等はありますか？ 都合によりWiFiが無い環境からの購入になります。 ま...,0,0
365,2026/2/2 20:43,アニメ,c9d7e7375,6時間6分,3,28,9.3,0,1,0.076,10.71,0.01,0.57,あと3日,https://detail.chiebukuro.yahoo.co.jp/qa/question_detail/q10324943430,2月10日発売の僕のヒーローアカデミアの一番くじを引きたいのですが、初めての一番くじなのでわからないことがあるので教えてほしいです！ 一番くじは全国で発売されますか？田舎に住んでいるのですが、一番くじ...,0,0
366,2026/2/2 20:43,作詞、作曲,Betty,6時間6分,4,45,11.2,1,0,0.123,8.89,0.01,0.94,あと3日,https://detail.chiebukuro.yahoo.co.jp/qa/question_detail/q14324943429,作曲する際は、シンスとやドラムとかベースなどあると思うんですが、その順で作るのが正解、一般的ですか？初心者なので詳しく教えてください！,0,0
368,2026/2/2 20:43,小・中学校、高校,sak********,6時間6分,2,30,15.0,0,1,0.082,6.67,0.01,0.44,あと3日,https://detail.chiebukuro.yahoo.co.jp/qa/question_detail/q12324943427,小中学校の教師ってなんで偉そうなんですか？生徒が大人になり、まだこれからって時に先生達はもう60歳です。 しかも学校では子供に偉そうにしているだけで、ただ成績は平凡な大学卒業しただけの人です。高学歴で...,0,0
369,2026/2/2 20:43,飲食店,b2797d7c6,6時間6分,1,20,20.0,0,0,0.055,5.0,0.01,0.19,あと3日,https://detail.chiebukuro.yahoo.co.jp/qa/question_detail/q11324943426,食べ放題のお店で体調が悪くなり、少量ですが嘔吐してしまいました。できる範囲でその場は拭き取ったのですが、マットのようなものにも少し汚してしまいました。その後も吐き気が続き、すぐにトイレに行きました。 ...,0,0
370,2026/2/2 20:43,Instagram,bf3c54630,6時間6分,1,12,12.0,0,0,0.033,8.33,0.0,0.17,あと3日,https://detail.chiebukuro.yahoo.co.jp/qa/question_detail/q10324943425,インスタの自己紹介に彼氏のアカウントをメンションしました。それからまた自己紹介のところに書き足したいことがあるのですが、書き足して保存したらまた通知は彼氏の方にいきますか？,0,0
372,2026/2/2 20:43,Yahoo!知恵袋,ＩＤ非公開,6時間7分,2,20,10.0,0,1,0.054,10.0,0.01,0.41,あと3日,https://detail.chiebukuro.yahoo.co.jp/qa/question_detail/q13324943423,別に言葉を直してくださいと言ってる訳でもないのに揚げ足取りでこの質問文は間違ってますと一々言葉直しを指摘してくるのは何故なんですか。非常にむかつきます。ただのその人の癖で言ってることとかもあるのに。,0,0
373,2026/2/2 20:43,Instagram,lwi********,6時間7分,0,8,8.0,0,0,0.022,0.0,0.0,0.02,あと3日,https://detail.chiebukuro.yahoo.co.jp/qa/question_detail/q12324943422,Instagramについてです。 見る専用アカウントなんですが、Instagramを開くと他の方のフィード表示ではなく、カメラで撮影できる画面になります。 投稿することはないのでiPhone〉Inst...,0,0
374,2026/2/2 20:43,昆虫,東組(西成区山王1-11-8),6時間7分,1,4,4.0,0,3,0.011,25.0,0.0,0.39,あと3日,https://detail.chiebukuro.yahoo.co.jp/qa/question_detail/q11324943421,オオカレエダカマキリが13倍の大きさに為ればアムールトラ依り強い?,0,0
375,2026/2/2 20:43,大学受験,よっしー,6時間7分,2,32,16.0,0,1,0.087,6.25,0.01,0.44,あと3日,https://detail.chiebukuro.yahoo.co.jp/qa/question_detail/q10324943420,至急です。 大学入試の日本史についてです。 小渕恵三内閣は自民党、自由党、公明党の連立内閣だったらしいのですが、この「自由党」はどっから出てきたんでしょうか。 1955年に自由党と日本社会党が合流して...,0,0
376,2026/2/2 20:43,恋愛相談、人間関係の悩み,bcde42fb7,6時間7分,0,20,20.0,0,0,0.054,0.0,0.0,0.05,あと3日,https://detail.chiebukuro.yahoo.co.jp/qa/question_detail/q14324943419,高校一年生男です。 私には中学三年間片思いをしていた、Nさんがいます。私とNの関係は中学から出会い、二年間同じクラスで、LINEとかでは話すしますが、現実になると年に数えるほどしか話せなくなります。原...,0,0
377,2026/2/2 20:43,恋愛相談、人間関係の悩み,ん,6時間7分,2,37,18.5,0,3,0.101,5.41,0.02,0.62,あと3日,https://detail.chiebukuro.yahoo.co.jp/qa/question_detail/q12324943417,恋愛で、押して引くって本当に意味あるんですかね？？？？脈ナシだとフェードアウトしていく気がするんですけどどうなんでしょうか？実際にしてみて付き合えた方とかいますか？,0,0
379,2026/2/2 20:43,職場の悩み,akn********,6時間7分,3,57,19.0,0,1,0.155,5.26,0.03,0.64,あと3日,https://detail.chiebukuro.yahoo.co.jp/qa/question_detail/q11324943416,入社２か月で仕事を辞める、って社会常識的に駄目でしょうか。 2年前に大学を卒業、新卒で入った会社（小売）を昨年退社、その後旅行会社の営業に転職しました。 入社して2か月が経過したばかりですが、退職する...,0,0
380,2026/2/2 20:43,アニメ、コミック,つる1211＠汐恩JAM,6時間7分,1,4,4.0,0,0,0.011,25.0,0.0,0.15,あと3日,https://detail.chiebukuro.yahoo.co.jp/qa/question_detail/q10324943415,人気なアニメを教えてください。,0,0
381,2026/2/2 20:43,韓国・朝鮮語,にゃんころ,6時間7分,3,36,12.0,0,0,0.098,8.33,0.01,0.5,あと3日,https://detail.chiebukuro.yahoo.co.jp/qa/question_detail/q14324943414,韓国のホテル宿泊したことがある方、または知識がある方良ければ教えてください。 私は今満15歳で今年16歳になる中三です。 韓国に1人で旅行へ行くのですがホテルに泊まろうと思いホテルへ未成年でも泊まれる...,0,0
382,2026/2/2 20:43,バラエティ、お笑い,1252552748,6時間7分,0,1,1.0,0,0,0.003,0.0,0.0,0.0,あと3日,https://detail.chiebukuro.yahoo.co.jp/qa/question_detail/q13324943413,笑点の楽太郎代理司会の映像ありませんか？,0,0
383,2026/2/2 20:42,ポケットモンスター,pro********,6時間8分,1,17,17.0,0,1,0.046,5.88,0.01,0.26,あと3日,https://detail.chiebukuro.yahoo.co.jp/qa/question_detail/q11324943411,ポケモンGO フレンドに関して Xにて募集をかけて見つけたフレンドさんなのですが最寄りの駅周辺で良くレイド、マックスバトルなどで良く一緒のロビーに会うのですが私がいると必ず抜けてしまいます。 マックス...,0,0
384,2026/2/2 20:42,家族関係の悩み,a8e35034f,6時間8分,5,83,16.6,0,0,0.225,6.02,0.04,0.9,不明,https://detail.chiebukuro.yahoo.co.jp/qa/question_detail/q12324943412,中学生でもお金を稼ぐ方法はありますか？闇バイトや、危ない仕事は無しで,0,0
385,2026/2/2 20:42,資格,ba****,6時間8分,0,1,1.0,0,0,0.003,0.0,0.0,0.0,あと3日,https://detail.chiebukuro.yahoo.co.jp/qa/question_detail/q10324943410,測量士試験 地図編集について質問です。テキストP588 ４も５も、２０１９年のものなのに、なぜ4はだめで5のみ使用できるのですか？ ４ 数値地形図データ 地図情報レベル１００００ 測量年月２０１９年５...,0,0
386,2026/2/2 20:42,アルバイト、フリーター,llllll,6時間8分,2,54,27.0,0,4,0.146,3.7,0.04,0.74,あと3日,https://detail.chiebukuro.yahoo.co.jp/qa/question_detail/q14324943409,コンビニバイト 17歳 高校生です セブンイレブンで働いているんですが、研修3日目で首が危ないです。自分は頑張りたいんですけど、今日副店長にこの調子じゃ君クビだからね。と言われ、正直迷惑かけたくないで...,0,0
387,2026/2/2 20:42,家族関係の悩み,aaeee4d16,6時間8分,3,106,35.3,0,5,0.287,2.83,0.1,1.1,あと3日,https://detail.chiebukuro.yahoo.co.jp/qa/question_detail/q13324943408,父親の借金について質問です。 父が150万円の借金をしていることを母から告げられました。 5月に父が「お小遣いだけでは返せない」と母に伝えた事で発覚しました。 家計から毎月数万円ずつ返済していますが、...,0,0
389,2026/2/2 20:42,デンタルケア,kam********,6時間9分,0,2,2.0,0,0,0.005,0.0,0.0,0.01,あと3日,https://detail.chiebukuro.yahoo.co.jp/qa/question_detail/q14324943404,自分は知覚過敏なんですが、冬とかに冷たいものを飲むとキーンとするんですが、夏とか暑い日になるとほぼ感じなくなります。 原因は分かりますか？ ちなみに自分の知覚過敏は歯ぎしりによる物だと思います。,0,0
390,2026/2/2 20:42,デンタルケア,たいよーん,6時間9分,0,4,4.0,0,0,0.011,0.0,0.0,0.01,あと3日,https://detail.chiebukuro.yahoo.co.jp/qa/question_detail/q10324943405,歯医者の道具でよく言われるキーンという音がするものではなく 丸ノコのような木を切断するような音がする道具はなんなのでしょうか？ お世話になってる歯医者で歯を削る時にまるで木を切断する機械のような音のす...,0,0
391,2026/2/2 20:42,鉄道、列車、駅,bc736e2b9,6時間9分,2,57,28.5,0,1,0.154,3.51,0.04,0.51,不明,https://detail.chiebukuro.yahoo.co.jp/qa/question_detail/q12324943402,定期購入について質問です。 北柏駅から初台駅まで通う事となり、乗り換えが少ない以下経路で通勤しています。 北柏駅ー新御茶ノ水ー（連絡通路）ー小川町ー初台 本日、北柏駅にある定期購入の機械で検索しても上...,0,0
392,2026/2/2 20:42,資格,A,6時間9分,1,16,16.0,0,0,0.043,6.25,0.01,0.18,あと3日,https://detail.chiebukuro.yahoo.co.jp/qa/question_detail/q11324943401,第二種電気工事士の免状申請に必要な提出書類が揃ったので、準備をしているのですが、書類を入れる封筒に切手は貼らなくても大丈夫ですか？ あと、表には送り先を書くと思うのですが、裏には自分の郵便番号、住所、...,0,0
393,2026/2/2 20:42,宝塚,豆,6時間9分,3,371,123.7,0,1,1.005,0.81,1.24,1.49,あと3日,https://detail.chiebukuro.yahoo.co.jp/qa/question_detail/q14324943399,フィナーレ終わり舞台袖にはける風間柚乃さんと鳳月杏さんの挙動について質問です。 昨日ライブビューイングで宝塚歌劇団、月組の侍タイムスリッパーを見ました。 最後舞台袖にはける風間柚乃さんがライブビューイ...,0,0
394,2026/2/2 20:42,音楽,aae885626,6時間9分,0,21,21.0,0,0,0.057,0.0,0.0,0.06,あと3日,https://detail.chiebukuro.yahoo.co.jp/qa/question_detail/q13324943398,昔聞いた楽曲(おそらくボーカロイドです)を探しています。 該当しそうなタイトルのサムネイルを見てはいるのですが、見つけられず、AIに頼ってみても見つからず…。視聴していたサイトの履歴も古すぎて辿れず、...,0,0
395,2026/2/2 20:42,郵便、宅配,cf7794e36,6時間9分,2,33,16.5,1,1,0.089,6.06,0.01,0.71,不明,https://detail.chiebukuro.yahoo.co.jp/qa/question_detail/q12324943397,YahooフリマでＣＤを購入しました。ゆうパケットポストminiで配送でした。 到着したものを開けたらプチプチに包まれることもなく、表面にヒビが入っていました。 これは日本郵便のお見舞い制度が適用され...,0,0
396,2026/2/2 20:42,日本史,c319747ea,6時間9分,3,6,2.0,0,0,0.016,50.0,0.0,0.42,あと3日,https://detail.chiebukuro.yahoo.co.jp/qa/question_detail/q11324943396,制定当初から昭和の末ごろに至るまでの一円の価値を分かる年だけでいいので教えてください,0,0
397,2026/2/2 20:42,iPhone,あ,6時間9分,0,8,8.0,0,0,0.022,0.0,0.0,0.02,あと3日,https://detail.chiebukuro.yahoo.co.jp/qa/question_detail/q10324943395,至急！！iPhoneを最新にアップデートしたら、SafariやGoogleで検索をした時に過激なものにフィルター？がかかったり、検索予告？ みたいなものも出てこなくなりました。今までこんなことなかった...,0,0
398,2026/2/2 20:42,職場の悩み,ton********,6時間9分,0,27,27.0,2,0,0.073,0.0,0.0,0.61,あと3日,https://detail.chiebukuro.yahoo.co.jp/qa/question_detail/q14324943394,こどおじなんですが仕事辞めなきゃ◯ぬと思いながら無職や新しい仕事が上手くいかなかったらと怖くて辞められません。 常に仕事に追いかけられていて休日でも休んだ気になれず最近は考える事も記憶もあいまいです。...,0,0
399,2026/2/2 20:42,不動産,b1598a747,6時間9分,0,5,5.0,0,0,0.014,0.0,0.0,0.01,あと3日,https://detail.chiebukuro.yahoo.co.jp/qa/question_detail/q13324943393,教えてください 画像の書類にサインをして提出しました。 入居申込書兼保証委託申込書（個人）という書類も提出しました。 審査も通った状態です。 この段階でキャンセルすると画像の文面通り解約金はかかってし...,0,0
400,2026/2/2 20:42,恋愛相談、人間関係の悩み,1150268203,6時間9分,2,17,8.5,0,0,0.046,11.76,0.0,0.32,あと3日,https://detail.chiebukuro.yahoo.co.jp/qa/question_detail/q12324943392,女子大生は彼氏作ってなんぼですよね？,0,0
401,2026/2/2 20:42,家族関係の悩み,1252552748,6時間9分,2,21,10.5,0,0,0.057,9.52,0.01,0.33,あと3日,https://detail.chiebukuro.yahoo.co.jp/qa/question_detail/q11324943391,お姉ちゃんのいる姉の特徴を教えてください,0,0
402,2026/2/2 20:42,日本史,afaf1c99f,6時間9分,0,1,1.0,0,0,0.003,0.0,0.0,0.0,あと3日,https://detail.chiebukuro.yahoo.co.jp/qa/question_detail/q14324943389,新選組は 芹沢の時は 乱暴狼藉はしましたが 近藤の時もしていた 当たってますか,0,0
403,2026/2/2 20:42,メイク、コスメ,非公開,6時間9分,2,22,11.0,0,0,0.059,9.09,0.01,0.33,あと3日,https://detail.chiebukuro.yahoo.co.jp/qa/question_detail/q13324943388,お姉さん方！！おすすめのフェイスパウダー教えてください！ 粉々感がでず、ナチュラルな感じのパウダー探してます。 すっぴんパウダー結構好きなんですけど、もうちょっとカバー力欲しいかな、、という感じです,0,0
404,2026/2/2 20:42,オンラインゲーム,c7eb0e9d9,6時間9分,0,7,7.0,0,0,0.019,0.0,0.0,0.02,あと3日,https://detail.chiebukuro.yahoo.co.jp/qa/question_detail/q12324943387,勝利の女神nikkeの指揮官ってだれなんですか 指揮官羨ましいとかよく言われてますけど一応設定的には自分の分身じゃないの？と思ってるんですが FEのマイユニットみたいな,0,0
405,2026/2/2 20:42,メルカリ,1150742802,6時間10分,1,40,40.0,0,2,0.108,2.5,0.04,0.4,不明,https://detail.chiebukuro.yahoo.co.jp/qa/question_detail/q11324943386,メルカリについて キャラクターカードを定形郵便で発送したところ、切手不足により自宅に返却されてしまいました。切手を追加で貼って発送しようと思うのですが、メルカリ側から購入者に受け取り評価の催促がされて...,0,0
406,2026/2/2 20:42,病院、検査,c6b17e02c,6時間10分,2,16,8.0,0,0,0.043,12.5,0.0,0.31,あと3日,https://detail.chiebukuro.yahoo.co.jp/qa/question_detail/q10324943385,新型コロナウイルスのワクチン接種証明書は、もう処分しても大丈夫ですか？ コロナ禍当時は 接種証明書がないと入れないイベント会場がある等 接種証明書が必要なイメージでしたが、 もう処分しても大丈夫でしょ...,0,0
407,2026/2/2 20:42,女性アイドル,giromarupinoarur,6時間10分,1,16,16.0,0,0,0.043,6.25,0.01,0.18,あと3日,https://detail.chiebukuro.yahoo.co.jp/qa/question_detail/q14324943384,いまAKB48が出てる番組を見てて 名残り桜という曲で まゆゆみたいなツインテールで リボン？をつけた子の名前が知りたいです よろしくお願いします。,0,0
408,2026/2/2 20:42,レディース全般,非公開,6時間10分,2,22,11.0,0,0,0.059,9.09,0.01,0.33,あと3日,https://detail.chiebukuro.yahoo.co.jp/qa/question_detail/q13324943383,【至急】前を開けるとの閉めるのどっちの方がいいでしょうか？,0,0
409,2026/2/2 20:42,車検、メンテナンス,tom********,6時間10分,1,12,12.0,0,0,0.032,8.33,0.0,0.17,あと3日,https://detail.chiebukuro.yahoo.co.jp/qa/question_detail/q12324943382,ランクル70の異音について grj76ですが、ハンドルを切るとコラムから『カコッ』と何かにつっかえたような音がします。 考えられる原因はなんでしょうか？,0,0
410,2026/2/2 20:42,パソコン,XDr2,6時間10分,1,17,17.0,1,0,0.046,5.88,0.01,0.45,あと3日,https://detail.chiebukuro.yahoo.co.jp/qa/question_detail/q11324943381,PCのマザーボードのバックパネルにWiFiアンテナの丸い端子があることありますよね。 ここにWiFiルーターから抜いたアンテナ付けたら使えますか？ やってみた人の回答がほしいです。,0,0
411,2026/2/2 20:42,ゲーム,1252229648,6時間10分,1,5,5.0,0,0,0.013,20.0,0.0,0.15,あと3日,https://detail.chiebukuro.yahoo.co.jp/qa/question_detail/q10324943380,ゼンゼロのメインストーリーの時系列質問です。 ゼンゼロのメインストーリーチャプター1から現在のv2.5まではどれほどの時間が経過しているんでしょうか、現実ではなくゼンゼロの世界でです。,0,0
412,2026/2/2 20:42,ピアノ、キーボード,イカちゃん☆,6時間10分,4,68,17.0,0,9,0.184,5.88,0.03,1.45,あと3日,https://detail.chiebukuro.yahoo.co.jp/qa/question_detail/q13324943378,ピアノの調律、修理について。 うちのヤマハのアップライトピアノですが、もともと非常に古いことに加えて、震災による直接的な被災や、その後の緊急的な引越しの際に風雨にさらされたりしたために、脚の外板が浮き...,0,0
413,2026/2/2 20:42,貯金,1149712237,6時間10分,3,22,7.3,0,0,0.059,13.64,0.0,0.46,あと3日,https://detail.chiebukuro.yahoo.co.jp/qa/question_detail/q14324943379,皆様に普通と言うものを教えていただきたいです。ネットで年代別の標準貯蓄額を見ていたのですが、本当かなと疑ってしまいます。 大学を卒業して就職して10年経った人の貯金額がいくらからいくらまでが普通か教え...,0,0
414,2026/2/2 20:42,生き方、人生相談,1052482066,6時間10分,4,44,11.0,0,9,0.119,9.09,0.01,1.38,あと3日,https://detail.chiebukuro.yahoo.co.jp/qa/question_detail/q12324943377,運悪いのどうにかしたいです(；；) 私は今まで生きてきて、運が悪いなと思うことが数え切れないほどあるし、友達にも運悪いよねってよく言われます。 今も絶賛運の悪さ発揮中です。 ①まずバイトが決まりません...,0,0
415,2026/2/2 20:42,女性アイドル,♪,6時間10分,1,5,5.0,0,0,0.013,20.0,0.0,0.15,あと3日,https://detail.chiebukuro.yahoo.co.jp/qa/question_detail/q10324943375,カウントダウンTVに出ているAKB48の ボブにカチューシャしているこのお名前を教えてください！( ´•̥̥̥ ³ •̥̥̥`)・:*:・゜☆ *。・:*:・,0,0
416,2026/2/2 20:42,病気、症状,jok********,6時間10分,1,22,22.0,0,0,0.059,4.55,0.01,0.19,あと3日,https://detail.chiebukuro.yahoo.co.jp/qa/question_detail/q11324943376,喉、耳が三日前から痛かったり、詰まる感じがあったり染みる感じがあります。 唾を飲むと痛みが出ることが多いです。 本日耳鼻科にいき、鼻と喉をカメラで中まで見ましたが何も異常なしと言われました。 何も症状...,0,0
417,2026/2/2 20:42,特撮,J・ライダー,6時間10分,1,20,20.0,0,0,0.054,5.0,0.01,0.19,不明,https://detail.chiebukuro.yahoo.co.jp/qa/question_detail/q14324943374,ウルトラマン 仮面ライダー スーパー戦隊 メタルヒーロー その他 好きな作品を5つ、挙げてください。 私は ウルトラマン→ティガ 仮面ライダー→龍騎 スーパー戦隊→バイオマン メタルヒーロー→カブタッ...,0,0
418,2026/2/2 20:41,ゲーム,ジョン,6時間11分,0,1,1.0,0,0,0.003,0.0,0.0,0.0,あと3日,https://detail.chiebukuro.yahoo.co.jp/qa/question_detail/q13324943373,スイカゲームぷらねっと ここ数日ですが過去の自分のランキングが、電源を切るとだいぶ消えてしまってます。 同じ症状の人いますか？なぜでしょう。,0,0
419,2026/2/2 20:41,福祉、介護,mam********,6時間11分,0,2,2.0,0,0,0.005,0.0,0.0,0.01,あと3日,https://detail.chiebukuro.yahoo.co.jp/qa/question_detail/q12324943372,"現在、住宅型有料老人ホーム併設のデイサービスに勤務してます。（デイサービスのサービス提供が終わると有料のスタッフになります） 疑問点が有り,デイサービス未契約者の方がデイサービスに好きな時に来て好きな...",0,0
420,2026/2/2 20:41,バラエティ、お笑い,1252552748,6時間11分,0,3,3.0,0,0,0.008,0.0,0.0,0.01,あと3日,https://detail.chiebukuro.yahoo.co.jp/qa/question_detail/q11324943371,風雲たけし城の悪魔の館ってコンプライアンス的に今できるのですかね？,0,0
421,2026/2/2 20:41,高校受験,羊母,6時間12分,3,74,24.7,0,0,0.199,4.05,0.05,0.6,あと3日,https://detail.chiebukuro.yahoo.co.jp/qa/question_detail/q10324943370,大阪府公立高校入試について。 私は大阪府在住の2026年度公立高校入試を控える中学三年生です。 第一志望公立高校の受験をするか、第二志望に学校を下げるかの選択について聞きたいです。 11月五木模試、1...,0,0
422,2026/2/2 20:41,職業,har********,6時間12分,0,3,3.0,0,0,0.008,0.0,0.0,0.01,あと3日,https://detail.chiebukuro.yahoo.co.jp/qa/question_detail/q14324943369,管理栄養士になるために会社に実務経験証明書を書いてもらうのですが規模とかありますか？保育園で人数が19名しかいませんが書いてもらえるのでしょうか？,0,0
423,2026/2/2 20:41,高校受験,匿名,6時間12分,0,17,17.0,0,0,0.046,0.0,0.0,0.05,あと3日,https://detail.chiebukuro.yahoo.co.jp/qa/question_detail/q13324943368,"小３までの学力しかない、中３の女子が、高校受験の面接官の男性に、 ｢将来の夢は何ですか？｣ と聞かれて、 ｢小学校の先生です｣ と言ったら、 ""小３までの学力しかないくせに高望みするな"" と思いますか...",0,0
424,2026/2/2 20:41,スロット,b2d259d8b,6時間12分,1,19,19.0,0,0,0.051,5.26,0.01,0.18,あと3日,https://detail.chiebukuro.yahoo.co.jp/qa/question_detail/q12324943367,初代ヴヴヴ朝イチから売ってるんですけど11万入れてます。示唆強と4人2かい？あとデフォです。 こんなczのやられ方やあるんですか。,0,0
425,2026/2/2 20:41,大学受験,ゆ,6時間12分,1,34,34.0,1,0,0.091,2.94,0.03,0.49,あと3日,https://detail.chiebukuro.yahoo.co.jp/qa/question_detail/q10324943365,関学博士さん！！ 関西学院大学の共テ利用3月出願を考えているのですが、3科目型で89%でした。望みありますか？,0,0
426,2026/2/2 20:41,友人関係の悩み,bc0863d30,6時間12分,1,13,13.0,0,0,0.035,7.69,0.0,0.17,あと3日,https://detail.chiebukuro.yahoo.co.jp/qa/question_detail/q13324943363,嫌いなやつにゲームの痛い名前がバレてしまいました 僕とその嫌いな奴との共通のゲーム友達にも距離を取られているというか馬鹿にされているような気がします しかも僕が焦って名前を変えたからか 他のゲーム友達...,0,0
427,2026/2/2 20:41,車検、メンテナンス,DK,6時間12分,2,13,6.5,0,0,0.035,15.38,0.0,0.3,あと3日,https://detail.chiebukuro.yahoo.co.jp/qa/question_detail/q14324943364,去年の12月19日に21マジェスタのハイブリッドバッテリー故障でリビルト品に交換してもらい、今日まで不具合なく動いていたのですが、今日の夕方再発してしまいました。 そのリビルト品は保証で治してもらった...,0,0
428,2026/2/2 20:41,Android,a1c398ef4,6時間12分,2,2,1.0,0,0,0.005,100.0,0.0,0.27,あと3日,https://detail.chiebukuro.yahoo.co.jp/qa/question_detail/q12324943362,Spotifyで作ったマイライブラリをアラームにすることはできますか？Androidです,0,0
429,2026/2/2 20:41,恋愛相談、人間関係の悩み,aac72237,6時間12分,1,10,10.0,1,0,0.027,10.0,0.0,0.43,あと3日,https://detail.chiebukuro.yahoo.co.jp/qa/question_detail/q11324943361,高校生です！好きな人に私のことどう思ってるの？って言ったら恥ずかしいと言われました。これってどういうことですか？,0,0
430,2026/2/2 20:41,タブレット端末,rhu********,6時間12分,1,2,2.0,0,0,0.005,50.0,0.0,0.14,あと3日,https://detail.chiebukuro.yahoo.co.jp/qa/question_detail/q10324943360,iPad のホームボタンを支持する金属製の支持バーについている透明の両面テープについて教えてください。厚さが微妙で困っています。 非常に薄く、透明で吸着力が強くて長持ちする両面接着テープがあれば教えて...,0,0
431,2026/2/2 20:41,大学受験,mar,6時間12分,2,5,2.5,0,0,0.013,40.0,0.0,0.28,あと3日,https://detail.chiebukuro.yahoo.co.jp/qa/question_detail/q14324943359,歴史総合・日本史探究ではなくて地理総合・地理探究で入れる国公立があると思うのですが、地理にした方がいいですか？,0,0
432,2026/2/2 20:41,転職,アラサーゴリラ,6時間12分,3,39,13.0,0,1,0.105,7.69,0.01,0.59,あと3日,https://detail.chiebukuro.yahoo.co.jp/qa/question_detail/q13324943358,前職に出戻りたいのですが、最終日挨拶もなしに帰宅したのですか出戻りは厳しいですか？ 会社での評価は高かったです,0,0
433,2026/2/2 20:41,資格,ba****,6時間12分,0,4,4.0,0,0,0.011,0.0,0.0,0.01,あと3日,https://detail.chiebukuro.yahoo.co.jp/qa/question_detail/q12324943357,"測量士試験 テキストP399 地形測量 須知地形図の修正について質問です。 ？マークを付けた個所、解説お願いいたします。 ア ー５９９８ なぜマイナスですか？ イ 3,996 ウ ー５ エ ４００１ ...",0,0
434,2026/2/2 20:41,病気、症状,やってしもうた,6時間12分,0,2,2.0,0,0,0.005,0.0,0.0,0.01,あと3日,https://detail.chiebukuro.yahoo.co.jp/qa/question_detail/q11324943356,先週の金曜日に新しいAirPodsが届いてイヤーチップの大きさが少し耳にあってないなーとか思いながら土曜日とか1時間以上2時間未満とか結構長い時間使ってたんですよ。 そしたら土曜の夜から喉に違和感出て...,0,0
435,2026/2/2 20:41,スポーツ,b682ae0c4,6時間12分,3,33,11.0,0,3,0.088,9.09,0.01,0.73,不明,https://detail.chiebukuro.yahoo.co.jp/qa/question_detail/q10324943355,至急です！スケボーのメンテナンスに使うTツールにナットが詰まってしまったのですがどうすれば取れるでしょうか？誰か教えて欲しいです,0,0
436,2026/2/2 20:41,結婚,par********,6時間13分,5,46,9.2,0,5,0.123,10.87,0.01,1.19,あと3日,https://detail.chiebukuro.yahoo.co.jp/qa/question_detail/q14324943354,今週末叔母の結婚式があります。4歳と0歳の子供もいて家族4人のご祝儀はいくらでしょうか？ チャットGPTに相談しましたところ3万円で良いと言われました。ゼクシィやウェディングサイトでみると相場5万円ほ...,0,0
437,2026/2/2 20:41,周辺機器,jwj********,6時間13分,1,24,24.0,0,0,0.064,4.17,0.02,0.2,あと3日,https://detail.chiebukuro.yahoo.co.jp/qa/question_detail/q12324943352,Loqitecの受信レシーバーに詳しい方、教えて貰えませんか？ VISTA時代の古いパソコンに付いていたLoqitecのペアリングキーボードとマウスを他のパソコンで使いたいのですがLoqitecメディ...,0,0
438,2026/2/2 20:41,メルカリ,lev********,6時間13分,1,20,20.0,0,0,0.054,5.0,0.01,0.19,あと3日,https://detail.chiebukuro.yahoo.co.jp/qa/question_detail/q11324943351,メルカリで商売目的ではなく不要品を売るなら確定申告いらないとありますが10万～30万程の不要になった物を売っても申告はしなくて良いのですか？,0,0
439,2026/2/2 20:41,病気、症状,kan********,6時間13分,1,10,10.0,0,0,0.027,10.0,0.0,0.16,あと3日,https://detail.chiebukuro.yahoo.co.jp/qa/question_detail/q13324943353,ラトケ嚢胞について 母親が目の検査を受けた際に、ラトケ嚢胞がある事が分かりました。 視神経を圧迫しているため視野狭窄があるとの事で、手術でしか治せないと言われました。 母親自身は近くに専門医がいない事...,0,0
440,2026/2/2 20:41,鉄道、列車、駅,a59633c0d,6時間13分,3,31,10.3,0,2,0.083,9.68,0.01,0.64,あと3日,https://detail.chiebukuro.yahoo.co.jp/qa/question_detail/q10324943350,電車で荷物を網棚に上げるのって危なくないですか？満員電車だったら降りる時に取るのも危ないし。,0,0
441,2026/2/2 20:41,掃除,otd********,6時間13分,2,19,9.5,0,6,0.051,10.53,0.0,0.8,あと3日,https://detail.chiebukuro.yahoo.co.jp/qa/question_detail/q14324943349,断捨離の方法は1日ひと品づつ捨てると良いですよと知り合いに言われました。他にもメルカリで売る、リサイクルショップに売る、さらには古い順番に捨てる。あなた様の断捨離方法を教えてくださいませ。,0,0
442,2026/2/2 20:41,クレジットカード,oos********,6時間13分,2,49,24.5,0,1,0.131,4.08,0.03,0.48,あと3日,https://detail.chiebukuro.yahoo.co.jp/qa/question_detail/q11324943346,任意整理を行う予定です。額は170万です。 エポスとアコムの2社になり三菱の口座を使っています。これは使えなくなると思います。 最近昔に作ったみずほ銀行のカードが見つかりました。ここにデイビッドカード...,0,0
443,2026/2/2 20:41,海外,あ,6時間13分,2,18,9.0,0,2,0.048,11.11,0.0,0.48,あと3日,https://detail.chiebukuro.yahoo.co.jp/qa/question_detail/q13324943348,ガンジス川入ると体調崩すのは何故。,0,0
444,2026/2/2 20:41,小説,ケビン,6時間13分,4,33,8.2,0,0,0.088,12.12,0.01,0.62,あと3日,https://detail.chiebukuro.yahoo.co.jp/qa/question_detail/q12324943347,アガサ・クリスティの小説で、 アガサ・クリスティ読むなら、最初はこれだ！ という小説を教えてください。。 ウォーグレイヴ判事（？）のそして誰もいなくなった。私は私自身の手で人を殺してみたくなったのだ（...,0,0
445,2026/2/2 20:41,邦楽,1252552748,6時間13分,1,18,18.0,0,0,0.048,5.56,0.01,0.18,あと3日,https://detail.chiebukuro.yahoo.co.jp/qa/question_detail/q10324943345,ザベストテンのALFEEの霧のソフィアのランクイン1週目の映像ありませんか？,0,0
446,2026/2/2 20:41,英語,mx3********,6時間13分,0,8,8.0,1,0,0.021,0.0,0.0,0.29,あと3日,https://detail.chiebukuro.yahoo.co.jp/qa/question_detail/q14324943344,英語のメッセージについて教えてください。 アメリカ人の叔父70歳にお誕生日にメッセージ入りのグラスを送りたいのですが Happy 70th Birthdayで問題ないですか？ 大文字小文字も含めて他に...,0,0
447,2026/2/2 20:41,賃貸物件,b4fa077de,6時間13分,0,6,6.0,0,0,0.016,0.0,0.0,0.02,あと3日,https://detail.chiebukuro.yahoo.co.jp/qa/question_detail/q12324943342,地方都市の中心部で、 駅徒歩７分 １K 29平方メートル 独立洗面台、バストイレ別 室内洗濯機置き場 インターホン オートロック 2口IHコンロ 6階角部屋 オール電化 SECOM付き 築浅 デザイナ...,0,0
448,2026/2/2 20:41,資格,非公開,6時間13分,3,38,12.7,0,0,0.102,7.89,0.01,0.5,あと3日,https://detail.chiebukuro.yahoo.co.jp/qa/question_detail/q13324943343,どんな資格・仕事があるか教えてください。 ・女性向き ・同じことを繰り返す ・雑談少なめ ・突発的な問題が少ない どんな資格でも仕事でも大丈夫です。 よろしくおねがいします。,0,0
449,2026/2/2 20:41,政治、社会問題,匿名,6時間13分,9,97,10.8,1,12,0.259,9.28,0.03,2.69,あと3日,https://detail.chiebukuro.yahoo.co.jp/qa/question_detail/q11324943341,高市早苗ってヒトラーなみに熱狂されていますよね。なぜですか？,0,0
450,2026/2/2 20:41,メイク、コスメ,ID非公表,6時間13分,3,41,13.7,0,0,0.11,7.32,0.02,0.51,あと3日,https://detail.chiebukuro.yahoo.co.jp/qa/question_detail/q10324943340,前まで薬局にあったリップクリームの名前が思い出せません。白地に黄色の1000円くらいので、酷い乾燥でもうるおってツヤも出してくれるような製品です。 日本のメーカーで、おしゃれではないけど実力派って感じ...,0,0
451,2026/2/2 20:41,占い,fkm********,6時間13分,0,5,5.0,0,0,0.013,0.0,0.0,0.01,あと3日,https://detail.chiebukuro.yahoo.co.jp/qa/question_detail/q14324943339,四柱推命に詳しい方に質問です。 日柱が丙午、大運も丙午、今年歳運も丙午の人の今年の運勢はどうなるのでしょうか,0,0
452,2026/2/2 20:41,ダイエット,dac********,6時間14分,0,7,7.0,0,0,0.019,0.0,0.0,0.02,あと3日,https://detail.chiebukuro.yahoo.co.jp/qa/question_detail/q13324943338,ヤーズ配合錠→ドロエチ配合錠あすかのんで、 1番痩せてる時より10kg太りました。 婦人科からは、ピルで太るという医学的なデータはないといわれ鵜呑みにしていたら、こんなことになりました。 結婚して食生...,0,0
454,2026/2/2 20:41,観光地、行楽地,pon,6時間14分,1,21,21.0,2,1,0.056,4.76,0.01,0.8,不明,https://detail.chiebukuro.yahoo.co.jp/qa/question_detail/q10324943335,オーバーツーリズムは深刻な問題になってますか？,0,0
455,2026/2/2 20:41,音楽,彦星（飛翔する鷲）SS＋ランク,6時間14分,0,3,3.0,0,0,0.008,0.0,0.0,0.01,あと3日,https://detail.chiebukuro.yahoo.co.jp/qa/question_detail/q14324943334,HIKAKIN＆SEIKINの曲はEDMに入りますか？,0,0
456,2026/2/2 20:41,健康、病気、病院,1149712237,6時間14分,1,11,11.0,0,0,0.029,9.09,0.0,0.16,あと3日,https://detail.chiebukuro.yahoo.co.jp/qa/question_detail/q13324943333,私は今日3時間半しか寝ていません。意外と体調は大丈夫です。今日の夜しっかり眠れないと明日は辛くなると思います。今日の夜熟睡できる方法を教えていただけますか？,0,0
457,2026/2/2 20:41,アニメ,ニンジャ2ん2ん,6時間14分,0,0,0.0,0,0,0.0,0.0,0.0,0.0,あと3日,https://detail.chiebukuro.yahoo.co.jp/qa/question_detail/q12324943332,ラウラボーデヴィッヒが肩たたき券をくれるシーンを探しているのですが…,0,0
458,2026/2/2 20:41,洋楽,c42e15286,6時間14分,0,7,7.0,0,0,0.019,0.0,0.0,0.02,あと3日,https://detail.chiebukuro.yahoo.co.jp/qa/question_detail/q11324943331,洋楽を探しています。 空耳で バビッバ ビバビバ バビッバ ビバビバっと言っています,0,0
459,2026/2/2 20:40,アニメ,非公開,6時間15分,0,2,2.0,0,0,0.005,0.0,0.0,0.01,あと3日,https://detail.chiebukuro.yahoo.co.jp/qa/question_detail/q10324943330,僕のヒーローアカデミア B組 鱗飛竜 鱗飛竜が「アイヤー」と言うシーンが時々あるとサイトで見たのですが、どのシーンでしょうか？分かる限り教えて頂きたいです。,0,0
460,2026/2/2 20:40,日本語,1050790343,6時間15分,0,10,10.0,0,0,0.027,0.0,0.0,0.03,あと3日,https://detail.chiebukuro.yahoo.co.jp/qa/question_detail/q13324943328,あなたが美しいと感じた比喩表現を、教えてください。 作品名と著者も添えてくださると嬉しいです また、比喩上手という視点でオススメの作家さんがいたら、一緒にお願いします,0,0
461,2026/2/2 20:40,友人関係の悩み,非公開,6時間15分,6,46,7.7,0,0,0.122,13.04,0.01,0.92,あと3日,https://detail.chiebukuro.yahoo.co.jp/qa/question_detail/q14324943329,緊急 学校が一緒ではなく、一年に数回会うかっていう感じの友達に数人ほどで長期休みディズニー行こうって言われたんですが、関わりもないのであまり話題とかもないだろうし、すごく行きたくないんですが、 なんて...,0,0
462,2026/2/2 20:40,携帯型ゲーム全般,私はただの猫,6時間15分,1,18,18.0,0,0,0.048,5.56,0.01,0.18,不明,https://detail.chiebukuro.yahoo.co.jp/qa/question_detail/q12324943327,アークナイツエンドフィールド 武陵にあるここの水はどうやったら抜けますか？,0,0
463,2026/2/2 20:40,職場の悩み,bed244e6c,6時間15分,1,27,27.0,0,0,0.072,3.7,0.02,0.2,あと3日,https://detail.chiebukuro.yahoo.co.jp/qa/question_detail/q10324943325,小さい会社の事務員をしています。2人体制で、私は3年目、新人さんがもうすぐ試用期間が終わるところです。私は36歳、新人さんは31歳です。 新人さんの前職はお店で店長をしていたとのこと。 会社で働くのも...,0,0
464,2026/2/2 20:40,男性アイドル,1150147337,6時間15分,0,12,12.0,0,0,0.032,0.0,0.0,0.03,あと3日,https://detail.chiebukuro.yahoo.co.jp/qa/question_detail/q11324943326,至急！！ Mnet Plus Merchで住所を入力する場合は英語でしょうか？ また英語表記の場合すぐ変換できるアプリやツールがあれば教えていただきたいです。,0,0
465,2026/2/2 20:40,バイク,90098333,6時間15分,10,53,5.3,0,3,0.141,18.87,0.01,1.71,あと3日,https://detail.chiebukuro.yahoo.co.jp/qa/question_detail/q13324943323,バイクから卒業して車に乗るようになるとあなたの人生はどう変わりましたか？？,0,0
466,2026/2/2 20:40,テレビ、DVD、ホームシアター,非公開,6時間16分,1,17,17.0,1,0,0.045,5.88,0.01,0.44,あと3日,https://detail.chiebukuro.yahoo.co.jp/qa/question_detail/q12324943322,全録ブルーレイレコーダーDIGAのUSB外付けHDDで縦置きできるHDDは販売されているのでしょうか？ 箱には横置きで置いてある写真しか載っていない機種ばかりです。 スペースの関係で縦置きしたいのです...,0,0
467,2026/2/2 20:40,メンズ腕時計、アクセサリー,非公開,6時間16分,2,4,2.0,0,0,0.011,50.0,0.0,0.28,あと3日,https://detail.chiebukuro.yahoo.co.jp/qa/question_detail/q11324943321,カシオトロンはG-SHOCKよりボタンが押しやすい？,0,0
468,2026/2/2 20:40,日本史,c319747ea,6時間16分,4,16,4.0,0,2,0.043,25.0,0.0,0.73,あと3日,https://detail.chiebukuro.yahoo.co.jp/qa/question_detail/q10324943320,日本神話は歴史学ですか もし違う場合飛鳥時代以前の歴史学は何に当たりますか,0,0
469,2026/2/2 20:40,ゲーム,gio********,6時間16分,1,18,18.0,0,0,0.048,5.56,0.01,0.18,不明,https://detail.chiebukuro.yahoo.co.jp/qa/question_detail/q14324943319,ゼルダの伝説 ブレスオブザワイルドでウツシエの5がどうしても出てきません。 この場所であるだろうことは特定しているのですが風でないかわかる方いないでしょうか？ ストーンサークルが近くにある岩場の上です...,0,0
470,2026/2/2 20:40,デンタルケア,1151452158,6時間16分,0,7,7.0,0,0,0.019,0.0,0.0,0.02,あと3日,https://detail.chiebukuro.yahoo.co.jp/qa/question_detail/q13324943318,１週間5日前に斜めに生えている親知らずを抜歯しました。5日前に抜糸をして、今もなおズキズキ痛いです。反対側を前抜いた時よりもかなり痛く、神経に近かったとのことです。 抜いた直後よりかはロキソニンを飲む...,0,0
471,2026/2/2 20:40,男性アイドル,1252552748,6時間16分,3,36,12.0,0,0,0.096,8.33,0.01,0.49,あと3日,https://detail.chiebukuro.yahoo.co.jp/qa/question_detail/q12324943317,TOKIOの人気とSnow Manの人気って全盛期の場合どっちが上ですか？,0,0
472,2026/2/2 20:40,ヒト,ca7ede347,6時間16分,3,38,12.7,0,0,0.101,7.89,0.01,0.5,あと3日,https://detail.chiebukuro.yahoo.co.jp/qa/question_detail/q11324943316,ー男女の力の強さについてー 男性は運動や筋トレをする人が多いから女性より力が強いと言われているだけで、 特に何もしていない同士であれば、基本的に男性よりも女性の方が力が強いのでしょうか？,0,0
473,2026/2/2 20:40,アニメ,美咲,6時間16分,1,8,8.0,0,3,0.021,12.5,0.0,0.39,あと3日,https://detail.chiebukuro.yahoo.co.jp/qa/question_detail/q10324943315,名探偵プリキュア!キュアエクレール声優長谷川育美ではありません！似たような声の人がいっぱいいるので別の声優さんだと思います！皆さんはどう思いますか？,0,0
474,2026/2/2 20:40,健康、病気、病院,1152757080,6時間16分,2,15,7.5,0,2,0.04,13.33,0.0,0.46,あと3日,https://detail.chiebukuro.yahoo.co.jp/qa/question_detail/q13324943313,リュックをこのように背負うことは脊髄に悪影響(猫背になりやすいなど)を与える可能性が高いでしょうか？,0,0
475,2026/2/2 20:40,登山,非公開ID,6時間16分,3,11,3.7,0,1,0.029,27.27,0.0,0.51,あと3日,https://detail.chiebukuro.yahoo.co.jp/qa/question_detail/q12324943312,この大雪で、熊もやられてしまいましたか,0,0
476,2026/2/2 20:40,ゲーム,、,6時間16分,0,4,4.0,0,0,0.011,0.0,0.0,0.01,あと3日,https://detail.chiebukuro.yahoo.co.jp/qa/question_detail/q10324943310,Switch2のコントローラーをSteamのgta5で使う方法を教えてください,0,0
477,2026/2/2 20:40,YouTube,1153348659,6時間16分,3,15,5.0,0,0,0.04,20.0,0.0,0.44,あと3日,https://detail.chiebukuro.yahoo.co.jp/qa/question_detail/q13324943308,YouTubeの切り抜き動画を作る時にどの編集ソフトを使うのがいいですか?無料と有料それぞれ知りたいです,0,0
478,2026/2/2 20:40,税金,たんてき,6時間16分,3,20,6.7,0,0,0.053,15.0,0.0,0.45,あと3日,https://detail.chiebukuro.yahoo.co.jp/qa/question_detail/q12324943307,消費税申告について 令和7年消費税申告の基準期間が令和5年分となってますが 令和5年の確定申告書30番の『課税される所得金額』の数字を入力するのでしょうか？,0,0
479,2026/2/2 20:40,健康、病気、病院,非公開,6時間16分,2,17,8.5,0,0,0.045,11.76,0.0,0.31,あと3日,https://detail.chiebukuro.yahoo.co.jp/qa/question_detail/q11324943306,お風呂もシャワーもめんどくさいので入りたくないのですが、何日以上空けると健康に問題が出ますか？ 今４日目です。頭が大分痒くなってきました。 あと、石鹸やシャンプータオルを使わずに、シャワーを５分ほど浴...,0,0
480,2026/2/2 20:40,小説,1152573651,6時間16分,4,30,7.5,0,0,0.08,13.33,0.01,0.61,あと3日,https://detail.chiebukuro.yahoo.co.jp/qa/question_detail/q10324943305,私読書が苦手なんですけどおすすめのおもしろい小説教えてください！私が最後まで読めた小説は君の膵臓をたべたいと僕が僕をやめる日です。短編小説じゃないのがいいです!!,0,0
481,2026/2/2 20:40,高校受験,a9d050ab4,6時間16分,1,56,56.0,0,3,0.149,1.79,0.08,0.52,不明,https://detail.chiebukuro.yahoo.co.jp/qa/question_detail/q14324943304,北辰、終わりました。 今まで偏差値62付近キープして志望校に余裕をもって挑めたのに、今回は偏差値57までさがってしまいました。(今まではA3、今回はB1…) 直前期にこれってマズイですか？ 気にせず突...,0,0
482,2026/2/2 20:40,病気、症状,xfv********,6時間17分,0,12,12.0,0,0,0.032,0.0,0.0,0.03,あと3日,https://detail.chiebukuro.yahoo.co.jp/qa/question_detail/q12324943302,本日病院で急性胃腸炎の診断を受けました 会社に提出するため診断書を貰ったのですが約1週間程の自宅療養が望ましい と記載をして頂きました この場合きっちり1週間仕事を休んでいいものでしょうか、それとも症...,0,0
483,2026/2/2 20:40,自動車,tre********,6時間17分,0,3,3.0,0,0,0.008,0.0,0.0,0.01,あと3日,https://detail.chiebukuro.yahoo.co.jp/qa/question_detail/q13324943303,70カムリ平成30年式（CarPlay非対応） 画像のコンバーターとファイアースティックあれば動画視聴可能ですか？,0,0
484,2026/2/2 20:40,アニメ,少年の夢,6時間17分,0,3,3.0,0,0,0.008,0.0,0.0,0.01,あと3日,https://detail.chiebukuro.yahoo.co.jp/qa/question_detail/q10324943300,一休さんのお話の中で印象的なものありますか 偶々今日１時間スペシャル見たんですが 一休さんが最後石を投げられて終わる話あって かなり驚きました ( ﾟдﾟ) めでたくもありめでたくもなし,0,0
485,2026/2/2 20:40,料理、食材,まっさい,6時間17分,1,8,8.0,0,0,0.021,12.5,0.0,0.15,あと3日,https://detail.chiebukuro.yahoo.co.jp/qa/question_detail/q14324943299,食材30年ぶりの子雨で農作物に深刻な影響が出ている様ですが何の野菜が一番困りますか？よろしくお願いいたします。 https://www.google.com/gasearch?q=30%E5%B9%B...,0,0
486,2026/2/2 20:40,政治、社会問題,やはりちゃん　その18,6時間17分,3,19,6.3,0,0,0.05,15.79,0.0,0.45,あと3日,https://detail.chiebukuro.yahoo.co.jp/qa/question_detail/q13324943298,完全なる男女平等と、女性優遇とでしたら、世の大半の女性の方は、どちらが男女差別のない社会だと思うと思いますでしょうか？ ※仮の話、可能性等含めまして、,0,0
487,2026/2/2 20:40,ゴルフ,このまちひらい,6時間17分,3,20,6.7,0,0,0.053,15.0,0.0,0.45,あと3日,https://detail.chiebukuro.yahoo.co.jp/qa/question_detail/q11324943296,坂田ゴルフ塾やその講師ってどれくらいすごいんですか？,0,0
488,2026/2/2 20:40,アニメ,サボテンの王様,6時間17分,0,0,0.0,0,0,0.0,0.0,0.0,0.0,あと3日,https://detail.chiebukuro.yahoo.co.jp/qa/question_detail/q10324943295,鬼太郎の4期で妖怪自動車の輪入道とダイヤ妖怪の輪入道ではどちらが悪人でしょうか？,0,0
489,2026/2/2 20:40,メンズ全般,vbn********,6時間17分,0,0,0.0,0,0,0.0,0.0,0.0,0.0,あと3日,https://detail.chiebukuro.yahoo.co.jp/qa/question_detail/q13324943293,Carharttシエラジャケットのボアが白色のボアと黒色のボアとありますが、何の違いでしょうか？ 製造年？,0,0
490,2026/2/2 20:40,おでかけグルメ,wii********,6時間17分,1,8,8.0,0,0,0.021,12.5,0.0,0.15,あと3日,https://detail.chiebukuro.yahoo.co.jp/qa/question_detail/q12324943292,上野と海浜幕張へ観光に行くのですが、その周辺でチーズが食べ放題のお店とかありますか？ 出来ればお昼頃に入れるお店だと嬉しいのですが、探しても中々見つかりません… ネットで調べても何故か新宿とかみなとみ...,0,0
491,2026/2/2 20:40,恋愛相談、人間関係の悩み,c56aa9984,6時間17分,1,46,46.0,1,0,0.122,2.17,0.06,0.52,あと3日,https://detail.chiebukuro.yahoo.co.jp/qa/question_detail/q10324943290,至急 高校一年生です。貧乳な事に悩んでます。。。 クラスの子がみんな大きくて、私より背が低くて子供っぽいとされてる子よりも私のは小さいです。 離れ乳なのもあって合うブラも小さすぎてないし、かと言って下...,0,0
492,2026/2/2 20:40,職場の悩み,********,6時間17分,6,80,13.3,0,4,0.212,7.5,0.03,1.32,あと3日,https://detail.chiebukuro.yahoo.co.jp/qa/question_detail/q12324943287,新卒一年目で窓際社員してます。 いわゆる大手子会社勤務ですが、本当に仕事がありません。 上司も常に忙しく、仕事も振られず、すべきことを尋ねても「適当に資格の勉強とかしてて」と言われるだけです。 毎日め...,0,0
493,2026/2/2 20:40,イヌ,小悪魔,6時間17分,4,15,3.8,0,0,0.04,26.67,0.0,0.57,あと3日,https://detail.chiebukuro.yahoo.co.jp/qa/question_detail/q11324943286,ペキニーズはどんな気候に適した犬ですか？,0,0
494,2026/2/2 20:40,ポケットモンスター,1258*******,6時間17分,1,13,13.0,0,0,0.034,7.69,0.0,0.17,あと3日,https://detail.chiebukuro.yahoo.co.jp/qa/question_detail/q13324943288,大阪でポケモンgo初心者です。 レイドやイベントなど人が集まるところを教えてください。 ちなみに先月なんばにいったら全然人いませんでした。 伝説や強いポケモンはいるのに取れないという歯痒さでした。,0,0
495,2026/2/2 20:40,家族関係の悩み,1252552748,6時間17分,4,133,33.2,0,2,0.352,3.01,0.12,1.04,あと3日,https://detail.chiebukuro.yahoo.co.jp/qa/question_detail/q14324943289,強姦事件の被害女性って心の傷が癒えないことが多いそうですね。そういう時どうやって声かけてあげればいいですか？,0,0
496,2026/2/2 20:40,工芸,1252387763,6時間17分,2,18,9.0,0,0,0.048,11.11,0.0,0.31,あと3日,https://detail.chiebukuro.yahoo.co.jp/qa/question_detail/q10324943285,骨董市で手に入れた木の板です。なんの木かわかる方いらっしゃいますか？,0,0
497,2026/2/2 20:40,ドラゴンクエスト,ミント,6時間18分,3,33,11.0,0,0,0.087,9.09,0.01,0.48,あと3日,https://detail.chiebukuro.yahoo.co.jp/qa/question_detail/q13324943283,ドラクエ5をやり込んだ人に質問 DS版の効力本を用いてPS2版のゲームで遊ぶとしてらどんなことに注意したらよいですか？教えてください。ブックオフで安価で買ったけど、改めて気になり質問しました。,0,0
498,2026/2/2 20:40,生理,b408fd1e9,6時間18分,1,12,12.0,0,0,0.032,8.33,0.0,0.16,あと3日,https://detail.chiebukuro.yahoo.co.jp/qa/question_detail/q14324943284,生理中の受験勉強についてです。 生理痛が重くてどうしようもないのですが、時間を見つけて産婦人科にかかった方が良いのでしょうか。できる限り勉強に時間を費やしたいですし、塾のスケジュール的に土日に休みはあ...,0,0
499,2026/2/2 20:40,女性アイドル,倍倍ROSE_ME:IS:SUE,6時間18分,1,10,10.0,0,0,0.026,10.0,0.0,0.16,不明,https://detail.chiebukuro.yahoo.co.jp/qa/question_detail/q12324943282,Rain Treeのマカロンガールは誰でしょう？,0,0
500,2026/2/2 20:40,職場の悩み,1150315250,6時間18分,3,59,19.7,0,3,0.156,5.08,0.03,0.79,あと3日,https://detail.chiebukuro.yahoo.co.jp/qa/question_detail/q11324943281,入社して約1年の営業マンです。 会社に規定がないということと、周りの先輩にパーマかけてもいいと言われたのでかけました。 その際色も抜けて茶色になりました。特に周りから言われることはなかったのですが、営...,0,0
501,2026/2/2 20:40,コンタクトレンズ、視力矯正,c2283d8d9,6時間18分,1,15,15.0,0,0,0.04,6.67,0.01,0.17,あと3日,https://detail.chiebukuro.yahoo.co.jp/qa/question_detail/q10324943280,カラコンデビューしたいのですが、未成年一人で眼科に行って検査してもらうことは可能でしょうか？,0,0
502,2026/2/2 20:39,政治、社会問題,nhn********,6時間19分,3,18,6.0,0,0,0.047,16.67,0.0,0.44,あと3日,https://detail.chiebukuro.yahoo.co.jp/qa/question_detail/q14324943279,どうして下村博文や丸川珠代や三ッ林裕巳や武田良太は前回落選したのに、今回のこのこと出馬したんですか？一度落選したんだから引退すれば良いのに。,0,0
503,2026/2/2 20:39,資格,ba****,6時間19分,0,3,3.0,0,0,0.008,0.0,0.0,0.01,あと3日,https://detail.chiebukuro.yahoo.co.jp/qa/question_detail/q13324943278,測量士 択一過去問R7 問13について質問です。 ？マークの箇所、水準環Ⅰが（1）＋（４）－（６） Ⅱが （２）－（５）－（４） Ⅲが（5）－（3）＋（６） となるのはなぜですか？,0,0
504,2026/2/2 20:39,法律相談,黒豆,6時間19分,2,38,19.0,0,0,0.1,5.26,0.02,0.36,あと3日,https://detail.chiebukuro.yahoo.co.jp/qa/question_detail/q11324943276,公正証書に関してお伺いしたいことがあります。 今の状況 →別居中 →離婚調停をし不成立で審判離婚になりそう →別居中に私の裸をSNS晒された。(晒した理由は私が離婚に応じないから)ですが、離婚調停には...,0,0
505,2026/2/2 20:39,菓子、スイーツ,c12a52122,6時間19分,0,11,11.0,0,0,0.029,0.0,0.0,0.03,あと3日,https://detail.chiebukuro.yahoo.co.jp/qa/question_detail/q12324943277,パウンドケーキを作って友達に渡そうと思うのですが、それに関していくつか質問があるのでお聞きしたいです。 ①水曜日の夜に作り、金曜日の昼〜夕方に渡すことは衛生面的に可能でしょうか？ ②①が可能な場合、プ...,0,0
506,2026/2/2 20:39,タブレット端末,a3781079c,6時間19分,0,3,3.0,0,0,0.008,0.0,0.0,0.01,あと3日,https://detail.chiebukuro.yahoo.co.jp/qa/question_detail/q10324943275,10年ほど前にスマホやタブレット等でプレイできるドラえもんのパズルゲームのようなアプリがあった気がします…そのゲームを始める際メニュー画面で「ドラえもん！ラリーラン！ 」と空耳ですが言っていた記憶があ...,0,0
507,2026/2/2 20:39,大学受験,c79b0a6ff,6時間19分,0,21,21.0,0,0,0.055,0.0,0.0,0.06,あと3日,https://detail.chiebukuro.yahoo.co.jp/qa/question_detail/q13324943273,関西学院大学神学部について質問です。 今年度、志願者数が例年に比べ増えていますが、合格最低点及び定員数は増加すると思いますか？,0,0
508,2026/2/2 20:39,賃貸物件,bcf4cc295,6時間19分,5,51,10.2,0,0,0.134,9.8,0.01,0.79,あと3日,https://detail.chiebukuro.yahoo.co.jp/qa/question_detail/q12324943272,春から大学生で一人暮らし始めてするものです。 この中で優先順位を教えていただきたいです。 良ければ理由もお願いします。 ①駅近15分 ②バストイレ別 ③木造以外 ④2階以上 ⑤築年数 ⑥部屋の広さ,0,0
509,2026/2/2 20:39,恋愛相談、人間関係の悩み,名無し,6時間19分,1,12,12.0,0,0,0.032,8.33,0.0,0.16,あと3日,https://detail.chiebukuro.yahoo.co.jp/qa/question_detail/q11324943271,軽音やりたいんですけど、ドラムならネイルしててもできますか？ギャルみたいな超ロングネイルじゃなくて、男から見れば長い、女から見れば普通かちょい長めくらいのネイルです。,0,0
510,2026/2/2 20:39,派遣,1152070812,6時間19分,1,12,12.0,0,0,0.032,8.33,0.0,0.16,あと3日,https://detail.chiebukuro.yahoo.co.jp/qa/question_detail/q10324943270,"大阪におきまして 格闘家の身体能力が高い友人を 雑工の派遣として1人22,500円交通費別 で請求しているのですが 高いでしょうか？安いでしょうか?",0,0
511,2026/2/2 20:39,アルバイト、フリーター,0102304,6時間19分,1,13,13.0,0,0,0.034,7.69,0.0,0.17,あと3日,https://detail.chiebukuro.yahoo.co.jp/qa/question_detail/q14324943269,至急 バイトについて 春から大学３年生なんですが、大学３年生がバイトに応募しても採用されにくいでしょうか？夏の間は就活などで休みを取らないといけないでしょうし、、、 ちなみに、バイト未経験です。できれ...,0,0
512,2026/2/2 20:39,料理、食材,cecdc60c0,6時間20分,0,5,5.0,0,0,0.013,0.0,0.0,0.01,あと3日,https://detail.chiebukuro.yahoo.co.jp/qa/question_detail/q13324943268,ペヤング獄激辛ファイナルってどうですか？ 辛辛魚の何倍くらい辛いですか？,0,0
513,2026/2/2 20:39,恋愛相談、人間関係の悩み,非公開,6時間20分,2,36,18.0,2,3,0.095,5.56,0.02,1.12,あと3日,https://detail.chiebukuro.yahoo.co.jp/qa/question_detail/q12324943267,婚活で付き合っても、付き合っていくうちになんか違うな、、と思ってしまい、会うのも億劫になることありませんか？ 彼氏に会うのが楽しみじゃありません。,0,0
514,2026/2/2 20:39,中学校,b174d1015,6時間20分,1,20,20.0,0,0,0.053,5.0,0.01,0.18,あと3日,https://detail.chiebukuro.yahoo.co.jp/qa/question_detail/q10324943265,質問です。中学2年生です。 4日後に期末テストがあるんですけど、技家の勉強で教科書の太字になっているところや大事なところをノートに書くのはあまり良くない勉強方法なのでしょうか。 機器の操作方法などの手...,0,0
515,2026/2/2 20:39,ボクシング,コスモスライム,6時間20分,3,20,6.7,0,0,0.053,15.0,0.0,0.45,あと3日,https://detail.chiebukuro.yahoo.co.jp/qa/question_detail/q11324943266,WBOヘビー級世界王者のファビオ・ウォードリーは21歳でボクシング始めてアマ歴はなく23歳でプロになって30歳でチャンピオンになりました、野球やサッカー、 格闘技でも柔道やレスリングではほぼありえない...,0,0
516,2026/2/2 20:39,菓子、スイーツ,ID未公開,6時間20分,5,22,4.4,0,3,0.058,22.73,0.0,0.95,あと3日,https://detail.chiebukuro.yahoo.co.jp/qa/question_detail/q12324943262,キャラメル苦手な人いますか？,0,0
517,2026/2/2 20:39,大学受験,Ootdinfj,6時間20分,0,31,31.0,0,0,0.082,0.0,0.0,0.08,あと3日,https://detail.chiebukuro.yahoo.co.jp/qa/question_detail/q13324943263,明日、立正大学を受けます。 史学科と哲学科に出願してます。 今日改めて過去問を解いたら今のところ世界史が9割、国語が9割、英語が6割後半くらいです。このまま本番でも得点が取れれば受かりますか？ 高得点...,0,0
518,2026/2/2 20:39,コスメ、美容,1252659155,6時間20分,1,10,10.0,0,0,0.026,10.0,0.0,0.16,あと3日,https://detail.chiebukuro.yahoo.co.jp/qa/question_detail/q14324943264,シミ取り後、紫外線や日焼けに注意しないといけないですが、シミ取りされた方は皆さんずっとマスク生活ですか？ かさぶた期間中は日焼け止めを塗ってマスクをしていました。 世間ではもうマスクをしていない人も多...,0,0
519,2026/2/2 20:39,資格,盛んなる者,6時間20分,1,8,8.0,0,1,0.021,12.5,0.0,0.23,あと3日,https://detail.chiebukuro.yahoo.co.jp/qa/question_detail/q11324943261,証券外務員Ⅰ種に一発合格したものの、宅建は2年連続不合格となり諦めた者です。こんな私の学力で登録販売者は受かりますでしょうか？ 中学高校と歴史しかできない暗記バカです。,0,0
520,2026/2/2 20:39,職場の悩み,*********,6時間20分,2,16,8.0,0,0,0.042,12.5,0.0,0.3,あと3日,https://detail.chiebukuro.yahoo.co.jp/qa/question_detail/q10324943260,前の会社でイジメを受け辞めさせられた場合は、次の会社では働きにくくなりますか？,0,0
521,2026/2/2 20:39,福祉、介護,xz********,6時間20分,5,27,5.4,0,1,0.071,18.52,0.0,0.8,あと3日,https://detail.chiebukuro.yahoo.co.jp/qa/question_detail/q13324943258,精神科医になるには、どういった大学を卒業しないといけないのですか？,0,0
522,2026/2/2 20:39,高校受験,みかん,6時間20分,3,22,7.3,0,0,0.058,13.64,0.0,0.45,あと3日,https://detail.chiebukuro.yahoo.co.jp/qa/question_detail/q14324943259,現在中学2年生です。 横浜高校を目指していましたが部活動などを考え戸塚高校に魅力を感じています。 現在の成績はオール3、五教科だと1科目だけ2があります。 厳しいのはわかっています。期末テストで国語、...,0,0
523,2026/2/2 20:39,Yahoo!知恵袋,aa61bc817,6時間20分,2,17,8.5,0,0,0.045,11.76,0.0,0.31,あと3日,https://detail.chiebukuro.yahoo.co.jp/qa/question_detail/q12324943257,初めて知恵袋を使用したのですが、ベストアンサーの方を選び、返信させていただきました。 もう1人回答を頂いていて、お礼の返信をしたいのですがベストアンサーを選んでから返信の欄が消えてしまいました。 どう...,0,0
524,2026/2/2 20:39,うつ病,まい,6時間20分,4,32,8.0,0,0,0.084,12.5,0.01,0.61,あと3日,https://detail.chiebukuro.yahoo.co.jp/qa/question_detail/q11324943256,適応障害になって休職になっちゃったんですけど申請できる給付金とかその他やった方がいい事とか教えて貰えませんか,0,0
525,2026/2/2 20:39,病気、症状,1150601147,6時間20分,2,22,11.0,0,0,0.058,9.09,0.01,0.32,あと3日,https://detail.chiebukuro.yahoo.co.jp/qa/question_detail/q10324943255,免疫力をあげる効果が期待できるものを教えていただきたいです。 最近、体調不良がかなり多いのと疲れが抜けないのですが、おすすめの乳酸菌飲料があれば教えていただきたいです。,0,0
526,2026/2/2 20:39,ゲーム,1252461890,6時間20分,0,2,2.0,0,0,0.005,0.0,0.0,0.01,あと3日,https://detail.chiebukuro.yahoo.co.jp/qa/question_detail/q13324943253,スタレゾについての質問です。 今シールドファイターの光盾型をやっています。 できればDPSのサブ職のオススメを教えてください。 今からだと遅いですかね？サブ職の作り方も分からないので教えていただきたい...,0,0
527,2026/2/2 20:39,うつ病,^_^,6時間20分,3,42,14.0,0,4,0.11,7.14,0.02,0.82,あと3日,https://detail.chiebukuro.yahoo.co.jp/qa/question_detail/q12324943252,鬱病を治そうとすると自分が自分でなくなる気持ちになります。それが怖くて前向きになれません。自分のために治した方がいいのは分かります。でもその自分って本当の自分なのか不安です。 自律神経のために毎日早起...,0,0
528,2026/2/2 20:39,アルバイト、フリーター,1152944700,6時間21分,5,76,15.2,0,0,0.199,6.58,0.03,0.85,あと3日,https://detail.chiebukuro.yahoo.co.jp/qa/question_detail/q11324943251,バイトを辞めたいです。 1月の初めあたりから新しいアルバイトを始めたのですが、店長と社員がキツくて辞めたいです。 具体的には社員が｢なんで日曜日のシフト入れないの？｣｢いろいろあるだろうけどお店のため...,0,0
529,2026/2/2 20:39,ホテル、旅館,あ,6時間21分,2,44,22.0,0,0,0.115,4.55,0.03,0.38,あと3日,https://detail.chiebukuro.yahoo.co.jp/qa/question_detail/q10324943250,ルートインのこのプランは1人で宿泊する場合でも適用されますか？,0,0
530,2026/2/2 20:39,恋愛相談、人間関係の悩み,非公開,6時間21分,1,44,44.0,0,0,0.115,2.27,0.05,0.25,あと3日,https://detail.chiebukuro.yahoo.co.jp/qa/question_detail/q14324943249,至急 男子高校生の方に質問です。 好きな子、気になる子に対してどういった行動をしますか？ 話しかける、LINEを自分からするなど積極的にアプローチしますか？ それとも様子を伺いますか？ また、男士のど...,0,0
531,2026/2/2 20:39,バイク,ホンダフュージョン,6時間21分,2,25,12.5,0,1,0.066,8.0,0.01,0.41,あと3日,https://detail.chiebukuro.yahoo.co.jp/qa/question_detail/q13324943248,バイクのウインカーをLED化して、リレーや、整流ダイオードをつけたりしてますが、リアウインカーだけ、普通の電球タイプにもどす場合。 そのままで、大丈夫ですか？,0,0
532,2026/2/2 20:39,K-POP、アジア,れみり,6時間21分,0,6,6.0,0,0,0.016,0.0,0.0,0.02,あと3日,https://detail.chiebukuro.yahoo.co.jp/qa/question_detail/q12324943247,KーPOPアイドルで、このITZYのこのポムポムプリンのトレカと同じものを出してるグループを教えてくださいm(_ _)m （ナムジャでもヨジャでも教えてください！）,0,0
533,2026/2/2 20:38,女性アイドル,kfr********,6時間22分,0,1,1.0,0,0,0.003,0.0,0.0,0.0,あと3日,https://detail.chiebukuro.yahoo.co.jp/qa/question_detail/q11324943246,筒井あやめちゃんと愛宕心響ちゃんどっちが好きですか？,0,0
534,2026/2/2 20:38,ドコモ,nus********,6時間22分,2,21,10.5,0,0,0.055,9.52,0.01,0.32,あと3日,https://detail.chiebukuro.yahoo.co.jp/qa/question_detail/q10324943245,ドコモのプランからahamoに変更しました。 今使っているスマホは4Gですが、5G対応の機種を中古ショップで購入しようかと思っています。 新しく購入した中古スマホに、今使っているSIMカードを挿入すれ...,0,0
535,2026/2/2 20:38,家族関係の悩み,明日の天気,6時間22分,7,118,16.9,0,0,0.309,5.93,0.05,1.22,あと3日,https://detail.chiebukuro.yahoo.co.jp/qa/question_detail/q14324943244,これって虐待ですか？ すごく歳の離れた弟（4歳）がアンパンマンとかに刺激されて、ひたすらパンチを繰り出してくるのですが、いくら口で言ってもやめなくて、我慢の限界になり、服の袖を縛ってパンチを繰り出せな...,0,0
536,2026/2/2 20:38,マインクラフト,14557,6時間22分,1,13,13.0,0,0,0.034,7.69,0.0,0.16,あと3日,https://detail.chiebukuro.yahoo.co.jp/qa/question_detail/q13324943243,マイクラ統合版について 特定の範囲の中にプレイヤーがいる場合エフェクトをつけるコマンド教えてください 例えば0.0.0から2.0.2の範囲など,0,0
537,2026/2/2 20:38,アルバイト、フリーター,ce90fbb6e,6時間22分,0,23,23.0,0,0,0.06,0.0,0.0,0.06,あと3日,https://detail.chiebukuro.yahoo.co.jp/qa/question_detail/q12324943242,ヤマダ電機で働いている方に質問です。 ヤマダ電機でバイトをしようと考えているのですが、ダブルワークができないと聞きました。それは相談などをしても絶対に不可能なのでしょうか？また、単発バイトもダメなので...,0,0
538,2026/2/2 20:38,菓子、スイーツ,aki********,6時間22分,4,41,10.2,0,4,0.107,9.76,0.01,0.94,あと3日,https://detail.chiebukuro.yahoo.co.jp/qa/question_detail/q11324943241,めちゃくちゃ美味しい和菓子を 教えてください！ スーパー コンビニ お取り寄せ なんでもOK,0,0
539,2026/2/2 20:38,アニメ,※※※※※※※※※※※※,6時間22分,0,6,6.0,0,0,0.016,0.0,0.0,0.02,あと3日,https://detail.chiebukuro.yahoo.co.jp/qa/question_detail/q10324943240,フルネームで書くと消されるのでイニシャルで書きますが、K団連って悪ですか？,0,0
540,2026/2/2 20:38,ヘアスタイル,12580445580@712,6時間22分,3,14,4.7,0,1,0.037,21.43,0.0,0.51,あと3日,https://detail.chiebukuro.yahoo.co.jp/qa/question_detail/q14324943239,どうしましょ！ これから髪を伸ばそうと思っているのですが、イメチェンしたくなっちゃいました。今は顎下4cmくらいのボブです！毛先を主めにして韓国風にしてもらいました…が、レイヤーを入れたくなっちゃって...,0,0
541,2026/2/2 20:38,手芸,voy********,6時間22分,0,15,15.0,0,0,0.039,0.0,0.0,0.04,あと3日,https://detail.chiebukuro.yahoo.co.jp/qa/question_detail/q13324943238,オーガンジーを使う時、ワイシャツ用の糊で糊付けしてから使うと使いやすいですか？ 普段縫うときにヨレヨレになってしまうので、なんとかまっすぐにしたいです。,0,0
542,2026/2/2 20:38,大学,bd89b5817,6時間22分,0,3,3.0,0,0,0.008,0.0,0.0,0.01,あと3日,https://detail.chiebukuro.yahoo.co.jp/qa/question_detail/q12324943237,大学で体育会系に入っている人に質問です。 来春から大学生(文系)になるのですが、リュックはどんなものがいいですかね？ 体育会のサークルに入るため、着替えなども入れるとどのくらい必要になるのかわからず迷...,0,0
543,2026/2/2 20:38,メルカリ,1151370934,6時間23分,2,11,5.5,0,0,0.029,18.18,0.0,0.29,あと3日,https://detail.chiebukuro.yahoo.co.jp/qa/question_detail/q11324943236,メルカリでゲームのカセットは何日くらいで売れますか,0,0
544,2026/2/2 20:38,アニメ,1252812932,6時間23分,1,24,24.0,0,0,0.063,4.17,0.02,0.19,不明,https://detail.chiebukuro.yahoo.co.jp/qa/question_detail/q10324943235,妖怪ウォッチの初代と2ではケータかフミちゃんを選べますがフミちゃんの世界ってパラレルワールドですか？妖怪ウォッチ3ではパラレルワールドどとして出てきましたよね,0,0
545,2026/2/2 20:38,公務員試験,1250956549,6時間23分,3,18,6.0,1,0,0.047,16.67,0.0,0.7,あと3日,https://detail.chiebukuro.yahoo.co.jp/qa/question_detail/q13324943233,地元以外の市役所で働きたいです。 公務員面接の際、志望理由について。 私の正直な理由としては、地元にずっと留まりたくないこと、友達もいる、さらには遠距離している恋人がいる。その理由です。 一番大きいの...,0,0
546,2026/2/2 20:38,国際情勢,1150527635,6時間23分,1,8,8.0,0,0,0.021,12.5,0.0,0.15,あと3日,https://detail.chiebukuro.yahoo.co.jp/qa/question_detail/q12324943232,日本は敗戦後80年も経ちましたが、未だに自立させてくれないのですか？,0,0
547,2026/2/2 20:38,俳優、女優,c51e1826c,6時間23分,0,4,4.0,0,0,0.01,0.0,0.0,0.01,あと3日,https://detail.chiebukuro.yahoo.co.jp/qa/question_detail/q11324943231,このモデルさんの名前わかる方いますか。,0,0
548,2026/2/2 20:38,健康、病気、病院,1251878810,6時間23分,6,31,5.2,0,0,0.081,19.35,0.0,0.86,あと3日,https://detail.chiebukuro.yahoo.co.jp/qa/question_detail/q14324943229,成分献血って需要少ないですか？ 400ml献血ができれば良いのですが、体重が足りないためすることができません。なので出来るのが成分献血だけです。 近所の献血センターではよく400ml献血のお願いをして...,0,0
549,2026/2/2 20:38,スロット,sat*******,6時間23分,1,10,10.0,0,0,0.026,10.0,0.0,0.16,あと3日,https://detail.chiebukuro.yahoo.co.jp/qa/question_detail/q13324943228,6号機のアイドルマスターミリオンライブ(SANKYO)のパチスロ実機を所有しています。 先日、久しぶりに電源を入れてみたのですが、ゲーム開始の「ここからログインステージです！」からステージが変わりませ...,0,0
550,2026/2/2 20:38,プレイステーション4,1250884933,6時間23分,0,4,4.0,0,0,0.01,0.0,0.0,0.01,あと3日,https://detail.chiebukuro.yahoo.co.jp/qa/question_detail/q11324943226,ps5版 ark(asa)についての質問です アストレオス用のosd・エレメントノード召喚コマンドなどはありますか？調べてもエクスティンスション用のコマンドしか見つからず、それを入力しても最寄りのノー...,0,0
551,2026/2/2 20:38,テーマパーク,あるぱか,6時間23分,1,35,35.0,1,1,0.091,2.86,0.03,0.56,あと3日,https://detail.chiebukuro.yahoo.co.jp/qa/question_detail/q10324943225,最近のTDSについてお聞きしたいです 明後日弟がTDSに行くみたいなのですが、どうやらアナ雪を確実に乗りたいとの事…… ・夜19時以降、待ち時間はどのくらいか ・ココ最近DPAは何時頃まで残っているか...,0,0
552,2026/2/2 20:38,ピアス,a6c02c226,6時間23分,1,24,24.0,0,0,0.063,4.17,0.02,0.19,あと3日,https://detail.chiebukuro.yahoo.co.jp/qa/question_detail/q13324943223,ピアスについて質問です。学生です。卒業後母の了承を得たため、ピアスを始めて耳に開けたいと思っています。一気に右耳軟骨（アンテナ）に一つ、ロブに一つ、左耳にロブ二つ開けたいです。 そこで質問が複数ありま...,0,0
553,2026/2/2 20:38,周辺機器,kbb********,6時間23分,1,15,15.0,0,0,0.039,6.67,0.01,0.17,あと3日,https://detail.chiebukuro.yahoo.co.jp/qa/question_detail/q14324943224,Logicool G PRO X ゲーミングヘッドセット G-PHS-003dを買ってyスプリッタをPC裏に繋いだんですけど音は聞こえてVCが出来ないです どうやったら使えるようになりますか？設定がよ...,0,0
554,2026/2/2 20:38,香水,摺木,6時間23分,0,7,7.0,0,0,0.018,0.0,0.0,0.02,あと3日,https://detail.chiebukuro.yahoo.co.jp/qa/question_detail/q11324943221,スリーコインズで発売していたミニロールオンフレグランス／and usのピュアサボンの香りがとても好みなのですが、 おそらく終売になっているのとそもそも量がそんなに入ってないのでこの香りに似た香水がどこ...,0,0
555,2026/2/2 20:38,女性アイドル,kfr********,6時間23分,1,6,6.0,0,0,0.016,16.67,0.0,0.15,あと3日,https://detail.chiebukuro.yahoo.co.jp/qa/question_detail/q12324943222,筒井あやめちゃんと清宮レイちゃんどっちが好きですか？,0,0
556,2026/2/2 20:38,海外,1153310295,6時間23分,0,8,8.0,0,0,0.021,0.0,0.0,0.02,あと3日,https://detail.chiebukuro.yahoo.co.jp/qa/question_detail/q14324943219,こういう海外？のラッピングみたいのが可愛くて好きなんですけど名前とかってあるんですかね？ やってみたくて紙とか紐とかタグとか何使ってやってるかとかわかる人いたら教えてください>_<,0,0
557,2026/2/2 20:38,病気、症状,emi********,6時間24分,4,37,9.2,0,0,0.096,10.81,0.01,0.62,あと3日,https://detail.chiebukuro.yahoo.co.jp/qa/question_detail/q10324943220,あがり症はなおりませんか？ 4年前に転職をし、今の会社に入ってからなぜか極度のあがり症になりました。 事務です。ですがたまに報告や決意発表(プレゼン)があります。普通に会話はできるのですが、人前に出て...,0,0
558,2026/2/2 20:38,動画サービス,ドロイド,6時間24分,1,10,10.0,0,0,0.026,10.0,0.0,0.16,あと3日,https://detail.chiebukuro.yahoo.co.jp/qa/question_detail/q13324943218,至急！ とりぷるばかの3人組を東方キャラにした動画作りたいんですけど 重音テト→霊夢 亞北ネル→魔理沙 にしようと思ってるんですけどミクの変わりのキャラにどうゆうキャラを採用したほうがいいですか？でき...,0,0
559,2026/2/2 20:38,大学受験,Cxdfghkhdr5hb,6時間24分,0,20,20.0,0,0,0.052,0.0,0.0,0.05,あと3日,https://detail.chiebukuro.yahoo.co.jp/qa/question_detail/q12324943217,共テ得点率低かったけど宇都宮大学教育学部人文社会受かったという人いませんか？？ 何%で合格したか教えてください！！,0,0
560,2026/2/2 20:38,パソコン,cde527799,6時間24分,3,36,12.0,0,2,0.094,8.33,0.01,0.64,あと3日,https://detail.chiebukuro.yahoo.co.jp/qa/question_detail/q11324943216,MDL make というメーカーで買ったパソコンについての質問です 現在使ってるPCが壊れており、修理しないといけない状況なのですが、保証期間がもうすぎており保証がきかない状態です 正直このメーカーは...,0,0
561,2026/2/2 20:38,Google Chrome,1149684475,6時間24分,0,5,5.0,0,0,0.013,0.0,0.0,0.01,あと3日,https://detail.chiebukuro.yahoo.co.jp/qa/question_detail/q14324943214,chromeについて質問です。 文字を選択しようとする際に、下の画像のように文字ではなくサイト全体をドラッグ？してしまい文字を選択できません。今朝まではできていたのですがなにか設定があるのでしょうか？...,0,0
562,2026/2/2 20:38,ゲーム,1153201497,6時間24分,0,9,9.0,0,0,0.023,0.0,0.0,0.02,あと3日,https://detail.chiebukuro.yahoo.co.jp/qa/question_detail/q10324943215,ツイステ 6章の編成について質問です。 ずっとどう編成を組めばいいかわからず放置し続けていて、やっと6-67やるつもりです。 これらのSR、SSRのカードでどう編成、どれを育成すればそれぞれのタワーで...,0,0
563,2026/2/2 20:37,家族関係の悩み,ce16271de,6時間25分,1,22,22.0,0,3,0.057,4.55,0.01,0.42,あと3日,https://detail.chiebukuro.yahoo.co.jp/qa/question_detail/q11324943211,【至急】高校生です。社会人兄の誕プレで悩んでます。 名刺入れがいいって言われたんですが、どんなのがいいですか？ 流石に高校生なので大奮発して1万円くらいなんですが、営業職なのであまり安い物使ってるとや...,0,0
564,2026/2/2 20:37,哲学、倫理,bkf********,6時間25分,0,7,7.0,0,0,0.018,0.0,0.0,0.02,あと3日,https://detail.chiebukuro.yahoo.co.jp/qa/question_detail/q12324943212,曇りガラスの向こうは風の街ですか？ タモリさんが「曇りガラスの向こうは見えないよ」と替え歌にしたのは面白いですか？,0,0
565,2026/2/2 20:37,K-POP、アジア,1053195091,6時間25分,2,19,9.5,0,2,0.049,10.53,0.0,0.46,あと3日,https://detail.chiebukuro.yahoo.co.jp/qa/question_detail/q10324943210,去年、YouTubeで出張十五夜という動画にJYPのみなさんが出ていたのですが、これは毎年やっているのでしょうか？？,0,0
566,2026/2/2 20:37,マインクラフト,a84f38d60,6時間25分,1,11,11.0,0,0,0.029,9.09,0.0,0.16,あと3日,https://detail.chiebukuro.yahoo.co.jp/qa/question_detail/q14324943209,Switch2のマインクラフトで建国ゲームをコマンドで作りたいのですがコマンドを教えていただけないでしょうか ･建国 ･領土を作る ･戦争 ･占領 などのようなものです コマンドに詳しい方お願いします,0,0
567,2026/2/2 20:37,Android,tak********,6時間25分,3,38,12.7,0,0,0.099,7.89,0.01,0.49,あと3日,https://detail.chiebukuro.yahoo.co.jp/qa/question_detail/q13324943208,Xperia 5iiiからの買い替え Xperia5iiiからスマホを買い換えようと思います スマホを使い始めて約10年、ずっとXperiaを使ってきのでまたXperiaを買おうと思いましたが最新機種...,0,0
568,2026/2/2 20:37,アルバイト、フリーター,sp76,6時間25分,1,23,23.0,0,0,0.06,4.35,0.01,0.19,あと3日,https://detail.chiebukuro.yahoo.co.jp/qa/question_detail/q12324943207,今日バイトの面接に行きました。面接は以上ですありがとうございましたと最後に言われ、合否については何日までに連絡するなど言われなかったのですが、一週間ほど待てばいいですかね？,0,0
569,2026/2/2 20:37,鉄道、列車、駅,ID未公開,6時間25分,4,38,9.5,0,1,0.099,10.53,0.01,0.69,あと3日,https://detail.chiebukuro.yahoo.co.jp/qa/question_detail/q11324943206,関東の人が新快速に乗った時の爽快さは段違いでしょうか？,0,0
570,2026/2/2 20:37,将棋、囲碁,nhn********,6時間25分,1,15,15.0,0,0,0.039,6.67,0.01,0.17,あと3日,https://detail.chiebukuro.yahoo.co.jp/qa/question_detail/q10324943205,棋士の昼食とおやつはどうして豪華なのですか？お昼に炭水化物を摂取すると、お昼になって頭の回転が鈍ってしまうのでは？,0,0
571,2026/2/2 20:37,スマートフォンアクセサリー,1151080299,6時間25分,0,4,4.0,0,0,0.01,0.0,0.0,0.01,あと3日,https://detail.chiebukuro.yahoo.co.jp/qa/question_detail/q14324943204,楽天で購入したクラフトワークスのコンソールボックスのワイヤレス充電がなかなかならないのですが対策はありますか？ iPhone15プロでクリアケースを付けています ケースを外してみたけどほとんどなりませ...,0,0
572,2026/2/2 20:37,ネコ,非公開,6時間25分,2,26,13.0,0,2,0.067,7.69,0.01,0.48,あと3日,https://detail.chiebukuro.yahoo.co.jp/qa/question_detail/q13324943203,知り合いが飼ってる猫に、土曜日会いました。 元野良猫で、大人しくビビリな性格の女の子です。 ビビりなのに、私の隣にくっついて座ってくれて、何度も太ももに頭をスリスリしてくれました。 会うのは2回目で、...,0,0
573,2026/2/2 20:37,恋愛相談、人間関係の悩み,非公開,6時間25分,2,27,13.5,0,0,0.07,7.41,0.01,0.33,不明,https://detail.chiebukuro.yahoo.co.jp/qa/question_detail/q12324943202,昨日、LINE途中で返信こなくなって一日経ったのですが脈ナシですよね？普通に学校来てました。,0,0
574,2026/2/2 20:37,デンタルケア,1150201902,6時間26分,0,2,2.0,0,0,0.005,0.0,0.0,0.01,あと3日,https://detail.chiebukuro.yahoo.co.jp/qa/question_detail/q11324943201,歯医者で仰向けになってる時に喉元で水がたまると気持ち悪くなってしまうのですが、患者側が何かできる工夫や、それに慣れるための訓練の方法はありませんか？,0,0
575,2026/2/2 20:37,男性アイドル,bff876089,6時間26分,1,21,21.0,0,0,0.054,4.76,0.01,0.18,あと3日,https://detail.chiebukuro.yahoo.co.jp/qa/question_detail/q10324943200,ジャニーズのチケットについてです。 半分アズカリのアプリ、半分を当日支払いという取引をしてます。 アプリに支払ってあるのですが、配送して到着確認できたからロック解除をお願いします。と言われてます。（ア...,0,0
576,2026/2/2 20:37,マイナンバー,xbn********,6時間26分,1,13,13.0,0,0,0.034,7.69,0.0,0.16,あと3日,https://detail.chiebukuro.yahoo.co.jp/qa/question_detail/q13324943198,マイナンバーの健康保険証について質問です。扶養変更をして１ヶ月以上経ったのに1/21に病院に行った際にマイナンバーで受付しようとしたらエラーで使えなかったんですがどうしたらいいでしょうか？,0,0
578,2026/2/2 20:37,政治、社会問題,bb3e3a60b,6時間26分,6,62,10.3,1,0,0.161,9.68,0.02,1.19,あと3日,https://detail.chiebukuro.yahoo.co.jp/qa/question_detail/q12324943197,政府は外為特会でホクホクなんですか？ 髙市さんが言ってました。,0,0
579,2026/2/2 20:37,恋愛相談,dat********,6時間26分,1,24,24.0,0,0,0.062,4.17,0.01,0.19,あと3日,https://detail.chiebukuro.yahoo.co.jp/qa/question_detail/q11324943196,男性に質問です 人前でおならしちゃって恥ずかしかったことありますか？,0,0
580,2026/2/2 20:37,派遣、アルバイト、パート,1151944068,6時間26分,0,7,7.0,0,0,0.018,0.0,0.0,0.02,あと3日,https://detail.chiebukuro.yahoo.co.jp/qa/question_detail/q10324943195,バイトについて。 前に初めてバイトした際、ものすごくパワハラを受けてバイトに対して少しトラウマ気味になってしまいました。 次はウエルシアのバイトか、ヤマダ電機の短期バイトに応募しようと思います。 ①そ...,0,0
581,2026/2/2 20:37,料理、食材,jgc********,6時間26分,2,7,3.5,0,0,0.018,28.57,0.0,0.28,あと3日,https://detail.chiebukuro.yahoo.co.jp/qa/question_detail/q14324943194,「コーンフレーク」「シリアル」「グラノーラ」について 最近、そういった食べ物にハマっているが 食べ方がわからない 牛乳で浸すには、飽きた コーンフレーク、シリアル、グラノーラのアレンジレシピは何？,0,0
582,2026/2/2 20:37,恋愛相談、人間関係の悩み,hyok9f_,6時間26分,0,10,10.0,0,0,0.026,0.0,0.0,0.03,あと3日,https://detail.chiebukuro.yahoo.co.jp/qa/question_detail/q12324943192,高校女子です。完全一目惚れでここまる1週間一応ずっと会話きれずにDM続けられてる男の子がいるんですが、一旦引いた方がいいですかね、? なんとなく、惰性で返信されてる感じがして、今のやり取りの頻度も対し...,0,0
583,2026/2/2 20:37,パソコン,ymn********,6時間26分,1,10,10.0,0,0,0.026,10.0,0.0,0.15,あと3日,https://detail.chiebukuro.yahoo.co.jp/qa/question_detail/q13324943193,これキーボードカバーが何かの拍子で外れたぽくて付け直そうとしてもカチッとハマらないのですが、コツありますか？surfaceのcapsキーです。,0,0
584,2026/2/2 20:37,iPhone,cbfc3c323,6時間26分,1,14,14.0,1,0,0.036,7.14,0.01,0.42,あと3日,https://detail.chiebukuro.yahoo.co.jp/qa/question_detail/q10324943190,月1000円でも稼げるアプリありますか？,0,0
585,2026/2/2 20:37,不動産,非公開,6時間26分,1,1,1.0,0,0,0.003,100.0,0.0,0.13,あと3日,https://detail.chiebukuro.yahoo.co.jp/qa/question_detail/q11324943191,福岡県川崎町に住もうと考えてます。JR九州日田彦山線の「豊前川崎駅」と「池尻駅」の近くとかに戸建を考えてて、治安面とか教えて欲しいです。やっぱ反社とか多かとでしょうか？,0,0
586,2026/2/2 20:37,女性アイドル,kfr********,6時間26分,0,3,3.0,0,0,0.008,0.0,0.0,0.01,あと3日,https://detail.chiebukuro.yahoo.co.jp/qa/question_detail/q13324943188,矢田萌華ちゃんと大越ひなのちゃんどっちが好きですか？,0,0
587,2026/2/2 20:37,DIY,sma********,6時間26分,1,9,9.0,0,0,0.023,11.11,0.0,0.15,あと3日,https://detail.chiebukuro.yahoo.co.jp/qa/question_detail/q12324943187,九州のホームセンターについて職人向けのプロショップチェーンはやっぱりハンズマンでしょうか？ ハンズマン以外におすすめはありますか？ ホダカみたいな店があると嬉しいです。,0,0
588,2026/2/2 20:37,住宅,fun********,6時間26分,0,2,2.0,0,0,0.005,0.0,0.0,0.01,あと3日,https://detail.chiebukuro.yahoo.co.jp/qa/question_detail/q11324943186,INAX CW-E33の354-1070リモコンが壊れました。 メーカーに確認したら代替えリモコンは無いとの事でした。 現行のリモコンでCW-E33で動作するリモコンの型番を教えていただけませんでしょ...,0,0
589,2026/2/2 20:37,日本語,ふふ,6時間27分,1,26,26.0,1,0,0.067,3.85,0.02,0.45,あと3日,https://detail.chiebukuro.yahoo.co.jp/qa/question_detail/q10324943185,転喩表現について 質問期間が3日間なのを忘れていたため再度失礼します！ 授業内で転喩表現について調べる課題があります。歌詞・著書等から探して引用部分までお願いしたいです（泣） 一応先生が求めているもの...,0,0
590,2026/2/2 20:37,中学校,a29f7f2c4,6時間27分,2,18,9.0,0,0,0.047,11.11,0.0,0.3,あと3日,https://detail.chiebukuro.yahoo.co.jp/qa/question_detail/q14324943184,中1の国語のテストはどのような勉強をすれば60点以上取れるのでしょうか？ 問題集なども配られてないので、どのような勉強をすればよいのか分かりません。,0,0
591,2026/2/2 20:37,住宅,非公開,6時間27分,3,42,14.0,0,6,0.108,7.14,0.02,0.96,あと3日,https://detail.chiebukuro.yahoo.co.jp/qa/question_detail/q13324943183,給湯器（エコジョーズ）買い換えで 外の排気口も取り替える必要あるの？？ 給餌器（エコジョーズ）を買い替える事になり見積もりを集めているところです、20年近く給湯と暖房に使ってきたので本体はもちろん、不...,0,0
592,2026/2/2 20:37,日本語,かえんぞ,6時間27分,0,8,8.0,0,0,0.021,0.0,0.0,0.02,あと3日,https://detail.chiebukuro.yahoo.co.jp/qa/question_detail/q12324943182,「でも、スプーキーはあんな目に遭うべきではありませんでした」という英文直訳風の日本語を普通の人が日常使う自然な日本語に訳してください。 出典はここです。 https://www.buzzfeed.co...,0,0
593,2026/2/2 20:37,恋愛相談,非公開,6時間27分,1,27,27.0,0,1,0.07,3.7,0.02,0.28,あと3日,https://detail.chiebukuro.yahoo.co.jp/qa/question_detail/q11324943181,キャバ嬢によくカッコイイと言われるから私は美形なんでしょうか？私は58歳で独身の参政党支持者です。,0,0
594,2026/2/2 20:37,コスメ、美容,匿名希望,6時間27分,0,4,4.0,0,0,0.01,0.0,0.0,0.01,あと3日,https://detail.chiebukuro.yahoo.co.jp/qa/question_detail/q10324943180,誰かこの眉毛整えてくれませんか！ 画質悪くてすみません。 今伸ばしてます。整えようと思ってるけどどうしたらいいかよく分かりません。ナチュラルな仕上がりが理想です。 毛しっかり生えてて男っぽいけど女です,0,0
595,2026/2/2 20:37,美容整形,1251458924,6時間27分,1,20,20.0,0,2,0.052,5.0,0.01,0.33,あと3日,https://detail.chiebukuro.yahoo.co.jp/qa/question_detail/q14324943179,本当に自分の横顔がブサイクすぎて嫌なんですけど、 顎がここまで下に下がっているのは他にあまり見た事がなくてなぜかわかる方いますか？ また、このほっぺの線ところは、顔が平べったいからこうなってるのでしょ...,0,0
596,2026/2/2 20:37,ゲーム,1151594304,6時間27分,0,2,2.0,0,0,0.005,0.0,0.0,0.01,あと3日,https://detail.chiebukuro.yahoo.co.jp/qa/question_detail/q13324943178,Steamのゲームで、協力しても遊べるし1人でも遊べるようなゲームありますか？ GTA5みたいに、ミッションしたりセッションで遊べるようなゲームを探しています。 あと、ディアブロ4はおもしろいですか？,0,0
597,2026/2/2 20:37,恋愛相談、人間関係の悩み,非公開,6時間27分,6,79,13.2,0,10,0.204,7.59,0.03,1.75,不明,https://detail.chiebukuro.yahoo.co.jp/qa/question_detail/q12324943177,結婚したいほど、好きになった女性が、統合失調症だったら、結婚しますか？,0,0
598,2026/2/2 20:37,宿題,1052987659,6時間27分,2,12,6.0,0,0,0.031,16.67,0.0,0.29,あと3日,https://detail.chiebukuro.yahoo.co.jp/qa/question_detail/q11324943176,至急です！ 鹿島朝日の通信高校通ってて、今日までのレポート出せそうになくてこれを明日やるとしたらどうなりますか？,0,0
599,2026/2/2 20:37,ダイエット,ゆか,6時間27分,4,21,5.2,0,2,0.054,19.05,0.0,0.72,あと3日,https://detail.chiebukuro.yahoo.co.jp/qa/question_detail/q10324943175,糖質制限を推奨する人がいまだにいますが、ミネソタ餓死実験をみると健康とはかけ離れた食事なのではないかと思うのですがどう思われますか？ エネルギー不足だとイライラしやすいとかメンタル崩壊のリスクが高くな...,0,0
600,2026/2/2 20:37,ご近所の悩み,1150702040,6時間27分,1,19,19.0,0,0,0.049,5.26,0.01,0.18,あと3日,https://detail.chiebukuro.yahoo.co.jp/qa/question_detail/q14324943174,先日土曜日の夕方１８時前に見知らぬ男2組が訪ねて来ました。見た目４０代後半の男性と６０代のような男性でした。2人とも私服でした。 ドアを空けてすぐ男性が「わたしたちは、、、」と急に話はじめ滑舌が悪く上...,0,0
601,2026/2/2 20:37,釣り,sor********,6時間27分,1,37,37.0,0,0,0.095,2.7,0.04,0.22,不明,https://detail.chiebukuro.yahoo.co.jp/qa/question_detail/q12324943172,詳しい方教えてください。 渓流釣りや川サクラマス釣りで下記のウェーダーはどうでしょうか？その他オススメウェーダーがあれば教えてください。よろしくお願いします。 DRESS]クロロプレン ウェーダー +...,0,0
603,2026/2/2 20:37,映画,1253190602,6時間27分,1,17,17.0,0,0,0.044,5.88,0.01,0.17,あと3日,https://detail.chiebukuro.yahoo.co.jp/qa/question_detail/q11324943171,おすすめのホラー映画ありますか？ 幽霊、呪い系が一番怖いと感じます。 洋画でよくあるエクソシスト系や宗教系はあんまり怖いと感じませんでした。 ちなみに私的に怖い映画は着信アリです。 呪怨な着信アリのよ...,0,0
604,2026/2/2 20:37,生理,1253341871,6時間27分,0,3,3.0,0,0,0.008,0.0,0.0,0.01,あと3日,https://detail.chiebukuro.yahoo.co.jp/qa/question_detail/q10324943170,ピルを服用しています 休薬期間中に水っぽい赤い血が少量と 茶色い血がうっすらでて終わりました いつもの生理の最初と最後だけで メインをとばしたかんじでした 次のピルをのんで十日くらい経つのですが 生理...,0,0
605,2026/2/2 20:37,コミック,まさかず@ぽっちゃりこそ至高！,6時間27分,1,11,11.0,0,2,0.028,9.09,0.0,0.31,あと3日,https://detail.chiebukuro.yahoo.co.jp/qa/question_detail/q14324943169,漫画家は自分の好きなフェチズムエロを描いてる？ 手塚治虫先生に習ってみんなそう？,0,0
606,2026/2/2 20:37,海外,min********,6時間28分,2,21,10.5,0,0,0.054,9.52,0.01,0.31,あと3日,https://detail.chiebukuro.yahoo.co.jp/qa/question_detail/q12324943167,2月末に初めて海外旅行へ行きます。 行き先は韓国です。 私は自律神経失調症などで病院より処方された 薬をいくつか飲んでいるのですが 海外旅行の際は何か手続きや必要書類が あるのでしょうか？ ネットで調...,0,0
607,2026/2/2 20:37,観光地、行楽地,わわわわーー,6時間28分,1,19,19.0,0,0,0.049,5.26,0.01,0.18,あと3日,https://detail.chiebukuro.yahoo.co.jp/qa/question_detail/q11324943166,至急 福岡の天神で開催されている 台湾祭に行った方いらっしゃいますか？ メニューはわかるけど値段を知りたいです、,0,0
608,2026/2/2 20:36,大学受験,pino,6時間29分,1,118,118.0,0,1,0.303,0.85,0.36,0.51,不明,https://detail.chiebukuro.yahoo.co.jp/qa/question_detail/q10324943165,信州大学工学部志望です。 出願状況を見たのですが、去年が2倍超えてたのに対して倍率があまりにも低いです。 このまま1倍強ぐらいに収まりますか？それともここから追い上げそうですか？,0,0
609,2026/2/2 20:36,昆虫,東組(西成区山王1-11-8),6時間29分,1,2,2.0,0,3,0.005,50.0,0.0,0.36,あと3日,https://detail.chiebukuro.yahoo.co.jp/qa/question_detail/q14324943164,グレーハントマンクモが25倍の大きさに為ればチーター依り速い?,0,0
610,2026/2/2 20:36,マイナンバー,非公開,6時間29分,1,15,15.0,0,0,0.039,6.67,0.01,0.17,あと3日,https://detail.chiebukuro.yahoo.co.jp/qa/question_detail/q11324943161,マイナポータルについて質問です。 自分が家族に代理人登録された場合、家族は僕の情報を見ることができるそうですが、病院の受診履歴は見られるのでしょうか？ また、病院に行ってログインした場合そのことがで通...,0,0
611,2026/2/2 20:36,女性アイドル,kfr********,6時間29分,0,5,5.0,0,0,0.013,0.0,0.0,0.01,あと3日,https://detail.chiebukuro.yahoo.co.jp/qa/question_detail/q13324943163,賀喜遥香ちゃんと大越ひなのちゃんどっちが好きですか？,0,0
612,2026/2/2 20:36,iPhone,nis********,6時間29分,0,4,4.0,0,0,0.01,0.0,0.0,0.01,あと3日,https://detail.chiebukuro.yahoo.co.jp/qa/question_detail/q12324943162,WiFiのマークが ↓↑ 、 4G 、5G 付いてるのありますが それぞれどんな意味ですか？,0,0
614,2026/2/2 20:36,数学,vanilla,6時間29分,1,15,15.0,0,0,0.039,6.67,0.01,0.17,不明,https://detail.chiebukuro.yahoo.co.jp/qa/question_detail/q14324943159,至急です。 この問題の図を書いてください,0,0
615,2026/2/2 20:36,スマホアプリ,1152757080,6時間29分,1,4,4.0,0,1,0.01,25.0,0.0,0.22,あと3日,https://detail.chiebukuro.yahoo.co.jp/qa/question_detail/q13324943158,Discordにおいてbotを介してbotを動かすことは可能でしょうか？,0,0
616,2026/2/2 20:36,ボクシング,*******,6時間29分,5,56,11.2,0,5,0.144,8.93,0.02,1.17,あと3日,https://detail.chiebukuro.yahoo.co.jp/qa/question_detail/q12324943157,身長190cmとか体重90kgくらいある人なら井上尚弥に喧嘩で勝てるとよく言いますが、どうやってあの訳分からんスピードで動くチビの攻撃を掻い潜って捉えるつもりなんでしょう？ あと井上尚弥に勝てるという...,0,0
617,2026/2/2 20:36,プレイステーション4,ありちゃん,6時間29分,5,4,0.8,0,1,0.01,125.0,0.0,0.73,あと3日,https://detail.chiebukuro.yahoo.co.jp/qa/question_detail/q10324943155,サイレントヒルfはダウロード版でもps4では出来ませんか？,0,0
618,2026/2/2 20:36,自転車、サイクリング,Palmavenue2224,6時間29分,5,37,7.4,0,3,0.095,13.51,0.01,0.96,あと3日,https://detail.chiebukuro.yahoo.co.jp/qa/question_detail/q11324943156,会社の同僚が27インチのママチャリを持っています。いつも20インチママチャリに乗る社長が借りて乗ったら、ぎっくりになってしまいました。跨ぐ時に右足を振り上げたそうです。27インチは若い人向けですか？,0,0
619,2026/2/2 20:36,コミック,b340f416e,6時間29分,2,22,11.0,0,0,0.056,9.09,0.01,0.31,あと3日,https://detail.chiebukuro.yahoo.co.jp/qa/question_detail/q14324943154,現在連載されている「呪術廻戦＝（モジュロ）」のキャラクターで人気あるキャラっているんですか？個人的に凄く気になるんですけど。ご存知の方いますでしょうか？,0,0
620,2026/2/2 20:36,大学,さばのみそに,6時間29分,2,75,37.5,0,1,0.192,2.67,0.07,0.52,あと3日,https://detail.chiebukuro.yahoo.co.jp/qa/question_detail/q13324943153,北海道の北海学園大学に通うものです。 先日北大の友人と軽い喧嘩になったのですが 北大と北海道学園大学の就活の強さは変わりませんよね？ 道外なら多少差はあるかもしれませんが道内に限っては全く差はないと思...,0,0
621,2026/2/2 20:36,就職活動,遙,6時間29分,2,42,21.0,0,0,0.108,4.76,0.02,0.36,あと3日,https://detail.chiebukuro.yahoo.co.jp/qa/question_detail/q10324943150,面接で頂いたお言葉について質問です。 私は27歳無職です。 パワハラにより仕事に行けなくなり、適応障害の診断を受け10月末に前職を退職しました。 ・1/30にある会社の面接を受けました。 ・面接の数日...,0,0
622,2026/2/2 20:36,絵画,c6c1e5b,6時間30分,2,15,7.5,0,3,0.038,13.33,0.0,0.52,あと3日,https://detail.chiebukuro.yahoo.co.jp/qa/question_detail/q12324943152,混ぜ合わせた油絵の具を保管する方法を教えて下さい。 油絵を描くにあたり時短のため、事前に油絵の具を混ぜ合わせて色を作り、保管したいと考えています。 20mlの容器に入れて保管したいのですが、乾燥しない...,0,0
623,2026/2/2 20:36,ドコモ,わぁ,6時間30分,0,8,8.0,0,0,0.021,0.0,0.0,0.02,あと3日,https://detail.chiebukuro.yahoo.co.jp/qa/question_detail/q11324943151,友人のD払いにワンタイムパスワードを取得されたみたいなんですがこの場合はどのようなところに電話をしたらいいですか？至急よろしくお願いします。,0,0
624,2026/2/2 20:36,自動車,wte********,6時間30分,1,36,36.0,0,0,0.092,2.78,0.03,0.22,あと3日,https://detail.chiebukuro.yahoo.co.jp/qa/question_detail/q14324943149,ディープサイクルバッテリーについての質問です。 キャンピングカーのサブバッテリーで使用しています。 外部電源から充電しながらキャンピングカー内の家電（暖房、携帯の充電など）を使用するとバッテリーの劣化...,0,0
625,2026/2/2 20:36,ダイエット,ad14020b7,6時間30分,5,30,6.0,0,0,0.077,16.67,0.0,0.72,あと3日,https://detail.chiebukuro.yahoo.co.jp/qa/question_detail/q13324943148,15歳中学生です お腹に思いっきり力を入れたら奥にくっきりシックスパックがあるんですがこれって僕だけですか？ ちなみに筋トレは一回もしたことなくて、腹筋も一分で50回くらいです。それにちょい小太り気味...,0,0
626,2026/2/2 20:36,メンタルヘルス,マルちゃん,6時間30分,2,13,6.5,0,0,0.033,15.38,0.0,0.29,あと3日,https://detail.chiebukuro.yahoo.co.jp/qa/question_detail/q12324943147,統合失調症でデイケアに通っていますが、そろそろ次のステップでB型作業所に通おうかとした場合、自分で作業所に連絡をとるのか、就労移行支援事業所を利用するのでしょうか？,0,0
627,2026/2/2 20:36,政治、社会問題,非公開,6時間30分,2,11,5.5,0,0,0.028,18.18,0.0,0.28,あと3日,https://detail.chiebukuro.yahoo.co.jp/qa/question_detail/q11324943146,日本は貧困だという割に途上国から労働者を雇ってるのだからリッチな方ですよね？そんなに日本が貧しいならこちらからベトナムやフィリピンに出稼ぎに行ってるはずです。,0,0
628,2026/2/2 20:36,法律相談,kat********,6時間30分,2,24,12.0,0,2,0.061,8.33,0.01,0.47,不明,https://detail.chiebukuro.yahoo.co.jp/qa/question_detail/q10324943145,金型メーカーの者ですが、金型を収めたのですが、当初は水漏れに気が付かつかずに検収されました。その後客先にて生産が始まりましたが水漏れにより製品に不良が発生しました。 この場合、生産された製品の損害賠償...,0,0
629,2026/2/2 20:36,友人関係の悩み,非公開,6時間30分,1,10,10.0,0,0,0.026,10.0,0.0,0.15,あと3日,https://detail.chiebukuro.yahoo.co.jp/qa/question_detail/q14324943144,親友と電話している時に「だってお前の方が声子供っぽいもん」と言われました。 気にしていたので傷つきました( ; ; ) みなさんだったらどうしますか？ その時は嫌だった事を何も言えませんでした 一応親...,0,0
630,2026/2/2 20:36,性の悩み、相談,h0o513968r0n,6時間30分,6,90,15.0,0,0,0.23,6.67,0.03,1.0,あと3日,https://detail.chiebukuro.yahoo.co.jp/qa/question_detail/q12324943142,私は今年30になる女です。 私には悩みがあります。 この歳になってちゃんとした交際経験が無く、性行為も未経験なところです。 自分でも調べたところ遅くて23まで、それ以降だと重い・めんどくさいと出てきま...,0,0
631,2026/2/2 20:36,鉄道、列車、駅,cc1aefe28,6時間30分,1,14,14.0,0,0,0.036,7.14,0.01,0.16,あと3日,https://detail.chiebukuro.yahoo.co.jp/qa/question_detail/q13324943143,2月の東北の鉄道事情について 2月中旬秋田県横手市のかまくら雪祭りに行きたくてきゅんパスを購入したのですが、青森から秋田にかけての奥羽本線など頻繁に雪で止まっている印象があります どれくらいの確率で止...,0,0
632,2026/2/2 20:36,携帯型ゲーム全般,あ,6時間30分,0,10,10.0,0,0,0.026,0.0,0.0,0.03,あと3日,https://detail.chiebukuro.yahoo.co.jp/qa/question_detail/q11324943141,プロセカについてです。現在の混合イベバレンタインイベント、1000位の安全圏を教えて欲しいです！現在960位くらいなのですが、あと何Pとったら安全圏入れますかね,0,0
633,2026/2/2 20:36,メンズスーツ,James1950s,6時間30分,0,3,3.0,0,0,0.008,0.0,0.0,0.01,あと3日,https://detail.chiebukuro.yahoo.co.jp/qa/question_detail/q10324943140,スーツにスニーカーは合いませんか？,0,0
634,2026/2/2 20:36,メンタルヘルス,vbm********,6時間30分,2,29,14.5,0,0,0.074,6.9,0.01,0.33,あと3日,https://detail.chiebukuro.yahoo.co.jp/qa/question_detail/q14324943139,躁鬱です。 最近、鬱気味でバイトを早退と休んで病院受診しました。 さっき、冬用のコート安くなってないかな とニッセン見てたら、関係ないトップスやスカートも欲しくなってきました。 最後に服を買ったのは、...,0,0
635,2026/2/2 20:36,海外,どっかの草,6時間30分,1,14,14.0,0,0,0.036,7.14,0.01,0.16,あと3日,https://detail.chiebukuro.yahoo.co.jp/qa/question_detail/q13324943138,今のヨーロッパで女ひとりで夜の街を出歩ける国はありますか？,0,0
636,2026/2/2 20:36,鉄道ファン,SPACE LINER,6時間30分,4,53,13.2,0,0,0.136,7.55,0.02,0.65,あと3日,https://detail.chiebukuro.yahoo.co.jp/qa/question_detail/q12324943137,先日、4年振りに東海道・山陽新幹線を乗車したのですが、そこでふと思ったのですけど東海道区間は東京からあっという間な感じするのに新大阪から山陽区間に入った途端、とても長く感じました。 これはなぜでしょう...,0,0
638,2026/2/2 20:36,生き方、人生相談,ぺこりん,6時間31分,3,20,6.7,0,5,0.051,15.0,0.0,0.82,あと3日,https://detail.chiebukuro.yahoo.co.jp/qa/question_detail/q10324943135,正義は嫌いですか？ なら 悪が好きなんですか？,0,0
639,2026/2/2 20:36,自転車、サイクリング,1053151711,6時間31分,4,53,13.2,0,7,0.136,7.55,0.02,1.18,あと3日,https://detail.chiebukuro.yahoo.co.jp/qa/question_detail/q14324943134,マウンテンバイクについて質問です。 マウンテンバイクを購入しようと思っているのですが、どのような機能がついているものが良いですか（サスペンションなど）？,0,0
640,2026/2/2 20:36,学校の悩み,み,6時間31分,1,29,29.0,0,0,0.074,3.45,0.02,0.2,あと3日,https://detail.chiebukuro.yahoo.co.jp/qa/question_detail/q13324943133,現在高校3年生です。 わたしは10月末に大学に合格し、4月から通う予定です。しかし自分はとてつもなく怠惰な性格で、高校受験や学校のテストなど今まで最終的にはどうにかなっていたという成功体験によりなにか...,0,0
641,2026/2/2 20:36,LINE,********,6時間31分,1,23,23.0,0,0,0.059,4.35,0.01,0.19,あと3日,https://detail.chiebukuro.yahoo.co.jp/qa/question_detail/q12324943132,ラインのプロフィール更新された一覧に掲載されたくないのですが、その設定はありますか？ 1、名前を変更する 2、アイコンを削除する 3、アイコンを変更する 4、背景画像を削除する 5、背景画像を変更する...,0,0
642,2026/2/2 20:36,釣り,bro********,6時間31分,3,36,12.0,2,3,0.092,8.33,0.01,1.21,あと3日,https://detail.chiebukuro.yahoo.co.jp/qa/question_detail/q11324943131,エリアトラウトの面白さは何ですか？ 何回か行きましたが、釣れたときの感動はあまりなく、真っ直ぐルアー投げて巻いてが作業に感じてしまいました。 キャストも障害物ギリを狙って投げるわけでもなく、魚がどこに...,0,0
643,2026/2/2 20:36,洗濯、クリーニング,1251655733,6時間31分,1,8,8.0,0,0,0.02,12.5,0.0,0.15,あと3日,https://detail.chiebukuro.yahoo.co.jp/qa/question_detail/q10324943130,70s adidas ATPのシワがとれないんですけど、どうすればいいですか？ 脱水無し洗濯、その後ハンガー干ししてもとれなくて困ってます！,0,0
644,2026/2/2 20:36,将来の夢,匿名,6時間31分,4,47,11.8,1,2,0.12,8.51,0.01,1.04,あと3日,https://detail.chiebukuro.yahoo.co.jp/qa/question_detail/q14324943129,春から高一の女子です。 将来公安警察になりたいと思っています。 私が公安警察を志望した理由は、目に見えにくい脅威から社会の安全と人々の日常を守るという、公安警察の役割に強い使命感を感じたからです。 高...,0,0
645,2026/2/2 20:36,アニメ,美咲,6時間31分,0,11,11.0,0,0,0.028,0.0,0.0,0.03,あと3日,https://detail.chiebukuro.yahoo.co.jp/qa/question_detail/q13324943128,名探偵プリキュア!キュアエクレール声優長谷川育美はずれだと思います！声が合っていない！違うと思います！他の声優さんだと思います！そういう声の人はいっぱいいると思うので聞き間違えだと思います！ 皆さんは...,0,0
646,2026/2/2 20:36,恋愛相談、人間関係の悩み,ぬい,6時間31分,4,54,13.5,0,4,0.138,7.41,0.02,0.95,あと3日,https://detail.chiebukuro.yahoo.co.jp/qa/question_detail/q12324943127,28歳女です。 先日、同じ駐車場を借りている男性の車のタイヤに飼い犬がおしっこをかけてしまいました。 これはやばいと思い、次の日の朝出勤時に見かけたので謝罪しました。男性は「かみついたりしてなければ大...,0,0
647,2026/2/2 20:36,小説,aaafda9ee,6時間31分,0,11,11.0,0,0,0.028,0.0,0.0,0.03,あと3日,https://detail.chiebukuro.yahoo.co.jp/qa/question_detail/q11324943126,小説について質問です 『タタール人の砂漠』は、なぜ人気、評価されているのでしょうか？ また、魅力を教えください。 ※個人的な意見で構いませんので、お願いします。 また、長文でも構いません（うれしい）。...,0,0
648,2026/2/2 20:36,職場の悩み,1251561596,6時間31分,2,46,23.0,0,0,0.117,4.35,0.03,0.37,あと3日,https://detail.chiebukuro.yahoo.co.jp/qa/question_detail/q10324943125,至急です 研修の時間がほとんど確保されず、業務を教えてもらえるのは社長のみという環境で働いています。 しかし社長は常に忙しく、分からないことを質問しても「後で」と言われ、後回し。そのまま忘れられること...,0,0
649,2026/2/2 20:35,生理,1152265662,6時間32分,0,9,9.0,0,0,0.023,0.0,0.0,0.02,あと3日,https://detail.chiebukuro.yahoo.co.jp/qa/question_detail/q14324943124,45歳の女性です。 毎月生理はきています。元々、生理の出血量は多めですが、月によってはいつもより少ない月もあります。 その量が少ない月はいつもよりpmsが酷かったり生理前後体調不良の事が多いですが、こ...,0,0
650,2026/2/2 20:35,交通、運転マナー,1213253127,6時間32分,3,57,19.0,1,3,0.145,5.26,0.03,1.01,あと3日,https://detail.chiebukuro.yahoo.co.jp/qa/question_detail/q13324943123,信号のない横断歩道直前に停止車両がいる時に止まらなくてもいいんですか？ https://detail.chiebukuro.yahoo.co.jp/qa/question_detail/q143248...,0,0
651,2026/2/2 20:35,飲食店,********,6時間32分,1,15,15.0,0,0,0.038,6.67,0.01,0.17,あと3日,https://detail.chiebukuro.yahoo.co.jp/qa/question_detail/q12324943122,飲食店で写真とは異なる内容でも許されると聞いたことがあります 例えばエビフライ定食で写真では5本なのに実物はエビフライ1本でも法的には問題がないですよね？ 一方でエビフライ定食で写真では5本なのに実物...,0,0
653,2026/2/2 20:35,税金,typ********,6時間32分,3,24,8.0,0,0,0.061,12.5,0.0,0.44,あと3日,https://detail.chiebukuro.yahoo.co.jp/qa/question_detail/q13324943118,最近インスタで会社員でも確定申告をしましょう的なのを見るのですが年収500万でもした方がいいのでしょうか？ お詳しい方お願いします。,0,0
654,2026/2/2 20:35,政治、社会問題,ちゃねーふけ,6時間33分,4,38,9.5,1,0,0.097,10.53,0.01,0.86,あと3日,https://detail.chiebukuro.yahoo.co.jp/qa/question_detail/q14324943119,衆議院を解散したら議員は失職するのですよね？ 2026/2/2時点で高市早苗氏は衆議院議員ですか？ 議員じゃなくても総理になれるのですか？,0,0
655,2026/2/2 20:35,日用品、生活雑貨,a,6時間33分,2,18,9.0,0,0,0.046,11.11,0.0,0.3,あと3日,https://detail.chiebukuro.yahoo.co.jp/qa/question_detail/q10324943120,ママさんダンプ(スノーダンプ)って使い心地どうですか？便利ですか？ 福井県、雪の降る地域にずっと住んでますがスコップしか未だに使ったことがないです。小柄な女なので買うとしたら普通サイズより1個下のちょ...,0,0
657,2026/2/2 20:35,学校の悩み,lunanimkkk****,6時間33分,0,9,9.0,0,0,0.023,0.0,0.0,0.02,あと3日,https://detail.chiebukuro.yahoo.co.jp/qa/question_detail/q10324943115,気になる男の子のＭ君は校庭にいる私に気づいたでしょうか？ 高２の６月の文化祭でＭ君と少し話した後から、同じクラスのＭ君が気になり、お互いに意識しはじめました。７月に入り、席替えで再びＭ君は私の席の右斜...,0,0
658,2026/2/2 20:35,車検、メンテナンス,pon********,6時間33分,0,13,13.0,0,0,0.033,0.0,0.0,0.03,あと3日,https://detail.chiebukuro.yahoo.co.jp/qa/question_detail/q11324943116,pc03-1コマツ油圧ショベルの走行モーターの給油口・ドレンパネルの取り外し方を教えてください。 中古で購入した機械ですが、給油口・ドレンパネルが正規の位置からずれて付いています。給油口は水平、ドレン...,0,0
659,2026/2/2 20:35,不登校,非公開,6時間33分,1,18,18.0,0,0,0.046,5.56,0.01,0.17,あと3日,https://detail.chiebukuro.yahoo.co.jp/qa/question_detail/q14324943114,娘ですが高校入学以来、1年間不登校の末、留年して復学します。いわゆる普通の高校生活が諦められず、大学に行きたいそうです。娘が決めたことではありますが、親の私がまた行けないのでは、と不安な日々です。 見...,0,0
660,2026/2/2 20:35,子育ての悩み,ced0aab88,6時間33分,1,37,37.0,0,1,0.094,2.7,0.03,0.3,あと3日,https://detail.chiebukuro.yahoo.co.jp/qa/question_detail/q13324943113,赤ちゃんの外傷性難聴についての質問です。 生後3ヶ月の赤ちゃんがいます。 先日、温泉へ行った時に1時間ほどカラオケに連れて行ってしまいました。 普通の音量でカラオケをし、抱っこ紐に入れてタンバリンも何...,0,0
661,2026/2/2 20:35,ニュース、事件,カタコリマシター,6時間33分,1,16,16.0,0,0,0.041,6.25,0.01,0.17,あと3日,https://detail.chiebukuro.yahoo.co.jp/qa/question_detail/q10324943110,億単位の強盗が上野、羽田、香港でありましたが、共通点は加害者と被害者が争っていないことでは？上野は形だけスプレーされた後7人もいて取り返そうとしていないし、羽田では金を盗ろうとさえしていません。 その...,0,0
662,2026/2/2 20:35,アニメ,ｓ,6時間33分,1,10,10.0,0,0,0.025,10.0,0.0,0.15,あと3日,https://detail.chiebukuro.yahoo.co.jp/qa/question_detail/q12324943112,進撃の巨人を劇場版だけですべて知りたいのですが可能でしょうか。 できるだけ短い時間で見たいためです。 劇場版「進撃の巨人」～クロニクル～ 劇場版「進撃の巨人」完結編 THE LAST ATTACK こ...,0,0
663,2026/2/2 20:35,特撮,1150790798,6時間33分,1,22,22.0,0,0,0.056,4.55,0.01,0.18,あと3日,https://detail.chiebukuro.yahoo.co.jp/qa/question_detail/q13324943108,スーパー戦隊あまり視聴していないのですがゴジュウジャー今から見ても楽しめますか？ (視聴したことあるのはマジレンジャー、デカレンジャー、シンケンジャー、ルパパト、キラメイジャーのみです),0,0
664,2026/2/2 20:35,アニメ,musimusi,6時間33分,2,1,0.5,0,0,0.003,200.0,0.0,0.26,あと3日,https://detail.chiebukuro.yahoo.co.jp/qa/question_detail/q14324943109,遊戯王で、海馬は原作ではバトルシティ編の後、戦いの儀が終わった後に、エジプトに駆け付けるまで登場しませんが、アニメではそれ以降も登場して、戦いの儀を見届けたりと、 原作より登場回数が多いのはどうしてで...,0,0
665,2026/2/2 20:35,パソコン,蔦真夏,6時間33分,2,31,15.5,0,3,0.079,6.45,0.01,0.56,あと3日,https://detail.chiebukuro.yahoo.co.jp/qa/question_detail/q12324943107,amazonでノートパソコンを購入しようと思っているのですが… windows11で15，6インチのものを買う予定です。それ以外の詳細は（新品を買うか中古を買うかも）まだ決めていません。どちらかという...,0,0
666,2026/2/2 20:35,大学受験,1252361726,6時間33分,0,18,18.0,0,0,0.046,0.0,0.0,0.05,あと3日,https://detail.chiebukuro.yahoo.co.jp/qa/question_detail/q11324943106,私は総合型選抜（AO）で日本体育大学 体育学部 健康学科を受験し、将来は養護教諭資格を取りたいです。 総合型選抜対策の塾に通うべきか迷っています。 倍率は毎年変わるので油断できない一方、塾は70万円以...,0,0
667,2026/2/2 20:35,格闘技、武術全般,tobi,6時間33分,3,20,6.7,0,1,0.051,15.0,0.0,0.51,あと3日,https://detail.chiebukuro.yahoo.co.jp/qa/question_detail/q14324943104,19歳男 168cmの78kgなのですが、格闘技を始めたいと思うのですが、こんなデブに通わせてくれるおすすめのジムを教えてください。 三重県内北部でお願いします！,0,0
668,2026/2/2 20:35,恋愛相談、人間関係の悩み,森,6時間33分,2,35,17.5,0,1,0.089,5.71,0.02,0.42,あと3日,https://detail.chiebukuro.yahoo.co.jp/qa/question_detail/q10324943105,ChatGPTに何でも聞く彼氏の事で相談があります。 最近ジムに通い始めた彼氏はトレーニング内容、食事の事など大体はChatGPTに相談しているそうで頑張ってるなーとしか思ってなかったのですが.......,0,0
669,2026/2/2 20:35,恋愛相談、人間関係の悩み,そうくん,6時間33分,0,16,16.0,0,0,0.041,0.0,0.0,0.04,あと3日,https://detail.chiebukuro.yahoo.co.jp/qa/question_detail/q13324943103,高2男子です。現在遠距離で同い年の彼女と付き合っています。付き合って2ヶ月目で自分が九州相手が関東でまだ会いに行けてなく、春頃に会いに行く予定です。 また自分が将来関東の大学に進学する目標があり一人暮...,0,0
670,2026/2/2 20:35,鉄道、列車、駅,yui********,6時間33分,1,16,16.0,0,0,0.041,6.25,0.01,0.17,あと3日,https://detail.chiebukuro.yahoo.co.jp/qa/question_detail/q12324943102,来月、香川から秋田まで行きます。安く、かつそれほど負担なく行ける交通手段を教えてください。よろしくお願いします。,0,0
671,2026/2/2 20:35,大学受験,1252638161,6時間33分,0,13,13.0,0,0,0.033,0.0,0.0,0.03,あと3日,https://detail.chiebukuro.yahoo.co.jp/qa/question_detail/q11324943101,桜美林大学リベラルアーツは共テ5割（素点193点）で合格できますか？ 河合の判定Cでベネッセ駿台、東進の判定はEでした。去年の合格最低点素点を見たところ400点満点中144点でした。去年桜美林を共テ利...,0,0
672,2026/2/2 20:35,恋愛相談、人間関係の悩み,みの,6時間34分,0,8,8.0,0,0,0.02,0.0,0.0,0.02,あと3日,https://detail.chiebukuro.yahoo.co.jp/qa/question_detail/q10324943100,絶世の美女を見たことはありますか？ もちろん人それぞれ好みはあるかと思いますが、自身が「絶世の美女だ！」と感じた女性について教えてください。 画面越しや紙面越しではなく、実際に自分の目で見たときのエピ...,0,0
673,2026/2/2 20:35,政治、社会問題,bfbafd468,6時間34分,0,9,9.0,1,0,0.023,0.0,0.0,0.28,あと3日,https://detail.chiebukuro.yahoo.co.jp/qa/question_detail/q14324943099,各政党の物価高対策についての質問です。 海外からの観光客が日本の物価は安いと言ってることを考えると、 日本の現状は、物価高ではなく通貨安だと私は思っています。 それならば、各政党の物価高対策、消費税減...,0,0
674,2026/2/2 20:35,政治、社会問題,blo********,6時間34分,5,53,10.6,1,2,0.134,9.43,0.01,1.17,あと3日,https://detail.chiebukuro.yahoo.co.jp/qa/question_detail/q13324943098,高市早苗、ある、専門家が警笛を鳴らしてます。 このままいけば、日本は第2の北朝鮮のような国になると警笛を鳴らしてます。 ヤバいですか？,0,0
676,2026/2/2 20:35,美容整形,1053059632,6時間34分,2,24,12.0,0,2,0.061,8.33,0.01,0.47,あと3日,https://detail.chiebukuro.yahoo.co.jp/qa/question_detail/q11324943096,鼻整形、1Day鼻先縮小について。 こんにちは。私は来春大学生になる18才です。昔から丸くて低めの鼻がコンプレックスで、受験が終わって学校がない今のタイミングで整形しようと考えています。 先日、品川ス...,0,0
679,2026/2/2 20:35,目の病気,1152817965,6時間34分,0,18,18.0,0,0,0.046,0.0,0.0,0.05,あと3日,https://detail.chiebukuro.yahoo.co.jp/qa/question_detail/q14324943094,見ての通り目の左右差が酷いです。どうしたら改善できますか？また目立たないようにするにはどうしたらいいですか？？,0,0
680,2026/2/2 20:35,特撮,まさかず@ぽっちゃりこそ至高！,6時間34分,0,2,2.0,0,0,0.005,0.0,0.0,0.01,あと3日,https://detail.chiebukuro.yahoo.co.jp/qa/question_detail/q12324943092,ピンチのときに惚れた腫れたが発生するのは生存本能でなんのシーンの思い出がある？,0,0
681,2026/2/2 20:35,芸能人,1150544715,6時間34分,0,3,3.0,0,0,0.008,0.0,0.0,0.01,あと3日,https://detail.chiebukuro.yahoo.co.jp/qa/question_detail/q11324943091,このオーレンズ、チェリームーンのモデルさんは誰ですか！ニュジの人ではないですよね？,0,0
682,2026/2/2 20:35,メルカリ,あ,6時間34分,2,50,25.0,0,1,0.127,4.0,0.03,0.45,あと3日,https://detail.chiebukuro.yahoo.co.jp/qa/question_detail/q14324943089,メルカリのアカウントについて質問です。 現在利用しているアカウントの登録電話番号が家族のものになっています。 また、自分の電話番号では別のアカウントを登録してしまっていることに気づきました。 自分の電...,0,0
683,2026/2/2 20:35,オークション、フリマサービス,はる,6時間34分,2,4,2.0,0,0,0.01,50.0,0.0,0.26,あと3日,https://detail.chiebukuro.yahoo.co.jp/qa/question_detail/q13324943088,楽天ラクマで楽天キャッシュがあるんですが、楽天市場で買い物は出来ますか？ 楽天キャッシュはラクマサイトでしか買い物は出来ませんか？ 楽天キャッシュは現金で引き出せないんでしょうか？ 詳しい方教えてくだ...,0,0
684,2026/2/2 20:35,政治、社会問題,nhn********,6時間34分,4,32,8.0,0,0,0.081,12.5,0.01,0.59,あと3日,https://detail.chiebukuro.yahoo.co.jp/qa/question_detail/q12324943087,同じ自民党政権なのに、高市政権と石破政権では支持率に雲泥の差があります。両者の違いはどんなところでしょうか？,0,0
685,2026/2/2 20:35,プロ野球,レイパラ,6時間34分,3,26,8.7,0,0,0.066,11.54,0.01,0.44,あと3日,https://detail.chiebukuro.yahoo.co.jp/qa/question_detail/q11324943086,なぜ沢村賞の選考委員は沢村賞の価値を下げるんですか？ どうしても新基準を適用するなら全項目満たさなければ無条件で該当者なしとするくらいにしないと沢村賞の価値を保てないのでは？,0,0
686,2026/2/2 20:35,資格,ba****,6時間34分,0,3,3.0,0,0,0.008,0.0,0.0,0.01,あと3日,https://detail.chiebukuro.yahoo.co.jp/qa/question_detail/q14324943084,測量士試験について質問です。択一添削① 問１８ *1の式から＊２の式を導く、計算の途中過程をお願いします。,0,0
687,2026/2/2 20:35,大学受験,1153042638,6時間34分,1,38,38.0,0,0,0.096,2.63,0.04,0.22,あと3日,https://detail.chiebukuro.yahoo.co.jp/qa/question_detail/q10324943085,私立大学って、同じ方式で複数日程ある場合、日程ごとに合格者が出るのか、全部ひっくるめて出るのと、どちらなのですか？ 自分は関学の全学部日程を2日とも受けたのですが、合格の出方がよく分かっていなかったの...,0,0
688,2026/2/2 20:35,大学受験,bb847f05d,6時間35分,1,21,21.0,0,0,0.053,4.76,0.01,0.18,あと3日,https://detail.chiebukuro.yahoo.co.jp/qa/question_detail/q13324943083,横浜国立大と横浜市立大についてなのですが、来年３倍を超えているのに現時点で両方１倍程度しかありません。 もう締め切りも近いですが、これから増えますか？それとも激減した年なのですか？？,0,0
689,2026/2/2 20:35,プログラミング,unknown,6時間35分,1,6,6.0,0,0,0.015,16.67,0.0,0.14,あと3日,https://detail.chiebukuro.yahoo.co.jp/qa/question_detail/q12324943082,ahamoのいつでも替え時プログラムって月額いくらですか？？,0,0
690,2026/2/2 20:35,年中行事,b6c3b0052,6時間35分,3,30,10.0,0,0,0.076,10.0,0.01,0.45,あと3日,https://detail.chiebukuro.yahoo.co.jp/qa/question_detail/q11324943081,恵方巻って今年はどの方向に向かって食べればいいんですか？,0,0
691,2026/2/2 20:34,恋愛相談、人間関係の悩み,1153283928,6時間36分,6,88,14.7,0,4,0.222,6.82,0.03,1.28,あと3日,https://detail.chiebukuro.yahoo.co.jp/qa/question_detail/q14324943079,今付き合っている彼氏について質問です。既婚者なのか疑ってしまうのですが、皆様どう思われますか。 24歳女です。 夏頃に友人に誘われて初めての相席屋というものにいきました。相席屋に軽いイメージがあり、正...,0,0
692,2026/2/2 20:34,病気、症状,b1bd1b89d,6時間36分,3,34,11.3,0,0,0.086,8.82,0.01,0.46,あと3日,https://detail.chiebukuro.yahoo.co.jp/qa/question_detail/q13324943078,至急 胃が気持ち悪くてタプタプした感じがあり、若干痛いというか…それとさっき水みたいな下痢をしてしまいました。特にお腹の痛みはなく、尿を排泄する時みたいに下痢がシャーシャー出ました… 胃腸炎とかノロウ...,0,0
693,2026/2/2 20:34,就職活動,非公開,6時間36分,4,8,2.0,0,0,0.02,50.0,0.0,0.52,あと3日,https://detail.chiebukuro.yahoo.co.jp/qa/question_detail/q12324943077,短大から地元企業に就職できますか？,0,0
694,2026/2/2 20:34,恋愛相談、人間関係の悩み,c574def37,6時間36分,6,60,10.0,0,3,0.151,10.0,0.02,1.13,あと3日,https://detail.chiebukuro.yahoo.co.jp/qa/question_detail/q11324943076,マッチングで相手の発言にキレてしまいましたが私が悪いですか？マッチしたからお互いを知るために質問したらこんな回答されました私が変？,0,0
695,2026/2/2 20:34,家族関係の悩み,a75dd9191,6時間36分,4,89,22.2,0,0,0.224,4.49,0.05,0.73,あと3日,https://detail.chiebukuro.yahoo.co.jp/qa/question_detail/q10324943075,嫁がお金に厳しすぎて困ってます。 お金は給料全部あちらに預けてるのですが 小遣い三万でも多いと怒られます。 これ以上何をしたらいいんでしょう？,0,0
696,2026/2/2 20:34,タブレット端末,tor********,6時間36分,0,5,5.0,0,0,0.013,0.0,0.0,0.01,あと3日,https://detail.chiebukuro.yahoo.co.jp/qa/question_detail/q14324943074,中古タブレット探しています。 docomoの dタブレット d51cの中古品を探しています。画面表示されれば、画面が割れていても、ざっくり傷があっても構いません。色も問いません。,0,0
697,2026/2/2 20:34,政治、社会問題,IQ非公開,6時間36分,1,19,19.0,0,0,0.048,5.26,0.01,0.17,あと3日,https://detail.chiebukuro.yahoo.co.jp/qa/question_detail/q12324943072,高市総理、支援者との握手で手を強く引っ張られ痛めたという話が出てますが、正直肝を冷やしました。 支援者との握手は日本の選挙の風物詩ではありますが、こうした状況下で、不特定多数との握手は危険極まりないの...,0,0
698,2026/2/2 20:34,日本史,afaf1c99f,6時間36分,2,6,3.0,0,0,0.015,33.33,0.0,0.27,あと3日,https://detail.chiebukuro.yahoo.co.jp/qa/question_detail/q10324943070,新選組は京都市内で そんなに乱暴狼藉したのでしょうか,0,0
699,2026/2/2 20:34,恋愛相談,ohayoo,6時間36分,0,28,28.0,0,0,0.071,0.0,0.0,0.07,あと3日,https://detail.chiebukuro.yahoo.co.jp/qa/question_detail/q11324943071,彼女からのスキンシップとか愛情表現が全然なくて別れる場合もありますか？ その場合は言わずに別れますか？,0,0
700,2026/2/2 20:34,株式,bsp********,6時間36分,5,43,8.6,0,0,0.108,11.63,0.01,0.74,あと3日,https://detail.chiebukuro.yahoo.co.jp/qa/question_detail/q14324943069,株式投資について、YouTubeやサイトの注目株などでおすすめされている銘柄を買っていけばそこそこ勝てると思いませんか？ 素人が変に勉強するより、当たってると思うのですが。試してみた方いますか？,0,0
701,2026/2/2 20:34,園芸、ガーデニング,lD非公開,6時間37分,0,4,4.0,0,0,0.01,0.0,0.0,0.01,あと3日,https://detail.chiebukuro.yahoo.co.jp/qa/question_detail/q13324943068,アエオニウムに点々ができてます さむくなってからと思うので凍傷でしょうか？,0,0
702,2026/2/2 20:34,Yahoo!知恵袋,a6338733e,6時間37分,1,8,8.0,0,0,0.02,12.5,0.0,0.15,あと3日,https://detail.chiebukuro.yahoo.co.jp/qa/question_detail/q12324943067,ブロマイドが曲がってるんですけどそのまま売れますか？,0,0
704,2026/2/2 20:34,鉄道、列車、駅,c2c2c8981,6時間37分,8,64,8.0,0,18,0.161,12.5,0.01,2.52,あと3日,https://detail.chiebukuro.yahoo.co.jp/qa/question_detail/q10324943065,中学2年生です。 埼玉から岐阜に行きたいんですが行き方が分かりません。新幹線とか電車とか難しくてわからないです。夜行バスも調べたけど分からなくて焦ってます。どうしたら埼玉から岐阜に行けますか？ 私は理...,0,0
705,2026/2/2 20:34,Word,1150862297,6時間37分,1,18,18.0,0,0,0.045,5.56,0.01,0.17,あと3日,https://detail.chiebukuro.yahoo.co.jp/qa/question_detail/q13324943063,至急wordが使い物になりません。 wordで数式を挿入した後、上付き/下付き文字、を選択すると固まります。大学の期末レポート等で使用するので早く何とかしたいです。オンライン修復なども試しましたが改善...,0,0
706,2026/2/2 20:34,恋愛相談、人間関係の悩み,非公開,6時間37分,3,45,15.0,0,3,0.113,6.67,0.02,0.72,あと3日,https://detail.chiebukuro.yahoo.co.jp/qa/question_detail/q12324943062,至急 男子高校生の方に質問です！女子になったら何をしてみたいですか？,0,0
707,2026/2/2 20:34,数学,cbaef177a,6時間37分,4,35,8.8,0,0,0.088,11.43,0.01,0.59,あと3日,https://detail.chiebukuro.yahoo.co.jp/qa/question_detail/q11324943061,この問題を解いてほしいです。 一般項まではなんとか求められたと思ってるんですけどその次の証明がどうしても合いません,0,0
708,2026/2/2 20:34,スマホアプリ,af5cff16a,6時間37分,0,15,15.0,0,0,0.038,0.0,0.0,0.04,あと3日,https://detail.chiebukuro.yahoo.co.jp/qa/question_detail/q10324943060,TiktokのLIVE中急に年齢制限で止められました。そして異議申し立てをしようと自撮りと身分証を見せることになったのですが自撮りさせて貰えません。どうなっているのですか？,0,0
709,2026/2/2 20:34,恋愛相談、人間関係の悩み,チェリアン,6時間37分,1,21,21.0,0,0,0.053,4.76,0.01,0.18,あと3日,https://detail.chiebukuro.yahoo.co.jp/qa/question_detail/q14324943059,立たないことはそんなにバカにされることでしょうか？ 不全だと職場の人にバレてバカにされるようになりました。 書き込めないようなことをされてます。,0,0
711,2026/2/2 20:34,政治、社会問題,Liyuuちゃんかわいい,6時間37分,4,42,10.5,0,6,0.106,9.52,0.01,1.06,あと3日,https://detail.chiebukuro.yahoo.co.jp/qa/question_detail/q11324943056,どうしてお年寄りは自民党に投票する人が多いんですか？,0,0
712,2026/2/2 20:34,恋愛相談、人間関係の悩み,生きる希望,6時間37分,5,73,14.6,0,6,0.184,6.85,0.03,1.26,あと3日,https://detail.chiebukuro.yahoo.co.jp/qa/question_detail/q12324943057,いま自分は中一です。 自分は彼女(現在は別れてる)と前戯をしてまいました。あと体の写真などを送りあっていました。自分たちが悪いことはわかってます。ですかそのことをしてましまったことが2人の友達にバレて...,0,0
713,2026/2/2 20:34,デンタルケア,c72a2f25d,6時間37分,0,6,6.0,0,0,0.015,0.0,0.0,0.02,あと3日,https://detail.chiebukuro.yahoo.co.jp/qa/question_detail/q14324943054,前歯の黒ずみについて質問です。 何年前か忘れたくらい昔なんですが、前歯が虫歯になり神経を抜きました。 虫歯を削った際に出来た穴を埋めた様なんですが(記憶が曖昧)神経を抜いて黒くなってる＋詰め物をしたと...,0,0
714,2026/2/2 20:34,退職,aebb90432,6時間37分,3,41,13.7,0,0,0.103,7.32,0.01,0.48,あと3日,https://detail.chiebukuro.yahoo.co.jp/qa/question_detail/q13324943053,5月末に退職を考えていますが、5月に有給が16日付与されます。 現在の有給が9日残っている場合、4/20頃を最終出社日として退職できますでしょうか？ 退職については、4月初めに5月末で退職したいと話す...,0,0
715,2026/2/2 20:34,料理、食材,非公開,6時間37分,6,20,3.3,0,0,0.05,30.0,0.0,0.8,あと3日,https://detail.chiebukuro.yahoo.co.jp/qa/question_detail/q12324943052,餃子、どんな風に食べますか？,0,0
716,2026/2/2 20:34,家族関係の悩み,c5d9709fb,6時間38分,1,53,53.0,0,1,0.133,1.89,0.07,0.33,不明,https://detail.chiebukuro.yahoo.co.jp/qa/question_detail/q10324943050,私は現在中学2年生なのですが、小学一年生から小学三年生の間祖母に暴力を受けていました。 暴力と言っても理不尽な理由で殴るとかではなく私がなにか悪いことをした時に泣くまで殴りつけて謝らせるというものです...,0,0
717,2026/2/2 20:33,ゲーム,ひなゆゆ,6時間39分,0,7,7.0,1,0,0.018,0.0,0.0,0.27,あと3日,https://detail.chiebukuro.yahoo.co.jp/qa/question_detail/q14324943049,第五人格で空軍のメイド衣装が欲しいのですが、初めて課金してからキャラのランプが光らなくなりスコープとか携帯品とかのランプしか出てこなくなりました。キャラのランプを光らせる方法とかありますか？,0,0
718,2026/2/2 20:33,数学,あ,6時間39分,2,25,12.5,0,4,0.063,8.0,0.01,0.61,あと3日,https://detail.chiebukuro.yahoo.co.jp/qa/question_detail/q13324943048,至急！これの解き方を教えてください,0,0
719,2026/2/2 20:33,女性アイドル,ＩＤ非公開,6時間39分,0,9,9.0,0,0,0.023,0.0,0.0,0.02,あと3日,https://detail.chiebukuro.yahoo.co.jp/qa/question_detail/q12324943047,日向坂って歌下手ですか 欅坂求めてユニエアやってますが、欅の最初の頃は勿論ですが、それよりも日向坂は他と比べて歌下手な気がします。 ユニエアだけでなく、テレビで見てても思います。,0,0
720,2026/2/2 20:33,政治、社会問題,非公開,6時間39分,1,7,7.0,0,0,0.018,14.29,0.0,0.14,あと3日,https://detail.chiebukuro.yahoo.co.jp/qa/question_detail/q11324943046,スパイ防止法（現代の治安維持法（悪法））の危険性についてどう思いますか？ スパイ防止法は、一見すると「国家の機密を守るための法律」のように聞こえますが、実際にはとても危険な面を持っています。 まず、一...,0,0
721,2026/2/2 20:33,英語,むし,6時間39分,0,9,9.0,0,0,0.023,0.0,0.0,0.02,あと3日,https://detail.chiebukuro.yahoo.co.jp/qa/question_detail/q14324943044,今TOEICの勉強をしてて、ある程度点数はとれるようになったのですが、話せるようになりたいと思い、英検の勉強をしてみようと思いました。英検にはスピーキングもライティングもあるのでいいかなと思いました。...,0,0
722,2026/2/2 20:33,競馬,山崎まさよし,6時間39分,2,10,5.0,0,0,0.025,20.0,0.0,0.27,あと3日,https://detail.chiebukuro.yahoo.co.jp/qa/question_detail/q13324943043,アルデバランSでたぶん ジンセイ出走できない・・・ 16頭出走で登録23頭の22番目・・・ ( ﾉД`)ｼｸｼｸ… それもまた人生？,0,0
723,2026/2/2 20:33,高校野球,R0827,6時間39分,2,9,4.5,0,0,0.023,22.22,0.0,0.27,あと3日,https://detail.chiebukuro.yahoo.co.jp/qa/question_detail/q10324943040,単位の記載がないのでわかりません 98回選抜 東洋大姫路 神戸国際大付 兵庫県勢は2023年以来、3年ぶりですか？,0,0
724,2026/2/2 20:33,病気、症状,rbj********,6時間39分,1,11,11.0,0,0,0.028,9.09,0.0,0.15,あと3日,https://detail.chiebukuro.yahoo.co.jp/qa/question_detail/q12324943042,過食嘔吐に悩んでる20代女です。 同じ過食嘔吐の人、または過去に過食嘔吐だった人に聞きたいです。 ①過食嘔吐の期間はどのくらいですか ②1日に何回嘔吐しますか ③直した人はどのようにして直しましたか ...,0,0
725,2026/2/2 20:33,鉄道、列車、駅,musimusi,6時間39分,2,32,16.0,0,0,0.08,6.25,0.01,0.33,あと3日,https://detail.chiebukuro.yahoo.co.jp/qa/question_detail/q11324943041,もし、電車で出掛けて、お金を落としたり、無くしたり、取られたりして、帰りの電車代が無くなったら、警察署や交番に言えば、お金を貸してくれますか？,0,0
726,2026/2/2 20:33,自動車,1152726801,6時間39分,4,23,5.8,0,2,0.058,17.39,0.0,0.71,あと3日,https://detail.chiebukuro.yahoo.co.jp/qa/question_detail/q14324943039,車のバックカメラが写らなくなりました。 2日前ほどにナビが古かったため、新しいものに変えました。（店名を出していいのかわからないので伏せておきます） 思い当たる節として、配線が上手く繋がってない か ...,0,0
727,2026/2/2 20:33,家族関係の悩み,1152438228,6時間39分,4,50,12.5,0,1,0.125,8.0,0.02,0.7,あと3日,https://detail.chiebukuro.yahoo.co.jp/qa/question_detail/q13324943038,母と口喧嘩してしまったのですが、母に「お母さんと呼ぶな。あんたのお母さんじゃない。」と言われたのですが、母に見限られたということでしょうか？,0,0
728,2026/2/2 20:33,福祉、介護,bkf********,6時間39分,3,26,8.7,0,0,0.065,11.54,0.01,0.44,あと3日,https://detail.chiebukuro.yahoo.co.jp/qa/question_detail/q10324943035,障害者の尊厳を守るために障害者に安楽死を認めようは正論ですか？,0,0
729,2026/2/2 20:33,フィルムカメラ,ヨシ,6時間39分,0,13,13.0,0,0,0.033,0.0,0.0,0.03,あと3日,https://detail.chiebukuro.yahoo.co.jp/qa/question_detail/q12324943037,【フォーカシングスクリーンを削って交換する】 ヤフオクで激安nikomat ftnを入手しました。 露出計は確認していませんが今のところ好調なので、各所モルト交換や注油等メンテナンスをして使おうと思っ...,0,0
730,2026/2/2 20:33,税金,やはりちゃん　その18,6時間39分,4,19,4.8,0,0,0.048,21.05,0.0,0.55,あと3日,https://detail.chiebukuro.yahoo.co.jp/qa/question_detail/q11324943036,女性だけが対象の寡婦控除は、男女平等なのでしょうか？ ※仮の話、可能性等含めまして、,0,0
731,2026/2/2 20:33,ライブ、コンサート,j14********,6時間39分,2,14,7.0,0,0,0.035,14.29,0.0,0.28,あと3日,https://detail.chiebukuro.yahoo.co.jp/qa/question_detail/q14324943034,ライブ全般に行かなくなった方、理由は？,0,0
732,2026/2/2 20:33,恋愛相談、人間関係の悩み,c56aa9984,6時間39分,1,7,7.0,0,0,0.018,14.29,0.0,0.14,あと3日,https://detail.chiebukuro.yahoo.co.jp/qa/question_detail/q12324943032,至急 席替えをしたのですが隣が同じ女子とは思えないほど可愛くて陽キャなんです。 私は陰キャなのでヘラヘラした感じの対応しかできなくて壁を作ってしまってる感じがします。 どうしたら陽キャとか意識せず話せ...,0,0
733,2026/2/2 20:33,家族関係の悩み,1053284416,6時間40分,2,38,19.0,1,0,0.095,5.26,0.02,0.59,あと3日,https://detail.chiebukuro.yahoo.co.jp/qa/question_detail/q10324943030,助けてください。 2年、年長、上の子は自閉症の パート手取り1桁のシングルマザーです。 正直、もう住む家がありません。 仕方なく暴力で逃げてきて3年になり、実家に逃げ込みましたが 両親も変わらず毒親で...,0,0
735,2026/2/2 20:33,特撮,まさかず@ぽっちゃりこそ至高！,6時間40分,2,16,8.0,0,0,0.04,12.5,0.0,0.29,あと3日,https://detail.chiebukuro.yahoo.co.jp/qa/question_detail/q12324943027,泣くのがいやならさあ歩け！で思いついたのは？,0,0
736,2026/2/2 20:33,ゲーム,a439f95e3,6時間40分,1,15,15.0,0,3,0.037,6.67,0.01,0.39,あと3日,https://detail.chiebukuro.yahoo.co.jp/qa/question_detail/q10324943025,ff7リメイクのSwitch2版がカクついてたりリロードが長いという話聞いたのですが、エルデンリングはSwitch2で出せるのでしょうか？去年発売だったのに延期してますし,0,0
737,2026/2/2 20:33,病気、症状,1152068898,6時間40分,0,5,5.0,0,0,0.012,0.0,0.0,0.01,あと3日,https://detail.chiebukuro.yahoo.co.jp/qa/question_detail/q11324943026,嘔吐恐怖症の治し方教えて欲しいです。 私は極度の嘔吐恐怖症で、人が咳き込んでるだけでも怖くなって耳を塞いでしまいます。自分が吐くことはもちろん人が吐いているのも全くダメです。震えと涙が止まらなくなり、...,0,0
738,2026/2/2 20:33,料理、食材,om5********,6時間40分,5,20,4.0,0,0,0.05,25.0,0.0,0.67,あと3日,https://detail.chiebukuro.yahoo.co.jp/qa/question_detail/q14324943024,うどんとご飯を一緒に食べますか？？,0,0
739,2026/2/2 20:33,料理、食材,har********,6時間40分,7,24,3.4,0,0,0.06,29.17,0.0,0.93,あと3日,https://detail.chiebukuro.yahoo.co.jp/qa/question_detail/q13324943023,ヤキソバ作る際、麺以外では何入れてますか？ 私は野菜1種と肉類系1種です。 大抵はキャベツと豚肉（コマ）。 キャベツがモヤシにとか、肉がウインナー、ハム、ベーコン、時にはちくわ、と言った感じです。イカ...,0,0
740,2026/2/2 20:33,資格,ppppp,6時間40分,1,55,55.0,0,0,0.137,1.82,0.08,0.26,あと3日,https://detail.chiebukuro.yahoo.co.jp/qa/question_detail/q12324943022,今年の4月から大学生です。 大学は4年生の社会福祉学部に進学する予定で、社会福祉の資格を取ろうと思っているのですが、 将来は社会福祉士になるかはまだ決めていなく、とりあえず年収が良いところに付けたらい...,0,0
741,2026/2/2 20:33,ドラマ,*******,6時間40分,3,39,13.0,0,6,0.097,7.69,0.01,0.92,不明,https://detail.chiebukuro.yahoo.co.jp/qa/question_detail/q10324943020,相棒に登場した俳優で、存在感があったのは誰ですか？ 北条役 長門裕之さん 赤いカナリア 古谷一行さん 浅倉役 生瀬勝久さん,0,0
742,2026/2/2 20:33,ゲーム,r_1********,6時間40分,1,17,17.0,0,0,0.042,5.88,0.01,0.17,あと3日,https://detail.chiebukuro.yahoo.co.jp/qa/question_detail/q11324943021,ニンテンドーオンラインについて。 今、妹からもらったスイッチを引き継いでどうぶつの森の島で遊んでいます。 ニンテンドーオンラインに加入しているのですが、それはスイッチで娘のアカウントを作って、私のニン...,0,0
743,2026/2/2 20:33,ダイエット,kana,6時間40分,3,29,9.7,0,0,0.072,10.34,0.01,0.45,あと3日,https://detail.chiebukuro.yahoo.co.jp/qa/question_detail/q13324943018,ダイエットを続けると、どのくらいで見た目に変化が現れますか？ 2日や3日ですぐには変わらないと分かっているけど、運動も筋トレも苦手なので、変化がないと少しショックです。 全部太った自分が悪いんですけど...,0,0
744,2026/2/2 20:33,メルカリ,yuc********,6時間40分,1,39,39.0,1,1,0.097,2.56,0.04,0.55,あと3日,https://detail.chiebukuro.yahoo.co.jp/qa/question_detail/q14324943019,大至急教えて下さい！m(_ _)m 本日メルカリ便を2点発送しました。ポスト投函後(集荷済み)Aさん(生地)にBさん(洋服)のQRコードを読み込み、発送の連絡をしてしまいました。 気付いたのは、Bさん...,0,0
745,2026/2/2 20:33,ゲーム,揚げ物大好きです。,6時間40分,2,11,5.5,0,0,0.027,18.18,0.0,0.28,あと3日,https://detail.chiebukuro.yahoo.co.jp/qa/question_detail/q11324943016,彼氏とゲームをしたくて、OverwatchやAPEXやブロスタをやりたいんですけど私は中々戦闘ゲームをやらず音ゲーばかりやってきたので本当に下手くそで彼氏を怒らせています、、 どうしたら上手くなります...,0,0
746,2026/2/2 20:33,YouTube,kom********,6時間40分,4,35,8.8,0,0,0.087,11.43,0.01,0.58,あと3日,https://detail.chiebukuro.yahoo.co.jp/qa/question_detail/q12324943017,ゲーム実況動画を見る理由は何ですか？ 例 ・対応ハードを持ってないから ・攻略に詰まった為 ・そのYouTuberのファンだから ・初見プレイ時の反応が見たいから ・ポケットモンスター/イナズマイレブ...,0,0
747,2026/2/2 20:33,政治、社会問題,sunlucky,6時間40分,4,39,9.8,0,13,0.097,10.26,0.01,1.56,あと3日,https://detail.chiebukuro.yahoo.co.jp/qa/question_detail/q10324943015,中道改革連合は今回の衆院選は議席は延ばすかね…？(;´д｀),0,0
748,2026/2/2 20:33,占い,kk_********,6時間41分,0,13,13.0,0,0,0.032,0.0,0.0,0.03,あと3日,https://detail.chiebukuro.yahoo.co.jp/qa/question_detail/q14324943014,おみくじを引いて同じ大吉が2回出る確率について 先日神社で筒を振って出た棒の数字で結果を見るタイプと、授与所で売っている置き物の中に入っているタイプのおみくじをそれぞれ1個ずつ引いたのですが、どちらも...,0,0
749,2026/2/2 20:33,タブレット端末,匿名,6時間41分,1,5,5.0,0,0,0.012,20.0,0.0,0.14,あと3日,https://detail.chiebukuro.yahoo.co.jp/qa/question_detail/q13324943013,iPad6世代つかっており、 バッテリー容量の何%以下で勝手に電源おちたり問題が出たりしますか？,0,0
750,2026/2/2 20:33,プロ野球,あ,6時間41分,1,26,26.0,0,0,0.065,3.85,0.02,0.19,あと3日,https://detail.chiebukuro.yahoo.co.jp/qa/question_detail/q10324943010,20年前はNPB最速の豪速球クローザーで活躍していたクルーンは今のNPBなら平凡より少し上くらいのリリーフ投手ですか。 現代の豪速球クローザーだとライマルや松山みたいに160km手前の速球を誰も打てな...,0,0
751,2026/2/2 20:33,昆虫,東組(西成区山王1-11-8),6時間41分,1,2,2.0,0,3,0.005,50.0,0.0,0.35,あと3日,https://detail.chiebukuro.yahoo.co.jp/qa/question_detail/q14324943009,ワモンゴキブリが25倍の大きさに為ればチーター依り速い?,0,0
752,2026/2/2 20:33,ダイエット,1150640450,6時間41分,7,34,4.9,0,0,0.085,20.59,0.0,0.95,あと3日,https://detail.chiebukuro.yahoo.co.jp/qa/question_detail/q11324943011,18歳女性です 163センチで58kgあり本格的にダイエットをしたいのですが、今は全く痛みはないですが、ヘルニア持ちです。 6年間クラブで軟式テニスをしていましたが、ずっとお尻が大きく太ももは横張り、...,0,0
753,2026/2/2 20:33,運転免許,1251686543,6時間41分,7,81,11.6,0,14,0.202,8.64,0.02,2.11,あと3日,https://detail.chiebukuro.yahoo.co.jp/qa/question_detail/q12324943007,二輪免許についての質問です。 先日大型二輪の免許を取りました。 自分1人しかいないコマがあると、教官がマンツーマンで色々なことを教えてくれました。その中に、二輪コース内で一時停止も徐行もせず、サーキッ...,0,0
754,2026/2/2 20:33,英語,ななし,6時間41分,3,22,7.3,0,0,0.055,13.64,0.0,0.43,あと3日,https://detail.chiebukuro.yahoo.co.jp/qa/question_detail/q13324943008,英訳の問題です they are believed to be the most dangerous natural disasters with more people killed than hu...,0,0
755,2026/2/2 20:33,大学受験,非公開,6時間41分,0,7,7.0,0,0,0.017,0.0,0.0,0.02,あと3日,https://detail.chiebukuro.yahoo.co.jp/qa/question_detail/q11324943006,文教大学教育学部学校教育課程数学専修 全国入試は何割くらい取れていたら合格圏内ですか？,0,0
756,2026/2/2 20:33,就職活動,あ,6時間41分,0,3,3.0,0,0,0.007,0.0,0.0,0.01,あと3日,https://detail.chiebukuro.yahoo.co.jp/qa/question_detail/q10324943005,3年の短大を去年の3月に卒業し、4月から働きはじめました。男です 今月の末に今の会社を1年経たずで退職します。そのため今転職活動をしているのですが、学歴も経験も少なく、書類選考で落ちてしまい、将来を考...,0,0
757,2026/2/2 20:33,家族関係の悩み,you********,6時間41分,1,15,15.0,0,0,0.037,6.67,0.01,0.16,あと3日,https://detail.chiebukuro.yahoo.co.jp/qa/question_detail/q14324943004,体調不良の母に対して、父が「封筒を出さないなら捨ててやる」と言っていました。 体調が万全であれば、父の言い分も理解できなくはありません。しかし、母は体調が悪い状態です。それにもかかわらず「出さないなら...,0,0
758,2026/2/2 20:33,音楽,ナダル,6時間41分,4,32,8.0,0,0,0.08,12.5,0.01,0.58,あと3日,https://detail.chiebukuro.yahoo.co.jp/qa/question_detail/q13324943003,今度、40代、50代のおっさん達とカラオケに行くことになった新卒の男です。 昔の曲は結構好きなんですが、以下の曲で歌ったら、よりウケる曲はなんだと思いますか？ また、変な空気になってしまう曲はあると思...,0,0
759,2026/2/2 20:33,絵画,fel★★★★★,6時間41分,1,11,11.0,0,3,0.027,9.09,0.0,0.37,あと3日,https://detail.chiebukuro.yahoo.co.jp/qa/question_detail/q12324943002,★おはようごじゃいマシユマロ！ミリタリーカテのみなしゃん！ 寒い如月の月曜日(東京新宿の外気は７℃でしゅ。）の朝、５分のラクガキ絵でしゅ。何を描いたか、分かりましゅかあ？,0,0
760,2026/2/2 20:32,ライブ、コンサート,b76d07cbc,6時間42分,1,15,15.0,0,0,0.037,6.67,0.01,0.16,あと3日,https://detail.chiebukuro.yahoo.co.jp/qa/question_detail/q11324943001,はじめてイコラブのスペラに行くのですが、あと2日なのにチケットが表示されません、。 私の見てるサイトが間違っているのかわからないのですが、チケットはどのサイトを見たらいいか教えていただきたいです。,0,0
761,2026/2/2 20:32,バレーボール,ID,6時間42分,0,6,6.0,0,0,0.015,0.0,0.0,0.01,あと3日,https://detail.chiebukuro.yahoo.co.jp/qa/question_detail/q14324942999,栗原恵は姫路市の公立中学校にバレーボール留学して、石川真佑（祐希の妹）は長野市の公立中学校に越境通学していたそうですが、彼女達はどうしやって通学したいたのですか？,0,0
762,2026/2/2 20:32,福祉、介護,xz********,6時間42分,3,30,10.0,0,0,0.074,10.0,0.01,0.45,あと3日,https://detail.chiebukuro.yahoo.co.jp/qa/question_detail/q12324942997,恋愛のマナーですが、男性から声をかけるというものは ありますか？,0,0
763,2026/2/2 20:32,ドラマ,匿名希望,6時間43分,1,12,12.0,0,0,0.03,8.33,0.0,0.15,あと3日,https://detail.chiebukuro.yahoo.co.jp/qa/question_detail/q11324942996,ヤンドクって、医療ドラマとして見たら面白いですか？,0,0
764,2026/2/2 20:32,政治、社会問題,ＩＤ非公開,6時間43分,1,13,13.0,0,0,0.032,7.69,0.0,0.16,あと3日,https://detail.chiebukuro.yahoo.co.jp/qa/question_detail/q10324942995,世間に、社会に興味がなくニュースや事件を覚えてません。 よくYouTubeのコメントや親に「え！〇〇事件知らないの！？」と驚かれます。見ても覚えてないんです。新聞やテレビでも何でも。 どうしたら覚えて...,0,0
765,2026/2/2 20:32,物理学,1052332297,6時間43分,1,19,19.0,0,1,0.047,5.26,0.01,0.24,あと3日,https://detail.chiebukuro.yahoo.co.jp/qa/question_detail/q13324942993,急ぎで、この問題について教えていただきたく思います。宜しくお願い致します。 ⑴は、(あ)がウ、(い)が2個、であっていますか？,0,0
766,2026/2/2 20:32,インターネットショッピング,bb8fb21d3,6時間43分,0,6,6.0,0,0,0.015,0.0,0.0,0.01,あと3日,https://detail.chiebukuro.yahoo.co.jp/qa/question_detail/q14324942994,質問です。体験したことのある人に聞きたいのですが、駿河屋の中古品を通販で買ったときってどれくらい発送日数がかかりましたか？あと発送通知メールが来たのは注文してどれくらい経ったときに来ましたか？,0,0
768,2026/2/2 20:32,テレビ、DVD、ホームシアター,b3e5dfb12,6時間43分,3,6,2.0,0,1,0.015,50.0,0.0,0.46,あと3日,https://detail.chiebukuro.yahoo.co.jp/qa/question_detail/q10324942990,ビクターエブリオで1gbはどのくらい録画ができますか?,0,0
769,2026/2/2 20:32,社会保険,1252215137,6時間43分,1,19,19.0,0,0,0.047,5.26,0.01,0.17,あと3日,https://detail.chiebukuro.yahoo.co.jp/qa/question_detail/q11324942991,12/20付で退職し、1/5に再就職しました。 転職先が20日締めで、初任給が1/30に入ってきたのですが健康保険と厚生年金が引かれていませんでした。 この場合来月にまとめて引かれるのでしょうか。 住...,0,0
770,2026/2/2 20:32,パソコン,.,6時間43分,1,19,19.0,0,0,0.047,5.26,0.01,0.17,あと3日,https://detail.chiebukuro.yahoo.co.jp/qa/question_detail/q12324942987,春から関西大学社会学部に入学します。パソコンの購入を考えています。 関大の推奨スペックのCPUはintelです。ですが私が今惹かれているパソコンのCPUはSnapdragonです。 関大は、Snapd...,0,0
771,2026/2/2 20:32,コミック,c3efb90ad,6時間43分,0,0,0.0,0,0,0.0,0.0,0.0,0.0,あと3日,https://detail.chiebukuro.yahoo.co.jp/qa/question_detail/q13324942988,newjinsヘリンのような猫目の女の子の少女漫画ってありますか？,0,0
772,2026/2/2 20:32,飲食店,1052794561,6時間43分,1,6,6.0,0,0,0.015,16.67,0.0,0.14,あと3日,https://detail.chiebukuro.yahoo.co.jp/qa/question_detail/q14324942989,この前にすき家に麻辣担出てたじゃないですか？私めっちゃ大好きだったので味が似てる麻辣担のお店教えてほしいです！,0,0
773,2026/2/2 20:32,簿記,1052146243,6時間43分,2,27,13.5,0,0,0.067,7.41,0.01,0.31,あと3日,https://detail.chiebukuro.yahoo.co.jp/qa/question_detail/q11324942986,この有価証券の減損処理の問題で、 資料4の市場価格のない株式のところが解き方というか考え方が分かりません。 答えは100万－73万÷3000で単価出して、かけて取得原価と引いて、損失分出してるのですが...,0,0
774,2026/2/2 20:32,大学受験,バイヤー,6時間43分,2,50,25.0,0,0,0.124,4.0,0.03,0.37,あと3日,https://detail.chiebukuro.yahoo.co.jp/qa/question_detail/q10324942985,今年電気通信大学を受験する予定の者です。理科二科目は、化学と情報を選択しようと思っているのですが、情報は過去問や試作問題を解く以外に何か他に対策する方法はありますか。 また、理科二科目は二時間ぶっ通し...,0,0
775,2026/2/2 20:32,起業,りゅう,6時間43分,3,21,7.0,0,2,0.052,14.29,0.0,0.57,あと3日,https://detail.chiebukuro.yahoo.co.jp/qa/question_detail/q14324942984,実店舗の営業について詳しい方に御質問いたします。 天然石やパワーストーンのお店をOpenしたいと考えていますが、物価高や不景気で潰れてしまうお店が多発しており、やはり、この不景気の中では、天然石のお店...,0,0
776,2026/2/2 20:32,鉄道、列車、駅,1053335854,6時間43分,2,12,6.0,0,0,0.03,16.67,0.0,0.28,あと3日,https://detail.chiebukuro.yahoo.co.jp/qa/question_detail/q13324942983,新幹線の┉東北新幹線の特急券と乗車券は1ヶ月前の１０時から購入可能であってますか？,0,0
777,2026/2/2 20:32,正月、年末年始,1151207289,6時間43分,4,7,1.8,0,0,0.017,57.14,0.0,0.51,あと3日,https://detail.chiebukuro.yahoo.co.jp/qa/question_detail/q12324942982,一夜飾りは、なぜ良くないのですか。,0,0
778,2026/2/2 20:32,アルバイト、フリーター,1151563368,6時間43分,0,15,15.0,0,0,0.037,0.0,0.0,0.04,あと3日,https://detail.chiebukuro.yahoo.co.jp/qa/question_detail/q11324942981,飲食店のホールバイトの面接に行ってきたのですが、、、 ・笑顔がなく愛想悪く接してしまった(店長も同じ感じでその影響を受けました) ・今週の土曜日に合格の場合のみ連絡すると言われた 落ちましたかねぇ。。...,0,0
779,2026/2/2 20:32,外国映画,tagingu∞,6時間44分,2,32,16.0,0,0,0.079,6.25,0.01,0.33,不明,https://detail.chiebukuro.yahoo.co.jp/qa/question_detail/q10324942980,コレって映画ですか？ タイトルも分かればお願いします。 https://www.instagram.com/reel/DRn2jWSDCEV/?igsh=MTJ5bnB0NGpqZHgxYg==,0,0
780,2026/2/2 20:32,メンズ全般,ジャス店,6時間44分,0,13,13.0,0,0,0.032,0.0,0.0,0.03,あと3日,https://detail.chiebukuro.yahoo.co.jp/qa/question_detail/q12324942977,革ジャンについて ルイスレザーのライトニングがとてもかっこいいと思っており、買おうか迷ってます。 しかし、革質だったり、質に対して高すぎというコメントもあったりで購入を迷ってます。 とは言え、あの金の...,0,0
781,2026/2/2 20:32,au,ID 非公開,6時間44分,2,34,17.0,0,2,0.084,5.88,0.01,0.48,不明,https://detail.chiebukuro.yahoo.co.jp/qa/question_detail/q11324942976,auから日本通信の格安SIMへMNPで乗り換えようとしています。 ワンストップ方式でMNP予約をしようとすると、 「グループとなっている他回線があります（006）」 というエラーが出て先に進めません。...,0,0
782,2026/2/2 20:32,心理学,nat********,6時間44分,2,12,6.0,0,0,0.03,16.67,0.0,0.28,あと3日,https://detail.chiebukuro.yahoo.co.jp/qa/question_detail/q10324942975,作動記憶を上げる方法を教えてください。 ・とにかく瞬発力が低いです。 短距離走は常にクラス最下位でした。 長距離走ではクラス中盤が限界でした。 ・皆が一斉に発言する会議や、 紛糾した会議では、途中から...,0,0
783,2026/2/2 20:32,料理、食材,moca,6時間44分,1,10,10.0,0,0,0.025,10.0,0.0,0.15,あと3日,https://detail.chiebukuro.yahoo.co.jp/qa/question_detail/q14324942974,今日、すし丸でお昼ご飯を食べました。 おおまかでいいので、そのカロリーを教えてください。 (食べたもの) 生とろサーモン2貫1皿 とろサーモン(半シャリ)2貫1皿 生サーモン(半シャリ)2貫1皿 えん...,0,0
784,2026/2/2 20:32,パチンコ,非公開,6時間44分,0,8,8.0,0,0,0.02,0.0,0.0,0.02,あと3日,https://detail.chiebukuro.yahoo.co.jp/qa/question_detail/q13324942973,レールガンフェーズネクスト約3万回転回したんですが 大当たり回数 177回 初当たり確率 約169分の1 Rush回数 66回 最大一撃獲得 約60000発 平均Rush回数 約1.1連 ただの引き弱...,0,0
785,2026/2/2 20:32,掃除機、洗濯機,whi********,6時間44分,3,8,2.7,0,0,0.02,37.5,0.0,0.39,あと3日,https://detail.chiebukuro.yahoo.co.jp/qa/question_detail/q12324942972,洗濯機の洗濯槽とボディの間に落とし物をしてしまったのですがどうやって取ればいいでしょうか？ 高価なものなのでどうしても取らないといけないのでよろしくお願いします,0,0
786,2026/2/2 20:32,ミリタリー,まっさい,6時間44分,1,15,15.0,0,0,0.037,6.67,0.01,0.16,あと3日,https://detail.chiebukuro.yahoo.co.jp/qa/question_detail/q11324942971,ミリタリー青森市が一晩で185メートルの積雪で 災害派遣要請を出した様ですが、やす子も行くのでしょうか？よろしくお願いいたします。はい〜。,0,0
787,2026/2/2 20:32,アニメ,musimusi,6時間44分,1,1,1.0,0,0,0.002,100.0,0.0,0.13,あと3日,https://detail.chiebukuro.yahoo.co.jp/qa/question_detail/q10324942970,ドキドキプリキュアと、 ハピネスチャージプリキュアで、あなたはどちらが好きですか,0,0
788,2026/2/2 20:32,日本史,afaf1c99f,6時間44分,1,2,2.0,0,0,0.005,50.0,0.0,0.13,あと3日,https://detail.chiebukuro.yahoo.co.jp/qa/question_detail/q14324942969,リアルタイム時 京都市内で 新選組の評判の悪さは際立っていた 諸勢力の中で一番 借金踏み倒しが多かったからである 当たってますか,0,0
789,2026/2/2 20:32,海外,1153315920,6時間44分,2,9,4.5,0,0,0.022,22.22,0.0,0.27,あと3日,https://detail.chiebukuro.yahoo.co.jp/qa/question_detail/q13324942968,オーストラリアのホストファミリーにどのようなお土産を買っていけば間違いないですか？女性の一人暮らしみたいです。またKALDIなどのチェーン店で買っていくのは失礼ですか？,0,0
790,2026/2/2 20:32,鉄道、列車、駅,uzd********,6時間44分,1,18,18.0,0,0,0.044,5.56,0.01,0.17,あと3日,https://detail.chiebukuro.yahoo.co.jp/qa/question_detail/q10324942965,今度新幹線で名古屋に行きます！ そこからレンタカー借りる予定ですがどこの店舗で借りるのがいいか調べてもよくわかりません（ ; ; ） 新幹線降りてから歩いて行ける1番近い店舗ってどこですか？詳しい方教...,0,0
791,2026/2/2 20:32,家族関係の悩み,bb0dd97d,6時間44分,5,46,9.2,1,1,0.114,10.87,0.01,1.05,あと3日,https://detail.chiebukuro.yahoo.co.jp/qa/question_detail/q11324942966,離婚について 私は去年頃から精神疾患を患いました。 双極性障害、パニック障害、不安障害を患い調子のいいときはいいけど、ダメな時は暴走してしまい薬も効かず自殺未遂も3ヶ月の間に3回ほどし、発作で何回も運...,0,0
792,2026/2/2 20:32,家族関係の悩み,pip********,6時間44分,14,120,8.6,0,9,0.296,11.67,0.03,2.69,あと3日,https://detail.chiebukuro.yahoo.co.jp/qa/question_detail/q14324942964,旦那がゴルフ始めて楽しそうなのが、どうしてもイライラしてしまいます。どうしたらそう思わず過ごせますか？ 5万の服買うし高い靴買うしベルト買うし、毎週レッスンがあって習い事月15000円かかってるし、慣...,0,0
793,2026/2/2 20:32,邦楽,har********,6時間44分,2,17,8.5,0,0,0.042,11.76,0.0,0.29,あと3日,https://detail.chiebukuro.yahoo.co.jp/qa/question_detail/q13324942963,近年音楽番組でフルサイズという表現を耳にします。 誤用なので違和感しかありません。 いつからフルコーラスではなくフルサイズと言うようになったんでしょうか？ 元に戻して欲しいものです。,0,0
794,2026/2/2 20:32,専門学校、職業訓練,1150461509,6時間45分,2,21,10.5,0,0,0.052,9.52,0.01,0.3,あと3日,https://detail.chiebukuro.yahoo.co.jp/qa/question_detail/q12324942962,ハローワークの職業訓練でWebデザインを学ぼうと思っています。 パソコンはほぼ使った事がなくあまり自信がないのですが、面接でパソコンの基本操作を何個か聞かれると言われました。 コピーやファイルの作り方...,0,0
795,2026/2/2 20:32,恋愛相談,1253022917,6時間45分,0,7,7.0,0,0,0.017,0.0,0.0,0.02,あと3日,https://detail.chiebukuro.yahoo.co.jp/qa/question_detail/q11324942961,isfp男子のみなさんにお聞きしたいです！ enfp女子ってどうですか…？ 手応えがないこともないのですが、あんまりアピールしたら引いちゃいますかね… また、相性いいと思いますか？ 気をつけた方がいい...,0,0
796,2026/2/2 20:31,スマホアプリ,********,6時間46分,1,26,26.0,0,0,0.064,3.85,0.02,0.19,あと3日,https://detail.chiebukuro.yahoo.co.jp/qa/question_detail/q10324942960,ラインを削除して心機一転したいのですが、 プロフィール画像を消した後に削除すると、プロフィールを更新した人、の一覧に表示されてしまいますか？ 誰にもわからずに、ひっそりと退会（アカウント削除）したいの...,0,0
797,2026/2/2 20:31,引越し,c8ef81a45,6時間46分,1,13,13.0,0,0,0.032,7.69,0.0,0.15,あと3日,https://detail.chiebukuro.yahoo.co.jp/qa/question_detail/q14324942959,東京への引っ越し 今年地方から東京へ引っ越しをしようかと考えています。 一人暮らしで府中〜調布市の駅近くあたりで考えているのですが、家賃は10万以内で考えていますがそれくらいでも東京には住めるものなの...,0,0
798,2026/2/2 20:31,うつ病,1152438228,6時間46分,2,24,12.0,0,1,0.059,8.33,0.01,0.38,あと3日,https://detail.chiebukuro.yahoo.co.jp/qa/question_detail/q12324942957,昔優しかった母がうつ病になり人が変わったように暴力や暴言をするようになったのですが、うつ病になった状態がその人間の本性なのでしょうか？,0,0
799,2026/2/2 20:31,大学受験,非公開,6時間46分,0,8,8.0,0,0,0.02,0.0,0.0,0.02,あと3日,https://detail.chiebukuro.yahoo.co.jp/qa/question_detail/q13324942958,明星大学教育学部教育学科数学コースの検定+1教科型のボーダーってどれくらいですか？,0,0
800,2026/2/2 20:31,小学校,匿名,6時間46分,2,19,9.5,0,0,0.047,10.53,0.0,0.29,あと3日,https://detail.chiebukuro.yahoo.co.jp/qa/question_detail/q10324942955,小３までの学力しかない女性は小学校の先生になれませんか？,0,0
801,2026/2/2 20:31,話題の人物,lD非公開,6時間46分,1,13,13.0,0,0,0.032,7.69,0.0,0.15,あと3日,https://detail.chiebukuro.yahoo.co.jp/qa/question_detail/q11324942956,中居正広さんは最高峰の地雷に手を出してしまった感じですかね？,0,0
802,2026/2/2 20:31,政治、社会問題,mas********,6時間46分,2,20,10.0,1,3,0.049,10.0,0.0,0.76,あと3日,https://detail.chiebukuro.yahoo.co.jp/qa/question_detail/q14324942954,「北朝鮮を作ったのは日本だ」という人がいるようなのですが、この人はどういう意味でそういうことを言っているのでしょうか？,0,0
803,2026/2/2 20:31,大学,bece1269a,6時間46分,2,47,23.5,0,0,0.116,4.26,0.03,0.36,あと3日,https://detail.chiebukuro.yahoo.co.jp/qa/question_detail/q12324942952,【至急】 大学一年生です。大学の英語の期末レポートを提出したら教授にAI作用判定が出たと連絡が来ました。 AIは一切使用しておらず、その意を伝えて弁明しましたが認められるでしょうか…… どうしたら認め...,0,0
804,2026/2/2 20:31,家族関係の悩み,1251900653,6時間46分,0,29,29.0,0,0,0.071,0.0,0.0,0.07,あと3日,https://detail.chiebukuro.yahoo.co.jp/qa/question_detail/q13324942953,母子家庭の娘が大学進学なんて望むものじゃなかった、 お母さんに、国公立後期の受験料、私立の受験料はバイト始めたらすぐ返して、私立の入学金は絶対に払わない、自分で借りて払って、保証人にはならないからねっ...,0,0
805,2026/2/2 20:31,ゲーム,b89a2dd36,6時間46分,1,19,19.0,0,0,0.047,5.26,0.01,0.17,あと3日,https://detail.chiebukuro.yahoo.co.jp/qa/question_detail/q11324942951,スト6でMR0下回るとどうなるんですか？ 下回ることってありえるんですか,0,0
806,2026/2/2 20:31,貯金,MBTI 64,6時間46分,2,28,14.0,0,6,0.069,7.14,0.01,0.76,あと3日,https://detail.chiebukuro.yahoo.co.jp/qa/question_detail/q10324942950,至急お願いします。 SNSで誤って通帳と口座の暗証番号を載せてしまったのですが、これが原因で貯金が無くなることはありますか。,0,0
807,2026/2/2 20:31,遊戯王,musimusi,6時間46分,1,6,6.0,0,0,0.015,16.67,0.0,0.14,あと3日,https://detail.chiebukuro.yahoo.co.jp/qa/question_detail/q14324942949,遊戯王で、好きなリンクモンスターはどれですか,0,0
808,2026/2/2 20:31,プレイステーション4,ca5e23d0e,6時間46分,2,4,2.0,0,0,0.01,50.0,0.0,0.25,あと3日,https://detail.chiebukuro.yahoo.co.jp/qa/question_detail/q13324942948,プレステを買うのですが、モニターは何がおすすめでしょうか？ 予算は2万円前後です！,0,0
809,2026/2/2 20:31,郵便、宅配,dgf********,6時間46分,1,8,8.0,0,0,0.02,12.5,0.0,0.14,あと3日,https://detail.chiebukuro.yahoo.co.jp/qa/question_detail/q11324942946,とらのあなで通販で頼んだのですが、「⠀とらコイン、決済方法、代金引き換え、後払いとして発送させて頂いたお荷物に関しましては【再配送サービスの対象外】とさせて頂き、返送となったお荷物につきましては、 再...,0,0
810,2026/2/2 20:31,資格,ba****,6時間46分,0,2,2.0,0,0,0.005,0.0,0.0,0.0,あと3日,https://detail.chiebukuro.yahoo.co.jp/qa/question_detail/q12324942947,測量士試験について質問です。択一添削② 問２０ ？マークの箇所がわからないので、解説お願いします。,0,0
811,2026/2/2 20:31,学校の悩み,inemuri,6時間47分,0,4,4.0,0,0,0.01,0.0,0.0,0.01,あと3日,https://detail.chiebukuro.yahoo.co.jp/qa/question_detail/q10324942945,高校の通学鞄についてです 4月から高校1年生になる者ですが新学期に新しいリュックを親に買ってもらおうと思っていたのですが、Dickiesのリュックが欲しいというと高いと断られてしまいました 私は入学し...,0,0
812,2026/2/2 20:31,携帯型ゲーム全般,caf25319a,6時間47分,1,11,11.0,0,0,0.027,9.09,0.0,0.15,あと3日,https://detail.chiebukuro.yahoo.co.jp/qa/question_detail/q14324942944,ブロスタについてです。 グレイのこの侍のスキンってもう手に入りませんか？,0,0
813,2026/2/2 20:31,住宅ローン,sik********,6時間47分,1,51,51.0,0,0,0.125,1.96,0.06,0.25,あと3日,https://detail.chiebukuro.yahoo.co.jp/qa/question_detail/q13324942943,今更ながら、不安要素が出てきたので、詳しい方に住宅ローンの審査について聞きたいです。 40歳／会社員／男／年収650万／勤続年数13年目／東証プライム企業 地銀に30年4000万で仮審査中 全銀協・C...,0,0
814,2026/2/2 20:31,政治、社会問題,kan********,6時間47分,1,20,20.0,0,0,0.049,5.0,0.01,0.17,あと3日,https://detail.chiebukuro.yahoo.co.jp/qa/question_detail/q12324942942,今週末にある衆院選の小選挙区でどう投票するか悩んでます。 比例は必ず入れる政党が決まってるので良いのですが、自分が住んでる所の選挙区は胡座かいてる与野党議員が数名に泡沫候補が1人という毎回同じ構図なの...,0,0
815,2026/2/2 20:31,労働条件、給与、残業,1152101301,6時間47分,1,13,13.0,0,0,0.032,7.69,0.0,0.15,あと3日,https://detail.chiebukuro.yahoo.co.jp/qa/question_detail/q11324942941,労働基準法23条を申請する場合退職後、口頭又はメール等で申請すればいいのでしょうか？ ｢お疲れ様です。お世話になっております。 私の未払い賃金について、労働基準法23条1項に基づき、7日以内下記銀行口...,0,0
816,2026/2/2 20:31,YouTube,c1d816701,6時間47分,0,1,1.0,0,0,0.002,0.0,0.0,0.0,あと3日,https://detail.chiebukuro.yahoo.co.jp/qa/question_detail/q10324942940,三納物語さんが昔から使われてる説明テロップなどが出る時の効果音がわかる方いたら教えて欲しいです。 他に使ってる人もいないのでオリジナル効果音か効果音サイトにあるものか編集アプリとかに入ってる効果音です...,0,0
817,2026/2/2 20:31,政治、社会問題,非公開,6時間47分,0,8,8.0,0,0,0.02,0.0,0.0,0.02,あと3日,https://detail.chiebukuro.yahoo.co.jp/qa/question_detail/q14324942939,【至急】緊急事態条項（国会機能維持条項）の危険な点をどう思いますか？ 緊急事態条項の危険性は、政府に一時的とはいえ極めて強大な権限を与え、立憲主義と民主主義の根本を揺るがす可能性がある点にある。 まず...,0,0
818,2026/2/2 20:31,耳の病気,リジー,6時間47分,0,3,3.0,0,0,0.007,0.0,0.0,0.01,あと3日,https://detail.chiebukuro.yahoo.co.jp/qa/question_detail/q13324942938,耳にアンテナだけ空いてるのって変ですか？ アンテナって身だしなみチェックとかでバレやすいですか？,0,0
819,2026/2/2 20:31,生き方、人生相談,学び,6時間47分,4,65,16.2,0,6,0.159,6.15,0.03,1.09,あと3日,https://detail.chiebukuro.yahoo.co.jp/qa/question_detail/q12324942937,性格の悪い女性を、 極力、避けて生きたいんですが、 どのようにすれば、避けれますか？ 『男性はsexすることしか考えてない。クズばっか』 みたく、一方的に決めつけで 攻撃してくる気持ち悪い女性、 ぜん...,0,0
820,2026/2/2 20:31,マラソン、陸上競技,誠に感謝,6時間47分,2,16,8.0,0,0,0.039,12.5,0.0,0.28,あと3日,https://detail.chiebukuro.yahoo.co.jp/qa/question_detail/q11324942936,陸上競技で陸上強豪の私立大学の全額免除の指定校推薦をもらうためにはどのくらいの実績がないと無理ですか？ また公立大学の強豪ではどのくらいの実績があればほぼ確で推薦で受かることができますか？,0,0
821,2026/2/2 20:31,ダンス,ca3771209,6時間47分,0,6,6.0,0,0,0.015,0.0,0.0,0.01,あと3日,https://detail.chiebukuro.yahoo.co.jp/qa/question_detail/q10324942935,I字バランスはやりたいんですけど、足を手で持ったまま足先を頭のところに持って来れるんですけど、足だけで頭にあげてる人いるじゃないですか？あれってどうやったらできるようになりますか？ わかりにくくてごめ...,0,0
822,2026/2/2 20:31,数学,kto********,6時間47分,2,14,7.0,0,0,0.034,14.29,0.0,0.28,あと3日,https://detail.chiebukuro.yahoo.co.jp/qa/question_detail/q14324942934,計算が全く出来ない人です。 見積りの合計金額で、消費税と金額の両方の端数を合わせる計算方法が知りたいです。 （例 税込5236円のものを税込5000円（消費税の数字もキリの良い数字）にする） 他にも見...,0,0
823,2026/2/2 20:31,飲食店,1251882227,6時間47分,1,6,6.0,0,1,0.015,16.67,0.0,0.21,あと3日,https://detail.chiebukuro.yahoo.co.jp/qa/question_detail/q12324942932,札幌駅周辺でそこまで値段のしない洋食屋か和定食のお店でオススメありますか,0,0
824,2026/2/2 20:31,昆虫,the********,6時間47分,0,9,9.0,0,0,0.022,0.0,0.0,0.02,あと3日,https://detail.chiebukuro.yahoo.co.jp/qa/question_detail/q11324942931,【画像閲覧注意】この虫の名前を教えてください。 家に良く出るのですが、アースレッドをしても完全に殺虫する事ができず困っています。,0,0
825,2026/2/2 20:31,恋愛相談、人間関係の悩み,匿名,6時間47分,0,7,7.0,0,0,0.017,0.0,0.0,0.02,あと3日,https://detail.chiebukuro.yahoo.co.jp/qa/question_detail/q13324942928,好きで、この人なら大丈夫だと思い彼氏が出来たのですが、2年間ぐらい片思いをしてて告白しても叶わなかった好きだった人が忘れられません。その人には親友としか見れないと言われました。 ゲームとか通話を毎日の...,0,0
826,2026/2/2 20:31,数学,まーくん,6時間48分,2,20,10.0,0,0,0.049,10.0,0.0,0.29,あと3日,https://detail.chiebukuro.yahoo.co.jp/qa/question_detail/q14324942929,三角不等式の照明を調べていたのですが、 下記サイトの x≧0、y≦0の時 左辺がx+y、-x-yのいずれか、 右辺がx-yというのが理解出来ません。 サイトhttps://manabitimes.jp...,0,0
827,2026/2/2 20:31,恋愛相談,cut********,6時間48分,1,17,17.0,0,0,0.042,5.88,0.01,0.16,あと3日,https://detail.chiebukuro.yahoo.co.jp/qa/question_detail/q12324942927,僕は95年生まれですけど、90年〜94年生まれの女性と95年〜99年生まれの女性は価値観や性格が全然違うと思うのは自分だけでしょうか？？ 年上の女性は性格がきつい印象があるけど、僕と同い年の女性や年下...,0,0
828,2026/2/2 20:31,税金,mom********,6時間48分,1,20,20.0,0,0,0.049,5.0,0.01,0.17,あと3日,https://detail.chiebukuro.yahoo.co.jp/qa/question_detail/q11324942926,住民税の納付書を自宅に郵送してほしくないのですが方法はありますか？ 普通徴収で毎年6月に郵送された時に払っていますが、今後自宅に郵送して欲しくない理由ができました。 なので勤務先か娘の自宅(同一市内)...,0,0
829,2026/2/2 20:31,友人関係の悩み,ワ,6時間48分,0,31,31.0,0,0,0.076,0.0,0.0,0.08,あと3日,https://detail.chiebukuro.yahoo.co.jp/qa/question_detail/q10324942925,高二女子です。同じクラスで、いつもお昼を一緒に食べたり、移動教室したりしている子がいるのですが、その子との関係について悩んでいます。 その子は一年の頃も同じクラスで、当時中学から仲の良かった友達が別の...,0,0
830,2026/2/2 20:31,iPhone,lD非公開,6時間48分,1,10,10.0,0,0,0.024,10.0,0.0,0.15,あと3日,https://detail.chiebukuro.yahoo.co.jp/qa/question_detail/q13324942923,過去にiphone12miniを使っていて手放しました。 でもまたあの片手に収まるサイズ感が恋しくて13miniの未使用品を購入しようか迷ってます。 12miniはバッテリー容量小さいとわかってて買っ...,0,0
831,2026/2/2 20:31,コンタクトレンズ、視力矯正,1152817965,6時間48分,0,6,6.0,0,0,0.015,0.0,0.0,0.01,あと3日,https://detail.chiebukuro.yahoo.co.jp/qa/question_detail/q14324942924,右目が近視+乱視、左目が遠視+乱視 なんですけど私は一生自分の視力に合うカラコンつけらませんか？？？,0,0
832,2026/2/2 20:31,大学受験,1253251490,6時間48分,0,5,5.0,0,0,0.012,0.0,0.0,0.01,あと3日,https://detail.chiebukuro.yahoo.co.jp/qa/question_detail/q12324942922,愛知県立を受験した方にお伺いします。 2次試験の英作文と現代文の記述はどう勉強しましたか。英作文の書くパターンなどあったら小声で教えてください。ライバルみんな蹴落としたいです！,0,0
833,2026/2/2 20:31,シニアライフ、シルバーライフ,ｌD非公開,6時間48分,1,4,4.0,0,0,0.01,25.0,0.0,0.13,あと3日,https://detail.chiebukuro.yahoo.co.jp/qa/question_detail/q11324942921,指パッチン（フィンガースナップ）が軽快な元気な音で鳴らなくなったら高齢者の仲間入りですか？,0,0
834,2026/2/2 20:31,病気、症状,1150934031,6時間48分,1,10,10.0,0,0,0.024,10.0,0.0,0.15,あと3日,https://detail.chiebukuro.yahoo.co.jp/qa/question_detail/q14324942919,筋疲労ではなく脳疲労（睡眠不足）のためのサプリメントは何がありますか？プロテインだとなんの成分が多いのが良いのでしょうか,0,0
835,2026/2/2 20:31,恋愛相談、人間関係の悩み,jag,6時間48分,2,17,8.5,0,0,0.042,11.76,0.0,0.29,あと3日,https://detail.chiebukuro.yahoo.co.jp/qa/question_detail/q10324942920,元バイト先(スタバ)に久々ドライブスルーしたら見たこともない可愛い女性に一目惚れしました。僕は29歳です。恐らく22歳くらいの学生さんかもしれません。 その時は何もなくお互い「ありがとうございます」で...,0,0
836,2026/2/2 20:31,男性アイドル,1253150147,6時間48分,1,11,11.0,0,0,0.027,9.09,0.0,0.15,あと3日,https://detail.chiebukuro.yahoo.co.jp/qa/question_detail/q13324942918,ジャニーズの一般チケットについての質問です。 セブンイレブンにて支払いをし、緑色のチケット発行したのですが、こちら1枚で当日入場はできるのでしょうか？ QRコードの記載はなく、バーコードのみ印字されて...,0,0
837,2026/2/2 20:31,文房具,b14b6a5ad,6時間48分,1,11,11.0,0,0,0.027,9.09,0.0,0.15,あと3日,https://detail.chiebukuro.yahoo.co.jp/qa/question_detail/q12324942917,屋久杉工房京さんのシャーペンについて 泡瘤の購入を考えているのですが購入画面のようにたくさんの模様がついていますか？,0,0
838,2026/2/2 20:31,大学受験,む,6時間48分,1,32,32.0,0,2,0.078,3.12,0.02,0.35,あと3日,https://detail.chiebukuro.yahoo.co.jp/qa/question_detail/q11324942916,共立女子大学のビジネス学部ビジネス学科と聖心女子大学ではどちらが就職率がよいですか？,0,0
839,2026/2/2 20:31,サービス、探しています,名無し,6時間48分,2,9,4.5,0,0,0.022,22.22,0.0,0.27,あと3日,https://detail.chiebukuro.yahoo.co.jp/qa/question_detail/q10324942915,R18でも生成できるAI生成イラストサイトを教えて下さい！,0,0
840,2026/2/2 20:31,学校の悩み,にんじんの根っこ,6時間48分,2,13,6.5,0,0,0.032,15.38,0.0,0.28,あと3日,https://detail.chiebukuro.yahoo.co.jp/qa/question_detail/q14324942914,高校の卒業式についてです！ 高校の卒業式でギターで3月9日とまた逢う日までを弾こうと思ってます。先生に予め伝えておいてさようならの時にちょっと待ったー！、と言って前出てってクラスのみんなにサプライズで...,0,0
841,2026/2/2 20:31,ライブ、コンサート,1249725343,6時間48分,3,28,9.3,0,0,0.068,10.71,0.01,0.43,あと3日,https://detail.chiebukuro.yahoo.co.jp/qa/question_detail/q13324942913,7年前から好きな歌手さんのコンサートに行くか迷っています。ふとコンサートのチケットを調べた際に、25歳以下の方はほぼ半額で購入できることを知りました。 こんな機会はめったにないし、私もあと2年ほどでU...,0,0
842,2026/2/2 20:30,ここ、探してます,、。,6時間49分,2,17,8.5,0,0,0.041,11.76,0.0,0.28,あと3日,https://detail.chiebukuro.yahoo.co.jp/qa/question_detail/q14324942909,京都市上京区をじょうきょうくとよむ人なんていますか？？,0,0
843,2026/2/2 20:30,料理、食材,明日の天気,6時間49分,2,27,13.5,0,2,0.066,7.41,0.01,0.46,あと3日,https://detail.chiebukuro.yahoo.co.jp/qa/question_detail/q10324942910,大学生、最近料理はじめました。 一口コンロがあるだけなのですが、魚が食べたくてスーパーでサバ買って焼いて激うまでしたが匂いが消えるのに2日くらいかかりました（もちろん換気オン） フライパンで焼いてもそ...,0,0
844,2026/2/2 20:30,CM,kaz********,6時間49分,3,2115,705.0,1,15,5.159,0.14,36.85,6.85,不明,https://detail.chiebukuro.yahoo.co.jp/qa/question_detail/q11324942911,ジムビームのCMについて質問です。 山田孝之さんが出ているジムビームのCM｢パンチをきかせろ」篇で流れている曲は何という曲ですか？,0,0
845,2026/2/2 20:30,学校の悩み,c56aa9984,6時間50分,2,27,13.5,0,0,0.066,7.41,0.01,0.31,あと3日,https://detail.chiebukuro.yahoo.co.jp/qa/question_detail/q13324942908,至急 陰キャ女がいきなり制服で登校してきたらどう思いますか？ 私の学校は制服がないのでなんちゃって制服かジャージです。今まではパーカーにジャージズボンだったのですが、最近可愛くなりたすぎて...。（あ...,0,0
846,2026/2/2 20:30,LINE,匿名,6時間50分,2,18,9.0,0,0,0.044,11.11,0.0,0.29,あと3日,https://detail.chiebukuro.yahoo.co.jp/qa/question_detail/q12324942907,LINEの名前を絵文字にする人って何でそうするのでしょうか。大学の同じ学科の子がそうしてたんですが、不思議です。,0,0
847,2026/2/2 20:30,飲食店,nhn********,6時間50分,3,27,9.0,0,7,0.066,11.11,0.01,0.94,あと3日,https://detail.chiebukuro.yahoo.co.jp/qa/question_detail/q11324942906,ラーメンってなぜあんなに高いのでしょうか？ラーメン一杯の原価は200円程度とききます。それを一杯1000円で出すというぼったくり営業を続けているのが不思議でなりません。,0,0
848,2026/2/2 20:30,大学受験,非公開,6時間50分,6,128,21.3,0,0,0.312,4.69,0.07,1.04,あと3日,https://detail.chiebukuro.yahoo.co.jp/qa/question_detail/q10324942905,三重大学に今年進学するか、浪人して名古屋大学、名古屋工業大学を目指すかどちらがいいと思いますか。 愛知在住です。,0,0
850,2026/2/2 20:30,ダイエット、フィットネス,。,6時間50分,2,16,8.0,0,0,0.039,12.5,0.0,0.28,あと3日,https://detail.chiebukuro.yahoo.co.jp/qa/question_detail/q13324942903,リベルサスとかマンジャロって18歳以上じゃないと買えないと思うのですが18歳以上でも高校生だと買えないですか？！？,0,0
851,2026/2/2 20:30,恋愛相談,1252302974,6時間50分,1,32,32.0,0,0,0.078,3.12,0.02,0.2,あと3日,https://detail.chiebukuro.yahoo.co.jp/qa/question_detail/q12324942902,この手作りチョコ貰ったら嬉しい？？嫌だ？？,0,0
852,2026/2/2 20:30,クレジットカード,1150516232,6時間50分,1,7,7.0,0,1,0.017,14.29,0.0,0.21,あと3日,https://detail.chiebukuro.yahoo.co.jp/qa/question_detail/q11324942901,三井住友のOliveカード付帯の海外旅行保険を利用するには、Oliveカード（Apple Payでいつもやっています）でSuicaに入金し、そのSuicaを使って空港までの電車賃を払えばよいですか？,0,0
853,2026/2/2 20:30,恋愛相談、人間関係の悩み,非公開,6時間50分,0,14,14.0,0,0,0.034,0.0,0.0,0.03,あと3日,https://detail.chiebukuro.yahoo.co.jp/qa/question_detail/q10324942900,至急 女子で胸が大きいことが自慢という学生の方に質問です！どういう経緯で自慢できるようになったか教えてくれると助かります！,0,0
854,2026/2/2 20:30,政治、社会問題,m1o********,6時間50分,9,75,8.3,0,5,0.183,12.0,0.02,1.64,あと3日,https://detail.chiebukuro.yahoo.co.jp/qa/question_detail/q13324942898,自民党が３４０の 議席を撮り 憲法改正になったとき あんたさんは どうしますか？,0,0
855,2026/2/2 20:30,マナー,非公開,6時間50分,2,15,7.5,0,0,0.037,13.33,0.0,0.28,あと3日,https://detail.chiebukuro.yahoo.co.jp/qa/question_detail/q14324942899,【至急】タトゥー（刺青）は公共の場では見えないようにするのは最低限のマナーであり配慮ですがどう思いますか？ 見えるような状態にしてる時点で威嚇行為であり、虚勢を張る行為になります。,0,0
856,2026/2/2 20:30,大学受験,cae13270f,6時間50分,0,30,30.0,0,0,0.073,0.0,0.0,0.07,あと3日,https://detail.chiebukuro.yahoo.co.jp/qa/question_detail/q12324942897,東京医科大学の看護学科に共テ利用で出願しました。看護学科の基準で計算すると全体81.5%でした。 今年出願した方、または、共テ利用で合格された方、何割くらいで出願しましたか？ 河合塾が出しているボーダ...,0,0
857,2026/2/2 20:30,就職活動,niz********,6時間50分,0,5,5.0,0,0,0.012,0.0,0.0,0.01,あと3日,https://detail.chiebukuro.yahoo.co.jp/qa/question_detail/q11324942896,spiテストセンターの出題範囲について 推論(整数)に関してなんですが、以下のような問題はウェブテストでしか出ず、 ================== 3つの整数X、Y、Zがあり 0<X<Y<10 ...,0,0
859,2026/2/2 20:30,恋愛相談、人間関係の悩み,1051926028,6時間50分,3,40,13.3,0,0,0.097,7.5,0.01,0.46,あと3日,https://detail.chiebukuro.yahoo.co.jp/qa/question_detail/q13324942893,《結婚への迷い・親からの反対》 彼氏29歳、私28歳で交際約3年です。 お互いに結婚を考えるようになり、お互いの両親へ結婚をしたい相手がいることを話しました。彼のご両親は歓迎してくれたのですが、私の両...,0,0
860,2026/2/2 20:30,アルバイト、フリーター,1252035302,6時間51分,4,26,6.5,0,8,0.063,15.38,0.0,1.13,あと3日,https://detail.chiebukuro.yahoo.co.jp/qa/question_detail/q12324942892,居酒屋のバイトって、デブスはやっぱり雇っともらえませんか？ 私の自己紹介？アピール？をするとこんな感じです↓ ・高校の頃居酒屋でアルバイトを2年半弱していました ・コミュ力は高い方で明るいとよく言って...,0,0
861,2026/2/2 20:30,飲食店,1251882227,6時間51分,0,2,2.0,0,0,0.005,0.0,0.0,0.0,あと3日,https://detail.chiebukuro.yahoo.co.jp/qa/question_detail/q10324942890,札幌で白髪ネギが美味しいラーメンと薄味があるラーメン屋でおすすめありますか,0,0
862,2026/2/2 20:30,大学受験,1253175356,6時間51分,0,6,6.0,0,0,0.015,0.0,0.0,0.01,あと3日,https://detail.chiebukuro.yahoo.co.jp/qa/question_detail/q11324942891,今から25日の2次試験に向けて参考書を追加するのはありですか？ 英作文の参考書と国語の単語帳です。,0,0
863,2026/2/2 20:30,占い,^_^,6時間51分,2,14,7.0,0,0,0.034,14.29,0.0,0.28,あと3日,https://detail.chiebukuro.yahoo.co.jp/qa/question_detail/q14324942889,占いって何で当たるの?!,0,0
864,2026/2/2 20:30,アルバイト、フリーター,cd48325b,6時間51分,1,14,14.0,1,2,0.034,7.14,0.0,0.54,あと3日,https://detail.chiebukuro.yahoo.co.jp/qa/question_detail/q13324942888,至急！ すき家のバイト2ヵ月だけは無理でしょうか？？高3です。,0,0
865,2026/2/2 20:30,職場の悩み,ID 非公開,6時間51分,2,29,14.5,0,0,0.07,6.9,0.01,0.31,あと3日,https://detail.chiebukuro.yahoo.co.jp/qa/question_detail/q12324942887,流石に判断が早すぎませんか？ 今の時代、こう言うのって早く報告するもんなの…？？ 職場の新人がお局に結婚してるの？って聞かれて 速攻、上司に報告していました（笑） 新人に、いくらなんでもちょっと早くな...,0,0
866,2026/2/2 20:30,菓子、スイーツ,ラーメンに溺れたい,6時間51分,1,16,16.0,0,1,0.039,6.25,0.01,0.23,あと3日,https://detail.chiebukuro.yahoo.co.jp/qa/question_detail/q11324942886,お菓子作りや紅茶について詳しい方 紅茶のガナッシュクッキーを作ろうと考えているのですが、今まで紅茶のケーキやクッキーを作った際に上手く紅茶の風味をつけることができないことが多くて…そこでおすすめの茶葉...,0,0
867,2026/2/2 20:30,恋愛相談、人間関係の悩み,1150042122,6時間51分,1,17,17.0,0,0,0.041,5.88,0.01,0.16,あと3日,https://detail.chiebukuro.yahoo.co.jp/qa/question_detail/q10324942885,失恋をしました。22歳の大学生です。 先日、2か月間付き合っていた彼女の二股が発覚し、別れることになりました。 彼女には元彼がいて、関係が完全に切れておらず、定期的に会っていたそうです。 また、彼女は...,0,0
868,2026/2/2 20:30,学校の悩み,afad5fe22,6時間51分,0,13,13.0,0,0,0.032,0.0,0.0,0.03,あと3日,https://detail.chiebukuro.yahoo.co.jp/qa/question_detail/q14324942884,私は高校生で国語の授業で絵を描くことになりました。 先生は下手でもいいよと言っていましたが、私の描いた絵を見て否定してきました。その後ダメ出しした後に、 書き直す時間があまりなくて「どんまい」と捨て台...,0,0
869,2026/2/2 20:30,スマートフォンアクセサリー,b48e88f53,6時間51分,0,4,4.0,0,0,0.01,0.0,0.0,0.01,あと3日,https://detail.chiebukuro.yahoo.co.jp/qa/question_detail/q13324942883,Anker製品について質問です！！ この2つは何が違うんですか？ おすすめはどっちですか？ 見づらいのは許してください。,0,0
870,2026/2/2 20:30,大学受験,b855e2448,6時間51分,1,16,16.0,0,0,0.039,6.25,0.01,0.16,あと3日,https://detail.chiebukuro.yahoo.co.jp/qa/question_detail/q12324942882,"高一第3回駿台模試数学で偏差値50,51を取るにはどんな参考書で対策すればいいですか。 また問題の難易度はどんな感じですか。",0,0
871,2026/2/2 20:30,恋愛相談,非公開,6時間51分,7,74,10.6,0,11,0.18,9.46,0.02,1.83,あと3日,https://detail.chiebukuro.yahoo.co.jp/qa/question_detail/q10324942880,「まぁ別にビビるなや。俺はよこんな風に全身にタトゥーを入れてて怖い感じだけどよ。舐めた真似せえへんかったり筋の通らへんことしなかったら殴ったりせぇへんで」 と全身にタトゥーを入れてる男性が言ったら器が...,0,0
872,2026/2/2 20:30,ポケットモンスター,c98803314,6時間51分,0,11,11.0,0,0,0.027,0.0,0.0,0.03,あと3日,https://detail.chiebukuro.yahoo.co.jp/qa/question_detail/q11324942881,ポケモンスリープについてです。 このワシボン育成して良いと思いますか？,0,0
873,2026/2/2 20:30,政治、社会問題,coo********,6時間51分,1,18,18.0,0,1,0.044,5.56,0.01,0.24,あと3日,https://detail.chiebukuro.yahoo.co.jp/qa/question_detail/q14324942879,私は確かに迷惑な存在です。だからと言って、警視庁が集団で個人の主権を侵害することがあっていいのか？ 一般市民も図にのって一人の人間を苦しめる。それが本当に優しい国と言われる日本人のすることですか？ 僕...,0,0
874,2026/2/2 20:29,ピアス,a6570ecfb,6時間52分,0,3,3.0,0,0,0.007,0.0,0.0,0.01,あと3日,https://detail.chiebukuro.yahoo.co.jp/qa/question_detail/q13324942878,岐阜県で口ピアスを開けられるスタジオとかってありますか,0,0
875,2026/2/2 20:29,おもちゃ,nvs********,6時間53分,0,3,3.0,0,0,0.007,0.0,0.0,0.01,あと3日,https://detail.chiebukuro.yahoo.co.jp/qa/question_detail/q12324942877,ベイブレードX ゴーレムロックとバトルした際に、サムライカリバーのブレードの裏に写真のようなヒビが入ったと言ったんですが、これヒビに見えますか？,0,0
876,2026/2/2 20:29,ダイエット,c2dad1b54,6時間53分,7,44,6.3,0,0,0.107,15.91,0.01,0.95,あと3日,https://detail.chiebukuro.yahoo.co.jp/qa/question_detail/q11324942876,散歩のダイエット効果について 1日1時間歩いた場合、どの程度のダイエット効果がありますか？,0,0
877,2026/2/2 20:29,Instagram,く ろ,6時間53分,0,17,17.0,0,0,0.041,0.0,0.0,0.04,あと3日,https://detail.chiebukuro.yahoo.co.jp/qa/question_detail/q10324942875,インスタについて質問させてください。 先日彼氏にインスタのフォロー欄とフォロワー欄を見られて俺以外の男を外せと言われました。わたしは友達の彼氏や幼馴染の男の人とも繋がっており、ただ単にストーリーを見る...,0,0
878,2026/2/2 20:29,大学受験,1150555088,6時間53分,1,74,74.0,0,0,0.179,1.35,0.13,0.3,あと3日,https://detail.chiebukuro.yahoo.co.jp/qa/question_detail/q14324942874,東海大学の全学部統一試験を受けました。 ３教科中上位2科目で取られますが、自己採点をしてみたら国語7.5割、英語5割で64%くらいでした(><) 法学部と政治経済学部は受かるでしょうか？,0,0
879,2026/2/2 20:29,運転免許,1150614923,6時間53分,2,42,21.0,0,1,0.102,4.76,0.02,0.42,あと3日,https://detail.chiebukuro.yahoo.co.jp/qa/question_detail/q13324942873,免許合宿で毎回違う教官になるのですが、緊張してして頭が真っ白になってしまいます。間違った行動をして怒られてモヤモヤしてを繰り返してしまっています。 初日から4日間一緒だった教官は落ち着いて教えてくれた...,0,0
880,2026/2/2 20:29,政治、社会問題,非公開,6時間53分,6,54,9.0,0,3,0.131,11.11,0.01,1.07,あと3日,https://detail.chiebukuro.yahoo.co.jp/qa/question_detail/q12324942872,日本人って日本を悪く言い過ぎだと思いませんか？ そんな格差や貧困が凄いという割に外国に移民や出稼ぎに行く人なんて聞いたことないですよね。コロナだって日本は優等生だったのに当時は日本だけ失敗してるみたい...,0,0
881,2026/2/2 20:29,郵便、宅配,1153219965,6時間53分,1,9,9.0,0,0,0.022,11.11,0.0,0.14,あと3日,https://detail.chiebukuro.yahoo.co.jp/qa/question_detail/q11324942871,Xでお取引をし、私は荷物を受け取る側でお相手は木曜日に窓口にて発送したそうです。 ですが1週間経っても荷物が届かず お相手は埼玉県私は神奈川県です。 これはおかしいことでしょうか？,0,0
882,2026/2/2 20:29,手芸,b818cd627,6時間53分,0,8,8.0,0,0,0.019,0.0,0.0,0.02,あと3日,https://detail.chiebukuro.yahoo.co.jp/qa/question_detail/q10324942870,ヒロインズ（ドレスコード）のプレゼントについてです。 ハンドメイド（購入品）を渡したいと思っているのですがこちらはヒロインズが禁止としている開封されているもの、中古品に含まれませんか？ また渡す際物販...,0,0
883,2026/2/2 20:29,職場の悩み,c3c81f4eb,6時間53分,1,8,8.0,0,0,0.019,12.5,0.0,0.14,あと3日,https://detail.chiebukuro.yahoo.co.jp/qa/question_detail/q14324942869,業務外の仕事で困っています。 現在福祉の仕事をしているのですが、当初立ち上げということもあり、業務量も少なかった為善意で会社のホームページを作成しました。 ホームページ自体は余裕がある時に完成し、その...,0,0
884,2026/2/2 20:29,電池,1152885756,6時間53分,1,13,13.0,0,0,0.031,7.69,0.0,0.15,あと3日,https://detail.chiebukuro.yahoo.co.jp/qa/question_detail/q11324942866,鉛ディープサイクルバッテリーからリン酸鉄リチウムイオンに変更しようと思っています。 現在走行充電器にscp12eという物がついてますがそのまま交換した場合リチウムイオンバッテリーを傷めたり危険性はあり...,0,0
885,2026/2/2 20:29,資産運用、投資信託、NISA,am5********,6時間53分,2,38,19.0,0,0,0.092,5.26,0.02,0.33,不明,https://detail.chiebukuro.yahoo.co.jp/qa/question_detail/q13324942868,NISAの証券会社を変えようと思ってますがNISAの証券会社を変えると、今まで積み立てていた前の会社の証券はNISAの枠で購入したものとして残せるんでしょうか？ 。（非課税枠）新しく開設した証券会社で...,0,0
886,2026/2/2 20:29,おもちゃ,b57fa8c00,6時間53分,1,14,14.0,0,0,0.034,7.14,0.0,0.15,あと3日,https://detail.chiebukuro.yahoo.co.jp/qa/question_detail/q10324942865,ゴジラフィギュア、ゴジラソフビについて ゴジラのソフビで、ブルマァクの当時物フィギュアがリユースショップで35000円で売っていました 状態はそこそこよく、目立つ傷などはなかったのですが、ブルマァクゴ...,0,0
887,2026/2/2 20:29,iPhone,flm********,6時間53分,2,9,4.5,0,0,0.022,22.22,0.0,0.26,あと3日,https://detail.chiebukuro.yahoo.co.jp/qa/question_detail/q14324942864,最近ゲオで760円で購入した充電ケーブル「MFI認証品」で端子の部分汚れとか傷みたいなのが入ってるのですがそれで充電できなくなるとかありえたりするでしょうか？ 今のところポンと音はなるけどなった後充電...,0,0
888,2026/2/2 20:29,園芸、ガーデニング,原始胎海の水,6時間53分,1,27,27.0,0,1,0.065,3.7,0.02,0.26,あと3日,https://detail.chiebukuro.yahoo.co.jp/qa/question_detail/q13324942863,原神を4、5ヶ月ぶりにやって、ナドクライを最近探索し始めたのですが、ついさっき、銀月の庭に行ったらあのでっかい月の上にコロンビーナがいたんですよ。けど今はどこにもいないんです！！なぜですか？ どうやっ...,0,0
889,2026/2/2 20:29,恋愛相談、人間関係の悩み,cen********,6時間54分,2,36,18.0,0,1,0.087,5.56,0.02,0.4,あと3日,https://detail.chiebukuro.yahoo.co.jp/qa/question_detail/q11324942861,なんで男って大金入るとすぐキャバクラ行って札束見せるの？風俗の方がコスパよくない？本当の金持ちは札束なんか見せないよね？,0,0
890,2026/2/2 20:29,政治、社会問題,1151705508,6時間54分,2,28,14.0,1,1,0.068,7.14,0.01,0.62,あと3日,https://detail.chiebukuro.yahoo.co.jp/qa/question_detail/q13324942858,維新はデカい口叩く割には議席を減らしそうですね。自民が圧勝しそうな勢いですが、もし圧勝したら不人気な維新を与党から放り出した方が良いと思いますがいかがでしょうか。,0,0
891,2026/2/2 20:29,生き方、人生相談,エビマヨ,6時間54分,2,6,3.0,0,0,0.014,33.33,0.0,0.26,あと3日,https://detail.chiebukuro.yahoo.co.jp/qa/question_detail/q14324942859,皆何も失うもんが無くて完全自由。人生最後の賭けというか博打をするなら何する？ （将来にかける為この勉強とかでもいいし、純粋に今を生きるとしてギャンブル系でもいいし、この世の中に対してとかそっち系でもあ...,0,0
892,2026/2/2 20:29,政治、社会問題,非公開,6時間54分,1,34,34.0,0,0,0.082,2.94,0.03,0.2,あと3日,https://detail.chiebukuro.yahoo.co.jp/qa/question_detail/q12324942857,参政党の支持者達が「神谷さんに最高権力者である天皇になって欲しい」とか言ってますがどう思いますか？,0,0
893,2026/2/2 20:29,就職、転職,匿名,6時間54分,0,9,9.0,0,0,0.022,0.0,0.0,0.02,あと3日,https://detail.chiebukuro.yahoo.co.jp/qa/question_detail/q11324942856,日東駒専から五大商社はどれくらいの人がいけますか？,0,0
894,2026/2/2 20:29,ゲーム,ベストアンサーつけてえええ,6時間54分,0,4,4.0,0,0,0.01,0.0,0.0,0.01,あと3日,https://detail.chiebukuro.yahoo.co.jp/qa/question_detail/q14324942854,フォートナイトのブレインロットについてです。 今日ずっと画像のままなんですが治す方法ありますかඉ_ඉ,0,0
895,2026/2/2 20:29,飲食店,om5********,6時間54分,8,41,5.1,0,2,0.099,19.51,0.01,1.21,あと3日,https://detail.chiebukuro.yahoo.co.jp/qa/question_detail/q10324942855,ラーメンとご飯を一緒に食べますか？？,0,0
896,2026/2/2 20:29,恋愛相談、人間関係の悩み,tcg********,6時間54分,5,80,16.0,0,4,0.193,6.25,0.03,1.08,あと3日,https://detail.chiebukuro.yahoo.co.jp/qa/question_detail/q13324942853,恋愛について質問です。 気になる女性が職場におり、普段は仕事の業務内容と挨拶くらいですが、インスタからメッセージ送ったらおかしいですか？ ちなみに顔見知りになったのは、１ヶ月前くらいです。,0,0
897,2026/2/2 20:29,クレジットカード,c42308856,6時間54分,1,84,84.0,0,1,0.203,1.19,0.17,0.39,あと3日,https://detail.chiebukuro.yahoo.co.jp/qa/question_detail/q12324942852,TikTokにあったNIKE新春セールで詐欺と気付かず商品をクレジットで購入してしまいました。 商品の注文をキャンセルできる方法はありますか？ また、カード会社には再発行の申し出はおこなったのですが他...,0,0
898,2026/2/2 20:29,スキンケア,ばすぴす,6時間54分,2,22,11.0,0,2,0.053,9.09,0.01,0.44,あと3日,https://detail.chiebukuro.yahoo.co.jp/qa/question_detail/q10324942850,中2です。肌をなるべく白くするにはどうしたら良いのでしょうか… 外部なので夏はどう足掻いても日焼けしてしまい悩んでいます。もともと周りより少し黒いというのもあり、日焼けするとすごい目立ちます；；そこで...,0,0
899,2026/2/2 20:29,病気、症状,お悩み混沌,6時間54分,0,7,7.0,0,0,0.017,0.0,0.0,0.02,あと3日,https://detail.chiebukuro.yahoo.co.jp/qa/question_detail/q12324942847,明日入試なんですけど咳がほんとにやばくてインフルじゃないんですけどくそでかいげっほんみたいなやつ出さないとずっと出るみたいな状態で、それって受付早めに行って先生に伝えた方がいいですか？ 伝える場合はど...,0,0
900,2026/2/2 20:28,公務員試験,oao********,6時間55分,0,16,16.0,0,0,0.038,0.0,0.0,0.04,あと3日,https://detail.chiebukuro.yahoo.co.jp/qa/question_detail/q11324942846,教員採用試験についてです。 民間企業から教員を目指しています。 出願時、株式会社と名前のつく民間企業に2年以上勤めています。 私は「社会人経験者特例の出願者」の対象になると認識していますが、その場合「...,0,0
901,2026/2/2 20:28,バラエティ、お笑い,1053162493,6時間55分,0,5,5.0,0,0,0.012,0.0,0.0,0.01,あと3日,https://detail.chiebukuro.yahoo.co.jp/qa/question_detail/q10324942845,世界一受けたい授業の先生が登場する時のオーケストラみたいな曲を教えてください！,0,0
902,2026/2/2 20:28,ダイエット,1152133452,6時間55分,3,17,5.7,0,0,0.041,17.65,0.0,0.4,あと3日,https://detail.chiebukuro.yahoo.co.jp/qa/question_detail/q14324942844,いわゆる普通体型からモデルさんのようなスタイルになった方に聞きたいです！ 一番効いたダイエット方法を教えてください！ 私は太っている訳では無いのですが、顔に肉が付きやすいタイプで足やお腹は細いのに顔だ...,0,0
903,2026/2/2 20:28,恋愛相談、人間関係の悩み,世宇子中行きたい,6時間55分,1,25,25.0,0,1,0.06,4.0,0.01,0.25,あと3日,https://detail.chiebukuro.yahoo.co.jp/qa/question_detail/q13324942843,今日好きな人にテストが延期になったため知らせたところ 「そうなんだ！わざわざありがとう！」 ときました。この「わざわざ」ていうワードがなんか悲しくて凹んでしまいます。 わざわざって好きな人にも送ります...,0,0
904,2026/2/2 20:28,簿記,1150136190,6時間55分,1,30,30.0,0,0,0.072,3.33,0.02,0.19,あと3日,https://detail.chiebukuro.yahoo.co.jp/qa/question_detail/q12324942842,簿記２級 連結会計 いよいよ大詰めです P社がS社を支配した S社は当期中に配当をしている とあった場合、 なぜP社がS社から配当金を受け取ることになるのですか 配当金って株主に渡すんじゃないんですか...,0,0
905,2026/2/2 20:28,絵画,ピキ,6時間56分,2,31,15.5,0,0,0.075,6.45,0.01,0.31,不明,https://detail.chiebukuro.yahoo.co.jp/qa/question_detail/q10324942840,イラストを描き始めて半年経ったものです。よく資料を参考にすると言いますが、自分の場合そもそも資料を見て参考にする方法が、よく分からずに困ってます。 俯瞰構図+立っているイラストを描きたいなと思って、そ...,0,0
906,2026/2/2 20:28,カウンセリング、治療,、。,6時間56分,1,5,5.0,0,0,0.012,20.0,0.0,0.13,あと3日,https://detail.chiebukuro.yahoo.co.jp/qa/question_detail/q14324942839,数学や社会科の勉強は難しくて嫌でも、メンタルヘルスの本を読んで学ぶことは簡単ですか？,0,0
907,2026/2/2 20:28,ピアス,您,6時間56分,0,6,6.0,0,0,0.014,0.0,0.0,0.01,あと3日,https://detail.chiebukuro.yahoo.co.jp/qa/question_detail/q12324942837,大きく重さのあるピアスは穴が拡張しないように、耳の裏側に絆創膏を切って貼り、ピアスを通すと固定され耳も疲れづらく固定されるらしいのですが、 絆創膏の代わりに医療用のホワイトテープやハイドロコロイド用の...,0,0
908,2026/2/2 20:28,この仕事教えて,心が15歳のトランスエイジ,6時間56分,0,6,6.0,0,0,0.014,0.0,0.0,0.01,あと3日,https://detail.chiebukuro.yahoo.co.jp/qa/question_detail/q13324942838,トラックドライバーってなんで仕方なく就いてる人が多いんですか？,0,0
909,2026/2/2 20:28,ゲーム,b4f6d8442,6時間56分,1,9,9.0,0,0,0.022,11.11,0.0,0.14,あと3日,https://detail.chiebukuro.yahoo.co.jp/qa/question_detail/q11324942836,第5人格についてです。私は庭師使いなのですがいつもどの衣装を着るか対戦前に迷ってしまい、いつも試合が始まってしまいます。そこで印象の良い庭師の衣装はありますか？ (幽霊プリンセス、宇宙の魔女、風邪をマ...,0,0
910,2026/2/2 20:28,大学受験,b59c8cb64,6時間56分,4,39,9.8,0,0,0.094,10.26,0.01,0.57,あと3日,https://detail.chiebukuro.yahoo.co.jp/qa/question_detail/q10324942835,今年偏差値60の高校に入学するものです。慶應志望なのですが高1は何の勉強すればよいですか。 やっておいたほうがいい教科や勉強時間も教えてほしいです。,0,0
911,2026/2/2 20:28,ゲーム,あ,6時間56分,2,16,8.0,0,1,0.038,12.5,0.0,0.35,あと3日,https://detail.chiebukuro.yahoo.co.jp/qa/question_detail/q14324942834,ニンテンドーSwitchについてです。 以前使っていたSwitchが水没によって完全に使えなくなってしまい、新しいSwitchを購入しました。ですが以前使っていたSwitchを購入してからかなり時間が...,0,0
912,2026/2/2 20:28,メンズ全般,＾＾,6時間56分,0,1,1.0,0,0,0.002,0.0,0.0,0.0,あと3日,https://detail.chiebukuro.yahoo.co.jp/qa/question_detail/q13324942833,アメカジ好きです キーケースでおすすめのブランド教えてください,0,0
913,2026/2/2 20:28,ソフトバンク,1150375943,6時間56分,1,30,30.0,0,0,0.072,3.33,0.02,0.19,あと3日,https://detail.chiebukuro.yahoo.co.jp/qa/question_detail/q12324942832,ソフトバンクのペイトクについて質問です。 ペイトク無制限に加入していてPayPay決済(PayPayカードゴールド）の場合、ペイトク特典の+5%（初月〜3ヶ月目は+10%)はポイント入りますか？,0,0
914,2026/2/2 20:28,政治、社会問題,非公開,6時間56分,2,20,10.0,0,0,0.048,10.0,0.0,0.29,あと3日,https://detail.chiebukuro.yahoo.co.jp/qa/question_detail/q10324942830,【至急】私は思想的にはどちらかというと保守派なのに高市政権への批判したら「左翼！」とかレッテルを貼られました。 どう思いますか？,0,0
915,2026/2/2 20:28,資格,ba****,6時間56分,0,1,1.0,0,0,0.002,0.0,0.0,0.0,あと3日,https://detail.chiebukuro.yahoo.co.jp/qa/question_detail/q11324942831,測量士試験について質問です。択一添削② 問１ c TSの鉛直軸の方向が、鉛直方向に一致していないためにより生じる誤差を 何と言いますか？,0,0
917,2026/2/2 20:28,ホテル、旅館,tak********,6時間56分,0,3,3.0,0,0,0.007,0.0,0.0,0.01,あと3日,https://detail.chiebukuro.yahoo.co.jp/qa/question_detail/q13324942828,伊東園ホテルズのミックスピザうまいですか？,0,0
918,2026/2/2 20:28,車検、メンテナンス,1151306155,6時間56分,2,24,12.0,0,1,0.058,8.33,0.01,0.37,不明,https://detail.chiebukuro.yahoo.co.jp/qa/question_detail/q12324942827,1型バリオスA5に乗っているのですが先日ガソリンタンクを外すのにPRI以外にコックを合わせるとネット見たのでやったのですがホースを外すとポタポタと燃料が落ちてくるのですが原因がわかる方いらっしゃいます...,0,0
919,2026/2/2 20:28,コンタクトレンズ、視力矯正,1151903631,6時間56分,0,2,2.0,0,0,0.005,0.0,0.0,0.0,あと3日,https://detail.chiebukuro.yahoo.co.jp/qa/question_detail/q13324942823,今まで日常的にPCを使うではなくたまに使う程度の仕事をしてきました。 現在転職を考えていますが、日常的にPCを使う仕事だと視力はどうしても悪くなりますか？,0,0
920,2026/2/2 20:28,車検、メンテナンス,dee********,6時間56分,3,46,15.3,1,1,0.11,6.52,0.02,0.78,あと3日,https://detail.chiebukuro.yahoo.co.jp/qa/question_detail/q11324942821,充電制御車のオルタネーター交換について。 先日オルタネーターをリビルト品に交換しました。今までは電圧計を見ていると14Vぐらいの時と12.5Vぐらいの時がありました。 リビルト品に交換したらエンジンを...,0,0
921,2026/2/2 20:28,高校受験,匿名,6時間57分,1,29,29.0,0,0,0.07,3.45,0.02,0.19,あと3日,https://detail.chiebukuro.yahoo.co.jp/qa/question_detail/q12324942822,"小３までの学力しかない、中３の女子が、高校受験の面接官の男性に、 ｢将来の夢は何ですか？｣ と聞かれて、 ｢小学校の先生です｣ と言ったら、 ""小３までの学力しかないくせに高望みするな"" と思いますか...",0,0
922,2026/2/2 20:28,日本史,afaf1c99f,6時間57分,2,3,1.5,0,0,0.007,66.67,0.0,0.25,あと3日,https://detail.chiebukuro.yahoo.co.jp/qa/question_detail/q10324942820,新選組ー京都見回り組ー会津藩 薩摩長州藩 この中で一番評判悪かったのは 新選組ですか どれですか,0,0
923,2026/2/2 20:28,コミック,a9ca9f40f,6時間57分,2,29,14.5,0,3,0.07,6.9,0.01,0.52,あと3日,https://detail.chiebukuro.yahoo.co.jp/qa/question_detail/q14324942819,ジョジョの奇妙な冒険の漫画を買おうと思っているのですが、部の区切りは何巻ごとなのでしょうか？ それぞれの部のタイトルも教えてください。それと世界線の違いがよく分かっておらず、何処まで読もうかも悩んでい...,0,0
924,2026/2/2 20:28,住宅,a4b0295d4,6時間57分,1,8,8.0,0,0,0.019,12.5,0.0,0.14,あと3日,https://detail.chiebukuro.yahoo.co.jp/qa/question_detail/q13324942818,トイレが詰まってしまい 脱着をしないと直らないと 言われたのですが どれくらいかかりますか？ わかるかた教えていただけると 助かります。,0,0
925,2026/2/2 20:28,音楽,lunatica,6時間57分,0,12,12.0,0,0,0.029,0.0,0.0,0.03,あと3日,https://detail.chiebukuro.yahoo.co.jp/qa/question_detail/q11324942816,すみません。 最近、VTuberの皆さんの歌にドップリハマってしまって…。、 具体的には、このようなジャンルの歌がとても気に入っているのです。 https://www.youtube.com/watc...,0,0
926,2026/2/2 20:28,女性アイドル,b56706f04,6時間57分,0,3,3.0,0,0,0.007,0.0,0.0,0.01,あと3日,https://detail.chiebukuro.yahoo.co.jp/qa/question_detail/q10324942815,好きな地下アイドルを布教してください,0,0
927,2026/2/2 20:28,ヘアケア,ひらめ,6時間57分,2,23,11.5,0,0,0.055,8.7,0.01,0.29,あと3日,https://detail.chiebukuro.yahoo.co.jp/qa/question_detail/q14324942814,毎日のお風呂で多い時に髪が30本近く抜けるのは異常ですか？ シャンプーで頭をゴシゴシすると指に10本くらい抜けた髪が絡まっていて、リンスでも同じくらい抜けます。別の人がお風呂に入ったあとの排水溝は綺麗...,0,0
928,2026/2/2 20:28,高校野球,R0827,6時間57分,1,9,9.0,0,0,0.022,11.11,0.0,0.14,あと3日,https://detail.chiebukuro.yahoo.co.jp/qa/question_detail/q12324942812,最後の二つが違うと思います。 98回選抜 長崎日大 長崎西 長崎県勢2校は、2023年以来 3年ぶりですか？,0,0
929,2026/2/2 20:28,自動車,fbb********,6時間57分,1,10,10.0,0,0,0.024,10.0,0.0,0.14,あと3日,https://detail.chiebukuro.yahoo.co.jp/qa/question_detail/q10324942810,シビック質問失礼します、 シビックR FD2のホイールナットを交換しようと思っているのですがサイズを教えて頂きたいです。 M12×P1.25かM12×P1.5どちらでしょうか。 お願い致します。,0,0
930,2026/2/2 20:28,アニメ,虹ヶ咲推し,6時間57分,3,23,7.7,1,0,0.055,13.04,0.0,0.65,あと3日,https://detail.chiebukuro.yahoo.co.jp/qa/question_detail/q11324942811,南條愛乃さんを知っている人、どの担当キャラがきっかけでした？ ・回答は作品名とｷｬﾗ名で(条件無視は不可),0,0
931,2026/2/2 20:28,運転免許,まつまゆ,6時間57分,4,46,11.5,0,0,0.11,8.7,0.01,0.59,あと3日,https://detail.chiebukuro.yahoo.co.jp/qa/question_detail/q14324942809,R7に準中型免許を取得しました。 日野のデュトロの最大積載2トンのユニック車は運転できるでしょうか？人によって運転できるっていう人もいればできないっていう人もいます。最大積載は2トンでクリアしてるとお...,0,0
932,2026/2/2 20:28,恋愛相談、人間関係の悩み,まめっち,6時間57分,3,16,5.3,0,0,0.038,18.75,0.0,0.4,あと3日,https://detail.chiebukuro.yahoo.co.jp/qa/question_detail/q12324942807,人間関係について質問です。 友達カップルと私と彼氏はお互いに、仲がいいです。ですが、私は友達の彼氏が嫌いです。 理由は、彼女に対しては全て割り勘年は10個以上離れているのに家電や食費や家賃全て割り勘で...,0,0
933,2026/2/2 20:28,iPhone,現在,6時間57分,0,13,13.0,0,0,0.031,0.0,0.0,0.03,あと3日,https://detail.chiebukuro.yahoo.co.jp/qa/question_detail/q13324942808,【 Spotifyについて 】 Spotifyのローカルファイルのジャケ写を変更するにはどうすればいいでしょうか？ また、アーティスト名の付け方も教えてください。 iPhoneで出来る方法をご存知でし...,0,0
934,2026/2/2 20:27,職業,1053191980,6時間58分,0,3,3.0,0,0,0.007,0.0,0.0,0.01,あと3日,https://detail.chiebukuro.yahoo.co.jp/qa/question_detail/q11324942806,至急 過去にホストやってた方に質問です。今でも覚えているお客さんとかいますか？それはどんな人ですか？,0,0
935,2026/2/2 20:27,音楽,c33489feb,6時間58分,0,5,5.0,0,0,0.012,0.0,0.0,0.01,あと3日,https://detail.chiebukuro.yahoo.co.jp/qa/question_detail/q10324942805,綺麗でテンポがゆっくりな曲が好きなのですが、そういった曲でオススメはありますか？ ・花は咲く ・小さきもの ・春よ、こい ・Yuri on ICE ・アリア《離れず側にいて》 ・愛について-Agape...,0,0
936,2026/2/2 20:27,小説,はにへ,6時間58分,0,15,15.0,0,0,0.036,0.0,0.0,0.04,あと3日,https://detail.chiebukuro.yahoo.co.jp/qa/question_detail/q14324942804,ある小説の題名が分からなく困っています 記憶は曖昧ではあるんですが… あらすじとしては ある年配の男性が主人公で、彼は孤独に苦しむあまり薬を大量に飲んで自〇しようとします。しかし、目を瞑り覚ますと海底...,0,0
937,2026/2/2 20:27,携帯型ゲーム全般,おなやな,6時間59分,3,30,10.0,0,0,0.072,10.0,0.01,0.43,あと3日,https://detail.chiebukuro.yahoo.co.jp/qa/question_detail/q12324942802,原神でレベル40なのに絶対にレベルに合わない火力の攻撃をしてきます。攻撃範囲も広すぎて避けることもできません。こっちはレベル50で育成もしているのに体力が沢山削れます。 どうすればこのような目に合わな...,0,0
938,2026/2/2 20:27,小学校,非公開,6時間59分,2,2,1.0,0,2,0.005,100.0,0.0,0.39,あと3日,https://detail.chiebukuro.yahoo.co.jp/qa/question_detail/q11324942801,町立小学校の教師の配属はどの決まりますか？？ 知人が粕屋町の公立小学校で先生をしてましたが、昨年博多区の小学校に異動してました。粕屋町は結構田舎ですが？都会の学校に移動って普通ですか 評価が良いと都会...,0,0
939,2026/2/2 20:27,鳥類,さざなみ,6時間59分,1,26,26.0,1,0,0.062,3.85,0.02,0.42,あと3日,https://detail.chiebukuro.yahoo.co.jp/qa/question_detail/q10324942800,【至急】セキセイインコの足の爪が捻れてしまいました 今日の夜、セキセイインコがゲージの中で転けてしまいその際に爪が捻れて逆の方向に向いてしまいました。 下から上向きになった状態です。 多少の出血はあり...,0,0
940,2026/2/2 20:27,運転免許,c86097319,6時間59分,1,31,31.0,0,0,0.074,3.23,0.02,0.19,あと3日,https://detail.chiebukuro.yahoo.co.jp/qa/question_detail/q14324942799,どっちが運転した方が事故りそうですか？ 1と2どちらも回答お願いします 1．ゲーセンで頭文字Dとかやりこんでる無免許の人と少しフラフラになるまで酒飲んだ60代免許持ちの人 2．ゲーセンの運転とか全くや...,0,0
941,2026/2/2 20:27,メイク、コスメ,匿名,6時間59分,3,23,7.7,0,0,0.055,13.04,0.0,0.41,あと3日,https://detail.chiebukuro.yahoo.co.jp/qa/question_detail/q13324942798,いつもよりナチュナルなつもりでメイクしたのですが、親にケバい、変と言われてしまいました 特に涙袋が変だそうです。薄く書いてるつもりですが実際には変に見えるのか？ セザンヌの二重ライナーで下書きをしてか...,0,0
942,2026/2/2 20:27,高校数学,c3cb6c5c3,6時間59分,0,9,9.0,0,0,0.021,0.0,0.0,0.02,あと3日,https://detail.chiebukuro.yahoo.co.jp/qa/question_detail/q12324942797,"高校数学 現在高校2年生の者です。 数学Ⅰ,Ⅱ,Ⅲはできるのですが、数学B,Cの分野が苦手で模試の(1)くらいしか正解できません。 この差はいったいなんでしょうか？また、どうしたら点数を取れるようにな...",0,0
943,2026/2/2 20:27,女性アイドル,may********,6時間59分,0,16,16.0,0,0,0.038,0.0,0.0,0.04,あと3日,https://detail.chiebukuro.yahoo.co.jp/qa/question_detail/q11324942796,HANAって社会現象になるほど凄いんですか？ ノーノーガールズが社会現象？ デビューした去年が社会現象？,0,0
944,2026/2/2 20:27,アニメ,koito,6時間59分,9,68,7.6,2,0,0.162,13.24,0.01,1.71,あと3日,https://detail.chiebukuro.yahoo.co.jp/qa/question_detail/q14324942794,中毒性のあるアニソンを教えてください,0,0
945,2026/2/2 20:27,レディースバッグ、財布、小物類,姫,6時間59分,1,5,5.0,0,0,0.012,20.0,0.0,0.13,あと3日,https://detail.chiebukuro.yahoo.co.jp/qa/question_detail/q13324942793,セリーヌで前回財布とポーチを買った時は代引きでネットで購入できたのですが、 今セリーヌでピアス買おうとしたところ代引きができませんでした、、、 なぜかわかる方いますか? 当たり前ですがちゃんと支払いし...,0,0
946,2026/2/2 20:27,政治、社会問題,非公開,6時間59分,2,15,7.5,0,0,0.036,13.33,0.0,0.27,あと3日,https://detail.chiebukuro.yahoo.co.jp/qa/question_detail/q12324942792,【至急】スパイ防止法の危険な点をどう思いますか？ スパイ防止法の危険な点は、国家安全保障の名の下で個人の権利や民主主義の基盤が侵食されやすい点にある。以下、主な問題点を整理して解説する。 第一に、定義...,0,0
947,2026/2/2 20:27,一般教養,om5********,6時間59分,4,15,3.8,0,0,0.036,26.67,0.0,0.51,あと3日,https://detail.chiebukuro.yahoo.co.jp/qa/question_detail/q11324942791,のりピーは好きですか？？,0,0
948,2026/2/2 20:27,高校受験,1253035847,6時間59分,4,19,4.8,0,1,0.045,21.05,0.0,0.59,あと3日,https://detail.chiebukuro.yahoo.co.jp/qa/question_detail/q10324942790,和光高校の推薦を受けたいと思っている中2です！自分はA推薦に基準が多分見たないと思いますなのでB推薦受けたいと思ってます B推薦は人物的に優れてる人物になっているんですけど自分何もしていなくて賞とった...,0,0
949,2026/2/2 20:27,インターネット接続,なる,6時間59分,3,35,11.7,0,2,0.083,8.57,0.01,0.58,あと3日,https://detail.chiebukuro.yahoo.co.jp/qa/question_detail/q14324942789,最近Wi-Fiを10Gに変更しました。 新しくきたONUという黒い機械と 光BBユニットをオレンジの電話回線で繋ぎたいのですが ONU側にオレンジケーブルの差し込み口がなく どうしたら良いか分かりませ...,0,0
950,2026/2/2 20:27,韓国・朝鮮語,ｌD非公開,6時間59分,2,18,9.0,0,0,0.043,11.11,0.0,0.28,あと3日,https://detail.chiebukuro.yahoo.co.jp/qa/question_detail/q11324942786,韓国の人のなん％がキムさんですか？ もっと多い名ありますか？,0,0
951,2026/2/2 20:27,一般教養,b4a4d5ee9,6時間59分,2,4,2.0,0,0,0.01,50.0,0.0,0.25,あと3日,https://detail.chiebukuro.yahoo.co.jp/qa/question_detail/q12324942787,4月から大学生になります！ 教員採用試験に向けて4月から勉強を始めようと思うのですが初めはどんな参考書を使うのがいいですかね、？,0,0
952,2026/2/2 20:27,手芸,voy********,7時間0分,1,13,13.0,0,0,0.031,7.69,0.0,0.15,不明,https://detail.chiebukuro.yahoo.co.jp/qa/question_detail/q13324942788,"英語の型紙に、1/2"" seams allowed. と書いていあります。 これは1/2インチの縫い代込み、という意味でしょうか？ もしくは型紙の線は出来上がり線で、自分で縫い代分外側に出さないといけ...",0,0
953,2026/2/2 20:27,友人関係の悩み,b7c0a24dd,7時間0分,4,58,14.5,0,1,0.138,6.9,0.02,0.68,あと3日,https://detail.chiebukuro.yahoo.co.jp/qa/question_detail/q10324942785,あんまり関わりたくないし、嫌いまである子にLINEの誕生日カードを書いたら「誕生日カードありがと〜！」ときました。なんと返すのが正解でしょうか？ 元々書く気はなかったんですけど、親友とのバースデーと被...,0,0
954,2026/2/2 20:27,派遣,sim********,7時間0分,0,7,7.0,0,0,0.017,0.0,0.0,0.02,あと3日,https://detail.chiebukuro.yahoo.co.jp/qa/question_detail/q14324942784,【急ぎ】前払いMAXについて【コイン250枚】 オープンループパートナーズの前払いMAXについて、同じくオープンループパートナーズで派遣として働かれている方に質問です。 前払いMAXを使用したい場合、...,0,0
955,2026/2/2 20:27,レディース全般,yo525346155,7時間0分,0,3,3.0,0,0,0.007,0.0,0.0,0.01,あと3日,https://detail.chiebukuro.yahoo.co.jp/qa/question_detail/q13324942783,ポロスウェット購入したいと思ってるのですが、ネイビーかグレーで悩んでます。 ちなみにボトムスはデニム系や、黒、白、ベージュ系が多いです。どちらも合わせやすいと思いますが、春先だと1枚で着れますがまだ寒...,0,0
956,2026/2/2 20:27,メンズ全般,1052437783,7時間0分,1,15,15.0,0,0,0.036,6.67,0.01,0.15,あと3日,https://detail.chiebukuro.yahoo.co.jp/qa/question_detail/q12324942782,大学生です。こういう身体つきに憧れがあるのですが、どのような事をすればいいでしょうか？ それとモデルのスタイルから察するに175〜180cmくらいありそうで、170cmの自分とは合わないことも心配して...,0,0
957,2026/2/2 20:27,大学受験,1150142277,7時間0分,1,103,103.0,0,0,0.245,0.97,0.25,0.36,あと3日,https://detail.chiebukuro.yahoo.co.jp/qa/question_detail/q11324942781,武蔵大学2026年2/2の全学部グローバル方式を受けた者です。英検スコアが2372点で90点換算で、日本史が厳しめに自己採点して正答率が約85%でした。 ですが、日本史がやや易化したらしく得点調整でそ...,0,0
958,2026/2/2 20:27,資格,ba****,7時間0分,0,4,4.0,0,0,0.01,0.0,0.0,0.01,あと3日,https://detail.chiebukuro.yahoo.co.jp/qa/question_detail/q10324942780,測量士試験について質問です。択一添削③ 問８ ウがー２、エが ６２３ となるのはなぜですか？,0,0
959,2026/2/2 20:27,男性アイドル,c22ff6622,7時間0分,1,21,21.0,0,0,0.05,4.76,0.01,0.17,あと3日,https://detail.chiebukuro.yahoo.co.jp/qa/question_detail/q14324942779,SixTONESのジェシーくんがYouTubeで節分の豆まきを渡辺さんはやらなくてもいいという豆知識をしゃべっていた動画を探しています！ 私のおぼろげな記憶ではドライブ企画だったような気がするんですが...,0,0
960,2026/2/2 20:27,iPhone,1252067648,7時間0分,1,20,20.0,0,0,0.048,5.0,0.01,0.17,あと3日,https://detail.chiebukuro.yahoo.co.jp/qa/question_detail/q13324942778,iPhoneから写真が消えました。 iCloudも50GB課金で12GBしか使っていなくて、本体の容量は64GB中60GB使っています。 最近削除した項目にもなくて困っています。 誰か助けてください,0,0
961,2026/2/2 20:27,ヘアケア,aff051ca4,7時間0分,0,6,6.0,0,0,0.014,0.0,0.0,0.01,あと3日,https://detail.chiebukuro.yahoo.co.jp/qa/question_detail/q12324942777,ホットペッパーで、根元だけの縮毛矯正を予約したいのですが、どう検索すればいいですか？リタッチと入れてもなかなかでてきません,0,0
962,2026/2/2 20:27,会計、経理、財務,1150487808,7時間0分,0,4,4.0,0,0,0.01,0.0,0.0,0.01,あと3日,https://detail.chiebukuro.yahoo.co.jp/qa/question_detail/q11324942776,日本のアパレルメーカーの営業利益率はラックごと店頭に並べるしまむらの営業利益率９％に対して、 生地が最先端繊維を使用しているワークマンの営業利益率１８％のしまむらの2倍の営業利益率が出せている理由を教...,0,0
963,2026/2/2 20:27,自動車,MA,7時間0分,0,11,11.0,0,0,0.026,0.0,0.0,0.03,あと3日,https://detail.chiebukuro.yahoo.co.jp/qa/question_detail/q10324942775,この4WDシートヒーター付きの日産ノートの型式分かる方いますか？,0,0
964,2026/2/2 20:27,洋楽,a1cac545f,7時間0分,0,13,13.0,0,0,0.031,0.0,0.0,0.03,あと3日,https://detail.chiebukuro.yahoo.co.jp/qa/question_detail/q14324942774,曲を探しています。 TikTokなどではやった音源で、洋楽？です。 なーなーなーなーなーなーなななななー<ｷﾞｬｰｰｰｰｰｰｰ！ みたいな音源の元曲が知りたいたいです お願いしますm(_ _)m,0,0
965,2026/2/2 20:27,パチンコ,rin********,7時間0分,2,13,6.5,0,1,0.031,15.38,0.0,0.34,あと3日,https://detail.chiebukuro.yahoo.co.jp/qa/question_detail/q13324942773,パチンコって何度も行くほど楽しいですか？,0,0
967,2026/2/2 20:26,ゲーム,ネコカラス,7時間1分,1,12,12.0,0,2,0.028,8.33,0.0,0.29,あと3日,https://detail.chiebukuro.yahoo.co.jp/qa/question_detail/q14324942769,Switch2とSwitchの2台があって同じアカウントを使っているとして、2の方でトモコレをインストールした場合、無印の方でも遊べますか？またそれは別データ扱いになりますか？,0,0
968,2026/2/2 20:26,K-POP、アジア,非公開,7時間1分,1,36,36.0,0,1,0.085,2.78,0.03,0.27,あと3日,https://detail.chiebukuro.yahoo.co.jp/qa/question_detail/q13324942768,treasureの先程詳細の出た追加席はどの辺なのでしょうか(><) 一般指定席と書いてありますが、全席ランダムで振り分けられるのでしょうか、？ ジーライオンの時はFC1次が4階に飛ばされたりしていた...,0,0
969,2026/2/2 20:26,ファーストフード,1052624662,7時間2分,2,10,5.0,0,0,0.024,20.0,0.0,0.26,あと3日,https://detail.chiebukuro.yahoo.co.jp/qa/question_detail/q12324942767,すき家ですきパスを愛用してる方に質問です。すき家のメニューで、すきパスの割引が効くメニューの中でのお気に入りを教えてください！！,0,0
970,2026/2/2 20:26,消費者問題,b8ba67471,7時間2分,1,65,65.0,1,0,0.154,1.54,0.1,0.51,不明,https://detail.chiebukuro.yahoo.co.jp/qa/question_detail/q10324942765,フォトウェディングの見学時の契約トラブルについて相談させてください。 先日、フォトウェディングの見学に行きました。あくまで見学のみのつもりで、当日に契約するつもりはありませんでした。 しかし、希望の日...,0,0
971,2026/2/2 20:26,昆虫,東組(西成区山王1-11-8),7時間2分,2,15,7.5,0,3,0.036,13.33,0.0,0.48,あと3日,https://detail.chiebukuro.yahoo.co.jp/qa/question_detail/q14324942764,ハンミョウが50倍の大きさに為ればチーター依り速い?,0,0
972,2026/2/2 20:26,恋愛相談、人間関係の悩み,非公開,7時間2分,5,79,15.8,0,3,0.187,6.33,0.03,0.99,あと3日,https://detail.chiebukuro.yahoo.co.jp/qa/question_detail/q11324942766,男で低身長だと恋愛に関してはほとんど詰みですよね？？？ 僕が20歳なので同世代からの回答待ってます,0,0
973,2026/2/2 20:26,自動車,sek********,7時間2分,2,14,7.0,0,0,0.033,14.29,0.0,0.27,あと3日,https://detail.chiebukuro.yahoo.co.jp/qa/question_detail/q13324942763,ちょっと気になったのですがエブリィワゴンのこのマークは何ですか？,0,0
974,2026/2/2 20:26,LINE,kaz********,7時間2分,1,16,16.0,0,0,0.038,6.25,0.01,0.16,あと3日,https://detail.chiebukuro.yahoo.co.jp/qa/question_detail/q12324942762,ラインで相手からブロックされた場合今までのアルバムは見れなくなりますか？,0,0
975,2026/2/2 20:26,ゲーム,cle********,7時間2分,2,26,13.0,0,0,0.062,7.69,0.01,0.3,あと3日,https://detail.chiebukuro.yahoo.co.jp/qa/question_detail/q11324942761,エルデンリングナイトレインのプロゲーマーになりたいです どうしたらなれますか？,0,0
976,2026/2/2 20:26,政治、社会問題,非公開,7時間2分,2,31,15.5,0,1,0.073,6.45,0.01,0.38,あと3日,https://detail.chiebukuro.yahoo.co.jp/qa/question_detail/q10324942760,【至急】自民党案で憲法改正された場合、国民主権から政府主権になり緊急事態条項（緊急政令、 国会機能維持条項）の追加と基本的人権を守る最高法規97条の削除によりいくらでも人権を国民から剥奪できるようにな...,0,0
977,2026/2/2 20:26,大学受験,1052098381,7時間2分,0,26,26.0,0,0,0.062,0.0,0.0,0.06,あと3日,https://detail.chiebukuro.yahoo.co.jp/qa/question_detail/q14324942759,名城大の情報学部の数学の解答用紙は左下が2で右上が3じゃないんですか？,0,0
978,2026/2/2 20:26,賃貸物件,a40c3b095,7時間2分,2,20,10.0,0,0,0.047,10.0,0.0,0.28,あと3日,https://detail.chiebukuro.yahoo.co.jp/qa/question_detail/q12324942757,初めてオール電化の賃貸に住んだんですが、 電気契約して、 お湯の出し方がわかりません。昨日契約して、1日経ってます。 設定も時間設定がわからずお湯がでません。 教えてください。 Joshiba 東芝電...,0,0
979,2026/2/2 20:26,コスプレ,うどん,7時間2分,1,14,14.0,0,0,0.033,7.14,0.0,0.15,あと3日,https://detail.chiebukuro.yahoo.co.jp/qa/question_detail/q13324942758,ウィッグの染色について質問です。 欲しい色のウィッグが販売されていないため、染めることを考えています。 その場合、 •欲しい色に近い色のウィッグを購入して染める •染まりやすそうな白（またはかなり明る...,0,0
980,2026/2/2 20:26,恋愛相談、人間関係の悩み,1053300646,7時間2分,1,14,14.0,0,0,0.033,7.14,0.0,0.15,あと3日,https://detail.chiebukuro.yahoo.co.jp/qa/question_detail/q11324942756,おとな6と24歳の写真ではまあまあ顔の整ってる人に提案されました。6ってそんな高額有り得ます？冷やかしとかですかね。,0,0
981,2026/2/2 20:26,CM,ゐのき(尾丸ポルカ推し),7時間2分,0,9,9.0,0,0,0.021,0.0,0.0,0.02,あと3日,https://detail.chiebukuro.yahoo.co.jp/qa/question_detail/q10324942755,最近、auのCMで飲食店?で男性2人組で写ってるシーンがありますが｢俺って増量期じゃん｣って言ってる俳優さんの名前を知りたいです,0,0
982,2026/2/2 20:26,大学受験,1052283109,7時間2分,1,30,30.0,0,1,0.071,3.33,0.02,0.26,あと3日,https://detail.chiebukuro.yahoo.co.jp/qa/question_detail/q14324942754,理科大入試が始まりました。理学部応化が本命で模試の判定はほぼE(全統模試偏差値60弱)しかとったことがなく諦めモードだったのですが、過去問だと余裕で合格点を超えます。 こういうことはよくあるのでしょう...,0,0
983,2026/2/2 20:26,福祉、介護,匿名,7時間2分,0,3,3.0,0,0,0.007,0.0,0.0,0.01,あと3日,https://detail.chiebukuro.yahoo.co.jp/qa/question_detail/q13324942753,私(女)は、相談支援専門員の女性Aに、 ｢私はケアマネになりたいと思ってるんです｣ や、 ｢前は小学校の先生になりたいと思ってたんですよ｣ や、 ｢お祖父ちゃんは働いてた時は月給が100万円だったんで...,0,0
984,2026/2/2 20:26,家族関係の悩み,ごりりんご,7時間2分,2,23,11.5,0,0,0.054,8.7,0.01,0.29,あと3日,https://detail.chiebukuro.yahoo.co.jp/qa/question_detail/q12324942752,高校生です。私には二つ下の妹と、10歳以上歳が離れている妹と弟がいます。 最近話題になっている子のように毎日毎日ずっと妹たちの面倒を見ろ、と言われるわけではないですが、お風呂から出たあと髪を乾かしたり...,0,0
985,2026/2/2 20:26,Yahoo!知恵袋,dat********,7時間2分,3,41,13.7,0,1,0.097,7.32,0.01,0.52,あと3日,https://detail.chiebukuro.yahoo.co.jp/qa/question_detail/q10324942750,この髭は濃いですか？ 薄いですか？,0,0
986,2026/2/2 20:26,アニメ,bf2c42126,7時間3分,0,10,10.0,0,0,0.024,0.0,0.0,0.02,あと3日,https://detail.chiebukuro.yahoo.co.jp/qa/question_detail/q11324942751,花畑チャイカさんの、13回戦したと話している切り抜きを見たのですが、まず、チャイカさんの恋愛対象はどっちですか??,0,0
987,2026/2/2 20:26,政治、社会問題,m1o********,7時間3分,3,28,9.3,0,0,0.066,10.71,0.01,0.42,あと3日,https://detail.chiebukuro.yahoo.co.jp/qa/question_detail/q14324942749,あなたは どんなお祝いをしますか？自民・維新の与党で300議席の時。 ラーメンを食べて祝う お風呂に裸で祝う カキフライを食べて祝う 彼女とワインで祝う きつねうどんをたべる オムライスで祝う みんな...,0,0
988,2026/2/2 20:26,iPhone,llx********,7時間3分,1,2,2.0,0,0,0.005,50.0,0.0,0.12,あと3日,https://detail.chiebukuro.yahoo.co.jp/qa/question_detail/q13324942748,iPhoneのアルバムの写真を使って自作ステッカーを作りたいです。 写真を長押し→ステッカーに追加 まではできました。その後、メモにステッカーを貼り付けて自宅プリンタで印刷をしようと思ったのですが、印...,0,0
989,2026/2/2 20:26,文房具,1251125114,7時間3分,1,19,19.0,0,0,0.045,5.26,0.01,0.16,あと3日,https://detail.chiebukuro.yahoo.co.jp/qa/question_detail/q12324942747,木軸ペン(ボナンペン)についての質問です。 この木目は当たりですか？また縮杢ですか？,0,0
990,2026/2/2 20:26,恋愛相談、人間関係の悩み,syz********,7時間3分,1,25,25.0,0,0,0.059,4.0,0.01,0.18,あと3日,https://detail.chiebukuro.yahoo.co.jp/qa/question_detail/q11324942746,好きになった人がウィッグだと知ったら どう思いますか？？ はじめまして。 私は抗がん剤治療を経験し、現在ウィッグ生活をしています。 2ヶ月ほど前に治療は終わり、眉毛やまつ毛など髪の毛以外の毛は生え始め...,0,0
992,2026/2/2 20:26,高校数学,かなた,7時間3分,2,22,11.0,0,0,0.052,9.09,0.01,0.29,あと3日,https://detail.chiebukuro.yahoo.co.jp/qa/question_detail/q14324942744,1の答えの分母は因数分解したものですが 2の答えの分母は展開したものです 問題文が計算せよ、だけなのでどちらでも良いのですか,0,0
993,2026/2/2 20:26,決済、ポイントサービス,1252157081,7時間3分,0,3,3.0,0,0,0.007,0.0,0.0,0.01,あと3日,https://detail.chiebukuro.yahoo.co.jp/qa/question_detail/q13324942743,atoneのコード決済について質問です。 atoneのコード決済はタワレコで使えるか教えて欲しいです,0,0
994,2026/2/2 20:26,予備校、進学塾,あいうえお,7時間3分,2,13,6.5,0,0,0.031,15.38,0.0,0.27,あと3日,https://detail.chiebukuro.yahoo.co.jp/qa/question_detail/q12324942742,英進館の中高一貫部に通われている方に質問です。 私は新中1で、春から英進館中高一貫部に入塾する者なのですが、授業は週何回行われていますか？,0,0
995,2026/2/2 20:26,特撮,まさかず@ぽっちゃりこそ至高！,7時間3分,1,14,14.0,0,0,0.033,7.14,0.0,0.15,あと3日,https://detail.chiebukuro.yahoo.co.jp/qa/question_detail/q11324942741,間違いやすいものは？ ジュウレンジャーとゲキレンジャーは間違いやすいレベル４！,0,0
996,2026/2/2 20:26,社会保険,kpgtna,7時間3分,3,36,12.0,0,0,0.085,8.33,0.01,0.44,あと3日,https://detail.chiebukuro.yahoo.co.jp/qa/question_detail/q14324942739,"厚生年金保険料ってなんですか？ 調べても意味不明です。 手取り交通費込みで267,119円で 厚生年金保険料が25,620円も引かれてます。 こんなに引かれたくないんですがどうしようもないですか",0,0
997,2026/2/2 20:26,国際情勢,lD非公開,7時間3分,2,4,2.0,0,0,0.009,50.0,0.0,0.24,あと3日,https://detail.chiebukuro.yahoo.co.jp/qa/question_detail/q10324942740,韓国の検察捜査権剥奪法って具体的にどんな法律ですか？,0,0
998,2026/2/2 20:25,趣味,brt*******,7時間4分,1,9,9.0,0,0,0.021,11.11,0.0,0.14,あと3日,https://detail.chiebukuro.yahoo.co.jp/qa/question_detail/q12324942737,使わないけど集めちゃってるものありますか？ そのコレクションはどうしていますか？飾っていますか？,0,0
999,2026/2/2 20:25,政治、社会問題,bkf********,7時間4分,3,43,14.3,0,1,0.101,6.98,0.01,0.52,あと3日,https://detail.chiebukuro.yahoo.co.jp/qa/question_detail/q11324942736,「日本は韓国に経済制裁して竹島を取り返すべき」という主張は日本ファースト的なものですか？,0,0
1000,2026/2/2 20:25,アニメ,c12e90c44,7時間4分,1,15,15.0,0,0,0.035,6.67,0.01,0.15,あと3日,https://detail.chiebukuro.yahoo.co.jp/qa/question_detail/q10324942735,なんのアニメか忘れたのですが「小さな世界」という能力のキャラがいたのですが教えてください,0,0
1001,2026/2/2 20:25,プロ野球,Niboshi,7時間4分,0,4,4.0,0,0,0.009,0.0,0.0,0.01,あと3日,https://detail.chiebukuro.yahoo.co.jp/qa/question_detail/q14324942734,プロ野球のキャンプについてです。 今年始めて中日ドラゴンズのキャンプにいくのですが、サインのもらい方やマナー等教えていただけないでしょうか。1軍2軍どちらも教えていただけると光栄です。よろしくお願いし...,0,0
1002,2026/2/2 20:25,政治、社会問題,1052072389,7時間5分,1,24,24.0,0,1,0.056,4.17,0.01,0.24,あと3日,https://detail.chiebukuro.yahoo.co.jp/qa/question_detail/q12324942732,国民民主党の略称をよく見ずに国民民主党と入れて投票したんですけど無効票ですか？,0,0
1004,2026/2/2 20:25,大学受験,非公開,7時間5分,1,33,33.0,0,0,0.078,3.03,0.03,0.19,あと3日,https://detail.chiebukuro.yahoo.co.jp/qa/question_detail/q11324942731,Fラン大学落ちた人いますか？,0,0
1005,2026/2/2 20:25,健康、病気、病院,b9c7f4db9,7時間5分,0,1,1.0,0,0,0.002,0.0,0.0,0.0,あと3日,https://detail.chiebukuro.yahoo.co.jp/qa/question_detail/q14324942729,DHCのサプリメントですが、 亜鉛、カルシウム、マルチビタミンを併合してもいいのでしょうか。,0,0
1006,2026/2/2 20:25,家族関係の悩み,1051782139,7時間5分,2,22,11.0,0,0,0.052,9.09,0.01,0.29,あと3日,https://detail.chiebukuro.yahoo.co.jp/qa/question_detail/q10324942730,児相に直接会おうって言われました。 先日、自分が寝坊して講習会に行けず、外出中だった親に「覚えとけよ」とLINEされました。 親は怒ると膝蹴りをしたりビンタされたりするので恐怖で児相に電話したのですが...,0,0
1007,2026/2/2 20:25,恋愛相談、人間関係の悩み,qmv********,7時間5分,2,43,21.5,0,0,0.101,4.65,0.02,0.34,あと3日,https://detail.chiebukuro.yahoo.co.jp/qa/question_detail/q13324942728,"彼氏への誕生日プレゼントでのご質問です。 彼氏25歳、私は21歳です。 ･12,000円のアイウェア ･6000円の髭剃り (かなり髭が濃い、安いカミソリばかり使ってる為) ･2000円の車用スマホホ...",0,0
1008,2026/2/2 20:25,小説,ひな,7時間5分,0,9,9.0,0,0,0.021,0.0,0.0,0.02,あと3日,https://detail.chiebukuro.yahoo.co.jp/qa/question_detail/q12324942727,君の膵臓をたべたい、また同じ夢を見ていた、恋とあれとそれとあと全部、の考察を教えてください。また、小ネタ（？）などもあればお願いします。キャラクターの秘密的なのもあればお願いします！,0,0
1009,2026/2/2 20:25,プレイステーション4,1252615736,7時間5分,0,4,4.0,0,0,0.009,0.0,0.0,0.01,あと3日,https://detail.chiebukuro.yahoo.co.jp/qa/question_detail/q11324942726,レインボーシックスシージの試合中に聞こえるイケボな男性の声でup all 〜って言われるんですけどなんて言ってるかわかりますか！！,0,0
1010,2026/2/2 20:25,就職活動,非公開,7時間5分,2,6,3.0,0,0,0.014,33.33,0.0,0.25,あと3日,https://detail.chiebukuro.yahoo.co.jp/qa/question_detail/q10324942725,面接を受けて通過なら2週間以内に連絡があります。落ちたら何もない この場合、いつぐらいに連絡がありますか？,0,0
1011,2026/2/2 20:25,鉄道、列車、駅,lD非公開,7時間5分,1,40,40.0,0,0,0.094,2.5,0.04,0.21,あと3日,https://detail.chiebukuro.yahoo.co.jp/qa/question_detail/q14324942724,駅すぱあとで、新幹線の名古屋→岐阜羽島の所要時間を調べてみましたが 速い便は9分、遅い便は12分で、3分の差があります。この差はなぜですか？ なお岐阜羽島は着時刻なので、岐阜羽島での停車時間は関係ない...,0,0
1012,2026/2/2 20:25,生物、動物、植物,1150910165,7時間5分,1,22,22.0,0,0,0.052,4.55,0.01,0.17,あと3日,https://detail.chiebukuro.yahoo.co.jp/qa/question_detail/q13324942723,至急！！高校生物です。 この問題の解き方を教えてください。 比で解くやり方も知っていたら教えてください。,0,0
1013,2026/2/2 20:25,ボクシング,wai********,7時間5分,1,15,15.0,0,0,0.035,6.67,0.01,0.15,あと3日,https://detail.chiebukuro.yahoo.co.jp/qa/question_detail/q12324942722,今晩は、この写真のボクサーの名前はなんですか？,0,0
1014,2026/2/2 20:25,高校野球,R0827,7時間5分,1,13,13.0,0,0,0.031,7.69,0.0,0.15,あと3日,https://detail.chiebukuro.yahoo.co.jp/qa/question_detail/q11324942721,意味が分からん。 98回選抜 滋賀学園 近江 滋賀県勢2校は、2年連続ですか？,0,0
1015,2026/2/2 20:25,発達障害,yhh********,7時間5分,3,40,13.3,2,0,0.094,7.5,0.01,0.91,あと3日,https://detail.chiebukuro.yahoo.co.jp/qa/question_detail/q10324942720,私は自閉症スペクトラム障害と軽度のADHDと境界知能です。 私は挨拶が苦手です。というか言おうとしても、喉がしまったようになって、声が出なくなることがあります。 相手に聞こえないです。 それで、どうし...,0,0
1016,2026/2/2 20:25,ゲーム,gio********,7時間6分,1,26,26.0,0,0,0.061,3.85,0.02,0.18,不明,https://detail.chiebukuro.yahoo.co.jp/qa/question_detail/q14324942719,できれば急ぎです ゼルダの伝説 ブレスオブザワイルドでこの画像の記憶を探してます。 Aiに聞いたところオルディン渓谷とのことで来ているのですが、ストーンのサークル周りを探してみても何もありません、、、...,0,0
1017,2026/2/2 20:25,恋愛相談、人間関係の悩み,yonezuiiuta11,7時間6分,1,34,34.0,0,0,0.08,2.94,0.03,0.2,あと3日,https://detail.chiebukuro.yahoo.co.jp/qa/question_detail/q13324942718,元カノが無神経すぎて辛いです。未経験がいい理由を言います。トラウマです 彼女は、事ある事に元彼の話を出してきました。 これ言ったら嫌われるかなとか言って、そう言うってことは夜の事だと察しがついたので夜...,0,0
1018,2026/2/2 20:25,テーマパーク,ifdgkc8665542417,7時間6分,1,17,17.0,0,0,0.04,5.88,0.01,0.16,不明,https://detail.chiebukuro.yahoo.co.jp/qa/question_detail/q12324942717,東京ドームシティのTeNQ 宇宙ミュージアムについて。 窓口購入のチケットは現金のみですか？？ クレカやIDなどの電子マネーは使えるのでしょうか。,0,0
1019,2026/2/2 20:25,ポケットモンスター,非公開,7時間6分,0,10,10.0,0,0,0.023,0.0,0.0,0.02,あと3日,https://detail.chiebukuro.yahoo.co.jp/qa/question_detail/q11324942716,ポケモンのルチアがロケット団に捕まり、こちょこちょマシーンでこちょこちょ拷問される展開はあるとしたら、どんな理由でロケット団から狙われそうでしょうか？,0,0
1020,2026/2/2 20:25,スノーボード,まっすぃ,7時間6分,3,65,21.7,0,0,0.152,4.62,0.03,0.5,あと3日,https://detail.chiebukuro.yahoo.co.jp/qa/question_detail/q10324942715,スノーボードのビンディングについて質問です。 グラトリメインで滑っています。 UNIONの中だとオススメはやはりウルトラでしょうか？ 軽さも考えると上位のファルコアも気になります。 フォースなどの通常...,0,0
1021,2026/2/2 20:25,税金、年金,aka,7時間6分,1,12,12.0,0,0,0.028,8.33,0.0,0.15,不明,https://detail.chiebukuro.yahoo.co.jp/qa/question_detail/q14324942714,会社の扶養についての質問です。 現在、専業主婦の妻と１歳の子供を扶養に入れています。 このたび、自分の母親が仕事を辞めることになりました。 そして自分の扶養に入れて欲しいと言われました。 ちなみに母親...,0,0
1022,2026/2/2 20:25,恋愛相談,非公開,7時間6分,2,13,6.5,0,1,0.03,15.38,0.0,0.33,あと3日,https://detail.chiebukuro.yahoo.co.jp/qa/question_detail/q13324942713,離婚歴3回の女性と結婚は無理だけど体の関係を持って別れた元彼が3人いる女性はOKという男性の心理は何ですか？両者の違いは婚姻届、離婚届という紙切れの書類を提出しているか否かでしかないのに。,0,0
1023,2026/2/2 20:25,自動車,see********,7時間6分,1,12,12.0,0,0,0.028,8.33,0.0,0.15,あと3日,https://detail.chiebukuro.yahoo.co.jp/qa/question_detail/q12324942712,車 ZN6 86の助手席部分らへんから常に革製品みたいな臭いぽいのがするような気がするんですがエパボレータークリーナー、消臭スチーム等しても消えません。これはなんなんでしょうか？,0,0
1024,2026/2/2 20:25,大学受験,非公開,7時間6分,1,17,17.0,0,0,0.04,5.88,0.01,0.16,あと3日,https://detail.chiebukuro.yahoo.co.jp/qa/question_detail/q11324942711,名古屋女子大学はFラン？？,0,0
1025,2026/2/2 20:25,賃貸物件,1052910115,7時間6分,1,23,23.0,0,0,0.054,4.35,0.01,0.17,あと3日,https://detail.chiebukuro.yahoo.co.jp/qa/question_detail/q10324942710,いい部屋ネットで物件を見ていたんですが、同じ建物なのに 敷金0礼金１ヶ月 の部屋と敷金礼金0 の部屋がありました。何故片方は礼金ありで片方はなしなのでしょうか？ また、この場合敷金礼金0の物件を選ぶべ...,0,0
1026,2026/2/2 20:25,プレイステーション4,wtw********,7時間6分,0,4,4.0,0,0,0.009,0.0,0.0,0.01,あと3日,https://detail.chiebukuro.yahoo.co.jp/qa/question_detail/q14324942709,PS5のストーカー２で、サイドミッションの学園生活でスノークを始末した後、ホンタのところに戻ったのですが、ちょっと待ってで一向に話が進みません。どうやったら話が進みますか？,0,0
1027,2026/2/2 20:25,YouTube,zzz********,7時間6分,3,26,8.7,0,1,0.061,11.54,0.01,0.48,あと3日,https://detail.chiebukuro.yahoo.co.jp/qa/question_detail/q12324942707,最近、YouTubeでやたらと日本スゲー、日本バンザイみたいな動画が多く感じるのですがなぜでしょう？,0,0
1028,2026/2/2 20:25,大学受験,。,7時間6分,0,14,14.0,0,0,0.033,0.0,0.0,0.03,あと3日,https://detail.chiebukuro.yahoo.co.jp/qa/question_detail/q13324942708,東京大の進振り制度に関する質問です。 私は薬剤師資格を取った後に博士課程に進みたいと考えています。研究職志望です。 現時点では東大を第一志望にしているのですが、東京大は薬学部に内定を貰うのが難しいと伺...,0,0
1029,2026/2/2 20:24,職場の悩み,c51e1826c,7時間7分,1,24,24.0,1,0,0.056,4.17,0.01,0.41,あと3日,https://detail.chiebukuro.yahoo.co.jp/qa/question_detail/q11324942706,仕事ではまだ新人な方で余裕がまだまだな所もあり、清掃員の仕事になりますが、とあるものを掃除して来た場所に置いて来てしまったりみたいな事がたまにあり、 この間は昼休憩の際にレンチンしたつもりがスタートボ...,0,0
1030,2026/2/2 20:24,病気、症状,bkf********,7時間7分,1,7,7.0,0,0,0.016,14.29,0.0,0.13,あと3日,https://detail.chiebukuro.yahoo.co.jp/qa/question_detail/q10324942705,首を回すのはうつ対策になりますか？,0,0
1031,2026/2/2 20:24,工学,キラキラーマシン,7時間8分,0,36,36.0,0,0,0.084,0.0,0.0,0.08,あと3日,https://detail.chiebukuro.yahoo.co.jp/qa/question_detail/q14324942704,この回路の入力インピーダンスを求めていただきたいです。よろしくお願いします。 M1のゲート部分にCを挿入した場合の入力インピーダンスもお願いいたします。,0,0
1032,2026/2/2 20:24,大学受験,ab3fc213c,7時間8分,0,91,91.0,0,0,0.213,0.0,0.0,0.21,あと3日,https://detail.chiebukuro.yahoo.co.jp/qa/question_detail/q13324942703,2026年2月1日の関西大学入試を受けてきました！ 英語がいつもより難しく感じました。でもやることはやってきました 英語140 国語114.5 日本史82.5 合計337 これで法学部受かるでしょうか...,0,0
1033,2026/2/2 20:24,音楽,.,7時間8分,0,3,3.0,0,0,0.007,0.0,0.0,0.01,あと3日,https://detail.chiebukuro.yahoo.co.jp/qa/question_detail/q11324942701,絶対敵対メチャキライヤーのような、仲悪そうに見えるけどほんとは仲良いよね！！？みたいな曲、他にありませんか？,0,0
1034,2026/2/2 20:24,日本史,afaf1c99f,7時間8分,1,10,10.0,0,1,0.023,10.0,0.0,0.21,あと3日,https://detail.chiebukuro.yahoo.co.jp/qa/question_detail/q12324942702,借金踏み倒し 薩摩と新選組 どちらが多いのですか,0,0
1035,2026/2/2 20:24,ダイエット,c545758a,7時間8分,3,14,4.7,0,0,0.033,21.43,0.0,0.38,あと3日,https://detail.chiebukuro.yahoo.co.jp/qa/question_detail/q10324942700,中3がいちにちの摂取カロリーを1200kcal以下にしたら身長は止まりますか？4月までに51kgを47kgに落としたいと思ってます。,0,0
1036,2026/2/2 20:24,ゲーム,c94784f2b,7時間8分,1,14,14.0,0,1,0.033,7.14,0.0,0.22,あと3日,https://detail.chiebukuro.yahoo.co.jp/qa/question_detail/q14324942699,ゲーム8について質問です。 ゲーム8掲示板の禁止用語が分からない、改善点を求む。文⬇ ※コンボは1つになっていますが実際は2つです。(チャージ速度大＋中) 最初にムートの金が溜まるまで待ちムートを出撃...,0,0
1037,2026/2/2 20:24,大学受験,1153151568,7時間8分,0,13,13.0,0,0,0.03,0.0,0.0,0.03,あと3日,https://detail.chiebukuro.yahoo.co.jp/qa/question_detail/q13324942698,関大建築学科志望の高2なんですけど、今から青チャⅡBと基礎問題精講ⅡBどっちやるべきですか？ また、IAの場合も教えて教えて頂きたいです。 周りより少し数学苦手な自覚アリです。直近の進研模試の偏差値は...,0,0
1038,2026/2/2 20:24,哲学、倫理,ｌD非公開,7時間8分,4,23,5.8,0,1,0.054,17.39,0.0,0.59,あと3日,https://detail.chiebukuro.yahoo.co.jp/qa/question_detail/q12324942697,「掴んで、離さない。」とだけ聞いたら「なにを？」と思いますか？,0,0
1039,2026/2/2 20:24,病気、症状,hok********,7時間8分,2,21,10.5,0,0,0.049,9.52,0.01,0.28,あと3日,https://detail.chiebukuro.yahoo.co.jp/qa/question_detail/q11324942696,一カ月くらい前から、指で示しているあたりに、指で撫でるように触り、深く押し込むとコリコリとしたしこりがあります、しこりは動きます。 普通にしているときは、中々見つけられず、横になり顔を上げて指で撫でる...,0,0
1040,2026/2/2 20:24,アニメ,非公開,7時間8分,4,34,8.5,0,2,0.079,11.76,0.01,0.68,あと3日,https://detail.chiebukuro.yahoo.co.jp/qa/question_detail/q10324942695,『ドラえもん のび太と日韓併合』という映画は作られるでしょうか？ タイムマシンで日韓併合の時代にタイムスリップしたのび太達はそこである少年に出会う。そして時間犯罪者がひそかに暗躍していた…… のび太「...,0,0
1041,2026/2/2 20:24,大学受験,bb56212b0,7時間8分,2,44,22.0,0,1,0.103,4.55,0.02,0.4,あと3日,https://detail.chiebukuro.yahoo.co.jp/qa/question_detail/q14324942694,横浜市立大学医学部看護学科に出願しました。 A方式75%（ボーダー70%）、B方式84%（ボーダー74%）でした。 どちらもA判定です。 しかしA方式での入試方法の総志望者の中で61位でした。出願予定...,0,0
1042,2026/2/2 20:24,インターネットショッピング,でん,7時間8分,0,4,4.0,0,0,0.009,0.0,0.0,0.01,あと3日,https://detail.chiebukuro.yahoo.co.jp/qa/question_detail/q13324942693,シーインで買い物をしたのですが、 現在KANSAI JAPAN配送業者に引き渡し、配送準備中になっています。 あとどれくらいで届くと思いますか‥？,0,0
1043,2026/2/2 20:24,海外,gco********,7時間8分,5,71,14.2,0,13,0.166,7.04,0.02,1.65,不明,https://detail.chiebukuro.yahoo.co.jp/qa/question_detail/q12324942692,海外のお客様に出身はどこって聞くとNorth Americaって答える方が稀にいらっしゃるのですが、具体的にどこの国を指してるのかわかりますか？ 毎回それ以上突っ込んでいいのかわからず終わってしまうの...,0,0
1044,2026/2/2 20:24,この仕事教えて,心が15歳のトランスエイジ,7時間8分,2,6,3.0,0,0,0.014,33.33,0.0,0.25,あと3日,https://detail.chiebukuro.yahoo.co.jp/qa/question_detail/q11324942691,トラックドライバーは働きながら学べますか？警察学校のように,0,0
1045,2026/2/2 20:24,社会保険,kit********,7時間8分,1,42,42.0,0,0,0.098,2.38,0.04,0.21,不明,https://detail.chiebukuro.yahoo.co.jp/qa/question_detail/q10324942690,社会保険保険の扶養について教えてください。 65歳で息子の社会保険の扶養になっております。 年金は年間で厚生年金と基礎年金あわせて130万です。 パートで働けるのは年間50万までであっていますか？ 基...,0,0
1046,2026/2/2 20:24,大学受験,きむぎゅ,7時間8分,3,56,18.7,0,0,0.131,5.36,0.02,0.48,あと3日,https://detail.chiebukuro.yahoo.co.jp/qa/question_detail/q14324942689,成蹊大学経済学部現代経済学科を受験予定です。募集人数に対しての志願者数がすごく多いですがmaxどれくらいまで採ると思いますか？予想でもいいので知りたいです！！,0,0
1047,2026/2/2 20:24,ライブ、コンサート,あ,7時間8分,0,14,14.0,0,0,0.033,0.0,0.0,0.03,あと3日,https://detail.chiebukuro.yahoo.co.jp/qa/question_detail/q13324942688,ローレンの1stライブのグッズについてです。このグッズはさすがに受注販売ですよね、？またいつ頃グッズの詳細が出ると思いますか？完全に予測で大丈夫です。,0,0
1048,2026/2/2 20:24,ダイエット,1152133452,7時間9分,1,18,18.0,0,0,0.042,5.56,0.01,0.16,あと3日,https://detail.chiebukuro.yahoo.co.jp/qa/question_detail/q11324942686,高嶺のなでしこの松本ももなちゃんと身長とパーソナルカラーが同じなので憧れなので烏滸がましいですがロールモデルにしています。 とってもかわいくてスタイル抜群なももなちゃんみたいになりたいです！ そこで、...,0,0
1049,2026/2/2 20:24,アルバイト、フリーター,2020055135,7時間9分,1,17,17.0,0,0,0.04,5.88,0.01,0.16,あと3日,https://detail.chiebukuro.yahoo.co.jp/qa/question_detail/q12324942687,副業禁止 バイトがしたい 現在会社員として仕事をしておりますが、金夜と土夜だけバーでバイトがしたいです。 副業禁止でも会社にバレないように給与手渡しとかで、出来るバイトを探したいのですが、求人の探し方...,0,0
1050,2026/2/2 20:24,ゲーム,寝坊ネキ,7時間9分,4,19,4.8,0,3,0.044,21.05,0.0,0.72,あと3日,https://detail.chiebukuro.yahoo.co.jp/qa/question_detail/q10324942685,今使用しているSwitchのバッテリーの劣化が最近すごいのですが、新しく買うのは「Switch有機EL」か「Switch2」どちらが良いと思いますか？？_φ(･_･ ちなみにあつ森とぷよぷよをしていま...,0,0
1051,2026/2/2 20:24,男性アイドル,cb65fc739,7時間9分,2,28,14.0,0,0,0.065,7.14,0.01,0.3,あと3日,https://detail.chiebukuro.yahoo.co.jp/qa/question_detail/q14324942684,最近なにわ男子のライブに友達の付き添いで行ったのですが楽しかったのでもっとなにわ男子の事を知りたいのですが、新規オタクはこれから見た方がいい！というものがあったら教えて頂きたいです。 できれば楽曲以外...,0,0
1052,2026/2/2 20:24,恋愛相談、人間関係の悩み,匿名,7時間9分,8,193,24.1,1,7,0.45,4.15,0.11,2.1,あと3日,https://detail.chiebukuro.yahoo.co.jp/qa/question_detail/q13324942683,好きな人には幸せになってほしいから身を引いた方にお聞きします。 身を引いたあと、告白すれば良かったなと後悔しましたか？ 私には好きな人がいます。私には勿体ないほどの良い人です。私からアプローチをし始め...,0,0
1053,2026/2/2 20:24,恋愛相談、人間関係の悩み,renge,7時間9分,0,23,23.0,0,0,0.054,0.0,0.0,0.05,あと3日,https://detail.chiebukuro.yahoo.co.jp/qa/question_detail/q12324942682,すいません。あぁさんと同じような質問なのですが、M!LKの吉田仁人のなりすましの方が暇チャットと言うサイトに居て。この前管理人に連絡したのですがまだ居ます。どうすれば良いでしょうか? また、みなさんな...,0,0
1054,2026/2/2 20:24,菓子、スイーツ,zyl********,7時間9分,1,24,24.0,0,0,0.056,4.17,0.01,0.17,あと3日,https://detail.chiebukuro.yahoo.co.jp/qa/question_detail/q10324942680,ミスタードーナツのセルフでドーナツを取るタイプのお店についてです。 自分がドーナツを選び終わったが、前の人がまだ選んでいる途中の場合、会計のために列を抜かしても問題ないのでしょうか？,0,0
1055,2026/2/2 20:24,大学受験,acd72de0d,7時間9分,1,840,840.0,0,0,1.956,0.12,16.3,2.07,あと3日,https://detail.chiebukuro.yahoo.co.jp/qa/question_detail/q13324942678,関西学院大学の2026年の全学部日程の解答知ってる方いますか？知りたいです,0,0
1056,2026/2/2 20:24,新車,やまだ,7時間9分,3,21,7.0,0,3,0.049,14.29,0.0,0.61,不明,https://detail.chiebukuro.yahoo.co.jp/qa/question_detail/q14324942679,人生で初めて車を買う予定なのですが、SUZUKIのアルトのHYBRID SとLアップグレードパッケージ装着車で悩んでまして、どちらの方が社会人が日常で使うのには良いでしょうか？？,0,0
1057,2026/2/2 20:24,アニメ,ドラえもん大好き,7時間9分,0,2,2.0,0,0,0.005,0.0,0.0,0.0,あと3日,https://detail.chiebukuro.yahoo.co.jp/qa/question_detail/q12324942677,最近Spotifyで「sammertime」が流れるんですけど どっかで聞いたことあるんですよね基本俺はアニソンしか聞かないんですけどアニソン何ですか？ 最初は食戟のソーマのEDだと思ってたんですけど...,0,0
1058,2026/2/2 20:24,アルバイト、フリーター,********,7時間9分,0,12,12.0,0,0,0.028,0.0,0.0,0.03,あと3日,https://detail.chiebukuro.yahoo.co.jp/qa/question_detail/q11324942676,コンカフェとキャバってどっちがいいですか？知り合いにキャバの方が時給がいいからいいと言われたのですが、コンカフェはかわいい衣装着れるしなーと思ってます。でも時給低い泣 昼職してて看護師してます。24歳...,0,0
1059,2026/2/2 20:24,ゲーム,非公開,7時間9分,0,7,7.0,0,0,0.016,0.0,0.0,0.02,あと3日,https://detail.chiebukuro.yahoo.co.jp/qa/question_detail/q10324942675,モバレの質問です モバイルレジェンド 純正回復サポートアンジェラ、フローラ、エスタスを使いたいんですけど構成的にほぼ取れないです 回復しつつの集団戦味わいつつ戦いたいなって理由です ですが正直弱く感じ...,0,0
1060,2026/2/2 20:24,家族関係の悩み,非公開,7時間9分,4,39,9.8,0,0,0.091,10.26,0.01,0.55,あと3日,https://detail.chiebukuro.yahoo.co.jp/qa/question_detail/q14324942674,良い子とは？良い子ではない子が良い子になるには？ 私が良い子だったら、親と良い関係が築けるのに、、、,0,0
1061,2026/2/2 20:24,飛行機、空港,scy********,7時間9分,2,30,15.0,0,0,0.07,6.67,0.01,0.3,不明,https://detail.chiebukuro.yahoo.co.jp/qa/question_detail/q13324942673,JALの国内線特典航空券で座席指定後に同便内で座席の変更はできますか？ とりあえず予約をしておいて、良い席が空くのを待つつもりです。,0,0
1062,2026/2/2 20:24,家電、AV機器,snr********,7時間9分,1,3,3.0,0,0,0.007,33.33,0.0,0.12,あと3日,https://detail.chiebukuro.yahoo.co.jp/qa/question_detail/q12324942672,家電量販店の電撃倉庫（庄司デンキ）は、ラオックス以外とくっつけば、生き残れましたか？,0,0
1063,2026/2/2 20:24,コミック,匿名,7時間10分,1,14,14.0,0,0,0.033,7.14,0.0,0.15,あと3日,https://detail.chiebukuro.yahoo.co.jp/qa/question_detail/q10324942670,黒髪攻め金髪受けのBL漫画をできるだけ多く教えてもらいたいです。 黒髪の愛が重くてヤンデレ気味だと助かります( ; ; ),0,0
1064,2026/2/2 20:24,政治、社会問題,cfe913668,7時間10分,3,42,14.0,0,0,0.098,7.14,0.01,0.45,あと3日,https://detail.chiebukuro.yahoo.co.jp/qa/question_detail/q11324942671,創価学会が接戦と見てる108選挙区で学会員にもっと票を増やせと号令をかけたから自民党と維新で過半数を割る可能性が大きくなったとの動画を見て、完全に媚中に国が乗っ取られるの嫌だから最悪な気分ですけど、 ...,0,0
1065,2026/2/2 20:24,アルバイト、フリーター,a180716c2,7時間10分,0,7,7.0,0,0,0.016,0.0,0.0,0.02,あと3日,https://detail.chiebukuro.yahoo.co.jp/qa/question_detail/q14324942669,高校生 15歳 女です 152てんぐ大ホール 南池袋店というところでバイトをしようとしているのですが、ここって夜危ないんでしょうか？もしバイトすることになったら心配で、,0,0
1066,2026/2/2 20:23,性病、性感染症,lov********,7時間11分,2,16,8.0,0,1,0.037,12.5,0.0,0.34,あと3日,https://detail.chiebukuro.yahoo.co.jp/qa/question_detail/q13324942668,12/5に外陰部ににきびのようなものを１つ確認したので受診すると性器ヘルペス再発の診断です。それ自体に痛みはないものの、数週間前から肛門付近に少し痒みというか違和感がありました。 ヘルペスは15年ほど...,0,0
1067,2026/2/2 20:23,ニュース、事件,非公開,7時間11分,1,15,15.0,1,6,0.035,6.67,0.01,0.8,あと3日,https://detail.chiebukuro.yahoo.co.jp/qa/question_detail/q12324942667,統一教会、神奈我良とか高市早苗は何人なんですかね？ https://www.youtube.com/shorts/ONNrU9j5mgg,0,0
1069,2026/2/2 20:23,ゲーム,ぽていっとう,7時間11分,1,17,17.0,0,0,0.039,5.88,0.01,0.15,あと3日,https://detail.chiebukuro.yahoo.co.jp/qa/question_detail/q14324942664,プロセカしている方に質問です。 クリスタルってどうやって集めてますか？ 初心者でも楽に稼げる方法を教えてほしいです！ よろしくお願いします！,0,0
1070,2026/2/2 20:23,職場の悩み,nam********,7時間11分,2,31,15.5,0,0,0.072,6.45,0.01,0.3,あと3日,https://detail.chiebukuro.yahoo.co.jp/qa/question_detail/q13324942663,会社の気が強いお局がいるのですが 逆に見習えばいいですかね？こころは）,0,0
1071,2026/2/2 20:23,K-POP、アジア,男米娘蘇,7時間11分,1,25,25.0,0,0,0.058,4.0,0.01,0.17,あと3日,https://detail.chiebukuro.yahoo.co.jp/qa/question_detail/q12324942662,Red velvetの日本語曲を何個か聞いて思ったのですが、どうにも合わせられない韓国語の部分は英語にしちゃってて、韓国語ってそもそも日本語より英語に響きが近いのでしょうか？ TWICEとか、韓国語、...,0,0
1072,2026/2/2 20:23,政治、社会問題,adgjmptW,7時間11分,1,19,19.0,0,1,0.044,5.26,0.01,0.23,あと3日,https://detail.chiebukuro.yahoo.co.jp/qa/question_detail/q11324942661,昭和天皇に帝王学を授けたのは 杉浦重剛 平成の天皇に帝王学を授けたのは 小泉信三 令和の今上陛下に帝王学を授けたのは 浜尾実 では、秋篠宮殿下 悠仁親王 お二人に帝王学を授けているのは 誰ですか？,0,0
1073,2026/2/2 20:23,大学受験,min********,7時間11分,2,57,28.5,0,0,0.132,3.51,0.04,0.36,あと3日,https://detail.chiebukuro.yahoo.co.jp/qa/question_detail/q10324942660,國學院大学に入学する者です。 現在下宿先を探していて國學院大学まほろば寮を検討しています。 もし寮に住まわれている、寮の噂など知っている方がいましたら寮の雰囲気とか評判を教えて頂きたいです！,0,0
1074,2026/2/2 20:23,恋愛相談、人間関係の悩み,非公開,7時間11分,2,23,11.5,0,1,0.053,8.7,0.01,0.35,あと3日,https://detail.chiebukuro.yahoo.co.jp/qa/question_detail/q14324942659,元カノが結婚して旦那と歩いてる時にたまたま遭遇して 「元カノの◯◯ちゃん？うわ〜懐かしい」 と話してて旦那にも挨拶しなきゃと思い 「どうも、高校大学と7年間付き合って同棲していたた元彼の◯◯っス。よろ...,0,0
1076,2026/2/2 20:23,X（旧Twitter）,fwn********,7時間11分,1,70,70.0,1,1,0.162,1.43,0.11,0.58,あと3日,https://detail.chiebukuro.yahoo.co.jp/qa/question_detail/q13324942658,Xのアカウント凍結解除後について質問です。 ２週間ほど前にXのアカウントが凍結され異議を申し立てたところ昨日アカウントが復活したとのメールが届いていました。 フォロー、フォロワー等の完全復活は数時間か...,0,0
1077,2026/2/2 20:23,鉄道、列車、駅,be72e412,7時間11分,2,38,19.0,0,1,0.088,5.26,0.02,0.39,あと3日,https://detail.chiebukuro.yahoo.co.jp/qa/question_detail/q10324942655,上野東京ラインの東京から北千住ってなんであんなに遅いんですか？ 千代田線の大手町〜北千住の方が速いこともあるレベルです,0,0
1078,2026/2/2 20:23,ポケットモンスター,非公開,7時間11分,4,35,8.8,0,0,0.081,11.43,0.01,0.54,あと3日,https://detail.chiebukuro.yahoo.co.jp/qa/question_detail/q11324942656,ポケポケでrmtを利用したいんですが、 トレードでバンはあり得ますか？ 5万使って出なくて400円で手に入るなんて もう課金がバカらしくなります。,0,0
1079,2026/2/2 20:23,掃除,milktjw,7時間11分,2,15,7.5,0,0,0.035,13.33,0.0,0.27,あと3日,https://detail.chiebukuro.yahoo.co.jp/qa/question_detail/q14324942654,お風呂の排水トラップが外れなくなりました。 潤滑スプレーをしてペンチで爪を挟んで回してみたのですがダメでした。 他に方法はないでしょうか。,0,0
1080,2026/2/2 20:23,大学受験,1150982249,7時間11分,6,553,92.2,3,7,1.28,1.08,1.19,3.15,あと3日,https://detail.chiebukuro.yahoo.co.jp/qa/question_detail/q13324942653,岡山大学経済学部の倍率すごいことなってますが、合格平均点とか爆上がりしちゃうと思いますか？,0,0
1081,2026/2/2 20:23,恋愛相談、人間関係の悩み,1150946734,7時間12分,2,25,12.5,0,0,0.058,8.0,0.01,0.29,あと3日,https://detail.chiebukuro.yahoo.co.jp/qa/question_detail/q12324942652,男性に質問です 25歳彼氏に誕生日プレゼントでこのバングルをプレゼントされたら嬉しいですか？センスないですか？正直な意見が聞きたいです。,0,0
1082,2026/2/2 20:23,職場の悩み,baa98b7f7,7時間12分,1,24,24.0,0,0,0.056,4.17,0.01,0.17,あと3日,https://detail.chiebukuro.yahoo.co.jp/qa/question_detail/q11324942651,昨年、数ヶ月Amazonの倉庫で働いていました。事情で退職してしまったのですが、派遣会社を変えて再度同じ倉庫で働くことは可能なのでしょうか？ 調べると半年以上開けてから別の派遣会社から出戻りする人もい...,0,0
1083,2026/2/2 20:23,病気、症状,1251794102,7時間12分,1,16,16.0,0,0,0.037,6.25,0.01,0.15,あと3日,https://detail.chiebukuro.yahoo.co.jp/qa/question_detail/q14324942649,尿意について。 彼氏とイチャイチャしてたりすると尿意を感じることが多いです。 トイレに行くとしっかり出ます。 こんなイチャイチャ中に何度もトイレに行くの申し訳ないし、なぜこんなことが起こるのでしょうか...,0,0
1084,2026/2/2 20:23,アルバイト、フリーター,1149896327,7時間12分,1,14,14.0,0,0,0.032,7.14,0.0,0.15,あと3日,https://detail.chiebukuro.yahoo.co.jp/qa/question_detail/q12324942647,アルバイトについて質問です。 私は春から都内の難関私立大学の理系に進学します。最近、Xで進学先の在校生限定のWeb制作スタッフのアルバイトを見つけました。将来情報系に進もうと思っているため、スキルアッ...,0,0
1085,2026/2/2 20:23,同人誌、コミケ,ixu********,7時間12分,0,9,9.0,0,0,0.021,0.0,0.0,0.02,あと3日,https://detail.chiebukuro.yahoo.co.jp/qa/question_detail/q13324942648,原神 創作応援プログラムについて。 同人作品で参加したいのですが参加方法2の各SNSにハッシュタグをつけて作品を投稿するのは分かりますが、イベントページにて作品を提出の意味がわかりません。 提出の仕方...,0,0
1086,2026/2/2 20:23,福祉、介護,匿名,7時間12分,1,9,9.0,0,1,0.021,11.11,0.0,0.21,あと3日,https://detail.chiebukuro.yahoo.co.jp/qa/question_detail/q11324942646,ケアマネジャーは介護保険から報酬を得ているという事を知らない人は多いですか？,0,0
1087,2026/2/2 20:23,家電、AV機器,non********,7時間12分,1,86,86.0,1,2,0.199,1.16,0.17,0.68,あと3日,https://detail.chiebukuro.yahoo.co.jp/qa/question_detail/q14324942644,ヤマダ電機はどうして創価学会や公明党と協力体制をとっているのですか？,0,0
1088,2026/2/2 20:23,恋愛相談、人間関係の悩み,1150559873,7時間12分,0,4,4.0,0,0,0.009,0.0,0.0,0.01,あと3日,https://detail.chiebukuro.yahoo.co.jp/qa/question_detail/q10324942645,高校生から付き合って20代前半で結婚して離婚した方達はいらっしゃいますか？ なぜ離婚したか、子供はいたかが知りたいです,0,0
1089,2026/2/2 20:23,自転車、サイクリング,Palmavenue2224,7時間12分,1,25,25.0,0,1,0.058,4.0,0.01,0.24,あと3日,https://detail.chiebukuro.yahoo.co.jp/qa/question_detail/q13324942643,ママチャリのローラーブレーキが、玉押しのような感じでナットで押さえてあるじゃないですか。 ーー 後輪を戻す時に、そのナットがやけに緩かったのです。それで、締めこまずに、ローラーブレーキにガタが無い所に...,0,0
1090,2026/2/2 20:23,外国為替、FX,c15030935,7時間12分,1,14,14.0,0,0,0.032,7.14,0.0,0.15,あと3日,https://detail.chiebukuro.yahoo.co.jp/qa/question_detail/q12324942642,日本の取引所でfxするならどこがいいんですか？教えてください,0,0
1091,2026/2/2 20:23,ヘアスタイル,jams,7時間12分,1,17,17.0,0,0,0.039,5.88,0.01,0.15,あと3日,https://detail.chiebukuro.yahoo.co.jp/qa/question_detail/q11324942641,超大至急！ 大学生男です。明日美容室に行くのですが、そこで眉カットもやろうかなと考えています。普段はカットだけのコースにしてますが、カット+眉カットという別のコースにしようと思っています。したことない...,0,0
1092,2026/2/2 20:23,友人関係の悩み,ぱんだ,7時間12分,3,28,9.3,0,6,0.065,10.71,0.01,0.83,あと3日,https://detail.chiebukuro.yahoo.co.jp/qa/question_detail/q14324942639,ハンドクリームを塗っていると、えそれめっちゃ匂いするよ？ 笑と言われました。なので少しつける量や回数を減らしました。それなのにえめっちゃ匂いする笑とか言ってきて、悪気は無いのかも知れませんが少しイラつ...,0,0
1093,2026/2/2 20:23,宗教,非公開,7時間12分,0,12,12.0,0,0,0.028,0.0,0.0,0.03,あと3日,https://detail.chiebukuro.yahoo.co.jp/qa/question_detail/q10324942640,2026年1月に帰天された加藤一二三さんは、カトリック信者（洗礼名：パウロ）として知られ、葬儀・告別式もカトリック麹町聖イグナチオ教会で行われました。 具体的な墓地や納骨場所の詳細は公式に公表されてい...,0,0
1094,2026/2/2 20:23,職場の悩み,a71********,7時間12分,2,7,3.5,0,0,0.016,28.57,0.0,0.25,あと3日,https://detail.chiebukuro.yahoo.co.jp/qa/question_detail/q13324942638,お客さんを相手に話す時は、youメッセージよりも、iメッセージのほうが良いのですか？,0,0
1095,2026/2/2 20:23,英語,b352c0d83,7時間12分,0,20,20.0,0,0,0.046,0.0,0.0,0.05,あと3日,https://detail.chiebukuro.yahoo.co.jp/qa/question_detail/q11324942636,今高2です。昔は将来したいことがなく高校に行く意味もわからなかったので通信に行きました。しかし合わなくて退学をしました。今年高卒認定試験を取るつもりです。 どうしても海外留学がしたいという強い気持ちが...,0,0
1096,2026/2/2 20:23,大学受験,カルテット,7時間12分,0,24,24.0,0,0,0.055,0.0,0.0,0.06,あと3日,https://detail.chiebukuro.yahoo.co.jp/qa/question_detail/q12324942637,中部大学の共通テスト＋の予想最低点を教えてください,0,0
1097,2026/2/2 20:23,パソコン,a62ae2010,7時間13分,2,28,14.0,0,0,0.065,7.14,0.01,0.29,あと3日,https://detail.chiebukuro.yahoo.co.jp/qa/question_detail/q10324942635,進学予定の大学で学生の5割ほどがパソコンとタブレットの２台持ちで授業を受けているとパンフレットに書いてありました。 大学に向けてパソコンは買う予定ですが、タブレットもあった方がいいのか、なくてもいいの...,0,0
1098,2026/2/2 20:23,資格,ba****,7時間13分,0,2,2.0,0,0,0.005,0.0,0.0,0.0,あと3日,https://detail.chiebukuro.yahoo.co.jp/qa/question_detail/q14324942634,測量士試験について質問です。択一添削④ 問１９ １．点B の近くに３３０°あるので ５０m×cos 40° ５０m×sin40° とやったらなぜダメですか？ ２．下の表で、０が３つくるのはなぜですか？,0,0
1099,2026/2/2 20:23,大学受験,a24eaf20e,7時間13分,0,115,115.0,1,0,0.266,0.0,0.0,0.5,あと3日,https://detail.chiebukuro.yahoo.co.jp/qa/question_detail/q13324942633,東北学院大学、A日程とB日程を受験しました。 A日程が、英語80% 国語41% 地理50% B日程が、英語82% 国語76% 地理29% それぞれの平均が57%、62%です。 国際学部と英文科、受かる...,0,0
1100,2026/2/2 20:23,メイク、コスメ,匿名希望,7時間13分,0,8,8.0,0,0,0.018,0.0,0.0,0.02,あと3日,https://detail.chiebukuro.yahoo.co.jp/qa/question_detail/q11324942631,ブルベ用シェーディングでも赤く発色してしまいます。使用したのはセザンヌのブルベ用シェーディングです。3色の方は全然色が合わず逆に顔が膨張してしまいました。1色の方は赤みが出てしまい影色になりません。 ...,0,0
1101,2026/2/2 20:23,家族関係の悩み,非公開,7時間13分,4,27,6.8,0,0,0.062,14.81,0.0,0.52,あと3日,https://detail.chiebukuro.yahoo.co.jp/qa/question_detail/q10324942630,2人の高校生がいる母親です。私自身、感情の波があり、人並みだとは思いますがイライラすることがあります。夫はイライラしてるところを見たことがないのでしないと思います。誰からも好かれています。 子供2人と...,0,0
1102,2026/2/2 20:23,政治、社会問題,c507dcf0e,7時間13分,3,65,21.7,0,2,0.15,4.62,0.03,0.63,あと3日,https://detail.chiebukuro.yahoo.co.jp/qa/question_detail/q14324942629,健常者の権利について質問です。 働く場所にたくさん障害者雇用がいます。彼らはたくさん有休を使ってしょっ中旅行に行きます。 仕事は人の批判ばかりしています。自分は全然仕事しておらずマイペースに話してばか...,0,0
1103,2026/2/2 20:22,海外,Abc,7時間14分,2,5,2.5,0,0,0.012,40.0,0.0,0.24,あと3日,https://detail.chiebukuro.yahoo.co.jp/qa/question_detail/q13324942628,オーストラリアにホームステイ中です。 シャワーについてです。何分がよいですか？ルールないも無いよって言ってくれて。日本でするみたいに20分くらい使うのはやばいですか？,0,0
1104,2026/2/2 20:22,ゲーム,非公開,7時間14分,1,12,12.0,0,0,0.028,8.33,0.0,0.14,あと3日,https://detail.chiebukuro.yahoo.co.jp/qa/question_detail/q11324942626,あつ森の地図作りについてです。ハッピーアイランドデザイナーで地形は作ったのですが、その後どうしたらいいのかわかりません。どういうモチーフで作りたいと言うのはあるんですが、細かい構想が練れません。 ハッ...,0,0
1105,2026/2/2 20:22,高校受験,あ,7時間14分,2,63,31.5,0,0,0.145,3.17,0.05,0.37,あと3日,https://detail.chiebukuro.yahoo.co.jp/qa/question_detail/q12324942627,群馬県の伊勢崎高校が第一志望校です。 倍率が1.28でした。 偏差値がサイトによってちがうのですが52から57くらいのようです 過去問、当日点どのくらい取れたら良いと思いますか。参考にしたいです,0,0
1106,2026/2/2 20:22,大学受験,むし,7時間14分,6,135,22.5,0,13,0.311,4.44,0.07,1.89,不明,https://detail.chiebukuro.yahoo.co.jp/qa/question_detail/q10324942625,地方国立の理学部なのですが、三菱重工に就職することはできますか？今1年生です。 もしできるなら今のうちにしておいた方がいいことを教えてほしいです。大学受験失敗してしまって。。,0,0
1107,2026/2/2 20:22,政治、社会問題,非公開,7時間14分,0,9,9.0,0,0,0.021,0.0,0.0,0.02,あと3日,https://detail.chiebukuro.yahoo.co.jp/qa/question_detail/q14324942624,徴兵制度を導入する場合、男女双方を対象とすべきです。性別による義務の差は不公平感を生み出します。 過酷な訓練に従事し、貴重な青年期を捧げた者と、その義務を負わない者が全く同じ権利を享受する社会では、国...,0,0
1108,2026/2/2 20:22,野球全般,1+2=,7時間14分,0,3,3.0,0,0,0.007,0.0,0.0,0.01,あと3日,https://detail.chiebukuro.yahoo.co.jp/qa/question_detail/q13324942623,野球の、選手実使用のオーセンティックユニフォームの保管方法を教えてください。,0,0
1109,2026/2/2 20:22,大学受験,匿名,7時間14分,0,29,29.0,1,0,0.067,0.0,0.0,0.3,あと3日,https://detail.chiebukuro.yahoo.co.jp/qa/question_detail/q12324942622,至急です スタプラでよく旧帝大志望の人や上位の大学を志望している人をみかけるのですが皆さん 1日12時間〜20時間勉強していていやえっっぐは???えどゆことなんでこんな出来るんやえ??って思ってしまい...,0,0
1110,2026/2/2 20:22,トレーニング,匿名,7時間14分,4,36,9.0,0,2,0.083,11.11,0.01,0.68,あと3日,https://detail.chiebukuro.yahoo.co.jp/qa/question_detail/q11324942621,私がジムに通いたくてもそれを邪魔する？要因がいくつかあるのでここで全てを吐かせて下さい。 まず一つは通う時間が仕事終わりしかないことです。仕事自体は肉体労働ではないので体力はあるにはあるけど勿論疲れる...,0,0
1111,2026/2/2 20:22,鉄道、列車、駅,a17d76dec,7時間14分,1,39,39.0,0,2,0.09,2.56,0.04,0.34,あと3日,https://detail.chiebukuro.yahoo.co.jp/qa/question_detail/q13324942618,明日名古屋までしなので行くんですけど降りたら栄駅まで行きたいんですけど乗り換えはどうやったらできるんですか？切符を改札に入れてSuicaタッチですか？ 後栄駅までは何番線に乗ればいいか教えてください,0,0
1113,2026/2/2 20:22,アニメ,bbc1b6050,7時間15分,0,12,12.0,1,0,0.028,0.0,0.0,0.26,あと3日,https://detail.chiebukuro.yahoo.co.jp/qa/question_detail/q14324942614,https://youtube.com/shorts/Isqzf2fpVFc?si=hQDiGmrYQEBgz__k この動画に出てたこのキャラ見覚えがないんですけど二次創作とか別のアニメのキャラだっ...,0,0
1114,2026/2/2 20:22,ヘアケア,1053278581,7時間15分,0,2,2.0,0,0,0.005,0.0,0.0,0.0,あと3日,https://detail.chiebukuro.yahoo.co.jp/qa/question_detail/q10324942615,私はたまにワックスをつける時があるのですが、その日のお風呂での洗い落としは ①シャワー ②コンディショナーをつける ③ シャワー ④シャンプーをつける（×２） です。この手順ってどうなんでしょうか？ ...,0,0
1115,2026/2/2 20:22,邦楽,1052963830,7時間15分,1,41,41.0,0,0,0.094,2.44,0.04,0.21,あと3日,https://detail.chiebukuro.yahoo.co.jp/qa/question_detail/q13324942613,マニアックな風変わりな曲なので、知る人ぞ知る曲なのですが、海道はじめとスナッキーガールズの「スナッキーで踊ろう」というプリマハムの商品「スナッキー」のために作られた曲をご存知ですか？ スナッキーガール...,0,0
1116,2026/2/2 20:22,モンスターハンター,a1cf90cf3,7時間15分,1,25,25.0,0,0,0.057,4.0,0.01,0.17,不明,https://detail.chiebukuro.yahoo.co.jp/qa/question_detail/q11324942611,モンスターハンターでの質問です ランスをモンスターに例えるとどのモンスターになりますか？,0,0
1117,2026/2/2 20:22,結婚,fal********,7時間15分,1,13,13.0,0,0,0.03,7.69,0.0,0.14,あと3日,https://detail.chiebukuro.yahoo.co.jp/qa/question_detail/q10324942610,結婚するのは地方よりも首都圏の方が難しいですか？ 昨日の婚活ノンフィクション見て思いました,0,0
1118,2026/2/2 20:22,リズム、音楽ゲーム,c55062802,7時間15分,0,3,3.0,0,0,0.007,0.0,0.0,0.01,あと3日,https://detail.chiebukuro.yahoo.co.jp/qa/question_detail/q13324942608,サウンドボルテックスについてです。 今レベル15～16をやっておりまして、 片手同時FXがどうしても親指と小指の付け根で押してしまうんですよね。 本当は親指と小指で押したいのですが、 なにか意識したら...,0,0
1119,2026/2/2 20:22,年金,kei********,7時間15分,2,20,10.0,0,1,0.046,10.0,0.0,0.34,あと3日,https://detail.chiebukuro.yahoo.co.jp/qa/question_detail/q11324942606,老後の資金について質問します。 攻略の順番がありませんか？ 私のやり方は ステップ１、退職金を知る ステップ２、年金を知る ステップ３、パートタイマーでいくらかせぐか？ とりあえずこの３つをして 資産...,0,0
1120,2026/2/2 20:22,宗教,1151487435,7時間15分,2,12,6.0,0,0,0.028,16.67,0.0,0.26,あと3日,https://detail.chiebukuro.yahoo.co.jp/qa/question_detail/q12324942607,ユニセフに毎月3000円寄付してる知人は徳を積んでるのですか？ 少なすぎるから徳にはなってないみたいな感じですか？,0,0
1121,2026/2/2 20:22,生き方、人生相談,匿名,7時間15分,4,45,11.2,0,0,0.103,8.89,0.01,0.56,あと3日,https://detail.chiebukuro.yahoo.co.jp/qa/question_detail/q10324942605,誰か話をきいてください。 本来の使い方とはちがうのはわかってます。 でももう限界で吐き出せる場所がここしかないので許してください。 私は中3です。最近何もかも上手くいかないです。 先程の出来事ですが、...,0,0
1122,2026/2/2 20:22,職場の悩み,1052810290,7時間15分,2,31,15.5,0,0,0.071,6.45,0.01,0.3,あと3日,https://detail.chiebukuro.yahoo.co.jp/qa/question_detail/q14324942604,1月分のバイト代8万が振り込まれてなくて、今まともに飯が食えません。 1日振り込みの会社で1月30日も2月2日も振り込まれてなくて、今日店長に確認したら来月に持ち越さんように頑張るわ、とだけ言われてい...,0,0
1123,2026/2/2 20:22,DIY,mot********,7時間15分,1,10,10.0,0,0,0.023,10.0,0.0,0.14,あと3日,https://detail.chiebukuro.yahoo.co.jp/qa/question_detail/q13324942603,ニップル、パッキンを変えても水漏れして、動かないくらいまで閉めてもニップルの中から水漏れするのですが、どうすればいいか分かりません。同じような方いましたら解決策お教え下さいm(_ _)m,0,0
1124,2026/2/2 20:22,Android,1051513450,7時間15分,0,2,2.0,0,0,0.005,0.0,0.0,0.0,あと3日,https://detail.chiebukuro.yahoo.co.jp/qa/question_detail/q11324942601,Poke Genieについて質問です。 最近このアプリを入れて個体値のスキャンをしようとしたのですが、本来無料でスキャンできるボタンがあるところが、有料でスキャンするボタンしか無いのですが、どうすれば...,0,0
1125,2026/2/2 20:22,政治、社会問題,非公開,7時間15分,1,25,25.0,1,0,0.057,4.0,0.01,0.4,あと3日,https://detail.chiebukuro.yahoo.co.jp/qa/question_detail/q12324942602,【至急】緊急事態条項（国会機能維持条項）の危険性についてどう思いますか？ 緊急事態条項とは、災害や戦争などの国家的な危機に際して、政府に一時的に強力な権限を集中させる仕組みのことです。一見、迅速な対応...,0,0
1126,2026/2/2 20:22,レディース腕時計、アクセサリー,mut********,7時間15分,1,41,41.0,0,1,0.094,2.44,0.04,0.28,不明,https://detail.chiebukuro.yahoo.co.jp/qa/question_detail/q10324942600,母の遺品(もしかしたら祖母の遺品かも)からオパールの指輪が出てきました。 台座の部分が金っぽく、K18と刻印がされています。 指輪の台座の金って価値があるものなのでしょうか？ 指輪全体の重さが2gのよ...,0,0
1127,2026/2/2 20:22,パチンコ,wgd********,7時間15分,2,21,10.5,0,6,0.048,9.52,0.01,0.69,あと3日,https://detail.chiebukuro.yahoo.co.jp/qa/question_detail/q14324942599,パチンコは選挙関係ありますか？,0,0
1128,2026/2/2 20:22,レディースバッグ、財布、小物類,ins********,7時間15分,0,3,3.0,0,0,0.007,0.0,0.0,0.01,あと3日,https://detail.chiebukuro.yahoo.co.jp/qa/question_detail/q13324942598,自立するボストンバッグ(20～30L以内) レザー、革系で1万以内で買えるものを教えてください,0,0
1129,2026/2/2 20:22,賃貸物件,非公開,7時間15分,2,20,10.0,0,0,0.046,10.0,0.0,0.27,あと3日,https://detail.chiebukuro.yahoo.co.jp/qa/question_detail/q12324942597,至急です。 ブラックでもアパートって借りれますか？ ブラックって保証人なしにしたら借りれるって訳でもないですよね。仕組みが調べてもよくわからず… また、彼氏が親子ペアローンを組んでいるのですがアパート...,0,0
1130,2026/2/2 20:22,高校数学,1252498073,7時間16分,3,21,7.0,0,0,0.048,14.29,0.0,0.39,不明,https://detail.chiebukuro.yahoo.co.jp/qa/question_detail/q10324942595,高校数学についてです。 √1-t^2 分の1を0からxまで積分ってt＝sinθで置換してはダメなのでしょうか？やってみた時xの時θはなんなのか分からなくてできませんでした。,0,0
1131,2026/2/2 20:22,高校受験,b1928fec2,7時間16分,3,20,6.7,0,1,0.046,15.0,0.0,0.46,あと3日,https://detail.chiebukuro.yahoo.co.jp/qa/question_detail/q14324942594,至急おねがいします。 私立高校の面接についてです。 面接で校訓とスローガンなどを言う質問があるのですが校訓を言った後に｢私がこの中で特に大切にしていきたいのは〜〜です｣などと言った方がいいのでしょうか...,0,0
1132,2026/2/2 20:21,学校の悩み,1253034515,7時間17分,0,8,8.0,0,0,0.018,0.0,0.0,0.02,あと3日,https://detail.chiebukuro.yahoo.co.jp/qa/question_detail/q13324942593,至急！ 高二女子です。 自分にはすごく好きな同じ学校の同性の先輩がいるんですけど、恋愛感情とかはなくて、けど会えただけで1日ハッピーだし、どうしたら学校で会えるかなとか試行錯誤してしまったり、卒業のこ...,0,0
1133,2026/2/2 20:21,メイク、コスメ,1151189613,7時間17分,0,5,5.0,0,0,0.011,0.0,0.0,0.01,あと3日,https://detail.chiebukuro.yahoo.co.jp/qa/question_detail/q12324942592,涙袋メイクで夕方頃には涙袋が黒くくすんでしまうんですけど、くすみにくいアイシャドウなどがあれば教えてほしいです。 色は白やベージュ系がいいです！,0,0
1134,2026/2/2 20:21,メンズ腕時計、アクセサリー,ta1********,7時間17分,2,47,23.5,0,0,0.107,4.26,0.03,0.34,あと3日,https://detail.chiebukuro.yahoo.co.jp/qa/question_detail/q11324942591,腕時計の買取金額について質問です。 先日所有している２つのセイコーの腕時計を査定にだしました。 ①sbxy077 限定モデルで現在新品購入はできない。 傷無し 保証書や箱などすべてあり。 購入日も20...,0,0
1135,2026/2/2 20:21,大学受験,ab9bcf717,7時間17分,1,12,12.0,0,0,0.027,8.33,0.0,0.14,あと3日,https://detail.chiebukuro.yahoo.co.jp/qa/question_detail/q14324942589,2月4日東北工業大学の一般入試なんですけど八木山キャンパスって上履き入りますか？それとも外靴のままでも大丈夫ですか？,0,0
1136,2026/2/2 20:21,大学受験,1052189431,7時間17分,2,14,7.0,0,0,0.032,14.29,0.0,0.26,あと3日,https://detail.chiebukuro.yahoo.co.jp/qa/question_detail/q10324942590,高二です 分からない所は書いている解説や解説動画を見ながら青チャートを解いていました。青チャの続きにあたるところから入門問題精講で解いたところ、急に理解しにくくなりました。 青チャの方がレベルが高いに...,0,0
1137,2026/2/2 20:21,スキー,nananananana,7時間17分,2,47,23.5,0,1,0.107,4.26,0.03,0.4,不明,https://detail.chiebukuro.yahoo.co.jp/qa/question_detail/q12324942587,至急！！！！ 明日、たかすのダイナランドにスノボしに行きます。 二駆のスタッドレスでいくのですが、6〜8時着か、9〜10時着で迷ってます。 6〜8時着は渋滞もなく、スムーズにいけるのではないかって思っ...,0,0
1138,2026/2/2 20:21,コミック,c6508b8e9,7時間17分,1,9,9.0,0,0,0.021,11.11,0.0,0.13,あと3日,https://detail.chiebukuro.yahoo.co.jp/qa/question_detail/q13324942588,なにわ友あれの2部を無料で読みたいです おすすめのサイトを教えてくだい 全話読みたいです,0,0
1139,2026/2/2 20:21,インターネット接続,☆さくら☆,7時間17分,1,10,10.0,0,0,0.023,10.0,0.0,0.14,あと3日,https://detail.chiebukuro.yahoo.co.jp/qa/question_detail/q11324942586,Androidタブレットのネット接続方法に関して質問です。 AとBのタブレットをbluetoothで接続し、通信をBのみで利用できる状態を作りたいです。 (Aは単純に応急SIMみたいなイメージ) Aは...,0,0
1140,2026/2/2 20:21,大学受験,SSD,7時間17分,0,5,5.0,0,0,0.011,0.0,0.0,0.01,あと3日,https://detail.chiebukuro.yahoo.co.jp/qa/question_detail/q14324942584,慶應商学部B方式について。 日本史簡単すぎて得点調整怖いんですけど、例えば去年なら最低点が281で、英語160、日本史80、論文テスト70で合計310点くらい取れてれば流石に受かりますかね？,0,0
1141,2026/2/2 20:21,プロ野球,leg********,7時間17分,1,5,5.0,0,0,0.011,20.0,0.0,0.13,あと3日,https://detail.chiebukuro.yahoo.co.jp/qa/question_detail/q10324942585,wbcの強化試合で阪神対日本戦におけるプレミアムシートについてる飲食とはどのようなものなんでしょうか？,0,0
1142,2026/2/2 20:21,アニメ,匿名,7時間17分,0,5,5.0,0,0,0.011,0.0,0.0,0.01,あと3日,https://detail.chiebukuro.yahoo.co.jp/qa/question_detail/q13324942583,"至急！AnimeJapan2026について質問です 1. red,green,blue,whiteの四つのステージがありますが、ステージ観覧券に応募できたらすべてのステージに入ることができるのでしょう...",0,0
1143,2026/2/2 20:21,アニメ、コミック,あ,7時間17分,0,2,2.0,0,0,0.005,0.0,0.0,0.0,あと3日,https://detail.chiebukuro.yahoo.co.jp/qa/question_detail/q12324942582,食戟のソーマやフェルマーの料理みたいな漫画を教えて頂きたいです 異世界転生系ではなく学園系？バトル系？みたいなのだと嬉しいです,0,0
1144,2026/2/2 20:21,爬虫類、両生類,そ,7時間17分,1,9,9.0,0,0,0.021,11.11,0.0,0.13,あと3日,https://detail.chiebukuro.yahoo.co.jp/qa/question_detail/q11324942581,うちのミシシッピニオイガメは1.5歳ほどです。ほとんどシェルターに隠れています。 泳いでいるところはほとんど見たことがありません。 このように、全く動かずにずっと隠れている子は泳ぐことができないのでし...,0,0
1145,2026/2/2 20:21,イベント、フェス,c36f1a4a2,7時間17分,0,11,11.0,0,0,0.025,0.0,0.0,0.03,あと3日,https://detail.chiebukuro.yahoo.co.jp/qa/question_detail/q10324942580,にじフェス2026の参加を考えているものです 推しが2人とも視聴覚室の日付が違い ヒーローショーもみたいと考えているのですが この場合って1日目の視聴覚室チケットと2日目の視聴覚室チケットとヒーローシ...,0,0
1146,2026/2/2 20:21,恋愛相談、人間関係の悩み,匿名,7時間17分,0,3,3.0,0,0,0.007,0.0,0.0,0.01,あと3日,https://detail.chiebukuro.yahoo.co.jp/qa/question_detail/q14324942579,女性が、女性に何かを言われた度に｢そうなんですね｣とだけ言っているのは、当たり前ですか？,0,0
1147,2026/2/2 20:21,パソコン,mar********,7時間18分,4,32,8.0,0,1,0.073,12.5,0.01,0.6,あと3日,https://detail.chiebukuro.yahoo.co.jp/qa/question_detail/q13324942578,約10年ほど前に買ったパソコンのcore i7と今のCeleronはどちらが性能が良いですか,0,0
1148,2026/2/2 20:21,レディース腕時計、アクセサリー,Bluefin,7時間18分,0,12,12.0,0,0,0.027,0.0,0.0,0.03,あと3日,https://detail.chiebukuro.yahoo.co.jp/qa/question_detail/q11324942576,４６歳ですがこのシルバーネックレス年齢的にどうですか？普段はカジュアルファッションが多いです。,0,0
1149,2026/2/2 20:21,資産運用、投資信託、NISA,c7d1bea1e,7時間18分,2,24,12.0,0,0,0.055,8.33,0.01,0.28,あと3日,https://detail.chiebukuro.yahoo.co.jp/qa/question_detail/q12324942577,現在積立NISAを少額で運用していますが、他に銘柄指定で株を購入できますか？,0,0
1150,2026/2/2 20:21,自動車,oy,7時間18分,0,5,5.0,0,0,0.011,0.0,0.0,0.01,あと3日,https://detail.chiebukuro.yahoo.co.jp/qa/question_detail/q10324942575,cl1 アコード/トルネオ のvtecの切り替わりがわかりやすいマフラー、音が割れないマフラー等知ってたら教えて頂きたいです,0,0
1151,2026/2/2 20:21,ゲーム,モルモット,7時間18分,0,14,14.0,0,0,0.032,0.0,0.0,0.03,あと3日,https://detail.chiebukuro.yahoo.co.jp/qa/question_detail/q14324942574,最近ゴッドイーターがやりたくてSteamでやろうとしたらおま国でできないやってなってたらトリロジー買えば行ける感じなんですがどうなんでしょうか?,0,0
1152,2026/2/2 20:21,資格,sxw********,7時間18分,0,15,15.0,0,0,0.034,0.0,0.0,0.03,あと3日,https://detail.chiebukuro.yahoo.co.jp/qa/question_detail/q13324942573,二級建築士と一級建築施工管理技士を同じ年に受験したことがある人はいますか？ 経験してスケジュールや難易度など感じたことがあれば教えていただきたいです。,0,0
1153,2026/2/2 20:21,ライトノベル,ab69a43ab,7時間18分,0,4,4.0,0,0,0.009,0.0,0.0,0.01,あと3日,https://detail.chiebukuro.yahoo.co.jp/qa/question_detail/q11324942571,小説家になろうの作品を探しています。 ・ラブコメで主人公とヒロインとの一対一の作品 ・ヒロインはアイドルか女優などの人気の地位にいる ・後日談で主人公は母校の教師をして、結婚などをしている。 もし知っ...,0,0
1154,2026/2/2 20:21,小説,1052054497,7時間18分,1,16,16.0,0,0,0.036,6.25,0.01,0.15,あと3日,https://detail.chiebukuro.yahoo.co.jp/qa/question_detail/q12324942572,自分を生贄として捧げる？いのちや未来を捧げる？みたいなときって、どんな〇に方がいいと思いますか？ そういう物語をかきたくて、,0,0
1155,2026/2/2 20:21,メルカリ,sfx********,7時間18分,2,50,25.0,0,0,0.114,4.0,0.03,0.34,あと3日,https://detail.chiebukuro.yahoo.co.jp/qa/question_detail/q10324942570,メルカリで私は購入者側なんですが、タイトルに記載されてる商品と別のが届きました。 中身はカードなのですが、出品者は着払いの返品を承諾しています。 このパターンは初めてなんですが、カード1枚の着払いは封...,0,0
1156,2026/2/2 20:21,アニメ,1151000076,7時間18分,0,1,1.0,0,0,0.002,0.0,0.0,0.0,あと3日,https://detail.chiebukuro.yahoo.co.jp/qa/question_detail/q14324942569,ボイプラ2ABEMAで見てるのですが途中から課金が必要みたいです。無料で全話見れるものはありませんか？,0,0
1157,2026/2/2 20:21,資格,ba****,7時間18分,0,1,1.0,0,0,0.002,0.0,0.0,0.0,あと3日,https://detail.chiebukuro.yahoo.co.jp/qa/question_detail/q13324942568,測量士試験について質問です。択一添削④ 問5 ３，４，５のみ解説お願いします。,0,0
1158,2026/2/2 20:21,恋愛相談、人間関係の悩み,1150752824,7時間18分,2,88,44.0,0,2,0.201,2.27,0.09,0.56,あと3日,https://detail.chiebukuro.yahoo.co.jp/qa/question_detail/q12324942567,高３男子です。この前初めてやっと一個下のかわいい彼女ができたのですが、どう進展させていけばいいか悩んでしまい分かりません。 元々小学校からの友達みたいな感じで、高校生になって久しぶりに再開してデートし...,0,0
1159,2026/2/2 20:21,恋愛相談,qgajg#dmwtpwt,7時間18分,1,19,19.0,0,0,0.043,5.26,0.01,0.16,あと3日,https://detail.chiebukuro.yahoo.co.jp/qa/question_detail/q11324942566,軽やかな恋愛ってどんな感じのお付き合いですか？ 相思相愛が大前提です。 重い恋愛から脱却したいです。,0,0
1160,2026/2/2 20:21,外国映画,mff********,7時間18分,1,18,18.0,0,0,0.041,5.56,0.01,0.15,あと3日,https://detail.chiebukuro.yahoo.co.jp/qa/question_detail/q10324942565,八田與一は お金をどうやって稼いでいますか？ 身分証無しや偽名で働ける場所はあるのですか？,0,0
1161,2026/2/2 20:21,政治、社会問題,非公開,7時間18分,2,11,5.5,1,0,0.025,18.18,0.0,0.48,あと3日,https://detail.chiebukuro.yahoo.co.jp/qa/question_detail/q14324942564,【至急】スパイ防止法の危なさについてどう思いますか？ ・「スパイ行為」や「国家機密」の定義が曖昧で、解釈次第で適用範囲が無限に広がる ・政府にとって不都合な情報公開や内部告発が犯罪化される可能性がある...,0,0
1162,2026/2/2 20:21,ドラマ,ost********,7時間19分,3,30,10.0,0,1,0.068,10.0,0.01,0.48,あと3日,https://detail.chiebukuro.yahoo.co.jp/qa/question_detail/q13324942563,大泉洋ってドラマで何の演技をしても演じている役では無く大泉洋本人にしか見えないんですけど同じ人います？ ※大泉洋自体は好きです,0,0
1163,2026/2/2 20:21,政治、社会問題,gve********,7時間19分,1,12,12.0,0,0,0.027,8.33,0.0,0.14,あと3日,https://detail.chiebukuro.yahoo.co.jp/qa/question_detail/q12324942562,なぜ韓国人の中にはオーストラリア、カナダ、アメリカへ移民する人が多いのですか？,0,0
1164,2026/2/2 20:21,日本語,tanosi,7時間19分,4,39,9.8,0,0,0.089,10.26,0.01,0.54,あと3日,https://detail.chiebukuro.yahoo.co.jp/qa/question_detail/q11324942561,おじさん構文っぽく作文できていますか？,0,0
1165,2026/2/2 20:21,声優,少年の夢,7時間19分,1,22,22.0,0,0,0.05,4.55,0.01,0.16,あと3日,https://detail.chiebukuro.yahoo.co.jp/qa/question_detail/q10324942560,おいしい役を演じたのに停滞した声優さんって誰を思い出しますか？ 個人的にヤマトの沢村した子って 可愛い声だしもっとブレイクするかと 思ったのに意外でした ２１９９そのものが女性受けしなかったから？,0,0
1166,2026/2/2 20:21,ゲーム,まめまめ,7時間19分,1,35,35.0,0,0,0.08,2.86,0.03,0.19,あと3日,https://detail.chiebukuro.yahoo.co.jp/qa/question_detail/q13324942558,【スト6】復帰にあたってのキャラ変えについて相談です ストリートファイター6に約4ヶ月ぶりに復帰しようと考えている者です。 先日公開されたアレックスのPVをきっかけにモチベーションが戻ってきたのですが...,0,0
1167,2026/2/2 20:21,電池,1037498714ak,7時間19分,1,28,28.0,0,0,0.064,3.57,0.02,0.18,あと3日,https://detail.chiebukuro.yahoo.co.jp/qa/question_detail/q14324942559,ボタン電池について質問です。 部屋を掃除していた際に少し膨張したボタン電池を見つけました。捨てたいのですがテープで絶縁して回収ボックスに捨てるで良いのでしょうか？それとも膨張していることを回収ボックス...,0,0
1168,2026/2/2 20:21,法律、消費者問題,1150764884,7時間19分,2,50,25.0,0,1,0.114,4.0,0.03,0.41,あと3日,https://detail.chiebukuro.yahoo.co.jp/qa/question_detail/q11324942556,任意整理について 先日、弁護士にメルペイ後払いの任意整理をお願いしました。 そして1週間後くらいにメルペイ後払いの方から連絡が来て利用枠の方を増額しましたとの連絡がありました。 これって和解できてない...,0,0
1169,2026/2/2 20:21,アルバイト、フリーター,あおい,7時間19分,1,3,3.0,0,0,0.007,33.33,0.0,0.12,あと3日,https://detail.chiebukuro.yahoo.co.jp/qa/question_detail/q10324942555,【至急】おすすめのバイト教えてください！ 大学1年生 女 体力仕事 △ コミュニケーション 〇(コミュニケーション取るのが好きです) 室内希望 飲食店 △ これでおすすめのバイトありませんか…？,0,0
1170,2026/2/2 20:21,病気、症状,1151853945,7時間19分,1,23,23.0,0,0,0.052,4.35,0.01,0.17,あと3日,https://detail.chiebukuro.yahoo.co.jp/qa/question_detail/q13324942553,フルニトラゼパム2mgを処方してもらったんですが マンジャロの同時使用は大丈夫でしょうか,0,0
1171,2026/2/2 20:21,法律相談,miyavi,7時間19分,5,33,6.6,0,2,0.075,15.15,0.0,0.78,あと3日,https://detail.chiebukuro.yahoo.co.jp/qa/question_detail/q14324942554,実家は、元々農家でして有限会社として出荷していました。ハウス栽培でしたので、かなり大きなガラスハウスでした。両親の高齢化で辞めてから多額の費用でハウスを潰し更地にしました。今は畑になっています。 昔か...,0,0
1172,2026/2/2 20:20,大学受験,b321b91d3,7時間20分,0,7,7.0,0,0,0.016,0.0,0.0,0.02,あと3日,https://detail.chiebukuro.yahoo.co.jp/qa/question_detail/q12324942552,質問です 進研模試高２、2025年度1月模試の世界史の点数が73点だったんですが、偏差値はどれくらいになるでしょうか？,0,0
1173,2026/2/2 20:20,恋愛相談、人間関係の悩み,匿名,7時間20分,3,13,4.3,0,0,0.029,23.08,0.0,0.37,あと3日,https://detail.chiebukuro.yahoo.co.jp/qa/question_detail/q11324942551,皆さんはことある事に謝る人をどう思いますか？ 遠距離の彼氏と話し合いするとき、わたしが悪いというのもあって、ごめんなさいとしか言えません。 わたしは言葉で何かを伝えるというのが苦手です。それは彼も理解...,0,0
1174,2026/2/2 20:20,恋愛相談、人間関係の悩み,？,7時間20分,2,11,5.5,0,3,0.025,18.18,0.0,0.46,あと3日,https://detail.chiebukuro.yahoo.co.jp/qa/question_detail/q10324942550,高校生です。ここ1ヶ月ほど年上の男性と毎日DMしていました。今思えばネットで知り合った関係で、毎日会話が続いてたのがすごいと思います。 毎朝おはようと、お互い学校仕事が終わったら終わったよの連絡を欠か...,0,0
1176,2026/2/2 20:20,アニメ,1150695126,7時間20分,4,20,5.0,0,0,0.045,20.0,0.0,0.5,あと3日,https://detail.chiebukuro.yahoo.co.jp/qa/question_detail/q14324942549,キメラアント編が面白すぎて困っています。 Netflixでアニメを見ているんですが、ハンターハンターのキメラアント編が良すぎて、何を見ても結局ハンターハンターに戻ってきてしまいます。 ネトフリのアニメ...,0,0
1177,2026/2/2 20:20,高校受験,1051964551,7時間20分,2,75,37.5,0,6,0.17,2.67,0.06,0.8,不明,https://detail.chiebukuro.yahoo.co.jp/qa/question_detail/q12324942547,今年高校入試なのですが、字が特殊だと言われて焦っています。 写真の黄色の部分ってこのまま書いたら入試で減点されたりしますか？ 他にもこんなふうに字書かない方がいいよってのあったら教えてください,0,0
1178,2026/2/2 20:20,ゴルフ,wan********,7時間20分,4,51,12.8,0,0,0.116,7.84,0.01,0.57,あと3日,https://detail.chiebukuro.yahoo.co.jp/qa/question_detail/q10324942545,ゴルフについて質問です。 アイアンセットの購入を検討しております。 まだゴルフを始めて半年ほどで、最高スコアは先日初めて100を切って92でした。 寛容性のあるモデルがいいと思い、見た目がタイプの先日...,0,0
1179,2026/2/2 20:20,Android,BADSAI,7時間21分,3,7,2.3,0,1,0.016,42.86,0.0,0.42,あと3日,https://detail.chiebukuro.yahoo.co.jp/qa/question_detail/q11324942546,(機種によって違うか分かりませんが)GALAXY S25のLINEの通知音で、特定の人の通知音だけ変更することはできますか？ ネットで調べたやり方だとできなくて。,0,0
1180,2026/2/2 20:20,数学,翠,7時間21分,1,18,18.0,0,0,0.041,5.56,0.01,0.15,あと3日,https://detail.chiebukuro.yahoo.co.jp/qa/question_detail/q14324942544,この数学の解き方教えてください！,0,0
1181,2026/2/2 20:20,公務員試験,・,7時間21分,1,24,24.0,0,0,0.054,4.17,0.01,0.17,あと3日,https://detail.chiebukuro.yahoo.co.jp/qa/question_detail/q13324942543,消防士が懲戒免職になった場合、 その後再就職は可能なんでしょうか？,0,0
1182,2026/2/2 20:20,イヌ,ゆ,7時間21分,4,48,12.0,0,2,0.109,8.33,0.01,0.7,あと3日,https://detail.chiebukuro.yahoo.co.jp/qa/question_detail/q12324942542,急用 両親が手術で家をしばらく開けます 私も仕事で2泊3日ほど家を留守にします そこで問題なのですが、我が家には犬が3匹います 成犬です。ペットホテルに預けようにも証明書がないです。特に頼れる親戚も居...,0,0
1183,2026/2/2 20:20,政治、社会問題,非公開,7時間21分,5,33,6.6,0,0,0.075,15.15,0.0,0.64,あと3日,https://detail.chiebukuro.yahoo.co.jp/qa/question_detail/q11324942541,参政党の支持者達が「神谷さんに天皇になって欲しい」とか言ってますけどどう思いますか？,0,0
1184,2026/2/2 20:20,高校受験,あやか,7時間21分,1,19,19.0,0,0,0.043,5.26,0.01,0.16,あと3日,https://detail.chiebukuro.yahoo.co.jp/qa/question_detail/q10324942540,至急です！ 埼玉県立高校第一志望の中３です。学校選択問題で2025年度の過去問では社会75理科72国語82数学44英語54 合計327でした。 志望校を確実に合格するにはあと20点以上は取らなければい...,0,0
1185,2026/2/2 20:20,プレイステーション4,gouta,7時間21分,2,4,2.0,0,5,0.009,50.0,0.0,0.57,あと3日,https://detail.chiebukuro.yahoo.co.jp/qa/question_detail/q13324942538,いつもお世話になっております。 質問です。PS5は結局縦置きと横置きどちらが良いのでしょうか？ディスクドライブ付きです。,0,0
1186,2026/2/2 20:20,爬虫類、両生類,東組(西成区山王1-11-8),7時間21分,1,2,2.0,0,3,0.005,50.0,0.0,0.32,あと3日,https://detail.chiebukuro.yahoo.co.jp/qa/question_detail/q14324942539,ガリミムスとチーターは何方が脚が速い?,0,0
1187,2026/2/2 20:20,恋愛相談、人間関係の悩み,xx__xx,7時間21分,5,57,11.4,0,0,0.129,8.77,0.01,0.69,不明,https://detail.chiebukuro.yahoo.co.jp/qa/question_detail/q12324942537,向こうが原因なのに喧嘩なると音信不通なる 彼女ってどうしたらいいのですか うざくないですか？？,0,0
1188,2026/2/2 20:20,美容整形,raiteen6820,7時間21分,2,13,6.5,0,0,0.029,15.38,0.0,0.26,あと3日,https://detail.chiebukuro.yahoo.co.jp/qa/question_detail/q11324942536,美容医療未経験の４０代女性です。 小鼻の毛穴の黒ずみがかなり気になっているので、美容医療を受けようと思っているのですが、ピーリングは効果ありますか？ フラクショナルレザーや、ダーマペン、ポテンツァなど...,0,0
1189,2026/2/2 20:20,恋愛相談、人間関係の悩み,匿名,7時間21分,0,3,3.0,0,0,0.007,0.0,0.0,0.01,あと3日,https://detail.chiebukuro.yahoo.co.jp/qa/question_detail/q10324942535,遠距離の彼氏が今年3月で高校を卒業します。 春休みに入るまで会うことができないので卒業してからしばらく会えません。しかし卒業したことをお祝いしたいです。 何かサプライズをしたいのですが何かいい案ありま...,0,0
1190,2026/2/2 20:20,大学受験,匿名,7時間21分,0,84,84.0,0,0,0.19,0.0,0.0,0.19,あと3日,https://detail.chiebukuro.yahoo.co.jp/qa/question_detail/q14324942534,東北学院大学B日程 法学部志望です 国語 7.8割 （記述3問抜き） 英語 5割 （長文は半分正解） 日本史 8.3割 これじゃきついですかね、,0,0
1191,2026/2/2 20:20,コミック,slo********,7時間21分,1,18,18.0,0,0,0.041,5.56,0.01,0.15,あと3日,https://detail.chiebukuro.yahoo.co.jp/qa/question_detail/q13324942533,ワンピースの話題で時折耳にする 「べべんっ！」とは何のことなのでしょうか？ 空間を操る血鬼術を使う敵キャラでもいるんですか？,0,0
1192,2026/2/2 20:20,家族関係の悩み,tok********,7時間21分,3,50,16.7,0,0,0.113,6.0,0.02,0.45,あと3日,https://detail.chiebukuro.yahoo.co.jp/qa/question_detail/q12324942532,親不孝な子が自死したら親は喜びますか？,0,0
1193,2026/2/2 20:20,携帯型ゲーム全般,c57080c48,7時間21分,2,22,11.0,0,0,0.05,9.09,0.01,0.28,あと3日,https://detail.chiebukuro.yahoo.co.jp/qa/question_detail/q11324942531,原神についての質問です フリンズパーティでのスクロースは、龍殺しと翠緑4セットさえ組めていればそこまで育成、厳選しなくてもいいのでしょうか？ コロンビーナとフリンズは餅武器ありで、 このパーティーで遊...,0,0
1194,2026/2/2 20:20,ヘアスタイル,cb7137d6d,7時間21分,1,15,15.0,0,1,0.034,6.67,0.01,0.21,あと3日,https://detail.chiebukuro.yahoo.co.jp/qa/question_detail/q10324942530,茶髪マッシュは卒業式の日黒彩スプレーで乗り切れますか？,0,0
1195,2026/2/2 20:20,新車,whw********,7時間22分,0,8,8.0,0,0,0.018,0.0,0.0,0.02,あと3日,https://detail.chiebukuro.yahoo.co.jp/qa/question_detail/q13324942528,新型デリカミニについて質問です。 昼間運転する時にスピードメーター側の液晶画面が目を凝らしてもギリギリ見えるかどうかくらいに暗くて 表示が全く見えません。 ついこの前までは普通に見えていたのですが、 ...,0,0
1196,2026/2/2 20:20,子育ての悩み,c3691314,7時間22分,4,36,9.0,0,4,0.081,11.11,0.01,0.8,あと3日,https://detail.chiebukuro.yahoo.co.jp/qa/question_detail/q14324942529,６歳４歳兄弟です。 お風呂10数えてあがるのを、兄が6まで数えたところで弟も数え始めたら、兄がずる！と怒りました。前にも同じことがなんどもあり、ずる！じゃなくて、ちゃんと10まで数えて温まったほうがい...,0,0
1197,2026/2/2 20:20,天文、宇宙,ノラは共産主義者を餌付け,7時間22分,1,19,19.0,0,2,0.043,5.26,0.01,0.29,あと3日,https://detail.chiebukuro.yahoo.co.jp/qa/question_detail/q12324942527,宇宙には三体問題が存在しても四体以上の問題は存在しないと言うことですか？,0,0
1198,2026/2/2 20:20,恋愛相談、人間関係の悩み,ここ,7時間22分,3,23,7.7,0,2,0.052,13.04,0.0,0.53,あと3日,https://detail.chiebukuro.yahoo.co.jp/qa/question_detail/q10324942525,気持ちが不安定な時って皆さんどうしてますか。辛くてスマホ触るぐらいしか出来ないですが、、学生です,0,0
1199,2026/2/2 20:20,友人関係の悩み,非公開,7時間22分,1,17,17.0,0,0,0.038,5.88,0.01,0.15,あと3日,https://detail.chiebukuro.yahoo.co.jp/qa/question_detail/q11324942526,高校生男子です。苦手な人がいると、周りに仲良い友達がいても苦手な人が怖くて、普段通りに話したりできなくなります。どうすればいいですか,0,0
1200,2026/2/2 20:20,インターネットショッピング,acf9e159b,7時間22分,0,3,3.0,0,0,0.007,0.0,0.0,0.01,あと3日,https://detail.chiebukuro.yahoo.co.jp/qa/question_detail/q14324942524,至急です！ 先日、データ版のドラマCDを購入をしたんですが… この通り、4時間経った今でも購入した作品が表示されないんです。 ポケドラを使うのは今回が初めてです。 atoneで支払って、購入完了メール...,0,0
1201,2026/2/2 20:20,インフルエンザ,北海道住み,7時間22分,2,54,27.0,0,2,0.122,3.7,0.03,0.48,あと3日,https://detail.chiebukuro.yahoo.co.jp/qa/question_detail/q13324942523,日曜日の夜に発症して、インフルエンザだったとすると、学校はいつまで休まないといけないのですか？今週の土曜に部内戦があるので休みたくないです。,0,0
1202,2026/2/2 20:20,大学受験,れい,7時間22分,1,75,75.0,0,0,0.17,1.33,0.13,0.28,あと3日,https://detail.chiebukuro.yahoo.co.jp/qa/question_detail/q12324942522,高2です。 昨日河合塾の共テ模試を受けて自己採点の結果、英語リーディング61リスニング39国語145日本史60でした科目別の偏差値はどのくらいになりますか？,0,0
1203,2026/2/2 20:20,自動車,Shen zhen shi.,7時間22分,2,14,7.0,0,3,0.032,14.29,0.0,0.46,あと3日,https://detail.chiebukuro.yahoo.co.jp/qa/question_detail/q11324942521,神奈川県にある下記URLの自動販売機コーナーは、２０２６年の現在でも営業中なのでしょうか。 自動販売機は無人で人件費がかからないのでよいのですが、もう４０年以上前の自動販売機があったりするので、電気代...,0,0
1204,2026/2/2 20:20,政治、社会問題,非公開,7時間22分,2,11,5.5,1,0,0.025,18.18,0.0,0.48,あと3日,https://detail.chiebukuro.yahoo.co.jp/qa/question_detail/q10324942520,【至急】日本の高校生がインドネシアのバリ島で集団窃盗事件を起こして世界的に報じられた件についてどう思いますか？,0,0
1205,2026/2/2 20:20,政治、社会問題,***********,7時間22分,0,4,4.0,0,0,0.009,0.0,0.0,0.01,あと3日,https://detail.chiebukuro.yahoo.co.jp/qa/question_detail/q14324942519,野田佳彦は「統一教会とズブズブの関係」は偽情報でイイねや拡散した人も選挙違反ですか？ 一部の一般ユーザーは野田氏が会合に参加した場面とされる写真をアップし「ズブズブ」などと指摘。 https://de...,0,0
1206,2026/2/2 20:20,ニキビケア,ぴんくさーもん,7時間22分,0,0,0.0,0,0,0.0,0.0,0.0,0.0,あと3日,https://detail.chiebukuro.yahoo.co.jp/qa/question_detail/q13324942518,体調不良でニキビや手湿疹はできやすいですか？ 本当に悩んでいます。,0,0
1207,2026/2/2 20:20,政治、社会問題,社会問題の人,7時間22分,1,12,12.0,0,0,0.027,8.33,0.0,0.14,あと3日,https://detail.chiebukuro.yahoo.co.jp/qa/question_detail/q11324942516,権力ってなんなんでしょうか？ やれと言われて、やだと言えば終わりですよね？ なぜ人は言う事を聞くんでしょうか？,0,0
1208,2026/2/2 20:20,サッカー,R0827,7時間22分,3,10,3.3,0,0,0.023,30.0,0.0,0.36,あと3日,https://detail.chiebukuro.yahoo.co.jp/qa/question_detail/q12324942517,意味が分からん。 Jリーグが2028年以降に、育成選手を導入するには、どうしたらよいですか？,0,0
1209,2026/2/2 20:20,iPhone,もりもり,7時間22分,1,12,12.0,0,0,0.027,8.33,0.0,0.14,あと3日,https://detail.chiebukuro.yahoo.co.jp/qa/question_detail/q10324942515,iCloudのサブスク利用をやめたい iPhoneの容量が足りず、写真がほとんどを占めていたためiCloudに移行したのですが、それでも足りず有料で容量を増やしています。 ただ、毎月そこそこ良い額なた...,0,0
1210,2026/2/2 20:20,政治、社会問題,dam********,7時間22分,3,37,12.3,0,0,0.084,8.11,0.01,0.42,あと3日,https://detail.chiebukuro.yahoo.co.jp/qa/question_detail/q13324942513,今週末の衆議院選挙 裁判官の選挙もありますが、コイツは絶対にバツつけてこい、って裁判官の名前教えてください。,0,0
1211,2026/2/2 20:20,大学受験,1251732857,7時間22分,0,23,23.0,0,0,0.052,0.0,0.0,0.05,あと3日,https://detail.chiebukuro.yahoo.co.jp/qa/question_detail/q12324942512,一橋大学志望の高校三年生です。 一般的に、赤本は現状どの程度進んでいれば良いのでしょうか？おそらく私はすごく遅れていて、共テばかり対策していたことに後悔しています。 今更後悔しても遅いので本気で赤本を...,0,0
1212,2026/2/2 20:20,小学校,非公開,7時間23分,2,15,7.5,0,0,0.034,13.33,0.0,0.26,あと3日,https://detail.chiebukuro.yahoo.co.jp/qa/question_detail/q11324942511,現在、4歳と2歳の息子がいてます。世田谷区池尻の主婦です。旦那の転勤で、交野市に引っ越すことになりました。職場との兼ね合いで、住まいの最寄駅は星ヶ丘駅か、河内森駅駅を検討しています。 そこでこのあたり...,0,0
1213,2026/2/2 20:20,恋愛相談、人間関係の悩み,dbj********,7時間23分,0,8,8.0,0,0,0.018,0.0,0.0,0.02,あと3日,https://detail.chiebukuro.yahoo.co.jp/qa/question_detail/q14324942509,月のデート代の相場はいくらですか？,0,0
1214,2026/2/2 20:20,ライブ、コンサート,1052246707,7時間23分,1,146,146.0,0,0,0.329,0.68,0.48,0.44,あと3日,https://detail.chiebukuro.yahoo.co.jp/qa/question_detail/q10324942510,ミスチルのツアー2026のチケット、FC先行外れたので、オフィシャル先行で申し込みしており、当落結果は2月10日発表です。 2月2日からpontaパス先行予約が始まったので、新規で会員登録してそちらも...,0,0
1215,2026/2/2 20:20,ゲーム,……,7時間23分,1,5,5.0,0,0,0.011,20.0,0.0,0.12,あと3日,https://detail.chiebukuro.yahoo.co.jp/qa/question_detail/q13324942508,コロンビーナの餅武器についてです。 武器ガチャでイネファの餅狙いだったのですが、すり抜けでコロ餅2個目が出てしまいました。 これに関しては確定までいけないのに引いた私が悪いのですが、コロ餅をどうするか...,0,0
1216,2026/2/2 20:20,マラソン、陸上競技,誠に感謝,7時間23分,0,6,6.0,0,0,0.014,0.0,0.0,0.01,あと3日,https://detail.chiebukuro.yahoo.co.jp/qa/question_detail/q11324942506,陸上競技で陸上強豪の私立大学の全額免除の指定校推薦をもらうためにはどのくらいの実績がないと無理ですか？ また公立大学の強豪ではどのくらいの実績があればほぼ確で推薦で受かることができますか？,0,0
1217,2026/2/2 20:20,コミック,ちゃむったー,7時間23分,0,4,4.0,0,0,0.009,0.0,0.0,0.01,あと3日,https://detail.chiebukuro.yahoo.co.jp/qa/question_detail/q10324942505,ねずみの初恋、十字架のろくにんとかの漫画が だいすきです‼️ 他に似たような漫画ありませんかね？できればアプリで無料でみれるやつがいいです(-᷅_-᷄) 鬱要素、胸糞、戦い、考えさせられるのがめっっち...,0,0
1218,2026/2/2 20:20,iPhone,広島西武近鉄ファイターズ,7時間23分,1,9,9.0,0,1,0.02,11.11,0.0,0.2,あと3日,https://detail.chiebukuro.yahoo.co.jp/qa/question_detail/q14324942504,iPhoneを全てデータ移行した後は そのまま旧iPhoneは初期化したも大丈夫ですか？ その前にする事はありますか？,0,0
1219,2026/2/2 20:19,海外サッカー,ジャパンファースト,7時間24分,2,25,12.5,0,6,0.056,8.0,0.01,0.68,あと3日,https://detail.chiebukuro.yahoo.co.jp/qa/question_detail/q12324942502,サウジアラビアで開催されたAFC U23アジアカップで、下馬評では優勝候補の一角だったU23韓国代表は4位（全6試合を2勝2分2敗）と不振に終わっただけでなく、 規定より2歳若い「ロサンゼルス五輪世代...,0,0
1220,2026/2/2 20:19,ヘアスタイル,ceb********,7時間24分,1,13,13.0,0,0,0.029,7.69,0.0,0.14,あと3日,https://detail.chiebukuro.yahoo.co.jp/qa/question_detail/q13324942503,キャラクターもののヘアゴムを使うのは何歳までですか？ 30代後半でサンリオのヘアゴムでポニーテールをするのはアウトですか？痛いですか？,0,0
1221,2026/2/2 20:19,資格,ppu********,7時間24分,0,8,8.0,0,0,0.018,0.0,0.0,0.02,あと3日,https://detail.chiebukuro.yahoo.co.jp/qa/question_detail/q11324942501,115回の看護国試を受けるものです。東京アカデミー看護模試114回第3回の問題を解いてみているのですが、平均点覚えてる方いますか？,0,0
1222,2026/2/2 20:19,恋愛相談、人間関係の悩み,kawaia1750a,7時間24分,2,10,5.0,0,0,0.022,20.0,0.0,0.25,あと3日,https://detail.chiebukuro.yahoo.co.jp/qa/question_detail/q10324942500,女性から別れを切り出すと時間経てばまた戻ってくるよね？私の元カノが3人程そんな感じですが、長く付き合えば付き合う程その傾向有りませんか？ 覚悟を決めて別れを切り出したと思うのですが女性の気持ちが分かり...,0,0
1223,2026/2/2 20:19,数学,あやか,7時間24分,2,22,11.0,0,2,0.049,9.09,0.01,0.41,あと3日,https://detail.chiebukuro.yahoo.co.jp/qa/question_detail/q14324942499,右の図の線分AB上に点Cをとるとき、AC: AB=1:√2 となる点Cをコンパスと定規を使って作図しなさい。 この問題の作図がどうしてそうなるのかを教えていただきたいです！出来れば文字ではなく図で教え...,0,0
1224,2026/2/2 20:19,将来の夢,非公開,7時間24分,2,18,9.0,0,0,0.04,11.11,0.0,0.26,あと3日,https://detail.chiebukuro.yahoo.co.jp/qa/question_detail/q13324942498,僕の将来の夢は身長を後75cm伸ばしてお酒飲める量を今の18倍に増やすです。どうですか？できますか？,0,0
1225,2026/2/2 20:19,マインクラフト,ススキ,7時間24分,0,2,2.0,0,0,0.004,0.0,0.0,0.0,あと3日,https://detail.chiebukuro.yahoo.co.jp/qa/question_detail/q11324942496,pcでマイクラのhypixel始めてそれでMOD入れたいんだけど、Glorious x16ってどうやって入れるの？,0,0
1226,2026/2/2 20:19,外国為替、FX,kin********,7時間24分,2,28,14.0,0,0,0.063,7.14,0.01,0.29,あと3日,https://detail.chiebukuro.yahoo.co.jp/qa/question_detail/q12324942497,金先物の買い時ってどんなタイミングですか？,0,0
1227,2026/2/2 20:19,オーディオ,非公開,7時間24分,0,2,2.0,0,0,0.004,0.0,0.0,0.0,あと3日,https://detail.chiebukuro.yahoo.co.jp/qa/question_detail/q10324942495,今日ラディウスのtiny Series HP-T10BTを購入して、繋げてYouTubeとか音楽聴いてたら勝手に音量が下がるようになりました。 音量ボタンは触ってないし、圧迫もされてません。再接続をし...,0,0
1228,2026/2/2 20:19,子育ての悩み,1150934222,7時間25分,2,17,8.5,0,0,0.038,11.76,0.0,0.26,あと3日,https://detail.chiebukuro.yahoo.co.jp/qa/question_detail/q14324942494,生後1週間の赤ちゃんについてです。 哺乳瓶でミルクをあげると、喉？鼻？がゼーゼーし、空気をゴクゴク飲む音がして苦しそうです。 病院にいるときは毎回60ml飲んでいたのに、退院してからは40mlくらい飲...,0,0
1229,2026/2/2 20:19,YouTube,b364f0ba7,7時間25分,1,71,71.0,0,2,0.16,1.41,0.11,0.41,不明,https://detail.chiebukuro.yahoo.co.jp/qa/question_detail/q13324942493,にじさんじの8周年記念グッズについて 明日の12:00から8周年記念グッズが販売開始ですが、12:00ににじさんじオフィシャルストアにちゃんとつながりますか？ また、回線が混み合った場合どれくらいでつ...,0,0
1230,2026/2/2 20:19,恋愛相談、人間関係の悩み,auu********,7時間25分,3,10,3.3,0,0,0.022,30.0,0.0,0.36,あと3日,https://detail.chiebukuro.yahoo.co.jp/qa/question_detail/q12324942492,同棲して数ヶ月になります。 彼が仕事で精神的に辛いといい毎週実家に帰ります。 私の方が出勤時間が早く、帰宅もはやいので毎日ご飯を作り彼が帰るのを待ち一緒に食べます。洗濯、掃除もゴミ出しもちゃんとやりま...,0,0
1231,2026/2/2 20:19,妊娠、出産,fza********,7時間25分,2,34,17.0,0,0,0.076,5.88,0.01,0.3,あと3日,https://detail.chiebukuro.yahoo.co.jp/qa/question_detail/q11324942491,妊娠検査薬の結果について ※下部妊娠検査薬の写真載せてます。苦手な方はお控え下さい！！ 現在妊活中です。 本日生理予定日ですが、まだ来ていないので フライングで妊娠検査薬を行いました。 生理は規則的で...,0,0
1232,2026/2/2 20:19,高校受験,、,7時間25分,3,9,3.0,0,0,0.02,33.33,0.0,0.36,あと3日,https://detail.chiebukuro.yahoo.co.jp/qa/question_detail/q10324942490,国語について質問です。偏差値42の公立高校に行きたいのですが、国語の品詞と古文が難しいです。古文は単語？ みたいなのを覚えなあかんけどどれが入試に出やすいかわからないです。品詞は同じ意味の漢字を探すの...,0,0
1233,2026/2/2 20:19,運転免許,知恵袋,7時間25分,3,77,25.7,0,7,0.173,3.9,0.04,0.98,不明,https://detail.chiebukuro.yahoo.co.jp/qa/question_detail/q14324942489,例えば、路面が凍結していてブレーキを踏んだけど停止線を超えて止まってしまった。 路肩の雪が邪魔で左折車線に入れず直進車線から左折しなければならない。 積雪で路面標示が見えなくて標示を守れなかった。 等...,0,0
1235,2026/2/2 20:19,会計、経理、財務,yuk********,7時間25分,0,8,8.0,0,0,0.018,0.0,0.0,0.02,あと3日,https://detail.chiebukuro.yahoo.co.jp/qa/question_detail/q12324942487,帳簿についての質問です。 ４月より開業予定で、今備品の購入や広告の準備をしています。 今年度は白色申告を予定しています。 初めてなので手書きの帳簿とアプリでやってみようと思っています。 それで帳簿のつ...,0,0
1236,2026/2/2 20:19,カラオケ,あいうあえな,7時間25分,7,44,6.3,0,2,0.099,15.91,0.01,1.02,あと3日,https://detail.chiebukuro.yahoo.co.jp/qa/question_detail/q14324942484,男です。カラオケオク下になってしまいます。どうすればちゃんとしたキーで歌えますか？また、オク下の場合無理に原キーで歌おうとせず自分に合うキーを探すほうがいいですか？,0,0
1237,2026/2/2 20:19,コミック,doo********,7時間25分,0,14,14.0,0,0,0.031,0.0,0.0,0.03,あと3日,https://detail.chiebukuro.yahoo.co.jp/qa/question_detail/q13324942483,この漫画のタイトル分かる人いませんか 主人公は黒髪ショートのボーイッシュな１０代の女の子 段ボールをかぶって生配信している 関係ないですが確か同じくらいの時期に、BEAUTIFUL LEGENDSって...,0,0
1238,2026/2/2 20:19,音楽,.,7時間25分,1,4,4.0,0,0,0.009,25.0,0.0,0.12,あと3日,https://detail.chiebukuro.yahoo.co.jp/qa/question_detail/q12324942482,Spotify 私のスマホでは、調べても違う曲が流れたり、プレイリストから流したい曲が選べません。 広告も3曲ごとぐらいに2つ流れます。 友達は、調べたら好きな曲フルで聴けるし、プレイリストから曲選べ...,0,0
1239,2026/2/2 20:19,アニメ,非表示,7時間25分,1,17,17.0,0,0,0.038,5.88,0.01,0.15,あと3日,https://detail.chiebukuro.yahoo.co.jp/qa/question_detail/q11324942481,人はいずれ死にますけど、 天上天下唯我独尊な五条悟が死んだのって、 なんか滑稽じゃないですか？ だってあんなにイキッてたのに… そりゃスクナが受胎した直後の戦闘での死なので実質それまで最強だったのかも...,0,0
1241,2026/2/2 20:19,ゲーム,1150211779,7時間25分,1,6,6.0,0,0,0.013,16.67,0.0,0.13,あと3日,https://detail.chiebukuro.yahoo.co.jp/qa/question_detail/q14324942479,PS5のディスクゲーム（オンライン環境がないとできないような内容が含むようなゲームではないもの）、不具合などでバージョンの更新があった場合、一度そのバージョン更新をしたら、 そのあとオフラインにしても...,0,0
1242,2026/2/2 20:19,数学,みはる,7時間25分,1,16,16.0,0,1,0.036,6.25,0.01,0.21,あと3日,https://detail.chiebukuro.yahoo.co.jp/qa/question_detail/q12324942477,高校入試の数学問1と問2しか解けません もうどうしたらいいですか,0,0
1243,2026/2/2 20:19,SIMフリー端末,mff********,7時間25分,0,3,3.0,0,0,0.007,0.0,0.0,0.01,あと3日,https://detail.chiebukuro.yahoo.co.jp/qa/question_detail/q11324942476,八田與一はスマホのSIMはどうしてるのでしょうか？ 契約会社からsimの位置情報を取られて、捕まらないのですか？,0,0
1244,2026/2/2 20:19,高校受験,1253035847,7時間26分,2,7,3.5,0,0,0.016,28.57,0.0,0.24,あと3日,https://detail.chiebukuro.yahoo.co.jp/qa/question_detail/q10324942475,和光高校を受けようと思っている中２です A推薦目指しですが絶対に無理です今の成績が全て合わせて21くらいで上がるとしてもオール3取れるか取れないかくらいです なのでB推薦を受けたいと思っています 作文...,0,0
1245,2026/2/2 20:19,税金,どうも窓際です！,7時間26分,2,36,18.0,0,0,0.081,5.56,0.01,0.3,あと3日,https://detail.chiebukuro.yahoo.co.jp/qa/question_detail/q14324942474,年末調整で還付金が0円でした、でも医療費は10万越えています。障がい者手帳を出して、確定申告しようと思うのですが。いくらかは戻ってくるんでしょうか？,0,0
1246,2026/2/2 20:19,インターネットサービス,b6eb5aeb8,7時間26分,1,5,5.0,0,0,0.011,20.0,0.0,0.12,あと3日,https://detail.chiebukuro.yahoo.co.jp/qa/question_detail/q13324942473,スレ立てしたいのですがスレ立てってどこれやれるんですか？,0,0
1247,2026/2/2 20:19,病気、症状,！,7時間26分,0,17,17.0,0,0,0.038,0.0,0.0,0.04,あと3日,https://detail.chiebukuro.yahoo.co.jp/qa/question_detail/q11324942471,境界性パーソナリティ障害(境界性人格障害)をお持ちの方にご質問です。 私は境界性パーソナリティ障害で、お薬はレクサプロ、ロラゼパム、ドンペリドン、ラメルテオン、マイスリーを飲んでいます。 抑うつや不安...,0,0
1248,2026/2/2 20:19,家族関係の悩み,1050323681,7時間26分,9,144,16.0,2,18,0.323,6.25,0.05,2.98,あと3日,https://detail.chiebukuro.yahoo.co.jp/qa/question_detail/q14324942469,親が亡くなってスッキリしました。 同じように感じた事がある方はいますか？ 70代で亡くなりました。 子供の時から暴力暴言、体(乳首等)に触る、借金まみれ、アル中、そのくせ被害妄想、見栄っ張りで家族は苦...,0,0
1249,2026/2/2 20:19,友人関係の悩み,a31e31fda,7時間26分,4,43,10.8,0,0,0.096,9.3,0.01,0.54,あと3日,https://detail.chiebukuro.yahoo.co.jp/qa/question_detail/q13324942468,悲報:一軍女子に悪口を言われていました。 私の悪口を言っていた人をAちゃんとします。 ある日、部活の時間の時あまり好きではない友達から、Aちゃんがあなたの悪口言ってたよと報告されました。 わざわざ報告...,0,0
1250,2026/2/2 20:19,法律相談,b3758ddf4,7時間26分,2,32,16.0,0,0,0.072,6.25,0.01,0.29,あと3日,https://detail.chiebukuro.yahoo.co.jp/qa/question_detail/q12324942467,親が詐欺にあって通帳とか住所とか言ってしまったんですけど家凸られますか？ あとLINEも教えてしまいました、ブロックするべきですか？,0,0
1251,2026/2/2 20:19,女性アイドル,1052536750,7時間26分,0,1,1.0,0,0,0.002,0.0,0.0,0.0,あと3日,https://detail.chiebukuro.yahoo.co.jp/qa/question_detail/q11324942466,崩スタについてです。 キャストリスっていつぐらいに来ると思いますか？ 予想でもいいので教えて欲しいです…！,0,0
1252,2026/2/2 20:19,資格,ba****,7時間26分,0,2,2.0,0,0,0.004,0.0,0.0,0.0,あと3日,https://detail.chiebukuro.yahoo.co.jp/qa/question_detail/q10324942465,測量士試験について質問です。択一添削⑤ 問２ １８０cm以上が最も多いので、９９．７％だと考えますが、正解は９５．５％で 計算されてましたが、それはなぜですか？,0,0
1253,2026/2/2 20:19,料理、食材,ｌD非公開,7時間26分,8,30,3.8,0,1,0.067,26.67,0.0,1.03,あと3日,https://detail.chiebukuro.yahoo.co.jp/qa/question_detail/q14324942464,外国産の肉は硬いですか？,0,0
1254,2026/2/2 20:19,国際情勢,James1950s,7時間26分,2,18,9.0,0,6,0.04,11.11,0.0,0.67,あと3日,https://detail.chiebukuro.yahoo.co.jp/qa/question_detail/q13324942463,国際ジャーナリスト・モーリー・ロバートソン氏をどう思いますか?,0,0
1255,2026/2/2 20:18,メルカリ,＊2\4,7時間27分,2,38,19.0,0,1,0.085,5.26,0.02,0.37,あと3日,https://detail.chiebukuro.yahoo.co.jp/qa/question_detail/q12324942462,メルカリでコンビニ支払いをしたんですが、3日経っても反映ませんでした。 もう少し待つべきでしょうか？ それとも再度支払いをすべきでしょうか、？,0,0
1256,2026/2/2 20:18,大学受験,1253335007,7時間27分,2,15,7.5,0,0,0.033,13.33,0.0,0.26,あと3日,https://detail.chiebukuro.yahoo.co.jp/qa/question_detail/q10324942460,薬学部に進学する高三です。 高分子が苦手なのですが、大学では使うのでしょうか？ 天然高分子ならともかく、合成高分子は使うのでしょうか？,0,0
1257,2026/2/2 20:18,恋愛相談、人間関係の悩み,xah********,7時間27分,10,82,8.2,0,0,0.183,12.2,0.02,1.3,あと3日,https://detail.chiebukuro.yahoo.co.jp/qa/question_detail/q11324942461,今、付き合って2か月の彼氏がいます。 お互い実家暮らしで毎週末会って、ホテルに泊まって出掛けたりしています。 お互い同じ県内ですが、少し距離があります。 お互いバイバイする時に、寂しくて中々バイバイ出...,0,0
1258,2026/2/2 20:18,労働条件、給与、残業,fre********,7時間28分,2,20,10.0,0,0,0.045,10.0,0.0,0.27,あと3日,https://detail.chiebukuro.yahoo.co.jp/qa/question_detail/q14324942459,有給の使用についてなんですが、 現在有給が2日間あり、毎週金曜日のみで勤務しています。 3/16から毎週月曜日にシフト変更するのですが、 これまでの金曜日3/6.13に有給は使えますでしょうか？,0,0
1259,2026/2/2 20:18,新車,IDは非公開に設定されています,7時間28分,4,34,8.5,0,0,0.076,11.76,0.01,0.52,あと3日,https://detail.chiebukuro.yahoo.co.jp/qa/question_detail/q13324942458,これはトゥクトゥク？,0,0
1260,2026/2/2 20:18,携帯型ゲーム全般,1252385432,7時間28分,1,31,31.0,0,0,0.069,3.23,0.02,0.18,不明,https://detail.chiebukuro.yahoo.co.jp/qa/question_detail/q12324942457,ドッカンバトルを4、5年ぶりにやっていて最近のキャラを全く持っていないのですが、今のドッカンフェスコインで交換した方がいいキャラはいますか？,0,0
1261,2026/2/2 20:18,ポケットモンスター,悠伽,7時間28分,2,11,5.5,0,0,0.025,18.18,0.0,0.25,あと3日,https://detail.chiebukuro.yahoo.co.jp/qa/question_detail/q11324942456,レジェアルでオリジンボールに入れた方はホームに送れますか？,0,0
1262,2026/2/2 20:18,X（旧Twitter）,1252522700,7時間28分,0,10,10.0,0,0,0.022,0.0,0.0,0.02,あと3日,https://detail.chiebukuro.yahoo.co.jp/qa/question_detail/q10324942455,ツイッターでffさんと仲良くする方法教えて欲しいです 他の人は鍵アカウントとかで仲良くしてて羨ましいです！,0,0
1263,2026/2/2 20:18,恋愛相談、人間関係の悩み,gzx********,7時間28分,0,6,6.0,0,0,0.013,0.0,0.0,0.01,あと3日,https://detail.chiebukuro.yahoo.co.jp/qa/question_detail/q14324942454,小学校から高校にかけて、親から否定的な言葉をかけられたことが原因でどうしても親のことを恨んでしまいます。 小学校の頃から、何か新しいものを買ってもらうときに、あんたなんかに新品はもったいないや、姉兄と...,0,0
1264,2026/2/2 20:18,日本語,xya********,7時間28分,1,11,11.0,0,1,0.025,9.09,0.0,0.2,あと3日,https://detail.chiebukuro.yahoo.co.jp/qa/question_detail/q13324942453,静寂に佇むという表現は正解ですか？？,0,0
1265,2026/2/2 20:18,大学受験,a682a4677,7時間28分,0,21,21.0,0,0,0.047,0.0,0.0,0.05,あと3日,https://detail.chiebukuro.yahoo.co.jp/qa/question_detail/q12324942452,志望校について相談です。 僕は地方の進学校に通っている新高校3年生です。理系志望で得意科目は理系全般で苦手科目は英語と国語が少しです。 今芝浦工業大学の工学部に入りたいと思っているのですが、一般で受け...,0,0
1266,2026/2/2 20:18,観光地、行楽地,a23********,7時間28分,2,17,8.5,0,1,0.038,11.76,0.0,0.33,あと3日,https://detail.chiebukuro.yahoo.co.jp/qa/question_detail/q11324942451,2/20〜 福岡旅行に行きます 初日に太宰府天満宮に行くんですが、調べたところなにやら大きめの行事(？)があるみたいでもしかしたら行く時たくさん人がいるとちょっとしんどいので現地の方もしくはそこに詳し...,0,0
1267,2026/2/2 20:18,恋愛相談、人間関係の悩み,a,7時間28分,2,36,18.0,0,2,0.08,5.56,0.01,0.44,あと3日,https://detail.chiebukuro.yahoo.co.jp/qa/question_detail/q13324942448,自分の発言のせいで、同棲中の彼女が自殺未遂をしたのですが、このまま別れたいです。面倒事を起こすなという気持ちが強いです。 彼女は職場でセクハラといじめを受けていました。しかし元々仕事のミスが多い方だと...,0,0
1268,2026/2/2 20:18,携帯型ゲーム全般,a9220d0a4,7時間28分,1,19,19.0,0,0,0.042,5.26,0.01,0.15,あと3日,https://detail.chiebukuro.yahoo.co.jp/qa/question_detail/q14324942449,プロスピでWBCの岡本和真を確実に手に入れたいのですが、何エナジーあれば安心ですか？,0,0
1269,2026/2/2 20:18,ファッション,hay********,7時間28分,0,1,1.0,0,0,0.002,0.0,0.0,0.0,あと3日,https://detail.chiebukuro.yahoo.co.jp/qa/question_detail/q12324942447,https://www.gakusyu.pref.ibaraki.jp/100sen/manners なんで派手な服装はダメで自然の中に溶け込む服装をしなきゃいけないんでしょう 何かあった時に見つけに...,0,0
1270,2026/2/2 20:18,ボクシング,b1201ff26,7時間28分,4,25,6.2,0,6,0.056,16.0,0.0,0.9,あと3日,https://detail.chiebukuro.yahoo.co.jp/qa/question_detail/q10324942445,モハメドアリはフットワークやスピードなどの技術力がメインでしたが、パンチ力は強い方なのでしょうか？,0,0
1271,2026/2/2 20:18,ゲーム,モブ氏,7時間28分,0,9,9.0,0,0,0.02,0.0,0.0,0.02,あと3日,https://detail.chiebukuro.yahoo.co.jp/qa/question_detail/q11324942446,Switch2でオーバークックを買おうと思うのですが、オーバークック2がセールで今687円、オーバークック2:真の食通エディションが1225円なのですがどちらがおすすめですか？,0,0
1272,2026/2/2 20:18,政治、社会問題,非公開,7時間28分,2,13,6.5,0,0,0.029,15.38,0.0,0.25,あと3日,https://detail.chiebukuro.yahoo.co.jp/qa/question_detail/q14324942444,アフリカは資源が豊富なのになぜ政治が安定せず、貧困が続くのですか？ アフリカ大陸には金、ダイヤモンド、レアメタルなどの天然資源が豊富にありますが、それがかえって紛争や腐敗の原因になる「資源の呪い」とい...,0,0
1273,2026/2/2 20:18,恋愛相談、人間関係の悩み,1251906461,7時間29分,0,2,2.0,1,0,0.004,0.0,0.0,0.23,あと3日,https://detail.chiebukuro.yahoo.co.jp/qa/question_detail/q13324942443,自閉スペクトラム症(ASD)でかつ境界知能なら一生底辺が確定していますか？,0,0
1274,2026/2/2 20:18,就職活動,1051971340,7時間29分,1,15,15.0,0,1,0.033,6.67,0.0,0.21,あと3日,https://detail.chiebukuro.yahoo.co.jp/qa/question_detail/q11324942441,就職活動について相談させてください。 現在、人材業界を志望しています。 理由としては、これまで参加したインターンや説明会を通して、純粋に「やってみたい」「楽しそう」と感じたからです。特に、自分自身が価...,0,0
1275,2026/2/2 20:18,鳥類,1252183205,7時間29分,1,11,11.0,1,0,0.024,9.09,0.0,0.36,あと3日,https://detail.chiebukuro.yahoo.co.jp/qa/question_detail/q10324942440,文鳥がケージに粟の穂などを止めるクリップに怒ります。 ガチャガチャと音がしてしまうので毎回それに怒っていてストレスなのではないかと思っているのですが、解決策や皆さんがしている設置の仕方などありましたら...,0,0
1276,2026/2/2 20:18,気象、天気,ノラは共産主義者を餌付け,7時間29分,1,13,13.0,2,0,0.029,7.69,0.0,0.58,あと3日,https://detail.chiebukuro.yahoo.co.jp/qa/question_detail/q14324942439,蝶の羽ばたきが気象に影響を与えるのですか？ ウンコ（野グソ）が気象に影響を与えるのですか？,0,0
1277,2026/2/2 20:18,日用品、生活雑貨,i,7時間29分,3,16,5.3,0,0,0.036,18.75,0.0,0.37,あと3日,https://detail.chiebukuro.yahoo.co.jp/qa/question_detail/q13324942438,粗大ゴミって、スライド式のテレビボードとかを捨てる場合、最大限引き伸ばした状態の長さを測り、シールを購入しなければなりませんか？小さくなるのに、、、 たとえば、このような商品のことです！ テレビ台 ロ...,0,0
1278,2026/2/2 20:18,掃除,cal********,7時間29分,2,16,8.0,0,0,0.036,12.5,0.0,0.26,あと3日,https://detail.chiebukuro.yahoo.co.jp/qa/question_detail/q12324942437,トイレのタンクの蓋(陶器)の裏のカビは何を使えば良いでしょうか。ザラザラした面で、ただ擦っただけだと取れません。,0,0
1279,2026/2/2 20:18,国際情勢,m1o********,7時間29分,0,6,6.0,0,0,0.013,0.0,0.0,0.01,あと3日,https://detail.chiebukuro.yahoo.co.jp/qa/question_detail/q14324942434,クルド人が グリーンランドに国を作ることはありますか？,0,0
1280,2026/2/2 20:18,メルカリ,うん,7時間29分,4,27,6.8,0,0,0.06,14.81,0.0,0.5,あと3日,https://detail.chiebukuro.yahoo.co.jp/qa/question_detail/q10324942435,メルカリについて 12/20日購入分(楽天カード使用) 12/27日購入分(エポスカード使用) いずれも出品者の都合で キャンセルになったのですが クレカの支払う明細を確認したら いずれも1/27日に...,0,0
1281,2026/2/2 20:18,美術、芸術,hay********,7時間29分,1,12,12.0,0,0,0.027,8.33,0.0,0.14,あと3日,https://detail.chiebukuro.yahoo.co.jp/qa/question_detail/q13324942433,どなたの書でしょうか。よろしくお願いいたします。,0,0
1282,2026/2/2 20:18,家計、貯金,najxbsusncj,7時間29分,2,19,9.5,0,0,0.042,10.53,0.0,0.26,あと3日,https://detail.chiebukuro.yahoo.co.jp/qa/question_detail/q12324942432,社会人3年目(特殊な職業のため細かく言うと2年半) 貯金220〜250万 これは少ないですか？ 私ではありません。率直に意見を聞かせてください！,0,0
1283,2026/2/2 20:18,恋愛相談、人間関係の悩み,頑張るのに疲れた,7時間29分,3,34,11.3,0,0,0.076,8.82,0.01,0.41,あと3日,https://detail.chiebukuro.yahoo.co.jp/qa/question_detail/q11324942431,男性に質問です。実年齢より若く見えて、見た目がタイプなら、結構年上でも恋愛対象になるのでしょうか？ 一目惚れされました。彼にとって私が理想のタイプらしく、猛アプローチされています。 彼は20下で恋愛対...,0,0
1284,2026/2/2 20:18,パソコン,bc22b180e,7時間29分,3,21,7.0,0,1,0.047,14.29,0.0,0.45,あと3日,https://detail.chiebukuro.yahoo.co.jp/qa/question_detail/q10324942430,バンダルゲーミングでpc買うのはどうですか？,0,0
1285,2026/2/2 20:18,テレビ、ラジオ,りっぷる,7時間29分,2,1,0.5,0,0,0.002,200.0,0.0,0.22,あと3日,https://detail.chiebukuro.yahoo.co.jp/qa/question_detail/q14324942429,時間帯的にQさまの人気温泉地ランキング(小から大規模まで様々。関連問題含む)とミラノコルティナオリンピックの中継が被ってしまいます。どうすれば良いですか？ 別室の二台目のTV(地上波しか入らない)でQ...,0,0
1286,2026/2/2 20:18,恋愛相談、人間関係の悩み,w_mu4,7時間29分,1,51,51.0,0,0,0.113,1.96,0.06,0.22,あと3日,https://detail.chiebukuro.yahoo.co.jp/qa/question_detail/q13324942428,恋愛ソムリエの方にご質問です！ 21歳 男 大学生です！ 先日マッチングアプリでマッチした方とお会いし、とても楽しく会話もかなり弾み、次の予定も決まっています。 自分的にはお相手の方とお付き合い出来た...,0,0
1287,2026/2/2 20:18,邦楽,非公開,7時間29分,2,43,21.5,1,0,0.096,4.65,0.02,0.54,あと3日,https://detail.chiebukuro.yahoo.co.jp/qa/question_detail/q11324942426,世界で活躍してるアーティスト S ado、ワンオク、ベビメタ、LOUDNESS A 藤井風、YOASOBI 、XJAPAN B 米津、セカオワ ですか,0,0
1288,2026/2/2 20:18,アルバイト、フリーター,1251632963,7時間29分,3,25,8.3,0,0,0.056,12.0,0.0,0.39,不明,https://detail.chiebukuro.yahoo.co.jp/qa/question_detail/q12324942427,初めまして。 バイトについて質問です。 バイト経験ある方にご質問です。 シフト半月毎申告制とはどう言うものでしょうか？また、週によって曜日や時間帯を変えてもいいと言うことでしょうか？,0,0
1289,2026/2/2 20:18,高校受験,cdb5244e6,7時間29分,1,21,21.0,0,0,0.047,4.76,0.01,0.16,あと3日,https://detail.chiebukuro.yahoo.co.jp/qa/question_detail/q14324942424,偏差値が40から50の学校でリッュク自由、校内でスマホ使える食堂がある高校ってありますか？ 東京の市内でお願いします,0,0
1290,2026/2/2 20:18,ゲーム,bebcf33d6,7時間30分,2,12,6.0,0,0,0.027,16.67,0.0,0.25,あと3日,https://detail.chiebukuro.yahoo.co.jp/qa/question_detail/q10324942425,ヒプマイARBについて 過去の季節限定/お誕生日ボイスなどを現在聞く方法はありますか？ また、限定ボイスのセリフの文面だけでもまとめてあるサイトがあれば教えて頂きたいです。,0,0
1291,2026/2/2 20:17,生物、動物、植物,1152198471,7時間31分,1,10,10.0,0,0,0.022,10.0,0.0,0.13,あと3日,https://detail.chiebukuro.yahoo.co.jp/qa/question_detail/q12324942422,この地球上で1番最初に陸上に上がってきた生き物は、苔の仲間というのを聞いた事があるのですが本当でしょうか？,0,0
1292,2026/2/2 20:17,恋愛相談,dat********,7時間31分,3,48,16.0,0,0,0.106,6.25,0.02,0.44,あと3日,https://detail.chiebukuro.yahoo.co.jp/qa/question_detail/q11324942421,この脇毛は濃いですか？ 薄いですか？ 男です,0,0
1293,2026/2/2 20:17,恋愛相談、人間関係の悩み,ゆ,7時間31分,0,2,2.0,0,0,0.004,0.0,0.0,0.0,あと3日,https://detail.chiebukuro.yahoo.co.jp/qa/question_detail/q10324942420,だいぶ前にUSENで流れていた行けな行けないどこまで行っても行けない2人は〜みたいな曲教えてください❗️,0,0
1294,2026/2/2 20:17,政治、社会問題,cat********,7時間31分,5,34,6.8,1,0,0.075,14.71,0.01,0.85,あと3日,https://detail.chiebukuro.yahoo.co.jp/qa/question_detail/q14324942419,高市さんは、 「もっともっと、円安に成れ～！」 と言っていますか？？？ 円安による物価高について、全く対処する気無し、と考えればいいですか？？？ 円安により、企業倒産も前年の２倍、負債額は３倍だそうで...,0,0
1295,2026/2/2 20:17,ゲーム,那由多,7時間31分,1,190,190.0,0,0,0.421,0.53,0.79,0.53,不明,https://detail.chiebukuro.yahoo.co.jp/qa/question_detail/q13324942418,セルサバイバーについてです。現在ノーマルの第53章です。6000円課金していないのでカプセルは外せないんですがその他どの武器を使えばいいですか？サイトによって言ってることが違うので教えてほしいです。,0,0
1296,2026/2/2 20:17,鉄道、列車、駅,山田,7時間31分,0,2,2.0,0,0,0.004,0.0,0.0,0.0,あと3日,https://detail.chiebukuro.yahoo.co.jp/qa/question_detail/q12324942417,東川口駅周辺の駐輪場で通学の際の数ヶ月の契約で1番良いところはどこだと思いますか？ 初めてなのでどこがいいのか全然わからず不安です,0,0
1297,2026/2/2 20:17,携帯型ゲーム全般,a9220d0a4,7時間31分,2,15,7.5,0,0,0.033,13.33,0.0,0.25,あと3日,https://detail.chiebukuro.yahoo.co.jp/qa/question_detail/q11324942416,プロスピでWBCの岡本和真をセレクトミキサーで確実に手に入れたいのですが、何エナジーあれば安心ですか？,0,0
1298,2026/2/2 20:17,トレーニング,c7d30eb7d,7時間31分,4,31,7.8,0,0,0.069,12.9,0.01,0.51,あと3日,https://detail.chiebukuro.yahoo.co.jp/qa/question_detail/q10324942415,肥満体重、体型でもなく身長に対する平均体重のマイナス3キロくらいで体重がキープされています。 しかし、筋肉が少ないせいか、シルエットにしまりがなく、スタイルがよくありません。 腕や足、おなかなど触って...,0,0
1299,2026/2/2 20:17,コミック,sff********,7時間31分,3,20,6.7,0,0,0.044,15.0,0.0,0.38,あと3日,https://detail.chiebukuro.yahoo.co.jp/qa/question_detail/q14324942414,ナルトでイタチが何回かナルトと会ってると思うのですがあの時は全部まじで殺しにかかってたんですか？サスケの友達だからその場しのぎでの戦闘だったのでしょうか？,0,0
1300,2026/2/2 20:17,ダイエット,がーーー,7時間31分,3,35,11.7,0,0,0.077,8.57,0.01,0.41,あと3日,https://detail.chiebukuro.yahoo.co.jp/qa/question_detail/q13324942413,このビリヤニ、ナン、マトンカレー、マンゴーラッシーのカロリーはどのくらいでしょうか？,0,0
1301,2026/2/2 20:17,恋愛相談、人間関係の悩み,非表示,7時間31分,0,25,25.0,0,0,0.055,0.0,0.0,0.06,あと3日,https://detail.chiebukuro.yahoo.co.jp/qa/question_detail/q12324942412,至急この丸いところの膨らみはなんか 文具とか物を入れているのでしょうか？,0,0
1302,2026/2/2 20:17,モンスターハンター,つゆだく,7時間31分,2,31,15.5,0,0,0.069,6.45,0.01,0.29,あと3日,https://detail.chiebukuro.yahoo.co.jp/qa/question_detail/q11324942411,モンハンワイルズのムービーや会話を全部スキップしてクリアしたんですが、なんかナタとアルシュベルドのエピソードが感動物らしいですが、アルシュとナタとの関係性や結末を教えてください。,0,0
1303,2026/2/2 20:17,画像処理、制作,c18891a58,7時間31分,0,4,4.0,0,0,0.009,0.0,0.0,0.01,あと3日,https://detail.chiebukuro.yahoo.co.jp/qa/question_detail/q10324942410,blender初心者です。どうか教えてください テクスチャペイントのドローで色を塗りたいのですが謎の線が出てきてそれを追いかけるように色が塗られます。 めちゃくちゃやりにくいです。前までこんなことなか...,0,0
1304,2026/2/2 20:17,ゲーム,ca3fef695,7時間31分,0,5,5.0,0,0,0.011,0.0,0.0,0.01,あと3日,https://detail.chiebukuro.yahoo.co.jp/qa/question_detail/q14324942409,ポケポケをプレイしている方に質問失礼します。新弾（夢幻パレード）のポイントがそろそろ2500ポイントまで貯まりそうです。そのためどちらのクラウンレアがいいか迷っています。 どちらのほうがいいかぜひ教え...,0,0
1305,2026/2/2 20:17,昆虫,1251422276,7時間32分,1,3,3.0,0,0,0.007,33.33,0.0,0.12,あと3日,https://detail.chiebukuro.yahoo.co.jp/qa/question_detail/q13324942408,ナメクジの睡眠時間はどれくらいですか？,0,0
1306,2026/2/2 20:17,職場の悩み,なまけもの,7時間32分,0,15,15.0,0,0,0.033,0.0,0.0,0.03,あと3日,https://detail.chiebukuro.yahoo.co.jp/qa/question_detail/q12324942407,高校一年生です。ステーキガストでバイトを三ヶ月働いてます。 ですが、まったくカレーやスープ系などが まったく覚えられなくて困っています。 以前も〇〇くん〇〇カレー作って、と言われ 作るろうとしましたが...,0,0
1307,2026/2/2 20:17,本、雑誌,c636d1f46,7時間32分,3,28,9.3,0,3,0.062,10.71,0.01,0.59,あと3日,https://detail.chiebukuro.yahoo.co.jp/qa/question_detail/q11324942406,心が洗われるような思わず泣いてしまうようなおすすめの小説ありませんか？,0,0
1308,2026/2/2 20:17,コンビニ,ん,7時間32分,0,9,9.0,0,0,0.02,0.0,0.0,0.02,あと3日,https://detail.chiebukuro.yahoo.co.jp/qa/question_detail/q10324942405,コンビニでドリアを買って温めて食べたんですけど食べきれなかった分を明日食べることってできますか？ どうしたらいいか教えてください,0,0
1309,2026/2/2 20:17,美容整形,lft********,7時間32分,0,11,11.0,1,0,0.024,0.0,0.0,0.24,あと3日,https://detail.chiebukuro.yahoo.co.jp/qa/question_detail/q14324942404,肌の凹凸、色素沈着が気になってます。 湘南美容でダーマペン4？をしようかなと思ってます。ダーマペン受けたことある方、どのぐらい効果があったか教えていただきたいです。 よろしくお願いします。,0,0
1310,2026/2/2 20:17,政治、社会問題,非公開,7時間32分,0,4,4.0,0,0,0.009,0.0,0.0,0.01,あと3日,https://detail.chiebukuro.yahoo.co.jp/qa/question_detail/q13324942403,アフリカ政治における「欧米離れ」と中国・ロシアの進出について 最近のアフリカ諸国の政治を見ていると、フランスを中心とした旧宗主国の影響力が急速に弱まり、代わりに中国やロシア（ワグネルなど）が台頭してい...,0,0
1311,2026/2/2 20:17,天文、宇宙,ノラは共産主義者を餌付け,7時間32分,1,21,21.0,0,0,0.046,4.76,0.01,0.16,あと3日,https://detail.chiebukuro.yahoo.co.jp/qa/question_detail/q12324942402,太陽と地球と月は三体問題になるそうですｋ？ それを数学的に言うと混沌、カオスのどちらになるのですか？,0,0
1312,2026/2/2 20:17,資格,ba****,7時間32分,0,3,3.0,0,0,0.007,0.0,0.0,0.01,あと3日,https://detail.chiebukuro.yahoo.co.jp/qa/question_detail/q11324942401,測量士試験について質問です。択一添削⑤問２８ なぜ、？マークの式となるのですか？,0,0
1314,2026/2/2 20:17,予備校、進学塾,みっちー,7時間32分,0,12,12.0,0,0,0.027,0.0,0.0,0.03,あと3日,https://detail.chiebukuro.yahoo.co.jp/qa/question_detail/q13324942398,予備校の現役生用の自習室にいつもいる人はなんがあるのでしょうか？そもそも大学に行けるのでしょうか？,0,0
1315,2026/2/2 20:17,自転車、サイクリング,rx8********,7時間32分,4,26,6.5,0,0,0.057,15.38,0.0,0.5,あと3日,https://detail.chiebukuro.yahoo.co.jp/qa/question_detail/q12324942397,安い1万5千円くらいのマウンテンバイクでウィリーってできますか？,0,0
1316,2026/2/2 20:17,ライブ、コンサート,Szoboszlai,7時間32分,0,45,45.0,0,0,0.099,0.0,0.0,0.1,あと3日,https://detail.chiebukuro.yahoo.co.jp/qa/question_detail/q10324942395,【至急です】 2026.02.14に東京ドームで行われるVaundyのドームツアーチケットを、友人達に2枚譲渡したいです。諸事情により、私が参戦できなくなってしまいました。 そこで、 ①チケット2枚の...,0,0
1317,2026/2/2 20:17,法律相談,1249755918,7時間32分,2,13,6.5,0,0,0.029,15.38,0.0,0.25,あと3日,https://detail.chiebukuro.yahoo.co.jp/qa/question_detail/q11324942391,示談についてです。 当人窃盗被害者、相手窃盗加害者です。 被害届を出さないでくれと言われたため示談書を作成し示談にしましたが、示談金が支払われません。（60万円） 民事裁判を起こしたいのですが弁護士に...,0,0
1318,2026/2/2 20:17,ポケットモンスター,1251741824,7時間32分,1,15,15.0,0,0,0.033,6.67,0.0,0.14,あと3日,https://detail.chiebukuro.yahoo.co.jp/qa/question_detail/q13324942393,ポケモンのカヌチャンのぬいぐるみをバッグにチャーム？みたいな感じで付けたいな～って思ってるんですけどぬいぐるみなのでキーホルダーのようにはなってなくて…… 何かいい方法はありませんか(;_:),0,0
1319,2026/2/2 20:17,YouTube,1251372157,7時間32分,0,2,2.0,0,0,0.004,0.0,0.0,0.0,あと3日,https://detail.chiebukuro.yahoo.co.jp/qa/question_detail/q14324942389,んぽちゃむ『裁判』の勝訴(ででーん)効果音って何かわかりますか？,0,0
1320,2026/2/2 20:16,パソコン,b3ead88b7,7時間33分,1,17,17.0,0,0,0.037,5.88,0.01,0.15,あと3日,https://detail.chiebukuro.yahoo.co.jp/qa/question_detail/q12324942387,パソコンの購入を検討しています。写真のようなPCスペックでblenderとUnityは画面のカクつきなく使うことができますか？ また、ケースは将来グラボの付け替えとかもあるかもしれないのでフルタワーに...,0,0
1321,2026/2/2 20:16,哲学、倫理,梨白,7時間34分,0,13,13.0,0,0,0.029,0.0,0.0,0.03,あと3日,https://detail.chiebukuro.yahoo.co.jp/qa/question_detail/q10324942385,父親の場合……… 我が子を物理的にあまり触らなかったら触ろうとしなければその子を愛おしいと思いやすいのではないですか？,0,0
1322,2026/2/2 20:16,ゲーム,IO,7時間34分,0,3,3.0,0,0,0.007,0.0,0.0,0.01,あと3日,https://detail.chiebukuro.yahoo.co.jp/qa/question_detail/q13324942383,スマメイトのルールチェックがわからなくて困ってます 有識者の方教えてください,0,0
1323,2026/2/2 20:16,ライブ、コンサート,1150141982,7時間34分,1,39,39.0,0,0,0.086,2.56,0.03,0.2,あと3日,https://detail.chiebukuro.yahoo.co.jp/qa/question_detail/q14324942384,TREASUREのライブの発券についての質問です。 ローチケでチケットを申し込み、入金までして発券されるのを待っていたのですが、発券日になっても、メールやAnypassでの発券もない状態です。 ローチ...,0,0
1324,2026/2/2 20:16,車検、メンテナンス,1050165726,7時間34分,1,13,13.0,0,1,0.029,7.69,0.0,0.2,あと3日,https://detail.chiebukuro.yahoo.co.jp/qa/question_detail/q12324942382,スズキのKeiのリアショックアブソーバー上部のボルトナットが緩みません。 ナットを炙る時は吹いたラスペネ等の油分は掃除した方がいいですか？ また、炙る時に気を付けた方が良いことを教えてください。,0,0
1325,2026/2/2 20:16,iPhone,こーが,7時間34分,0,8,8.0,0,0,0.018,0.0,0.0,0.02,あと3日,https://detail.chiebukuro.yahoo.co.jp/qa/question_detail/q11324942381,AirTagの位置情報がおかしいです。 財布にAirTagを入れており、今も確実に財布の中に入っています。 ですが本日自宅に財布を忘れてしまい、｢財布が手元から離れました｣の通知が鳴り、探すアプリを開...,0,0
1326,2026/2/2 20:16,健康、病気、病院,b508a1dbc,7時間34分,3,36,12.0,0,0,0.079,8.33,0.01,0.41,あと3日,https://detail.chiebukuro.yahoo.co.jp/qa/question_detail/q10324942380,高二160センチです。 身長170センチいきたいです。 伸ばすにはどうすれば良いですか？ 髭なども生えてて成長期の特徴がないです。喉仏が出ていないことと、高い声がでず、まだ声変わり途中？の可能性がある...,0,0
1327,2026/2/2 20:16,大学受験,tho********,7時間34分,0,14,14.0,0,0,0.031,0.0,0.0,0.03,あと3日,https://detail.chiebukuro.yahoo.co.jp/qa/question_detail/q14324942379,東大数学入試問題の過去問集では、４種類出ていますが、そのうち 駿台（２５年）、鉄緑会（４０年）、東京出版（５０年）の中で、 どれが一番解答・解説が詳しいですか？ 私は文系ですが、本番で３完したいです。...,0,0
1328,2026/2/2 20:16,DIY,mth********,7時間34分,6,48,8.0,0,6,0.106,12.5,0.01,1.16,あと3日,https://detail.chiebukuro.yahoo.co.jp/qa/question_detail/q13324942378,"昨年の10月頃, 家の中でお気に入りのラジオペンチが行方不明になりました。 かなり探したのですが見つかりません。 どの辺を探したらいいとかのアドバイスがありましたら教えて下さい。 突飛な質問で申し訳あ...",0,0
1329,2026/2/2 20:16,ライブ、コンサート,y..........,7時間34分,1,12,12.0,0,0,0.026,8.33,0.0,0.14,あと3日,https://detail.chiebukuro.yahoo.co.jp/qa/question_detail/q11324942376,今度のKing Gnuのコンサートツアーに行くのですが、グッズが全然買えませんでした。 現地で買えますか？ 買える場合は何時くらいに行けば良いですか？ 初参戦なんです。,0,0
1330,2026/2/2 20:16,Android,dee********,7時間34分,0,10,10.0,2,0,0.022,0.0,0.0,0.46,あと3日,https://detail.chiebukuro.yahoo.co.jp/qa/question_detail/q10324942375,Chromeで、ホーム画面に追加、を押すと以前はホーム画面の好きな所にショートカットを作れたのに、 最近、ドロワーエリア(ホーム画面で上にフリックすると出てくるアプリが沢山ある場所)､に、アプリのよう...,0,0
1331,2026/2/2 20:16,恋愛相談、人間関係の悩み,知恵袋利用者,7時間34分,0,23,23.0,1,0,0.051,0.0,0.0,0.27,あと3日,https://detail.chiebukuro.yahoo.co.jp/qa/question_detail/q14324942374,手放したくない恋人の特徴教えてください！ できれば学生の話が聞きたい！男女どっちか言ってくれると助かります！,0,0
1332,2026/2/2 20:16,恋愛相談、人間関係の悩み,1252891412,7時間34分,3,88,29.3,0,5,0.193,3.41,0.06,0.85,あと3日,https://detail.chiebukuro.yahoo.co.jp/qa/question_detail/q13324942373,助けてほしいです。 男子高校生です。同じクラスの仲良い子が女子トイレから出てくるところを見ました。 私は信じられないのと怖さで見てないふりをしました。 相手は明らかに動揺してましたが、僕は気づいてない...,0,0
1333,2026/2/2 20:16,交通、運転マナー,ast********,7時間34分,6,54,9.0,0,2,0.119,11.11,0.01,0.91,あと3日,https://detail.chiebukuro.yahoo.co.jp/qa/question_detail/q12324942372,この場合、彼のパッシングはやりすぎ？ 対向車線に路駐車がいて、対向車はタイミングをみてこちらの車線にはみ出して対向車を追い越していました。 彼がその路駐車とすれ違う際にこちらの状況を見ずに対向車がはみ...,0,0
1334,2026/2/2 20:16,X（旧Twitter）,1053282157,7時間35分,0,7,7.0,0,0,0.015,0.0,0.0,0.02,あと3日,https://detail.chiebukuro.yahoo.co.jp/qa/question_detail/q11324942371,至急。探しているツイートがあります。 ZEROBASEONEのソンハンビンが2025 12/27にあったCDJ(COUNTDOWN JAPAN)の感想を文字起こししたものだったと思います。SnowMa...,0,0
1335,2026/2/2 20:16,料理、食材,haq********,7時間35分,1,13,13.0,0,0,0.029,7.69,0.0,0.14,あと3日,https://detail.chiebukuro.yahoo.co.jp/qa/question_detail/q10324942370,炊飯器でご飯を炊き、米をよそう時に周りに米がついてしまい、その状態で保温するとその米がカピカピになるじゃないですか、何か対処法ありませんか？,0,0
1336,2026/2/2 20:16,カスタマイズ,あへへ,7時間35分,2,10,5.0,0,0,0.022,20.0,0.0,0.24,あと3日,https://detail.chiebukuro.yahoo.co.jp/qa/question_detail/q13324942368,ls500hのフロント、サイド、リアのパンパー下回りの部分的塗装に10日以上かかりますか？ 下部が擦っているので、そこの塗装です,0,0
1337,2026/2/2 20:16,コミック,Alex,7時間35分,1,18,18.0,0,0,0.04,5.56,0.01,0.15,あと3日,https://detail.chiebukuro.yahoo.co.jp/qa/question_detail/q12324942367,ワンピースとドラゴンボール超 どちらがまだマシなのでしょうか？ 皆さんの意見を聞きたいと思います。,0,0
1338,2026/2/2 20:16,政治、社会問題,ＩＤ非公開,7時間35分,1,7,7.0,0,1,0.015,14.29,0.0,0.19,あと3日,https://detail.chiebukuro.yahoo.co.jp/qa/question_detail/q11324942366,投票率を上げるために、駅前とかに臨時投票所を開設したり投票カーを走らせたりしてみた方がいいと思いませんか？ 学校の体育館とか行くのがめんどくさいですし,0,0
1339,2026/2/2 20:16,格闘技、武術全般,b1201ff26,7時間35分,3,13,4.3,0,0,0.029,23.08,0.0,0.36,あと3日,https://detail.chiebukuro.yahoo.co.jp/qa/question_detail/q10324942365,全盛期のモハメドアリと成人男性2人どっちが勝つと思いますか？ また、何人までだったら、アリは勝てると思いますか？,0,0
1340,2026/2/2 20:16,音楽,aa3dd2d75,7時間35分,0,3,3.0,0,0,0.007,0.0,0.0,0.01,あと3日,https://detail.chiebukuro.yahoo.co.jp/qa/question_detail/q13324942363,ボカロで、ダメダメ破ぁ〜っていうフレーズが入っているタイトル教えていただきたいです！！,0,0
1341,2026/2/2 20:16,生き方、人生相談,た,7時間35分,2,12,6.0,0,0,0.026,16.67,0.0,0.25,あと3日,https://detail.chiebukuro.yahoo.co.jp/qa/question_detail/q14324942364,承認欲求についてです 私は、18歳の高校生でもうすぐ高校を卒業します。 高1の15歳の時はバイトしてるだけで褒められてたのに今はバイトするのが当たり前でそんな事では勿論褒められないし、どんどん私より若...,0,0
1342,2026/2/2 20:16,メンタルヘルス,oto********,7時間35分,4,36,9.0,0,0,0.079,11.11,0.01,0.52,あと3日,https://detail.chiebukuro.yahoo.co.jp/qa/question_detail/q12324942362,最近、風呂入るのが面倒で、風呂に入らず寝てしまいます。 寝汗がヤバイので朝シャンはします。 風呂に入らなきゃと思いつつ、寒いのと髪が乾かすのが面倒で、今日はいっか…ってなります。 今流行りの風呂キャン...,0,0
1343,2026/2/2 20:16,商品の発送、受け取り,一般人,7時間35分,0,21,21.0,0,0,0.046,0.0,0.0,0.05,あと3日,https://detail.chiebukuro.yahoo.co.jp/qa/question_detail/q11324942361,先日Keshiという海外のアーティストのグッズを買ったのですが届いた袋をみると買ったうちの片方しか届いてなかったんですよね〜、、発送方法のところで注文した商品をまとめて発送する。 にしたので2つまとめ...,0,0
1344,2026/2/2 20:16,ライブ、コンサート,b6c3b0052,7時間35分,1,53,53.0,0,1,0.116,1.89,0.06,0.29,あと3日,https://detail.chiebukuro.yahoo.co.jp/qa/question_detail/q10324942360,Mr.Childrenの産声ツアーの追加先行エントリーがPontaパス限定になってるんですけどあれってぴあ経由なんですか？ 1月19日〜2月1日までのオフィシャル先行予約をもう申し込みしてたら今出てる...,0,0
1345,2026/2/2 20:16,恋愛相談、人間関係の悩み,たぬき,7時間35分,1,37,37.0,0,1,0.081,2.7,0.03,0.26,あと3日,https://detail.chiebukuro.yahoo.co.jp/qa/question_detail/q14324942359,高二女子です。 元カノにまだ未練あるっぽい好きな人にキープされているのですが、「元カノは切って〇〇の方にいきたいと思ってる」と言われました。 ちなみに以前、好きな人は私と遊びに行く前日に元カノとキスや...,0,0
1346,2026/2/2 20:16,ライブ、コンサート,bb397078d,7時間35分,1,34,34.0,0,0,0.075,2.94,0.03,0.18,不明,https://detail.chiebukuro.yahoo.co.jp/qa/question_detail/q13324942358,STARGLOWのファンミ申し込みについて。 STARGLOWのファンミの申し込み方が分かりません。FCには入っています。特設ウェブサイトを見てもどこから申し込めばいいのか分からないのですが、どこかに...,0,0
1347,2026/2/2 20:16,家族関係の悩み,5|347625,7時間35分,6,64,10.7,0,2,0.14,9.38,0.01,0.93,あと3日,https://detail.chiebukuro.yahoo.co.jp/qa/question_detail/q12324942357,私のこれまでの環境、人格、人生は終わってます。 私に未来はありますか 3歳で発達障害が発覚(しかし、障害絡みの治療？習い事？しながら普通の幼稚園や小学校などに通っていた) 私の発達障害や親が毒親だった...,0,0
1348,2026/2/2 20:16,国際情勢,非公開,7時間35分,0,7,7.0,0,0,0.015,0.0,0.0,0.02,あと3日,https://detail.chiebukuro.yahoo.co.jp/qa/question_detail/q11324942356,アフリカで近年クーデターが相次いでいるのはなぜでしょうか？ 近年、ニジェールやガボンなど、西アフリカや中部アフリカで軍事クーデターが頻発しているニュースをよく目にします。かつては「民主化が進んでいる」...,0,0
1349,2026/2/2 20:16,iPhone,1253164889,7時間36分,2,9,4.5,0,0,0.02,22.22,0.0,0.24,あと3日,https://detail.chiebukuro.yahoo.co.jp/qa/question_detail/q10324942355,iPhoneの「着信音と通知音」が勝手に下がります。 ふとした時にアラームが小さいな、LINEなどの通知が小さいなと感じた時にiPhoneの設定の｢サウンドと触覚」を見ると下がっています。 なぜでしょ...,0,0
1350,2026/2/2 20:16,就職活動,a2a54bc7,7時間36分,0,8,8.0,0,0,0.018,0.0,0.0,0.02,あと3日,https://detail.chiebukuro.yahoo.co.jp/qa/question_detail/q14324942354,就活の際のメール返信について質問です。 不明点等ございましたら、お気軽にご連絡くださいとメールを頂きました。この場合は返信した方がいいのでしょうか？ また、運動靴で起こし下さいとあるのですがスーツが無...,0,0
1351,2026/2/2 20:16,事件、事故,odo********,7時間36分,0,5,5.0,0,0,0.011,0.0,0.0,0.01,あと3日,https://detail.chiebukuro.yahoo.co.jp/qa/question_detail/q12324942352,北九州監禁殺人事件の緒方純子は 7人殺害の罪状で起訴されたんですか？ 緒方純子が7人全員を自身の手で殺害した訳ではないし 教唆という意味でも松永太と違って終始関与し続けた訳ではなかったと思います,0,0
1352,2026/2/2 20:16,ショッピング,James1950s,7時間36分,2,13,6.5,0,7,0.028,15.38,0.0,0.71,あと3日,https://detail.chiebukuro.yahoo.co.jp/qa/question_detail/q11324942351,ジャパネットたかたがテレビショッピングの先駆けですか?,0,0
1353,2026/2/2 20:16,国際情勢,farewell ：フェアウェル,7時間36分,0,17,17.0,0,0,0.037,0.0,0.0,0.04,あと3日,https://detail.chiebukuro.yahoo.co.jp/qa/question_detail/q10324942350,中国ナンバー２ 「張又侠の失脚」後、キンペーの統制が全く取れていない。そして２京円の負債・・・。 2026 これは中国に攻め込むチャンスですか？,0,0
1354,2026/2/2 20:15,Yahoo!知恵袋,1049924399,7時間37分,2,27,13.5,0,5,0.059,7.41,0.01,0.6,あと3日,https://detail.chiebukuro.yahoo.co.jp/qa/question_detail/q14324942349,ヤフー知恵袋について... 名前を全く変えず、登録番号で利用されている、回答者様いらっしゃいますか？,0,0
1355,2026/2/2 20:15,メイク、コスメ,1053119533,7時間37分,0,3,3.0,0,0,0.007,0.0,0.0,0.01,あと3日,https://detail.chiebukuro.yahoo.co.jp/qa/question_detail/q13324942348,美容部員の方に質問です。 パルファンの求人で応募して適性検査があるってどうゆうテストなんですか？ あと服装も私服で来てくださいってスーツとかの方がいいんですか？ わかる方教えてください。,0,0
1356,2026/2/2 20:15,妊娠、出産,マロッケ,7時間37分,3,29,9.7,0,6,0.063,10.34,0.01,0.78,あと3日,https://detail.chiebukuro.yahoo.co.jp/qa/question_detail/q12324942347,妊娠38週の妊婦です。 よくウォーキングをするといいと聞くのですが、熊対策＆雪国のためウォーキングはできません。 ウォーキングの代わりにと思い、毎日雪寄せを頑張っているのですが、これも陣痛促進につなが...,0,0
1357,2026/2/2 20:15,ゲーム,mithuya＿desu,7時間37分,0,5,5.0,0,0,0.011,0.0,0.0,0.01,あと3日,https://detail.chiebukuro.yahoo.co.jp/qa/question_detail/q11324942346,ハッピースローライフについてです。 メインストーリーを進めたいのですが、ランクを7か8ぐらいにあげるときに、いろんな人に会いに行くイベントがあるのですが、どうしてもウィルさんを見つけることができません...,0,0
1358,2026/2/2 20:15,政治、社会問題,AKIFUTARO,7時間37分,1,35,35.0,1,4,0.076,2.86,0.03,0.67,あと3日,https://detail.chiebukuro.yahoo.co.jp/qa/question_detail/q10324942345,田崎スシローが言ってましたが、創価学会の機関紙の聖教新聞では、中道改革連合推しが凄いんですか？ 以前は、我が家も創価学会員から依頼されて、聖教新聞を購読していましたが、最近は聖教新聞の購読中止をして読...,0,0
1359,2026/2/2 20:15,恋愛相談、人間関係の悩み,りんご,7時間37分,1,35,35.0,0,1,0.076,2.86,0.03,0.25,あと3日,https://detail.chiebukuro.yahoo.co.jp/qa/question_detail/q14324942344,顔評価お願いします何歳に見えますか 返信でのせます。,0,0
1360,2026/2/2 20:15,ヘアケア,ばすぴす,7時間37分,1,10,10.0,0,2,0.022,10.0,0.0,0.26,あと3日,https://detail.chiebukuro.yahoo.co.jp/qa/question_detail/q13324942343,ケープってどれがいいのでしょうか？ 学生です。今は紫のケープを使っているのですがかなりの量をかけるとガチガチになり、かといってあまりかけないと風ですぐに乱れてしまいます。徒歩の通学でも乱れないおすすめ...,0,0
1361,2026/2/2 20:15,政治、社会問題,1052145418,7時間37分,5,46,9.2,0,4,0.1,10.87,0.01,0.91,あと3日,https://detail.chiebukuro.yahoo.co.jp/qa/question_detail/q12324942342,自分は少子化対策には反対です 皆さんはどうですか？ なぜ反対かと言うと ただでさえ不幸な子供が 無茶苦茶増えてるからです 特にコロナ以降は自殺数も増加で 不登校の数や障害をもつ子供も 増えています 障...,0,0
1362,2026/2/2 20:15,大学受験,1784606cc,7時間37分,3,36,12.0,0,0,0.079,8.33,0.01,0.41,不明,https://detail.chiebukuro.yahoo.co.jp/qa/question_detail/q11324942341,学習院の経営って、素点で何%あれば受かります？,0,0
1363,2026/2/2 20:15,職場の悩み,ぺこりん,7時間37分,0,20,20.0,0,0,0.044,0.0,0.0,0.04,あと3日,https://detail.chiebukuro.yahoo.co.jp/qa/question_detail/q10324942340,ぺこりんは今日から新しい仕事に就きました。 とりあえず1日4時間の簡単な仕事です。簡単すぎて別の意味で辛い4時間になると予測してます。 フルタイムで働くための布石として4時間勤務にしました。ある程度お...,0,0
1364,2026/2/2 20:15,プロ野球,bkf********,7時間37分,1,17,17.0,0,0,0.037,5.88,0.01,0.15,あと3日,https://detail.chiebukuro.yahoo.co.jp/qa/question_detail/q14324942339,星野仙一さんのように打たれた投手に俺の前からいなくなれ！とパワハラするのは許されませんか？ 星野さんのように選手には厳しいのに監督として負けたことの責任を取らない上司は最悪ですか？,0,0
1365,2026/2/2 20:15,ネコ,東組(西成区山王1-11-8),7時間38分,1,4,4.0,0,3,0.009,25.0,0.0,0.31,あと3日,https://detail.chiebukuro.yahoo.co.jp/qa/question_detail/q12324942337,リビアヤマネコが2倍の大きさに為ればチーター依り速い?,0,0
1366,2026/2/2 20:15,iPhone,知恵袋,7時間38分,5,31,6.2,0,0,0.068,16.13,0.0,0.61,あと3日,https://detail.chiebukuro.yahoo.co.jp/qa/question_detail/q11324942336,【至急】今からiPhone15に機種変するのは遅いですか？デザインが好みなんですけど、さすがに型古すぎますか？(>< )今はiPhoneSE3を使っています。 コスパ的にみて今機種変するならどれがおす...,0,0
1367,2026/2/2 20:15,資産運用、投資信託、NISA,********,7時間38分,5,97,19.4,0,15,0.212,5.15,0.04,1.74,あと3日,https://detail.chiebukuro.yahoo.co.jp/qa/question_detail/q13324942333,NISAを始めましたが、SBI証券のサイトの使い方が分からなすぎて頭が狂いそうです。YouTubeやネットで調べまわりましたが全然出来なくて、1日を費やしてしまいました。 電話も1週間繋がらないし、何...,0,0
1368,2026/2/2 20:15,プロ野球,san********,7時間38分,3,12,4.0,0,0,0.026,25.0,0.0,0.35,あと3日,https://detail.chiebukuro.yahoo.co.jp/qa/question_detail/q12324942332,WBCでもし侍ジャパンが、台湾と韓国に負けて1次リーグ敗退となったら、井端監督は星野仙一超えしますか？,0,0
1369,2026/2/2 20:15,料理、食材,非公開,7時間38分,3,12,4.0,0,0,0.026,25.0,0.0,0.35,あと3日,https://detail.chiebukuro.yahoo.co.jp/qa/question_detail/q11324942331,最近、スーパーの惣菜コーナーで手で持ってもくっつかないまでにカリカリのスティックポテト（大学芋）を見かけますが、作り方を教えてください。 家で大学芋を作ると食べる頃にはタレが染み込んでしまって…前に調...,0,0
1370,2026/2/2 20:15,トレーディングカード,b396f3f9f,7時間38分,0,9,9.0,0,0,0.02,0.0,0.0,0.02,あと3日,https://detail.chiebukuro.yahoo.co.jp/qa/question_detail/q14324942329,HSコードについて教えてください。 アメリカからカードゲーム等に使用するプレイマットを個人輸入したいのですがHSコードは何になるのでしょうか？ 調べても出てこずご存知の方いらっしゃいましたらよろしくお...,0,0
1371,2026/2/2 20:15,恋愛相談、人間関係の悩み,みれ,7時間38分,0,16,16.0,0,0,0.035,0.0,0.0,0.03,あと3日,https://detail.chiebukuro.yahoo.co.jp/qa/question_detail/q13324942328,こういう男子ってどんな心情で関わってるんですか！？ 好きな人がいます！クラスが同じで行事をきっかけに連絡をするようになり好きになりました LINEの内容も、褒めてくれたり、相談してくれたり、応援してく...,0,0
1372,2026/2/2 20:15,大学受験,1053172039,7時間38分,1,220,220.0,0,0,0.48,0.45,1.07,0.59,あと3日,https://detail.chiebukuro.yahoo.co.jp/qa/question_detail/q11324942326,2026大学入試前期出願状況でてますが不安で死にそうです 正直倍率とかより何人落ちるのか考えると怖すぎます 共テ判定は悪くなかったし倍率も今のとこ2倍弱ぐらいだと思いますが、みんな同じようなレベルの中...,0,0
1373,2026/2/2 20:15,ギター、ベース,1151766798,7時間38分,5,11,2.2,0,0,0.024,45.45,0.0,0.57,あと3日,https://detail.chiebukuro.yahoo.co.jp/qa/question_detail/q12324942327,YAMAHA LL16の購入を考えています。アンプに繋ぐことはないのですが、それでもいいと思いますか？もし他に同じ価格帯でいいのがあればいくつかお願います。,0,0
1374,2026/2/2 20:15,病気、症状,yutama,7時間38分,3,39,13.0,0,0,0.085,7.69,0.01,0.41,あと3日,https://detail.chiebukuro.yahoo.co.jp/qa/question_detail/q10324942325,26歳の無能男です。潰瘍性大腸炎という難病にかかってしまい先週まで入院していました。 今は会社を休んでいます。 再び症状が悪化して入院するかもしれないし、明後日から仕事に復帰できるかもしれない。 借金...,0,0
1375,2026/2/2 20:15,受験、進学,1150136161,7時間38分,0,31,31.0,0,0,0.068,0.0,0.0,0.07,あと3日,https://detail.chiebukuro.yahoo.co.jp/qa/question_detail/q12324942322,看護師国家試験まであと２週間切り、不安と焦りが止まらないです。 必修は42から45点をさまよい一般状況は180から185点をさまよってます。必修はもう少し取りたいのに点数は伸び悩むし、学校で毎日予想問...,0,0
1376,2026/2/2 20:15,家族関係の悩み,uaf********,7時間38分,3,45,15.0,0,0,0.098,6.67,0.01,0.42,不明,https://detail.chiebukuro.yahoo.co.jp/qa/question_detail/q13324942323,万引きを何年も若い時からやり続ける父親に父の日の贈り物はしなくていいと思いますか？ 母にすごく迷惑かけています。,0,0
1377,2026/2/2 20:15,女性の病気,1051838881,7時間38分,2,13,6.5,0,0,0.028,15.38,0.0,0.25,あと3日,https://detail.chiebukuro.yahoo.co.jp/qa/question_detail/q14324942324,先日受けた子宮頸がん検診が痛かったのですが、ネットを見ていると全然痛くなかったという意見もあり痛みの有無はやはり個人差があるのでしょうか？ 私は20代前半で性行為の経験がなく婦人科の検診も初めてだった...,0,0
1378,2026/2/2 20:15,インターネットショッピング,1052579380,7時間38分,2,19,9.5,0,0,0.041,10.53,0.0,0.26,あと3日,https://detail.chiebukuro.yahoo.co.jp/qa/question_detail/q11324942321,https://www.jp-nikfactorystore.shop/ このサイトはナイキ公式ですか？ もし公式じゃないとしても、このサイトで買っても安全ですか？,0,0
1379,2026/2/2 20:15,オーディオ,1153339941,7時間38分,2,24,12.0,0,0,0.052,8.33,0.01,0.27,不明,https://detail.chiebukuro.yahoo.co.jp/qa/question_detail/q10324942320,洗濯してもいい無線イヤホンってありますか？これまで洗濯してたくさんイヤホンを壊してきました,0,0
1380,2026/2/2 20:15,本、雑誌,syn********,7時間39分,1,9,9.0,0,0,0.02,11.11,0.0,0.13,あと3日,https://detail.chiebukuro.yahoo.co.jp/qa/question_detail/q14324942319,ある本を探しています。 何処かの古本屋さんにありませんか？ 「天との通信」森脇佐和子著 文芸社,0,0
1381,2026/2/2 20:15,マラソン、陸上競技,誠に感謝,7時間39分,0,9,9.0,0,0,0.02,0.0,0.0,0.02,あと3日,https://detail.chiebukuro.yahoo.co.jp/qa/question_detail/q11324942316,陸上競技で陸上強豪の私立大学の全額免除の指定校推薦をもらうためにはどのくらいの実績がないと無理ですか？ また公立大学の強豪ではどのくらいの実績があればほぼ確で推薦で受かることができますか？,0,0
1382,2026/2/2 20:15,大学受験,a964804ae,7時間39分,1,55,55.0,0,0,0.12,1.82,0.07,0.23,あと3日,https://detail.chiebukuro.yahoo.co.jp/qa/question_detail/q12324942317,岡山大学教育学部を志望しています。配点は共テ950点、2次は数学200点、化学200点です。理系なのですが、珍しく二次で数IIIを選ばなくて良いので、数IIIはいりません。 どのような参考書をすれば良...,0,0
1383,2026/2/2 20:15,音楽,1251676577,7時間39分,0,4,4.0,0,0,0.009,0.0,0.0,0.01,あと3日,https://detail.chiebukuro.yahoo.co.jp/qa/question_detail/q13324942318,このメロディーの原曲はなに？ ベビーバスのネオのボタンどろぼうの歌です。 ドーレミファソソソ ラーシドラソソソ ファーソラファミミミ レーミファレドドド よろしくお願いします。,0,0
1384,2026/2/2 20:15,YouTube,んぽちゃむ,7時間39分,0,6,6.0,1,0,0.013,0.0,0.0,0.23,あと3日,https://detail.chiebukuro.yahoo.co.jp/qa/question_detail/q10324942315,sonyのzv-1fというカメラを使ってvlogを撮っています。 携帯に動画を移すのに莫大な時間がかかり、パソコンで挑戦しようとしても容量が足りなくなります。 同じカメラなのにスムーズに出来ている方も...,0,0
1385,2026/2/2 20:15,おもちゃ,bc3c90400,7時間39分,1,20,20.0,0,0,0.044,5.0,0.01,0.15,あと3日,https://detail.chiebukuro.yahoo.co.jp/qa/question_detail/q13324942313,これ、どうやって使うものなんでしょうか？ 写真を入れるキーホルダーかと思ったんですが開けれるような隙間がありません。軽めで、小さいマス目が入っていて少し凹んでいるような形です。 ちなみに、ゲームセンタ...,0,0
1386,2026/2/2 20:15,メイク、コスメ,Yukina,7時間39分,0,2,2.0,0,0,0.004,0.0,0.0,0.0,あと3日,https://detail.chiebukuro.yahoo.co.jp/qa/question_detail/q14324942314,vocの3月号のシピシピの201の限定カラーのリップは既存カラーの何番に色似てますか？,0,0
1387,2026/2/2 20:15,飛行機、空港,erd********,7時間39分,1,24,24.0,0,0,0.052,4.17,0.01,0.16,あと3日,https://detail.chiebukuro.yahoo.co.jp/qa/question_detail/q12324942312,予約した航空券のファーストネームに敬称（MR，MSなど）が付いてしまった経験のある方はいらっしゃいますか？ trip.comでエーゲ航空の航空券を購入しました。 私の姓名（パスポート記載）が 姓：YA...,0,0
1388,2026/2/2 20:15,職場の悩み,匿名係長⇒後に課長の=只野仁,7時間39分,0,9,9.0,0,0,0.02,0.0,0.0,0.02,あと3日,https://detail.chiebukuro.yahoo.co.jp/qa/question_detail/q11324942311,至急、 今日２／２月曜〜 新職場でスタートした！て方 いますかー？ どうでしたか？,0,0
1389,2026/2/2 20:15,恋愛相談、人間関係の悩み,1252608983,7時間39分,2,71,35.5,0,2,0.155,2.82,0.05,0.5,あと3日,https://detail.chiebukuro.yahoo.co.jp/qa/question_detail/q10324942310,つらい、つらいです。 彼氏が今までいたことがなく、マチアプを始めました。そこである方とマッチして数回会いました。わたしはかなり彼のことが気になってまた会いたいと思っていましたが、彼に忙しくなるから今は...,0,0
1390,2026/2/2 20:15,運転免許,a3d17befd,7時間39分,2,15,7.5,0,0,0.033,13.33,0.0,0.25,あと3日,https://detail.chiebukuro.yahoo.co.jp/qa/question_detail/q14324942309,茨城免許センターについて質問です。 普通自動車の免許学科試験に行くのですが着いたらまず何をすればよいのでしょうか？ 初めてのため分からないので教えて欲しいです,0,0
1391,2026/2/2 20:15,ここ、探してます,1150017882,7時間39分,2,30,15.0,0,0,0.065,6.67,0.01,0.28,あと3日,https://detail.chiebukuro.yahoo.co.jp/qa/question_detail/q13324942308,埼玉もしくは都内でキッチンを借りれる場所はありますか。 彼氏と2人で料理を作りたいのですがお互いに実家暮らしの大学生ためキッチンを使うことができません。そこでレンタルできるキッチンを探しています。 お...,0,0
1393,2026/2/2 20:15,音楽,sin********,7時間39分,0,5,5.0,0,0,0.011,0.0,0.0,0.01,あと3日,https://detail.chiebukuro.yahoo.co.jp/qa/question_detail/q12324942307,音楽アプリのサブスクについてなのですがとりあえずApple Musicの1ヶ月お試しで使用中なのですが私はアニソンが好きで例えばドラゴンボールだとチャラヘッチャラや僕たちは天使だった等どれもライブバー...,0,0
1394,2026/2/2 20:14,自動車,ms0********,7時間40分,0,5,5.0,0,0,0.011,0.0,0.0,0.01,あと3日,https://detail.chiebukuro.yahoo.co.jp/qa/question_detail/q10324942305,シビックハイブリッド(FL4)EXにRSのバンパーは流用できますか？リヤのディフューザーを艶ありにできる方法があれば教えて下さい。,0,0
1395,2026/2/2 20:14,自転車、サイクリング,1052591029,7時間40分,3,24,8.0,1,0,0.052,12.5,0.0,0.59,あと3日,https://detail.chiebukuro.yahoo.co.jp/qa/question_detail/q14324942304,埼玉県で片耳にイヤホンを付けた状態で自転車に乗るのは違反になりますか？ 教えて頂きたいです。,0,0
1396,2026/2/2 20:14,コミック,1252544114,7時間40分,0,5,5.0,0,0,0.011,0.0,0.0,0.01,あと3日,https://detail.chiebukuro.yahoo.co.jp/qa/question_detail/q13324942303,漫画について質問！ 甘々のラブコメ漫画でおすすめはありますか？ できたらピッコマで読めるのが嬉しいです！,0,0
1397,2026/2/2 20:14,大学受験,1251876401,7時間41分,0,64,64.0,0,0,0.139,0.0,0.0,0.14,あと3日,https://detail.chiebukuro.yahoo.co.jp/qa/question_detail/q12324942302,2026 関西大学 全日程1 経済学部を受けたんですけど、 英語7割 国語7割 日本史8割じゃ落ちてますよね ここ数年で受かった人又は落ちた人は素点何点ぐらい取るのでしょうか？,0,0
1398,2026/2/2 20:14,資格,ba****,7時間41分,1,3,3.0,0,0,0.007,33.33,0.0,0.11,あと3日,https://detail.chiebukuro.yahoo.co.jp/qa/question_detail/q10324942300,測量士試験について質問です。択一添削⑤ 問２２ なぜ、？マークの式となりますか？,0,0
1399,2026/2/2 20:14,大学受験,ten********,7時間41分,2,52,26.0,0,0,0.113,3.85,0.03,0.33,あと3日,https://detail.chiebukuro.yahoo.co.jp/qa/question_detail/q11324942301,中部大学応用生物学科を昨日受験しました。 数学は7割、英語は5割、生物は８割でした。 英語が5割は痛いです。 Ｂ方式で合格の可能性ありますか？,0,0
1400,2026/2/2 20:14,観光地、行楽地,1252902782,7時間41分,2,6,3.0,0,0,0.013,33.33,0.0,0.23,あと3日,https://detail.chiebukuro.yahoo.co.jp/qa/question_detail/q14324942299,大至急質問です！❢ 明日友人と2で江の島に行くのですか何処かおすすめスポットなどありますか？（水族館以外で）高校生２人で行くのですが高校生でも楽しめてエモい場所希望です。よろしくお願いします！,0,0
1401,2026/2/2 20:14,カラオケ,Happy Lily,7時間41分,2,6,3.0,0,0,0.013,33.33,0.0,0.23,あと3日,https://detail.chiebukuro.yahoo.co.jp/qa/question_detail/q12324942297,majicaクラブオフについて 先日、ジャンカラにてクーポンを読み込もうとしたのですが、クーポンが適用されませんでした。 何故かわかる方いらっしゃいますか？,0,0
1402,2026/2/2 20:14,アニメ,b4bc550fe,7時間41分,0,33,33.0,0,0,0.072,0.0,0.0,0.07,あと3日,https://detail.chiebukuro.yahoo.co.jp/qa/question_detail/q13324942298,渋谷TSUTAYAに超かぐや姫！のグッズ特設コーナー目的で開始日の17.18時くらいに行くつもりです。 こういうのに行ったことがある人に質問です。 この時間（17.18時位）に行ってもグッズは残ってい...,0,0
1403,2026/2/2 20:14,恋愛相談、人間関係の悩み,b918d1e02,7時間41分,1,20,20.0,0,0,0.043,5.0,0.01,0.15,あと3日,https://detail.chiebukuro.yahoo.co.jp/qa/question_detail/q11324942296,バレンタインのお菓子を渡すのに、カフェとかで食後に手作りのものを渡すのはマナー的によくないですかね。。。。；；,0,0
1404,2026/2/2 20:14,テレビ、ラジオ,りっぷる,7時間41分,2,9,4.5,0,0,0.02,22.22,0.0,0.24,あと3日,https://detail.chiebukuro.yahoo.co.jp/qa/question_detail/q10324942295,ネプリーグ の今日放送のコーナー(私はロボットではありませんやお題e.g.海外ドラマの日本リメイクなどにぴったりな芸能人を予想しなさい)がイヤすぎます。どうやってやり過ごせば良いですか？,0,0
1405,2026/2/2 20:14,鉄道、列車、駅,1150871430,7時間41分,2,42,21.0,0,2,0.091,4.76,0.02,0.44,不明,https://detail.chiebukuro.yahoo.co.jp/qa/question_detail/q13324942293,岡山駅で22番線着ののぞみ1号から1番線JR伯備線に乗り換えたいのですが乗り換えのための時間は7分で足りるでしょうか？ 調べると乗り換えに8分必要だと出てきましたができれば乗りたい電車があるため質問さ...,0,0
1406,2026/2/2 20:14,鉄道、列車、駅,カンツォーネレコードチューバー,7時間41分,1,34,34.0,0,0,0.074,2.94,0.03,0.18,あと3日,https://detail.chiebukuro.yahoo.co.jp/qa/question_detail/q12324942292,国鉄末期に急行列車はほとんど廃止になってしまい北陸地方、東北地方、九州地方で走っていた急行列車はデッキ付近がセミロングシートに改造されてしまいましたね。 改造された急行型列車でデッキが撤去された急行型...,0,0
1407,2026/2/2 20:14,ヘアケア,b9ef65419,7時間41分,0,5,5.0,0,0,0.011,0.0,0.0,0.01,あと3日,https://detail.chiebukuro.yahoo.co.jp/qa/question_detail/q10324942290,私はブルベ冬のソフトエレガントなんですが市販の髪染めで茶色に染めたいと思います！ 私は今まで1度も染めたことない黒髪です。 柔らかい茶色になりたいのですが出来るだけ安価な髪染めのカラーを教えてください...,0,0
1408,2026/2/2 20:14,家族関係の悩み,mor********,7時間41分,1,18,18.0,1,0,0.039,5.56,0.01,0.36,あと3日,https://detail.chiebukuro.yahoo.co.jp/qa/question_detail/q11324942291,夫がリビングで電子タバコを吸うのにストレスを感じています。 今の家に越して10年以上経ちますが、元々室内禁煙で外で紙タバコを吸っていました。 ところがここ1年ぐらい（？うろ覚え）しれっとリビングで吸う...,0,0
1409,2026/2/2 20:14,妊娠、出産,tec********,7時間41分,3,33,11.0,0,0,0.071,9.09,0.01,0.4,あと3日,https://detail.chiebukuro.yahoo.co.jp/qa/question_detail/q14324942289,明日、誘発分娩入院なのですが1日お風呂入れないかもしれないので、朝シャワー入ってきて下さいと言われました。 入院が8時半までに行かないとなので、朝早く入らないといけません。 前日の夜に入ってるし、どう...,0,0
1411,2026/2/2 20:14,鉄道、列車、駅,ツヨシ,7時間41分,0,2,2.0,0,0,0.004,0.0,0.0,0.0,あと3日,https://detail.chiebukuro.yahoo.co.jp/qa/question_detail/q12324942287,近鉄1620系VF41編成は今年A更新車になる可能性高いですか？,0,0
1412,2026/2/2 20:14,恋愛相談、人間関係の悩み,get********,7時間42分,0,26,26.0,0,0,0.056,0.0,0.0,0.06,あと3日,https://detail.chiebukuro.yahoo.co.jp/qa/question_detail/q11324942286,女性に質問です。 自分の彼氏(旦那)が盗撮その他性犯罪で捕まり私人逮捕系youtuberに晒されたらいくら中身大好きな彼氏でも別れを考えますか？よく既婚者が捕まることが多いので。,0,0
1413,2026/2/2 20:14,アルバイト、フリーター,1152448863,7時間42分,1,10,10.0,0,0,0.022,10.0,0.0,0.13,あと3日,https://detail.chiebukuro.yahoo.co.jp/qa/question_detail/q10324942285,サーティワンアイスクリームのアルバイトで週2の勤務は可能でしょうか？ 募集には週1からOKと記載があったので応募し面接が決まりましたが、休憩なしの4-6時間×週1-2希望と面接で伝えたら流石に少なすぎ...,0,0
1414,2026/2/2 20:14,大学受験,にん,7時間42分,1,229,229.0,0,1,0.495,0.44,1.12,0.67,あと3日,https://detail.chiebukuro.yahoo.co.jp/qa/question_detail/q14324942284,【至急】教えてください 獨協大学 一般入試 昨日と今日で獨協大学の全学部/学科別両方受けてきました。 全学部(英語/フランス/ドイツ/交流文化/言語文化) 英語75点 世界史72〜78点 学科別(英語...,0,0
1415,2026/2/2 20:14,職場の悩み,1152686181,7時間42分,1,11,11.0,0,0,0.024,9.09,0.0,0.13,あと3日,https://detail.chiebukuro.yahoo.co.jp/qa/question_detail/q13324942283,看護師1年目です。 先輩に記録の確認をお願いしたら、「大丈夫だと思う。⚪︎⚪︎さんのことはあんまり心配してない」と言われました。 これは褒め言葉として受け取っても良いのでしょうか？,0,0
1416,2026/2/2 20:14,生き方、人生相談,5|347625,7時間42分,2,10,5.0,1,0,0.022,20.0,0.0,0.45,あと3日,https://detail.chiebukuro.yahoo.co.jp/qa/question_detail/q12324942282,私のこれまでの環境、人格、人生は終わってます。 私に未来はありますか 3歳で発達障害が発覚(しかし、障害絡みの治療？習い事？しながら普通の幼稚園や小学校などに通っていた) 私の発達障害や親が毒親だった...,0,0
1417,2026/2/2 20:14,新築一戸建て,cbc8fec53,7時間42分,3,51,17.0,0,1,0.11,5.88,0.02,0.5,あと3日,https://detail.chiebukuro.yahoo.co.jp/qa/question_detail/q11324942281,オススメのハウスメーカーを知りたいです。 実際に住んでいる方や知識のある方お願いします 関東に住んでいます。全館空調なし、坪単価100以下 譲れない条件が吹き抜けと自由設計,0,0
1418,2026/2/2 20:14,レディース腕時計、アクセサリー,min********,7時間42分,5,86,17.2,0,1,0.186,5.81,0.03,0.79,あと3日,https://detail.chiebukuro.yahoo.co.jp/qa/question_detail/q10324942280,メープル金貨について質問です。 金貨はもしコレクターズ向けに将来価値が出る場合、ネックレストップ型ではダメでしょうか？ 田中貴金属のネックレストップ型が欲しいと思っています。,0,0
1419,2026/2/2 20:14,ライブ、コンサート,やぁ,7時間42分,1,26,26.0,0,0,0.056,3.85,0.01,0.16,あと3日,https://detail.chiebukuro.yahoo.co.jp/qa/question_detail/q14324942279,STARTO社(旧ジャニ)のライブへ行ったことのあるお姉様方に質問です。 当方5月頃のライブ参戦(SixTONES)で、友達とSHEINで買った制服を来て行きたいと考えているのですが、黒服に捕まる可能...,0,0
1420,2026/2/2 20:14,鉄道ファン,ｌD非公開,7時間42分,4,42,10.5,0,3,0.091,9.52,0.01,0.72,あと3日,https://detail.chiebukuro.yahoo.co.jp/qa/question_detail/q12324942277,神奈川県内に鉄道路線の無い市区町村ってありますか？,0,0
1421,2026/2/2 20:14,家族関係の悩み,hitujinogo,7時間42分,0,9,9.0,0,0,0.019,0.0,0.0,0.02,あと3日,https://detail.chiebukuro.yahoo.co.jp/qa/question_detail/q11324942276,７０代、８０代の方が、１か月以上熱発したら、 亡くなる率多くなるんじゃないですか？ 熱が何度かは知りませんが、病棟内でもう１か月 以上は熱発している人がいるといって、 面会拒絶させられてます。 父がい...,0,0
1422,2026/2/2 20:14,英語,非公開,7時間42分,2,20,10.0,0,0,0.043,10.0,0.0,0.26,あと3日,https://detail.chiebukuro.yahoo.co.jp/qa/question_detail/q10324942275,至急 2025年3回目の英検準2級を先日受けました。リーディングは29問中23、リスニングは30問中21問正解でした。ライティングの自信があまりないのですが大丈夫でしょうか？？,0,0
1423,2026/2/2 20:14,アニメ、コミック,aki,7時間42分,1,8,8.0,0,1,0.017,12.5,0.0,0.19,あと3日,https://detail.chiebukuro.yahoo.co.jp/qa/question_detail/q13324942273,時光代理人の英都篇 アマプラでみるなら課金しないとだめですか。また、アベマでみるのも課金しないとだめですか。無料でみれるアプリはありますか。,0,0
1424,2026/2/2 20:14,将棋、囲碁,awl********,7時間42分,2,7,3.5,0,0,0.015,28.57,0.0,0.23,あと3日,https://detail.chiebukuro.yahoo.co.jp/qa/question_detail/q11324942271,アプリのぴよ将棋で出てくる評価値のうち、次に該当する形勢はそれぞれ何点〜何点くらいになるのでしょうか？あとぴよ将棋、将棋ウォーズでどちらも形勢の基準は同じような感じなのでしょうか…？ ①敗勢 ②劣勢 ...,0,0
1425,2026/2/2 20:14,恋愛相談、人間関係の悩み,1151274614,7時間42分,3,31,10.3,0,2,0.067,9.68,0.01,0.52,あと3日,https://detail.chiebukuro.yahoo.co.jp/qa/question_detail/q12324942272,忘れたくても忘れられない人がいます。 付き合ったことはないけれど、元彼よりも誰よりも強い気持ちがあり、5年前毎日のように遊んでいたのですがある日を境に疎遠になってしまいました。 そして私には彼氏ができ...,0,0
1426,2026/2/2 20:14,自動車,you********,7時間42分,0,7,7.0,0,0,0.015,0.0,0.0,0.02,あと3日,https://detail.chiebukuro.yahoo.co.jp/qa/question_detail/q10324942270,愛媛県住みです。 埼玉県のクルマを購入しました。 陸送なのですが、順番待ちでまだ発行されてないそうです。 だいたいどのくらいかかると思いますか？,0,0
1427,2026/2/2 20:13,バイク,わ,7時間44分,0,6,6.0,0,0,0.013,0.0,0.0,0.01,あと3日,https://detail.chiebukuro.yahoo.co.jp/qa/question_detail/q13324942268,v125のシートを変えたいのですが下のリンクの商品どんな感じになるか知ってる方いますか？ 付けた写真あったらありがたいです https://www.amazon.co.jp/%E3%83%90%E3%...,0,0
1428,2026/2/2 20:13,生き方、人生相談,me**************,7時間44分,6,60,10.0,0,7,0.129,10.0,0.01,1.23,あと3日,https://detail.chiebukuro.yahoo.co.jp/qa/question_detail/q11324942266,誰か元気をください 20代後半女性です。ここ数年でしんどい出来事があまりにも多く起こっています。 親友と突然音信不通になる。仲良くしていた、お付き合い寸前だと思っていた異性との連絡が突然途絶える。社会...,0,0
1429,2026/2/2 20:13,アルバイト、フリーター,raptor,7時間44分,0,4,4.0,0,0,0.009,0.0,0.0,0.01,あと3日,https://detail.chiebukuro.yahoo.co.jp/qa/question_detail/q12324942267,大学生、2〜3月の2ヶ月間地元に帰省している間にできるバイトは何がありますか,0,0
1430,2026/2/2 20:13,お酒、ドリンク,aaaanaaa,7時間44分,1,8,8.0,0,0,0.017,12.5,0.0,0.12,あと3日,https://detail.chiebukuro.yahoo.co.jp/qa/question_detail/q10324942265,ただのポリフェノールと書かれた烏龍茶と重合ポリフェノールと書かれた烏龍茶 ただポリフェノールと書かれているものは重合ポリフェノールではない可能性がありますか？,0,0
1431,2026/2/2 20:13,キャンプ、バーベキュー,匿名,7時間44分,2,18,9.0,0,0,0.039,11.11,0.0,0.25,あと3日,https://detail.chiebukuro.yahoo.co.jp/qa/question_detail/q14324942264,キャンプ道具についてです。 IGTテーブルって相場は天板2枚分=コンロやシンク1つのサイズ ですよね。ではその天板2枚分の奥行きをしてる、パーツをはめ込む向きが普通のIGTテーブルと90°違うIGTテ...,0,0
1432,2026/2/2 20:13,メイク、コスメ,さいとう,7時間44分,1,8,8.0,0,0,0.017,12.5,0.0,0.12,あと3日,https://detail.chiebukuro.yahoo.co.jp/qa/question_detail/q13324942263,黒に近いブラウンか、黒に近いグレーのアイライナーってありますか？？ 落ちにくい滲みにくいものを探しています よろしくお願いします。,0,0
1433,2026/2/2 20:13,男性アイドル,あ,7時間44分,0,15,15.0,0,0,0.032,0.0,0.0,0.03,あと3日,https://detail.chiebukuro.yahoo.co.jp/qa/question_detail/q12324942262,bilibiliについて。最近友達がbilibiliでドラマやアイドルグループの番組を見ています。先日、たまたま同じドラマ、アイドルグループの番組の過去回をbilibiliで見ていたことを知りました。...,0,0
1434,2026/2/2 20:13,料理、食材,cd3bb5ff5,7時間44分,5,34,6.8,0,1,0.073,14.71,0.0,0.67,あと3日,https://detail.chiebukuro.yahoo.co.jp/qa/question_detail/q11324942261,恵方巻き 恵方巻きって文化に対してそんな一部の地域であったものを全国ではやらせんでもね〜みたいな賛否はあるけど 味は美味しいよね？ ちょっと豪華な太巻き？ コスパもイベント物ってことで決して良くないも...,0,0
1435,2026/2/2 20:13,職場の悩み,1252454075,7時間44分,2,10,5.0,0,0,0.022,20.0,0.0,0.24,あと3日,https://detail.chiebukuro.yahoo.co.jp/qa/question_detail/q10324942260,25卒新卒です。1年ちょっと働いて、今の会社を辞めてからGUの正社員に転職しようと思っているんですがどうですか？,0,0
1436,2026/2/2 20:13,自転車、サイクリング,.,7時間44分,1,20,20.0,0,0,0.043,5.0,0.01,0.15,不明,https://detail.chiebukuro.yahoo.co.jp/qa/question_detail/q14324942259,スペシャライズドの公式サイトだとアレスプのグロスパープルヘイズ/ベルピンクの値段が30万するのですがもっと安く買えるサイトはありますか？,0,0
1437,2026/2/2 20:13,メイク、コスメ,M,7時間44分,0,6,6.0,0,0,0.013,0.0,0.0,0.01,あと3日,https://detail.chiebukuro.yahoo.co.jp/qa/question_detail/q13324942258,HolikaHolika(ホリカホリカ)のマイフェイブシリーズを持っている方に質問です！ 内側の赤で囲っている部分の縦、横、高さが知りたいです！ ケースの方のサイズも気になります！,0,0
1438,2026/2/2 20:13,料理、食材,ニンジャ2ん2ん,7時間44分,2,4,2.0,0,0,0.009,50.0,0.0,0.22,あと3日,https://detail.chiebukuro.yahoo.co.jp/qa/question_detail/q12324942257,フルールドセル（カマルグ産）を買いたいのですが、コルクの蓋のやつ以外になんかありませんか？,0,0
1439,2026/2/2 20:13,政治、社会問題,bb1********,7時間44分,2,52,26.0,0,1,0.112,3.85,0.03,0.39,あと3日,https://detail.chiebukuro.yahoo.co.jp/qa/question_detail/q11324942256,消費税12%に将来的になるみたい。やはり自民党←マジまた騙されたとなるんでしょうか？そもそも消費税0にするとか盛り上がってるのに12%って,0,0
1440,2026/2/2 20:13,恋愛相談、人間関係の悩み,a,7時間44分,0,13,13.0,1,0,0.028,0.0,0.0,0.24,あと3日,https://detail.chiebukuro.yahoo.co.jp/qa/question_detail/q10324942255,バイト先の先輩にバレンタインを渡したいのですが上がる時間が違います。どうすればいいですか泣 またかわいい渡し方ありますか。,0,0
1441,2026/2/2 20:13,物理学,Vcge*******,7時間45分,1,15,15.0,0,0,0.032,6.67,0.0,0.14,あと3日,https://detail.chiebukuro.yahoo.co.jp/qa/question_detail/q14324942254,物理基礎です。正誤の判定お願いします。 (1)なめらかな斜面を上る小球が最高点に達した時，加速度は0である。 (2) なめらかな斜面を上る小球が最高点に達した時，速度は0である。 (3)なめらかな斜面...,0,0
1442,2026/2/2 20:13,幼児教育、幼稚園、保育園,sja********,7時間45分,1,34,34.0,0,0,0.073,2.94,0.02,0.18,不明,https://detail.chiebukuro.yahoo.co.jp/qa/question_detail/q13324942253,至急教えてください。 保育園の就労証明書 が直近3ヶ月インフルエンザなどが重なり時間がたりてないです。 去年から時間が足りない場合申立書を書いてほしいとゆわれ区役所に書きにいきました。 今回も申立書が...,0,0
1443,2026/2/2 20:13,税金,kln1878,7時間45分,0,3,3.0,0,0,0.006,0.0,0.0,0.01,あと3日,https://detail.chiebukuro.yahoo.co.jp/qa/question_detail/q11324942251,バイトで扶養を超えるとどのくらい税金を収めないと行けないんでしょうか。今高二で通信制に通ってるんですが、暇すぎて今は扶養内で稼いでるんですが 収める金額が高すぎないなら扶養超えて稼ぎたいんですが、扶養...,0,0
1444,2026/2/2 20:13,職場の悩み,gff********,7時間45分,3,32,10.7,0,0,0.069,9.38,0.01,0.39,あと3日,https://detail.chiebukuro.yahoo.co.jp/qa/question_detail/q12324942252,社長と一緒にご飯を食べに行った時に、社長が奢ってくれたのですが、その時領収書くださいって、店員さんに言ってました。何のために貰ったと思いますか？ まさかとは思うのですが、会社の経費で落としたわけではな...,0,0
1445,2026/2/2 20:13,ドコモ,milk,7時間45分,0,3,3.0,0,0,0.006,0.0,0.0,0.01,あと3日,https://detail.chiebukuro.yahoo.co.jp/qa/question_detail/q10324942250,ドコモでiPhoneをかえて、今までahamoだったのが、割引の関係で一カ月ポイ活マックスにしてください、そのあとahamoに替えてください、と言われて、話があまりわかってなかったのですが、 ポイ活マ...,0,0
1446,2026/2/2 20:13,ポータブル音楽プレーヤー,1151771382,7時間45分,0,6,6.0,0,0,0.013,0.0,0.0,0.01,あと3日,https://detail.chiebukuro.yahoo.co.jp/qa/question_detail/q14324942249,ワイヤレスイヤホンについての質問です。 新しくワイヤレスイヤホンを購入したいと考えています。 今までスリーコインズの安いものを使っていました。 予算は一万円程度で、そこそこのノイキャンが付いていて、耳...,0,0
1447,2026/2/2 20:13,大学,名無し,7時間45分,1,19,19.0,0,0,0.041,5.26,0.01,0.15,あと3日,https://detail.chiebukuro.yahoo.co.jp/qa/question_detail/q13324942248,大学の娘が、今年3月に大学を卒業する為、卒業式まで今のアパートは契約しつつ、2月に大きな荷物など先に東京へ運ぶ事になりました。 3月には、次女の大学引っ越しも重なる為、先に長女の引っ越しを終わらせたい...,0,0
1448,2026/2/2 20:13,政治、社会問題,非公開,7時間45分,2,36,18.0,0,1,0.077,5.56,0.01,0.36,あと3日,https://detail.chiebukuro.yahoo.co.jp/qa/question_detail/q12324942247,徴兵制をやるなら男女両方徴兵でいいと思います。男女平等ですから。義務も権利も平等なので男女両方に兵役をこなしてもらいます。訓練メニューも同じで。 どう思いますか？,0,0
1449,2026/2/2 20:13,キッチン用品,非公開,7時間45分,1,11,11.0,0,0,0.024,9.09,0.0,0.13,あと3日,https://detail.chiebukuro.yahoo.co.jp/qa/question_detail/q11324942246,都内にある透明な食器類を販売している実店舗を教えて頂きたいですm(*_ _)m 一人暮らしをするにあたり、食器類とカトラリー類とスープカップが欲しく一度だけ見かけたことがあるのですが店舗名地名もど忘れ...,0,0
1450,2026/2/2 20:13,家族関係の悩み,1052164012,7時間45分,2,12,6.0,0,0,0.026,16.67,0.0,0.24,あと3日,https://detail.chiebukuro.yahoo.co.jp/qa/question_detail/q14324942244,私は中３で受験生です。で今は第二希望の偏差値64の高校の高校に受かりました。 私の第一希望の高校は偏差値67で私の父は私が第二希望の高校に受かったとき「よくやった」や「頑張ったな」みたいな言葉をかけて...,0,0
1451,2026/2/2 20:13,ライブ、コンサート,a3a9c0756,7時間45分,1,16,16.0,0,0,0.034,6.25,0.01,0.14,あと3日,https://detail.chiebukuro.yahoo.co.jp/qa/question_detail/q10324942245,今度このライブに行こうと思っているのですが、物販含め時間はどのくらいでしょうか？20:00に大阪駅発のバスで間に合うでしょうか？ ヒロインズ HEROINES MEGAFON メガフォン,0,0
1452,2026/2/2 20:13,自動車,1150806159,7時間45分,4,51,12.8,0,6,0.109,7.84,0.01,0.92,あと3日,https://detail.chiebukuro.yahoo.co.jp/qa/question_detail/q12324942242,車の電気がつけっぱなしで車が動かなくなりました。（エンジンがかからない）ほっとけばなおりますか？それともバッテリー？を交換すればなおるのでしょうか。大至急おねがいします！,0,0
1453,2026/2/2 20:13,ライブ、コンサート,wkt********,7時間45分,0,23,23.0,0,0,0.049,0.0,0.0,0.05,あと3日,https://detail.chiebukuro.yahoo.co.jp/qa/question_detail/q13324942243,ローソンチケット、ローチケについて あるアーティストの公式モバイル有料会員の先行チケットを応募しました。 チケットは当選したようで、確保済みなのですがライブは４月なので その間、モバイルの有料会員に関...,0,0
1454,2026/2/2 20:13,模型、プラモデル、ラジコン,c1307ebc9,7時間45分,3,36,12.0,0,0,0.077,8.33,0.01,0.4,不明,https://detail.chiebukuro.yahoo.co.jp/qa/question_detail/q11324942241,プラモデルに関する質問です！ 最近アーマードコアというゲームにハマっていて、通称ブラックグリントと呼ばれている機体のプラモがどうしても欲しいのですが探しても見つかりません... ブラックグリントのプラ...,0,0
1455,2026/2/2 20:13,法律相談,1151105643,7時間45分,2,25,12.5,0,0,0.054,8.0,0.01,0.27,あと3日,https://detail.chiebukuro.yahoo.co.jp/qa/question_detail/q10324942240,Aの養子B（女性）と弟Cは、婚姻をすることができる。 答 ○ 直系血族または3親等内の傍系血族の間では、婚姻をすることができない（民法734）。これは、優生学上の理由により婚姻が禁止されているのである...,0,0
1456,2026/2/2 20:13,音楽,非公開,7時間46分,1,9,9.0,0,0,0.019,11.11,0.0,0.13,あと3日,https://detail.chiebukuro.yahoo.co.jp/qa/question_detail/q14324942239,シクフォニの暇72くんの隠しメッセージが知りたいです 長い間探しても見つからずどうしても知りたくて困っています。 知っている方いたらぜひ教えて頂きたいです！,0,0
1457,2026/2/2 20:13,アニメ,1253343428,7時間46分,0,2,2.0,0,0,0.004,0.0,0.0,0.0,あと3日,https://detail.chiebukuro.yahoo.co.jp/qa/question_detail/q13324942238,プリキュアの色紙ARTって過去弾ももともとスリーブ？のようなものに入っている状態でしたか？,0,0
1458,2026/2/2 20:13,特撮,brw********,7時間46分,0,2,2.0,0,0,0.004,0.0,0.0,0.0,あと3日,https://detail.chiebukuro.yahoo.co.jp/qa/question_detail/q11324942236,仮面ライダーリバイスをスピンオフ含めた全作品の視聴順を教えてください 見るべき順番を教えてください 仮面ライダー 特撮,0,0
1459,2026/2/2 20:13,友人関係の悩み,tom********,7時間46分,1,18,18.0,0,0,0.039,5.56,0.01,0.15,あと3日,https://detail.chiebukuro.yahoo.co.jp/qa/question_detail/q12324942237,20代男性です。 先日、共に上京した大学からの友人から ｢彼女と同棲するのに引越すから手伝って欲しい｣ と連絡があり特に予定もなかったので同意し、待ち合わせの時間に、待ち合わせ場所にて待っていました。...,0,0
1460,2026/2/2 20:13,学校の悩み,1150759139,7時間46分,1,12,12.0,0,0,0.026,8.33,0.0,0.13,あと3日,https://detail.chiebukuro.yahoo.co.jp/qa/question_detail/q10324942235,3dcg、cg、映像系やそれ系の学校に通われていた方に質問です。 学校の課題で途中経過を提出してそれに成績がついた経験があるか教えて欲しいです。 今やっている課題で途中経過と最終の2回提出する事になっ...,0,0
1461,2026/2/2 20:13,鉄道、列車、駅,ツヨシ,7時間46分,1,4,4.0,0,0,0.009,25.0,0.0,0.12,あと3日,https://detail.chiebukuro.yahoo.co.jp/qa/question_detail/q12324942232,近鉄河内山本駅のパタパタは 今年にLCD発車票になりますか？,0,0
1462,2026/2/2 20:13,恋愛相談、人間関係の悩み,kur********,7時間46分,1,15,15.0,0,0,0.032,6.67,0.0,0.14,あと3日,https://detail.chiebukuro.yahoo.co.jp/qa/question_detail/q13324942233,私は30男で統合失調症でリワークに通っているのですが 気になる年上女性(リワークの受付事務のかた)とinstagram交換しメッセージしてますが、 ポケパークの話をしていて もし当たったら、いつ頃行く...,0,0
1463,2026/2/2 20:13,バス、タクシー,1250383522,7時間46分,1,27,27.0,0,0,0.058,3.7,0.02,0.16,あと3日,https://detail.chiebukuro.yahoo.co.jp/qa/question_detail/q11324942231,福岡～大阪 みなさんはどうやっていきますか？ 京セラドームでLIVEがあるのですが、前日から夜行バスで行くか、当日飛行機で行くか迷っています。（関空） 調べた感じ関西まで飛行機でも夜行バスでもあまり変...,0,0
1464,2026/2/2 20:13,iPhone,クラゴン,7時間46分,0,3,3.0,0,0,0.006,0.0,0.0,0.01,あと3日,https://detail.chiebukuro.yahoo.co.jp/qa/question_detail/q10324942230,自分のアプリなどの購入する時とかに使うPINを確認したいんですがどうしたらいいでしょう？,0,0
1465,2026/2/2 20:13,資格,dvq********,7時間46分,0,5,5.0,0,0,0.011,0.0,0.0,0.01,あと3日,https://detail.chiebukuro.yahoo.co.jp/qa/question_detail/q14324942229,資格を取るために分厚い参考書を買ったのですが、グッドノートを用いて勉強するならノートとして利用するのか、毎回ページごとにスキャンして書き込むのか、 正しい使い方というか良い使い方があれば教えて欲しいで...,0,0
1466,2026/2/2 20:12,恋愛相談、人間関係の悩み,1152070518,7時間47分,0,7,7.0,0,0,0.015,0.0,0.0,0.01,あと3日,https://detail.chiebukuro.yahoo.co.jp/qa/question_detail/q13324942228,姉からvivianのアーマーリングもらったのですが 似合うと思いますかね？ ファッションはストリート？系がおおいいです。 ギター弾いてるからなんか‥,0,0
1467,2026/2/2 20:12,Yahoo!知恵袋,1049924399,7時間47分,2,19,9.5,0,13,0.041,10.53,0.0,1.09,あと3日,https://detail.chiebukuro.yahoo.co.jp/qa/question_detail/q10324942225,ヤフー知恵袋のブロックリストについて… ブロックリスト0人の回答者様はいますか？,0,0
1468,2026/2/2 20:12,Yahoo!知恵袋,匿名,7時間47分,0,7,7.0,0,0,0.015,0.0,0.0,0.01,あと3日,https://detail.chiebukuro.yahoo.co.jp/qa/question_detail/q13324942223,コイン100枚 星導晶、星導ショウの裏垢わかる方いますか？,0,0
1469,2026/2/2 20:12,コミック,だんぼ,7時間47分,3,23,7.7,0,0,0.049,13.04,0.0,0.37,あと3日,https://detail.chiebukuro.yahoo.co.jp/qa/question_detail/q14324942224,呪術廻戦で乙骨が 純愛だよっていうシーンがありますがどういう会話の中で純愛だよって言ったのか教えてください！,0,0
1470,2026/2/2 20:12,学校の悩み,匿名,7時間47分,0,8,8.0,0,0,0.017,0.0,0.0,0.02,あと3日,https://detail.chiebukuro.yahoo.co.jp/qa/question_detail/q12324942222,高校生です。先週学校で友達とTikTokや写真を撮りました。クラスのとあるグループの人が私たちがスマホ使ってることをチクり今日友達何人かのうち1人が怒られたそうです。 友達aさんは○○(私)使ってなか...,0,0
1471,2026/2/2 20:12,英語,ぽ,7時間47分,3,16,5.3,0,0,0.034,18.75,0.0,0.35,あと3日,https://detail.chiebukuro.yahoo.co.jp/qa/question_detail/q11324942221,英語に関する質問です！ There weren’t as many safety regulations. という英文におけるasはどのような意味•働きをしていますか？ as＋名詞の後にasが無い場合...,0,0
1472,2026/2/2 20:12,資産運用、投資信託、NISA,もね,7時間48分,1,40,40.0,0,1,0.085,2.5,0.03,0.26,あと3日,https://detail.chiebukuro.yahoo.co.jp/qa/question_detail/q10324942220,初心者です。 新NISAこの組み合わせってどうでしょうか。。 特に4つ目の REIT投信ってマイナーなんでしょうか。 ●eMAXIS Slim 全世界株式 60% ●FANG + 20% ●sbi•i...,0,0
1473,2026/2/2 20:12,パソコン,bfb7c7d16,7時間48分,2,33,16.5,0,0,0.07,6.06,0.01,0.28,あと3日,https://detail.chiebukuro.yahoo.co.jp/qa/question_detail/q14324942219,大学用のパソコンの購入について 現在高校生で来年度から大学生になるためノートパソコンの購入を考えています。お金をあまりかからないため生協での購入ではなく、普通に購入をしようと考えています。そこで質問で...,0,0
1474,2026/2/2 20:12,携帯型ゲーム全般,cd348c8ba,7時間48分,2,17,8.5,0,4,0.036,11.76,0.0,0.51,不明,https://detail.chiebukuro.yahoo.co.jp/qa/question_detail/q13324942218,プロスピAについてです。 2025シリーズ2の極のサトテル持ってるんですけど、ベストナインのサトテルに継承すべきですか？ 他の選択肢として持ってるサトテルの称号がまだできてないので称号要員にする選択も...,0,0
1475,2026/2/2 20:12,Macintosh（Mac),1052599198,7時間48分,0,2,2.0,0,0,0.004,0.0,0.0,0.0,あと3日,https://detail.chiebukuro.yahoo.co.jp/qa/question_detail/q10324942215,MacBookでYouTubeの動画編集（ゆっくり等）や音楽作り、ボーカロイドや、歌ってみた、MIX、音楽のMV編集などは出来ますか？,0,0
1476,2026/2/2 20:12,作詞、作曲,aa2886b2d,7時間48分,0,7,7.0,0,0,0.015,0.0,0.0,0.01,あと3日,https://detail.chiebukuro.yahoo.co.jp/qa/question_detail/q13324942213,至急 曲作りの参考にしたいと思っています。 song makerというサイトでオリジナル曲を作ったことがある方がいれば、どんな構成や工夫をしたか、 可能であれば例として音源を紹介してもらえると助かりま...,0,0
1477,2026/2/2 20:12,転職,bdf3538f9,7時間48分,1,48,48.0,1,0,0.102,2.08,0.05,0.42,不明,https://detail.chiebukuro.yahoo.co.jp/qa/question_detail/q14324942214,転職活動の為にアルバイトで働いているところの 雇用保険を解除して失業保険を貰いながら転職活動をしているのですがアルバイトの在籍は残っているため在職中にしていました。ですが内定先に失業保険のことは伝えて...,0,0
1478,2026/2/2 20:12,恋愛相談、人間関係の悩み,匿名,7時間48分,0,7,7.0,0,0,0.015,0.0,0.0,0.01,あと3日,https://detail.chiebukuro.yahoo.co.jp/qa/question_detail/q12324942212,お互い未練あった場合って振った側と振られた側どちらが連絡するのが自然ですか,0,0
1479,2026/2/2 20:12,メイク、コスメ,さいとう,7時間48分,0,2,2.0,0,0,0.004,0.0,0.0,0.0,あと3日,https://detail.chiebukuro.yahoo.co.jp/qa/question_detail/q10324942210,ヒロインメイクの (嵐にも負けない)インパクトリキッドアイライナー (泣いても密着)スムースリキッドアイライナー どっちが落ちませんか？？ 今まではスムースリキッドアイライナーの方を使っていたのですが...,0,0
1480,2026/2/2 20:12,就職活動,ken********,7時間48分,0,11,11.0,0,0,0.023,0.0,0.0,0.02,あと3日,https://detail.chiebukuro.yahoo.co.jp/qa/question_detail/q14324942209,いわゆるメガベンチャーで二次面接を受けました。 一次は金曜に受けて、翌週の月曜に結果が来ました。 今回は木曜に二次を受けましたが、月曜の今日になってもまだ連絡がありません。 一般的には1週間ほどかかる...,0,0
1481,2026/2/2 20:12,消費者問題,らい,7時間48分,0,4,4.0,0,0,0.009,0.0,0.0,0.01,あと3日,https://detail.chiebukuro.yahoo.co.jp/qa/question_detail/q13324942208,SHEINでものを買ったときペイディ支払いにしました その時ひとつキャンセルしたのですがキャンセルした分の請求が来てました どうすればいいですかTᴖT,0,0
1482,2026/2/2 20:12,釣り,東京君,7時間48分,0,6,6.0,0,0,0.013,0.0,0.0,0.01,あと3日,https://detail.chiebukuro.yahoo.co.jp/qa/question_detail/q11324942206,鴨谷計幸のカレイ指南 釣りサンデー別冊名人シリーズの第3弾 表紙に写っている白い灯台の場所、どちら様かご存知ないですか？ どうしてもここへ行ってみたいです。,0,0
1483,2026/2/2 20:12,政治、社会問題,a4dbc069d,7時間48分,4,15,3.8,0,3,0.032,26.67,0.0,0.65,あと3日,https://detail.chiebukuro.yahoo.co.jp/qa/question_detail/q12324942207,ぶっちゃけ、与党過半数割れる確率はどのくらいだと思いますか？,0,0
1484,2026/2/2 20:12,就職活動,1251800108,7時間48分,6,64,10.7,0,0,0.137,9.38,0.01,0.77,あと3日,https://detail.chiebukuro.yahoo.co.jp/qa/question_detail/q10324942205,適当な大学（fランなど）に入り、何もせずに就活時期になって焦り就活失敗した...などといった方々がいるのですが、 その方達はなぜ大学1年生の時に何かしらしておかないと不味いかもという発想にならないので...,0,0
1485,2026/2/2 20:12,スマホアプリ,1052827534,7時間48分,0,9,9.0,0,0,0.019,0.0,0.0,0.02,あと3日,https://detail.chiebukuro.yahoo.co.jp/qa/question_detail/q14324942204,Sheetaシータという動画配信?アプリのコンサートの生配信をスマホやパソコンではなくテレビで見る方法はありますか？,0,0
1486,2026/2/2 20:12,運転免許,ひまり,7時間48分,5,28,5.6,0,0,0.06,17.86,0.0,0.59,あと3日,https://detail.chiebukuro.yahoo.co.jp/qa/question_detail/q13324942203,車の免許って、どうやって取るんですか？,0,0
1487,2026/2/2 20:12,大相撲,1052077906,7時間49分,1,23,23.0,0,1,0.049,4.35,0.01,0.22,あと3日,https://detail.chiebukuro.yahoo.co.jp/qa/question_detail/q12324942202,↓この動画みたいに、昔の相撲動画で、編集が入ってないものをよく見ますが、これはどのような形で配信されていたんでしょうか？個人の撮影ではないように見えます。 https://www.youtube.co...,0,0
1488,2026/2/2 20:12,労働条件、給与、残業,xvl********,7時間49分,1,19,19.0,0,0,0.041,5.26,0.01,0.15,あと3日,https://detail.chiebukuro.yahoo.co.jp/qa/question_detail/q10324942200,会社の勤怠管理についてです。 新卒1年目の営業職です。私の会社では社用PCのシャットダウンのログを取っており、そのログで社員の勤務時間の実態を把握している(実際に効果はあるのか不明)のですが、PCのロ...,0,0
1489,2026/2/2 20:12,バドミントン,1252893218,7時間49分,0,15,15.0,0,0,0.032,0.0,0.0,0.03,あと3日,https://detail.chiebukuro.yahoo.co.jp/qa/question_detail/q14324942199,バドミントンについて質問です。 私はずっとシングルスプレーヤーでした。社会人になりダブルスを主にするようになりました。シングルスをよくやっていたせいか、少し溜めて動いてしまい、早く球を触ることができま...,0,0
1490,2026/2/2 20:12,英語,bc484b620,7時間49分,1,80,80.0,0,0,0.17,1.25,0.14,0.28,あと3日,https://detail.chiebukuro.yahoo.co.jp/qa/question_detail/q13324942198,私は明日、成蹊大学のE方式を英検利用（70％換算）で受験します。 ただ、知恵袋で「準1級を持っている人が多く、準1級の人たちが枠を取っていく」という書き込みを見てしまい、正直かなり不安になっています。...,0,0
1491,2026/2/2 20:12,貯金,bf2ea4978,7時間49分,2,28,14.0,0,1,0.06,7.14,0.01,0.34,あと3日,https://detail.chiebukuro.yahoo.co.jp/qa/question_detail/q10324942195,エアウォレットのアプリで でお金を残高にチャージしたら 自分の金融機関に出金することできるみたいですが そのチャージしたお金は後からどのように払えばいいのですか？ お金が生活で必要であとから返す場合ど...,0,0
1492,2026/2/2 20:12,政治、社会問題,1053270091,7時間49分,5,24,4.8,0,0,0.051,20.83,0.0,0.58,あと3日,https://detail.chiebukuro.yahoo.co.jp/qa/question_detail/q12324942197,東大の教授が汚職を起こすのは自民党政権のせいですかね？,0,0
1493,2026/2/2 20:12,生き方、人生相談,FREEDOM,7時間49分,1,16,16.0,0,0,0.034,6.25,0.01,0.14,あと3日,https://detail.chiebukuro.yahoo.co.jp/qa/question_detail/q14324942194,特撮に興味関心がない人でもこのような怪獣スーツを間近で見たら作りが凄いとか少しは思ったりしますか？,0,0
1494,2026/2/2 20:12,Macintosh（Mac),1052599198,7時間49分,2,9,4.5,0,0,0.019,22.22,0.0,0.23,あと3日,https://detail.chiebukuro.yahoo.co.jp/qa/question_detail/q13324942193,MacBookでYouTubeの動画編集（ゆっくり等）や音楽作り、ボーカロイドや、歌ってみた、MIX、音楽のMV編集などは出来ますか？,0,0
1495,2026/2/2 20:12,労働条件、給与、残業,kak********,7時間49分,0,20,20.0,0,0,0.043,0.0,0.0,0.04,あと3日,https://detail.chiebukuro.yahoo.co.jp/qa/question_detail/q11324942191,コールセンター(営業時間が決まっている)で1日に残業が3〜４時間超える事はありますか？,0,0
1496,2026/2/2 20:12,Yahoo!知恵袋,1151176595,7時間49分,2,32,16.0,0,2,0.068,6.25,0.01,0.41,あと3日,https://detail.chiebukuro.yahoo.co.jp/qa/question_detail/q12324942192,知恵袋ユーザーについて質問です。 なぜ知恵袋の回答者は質問を碌に読まず趣旨を理解していない回答や回答になっていないただの感想、八つ当たりみたいな文を書く人が多いのでしょうか？,0,0
1497,2026/2/2 20:12,ゲーム,くもり,7時間49分,2,38,19.0,0,0,0.081,5.26,0.02,0.29,あと3日,https://detail.chiebukuro.yahoo.co.jp/qa/question_detail/q10324942190,TRPGのおすすめシナリオについての質問です。 TRPGを始めたいと思っている初心者未満の者です。 友人と一緒にやろうという話になったのですが、お互いにまずは内輪でやって慣れていこうと言う話になり、未...,0,0
1499,2026/2/2 20:12,ピアス,1151922552,7時間49分,2,27,13.5,0,2,0.057,7.41,0.01,0.4,あと3日,https://detail.chiebukuro.yahoo.co.jp/qa/question_detail/q12324942187,1週間前にアンテナヘリックスを2個病院で開けたのですが猫耳のつもりで開けたのですが猫耳に見えますか？ 赤くなって痒いのですが排除とかされそうですか？,0,0
1500,2026/2/2 20:12,恋愛相談,ｈ,7時間49分,3,41,13.7,0,0,0.087,7.32,0.01,0.41,あと3日,https://detail.chiebukuro.yahoo.co.jp/qa/question_detail/q10324942185,彼女の誕生日に、指輪をあげるかネックレスをあげるか迷っています あなたはどちらのほうが嬉しいと感じますか？,0,0
1501,2026/2/2 20:11,大学受験,あ,7時間50分,0,10,10.0,0,0,0.021,0.0,0.0,0.02,あと3日,https://detail.chiebukuro.yahoo.co.jp/qa/question_detail/q14324942184,MRになるまでの進路を教えてください。 高二の理系です。 MRになるには薬学科、薬科学科のどちらがいいんでしょうか？ 大学院は行った方がいいですか？,0,0
1502,2026/2/2 20:11,政治、社会問題,ＩＤ非公開,7時間50分,2,18,9.0,0,0,0.038,11.11,0.0,0.25,あと3日,https://detail.chiebukuro.yahoo.co.jp/qa/question_detail/q13324942183,巷では、消費税が輸出業者（主に自動車）に還付金を垂れ流す悪税だと言われています。先日、政治の話をウダウダする面倒くさい友人と飲みに言ったら、その話をしていました。 誰か説明して下さい,0,0
1504,2026/2/2 20:11,アニメ,ton********,7時間51分,0,1,1.0,0,0,0.002,0.0,0.0,0.0,あと3日,https://detail.chiebukuro.yahoo.co.jp/qa/question_detail/q12324942182,アニメ初期ブリーチについて質問です。 アニメ62話の藍染・市丸・東仙がメノスの光に昇っていき 「私が天に立つ」の時のＢＧＭ・サントラを教えてください。 よろしくお願いします。,0,0
1505,2026/2/2 20:11,邦楽,非公開,7時間51分,1,21,21.0,0,0,0.045,4.76,0.01,0.15,あと3日,https://detail.chiebukuro.yahoo.co.jp/qa/question_detail/q14324942179,あいみょんが美空ひばりを超えたかどうかは、何を指標にするか（売上枚数、時代への影響力、歌唱力など）によって見解が分かれるところですが、現代の音楽シーンにおいて同等以上の伝説的な存在になりつつある、 と...,0,0
1506,2026/2/2 20:11,家電、AV機器,neo********,7時間51分,1,18,18.0,0,0,0.038,5.56,0.01,0.14,あと3日,https://detail.chiebukuro.yahoo.co.jp/qa/question_detail/q10324942180,大至急！アイコスを買ったけどACアダプタがなく充電できません。売っている店を教えてください,0,0
1507,2026/2/2 20:11,プロ野球,女の屁,7時間51分,1,7,7.0,0,1,0.015,14.29,0.0,0.18,あと3日,https://detail.chiebukuro.yahoo.co.jp/qa/question_detail/q13324942178,今年の中日の基本スタメンはこれで合ってますか 一番バヤシが塁に出て 二番幹也がクリーンヒット 三番上林タイムリー 四番細川五階席 五番ボスラー放物線 六番サノーがドームを揺らす 七番山本駆け抜ける 八...,0,0
1508,2026/2/2 20:11,オークション、フリマサービス,success.isaqr,7時間51分,0,18,18.0,0,0,0.038,0.0,0.0,0.04,あと3日,https://detail.chiebukuro.yahoo.co.jp/qa/question_detail/q12324942177,【質問】Yahoo!フリマの返品トラブルについて（事務局判断・売上反映） Yahoo!フリマで中古の電気シェーバー（PHILIPS 9000シリーズ）を出品しました。 商品説明には ・使用感ありの中古...,0,0
1509,2026/2/2 20:11,菓子、スイーツ,hdb********,7時間51分,1,10,10.0,0,0,0.021,10.0,0.0,0.13,あと3日,https://detail.chiebukuro.yahoo.co.jp/qa/question_detail/q11324942176,ロピアの冷凍コーナーにある、カステラティラミス食べた方いますか？,0,0
1510,2026/2/2 20:11,学校の悩み,a23636227,7時間51分,2,10,5.0,0,0,0.021,20.0,0.0,0.23,あと3日,https://detail.chiebukuro.yahoo.co.jp/qa/question_detail/q10324942175,女子です。 オールドスパイスのピュアスポーツは学校で使えるくらいの香りですか。香水くさいみたいになりませんかね,0,0
1511,2026/2/2 20:11,学校の悩み,ayu********,7時間51分,1,7,7.0,0,0,0.015,14.29,0.0,0.12,あと3日,https://detail.chiebukuro.yahoo.co.jp/qa/question_detail/q14324942174,凄く悩んでます。 私は元々コミュ症です。 でも…頑張って話をしようとしてるので…他の人から見たらどこがコミュ症？と言われてしまいます。 昔から人付き合いが苦手です。 頑張って話したりするので疲れてしま...,0,0
1512,2026/2/2 20:11,キッチン用品,lD非公開,7時間51分,0,2,2.0,0,0,0.004,0.0,0.0,0.0,あと3日,https://detail.chiebukuro.yahoo.co.jp/qa/question_detail/q13324942173,セラミックフライパンでいいものが欲しいのですが、おすすめを教えてください！,0,0
1513,2026/2/2 20:11,香水,り,7時間51分,0,3,3.0,0,0,0.006,0.0,0.0,0.01,あと3日,https://detail.chiebukuro.yahoo.co.jp/qa/question_detail/q12324942172,"KLOWER PANDORの香水かNILEどっちがおすすめですか?又どの種類の香りがいいと思いますか?アルコール臭,フルーツ系,は苦手です ; ; 中性的な香りであまり甘ったるくない大人っぽい様な色気...",0,0
1514,2026/2/2 20:11,恋愛相談、人間関係の悩み,1053137569,7時間51分,2,21,10.5,0,0,0.045,9.52,0.0,0.26,あと3日,https://detail.chiebukuro.yahoo.co.jp/qa/question_detail/q11324942171,最近、韓国人の彼氏との関係に対して、正直なところ「だるい」と感じる場面が増えてきました。 彼は愛情表現やからかい、付き合い方において、私の反応を引き出すことを楽しんでいるように思えるのですが、そのやり...,0,0
1515,2026/2/2 20:11,メイク、コスメ,lol********,7時間51分,0,8,8.0,0,0,0.017,0.0,0.0,0.02,あと3日,https://detail.chiebukuro.yahoo.co.jp/qa/question_detail/q10324942170,まつげパーマを初めてかけたらまつげの向きがバラバラになりました。 ビューラー式のまつげパーマを利用し、30分ほどで終わったのですが…仕上がり確認したらまつげがあちらこちらに向いていました。上がってはい...,0,0
1516,2026/2/2 20:11,病気、症状,非公開,7時間51分,0,3,3.0,0,0,0.006,0.0,0.0,0.01,あと3日,https://detail.chiebukuro.yahoo.co.jp/qa/question_detail/q12324942167,お恥ずかしい話なのですが本気で脇の匂いに悩んでいます…おしゃれしても何をしていても脇を気にしてしまいます、回りの子達は皆無臭だしいい匂いです、 同じような悩みの方はどうやって対策してるとか教えてほしい...,0,0
1517,2026/2/2 20:11,クレジットカード,muu********,7時間51分,2,33,16.5,0,0,0.07,6.06,0.01,0.28,あと3日,https://detail.chiebukuro.yahoo.co.jp/qa/question_detail/q14324942169,今現在VISAでクレジットカードを持っています。 もう1枚作るなら、JCBの方がいいでしょうか？ 積立NISAの投資用です。,0,0
1518,2026/2/2 20:11,日本語,1153040208,7時間51分,0,6,6.0,0,0,0.013,0.0,0.0,0.01,あと3日,https://detail.chiebukuro.yahoo.co.jp/qa/question_detail/q13324942168,鳶野克己さんの文章が過去問で出たのですが回りくどくて何言ってるのか分かりません そんなもんですか？僕の読解力のなさが原因ですか？ 何回読んでもこいつ何言ってんの？だから哲学者や評論家の文章は自己満でウ...,0,0
1519,2026/2/2 20:11,数学,あ,7時間52分,2,25,12.5,0,4,0.053,8.0,0.01,0.52,あと3日,https://detail.chiebukuro.yahoo.co.jp/qa/question_detail/q10324942165,至急！数学です。(1)についてなんですけど、実数解を持つのはD>=0の時のみでなくD=0なども考えないのですか？,0,0
1520,2026/2/2 20:11,友人関係の悩み,^_^,7時間52分,0,8,8.0,0,0,0.017,0.0,0.0,0.02,あと3日,https://detail.chiebukuro.yahoo.co.jp/qa/question_detail/q14324942164,⚠︎めちゃ長文です⚠︎︎ 私は中学の友達グループでいじられキャラです。最近いじりがしんどくなってきました。 以前「【自分の名前】ちゃん面白い笑」みたいに友だちに言ってもらった事がきっかけで、面白く場に...,0,0
1521,2026/2/2 20:11,携帯型ゲーム全般,Skksho21,7時間52分,2,5,2.5,0,0,0.011,40.0,0.0,0.22,あと3日,https://detail.chiebukuro.yahoo.co.jp/qa/question_detail/q13324942163,フリンズ月感電編成を使っています。 フリンズ 無餅 イネファ 餅有 コロンビーナ 持有 スクロース 龍殺し イネファの武器が実はもう1本あるのですが、フリンズに装備させて妥協するか、フリンズの餅も引い...,0,0
1522,2026/2/2 20:11,健康、病気、病院,非公開,7時間52分,1,13,13.0,0,1,0.028,7.69,0.0,0.2,あと3日,https://detail.chiebukuro.yahoo.co.jp/qa/question_detail/q12324942162,たまにストレスでご飯が食べれなくなるときがあります。食べないときは頭が回らなくて、お酒に酔ってるときと同じようなフワフワした感じがあります。なぜでしょうか。,0,0
1523,2026/2/2 20:11,大学受験,サリエリ,7時間52分,2,42,21.0,0,0,0.089,4.76,0.02,0.3,あと3日,https://detail.chiebukuro.yahoo.co.jp/qa/question_detail/q10324942160,私立大学の入試いかなかったら連絡来ますか？,0,0
1524,2026/2/2 20:11,健康、病気、病院,1150462724,7時間52分,0,5,5.0,0,0,0.011,0.0,0.0,0.01,あと3日,https://detail.chiebukuro.yahoo.co.jp/qa/question_detail/q11324942161,元気であろうが、マスクした方が効果的ですか？,0,0
1525,2026/2/2 20:11,ご近所の悩み,1051736056,7時間52分,3,19,6.3,0,0,0.04,15.79,0.0,0.36,あと3日,https://detail.chiebukuro.yahoo.co.jp/qa/question_detail/q14324942159,マンションで洗濯は、朝何時から夜何時まで、しても近所迷惑でないでしょうか？,0,0
1526,2026/2/2 20:11,恋愛相談、人間関係の悩み,非公開,7時間52分,0,5,5.0,0,0,0.011,0.0,0.0,0.01,あと3日,https://detail.chiebukuro.yahoo.co.jp/qa/question_detail/q13324942158,喧嘩したわけじゃなくても人が徐々に離れていく人の特徴や対処法は？,0,0
1527,2026/2/2 20:11,インターネット接続,idc********,7時間52分,2,42,21.0,1,1,0.089,4.76,0.02,0.57,あと3日,https://detail.chiebukuro.yahoo.co.jp/qa/question_detail/q12324942157,インターネット接続について質問です。 新居アパートに引っ越してから回線が不安定で、速度がルーターからpcに有線接続で210Mbps。pingは27msですが、瞬間的に400ms程上がったりを頻繁に繰り...,0,0
1528,2026/2/2 20:11,健康、病気、病院,1152101136,7時間52分,1,19,19.0,0,0,0.04,5.26,0.01,0.15,あと3日,https://detail.chiebukuro.yahoo.co.jp/qa/question_detail/q14324942154,高校生です。 元々生理痛はほぼ無いのですが今3ヶ月連続でアフターピルを飲んでおり、毎回副作用や飲んだ次の生理などの腹痛が酷く母親に婦人科に行こうと言われました。 婦人科に行ったらアフターピルを飲んだこ...,0,0
1529,2026/2/2 20:11,ライブ、コンサート,sun********,7時間52分,0,20,20.0,0,0,0.042,0.0,0.0,0.04,あと3日,https://detail.chiebukuro.yahoo.co.jp/qa/question_detail/q12324942152,【至急】 ローチケの分配の話です。 譲渡者とはXで数日前に声をかけてもらい、今日チケット代金を送金しました。 分配してもらうにあたり、氏名と電話番号をと言われました。 電話番号は抵抗がないのですが、氏...,0,0
1530,2026/2/2 20:11,宝塚,1052939932,7時間52分,1,227,227.0,0,0,0.48,0.44,1.09,0.58,あと3日,https://detail.chiebukuro.yahoo.co.jp/qa/question_detail/q13324942153,最近宝塚雪組の縣千さんにハマったものです。 縣さんの名前を検索すると、莉奈くるみさんのお名前が出てきたりするのですが、お二人はどんな関係なんですか？仲良しさんなのでしょうか？,0,0
1531,2026/2/2 20:11,恋愛相談、人間関係の悩み,1251962309,7時間52分,3,27,9.0,0,2,0.057,11.11,0.01,0.5,あと3日,https://detail.chiebukuro.yahoo.co.jp/qa/question_detail/q10324942155,高３男子です。好きでもない男とヤレる女どう思いますか？そんな相手に初恋してしまいました,0,0
1532,2026/2/2 20:11,大学受験,1151809443,7時間52分,3,54,18.0,0,2,0.114,5.56,0.02,0.56,あと3日,https://detail.chiebukuro.yahoo.co.jp/qa/question_detail/q11324942151,指定校推薦について 高校受験の時たまに指定校推薦を視野に入れてあえて偏差値低めの高校を選ぶ方がいるじゃないですか、そういう人で同じ考えの人と被っちゃって結局指定校取れなかった！という人を実際き見聞きし...,0,0
1533,2026/2/2 20:11,病気、症状,1053062137,7時間52分,1,14,14.0,0,0,0.03,7.14,0.0,0.14,あと3日,https://detail.chiebukuro.yahoo.co.jp/qa/question_detail/q10324942150,閲覧注意 このまめってむいてもいいとおもいますか？,0,0
1534,2026/2/2 20:11,吹奏楽,abcdefgh,7時間52分,4,54,13.5,0,1,0.114,7.41,0.02,0.6,あと3日,https://detail.chiebukuro.yahoo.co.jp/qa/question_detail/q14324942149,吹奏楽のソロコンでMrs.GreenAppleさんの「ケセラセラ」を演奏したいです。 楽器はマリンバで時間は4分以内です。 ここで質問です。 ・2本マレットと4本マレットどちらがいいか ・どんなアレン...,0,0
1535,2026/2/2 20:11,大学受験,リミナ,7時間53分,0,26,26.0,1,0,0.055,0.0,0.0,0.27,あと3日,https://detail.chiebukuro.yahoo.co.jp/qa/question_detail/q13324942148,京都大学理系志望 新高3です。 東進の二次の本番レベル模試を受けたのですが、物理が全く手が出ませんでした。 たぶん0点です。 やはり新物理入門のような微積を用いるような参考書を読んでみたほうが良いので...,0,0
1536,2026/2/2 20:11,LINE,A,7時間53分,2,13,6.5,0,2,0.027,15.38,0.0,0.36,あと3日,https://detail.chiebukuro.yahoo.co.jp/qa/question_detail/q12324942147,どっちのスタンプ買ったらいいですか？,0,0
1537,2026/2/2 20:11,小・中学校、高校,kim********,7時間53分,1,14,14.0,0,0,0.03,7.14,0.0,0.13,あと3日,https://detail.chiebukuro.yahoo.co.jp/qa/question_detail/q11324942146,NHKのドキュメントを見ていたら 期末テストを期末考査と先生が言っていました。 考査などという言葉を久しぶりに聞きました。 テストを考査と呼んでいてのは、戦前のひとたちの話し。 いまは、中学高校では、...,0,0
1538,2026/2/2 20:11,恋愛相談、人間関係の悩み,ece********,7時間53分,2,26,13.0,0,1,0.055,7.69,0.01,0.33,あと3日,https://detail.chiebukuro.yahoo.co.jp/qa/question_detail/q10324942145,7歳下の女子って恋愛対象に入れますか？ 今片想いしてる男性が29歳で私が22歳の7歳下なのですが、男性からしたらこの年齢差だと女性というより子供に見えてしまいますかね…？,0,0
1539,2026/2/2 20:11,高校,abdc84ff1,7時間53分,2,7,3.5,0,0,0.015,28.57,0.0,0.23,あと3日,https://detail.chiebukuro.yahoo.co.jp/qa/question_detail/q13324942143,高一の2月は忙しいですか？,0,0
1540,2026/2/2 20:11,病院、検査,sat0xiang,7時間53分,0,10,10.0,0,0,0.021,0.0,0.0,0.02,あと3日,https://detail.chiebukuro.yahoo.co.jp/qa/question_detail/q14324942144,湿疹について 先日MRI検査を受けました。（造影剤なし） 受ける直前に湿布など貼ってないか確認されました。 足の甲にロキソニンテープを貼っていたので剥がしてすぐにMRI検査を受けました。 翌日の夜から...,0,0
1541,2026/2/2 20:10,高校,1053197527,7時間54分,3,24,8.0,0,0,0.051,12.5,0.0,0.37,あと3日,https://detail.chiebukuro.yahoo.co.jp/qa/question_detail/q12324942142,高校卒業後の進路について質問です。現在高校2年です 今アルバイトとして働いているところに就職しようと思っています。 その際に、学校からの調査書や成績証明書がいるかもしれないのですが(選考フローが変わる...,0,0
1542,2026/2/2 20:10,家具、インテリア,1150487808,7時間54分,1,1,1.0,0,0,0.002,100.0,0.0,0.11,あと3日,https://detail.chiebukuro.yahoo.co.jp/qa/question_detail/q11324942141,おすすめの土鍋とおすすめのリビングに合う円形テーブルを教えてください。,0,0
1543,2026/2/2 20:10,コミック,.,7時間54分,0,4,4.0,0,0,0.008,0.0,0.0,0.01,あと3日,https://detail.chiebukuro.yahoo.co.jp/qa/question_detail/q10324942140,単話配信のみのオススメ商業BL漫画を教えてください。 ・単話配信のみ（番外編は除く） ・単行本化されていない（合冊版・アンソロ・短編集はOK） ・連載中ではない、更新が止まっている ・完結未完結問わず...,0,0
1544,2026/2/2 20:10,大学受験,匿名,7時間54分,2,17,8.5,1,0,0.036,11.76,0.0,0.46,あと3日,https://detail.chiebukuro.yahoo.co.jp/qa/question_detail/q14324942139,英単語 英熟語について質問です。 京都大学経済学部を目指している中三です。 英熟語は、新ステップ式中学生英熟語500→ターゲット1000英熟語 英単語は、中学生ターゲット1800↓ ターゲット1200...,0,0
1545,2026/2/2 20:10,ホテル、旅館,wil********,7時間54分,1,11,11.0,0,0,0.023,9.09,0.0,0.13,あと3日,https://detail.chiebukuro.yahoo.co.jp/qa/question_detail/q13324942138,USJの周辺で安く泊まれるホテルなどあったら教えて下さい。できれば荷物も預けられるといいです。宜しくお願い致します。,0,0
1546,2026/2/2 20:10,アジア・韓国ドラマ,c4c473ced,7時間54分,2,17,8.5,0,0,0.036,11.76,0.0,0.25,あと3日,https://detail.chiebukuro.yahoo.co.jp/qa/question_detail/q12324942137,ネトフリとプライムビデオどっちの方がいいですか？私は韓国ドラマや映画がたくさんみたいのですが、自分でバイトして払うのでそれぞれメリットデメリットを教えてください ネトフリは少し高いかなと思っています。,0,0
1547,2026/2/2 20:10,簿記,1149875584,7時間54分,1,17,17.0,0,0,0.036,5.88,0.01,0.14,不明,https://detail.chiebukuro.yahoo.co.jp/qa/question_detail/q11324942136,操業度差異について質問です。 固定費予算は30万で固定費実際発生額も30万であってますか？,0,0
1548,2026/2/2 20:10,学校の悩み,c3d131847,7時間54分,5,51,10.2,0,2,0.107,9.8,0.01,0.76,あと3日,https://detail.chiebukuro.yahoo.co.jp/qa/question_detail/q10324942135,至急 明日、百人一首大会なんですけど、まだ一個も覚えられていません。勝てって言われたんですけどどこから覚えればいいんですか、、？本当に何も知らないです 本当に自分が悪いんですけど、補欠だと思ってたらイ...,0,0
1549,2026/2/2 20:10,妊娠、出産,なるぽく,7時間54分,4,51,12.8,0,0,0.107,7.84,0.01,0.53,あと3日,https://detail.chiebukuro.yahoo.co.jp/qa/question_detail/q13324942133,質問失礼します。 危険日が15〜21で19日、22日にコンドームありで性行為をしました。破けてもなくしっかり最初から付けられてました。また、21日に排卵痛のようなものがありました。 そして、今日が生理...,0,0
1550,2026/2/2 20:10,X（旧Twitter）,い,7時間55分,1,15,15.0,0,1,0.032,6.67,0.0,0.2,あと3日,https://detail.chiebukuro.yahoo.co.jp/qa/question_detail/q12324942132,Twitterの鍵引用ってどうやって気づくんですか？,0,0
1551,2026/2/2 20:10,クレジットカード,サラまならや,7時間55分,2,21,10.5,0,3,0.044,9.52,0.0,0.44,あと3日,https://detail.chiebukuro.yahoo.co.jp/qa/question_detail/q11324942131,既にお支払い済みのはずなのに、クレジットファイナンスっていうところから電話が来ます。 催促状ですってメッセージもきますが、無視していいですよね？,0,0
1552,2026/2/2 20:10,プログラミング,b8962a4,7時間55分,0,8,8.0,0,0,0.017,0.0,0.0,0.02,あと3日,https://detail.chiebukuro.yahoo.co.jp/qa/question_detail/q10324942130,"Stable difuusionの初回起動ができなくて困っています pythonはバージョン確認時反映されなかったため エイリアスからpython,python3の項目をオフにしております （オフにし...",0,0
1553,2026/2/2 20:10,健康、病気、病院,tak********,7時間55分,0,5,5.0,0,0,0.011,0.0,0.0,0.01,あと3日,https://detail.chiebukuro.yahoo.co.jp/qa/question_detail/q12324942127,市販薬ってなんで調剤薬局でもらえる薬自体の価格（保険適用前の薬剤料）より割高なのですか,0,0
1554,2026/2/2 20:10,住宅ローン,tan********,7時間55分,0,26,26.0,0,0,0.055,0.0,0.0,0.05,あと3日,https://detail.chiebukuro.yahoo.co.jp/qa/question_detail/q11324942126,住宅ローン控除 初年度の確定申告について この時期乱立する質問であることを理解しながら恐れ入りますが ご教示ください。 2025年の３月に新築注文住宅を購入し、今年の確定申告で控除を 受けようとしてい...,0,0
1555,2026/2/2 20:10,動画サービス,matsuri_02,7時間55分,1,10,10.0,0,0,0.021,10.0,0.0,0.13,あと3日,https://detail.chiebukuro.yahoo.co.jp/qa/question_detail/q13324942123,tiktokで流れてきたんですけどこれどうやってやるんですか？↓ https://www.tiktok.com/@pap19539/video/7596969816154590485,0,0
1556,2026/2/2 20:10,高校受験,めい,7時間55分,5,36,7.2,0,0,0.076,13.89,0.01,0.6,あと3日,https://detail.chiebukuro.yahoo.co.jp/qa/question_detail/q11324942121,高校受験生です。 塾以外の時間勉強が全く出来ません！！ 塾は月、水に3時間、土曜に5時間あります。たまに日曜も5時間ある日があります。 これはまずいですか？まずいですよね,0,0
1557,2026/2/2 20:10,就職活動,匿名,7時間55分,1,21,21.0,0,2,0.044,4.76,0.01,0.27,あと3日,https://detail.chiebukuro.yahoo.co.jp/qa/question_detail/q12324942122,早慶です。留学に行って学校建てれば五大商社の内定が庭から生えてきますか？,0,0
1558,2026/2/2 20:10,男性アイドル,mah********,7時間55分,4,44,11.0,0,0,0.093,9.09,0.01,0.51,あと3日,https://detail.chiebukuro.yahoo.co.jp/qa/question_detail/q10324942120,旧ジャニーズのコンサートチケットについて 先日なにわ男子のドーム公演天井席でした。 周りにはサイチェンでここに来たであろうずっとスマホをいじってる子が何人かいました。 その子たちにとっては良席よりも高...,0,0
1559,2026/2/2 20:10,釣り,FREEDOM,7時間55分,0,2,2.0,0,0,0.004,0.0,0.0,0.0,あと3日,https://detail.chiebukuro.yahoo.co.jp/qa/question_detail/q14324942119,ノリーズの原稿STNシリーズより前のロッド（LTT〜HB系）の緑のデザインの方が自分は好きなんですが皆さんは？,0,0
1560,2026/2/2 20:10,生き方、人生相談,匿名,7時間55分,2,19,9.5,0,0,0.04,10.53,0.0,0.25,あと3日,https://detail.chiebukuro.yahoo.co.jp/qa/question_detail/q13324942118,環境やタイミングなどによって才能を発揮出来ないままの人が多いと思いますか？ それともそもそも才能を持ってる人が少ないと思いますか？,0,0
1561,2026/2/2 20:10,大学受験,mokamiruku,7時間55分,0,55,55.0,0,0,0.116,0.0,0.0,0.12,あと3日,https://detail.chiebukuro.yahoo.co.jp/qa/question_detail/q12324942117,至急です！ 名城大学を2/2に世界史を受けた人どこら辺が出たかおしえてほしいです,0,0
1562,2026/2/2 20:10,コンタクトレンズ、視力矯正,^ ^,7時間55分,0,3,3.0,0,0,0.006,0.0,0.0,0.01,あと3日,https://detail.chiebukuro.yahoo.co.jp/qa/question_detail/q11324942116,オーレンズグローイブロックに似てて同じような大きさで 回らないカラコン教えてください,0,0
1563,2026/2/2 20:10,携帯電話キャリア,oxw********,7時間55分,0,10,10.0,0,0,0.021,0.0,0.0,0.02,あと3日,https://detail.chiebukuro.yahoo.co.jp/qa/question_detail/q10324942115,通信事業者の留守番電話を聞く方法はありますか？ iPhoneの電話のところに、通信事業者の留守番電話とあるのですがそこにかけると、ご利用出来ませんとなります。 昨日スマホの手続きをしてたのでその時にき...,0,0
1565,2026/2/2 20:10,美容整形,わかば,7時間55分,0,6,6.0,0,0,0.013,0.0,0.0,0.01,あと3日,https://detail.chiebukuro.yahoo.co.jp/qa/question_detail/q14324942114,私はまぶたが重くて三白眼になってます、 追加で鼻と唇デカいのでほんとにブスで、なんか腫れてる?みたいな感じなんですよね(T_T) まぶたが重すぎて三白眼なってる場合、どういった施術受ければいいですか？...,0,0
1566,2026/2/2 20:10,恋愛相談、人間関係の悩み,ien********,7時間55分,0,11,11.0,0,0,0.023,0.0,0.0,0.02,あと3日,https://detail.chiebukuro.yahoo.co.jp/qa/question_detail/q12324942112,21歳大学生です。同い年の社会人彼氏と5ヶ月お付き合いしています。 昨日デートの予定があったのですが、待ち合わせの3時間前に彼から「熱が出たから今日は行けなくなってしまった。予定立ててたのに体調管理で...,0,0
1567,2026/2/2 20:10,職場の悩み,jog********,7時間56分,3,34,11.3,0,1,0.071,8.82,0.01,0.45,あと3日,https://detail.chiebukuro.yahoo.co.jp/qa/question_detail/q11324942111,怖い人、意地悪な人間の居る職場と、刑務所の生活では、どっちが良いでしょうか？,0,0
1568,2026/2/2 20:10,ゲーム,幽☆遊☆白書,7時間56分,1,1,1.0,0,0,0.002,100.0,0.0,0.11,あと3日,https://detail.chiebukuro.yahoo.co.jp/qa/question_detail/q10324942110,ヘブンバーンズレッドの質問です ネタバレ含む この間の生放送にて30Aの姿、名前が公開されましたがゲームに登場(スタイルとして)はあり得るのでしょうか？ あーいう感じなのでなさそうな感じもしますが…,0,0
1569,2026/2/2 20:10,生き方、人生相談,a41445d3d,7時間56分,6,93,15.5,0,7,0.195,6.45,0.03,1.26,あと3日,https://detail.chiebukuro.yahoo.co.jp/qa/question_detail/q14324942109,高校一年生男子です 生きていたいと思いません 生きる意味がわからないです 親友がいたことがありません 人間関係で悩んでます 中学生の時は、中1の時は部活に行きたくなく、診断は受けていないけど適応障害の...,0,0
1570,2026/2/2 20:10,デンタルケア,さび,7時間56分,0,11,11.0,0,0,0.023,0.0,0.0,0.02,あと3日,https://detail.chiebukuro.yahoo.co.jp/qa/question_detail/q13324942108,歯が黒ずんできてます。虫歯ではなく、表面に黒いのがまだらについてる感じです。一部の歯だけです 歯医者の予約が大分先なのですが、急いだ方がいいですか？,0,0
1571,2026/2/2 20:09,アニメ,1150849887,7時間57分,4,25,6.2,0,0,0.052,16.0,0.0,0.47,あと3日,https://detail.chiebukuro.yahoo.co.jp/qa/question_detail/q12324942107,おすすめのアニメを教えてほしいです！ できれば、バトル系で一人一人違った個性とか能力を持っていて必殺技みたいなのがあるものがいいです。 好きなアニメ ヒロアカ 桃源暗鬼 怪獣8号 呪術廻戦 あとは、ス...,0,0
1572,2026/2/2 20:09,小学校,非公開,7時間57分,3,13,4.3,0,0,0.027,23.08,0.0,0.34,あと3日,https://detail.chiebukuro.yahoo.co.jp/qa/question_detail/q11324942106,公立小学校については、東京や大阪やからといって授業が地方より極端に早いということはありませんよね。全国の公立校は文部科学省の学習指導要領に沿って進められるため、基本的な学習内容は共通ですが？ 大昔、小...,0,0
1573,2026/2/2 20:09,デンタルケア,1150321720,7時間57分,1,27,27.0,0,0,0.057,3.7,0.02,0.16,あと3日,https://detail.chiebukuro.yahoo.co.jp/qa/question_detail/q10324942105,先週歯が痛み、飲みものがしみるので 歯医者に行きました。 診断は銀歯の神経の炎症だろうとの事。 虫歯は無いよと言われました。 今日何となく気になり 鏡で歯を見たら、歯の根本付近が 黒くなってました！磨...,0,0
1574,2026/2/2 20:09,ダイエット,ﾇﾇ,7時間57分,5,28,5.6,0,0,0.059,17.86,0.0,0.58,あと3日,https://detail.chiebukuro.yahoo.co.jp/qa/question_detail/q14324942104,ダイエットついて質問です 現在155センチ42キロです 1日の摂取カロリーは700-800ほど 朝昼夜全て食べています 30キロ台にするにはやはり減らした方がいいですか？食べる内容を変えるべきでしょう...,0,0
1575,2026/2/2 20:09,大学受験,1252690838,7時間57分,0,61,61.0,0,0,0.128,0.0,0.0,0.13,あと3日,https://detail.chiebukuro.yahoo.co.jp/qa/question_detail/q13324942103,岐阜大学の自分の出願状況？が出願書類到着になったんですけど、これは不備なく出願書類が受理されたという認識でいいんですか？,0,0
1576,2026/2/2 20:09,釣り,メタルギウス,7時間57分,0,6,6.0,0,0,0.013,0.0,0.0,0.01,あと3日,https://detail.chiebukuro.yahoo.co.jp/qa/question_detail/q12324942102,21アンタレスdcと23アンタレスdcmdどちらが巻き心地がいいですか？,0,0
1577,2026/2/2 20:09,友人関係の悩み,cabb6345a,7時間57分,0,13,13.0,0,0,0.027,0.0,0.0,0.03,あと3日,https://detail.chiebukuro.yahoo.co.jp/qa/question_detail/q11324942101,最近学校でひとりでいることが多いです。 虐められてはないんですけど、仲いい子と2人組なのですかその子が多く休んだり部活の友達を優先してしまったりして私と仲良くしたいと思っていなさそうなので申し訳ないけ...,0,0
1578,2026/2/2 20:09,音楽,1253210942,7時間57分,2,3,1.5,0,0,0.006,66.67,0.0,0.22,あと3日,https://detail.chiebukuro.yahoo.co.jp/qa/question_detail/q10324942100,今度新宝島を高校のライブでやるんですけどキーボードの音作りを教えて欲しいです。機種はROLANDのjuno-dです。juno-dの音が分からない場合はどんな感じにすればいいかアドバイスください。,0,0
1579,2026/2/2 20:09,数学,a180718be,7時間57分,1,7,7.0,0,0,0.015,14.29,0.0,0.12,あと3日,https://detail.chiebukuro.yahoo.co.jp/qa/question_detail/q14324942099,数学黄色チャートの106番の質問です。この問題の最大値の部分で、なぜa以上の時、aになるか分かりません。普通に解いていくと、a＝0のとき、最大値は0という風になるはずです。 本当に答えの部分がわかりま...,0,0
1580,2026/2/2 20:09,恋愛相談、人間関係の悩み,非公開,7時間57分,5,93,18.6,0,1,0.195,5.38,0.04,0.78,不明,https://detail.chiebukuro.yahoo.co.jp/qa/question_detail/q13324942098,33歳男です。 1年半前に離婚しバツイチ子無しです。 嫁の不倫が原因で離婚し、直後は死ぬほどショックで病院通いもしてました。 そんな時に2つ年下の女の子に出会い、見た目も可愛く楽しかったので付き合いま...,0,0
1581,2026/2/2 20:09,アニメ,***********,7時間57分,1,201,201.0,0,1,0.421,0.5,0.84,0.59,あと3日,https://detail.chiebukuro.yahoo.co.jp/qa/question_detail/q12324942097,僕のヒーローアカデミアで登場人物の名前が日中戦争中に細菌兵器を開発した旧日本軍の関東軍防疫給水部（731部隊）を想起させるとして2020年に中国で批判が起きたというキャラクターは誰？,0,0
1582,2026/2/2 20:09,大学受験,b5d8de79a,7時間57分,0,17,17.0,0,0,0.036,0.0,0.0,0.04,あと3日,https://detail.chiebukuro.yahoo.co.jp/qa/question_detail/q11324942096,大阪経済大学A日程の3日目の自己採点しました。日本史72、国語69でした。 ビジネス法学部です、受かる見込みありますでしょうか？,0,0
1583,2026/2/2 20:09,ライブ、コンサート,ななし,7時間58分,0,6,6.0,0,0,0.013,0.0,0.0,0.01,あと3日,https://detail.chiebukuro.yahoo.co.jp/qa/question_detail/q10324942095,LDH好きな方へ質問です。 スタッフのいる前で会場内を撮影した場合、注意されていなくても座席をメモされていたり、ブラックリストに載ったりしますか？ またチケットは当たらなくなったり、良席が取れなくなっ...,0,0
1584,2026/2/2 20:09,邦楽,ナオ,7時間58分,5,59,11.8,0,3,0.123,8.47,0.01,0.83,あと3日,https://detail.chiebukuro.yahoo.co.jp/qa/question_detail/q14324942094,卒業式で唄われる定番から消えた曲と言えば？ 私の時は、贈る言葉が定番でしたが、今は聞かなくなりましたね・・・,0,0
1585,2026/2/2 20:09,ゲーム,1152380277,7時間58分,1,26,26.0,0,0,0.054,3.85,0.01,0.16,あと3日,https://detail.chiebukuro.yahoo.co.jp/qa/question_detail/q13324942093,あんスタのEdenについて知りたいです。突然ハマってしまいました…箱推しですが巴日和くんが特に好きです。 もっとEdenについて知りたいのですが、何分ゲームを始めたばかりで大量にエピソードがあり、どこ...,0,0
1586,2026/2/2 20:09,Amazon,ＩＤ非公開,7時間58分,2,33,16.5,0,0,0.069,6.06,0.01,0.28,あと3日,https://detail.chiebukuro.yahoo.co.jp/qa/question_detail/q12324942092,Amazonの翌日配送って最近遅くなりましたよね？20時とか21時に届くのが多くなりました ドライバーさんも大変ですよね,0,0
1587,2026/2/2 20:09,イベント、フェス,あられ,7時間58分,1,12,12.0,0,0,0.025,8.33,0.0,0.13,あと3日,https://detail.chiebukuro.yahoo.co.jp/qa/question_detail/q11324942091,至急です。ライブポケットのチケット（整理券）の譲渡に関する質問です あるイベントに行くのですが、無料の整理券が1人1枚しか取得できなくて、同伴者が取得できなかったようでXなどで譲渡していただける方を探...,0,0
1588,2026/2/2 20:09,政治、社会問題,非公開,7時間58分,3,19,6.3,0,0,0.04,15.79,0.0,0.35,あと3日,https://detail.chiebukuro.yahoo.co.jp/qa/question_detail/q10324942090,ホームレスをしながら、就職できるのですか？ テントやダンボールで公園で寝る生活。,0,0
1589,2026/2/2 20:09,恋愛相談、人間関係の悩み,1151588175,7時間58分,5,60,12.0,0,1,0.125,8.33,0.02,0.71,あと3日,https://detail.chiebukuro.yahoo.co.jp/qa/question_detail/q14324942089,大至急、彼氏が私が提案したことを受け入れるのが嫌だったのか私の提案を上回るような自分を苦しめるようなルールを決め始めたことがきっかけで不機嫌になりました。 あくまでも自分で決めたルールだから私は悪くな...,0,0
1590,2026/2/2 20:09,爬虫類、両生類,そ,7時間58分,1,8,8.0,0,0,0.017,12.5,0.0,0.12,あと3日,https://detail.chiebukuro.yahoo.co.jp/qa/question_detail/q13324942088,ミシシッピニオイガメはどのくらい水以外のところに入れるのでしょうか。 最近0.5歳の子がずっと陸にいます。 水に浸からない時間が長いと病気になってしまったりするのでしょうか。 陸に入れる時間と共に教え...,0,0
1591,2026/2/2 20:09,会計、経理、財務,非公開,7時間58分,4,52,13.0,0,0,0.109,7.69,0.01,0.53,あと3日,https://detail.chiebukuro.yahoo.co.jp/qa/question_detail/q12324942087,コンビニや飲食店で領収書くださいと言っている人って何目的なんでしょうか？結構見かけます。経費で落ちるとは思えませんが。,0,0
1592,2026/2/2 20:09,レディースバッグ、財布、小物類,sng********,7時間58分,1,5,5.0,0,0,0.01,20.0,0.0,0.11,あと3日,https://detail.chiebukuro.yahoo.co.jp/qa/question_detail/q11324942086,ラゲージナノに似ているバッグ教えて欲しいです！ ・デイリー使いしやすい ・チャックが付いている ・底がしっかりしている ・水筒やペットボトルが入る ・通勤バッグよりやや小さめ ・出来れば10年くらい長...,0,0
1593,2026/2/2 20:09,株式,TH,7時間58分,1,12,12.0,0,0,0.025,8.33,0.0,0.13,不明,https://detail.chiebukuro.yahoo.co.jp/qa/question_detail/q10324942085,Yahooファイナンスのアメリカ株の金額の単位はドルですか？ また日本株の金額の単位は円ですか？,0,0
1594,2026/2/2 20:09,メルカリ,pd,7時間58分,0,25,25.0,0,0,0.052,0.0,0.0,0.05,あと3日,https://detail.chiebukuro.yahoo.co.jp/qa/question_detail/q14324942084,メルカリで特定の人だけ取引画面が見れません。その人からメッセージ来てるのですが見ようとするとアプリが落ちます。他の人との取引画面は見れます。1人の特性の人だけ見れません。なぜですか？,0,0
1595,2026/2/2 20:09,邦楽,xz********,7時間58分,4,16,4.0,0,12,0.033,25.0,0.0,1.2,あと3日,https://detail.chiebukuro.yahoo.co.jp/qa/question_detail/q13324942083,the brilliant green オススメの曲はなんですか？ 冷たい花 https://www.youtube.com/watch?v=XsV8SElEHkg,0,0
1596,2026/2/2 20:09,日本史,afaf1c99f,7時間58分,0,2,2.0,0,0,0.004,0.0,0.0,0.0,あと3日,https://detail.chiebukuro.yahoo.co.jp/qa/question_detail/q12324942082,近藤時代の新選組隊士の 粗暴な行動 具体的に何ですか,0,0
1597,2026/2/2 20:09,数学,a180718be,7時間58分,1,16,16.0,0,0,0.033,6.25,0.01,0.14,あと3日,https://detail.chiebukuro.yahoo.co.jp/qa/question_detail/q11324942081,数学黄色チャートの106番の質問です。この問題の最大値の部分で、なぜa以上の時、aになるか分かりません。普通に解いていくと、a＝0のとき、最大値は0という風になるはずです。 本当に答えの部分がわかりま...,0,0
1598,2026/2/2 20:09,高校受験,ツバキの森,7時間58分,3,25,8.3,0,0,0.052,12.0,0.0,0.36,あと3日,https://detail.chiebukuro.yahoo.co.jp/qa/question_detail/q14324942079,大阪府立池田高校は自称進ですか？,0,0
1599,2026/2/2 20:09,高校受験,cf5800869,7時間58分,2,29,14.5,0,0,0.061,6.9,0.01,0.27,あと3日,https://detail.chiebukuro.yahoo.co.jp/qa/question_detail/q10324942080,至急です！！！ 一般入試の私立専願だと受かりやすいのは本当ですか？ 私はAコースを推薦で合格しました。 しかし、第一志望がBコースだったので、一般も受けることにしました。 倍率は4倍くらいなんですけど...,0,0
1600,2026/2/2 20:09,政治、社会問題,jf5********,7時間59分,4,18,4.5,0,0,0.038,22.22,0.0,0.45,あと3日,https://detail.chiebukuro.yahoo.co.jp/qa/question_detail/q13324942078,日本の癌はジャーナリストですか？。 政治家より質が悪いですか？,0,0
1601,2026/2/2 20:09,バイク,1052631958,7時間59分,1,77,77.0,0,0,0.161,1.3,0.12,0.26,あと3日,https://detail.chiebukuro.yahoo.co.jp/qa/question_detail/q12324942077,エイプ50の実働エンジンを積みました。 コネクティングチューブが前の所有者が コネクティングチューブがキャブに上手く入らないと言ってコネクティングチューブを切っていました。純正です。なぜキャブに届かな...,0,0
1602,2026/2/2 20:09,病気、症状,非公開,7時間59分,1,14,14.0,0,0,0.029,7.14,0.0,0.13,あと3日,https://detail.chiebukuro.yahoo.co.jp/qa/question_detail/q11324942076,風邪って何日で治りますか？ 私はなかなか休みが取れなかったりすると2週間くらい、一日中寝るのを4日くらい続けても5日くらい、風邪が治るまでかかります。 これって体の免疫弱すぎですよね？ 自分の体ながら...,0,0
1603,2026/2/2 20:08,株式,1052146243,8時間0分,1,9,9.0,0,0,0.019,11.11,0.0,0.12,あと3日,https://detail.chiebukuro.yahoo.co.jp/qa/question_detail/q14324942074,有価証券の減損処理のところで、「株式会社が倒産したらまずは債務者に弁済して、次に株主に返す」とメモ書きがあったんですが、 この債務者って例えばどんな人なんですか？株主とは違うんですよね？ なんかごっち...,0,0
1604,2026/2/2 20:08,スマートフォン,1051805599,8時間0分,0,3,3.0,0,0,0.006,0.0,0.0,0.01,あと3日,https://detail.chiebukuro.yahoo.co.jp/qa/question_detail/q13324942073,中古のz70ultraとpoco f8 proどちらが良いでしょうか？ サブ機ではなくメイン機としての運用を想定していおり、ゲーム性能やバッテリー持ちが気になります。 z70のカメラはぶっちゃけあまり...,0,0
1605,2026/2/2 20:08,職場の悩み,ば,8時間0分,1,28,28.0,0,0,0.058,3.57,0.02,0.16,あと3日,https://detail.chiebukuro.yahoo.co.jp/qa/question_detail/q12324942072,ネイリストやめたすぎる 接客業ってまじでむり！正社員なのになんでバイトと福利厚生一緒でシフト制だから祝日gwお盆関係なく月8休み 今月は祝日除いて9日休みなのに月8しか休めない 毎週月水で休みたいのに...,0,0
1606,2026/2/2 20:08,大学受験,1153283664,8時間0分,3,180,60.0,2,1,0.375,1.67,0.22,1.16,あと3日,https://detail.chiebukuro.yahoo.co.jp/qa/question_detail/q11324942071,大学入試。倍率が去年より2倍以上、上がってます。そんなことありますか？？最悪です。,0,0
1607,2026/2/2 20:08,パズルゲーム,バナナ,8時間0分,0,51,51.0,0,0,0.106,0.0,0.0,0.11,あと3日,https://detail.chiebukuro.yahoo.co.jp/qa/question_detail/q10324942070,パズドラについて質問です。 レムラム編成でオットーを使う際にオットーのアシスト共鳴を活かしたい場合に使えるアシストってオットー武器以外だと何がありますか?,0,0
1608,2026/2/2 20:08,恋愛相談、人間関係の悩み,非公開,8時間0分,3,5,1.7,0,0,0.01,60.0,0.0,0.32,あと3日,https://detail.chiebukuro.yahoo.co.jp/qa/question_detail/q14324942069,地元で就職した方が、同じ市内に住んでる人と結婚できる確率上がりますか？,0,0
1609,2026/2/2 20:08,映画,匿名,8時間0分,0,4,4.0,0,0,0.008,0.0,0.0,0.01,あと3日,https://detail.chiebukuro.yahoo.co.jp/qa/question_detail/q13324942068,filmarksで試写会に応募したのですが、当選発表って時間差ありますか？,0,0
1610,2026/2/2 20:08,恋愛相談、人間関係の悩み,ufo********,8時間0分,0,9,9.0,0,0,0.019,0.0,0.0,0.02,あと3日,https://detail.chiebukuro.yahoo.co.jp/qa/question_detail/q12324942067,携帯ショップの店員さんに連絡先（LINEやインスタなどの私的な）を聞かれるのって怖くないですか？電話番号は知られている訳ですし,0,0
1611,2026/2/2 20:08,国内,まわり,8時間0分,0,2,2.0,0,0,0.004,0.0,0.0,0.0,あと3日,https://detail.chiebukuro.yahoo.co.jp/qa/question_detail/q11324942066,今月の日曜日に、歌舞伎町一丁目？のこの辺りに行く予定があります。 時間帯は12:30-15:00くらい。 父に車で近くまで送ってもらい、帰りもすぐ車で帰ります。 そんなに危なくないかな、って思ってます...,0,0
1612,2026/2/2 20:08,家族関係の悩み,dzd********,8時間0分,2,34,17.0,0,2,0.071,5.88,0.01,0.4,あと3日,https://detail.chiebukuro.yahoo.co.jp/qa/question_detail/q10324942065,友達が悩んでいたのですが結婚している夫婦なのですがSEXは合うのだけど、食や子育てや家事の分担やお金の使い方などが合わない，老後の引退したいタイミングなどが合わない場合どうしたら良いでしょうか？ 男性...,0,0
1613,2026/2/2 20:08,アニメ,c3bdb766e,8時間0分,4,21,5.2,0,2,0.044,19.05,0.0,0.58,あと3日,https://detail.chiebukuro.yahoo.co.jp/qa/question_detail/q14324942064,宇宙戦艦ヤマトについて質問ですが宇宙戦艦ヤマト完結編のヤマトと宇宙戦艦ヤマト復活編のヤマトは全く別の艦体なのですか？,0,0
1614,2026/2/2 20:08,大学受験,b181d9d2c,8時間0分,2,99,49.5,0,0,0.206,2.02,0.1,0.41,あと3日,https://detail.chiebukuro.yahoo.co.jp/qa/question_detail/q13324942063,関大政策創造学部2/2受けました 英語188/200 日本史86/100 国語60/150 受かりますか?,0,0
1615,2026/2/2 20:08,賃貸物件,1052898334,8時間1分,1,21,21.0,0,0,0.044,4.76,0.01,0.15,あと3日,https://detail.chiebukuro.yahoo.co.jp/qa/question_detail/q12324942062,レオパレスに住み始めました 水がクソマズです そのため百均で浄水器を買ったのですが付け方が分かりません 分解しました どうすればいいですか？ もしかして付けられないですか？,0,0
1616,2026/2/2 20:08,職場の悩み,dor********,8時間1分,0,11,11.0,0,0,0.023,0.0,0.0,0.02,あと3日,https://detail.chiebukuro.yahoo.co.jp/qa/question_detail/q11324942061,男性にお聞きしたいのですが、職場の後輩女性に業務のことで沢山質問されたらうざいと感じますか？,0,0
1617,2026/2/2 20:08,高校受験,b57d38959,8時間1分,1,16,16.0,0,0,0.033,6.25,0.01,0.14,あと3日,https://detail.chiebukuro.yahoo.co.jp/qa/question_detail/q10324942060,明後日高校私立の面接がありますそこで 最近気になったニュースはありますかという質問に 私が最近気になったニュースは箱根駅伝ですなぜなら青山学院大学が最終的に1位でゴールしましたが最初は青山学院大学は1...,0,0
1618,2026/2/2 20:08,恋愛相談、人間関係の悩み,meronya,8時間1分,1,10,10.0,0,0,0.021,10.0,0.0,0.12,あと3日,https://detail.chiebukuro.yahoo.co.jp/qa/question_detail/q13324942058,好きな先生に誕生日を祝ってもらうにはどうすればいいですか？ 今月はもう自由登校で会えないのですが、チャットでお祝いしてほしいと頼むのはだめですか？,0,0
1619,2026/2/2 20:08,自転車、サイクリング,1152544806,8時間1分,1,27,27.0,0,0,0.056,3.7,0.02,0.16,あと3日,https://detail.chiebukuro.yahoo.co.jp/qa/question_detail/q12324942057,シマノの純正オリーブなのですが、どちらがホース側でどちらがキャリパー、STIレバー側なのか分かりません。詳しい方々教えてください。,0,0
1620,2026/2/2 20:08,将棋、囲碁,ホットケーキミックス,8時間1分,2,38,19.0,0,0,0.079,5.26,0.02,0.29,あと3日,https://detail.chiebukuro.yahoo.co.jp/qa/question_detail/q10324942055,私はこの35桂が思い浮かびませんでした。どうしたらこの手が思いつくようになりますか?,0,0
1621,2026/2/2 20:08,ゲーム,bd117e7de,8時間1分,0,7,7.0,0,0,0.015,0.0,0.0,0.01,あと3日,https://detail.chiebukuro.yahoo.co.jp/qa/question_detail/q14324942054,動画を探しています！ X(旧twitter)にて投稿されていた あるネタ動画を探しています。 ゲームはモンスターハンターワールド:アイスボーンで、動画の流れとして…. ①ミラボレアスが受付嬢に置き換わ...,0,0
1622,2026/2/2 20:08,引越し,aa6372cb1,8時間1分,1,15,15.0,0,0,0.031,6.67,0.0,0.13,あと3日,https://detail.chiebukuro.yahoo.co.jp/qa/question_detail/q13324942053,家族がこの度、転勤になります。名古屋市中村区名駅3丁目らしいです。帰省時にはセントレア空港を利用します。名古屋駅からセントレア方向に南側で単身住みで、便利の良いオススメな場所はありますか？ 1LDKで...,0,0
1623,2026/2/2 20:08,キャンプ、バーベキュー,min********,8時間1分,1,13,13.0,0,0,0.027,7.69,0.0,0.13,あと3日,https://detail.chiebukuro.yahoo.co.jp/qa/question_detail/q12324942052,インフレーターマットのバルブの構造が知りたい。 キャンプなどで使用するインフレーターマットですが、バルブの構造はどのようになっているのでしょうか？ キャップ（ふた）を回して締めたり緩めたりするタイプの...,0,0
1624,2026/2/2 20:08,政治、社会問題,James1950s,8時間1分,2,12,6.0,0,6,0.025,16.67,0.0,0.61,あと3日,https://detail.chiebukuro.yahoo.co.jp/qa/question_detail/q11324942051,弾丸は手で潰せますか?,0,0
1625,2026/2/2 20:08,アルバイト、フリーター,あおい,8時間1分,4,27,6.8,0,0,0.056,14.81,0.0,0.47,あと3日,https://detail.chiebukuro.yahoo.co.jp/qa/question_detail/q10324942050,【至急】キャンドゥのバイトの面接に行って、10日以内に合格の場合は電話しますと言われたのですが、今日10日目です。 不採用ということで間違いないのでしょうか…？ 面接で店長さんから入れたいと思っている...,0,0
1626,2026/2/2 20:08,学校の悩み,c41f600ae,8時間1分,1,15,15.0,0,1,0.031,6.67,0.0,0.2,あと3日,https://detail.chiebukuro.yahoo.co.jp/qa/question_detail/q14324942049,私は今中学生なのですが学校にも最近あまり行かず家でだらけてます。死にたいと思ったり勝手に涙が出たりします。病院に行ったほうがいいですか?質問があったら何でも聞いてください、答えられる範囲で答えます。,0,0
1627,2026/2/2 20:08,ゲーム,ahq********,8時間1分,0,7,7.0,0,0,0.015,0.0,0.0,0.01,あと3日,https://detail.chiebukuro.yahoo.co.jp/qa/question_detail/q12324942047,グランツーリスモ7でスピンした際に360度綺麗に回るにはどうしたらいいですか？ いつも180度で回転が止まりそのままバックの向きで突っ込んでいきます。,0,0
1628,2026/2/2 20:08,大学受験,1252052018,8時間1分,6,46,7.7,0,3,0.095,13.04,0.01,0.9,あと3日,https://detail.chiebukuro.yahoo.co.jp/qa/question_detail/q13324942048,大卒認定が欲しくて通信制の大学を検討中ですが、お金の無駄と言われたのですが、無駄なのでしょうか…｡,0,0
1629,2026/2/2 20:08,プレイステーション4,be8c421fa,8時間1分,1,4,4.0,0,1,0.008,25.0,0.0,0.17,あと3日,https://detail.chiebukuro.yahoo.co.jp/qa/question_detail/q11324942046,PlayStationのメールアドレスを変更したいのですが、 現在アカウントで使用している古いメールアドレスのパスワードも忘れてしまい もう使えなくなってしまったので通知もこず サインインも出来ずアド...,0,0
1630,2026/2/2 20:08,ライブ、コンサート,bce509746,8時間1分,0,27,27.0,0,0,0.056,0.0,0.0,0.06,あと3日,https://detail.chiebukuro.yahoo.co.jp/qa/question_detail/q14324942044,今月末のライブのためにXGのペンライトを購入しようと考えているのですが、何度もチェックアウトを押しても画像のようになってしまい先に進めません。どうしたら良いのでしょうか。,0,0
1631,2026/2/2 20:08,俳優、女優,R0827,8時間2分,0,2,2.0,0,0,0.004,0.0,0.0,0.0,あと3日,https://detail.chiebukuro.yahoo.co.jp/qa/question_detail/q13324942043,はい 俳優 間宮祥太朗は既婚ですか？ お付き合いは、一般女性ですか？ なお、野球経験ですか？,0,0
1632,2026/2/2 20:07,運転免許,infp JK,8時間3分,1,19,19.0,0,0,0.039,5.26,0.01,0.14,あと3日,https://detail.chiebukuro.yahoo.co.jp/qa/question_detail/q11324942041,教習所に通っています。まだ一段階ですが、学科は先に終わりました。あとは実地だけなのですが、この期間は混んでいてすごく人が多いです。 なので、どうやって時間を潰しているのか教えて欲しいです。 私はアニメ...,0,0
1633,2026/2/2 20:07,恋愛相談、人間関係の悩み,ほーりー,8時間3分,0,6,6.0,0,0,0.012,0.0,0.0,0.01,あと3日,https://detail.chiebukuro.yahoo.co.jp/qa/question_detail/q12324942042,33歳独身男性実家暮らし彼女なし 20代の女性と付き合いたいのですがまだ付き合えますか？ アルバイト9時から16時してます。 自分184㎝体重110ですフツメンです,0,0
1634,2026/2/2 20:07,ネットバンキング,1251947318,8時間3分,0,4,4.0,0,0,0.008,0.0,0.0,0.01,あと3日,https://detail.chiebukuro.yahoo.co.jp/qa/question_detail/q10324942040,楽天銀行の口座を開設しました。キャンペーンポイント取得のため楽天カードアプリをダウンロードしましたが、それとは別に楽天銀行アプリもあります。 今後、2つのアプリを併用することになるのですか？,0,0
1635,2026/2/2 20:07,ダイエット,名無し,8時間3分,7,62,8.9,0,15,0.128,11.29,0.01,1.78,あと3日,https://detail.chiebukuro.yahoo.co.jp/qa/question_detail/q14324942039,ダイエットしたいのに意思が弱すぎて困ってます、、どうすれば継続できますか？,0,0
1636,2026/2/2 20:07,車検、メンテナンス,1150819295,8時間3分,7,49,7.0,0,0,0.101,14.29,0.01,0.82,あと3日,https://detail.chiebukuro.yahoo.co.jp/qa/question_detail/q13324942038,車検の見積り額よりも最終的な合計額が増えているのは仕方がないと考えますよね？,0,0
1637,2026/2/2 20:07,転職,ID 非公開,8時間3分,2,19,9.5,0,1,0.039,10.53,0.0,0.31,あと3日,https://detail.chiebukuro.yahoo.co.jp/qa/question_detail/q12324942037,至急です。 6月に社員旅行がありもう予約しているそうです。 ですが転職活動をしており旅行が終わったら辞めようと思っていたところ、条件の合う会社様を見つけ内定を頂きました。3月から働いて欲しいとの事で今...,0,0
1638,2026/2/2 20:07,釣り,FREEDOM,8時間3分,0,5,5.0,0,0,0.01,0.0,0.0,0.01,あと3日,https://detail.chiebukuro.yahoo.co.jp/qa/question_detail/q11324942036,ロードランナーの旧ロッドを新品で探してますが王道的通販サイトにはどこもヒットしませんでした。他に賢い探し方ないでしょうか？ もし最悪、中古で存在するなら状態がなるべくいい物を購入する事を視野に入れてま...,0,0
1639,2026/2/2 20:07,園芸、ガーデニング,1251169522,8時間3分,1,15,15.0,0,0,0.031,6.67,0.0,0.13,あと3日,https://detail.chiebukuro.yahoo.co.jp/qa/question_detail/q10324942035,見切り品のシクラメンを購入しました。 大きめのものでお色はショコラ、暗い赤色です 。 ネットでショコラで検索したらガーデンシクラメン しか出てこないのですが 普通サイズのシクラメンでも ショコラありま...,0,0
1640,2026/2/2 20:07,スキンケア,1151310182,8時間3分,2,47,23.5,0,1,0.097,4.26,0.02,0.37,不明,https://detail.chiebukuro.yahoo.co.jp/qa/question_detail/q14324942034,これはただの乾燥肌でしょうか？ ベトネベートクリームもオロナインもヒリヒリして痛いです…,0,0
1641,2026/2/2 20:07,スマホアプリ,1051889818,8時間3分,0,2,2.0,0,0,0.004,0.0,0.0,0.0,あと3日,https://detail.chiebukuro.yahoo.co.jp/qa/question_detail/q13324942033,まどドラについての質問です。 現在来ている悪魔ほむらのガチャを引いたのですが20連で悪魔ほむらが出ました。 1凸でもした方が強いなら50連くらいまで2体目追ってみようかなと思っています。 でもあと2ヶ...,0,0
1642,2026/2/2 20:07,ゲーム,kit********,8時間3分,1,47,47.0,0,1,0.097,2.13,0.05,0.26,あと3日,https://detail.chiebukuro.yahoo.co.jp/qa/question_detail/q12324942032,数年ぶりにあんスタに復帰した者です。 クソデカ感情を吐き出させてください。 英智たちの世代が卒業するだけでも非常に悲しかったのに、いざメインストーリーを読んでみるとトリスタ世代まで夢ノ咲を卒業していて...,0,0
1643,2026/2/2 20:07,カスタマイズ,mn1********,8時間3分,0,5,5.0,0,0,0.01,0.0,0.0,0.01,あと3日,https://detail.chiebukuro.yahoo.co.jp/qa/question_detail/q10324942030,ダイハツ ミラL285Sに、他車から流用できるパーツは何がありますか？ フロント、サイドなどエアロが欲しいのですが、なかなか見つからなくて、悩んでいます。エアロ以外にも何でもいいので、分かる方、詳しく...,0,0
1644,2026/2/2 20:07,コミック,oew********,8時間3分,1,22,22.0,0,0,0.045,4.55,0.01,0.15,あと3日,https://detail.chiebukuro.yahoo.co.jp/qa/question_detail/q11324942031,呪術廻戦ぼーっと見てたのですが、直哉が出てるあたりは呪術廻戦してるなーと見てたのですが、2話あたりから人狼ゲームみたいに説明があって、最新話では茶番やってますが、これから呪術廻戦するんですか？,0,0
1645,2026/2/2 20:07,WiiU,a1b7ef126,8時間4分,2,8,4.0,0,0,0.017,25.0,0.0,0.22,あと3日,https://detail.chiebukuro.yahoo.co.jp/qa/question_detail/q14324942029,この前ブックオフのトレジャー品コーナーでWiiUが3000円で売っていたのですが買うのはありですか？コード類以外は全て揃っています、初期化担当は〇〇など書いてあったので初期化はできるらしいです。,0,0
1646,2026/2/2 20:07,妊娠、出産,c3f477c13,8時間4分,5,65,13.0,0,0,0.134,7.69,0.02,0.65,あと3日,https://detail.chiebukuro.yahoo.co.jp/qa/question_detail/q13324942028,妊活してます。 気持ちが落ち着かず妊娠検査薬してみました 生理予定日3日前です。 ドゥテスト２分後の結果です これって陽性ですか？それとも蒸発線ですか？ 詳しい方教えてください。,0,0
1647,2026/2/2 20:07,スポーツ,2738238こーんにちは,8時間4分,0,7,7.0,0,0,0.014,0.0,0.0,0.01,あと3日,https://detail.chiebukuro.yahoo.co.jp/qa/question_detail/q12324942027,スポーツ 過去の失敗した体験から試合が近づいてくると不安になって頭から離れられません。どうすればいいですか？ 試合は2週間先です。いいパフォーマンスを発揮したいのに今から不安になっているとか馬鹿らしい...,0,0
1648,2026/2/2 20:07,メイク、コスメ,ライチ★光クラブ,8時間4分,1,22,22.0,0,0,0.045,4.55,0.01,0.15,あと3日,https://detail.chiebukuro.yahoo.co.jp/qa/question_detail/q11324942026,どっちのメイクがいいと思いますか？(写真付き) また、メイクのアドバイスが欲しいです,0,0
1649,2026/2/2 20:07,ピアス,aa9a64f97,8時間4分,1,21,21.0,0,1,0.043,4.76,0.01,0.21,不明,https://detail.chiebukuro.yahoo.co.jp/qa/question_detail/q10324942025,ファーストピアスを開けたいんですが、私の耳たぶの太さが5mmで8mmの瞬間ピアッサー（画像）でいけますかね？ 耳たぶ厚い方だと思ってましたが思ったより厚くなかったですが、埋まったりとかしないか不安です...,0,0
1650,2026/2/2 20:07,恋愛相談、人間関係の悩み,非表示,8時間4分,1,27,27.0,0,2,0.056,3.7,0.02,0.28,不明,https://detail.chiebukuro.yahoo.co.jp/qa/question_detail/q14324942024,至急気になることがあります！ 男性で太ってる人はお腹に埋もれて ブ、ツが短いような気がしますが 太ってない人は長めなんでしょうか？,0,0
1651,2026/2/2 20:07,ミリタリー,yqn********,8時間4分,1,11,11.0,0,0,0.023,9.09,0.0,0.13,あと3日,https://detail.chiebukuro.yahoo.co.jp/qa/question_detail/q13324942023,排莢操作が出来るトイガンが欲しいのですがダブルベルのKar98KとクラウンモデルのU10（※）で悩んでいます（たまは発射されなくてよいです。カートの排莢動作だけ楽しみたいです） ダブルベルは個体差が結...,0,0
1652,2026/2/2 20:07,ダンス,cfd1d2ec5,8時間4分,1,3,3.0,0,0,0.006,33.33,0.0,0.11,あと3日,https://detail.chiebukuro.yahoo.co.jp/qa/question_detail/q12324942022,よくTikTokなどでダンスを踊っているやりらの方とかが説明欄に書いている46°Fってどーゆーいみですか、？,0,0
1653,2026/2/2 20:07,ゲーム,1150712474,8時間4分,0,7,7.0,0,0,0.014,0.0,0.0,0.01,あと3日,https://detail.chiebukuro.yahoo.co.jp/qa/question_detail/q10324942020,タイトル名が思い出せないです。 PS2？のゲーム FPS？の戦争ゲーム 画面分割の2人プレイでストーリーが出来る 最初？のストーリーで片方のプレーヤーが 牢屋？塹壕？で捕まっていて動けないので 助けに...,0,0
1654,2026/2/2 20:07,ヘアケア,1149867021,8時間4分,0,8,8.0,0,0,0.017,0.0,0.0,0.02,あと3日,https://detail.chiebukuro.yahoo.co.jp/qa/question_detail/q11324942021,1ヶ月前にブリーチなしのダブルカラーをしました！色は明るめのミルクブラウンです！ 実習の関係で暗染めをしようと思うのですが、暗染めは何ヶ月ほど持ちますか？ また暗染めを何回か繰り返したあと髪色を明るく...,0,0
1655,2026/2/2 20:07,就職活動,fur********,8時間4分,1,14,14.0,0,0,0.029,7.14,0.0,0.13,あと3日,https://detail.chiebukuro.yahoo.co.jp/qa/question_detail/q14324942019,22歳フリーター、女です。 将来に不安を感じて就職しようと思い、就職アドバイザーの方に相談しました。 施工管理か美容系のどちらかになりました。 女で施工管理は辛いですか？ メリット、デメリットお願いし...,0,0
1656,2026/2/2 20:07,モンスターハンター,1051644418,8時間4分,1,37,37.0,0,1,0.076,2.7,0.03,0.24,不明,https://detail.chiebukuro.yahoo.co.jp/qa/question_detail/q13324942018,モンハンライズ 画面中央のやや右上にある緑の丸×2のとこへはどうやって行くんですか？ どこにも道なんかないんですけど 画像付きで解説してもらえると助かります 燃石炭の納品クエなんですが、他にもマークさ...,0,0
1657,2026/2/2 20:07,大学受験,1052491231,8時間4分,1,119,119.0,0,0,0.245,0.84,0.29,0.35,不明,https://detail.chiebukuro.yahoo.co.jp/qa/question_detail/q12324942017,今年國學院の哲学科を受けたものです。国語92%日本史83%英語67%で合格できますか？英語は体感的に難化したと思います。,0,0
1658,2026/2/2 20:07,職場の悩み,ogtp,8時間4分,1,9,9.0,0,0,0.019,11.11,0.0,0.12,あと3日,https://detail.chiebukuro.yahoo.co.jp/qa/question_detail/q11324942016,男ですが女性の上司から手招きされましたがどんな心理から手招きするのでしょうか？ 来て欲しいからでしょうか？,0,0
1659,2026/2/2 20:07,自転車、サイクリング,1152544806,8時間4分,0,5,5.0,0,0,0.01,0.0,0.0,0.01,あと3日,https://detail.chiebukuro.yahoo.co.jp/qa/question_detail/q10324942015,シマノの純正オリーブなのですが、どちらがホース側でどちらがキャリパー、STIレバー側なのか分かりません。詳しい方々教えてください。,0,0
1660,2026/2/2 20:07,外国映画,a4c13903,8時間4分,1,23,23.0,0,1,0.047,4.35,0.01,0.21,あと3日,https://detail.chiebukuro.yahoo.co.jp/qa/question_detail/q13324942013,至急！復讐島という映画で気まずいシーンなどありますか？親と見に行くのですが。。,0,0
1661,2026/2/2 20:07,ピアス,人生SSR,8時間5分,2,15,7.5,0,0,0.031,13.33,0.0,0.24,あと3日,https://detail.chiebukuro.yahoo.co.jp/qa/question_detail/q11324942011,新しく耳たぶにピアスを開けたんですけど、 開ける時に使ったピアスでは無くリング状のピアス付けたくてー開けてからどれぐらい経ったら付け替えていいですかね？,0,0
1662,2026/2/2 20:07,YouTube,jiwoo,8時間5分,1,62,62.0,0,0,0.128,1.61,0.08,0.23,不明,https://detail.chiebukuro.yahoo.co.jp/qa/question_detail/q12324942012,にじさんじのイブラヒムさんについて質問です 配信前、イブラヒムさんを待っている時にリスナーの方が7とか6とか画像のようなスタンプをコメントしているのを見かけるのですがなんの意味があるのですか？,0,0
1663,2026/2/2 20:07,住宅,cecbc7249,8時間5分,2,33,16.5,0,0,0.068,6.06,0.01,0.27,あと3日,https://detail.chiebukuro.yahoo.co.jp/qa/question_detail/q10324942010,二年間空き家だった我が家に戻ることになりましたが、電気や水道を契約して普通に使って大丈夫でしょうか？ 予めやっておくほうが良いことはありますか,0,0
1664,2026/2/2 20:07,政治、社会問題,cat********,8時間5分,5,52,10.4,1,0,0.107,9.62,0.01,0.83,あと3日,https://detail.chiebukuro.yahoo.co.jp/qa/question_detail/q14324942009,「円安ホクホク」って、どういう意味ですか？？？ この発言により、円が１５５円５０銭まで下落したみたいですが。,0,0
1665,2026/2/2 20:07,ヘアスタイル,たけ,8時間5分,2,7,3.5,0,0,0.014,28.57,0.0,0.22,あと3日,https://detail.chiebukuro.yahoo.co.jp/qa/question_detail/q13324942008,ちょうど１ヶ月前にパーマかけてまあまあ長くなってきたので来週か再来週に髪切りたいんですけど、パーマかけたとこが片道1時間半はかかる遠めのとこだったので、 カットするだけなら地元のいつも通っていた所で問...,0,0
1667,2026/2/2 20:07,ニュース、事件,MBTI 64,8時間5分,2,10,5.0,0,2,0.021,20.0,0.0,0.35,あと3日,https://detail.chiebukuro.yahoo.co.jp/qa/question_detail/q11324942006,過去に、ラブホテルで自殺した事件などはありますか？,0,0
1668,2026/2/2 20:06,ゲーム,1151244655,8時間6分,1,19,19.0,0,0,0.039,5.26,0.01,0.14,あと3日,https://detail.chiebukuro.yahoo.co.jp/qa/question_detail/q10324942005,みなさんならこの島をどんなふうにしますか？ あつ森で島クリをしているのですが、博物館とキャンプ場の場所に迷っています。 はにわロードや竹やぶをぬけた先に博物館を作れたら… 自然溢れるキャンプ場にしたい...,0,0
1669,2026/2/2 20:06,鳥類,toymajimax,8時間6分,1,25,25.0,1,1,0.051,4.0,0.01,0.42,あと3日,https://detail.chiebukuro.yahoo.co.jp/qa/question_detail/q14324942004,鳥の名前について質問です。 庭先に最近よく訪れる鳥の名前わかる方教えてください。 画像荒くてすみません。,0,0
1670,2026/2/2 20:06,資産運用、投資信託、NISA,you********,8時間6分,1,44,44.0,0,0,0.09,2.27,0.04,0.19,あと3日,https://detail.chiebukuro.yahoo.co.jp/qa/question_detail/q13324942003,現在楽天証券でiDeCoを行っています。 3つかけている保有商品のうち、一つが4月に除外される連絡がありました。何も考えずに持っているだけだったので、どんな処理をすべきか全くわかりません。3つ持ってい...,0,0
1672,2026/2/2 20:06,妊娠、出産,18280625632,8時間6分,1,43,43.0,0,0,0.088,2.33,0.04,0.19,あと3日,https://detail.chiebukuro.yahoo.co.jp/qa/question_detail/q11324942001,彼女が妊娠しました。 先日妊娠検査薬をして彼女が妊娠していることが発覚しました。 後日2人で婦人科を受診する予定です。 産む予定で、今後の流れとして、法的手続き関係や届出など、やらなければならないこと...,0,0
1673,2026/2/2 20:06,ミリタリー,ko_********,8時間6分,1,7,7.0,0,0,0.014,14.29,0.0,0.12,あと3日,https://detail.chiebukuro.yahoo.co.jp/qa/question_detail/q10324942000,東京マルイ デザートイーグルの内部カスタムについてです。 初めて触るのですが、 バネとバレル以外にどんなカスタムがありますか？ 実銃の重さにしたいし、色々勉強中です！,0,0
1674,2026/2/2 20:06,心理学,ハリソン中山,8時間6分,0,4,4.0,0,0,0.008,0.0,0.0,0.01,あと3日,https://detail.chiebukuro.yahoo.co.jp/qa/question_detail/q14324941999,【支配欲が強い人の「無自覚さ」について教えてください 】 ​支配欲が強い人と関わると、こちらが望んでもいないのに勝手に指導役のような振る舞いをされることがあります。 そうした態度は周囲から「腫れ物に触...,0,0
1675,2026/2/2 20:06,バイク,1152879597,8時間6分,1,27,27.0,0,0,0.055,3.7,0.01,0.16,あと3日,https://detail.chiebukuro.yahoo.co.jp/qa/question_detail/q12324941997,現在2019年モデルのninja400に乗っています。 高速道路にもほとんど乗らないので、街乗りしやすいxsr155に乗り換えたいと考えています。 今のninja400は購入した時67万くらいで、今の...,0,0
1676,2026/2/2 20:06,車検、メンテナンス,bhx********,8時間7分,4,39,9.8,0,0,0.08,10.26,0.01,0.49,あと3日,https://detail.chiebukuro.yahoo.co.jp/qa/question_detail/q11324941996,車検でこのようなリアバンパーは通りますか？,0,0
1677,2026/2/2 20:06,病気、症状,1152748182,8時間7分,0,6,6.0,0,0,0.012,0.0,0.0,0.01,あと3日,https://detail.chiebukuro.yahoo.co.jp/qa/question_detail/q10324941995,高校生男子です。3日前に39℃の熱を出し、インフルbと診断されました。次の日からは平熱を維持しているのですが、筋トレなどしても問題ないでしょうか？今ある症状は鼻づまりと咳だけだと思います。,0,0
1678,2026/2/2 20:06,職場の悩み,57703519800278,8時間7分,5,36,7.2,0,0,0.074,13.89,0.01,0.59,あと3日,https://detail.chiebukuro.yahoo.co.jp/qa/question_detail/q14324941994,システムエンジニアとして初めて開発案件に参画しました。設計書の見方を教えないって普通ですか？ 私は主に構築後のテストをしており、不備が見つかったのですが、上司と話しているうちにそれは私が設計書の見方を...,0,0
1679,2026/2/2 20:06,料理、食材,cb039fdc0,8時間7分,3,24,8.0,0,0,0.049,12.5,0.0,0.36,あと3日,https://detail.chiebukuro.yahoo.co.jp/qa/question_detail/q13324941993,焼き豆腐って生で食えますか？ 普通の豆腐は 生で食うんですが。,0,0
1680,2026/2/2 20:06,政治、社会問題,blo********,8時間7分,4,29,7.2,1,0,0.06,13.79,0.0,0.67,あと3日,https://detail.chiebukuro.yahoo.co.jp/qa/question_detail/q12324941992,NHK と財務省は要らないと思いますか？,0,0
1681,2026/2/2 20:06,メイク、コスメ,非公開,8時間7分,1,16,16.0,0,1,0.033,6.25,0.01,0.2,あと3日,https://detail.chiebukuro.yahoo.co.jp/qa/question_detail/q10324941990,ベースメイクが崩れやすいのが悩みです。 夕方頃になるとほぼ取れていて悲しいです(；＿；)肌質は混合肌で、ベースメイクには乾燥さんを塗ったあと、TIRTIRの下地かエイプリルスキンのファンデを塗ってキャ...,0,0
1682,2026/2/2 20:06,アニメ、コミック,nan********,8時間7分,1,6,6.0,0,0,0.012,16.67,0.0,0.11,あと3日,https://detail.chiebukuro.yahoo.co.jp/qa/question_detail/q13324941988,名探偵コナンで新一と蘭が結婚して 子供(蘭似の女の子)が生まれた後、 新一と毛利小五郎が娘(孫)可愛さに暴走したら 以下のメンバーはどんな反応を すると思いますか。 蘭 工藤優作(新一の父) 工藤有希...,0,0
1683,2026/2/2 20:06,特撮,少年の夢,8時間7分,0,15,15.0,0,0,0.031,0.0,0.0,0.03,あと3日,https://detail.chiebukuro.yahoo.co.jp/qa/question_detail/q14324941989,戦隊シリーズが終わることでの短所って何を思い出しますか？ 個人的にすごく単純なんですが 同人誌やピクシブなんかのイラスト激減だろうなぁ シリーズとしてブランドあるからこそ 新規ファンも増えたのも事実だ...,0,0
1684,2026/2/2 20:06,LINE,1252540868,8時間7分,1,20,20.0,0,0,0.041,5.0,0.01,0.14,あと3日,https://detail.chiebukuro.yahoo.co.jp/qa/question_detail/q12324941987,現在高2の女子です。 LINEのアイコンをめっちゃ迷ってます！ どれが一番いいと思いますか？？ 背景の画像はアイコンに合わせて変えようと思います！,0,0
1685,2026/2/2 20:06,ヒト,a2433f721,8時間7分,0,4,4.0,0,0,0.008,0.0,0.0,0.01,あと3日,https://detail.chiebukuro.yahoo.co.jp/qa/question_detail/q11324941986,西ユーラシア人（古い言葉ではコーカソイドともいう）の体毛が濃いのは何故ですか？ 環境的に何か理由でもあるのですか？ 画像にもある様に体毛の濃い人は西ユーラシア人圏に固まってますが？,0,0
1686,2026/2/2 20:06,簿記,hbd********,8時間7分,1,26,26.0,0,0,0.053,3.85,0.01,0.16,不明,https://detail.chiebukuro.yahoo.co.jp/qa/question_detail/q10324941985,日商簿記1級(商業簿記・会計)の質問です。 貸借対照表作成時に、空欄に「為替換算調整勘定」と記入するものがありました。それは、為替レートに関する問いだからですか？,0,0
1687,2026/2/2 20:06,香水,1051691383,8時間7分,0,0,0.0,0,0,0.0,0.0,0.0,0.0,あと3日,https://detail.chiebukuro.yahoo.co.jp/qa/question_detail/q14324941984,大阪在住の者です。 最近、香水にハマっていてキューズモール、ミナミ辺りでおすすめの香水の購入店あれば教えていただきたい、よろしくお願い申し上げます。,0,0
1688,2026/2/2 20:06,女性アイドル,cf7293a07,8時間7分,1,4,4.0,0,0,0.008,25.0,0.0,0.11,あと3日,https://detail.chiebukuro.yahoo.co.jp/qa/question_detail/q13324941983,きゅーすとのオンライン特典会はどのくらいの期間で開催しますか？,0,0
1689,2026/2/2 20:06,家族関係の悩み,あ,8時間7分,1,10,10.0,0,0,0.02,10.0,0.0,0.12,あと3日,https://detail.chiebukuro.yahoo.co.jp/qa/question_detail/q12324941982,毎日きちんと勉強をしてるんですが、親は仕事で私が勉強している姿を全然みていません。なのに、ソファとかでくつろいでると「勉強しなさい」って言ってきます。 普段の私の姿を知らないのに勝手に言わないで欲しい...,0,0
1690,2026/2/2 20:06,菓子、スイーツ,cfd1d2ec5,8時間7分,1,16,16.0,0,0,0.033,6.25,0.01,0.14,あと3日,https://detail.chiebukuro.yahoo.co.jp/qa/question_detail/q10324941980,バレンタインで薄力粉を使ったクッキー作るんですけど味がわかんなくて美味しいんですかね、、？,0,0
1691,2026/2/2 20:06,ゲーム,vtb********,8時間7分,0,5,5.0,0,0,0.01,0.0,0.0,0.01,あと3日,https://detail.chiebukuro.yahoo.co.jp/qa/question_detail/q11324941981,ジョジョの奇妙な冒険、オールスターバトルRについての質問です。 YouTubeやTikTok、ネット検索をかけても現段階のキャラの強さランキング、ティア表が載っていません。 主観でも大丈夫なのでわかる...,0,0
1692,2026/2/2 20:06,バレーボール,こう,8時間8分,1,18,18.0,0,0,0.037,5.56,0.01,0.14,あと3日,https://detail.chiebukuro.yahoo.co.jp/qa/question_detail/q14324941979,バレーについて この動画の最初の緑の人 ホールディングは100%ですが ダブルコンタクトはどうなんですか https://www.instagram.com/reel/DTz8ngQkoEx/?igs...,0,0
1693,2026/2/2 20:06,無印良品,1251938462,8時間8分,2,12,6.0,0,0,0.025,16.67,0.0,0.23,あと3日,https://detail.chiebukuro.yahoo.co.jp/qa/question_detail/q13324941978,無印良品のスープジャーかサーモスのスープジャーどっちがいいですか？ 無印は安くて買いやすいんですけどちゃんと保温できますか？ サーモスはちょっと高めなので迷ってます どちらか使ってる方いたら教えてくだ...,0,0
1694,2026/2/2 20:06,国内,非公開,8時間8分,3,8,2.7,0,0,0.016,37.5,0.0,0.32,あと3日,https://detail.chiebukuro.yahoo.co.jp/qa/question_detail/q12324941977,東京や大阪は小学校が？どうして繁華街にあるんですか？,0,0
1695,2026/2/2 20:06,法律相談,odo********,8時間8分,1,9,9.0,0,0,0.018,11.11,0.0,0.12,あと3日,https://detail.chiebukuro.yahoo.co.jp/qa/question_detail/q11324941976,DVDを通販形式で販売する際に レンタル品である事をわざとわかりにくく記載して知らずに買ってしまった購入者から 延滞金を請求した場合、催促を無視しても合法的に差し押さえされる事はないですか？ 仮に裁判...,0,0
1696,2026/2/2 20:06,ファッション,j,8時間8分,0,8,8.0,0,0,0.016,0.0,0.0,0.02,あと3日,https://detail.chiebukuro.yahoo.co.jp/qa/question_detail/q10324941975,シェーヌダンクル アンシュネ gm ネックレスって珍しいですか？ 昨日、お店に行ったときにあり着け心地もよくデザインもいいなと思ったのですが、通常のシェーヌのネックレスの方がいいかなと思い見過ごしまし...,0,0
1697,2026/2/2 20:06,ライブ、コンサート,むむむ,8時間8分,0,9,9.0,0,0,0.018,0.0,0.0,0.02,あと3日,https://detail.chiebukuro.yahoo.co.jp/qa/question_detail/q13324941973,2月23日のレコメン税理士イベントに応募したんですけど、抽選に当たったかどうかっていつ分かるんですかね。,0,0
1698,2026/2/2 20:05,アルバイト、フリーター,非公開,8時間9分,1,13,13.0,0,0,0.027,7.69,0.0,0.13,あと3日,https://detail.chiebukuro.yahoo.co.jp/qa/question_detail/q10324941970,明日初バイト出勤です、緊張します。チェーン店のキッチンです。 アドバイスとか、やっておいたほうがいいこととか教えてください！あと、メモ帳とペンってやっぱ持っていったほうがいいですか？,0,0
1699,2026/2/2 20:05,気象、天気,eku********,8時間9分,0,6,6.0,0,0,0.012,0.0,0.0,0.01,あと3日,https://detail.chiebukuro.yahoo.co.jp/qa/question_detail/q11324941971,近年なんで雨があまり降らなくなったのですか？ あちこちで渇水と騒いでますが・・・ 台風もまともに上陸しなくなった感があります,0,0
1700,2026/2/2 20:05,運転免許,1150582662,8時間9分,0,8,8.0,0,0,0.016,0.0,0.0,0.02,あと3日,https://detail.chiebukuro.yahoo.co.jp/qa/question_detail/q14324941969,自動車教習の学科の授業でN-LINEというアプリを使っているのですが、00のオンデマンド以外視聴ができないです。どうすれば良いか教えて欲しいです。 先行学科は入校式の時にしており、教習生手帳の方の先行...,0,0
1701,2026/2/2 20:05,ヘアスタイル,a23412d68,8時間9分,1,9,9.0,0,0,0.018,11.11,0.0,0.12,あと3日,https://detail.chiebukuro.yahoo.co.jp/qa/question_detail/q13324941968,アイドル前髪よりぱっつんの方が似合うと言われました。どーゆーところでそう思うのでしょうか？,0,0
1702,2026/2/2 20:05,ネコ,ななっしー,8時間9分,7,96,13.7,1,17,0.196,7.29,0.03,2.15,不明,https://detail.chiebukuro.yahoo.co.jp/qa/question_detail/q12324941967,猫さまが、通りがかりに、寝ている私めを踏んづけて行かれるとき、心の中ではどんなことを考えていらっしゃるのですか？,0,0
1703,2026/2/2 20:05,iPhone,b71cd7040,8時間9分,0,6,6.0,0,0,0.012,0.0,0.0,0.01,あと3日,https://detail.chiebukuro.yahoo.co.jp/qa/question_detail/q11324941966,Duolingoというアプリで間違ってSuper ファミリープランの無料プレビューが始まったんですがそのままだと自動的に課金されますか？,0,0
1704,2026/2/2 20:05,高校野球,lD非公開,8時間9分,3,30,10.0,0,3,0.061,10.0,0.01,0.55,あと3日,https://detail.chiebukuro.yahoo.co.jp/qa/question_detail/q10324941965,四日市が21世紀枠に選ばれず、補欠にも選ばれなかった理由は何ですか？ 推測で結構です。,0,0
1705,2026/2/2 20:05,宗教,xz********,8時間9分,9,81,9.0,0,0,0.165,11.11,0.01,1.08,あと3日,https://detail.chiebukuro.yahoo.co.jp/qa/question_detail/q14324941964,宗教は、釈尊にせよ、天台大師にせよ、伝教大師にせよ 日蓮大聖人にせよ 真理は1つでしょうか？,0,0
1706,2026/2/2 20:05,恋愛相談、人間関係の悩み,非公開,8時間10分,5,11,2.2,0,0,0.022,45.45,0.0,0.53,あと3日,https://detail.chiebukuro.yahoo.co.jp/qa/question_detail/q13324941963,高校生です。将来地元で就職して、地元の人と結婚して、地元で暮らしたいです。 どうすればいいですか？,0,0
1707,2026/2/2 20:05,インターネットサービス,1149876929,8時間10分,1,24,24.0,0,0,0.049,4.17,0.01,0.15,あと3日,https://detail.chiebukuro.yahoo.co.jp/qa/question_detail/q12324941962,SB光からBIGLOBEへの事業者変更についておわかりの方、教えて頂きたいです。 現在sb光にてネット/電話/TVの契約中。 BIGLOBEではネットのみで契約したいため、 sb光に問い合わせし、 ま...,0,0
1708,2026/2/2 20:05,アメーバブログ,1052100676,8時間10分,1,5,5.0,0,0,0.01,20.0,0.0,0.11,あと3日,https://detail.chiebukuro.yahoo.co.jp/qa/question_detail/q11324941961,アメブロのアフィリについて pickupした製品の報酬が数百はいらましたが月末以降消えました。 なぜですか？改善策ありますか？楽天アフィリにアメブロサイトを登録済みです,0,0
1709,2026/2/2 20:05,就職活動,非公開,8時間10分,0,5,5.0,0,0,0.01,0.0,0.0,0.01,あと3日,https://detail.chiebukuro.yahoo.co.jp/qa/question_detail/q10324941960,就職活動についてです、私はメディアへの憧れが強く朝日新聞などの新聞社を受けています。 しかし朝日新聞は新聞の売上は激減しており、今は平均年収も高く、高水準なのですが、入社してから40代にどれくらい貰え...,0,0
1710,2026/2/2 20:05,メイク、コスメ,ライチ★光クラブ,8時間10分,0,9,9.0,0,0,0.018,0.0,0.0,0.02,あと3日,https://detail.chiebukuro.yahoo.co.jp/qa/question_detail/q14324941959,どっちのメイクがいいと思いますか？(写真付き) また、メイクのアドバイスが欲しいです,0,0
1711,2026/2/2 20:05,DIY,nana,8時間10分,0,17,17.0,0,0,0.035,0.0,0.0,0.03,あと3日,https://detail.chiebukuro.yahoo.co.jp/qa/question_detail/q12324941957,電動工具に詳しい方、お願いします。 ルータにフレキシブルシャフト取り付けて使おうとしたら、問題発生です。 ルータ本体 ハイコーキ M3612DA チャックスリーブ(12×6mm) 中華製 フレキシブル...,0,0
1712,2026/2/2 20:05,声優,匿名,8時間10分,1,11,11.0,0,0,0.022,9.09,0.0,0.12,不明,https://detail.chiebukuro.yahoo.co.jp/qa/question_detail/q11324941956,ヒプマイで質問です。 伊弉冉一二三が勤務外にジャケットなしで後輩に会う描写はありますか？ arbなど公式であれば教えていただきたいです。,0,0
1713,2026/2/2 20:05,自動車,yok********,8時間10分,4,63,15.8,0,0,0.128,6.35,0.02,0.54,あと3日,https://detail.chiebukuro.yahoo.co.jp/qa/question_detail/q13324941958,自動車はハッキングされますか？ 私の車が最近おかしいのですが。,0,0
1714,2026/2/2 20:05,大学受験,エビの推し活,8時間10分,1,12,12.0,0,0,0.024,8.33,0.0,0.13,あと3日,https://detail.chiebukuro.yahoo.co.jp/qa/question_detail/q10324941955,高二早稲田志望です。英文法についての質問です。ポラリス1はもう終わってるんですけど、この次にやる文法の参考書は何がよいですかね？ビンテージ？ポラリス2？Dual effect？その他？ など何が良いの...,0,0
1715,2026/2/2 20:05,薄毛、抜け毛,raiteen6820,8時間10分,0,9,9.0,0,0,0.018,0.0,0.0,0.02,あと3日,https://detail.chiebukuro.yahoo.co.jp/qa/question_detail/q14324941954,以前ミノキシジルの発毛スプレーを使用していたら3ヶ月くらいして痒みやフケが出てきたので使用を中止しました。 今、無印の発毛スプレーを使っていて約1ヶ月経つのですが、また痒みが出てきています。 頭皮が赤...,0,0
1716,2026/2/2 20:05,政治、社会問題,mrp********,8時間10分,8,78,9.8,1,15,0.159,10.26,0.02,2.09,あと3日,https://detail.chiebukuro.yahoo.co.jp/qa/question_detail/q13324941953,ベトナム、マレーシア、シンガポールの方々が今の日本はもう終わったと… このまま円安が続くしもう全てが後進国だ、見習うモノは何もない、と。 そう言われたのですが、どうなのでしょうರ⁠_⁠ರ,0,0
1717,2026/2/2 20:05,Yahoo!知恵袋,1049924399,8時間10分,3,24,8.0,0,14,0.049,12.5,0.0,1.21,あと3日,https://detail.chiebukuro.yahoo.co.jp/qa/question_detail/q12324941952,ヤフー知恵袋のシステムについて ベストアンサー未選択が雑談も含めて、 多くないですか？ 多すぎ？,0,0
1718,2026/2/2 20:05,ダイエット,にゃるね,8時間10分,2,40,20.0,0,0,0.081,5.0,0.02,0.28,あと3日,https://detail.chiebukuro.yahoo.co.jp/qa/question_detail/q10324941950,中学2年生 48kg〜58kgをいききしています。 最近は暇さえあれば何かを食べてしまい、暇な時に何も食べていないとイライラしたりしてしまいます。ダイエットも何回もやっていますが全く成功しません。お腹...,0,0
1719,2026/2/2 20:05,ボクシング,dmptsvgd茨,8時間10分,2,30,15.0,0,0,0.061,6.67,0.01,0.26,あと3日,https://detail.chiebukuro.yahoo.co.jp/qa/question_detail/q11324941951,まさか本当に達成するとは思わなかった完全試合‥‥。あなたはどう思いますか？,0,0
1720,2026/2/2 20:05,高校数学,1152487419,8時間10分,1,13,13.0,0,0,0.026,7.69,0.0,0.13,あと3日,https://detail.chiebukuro.yahoo.co.jp/qa/question_detail/q14324941949,この問題を解いて(1)が、2ⁿ⁻¹ (2)が、2ⁿ⁻¹(3•2ⁿ-3)となったのですが模範解答に合わせたほうがいいのか、自分の答えでも良いのかが分かりません。,0,0
1721,2026/2/2 20:05,鉄道、列車、駅,ID大公開,8時間11分,1,8,8.0,0,0,0.016,12.5,0.0,0.12,あと3日,https://detail.chiebukuro.yahoo.co.jp/qa/question_detail/q12324941947,新庄・院内間はいつ頃運転再開しますか？発表を見る限りだと除雪作業をしている様子もないですし、2月中は運休になると思っておいたほうがいいですか？,0,0
1722,2026/2/2 20:05,資格,やはりちゃん　その18,8時間11分,4,45,11.2,0,0,0.092,8.89,0.01,0.5,あと3日,https://detail.chiebukuro.yahoo.co.jp/qa/question_detail/q13324941948,行政書士試験は記述式が仮に0点の場合でも、合格する可能性はあると思いますでしょうか？ ※仮の話、可能性等含めまして、,0,0
1723,2026/2/2 20:05,恋愛相談,b538cf3c2,8時間11分,6,40,6.7,0,0,0.081,15.0,0.01,0.69,あと3日,https://detail.chiebukuro.yahoo.co.jp/qa/question_detail/q11324941946,付き合って7ヶ月の彼女に余裕ないから一旦距離置かせてと言われました。 連絡が来る2日前に遊ぶ予定があったけど相手の体調不良でなくなりその後からラインの頻度が減りました。 正直冷めてるけどまだ気持ちが固...,0,0
1724,2026/2/2 20:05,資産運用、投資信託、NISA,pipi,8時間11分,3,55,18.3,0,0,0.112,5.45,0.02,0.42,あと3日,https://detail.chiebukuro.yahoo.co.jp/qa/question_detail/q14324941944,積立NISAを始めるなら楽天とSBIどちらがいいと思いますか？ 現状 給与受取 諸々引き落とし口座 三菱UFJ 貯金用口座 住信SBIネット銀行(使いやすくて気に入っている) メインクレカ 楽天カード...,0,0
1725,2026/2/2 20:05,げっ歯類、ウサギ,qcy********,8時間11分,1,17,17.0,0,0,0.035,5.88,0.01,0.14,あと3日,https://detail.chiebukuro.yahoo.co.jp/qa/question_detail/q13324941943,ゴールデンハムスターの男の子なんですが連続でキュキュと連続で鳴いてるのを初めて聴きました。何か意味ありますか？ハムちゃんは保存してあるご飯食べていたあとに鳴いてました。,0,0
1726,2026/2/2 20:05,恋愛相談、人間関係の悩み,lah********,8時間11分,3,127,42.3,0,2,0.258,2.36,0.11,0.68,不明,https://detail.chiebukuro.yahoo.co.jp/qa/question_detail/q12324941942,マチアプでフェードアウトする時、何か言うべきですか？それとも無言でブロックするべきですか？ 20代女です。 相手とは1回会い、2回目の会う予定も立てました。 個人情報がわかるような質問を投げかけてきた...,0,0
1727,2026/2/2 20:05,就職活動,非公開,8時間11分,0,3,3.0,0,0,0.006,0.0,0.0,0.01,あと3日,https://detail.chiebukuro.yahoo.co.jp/qa/question_detail/q11324941941,あるアウトソーシング系の会社に応募して 書類選考がOKなので採用面接をしたいということで 今までの職務経歴の確認による20分くらいの面接となり 最後に 「ご貴殿の経歴は応募書類を含め十分に分かりました...,0,0
1728,2026/2/2 20:04,ヘアスタイル,jjj********,8時間12分,2,36,18.0,0,0,0.073,5.56,0.01,0.28,あと3日,https://detail.chiebukuro.yahoo.co.jp/qa/question_detail/q10324941940,接客業で派手髪だとクレームが入りますか？ 入るとしたらどんな感じの内容でしょうか。 雑貨屋で働いていて、社則で髪色は暗めの茶色までという決まりだったのが、去年から何色でもOKとなりました。 今まで染め...,0,0
1729,2026/2/2 20:04,喫煙マナー,mor********,8時間12分,3,17,5.7,0,3,0.035,17.65,0.0,0.52,あと3日,https://detail.chiebukuro.yahoo.co.jp/qa/question_detail/q14324941939,夫がリビングで電子タバコを吸うのにストレスを感じています。 今の家に越して10年以上経ちますが、元々室内禁煙で外で紙タバコを吸っていました。 ところがここ1年ぐらい（？うろ覚え）しれっとリビングで吸う...,0,0
1730,2026/2/2 20:04,うつ病,izp********,8時間12分,3,37,12.3,0,2,0.075,8.11,0.01,0.5,あと3日,https://detail.chiebukuro.yahoo.co.jp/qa/question_detail/q13324941938,高校生の頃からうつ病の23歳社会人一年目です。 うつ病などの精神疾患がある方にアドバイスをお伺いしたいです。 一人暮らしを始め、症状は落ち着いていましたが 直属の上司が発端でうつと不安症状が強まり 改...,0,0
1731,2026/2/2 20:04,妊娠、出産,1052115301,8時間12分,1,37,37.0,0,0,0.075,2.7,0.03,0.18,あと3日,https://detail.chiebukuro.yahoo.co.jp/qa/question_detail/q12324941937,妊娠21週のエコー写真です。 お腹とお股の上からのショットなのですが、お股に何かあるような無いような… (ちょうどカーソルが写ってる部分です) この写真だと性別どちらに見えますか？,0,0
1732,2026/2/2 20:04,資産運用、投資信託、NISA,まーんちゃん,8時間12分,3,44,14.7,1,3,0.089,6.82,0.01,0.78,あと3日,https://detail.chiebukuro.yahoo.co.jp/qa/question_detail/q11324941936,ビットコインとイーサリアム、いくらなんでも急落し過ぎだと思いませんか？,0,0
1733,2026/2/2 20:04,政治、社会問題,社会問題の人,8時間12分,2,15,7.5,0,0,0.03,13.33,0.0,0.23,あと3日,https://detail.chiebukuro.yahoo.co.jp/qa/question_detail/q10324941935,なんで日本人って主体性がないんですか？ 個人の利益より、全体の利益を優先しますよね 結果、個人の利益は少なくなる,0,0
1734,2026/2/2 20:04,メンズシューズ,ID*******,8時間12分,1,15,15.0,0,0,0.03,6.67,0.0,0.13,あと3日,https://detail.chiebukuro.yahoo.co.jp/qa/question_detail/q14324941934,ロコンドというサイトでブーツを買おうと思っているのですが、安全なサイトですか？,0,0
1735,2026/2/2 20:04,日本史,afaf1c99f,8時間12分,2,6,3.0,0,0,0.012,33.33,0.0,0.21,あと3日,https://detail.chiebukuro.yahoo.co.jp/qa/question_detail/q13324941933,会津藩は 新選組の粗暴な行動や 独断専行は 問題視された 新選組具体的に何しましたか,0,0
1737,2026/2/2 20:04,自動車,b3bb62c3d,8時間13分,1,18,18.0,0,0,0.037,5.56,0.01,0.14,あと3日,https://detail.chiebukuro.yahoo.co.jp/qa/question_detail/q11324941931,トナラーについて同類か研究者の方教えてください。 今日公園の駐車場で休んでいたら自分の車の二つ隣にパリピが車を止めて大騒ぎし始めました、 その駐車場は50台停められて尚且つ自分以外の車は1台もありませ...,0,0
1738,2026/2/2 20:04,ドラマ,af8d2f1a0,8時間13分,0,3,3.0,0,0,0.006,0.0,0.0,0.01,あと3日,https://detail.chiebukuro.yahoo.co.jp/qa/question_detail/q10324941930,シークエンスさやともさんについて質問です。 ナオキマンと共演してたのに 最近は全然共演しなくなったのには 何か理由があるのでしょうか？,0,0
1739,2026/2/2 20:04,邦楽,非公開,8時間13分,2,12,6.0,0,0,0.024,16.67,0.0,0.23,あと3日,https://detail.chiebukuro.yahoo.co.jp/qa/question_detail/q14324941929,あいみょんはまだまだ若く、未来は可能性に満ちていますが、中島みゆきと同じ道は歩みませんか？それを期待するのも酷だと思いますか？,0,0
1740,2026/2/2 20:04,大学受験,1053301723,8時間13分,2,54,27.0,0,0,0.109,3.7,0.03,0.31,あと3日,https://detail.chiebukuro.yahoo.co.jp/qa/question_detail/q13324941928,大阪公立大学の文学か法学か経済に行きたい偏差値50の高校に通っている高校2年生です。 大学のレベルが全くわからないんですが先週から英語と古典を大岩と八澤をそれぞれ使っていて7割完璧にしています。 単語...,0,0
1741,2026/2/2 20:04,大学受験,1152612510,8時間13分,3,23,7.7,0,0,0.047,13.04,0.0,0.35,あと3日,https://detail.chiebukuro.yahoo.co.jp/qa/question_detail/q12324941927,数学の予習を独学でしたいのですが、 入門問題精講→青チャート で良いですか？ 教科書は持っていません。 また、別のよりよい参考書があったら教えていただきたいです。なお、青チャートレベルまでは身につけた...,0,0
1742,2026/2/2 20:04,友人関係の悩み,る,8時間13分,2,43,21.5,0,0,0.087,4.65,0.02,0.29,不明,https://detail.chiebukuro.yahoo.co.jp/qa/question_detail/q11324941926,今日お友達とお会計一緒にして先に私が払ってあとでPayPayでかえすねって友達が言ってきたんです、でも全然返してくれなくて、帰りにお金PayPayに送っといて！請求しとくわ笑！ ってちょっとネタみたい...,0,0
1743,2026/2/2 20:04,恋愛相談、人間関係の悩み,ryv********,8時間13分,1,27,27.0,0,0,0.055,3.7,0.01,0.16,あと3日,https://detail.chiebukuro.yahoo.co.jp/qa/question_detail/q10324941925,聞いて欲しいことがあるのですが、 自分には両片思い（？）のひとがいまして、毎日連絡をとっているのですが、時々きもちわるいと感じることがあって 例えば、 私が寝ていたのですが、ヨダレを垂らしてしまい起き...,0,0
1744,2026/2/2 20:04,病気、症状,gfx********,8時間13分,0,4,4.0,0,0,0.008,0.0,0.0,0.01,あと3日,https://detail.chiebukuro.yahoo.co.jp/qa/question_detail/q14324941924,足親指 ひび 50代です。 二カ月で仕事復帰できますか？ 立ち仕事です。,0,0
1745,2026/2/2 20:04,アニメ、コミック,asd********,8時間13分,0,13,13.0,0,0,0.026,0.0,0.0,0.03,あと3日,https://detail.chiebukuro.yahoo.co.jp/qa/question_detail/q13324941923,【緊急質問】漫画・アニメ大ヒット中の「多聞くん今どっち！？」について質問ですが 韓国アイドル・歌手グループとかは一切関係ありませんよねオマージュを含めて気になったので質問させていただきました。 ただ、...,0,0
1746,2026/2/2 20:04,スノーボード,aer********,8時間13分,1,25,25.0,0,0,0.051,4.0,0.01,0.15,あと3日,https://detail.chiebukuro.yahoo.co.jp/qa/question_detail/q11324941921,death labelのkintone 158wについて質問です。 kintoneは雪接長がかなり短いと聞きました。 650mm位だと…。 そこまで短い板に乗ったことがなく、どんな乗り味なのか教えて欲...,0,0
1748,2026/2/2 20:04,資格,1152143379,8時間13分,0,4,4.0,0,0,0.008,0.0,0.0,0.01,あと3日,https://detail.chiebukuro.yahoo.co.jp/qa/question_detail/q10324941920,あと五日後に漢検準2級を受けるのですが、対義語・類義語と同音・同訓異字の勉強の仕方を教えてください！！！ 四字熟語や書き取りなどの暗記系のは何とかなるのですが、このふたつだけは対策も難しい上に過去問で...,0,0
1749,2026/2/2 20:04,生理,非公開,8時間13分,0,5,5.0,0,0,0.01,0.0,0.0,0.01,あと3日,https://detail.chiebukuro.yahoo.co.jp/qa/question_detail/q14324941919,生活習慣乱れてたり、ストレスがたまってる時に限って生理痛が酷くなるのですが 生理痛の悪化に生活習慣やストレスは関係ありますか？,0,0
1750,2026/2/2 20:04,病気、症状,a96952951,8時間13分,0,6,6.0,0,0,0.012,0.0,0.0,0.01,あと3日,https://detail.chiebukuro.yahoo.co.jp/qa/question_detail/q13324941918,指の画像注意！ 体育の時間バレーしてたら取り損ねて打っちゃいました。グーパーはできて動かせないほど痛いと言う訳では無いのですが、少しでも衝撃があるどズキっと痛くなり、見た目も結構腫れています。これって...,0,0
1751,2026/2/2 20:04,鉄道、列車、駅,至急回答すれば貴方も気持ちいい,8時間13分,3,47,15.7,0,5,0.095,6.38,0.01,0.7,あと3日,https://detail.chiebukuro.yahoo.co.jp/qa/question_detail/q12324941917,思ったのですが 東京駅から有楽町駅まで「最も乗り換えが多い」行き方を教えて下さい エア旅行のため金にいとめはつけません！ 可能であれば航空機や船舶を使ってください！ ただし、タクシー、ヘリコプターはN...,0,0
1752,2026/2/2 20:04,ニキビケア,1252830305,8時間13分,1,12,12.0,0,0,0.024,8.33,0.0,0.13,あと3日,https://detail.chiebukuro.yahoo.co.jp/qa/question_detail/q11324941916,おでこのニキビみたいな出来物が気になります 2週間くらい？全然引いてくれないです どうしたらいいですかね(--;),0,0
1753,2026/2/2 20:04,政治、社会問題,com********,8時間13分,4,52,13.0,1,6,0.105,7.69,0.01,1.07,あと3日,https://detail.chiebukuro.yahoo.co.jp/qa/question_detail/q10324941915,外国人が多く働く会社で働いていますが、皆子供を産んでいます。出産一時金、パパ育休で手当てをもらい、その書類を日本人の事務員が残業しながら書いています。 外国人達は数年で帰国しますが、おかしな制度だと思...,0,0
1754,2026/2/2 20:04,アニメ,1253303585,8時間14分,1,454,454.0,0,4,0.919,0.22,4.18,1.26,不明,https://detail.chiebukuro.yahoo.co.jp/qa/question_detail/q14324941914,ヒロアカが中国で嫌われてることについて。 中国ではマルタは炎上しましたね。理由はまぁ戦争の被害者の名前なんで向こうの知識だけだと怒る理由はわかります。ヒーローの名前にヒトラーとつけるみたいなものなんで...,0,0
1755,2026/2/2 20:04,スーパーマーケット,to7********,8時間14分,8,533,66.6,0,7,1.079,1.5,0.72,2.31,あと3日,https://detail.chiebukuro.yahoo.co.jp/qa/question_detail/q13324941913,明日は節分です。 皆さんはスーパーマーケットで恵方巻を買いますか。 またスーパーマーケットの従業員の皆様、 恵方巻商戦頑張ってください。 私も恵方巻作ります(^^♪,0,0
1756,2026/2/2 20:04,鉄道、列車、駅,ID大公開,8時間14分,4,51,12.8,1,2,0.103,7.84,0.01,0.83,あと3日,https://detail.chiebukuro.yahoo.co.jp/qa/question_detail/q12324941912,仙山線から東北新幹線への乗り継ぎが3分しかないのですが、走れば間に合いますか？,0,0
1757,2026/2/2 20:04,パソコン,poq********,8時間14分,5,36,7.2,0,0,0.073,13.89,0.01,0.58,あと3日,https://detail.chiebukuro.yahoo.co.jp/qa/question_detail/q11324941911,CPUの換装しようと思ってます。 現在12100fを使っているのですが、ゲームと配信、通話をしてると重いです。〔CPUが原因か不明〕なので12600kfに換装しようと思ってます。Pコア4からPコア6+...,0,0
1758,2026/2/2 20:04,音楽,1151194352,8時間14分,0,15,15.0,0,0,0.03,0.0,0.0,0.03,あと3日,https://detail.chiebukuro.yahoo.co.jp/qa/question_detail/q14324941909,プラネットテラーinグラインドハウス をU-NEXTで観たのですが、始まってから一番最初に流れてくる短めの音楽のタイトル教えてください。 サントラにはなかったので知りたいです。 よろしくお願いします。...,0,0
1759,2026/2/2 20:04,生き方、人生相談,1153107504,8時間14分,8,60,7.5,0,5,0.121,13.33,0.01,1.23,あと3日,https://detail.chiebukuro.yahoo.co.jp/qa/question_detail/q10324941910,ぼっちの人ってどうやって孤独感を無くしてるんですか？ 私はぼっちですが自○を考えるほど苦しいです。 生きてて何も楽しくありません。,0,0
1760,2026/2/2 20:04,バラエティ、お笑い,abc5fd4bc,8時間14分,1,44,44.0,0,0,0.089,2.27,0.04,0.19,あと3日,https://detail.chiebukuro.yahoo.co.jp/qa/question_detail/q13324941908,ちゃんみなさんがでるイッテQの放送日って公開されてますか？ されてたら、放送日を知りたいです。,0,0
1761,2026/2/2 20:04,アニメ,1251731897,8時間14分,0,5,5.0,0,0,0.01,0.0,0.0,0.01,あと3日,https://detail.chiebukuro.yahoo.co.jp/qa/question_detail/q12324941907,毛利蘭について 毛利蘭が作中約１０ヶ月の期間に巻き込まれた殺人事件は１８１件との事ですが、一人の人物を中心として殺人事件が頻発した場合、警察や公安は事件の黒幕が毛利蘭にあるのでは？とはならないのでしょ...,0,0
1762,2026/2/2 20:03,アルバイト、フリーター,1152639357,8時間15分,1,21,21.0,0,0,0.042,4.76,0.01,0.14,不明,https://detail.chiebukuro.yahoo.co.jp/qa/question_detail/q11324941906,快活クラブのバイトで落ちた場合、他の店舗受けても関係ないですか？ 共有されて落ちやすくなったりしますか？,0,0
1763,2026/2/2 20:03,恋愛相談、人間関係の悩み,b5b15a45a,8時間15分,3,37,12.3,0,0,0.075,8.11,0.01,0.38,あと3日,https://detail.chiebukuro.yahoo.co.jp/qa/question_detail/q10324941905,現在高校生の女です。 本当に生涯彼氏できる気がしなくて、大学生になったらマッチングアプリやろうかなと思っているのですが、大学生に結婚を見据えた真面目な恋愛のためにマッチングアプリする人っているのでしょ...,0,0
1764,2026/2/2 20:03,恋愛相談、人間関係の悩み,ad326222,8時間15分,2,18,9.0,0,0,0.036,11.11,0.0,0.24,あと3日,https://detail.chiebukuro.yahoo.co.jp/qa/question_detail/q14324941904,25歳で今まで誰ともお付き合いした事のない女です。 同級生や年下の知り合いでもアプリなど使わずに結婚して子供もいるのを見ると、本当に自分が情けないです。 自分は誰とも付き合った事がなくてアプリを始めて...,0,0
1765,2026/2/2 20:03,ゲーム,1052363518,8時間15分,1,6,6.0,0,0,0.012,16.67,0.0,0.11,あと3日,https://detail.chiebukuro.yahoo.co.jp/qa/question_detail/q12324941902,タルコフについて nvidiaのアプリでスムーズモーションって項目をオンにしてみたのですが、スコープを覗いた時などのfpsが低下した時に視点がカクカクする感じがします。 これって改善できますか？スムー...,0,0
1766,2026/2/2 20:03,大学,ゆう,8時間15分,0,3,3.0,0,0,0.006,0.0,0.0,0.01,あと3日,https://detail.chiebukuro.yahoo.co.jp/qa/question_detail/q10324941900,芸術文化観光専門職大学は社会的地位としては私立大学群でいえばどれほどでしょうか？ またこれから上がっていくのでしょうか？,0,0
1767,2026/2/2 20:03,X（旧Twitter）,nek********,8時間15分,0,6,6.0,0,0,0.012,0.0,0.0,0.01,あと3日,https://detail.chiebukuro.yahoo.co.jp/qa/question_detail/q14324941899,個人的な範囲での使用（日常の呟き、気に入ったイラストへのいいね、ソシャゲのプレイ報告等…）に使っていたX（旧Twitter）のアカウントが突然「偽装アカウント」として凍結されてしまったので、 ネットで...,0,0
1768,2026/2/2 20:03,Yahoo!知恵袋,SP16,8時間16分,0,7,7.0,0,0,0.014,0.0,0.0,0.01,あと3日,https://detail.chiebukuro.yahoo.co.jp/qa/question_detail/q13324941898,ジャンププラスでジャンプを定期購読して友達と共有したいと考えてます。 調べたらアカウント共有したらいいと書いてあるのですが、アカウント共有したら電子で買った単行本や最近見たの蘭も共有されてしまうのでし...,0,0
1769,2026/2/2 20:03,大学受験,非公開,8時間16分,0,8,8.0,0,0,0.016,0.0,0.0,0.02,あと3日,https://detail.chiebukuro.yahoo.co.jp/qa/question_detail/q10324941895,至急です 情報Ⅰの共テ模試の対策って何をやればいいですか？？,0,0
1770,2026/2/2 20:03,高校数学,a56f1d453,8時間16分,0,21,21.0,0,0,0.042,0.0,0.0,0.04,あと3日,https://detail.chiebukuro.yahoo.co.jp/qa/question_detail/q14324941894,飛鳥未来高等学校についてです。 単位認定試験で30点以上取れるか不安なのですが、 数学は大体記号問題ですか？ それともレポートのように数字を入れる問題ですか？ どのような対策をするのが良いですか？,0,0
1771,2026/2/2 20:03,恋愛相談、人間関係の悩み,ＩＤ非公開,8時間16分,4,40,10.0,0,0,0.081,10.0,0.01,0.48,あと3日,https://detail.chiebukuro.yahoo.co.jp/qa/question_detail/q11324941896,男と女、どちらの方が人生大変そうですか？私は女の方が大変そうだと思います 生理や出産、ネチネチした女社会など,0,0
1772,2026/2/2 20:03,小説,aaddbcb93,8時間16分,0,4,4.0,0,0,0.008,0.0,0.0,0.01,あと3日,https://detail.chiebukuro.yahoo.co.jp/qa/question_detail/q13324941893,いわゆる『地の文』が女房詞で書かれてる小説作品ってあるんでしょうか？ 和訳でもかまいません,0,0
1773,2026/2/2 20:03,デンタルケア,xia********,8時間16分,0,17,17.0,0,0,0.034,0.0,0.0,0.03,あと3日,https://detail.chiebukuro.yahoo.co.jp/qa/question_detail/q12324941892,下７番遠心縁下の虫歯治療は難しいと聞きますが、歯科医によってどの程度違うものでしょうか？ 所要時間はどの程度かかりますか？ その治療が得意な歯科の探し方や、近畿地方で得意な歯科医院ご存知の方いらっしゃ...,0,0
1774,2026/2/2 20:03,恋愛相談、人間関係の悩み,1150113331,8時間16分,1,15,15.0,0,0,0.03,6.67,0.0,0.13,あと3日,https://detail.chiebukuro.yahoo.co.jp/qa/question_detail/q10324941890,25歳男性です。マッチングアプリで居酒屋いって、最低でも自分のほうが多めに支払いしたいのですが、 1、全おごりで2件目頼むわ 2、8割ぐらいのお金渡して、「トイレ行くから残り出しといて」 3、割り勘で...,0,0
1775,2026/2/2 20:03,占い,my_********,8時間16分,2,33,16.5,0,0,0.066,6.06,0.01,0.27,あと3日,https://detail.chiebukuro.yahoo.co.jp/qa/question_detail/q11324941891,スピリチュアルに詳しい人お願いします。 今日は仕事で右足首を怪我しました。 仕事終わり後、欲しい物を買うべくお店に向かい販売開始時刻まで店頭で2時間半も並びやっと自分の番と思った矢先、目の前で売り切れ...,0,0
1776,2026/2/2 20:03,メルカリ,1151271587,8時間16分,3,71,23.7,0,0,0.143,4.23,0.03,0.44,あと3日,https://detail.chiebukuro.yahoo.co.jp/qa/question_detail/q14324941889,メルカリで商品を購入しましたが、メルカリ便ではない方法で発送され、全く商品が届きません。相手に今どうなってますかと情報を聞いても連絡がないため、キャンセルお願いしますと送ったらキャンセルになりました。...,0,0
1777,2026/2/2 20:03,年中行事,1150978605,8時間16分,1,10,10.0,0,0,0.02,10.0,0.0,0.12,あと3日,https://detail.chiebukuro.yahoo.co.jp/qa/question_detail/q12324941887,厄年の数え方について 2006年5月生まれの19歳です。19が厄年だと思い神社に行ったら数え年だと後厄ですら無いって言われたんですが、なにが正しいのでしょうか？2/4の立春以降は後厄でも無いってことで...,0,0
1778,2026/2/2 20:03,スロット,wge********,8時間16分,4,37,9.2,0,1,0.075,10.81,0.01,0.54,あと3日,https://detail.chiebukuro.yahoo.co.jp/qa/question_detail/q13324941888,パチンコ屋って設定変更するとき、変更した後に数ゲーム回してチャンスモードなどを否定していることを確認するまで変更するなんてセコいことするホールってあるんですか？ 変更したあとは営業時間外は回してはいけ...,0,0
1779,2026/2/2 20:03,恋愛相談、人間関係の悩み,非公開,8時間16分,3,18,6.0,0,0,0.036,16.67,0.0,0.34,あと3日,https://detail.chiebukuro.yahoo.co.jp/qa/question_detail/q11324941886,「人の悪口ばかり言ってる」と言われたので、 例えば私が誰のどんな悪口を言っていたのか聞いたところ、 「思い出せない。忘れた」と言われました。 そういうのって、悪口ばかり言ってるって意見は気にしなくて良...,0,0
1780,2026/2/2 20:03,携帯型ゲーム全般,甘露煮,8時間16分,1,31,31.0,0,0,0.062,3.23,0.02,0.16,あと3日,https://detail.chiebukuro.yahoo.co.jp/qa/question_detail/q14324941884,「アークナイツ」のガチャについて質問です（大陸版の情報に基づいているので、あらかじめご了承ください）。 今年から始めた初心者ドクターです。 2026年の4月中旬頃にレミュアン・デーゲンブレヒャー・ゴー...,0,0
1781,2026/2/2 20:03,恋愛相談、人間関係の悩み,b219da11b,8時間16分,3,9,3.0,0,0,0.018,33.33,0.0,0.32,あと3日,https://detail.chiebukuro.yahoo.co.jp/qa/question_detail/q12324941882,愛してると言われません。本当の愛は「愛してる」と毎日言われることですか？偽りの言葉でもいいので愛してると言われたい…私は数ヶ月に一度しか言われません。私はその程度で価値がないからでしょうか？,0,0
1782,2026/2/2 20:03,芸能人,ＩＤ未公開,8時間16分,0,61,61.0,0,0,0.123,0.0,0.0,0.12,あと3日,https://detail.chiebukuro.yahoo.co.jp/qa/question_detail/q14324837554,あきらをプロデュースで最近しゅうじの彼女を見ない気がするんですけど脱退したんですか？,0,0
1783,2026/2/2 20:03,周辺機器,名無し,8時間16分,1,21,21.0,0,0,0.042,4.76,0.01,0.14,あと3日,https://detail.chiebukuro.yahoo.co.jp/qa/question_detail/q14324837559,ホワイトフルサイズゲーミングキーボードについて質問です。 上記の内容に当てはまるゲーミングキーボードを探しているのですが、あまりに需要がない分野なのか、探しても下記のキーボードのみしか当てはまりません...,0,0
1784,2026/2/2 20:03,将棋、囲碁,1050558683,8時間17分,1,22,22.0,0,1,0.044,4.55,0.01,0.2,あと3日,https://detail.chiebukuro.yahoo.co.jp/qa/question_detail/q14324837569,読売新聞の将棋の段位認定問題で、1765問の答えを教えてください。,0,0
1785,2026/2/2 20:03,資格,123456,8時間17分,0,17,17.0,0,0,0.034,0.0,0.0,0.03,あと3日,https://detail.chiebukuro.yahoo.co.jp/qa/question_detail/q14324837624,topicを受験するのですが提出した写真が落ちてしまいました。 英検用の証明写真でとったものをうえから撮影したのが悪いのと、おそらく触覚があり輪郭が隠れているのが悪いのでちゃんと取り直そうと思っている...,0,0
1786,2026/2/2 20:03,大学受験,313系0番台,8時間17分,0,62,62.0,1,0,0.125,0.0,0.0,0.33,あと3日,https://detail.chiebukuro.yahoo.co.jp/qa/question_detail/q14324837749,質問 ①もし川崎医科大学医学部が一般入試以外にも共通テスト利用導入したら、受験料稼げると思いませんか？ ②もし川崎医科大学医学部が共通テスト利用導入したら、2026年川崎医科大学医学部共通テスト英語数...,0,0
1787,2026/2/2 20:03,大学受験,b231889d5,8時間17分,0,12,12.0,1,0,0.024,0.0,0.0,0.22,あと3日,https://detail.chiebukuro.yahoo.co.jp/qa/question_detail/q14324837654,大学の過去問の大問別配点は公表されてないのでしょうか？わかる方教えてください！,0,0
1788,2026/2/2 20:03,邦楽,短い,8時間17分,0,77,77.0,1,0,0.155,0.0,0.0,0.36,あと3日,https://detail.chiebukuro.yahoo.co.jp/qa/question_detail/q14324837754,ラルクってハンターハンターに合いますよね？ ラルクのこの歌詞ってキルアにめちゃくちゃ合いますよね？,0,0
1789,2026/2/2 20:03,Instagram,1150734450,8時間17分,1,13,13.0,0,0,0.026,7.69,0.0,0.13,あと3日,https://detail.chiebukuro.yahoo.co.jp/qa/question_detail/q14324837634,instgramで嫌いな人のアカウントを数個ブロックした際、ブロックした相手のフォロー中とフォロワーが表示されるアカウントとどちらも0と表示されるアカウントに分かれるのですがこの違いはなんですか？？ ...,0,0
1790,2026/2/2 20:03,美容整形,あかさたな,8時間17分,1,10,10.0,0,0,0.02,10.0,0.0,0.12,あと3日,https://detail.chiebukuro.yahoo.co.jp/qa/question_detail/q11324941881,鼻整形(小鼻)に関する質問です。 最初は小鼻縮小を考えていたのですが、顔の形が中顔面が長いタイプの面長で、私の鼻は写真の通り、小鼻の厚みが目立ちます。顔の形のことを考えると、小鼻縮小したら顔の余白が目...,0,0
1791,2026/2/2 20:03,ライブ、コンサート,1052128720,8時間17分,0,36,36.0,0,0,0.072,0.0,0.0,0.07,あと3日,https://detail.chiebukuro.yahoo.co.jp/qa/question_detail/q14324837474,BUMP OF CHICKEN2026のライブの2次選考に外れたのですが今後まだ取れる見込みありますかね？,0,0
1792,2026/2/2 20:03,スキンケア,ポン,8時間17分,0,6,6.0,0,0,0.012,0.0,0.0,0.01,あと3日,https://detail.chiebukuro.yahoo.co.jp/qa/question_detail/q14324837249,meditate（メディテイト）ハンドクリーム シャイン に、似たハンドクリームを探しています。 使い心地が良いと感じるのですが、仕事先で使うには 匂いの持続力があるので、メーカー問わず無香料か 香り...,0,0
1793,2026/2/2 20:03,リズム、音楽ゲーム,男,8時間17分,0,12,12.0,0,0,0.024,0.0,0.0,0.02,あと3日,https://detail.chiebukuro.yahoo.co.jp/qa/question_detail/q14324837394,PS5の質問です。 レバーレスコントローラーで音ゲーを プレイしたいと思ってたのですが、 このコントローラーではプレイ出来ませんと 表示されました。どうにかレバーレスで プレイする方法はありませんか？,0,0
1794,2026/2/2 20:03,ゲーム,kyo********,8時間17分,1,172,172.0,0,0,0.346,0.58,0.6,0.45,あと3日,https://detail.chiebukuro.yahoo.co.jp/qa/question_detail/q14324837244,アークナイツエンドフィールドについての質問です 危機禍影、白亜アンゲロミラの勲章加工の条件の240秒切りって現状レーヴァテイン編成（レバ、ウルフガード、アケクリ、アルデリア）だと厳しいですか？第一フェ...,0,0
1795,2026/2/2 20:03,芸能人,1252732238,8時間17分,1,14,14.0,0,0,0.028,7.14,0.0,0.13,あと3日,https://detail.chiebukuro.yahoo.co.jp/qa/question_detail/q14324837314,都内で俳優やジャニーズと繋がるにはどうしたらいいですか‼️あと芸能人のコネがある人の飲み会に誘われるにはどうしたらいいのか教えてください‼️イケメンでお金持ちな人と結婚したいです‼️,0,0
1796,2026/2/2 20:03,テーマパーク,ab3d21741,8時間17分,1,43,43.0,0,0,0.086,2.33,0.04,0.19,あと3日,https://detail.chiebukuro.yahoo.co.jp/qa/question_detail/q14324837354,2月に制服ディズニーをするのですがら防寒対策についてお聞きしたいです！ ヒートテックを着てシャツとセーターとブラザーを着ます！ネックレスをつけたいのでマフラーは無しにしようという話になっています！靴下...,0,0
1797,2026/2/2 20:03,スマホアプリ,あんこなし饅頭,8時間17分,0,17,17.0,0,0,0.034,0.0,0.0,0.03,あと3日,https://detail.chiebukuro.yahoo.co.jp/qa/question_detail/q14324837369,トルミルというアプリでダウンロードした曲を聞こうと思ったのに、何度ダウンロードしても曲が再生できません。曲のアイコンが再戦ボタンになってます。どうやれば解決できますか？,0,0
1798,2026/2/2 20:03,飛行機、空港,まのん,8時間17分,0,44,44.0,0,0,0.088,0.0,0.0,0.09,あと3日,https://detail.chiebukuro.yahoo.co.jp/qa/question_detail/q14324837204,JALの家族プログラムについて質問です。 子ども二人にJALマイルを貯めるためにJAL子どもカードを作っていましたが、家族プログラムの存在を知らないまま、飛行機にのった際にそれぞれマイルをつけてもらっ...,0,0
1799,2026/2/2 20:03,スマホアプリ,☆,8時間17分,0,13,13.0,0,0,0.026,0.0,0.0,0.03,あと3日,https://detail.chiebukuro.yahoo.co.jp/qa/question_detail/q14324837124,TikTokの仲良い相互が、「またフォロー勝手に外れてる。バグかな｣って言ってたんですけど、絶対ブロ解ですよね。教えた方がいいですか？このまま知らない方がいいんでしょうか…。回答お願いします。,0,0
1800,2026/2/2 20:03,交通事故,313系0番台,8時間17分,0,18,18.0,0,0,0.036,0.0,0.0,0.04,あと3日,https://detail.chiebukuro.yahoo.co.jp/qa/question_detail/q14324837189,もし以下のような静岡県警女性警官ひき逃げ事件あったら「女性警官救助しない男支持」「女性警官救助しない男不支持」という意見が対立しますか？ 質問 ①トラック運転手のひき逃げで重傷を負った静岡県警女性警官...,0,0
1801,2026/2/2 20:03,スマートフォンアクセサリー,NARU,8時間18分,0,9,9.0,0,0,0.018,0.0,0.0,0.02,あと3日,https://detail.chiebukuro.yahoo.co.jp/qa/question_detail/q14324837079,写真やTiktokを撮る時マグピクかスマホケースにつける吸盤だったらどっちの方が有用ですか？,0,0
1802,2026/2/2 20:03,動画、映像,eba********,8時間18分,0,11,11.0,0,0,0.022,0.0,0.0,0.02,あと3日,https://detail.chiebukuro.yahoo.co.jp/qa/question_detail/q14324837104,写真が入っていなかったのでもう一度投稿させていただきますm(*_ _)m 質問です CapCutで編集をしているんですが、編集しようと思い、エフェクトの中のピクセルストレッチを出して、ピクセルストレッ...,0,0
1803,2026/2/2 20:03,オンラインゲーム,a46628a9a,8時間18分,0,1,1.0,0,0,0.002,0.0,0.0,0.0,あと3日,https://detail.chiebukuro.yahoo.co.jp/qa/question_detail/q14324836919,pc キーマウ フォートナイトについてです、スペックも問題なく レンダリングモードもパフォーマンスにしているのですが、階段を逆向きに連続編集するときにだけ、カクツキがおきミスしてしまいます。 垂直同期...,0,0
1804,2026/2/2 20:03,大学,1252918571,8時間18分,0,9,9.0,0,0,0.018,0.0,0.0,0.02,あと3日,https://detail.chiebukuro.yahoo.co.jp/qa/question_detail/q14324837014,大学4年生の方に質問です。今度大学の部活の4年生のメンバーの皆さんが最後の参加になる飲み会を開こうと思ってます。そこで何か渡そうと思ってるのですが何を渡したらいいか意見が欲しいです。 一応、部活は硬式...,0,0
1805,2026/2/2 20:03,大学受験,af718ada0,8時間18分,0,2,2.0,0,0,0.004,0.0,0.0,0.0,あと3日,https://detail.chiebukuro.yahoo.co.jp/qa/question_detail/q14324836934,NEXTシリーズの解答冊子はありますか？,0,0
1806,2026/2/2 20:03,幼児教育、幼稚園、保育園,g_g********,8時間18分,0,14,14.0,0,0,0.028,0.0,0.0,0.03,あと3日,https://detail.chiebukuro.yahoo.co.jp/qa/question_detail/q14324836754,保育士さんに質問です！ 園に「知育玩具」ってどれくらい置いてありますか？（種類とか数の感覚でOKです） あと、普段の保育の中で知育玩具で遊ぶ時間って1日どのくらいありますか？ざっくりで教えてください！...,0,0
1807,2026/2/2 20:03,アクアリウム,1151188474,8時間18分,0,38,38.0,0,0,0.076,0.0,0.0,0.08,あと3日,https://detail.chiebukuro.yahoo.co.jp/qa/question_detail/q14324836599,金魚の繁殖について。 冬眠経験がないと繁殖行動をとらないみたいですが、繁殖させるには冬眠期間はどれぐらい必要でしょうか？ 最低でも１ヶ月ぐらいは冬眠させるべきですか？,0,0
1808,2026/2/2 20:03,資格,auq********,8時間18分,0,64,64.0,0,0,0.128,0.0,0.0,0.13,あと3日,https://detail.chiebukuro.yahoo.co.jp/qa/question_detail/q14324836624,宅建について 画像のそれぞれの場合について、35，37条書面の交付先を教えていただきたいです。 そもそもどの場合の取引が宅建業法に違反するかがイマイチ分かりません、、,0,0
1809,2026/2/2 20:03,携帯型ゲーム全般,be05a3b21,8時間18分,1,22,22.0,0,0,0.044,4.55,0.01,0.14,あと3日,https://detail.chiebukuro.yahoo.co.jp/qa/question_detail/q10324941880,妖怪ウォッチぷにぷにをしてるんですが、今回のコードギアスコラボのUz+とUz の3体をガチャで出したいんですけど、超アップでそれぞれ引くか、割引きで引くか、ラスチャンで引くか迷ってます。 引くならYポ...,0,0
1810,2026/2/2 20:03,ファッション,1153188708,8時間18分,0,12,12.0,0,0,0.024,0.0,0.0,0.02,あと3日,https://detail.chiebukuro.yahoo.co.jp/qa/question_detail/q14324836669,us dripやuk dripにおすすめのダウンのブランドを教えてください,0,0
1811,2026/2/2 20:03,テーマパーク,3suk9sm,8時間18分,0,65,65.0,0,0,0.13,0.0,0.0,0.13,あと3日,https://detail.chiebukuro.yahoo.co.jp/qa/question_detail/q14324836484,USJの東野圭吾原作『マスカレード』シリーズ 「狙われた仮面舞踏会」のキャストについてです。 1月30日夜の部でMAKIYA、蛭子龍じを演じられていたキャストさんはなんという方でしょうか？,0,0
1812,2026/2/2 20:03,スマートフォンアクセサリー,おふとんぬくぬく,8時間18分,0,12,12.0,0,0,0.024,0.0,0.0,0.02,あと3日,https://detail.chiebukuro.yahoo.co.jp/qa/question_detail/q14324836619,合成皮革の製品はやっぱり色落ちしたりひび割れしやすいですか？ Darichのスマホケースを買おうと思っているのですが、普通に使っている分には問題ないでしょうか？ 写真のものを買う予定ですが、ビジューの...,0,0
1813,2026/2/2 20:03,プロ野球,吉報師,8時間18分,1,20,20.0,0,3,0.04,5.0,0.01,0.32,不明,https://detail.chiebukuro.yahoo.co.jp/qa/question_detail/q14324941879,平成の名勝負 清原和博ー野茂英雄。 結局どちらが勝者なんですか。 埼玉西武ライオンズ 大阪近鉄バファローズ,0,0
1814,2026/2/2 20:03,大学受験,c66f8cfc,8時間18分,1,48,48.0,0,0,0.096,2.08,0.05,0.2,あと3日,https://detail.chiebukuro.yahoo.co.jp/qa/question_detail/q14324836359,大東文化大学 経営学部 経営学科 英検2級もってたら国語 日本史で何割取れば受かりますか？,0,0
1815,2026/2/2 20:03,Android,悠鬼,8時間18分,2,7,3.5,0,0,0.014,28.57,0.0,0.21,あと3日,https://detail.chiebukuro.yahoo.co.jp/qa/question_detail/q13324941878,Googleピクセルのスマホを使っている方にお聞きしたいのですが、電話番号の認証ってどこに届きますか？ バーを下ろしても通知が来なくて、何というアイコンか教えて下さい。,0,0
1816,2026/2/2 20:03,妊娠、出産,a5cc026b5,8時間18分,1,16,16.0,0,0,0.032,6.25,0.01,0.13,あと3日,https://detail.chiebukuro.yahoo.co.jp/qa/question_detail/q14324836279,産後1ヶ月過ぎくらいです！悪露が白色になって終わったかなと思っていたら真っ赤な生理のような出血が出始めて、夜用ナプキンが真っ赤に染まるまで量も多いです。生理が始まったってことなのでしょうか。 1ヶ月検...,0,0
1818,2026/2/2 20:03,ファーストフード,ウッス,8時間19分,1,38,38.0,0,0,0.076,2.63,0.03,0.18,あと3日,https://detail.chiebukuro.yahoo.co.jp/qa/question_detail/q14324836059,ウーバーイーツについて 4時にケンタッキーのセットを注文したら18時40分頃に届きました。 案の定冷めていたのですが、クーポン的なものはもらえるのでしょうか。,0,0
1819,2026/2/2 20:03,政治、社会問題,二等兵,8時間19分,0,15,15.0,0,0,0.03,0.0,0.0,0.03,あと3日,https://detail.chiebukuro.yahoo.co.jp/qa/question_detail/q14324836139,日本って地震大国ですから、道路、排水管、下水道、ガス管、地下電線などのインフラ整備にどれくらいのお金(税金)が使われているのですか？,0,0
1820,2026/2/2 20:03,大学受験,b3bd1c679,8時間19分,0,108,108.0,0,0,0.216,0.0,0.0,0.22,あと3日,https://detail.chiebukuro.yahoo.co.jp/qa/question_detail/q14324836189,今日帝京大学の経済学部の国際経済学科受けて来たんですけど体感160〜170点くらいだと思います。合格する見込みはありそうですか？,0,0
1821,2026/2/2 20:03,刀剣乱舞,1252283636,8時間19分,0,65,65.0,0,0,0.13,0.0,0.0,0.13,あと3日,https://detail.chiebukuro.yahoo.co.jp/qa/question_detail/q14324835959,刀剣乱舞静かなる夜半の寝ざめの大阪公演って横の花道って通ったりしましたか？？YouTubeみたら横にあるっぽくて、 良ければ上手下手もわかればお願いしたいです！！,0,0
1822,2026/2/2 20:03,生理,とも,8時間19分,0,6,6.0,0,0,0.012,0.0,0.0,0.01,あと3日,https://detail.chiebukuro.yahoo.co.jp/qa/question_detail/q14324835954,去年の7月7日からジエノゲストを服用はじめて、今月上旬頃服用やめました。通常やめてどのくらいで生理がきますか？,0,0
1823,2026/2/2 20:03,大学受験,1253251490,8時間19分,0,13,13.0,0,0,0.026,0.0,0.0,0.03,あと3日,https://detail.chiebukuro.yahoo.co.jp/qa/question_detail/q14324835949,愛知県立ポルトガル語学科後期は共通テスト8割無いと受かるのはきついですかね…？３教科の平均が6割後半でした。,0,0
1824,2026/2/2 20:03,携帯型ゲーム全般,1252763396,8時間19分,1,8,8.0,0,0,0.016,12.5,0.0,0.12,あと3日,https://detail.chiebukuro.yahoo.co.jp/qa/question_detail/q14324836054,ステラソラのロスレコガチャについて、天井まで引いたら確実にピックアップ中のロスレコを入手できますか？,0,0
1825,2026/2/2 20:03,ポケットモンスター,かいら,8時間19分,0,6,6.0,0,0,0.012,0.0,0.0,0.01,あと3日,https://detail.chiebukuro.yahoo.co.jp/qa/question_detail/q14324835929,現環境でリーフィアEX×セレビィEXデッキを改善するならどんなサポートがいいんですかね？,0,0
1826,2026/2/2 20:03,大学,非公開,8時間19分,0,17,17.0,0,0,0.034,0.0,0.0,0.03,あと3日,https://detail.chiebukuro.yahoo.co.jp/qa/question_detail/q14324835899,看護学科の学生の長期休みはどんな感じですか？期間や実習の有無、忙しさ等教えていただきたいです。 また、バイトや長期の旅行に使える時間はどのくらいあるでしょうか？,0,0
1827,2026/2/2 20:03,恋愛相談、人間関係の悩み,1150166701,8時間19分,0,8,8.0,1,0,0.016,0.0,0.0,0.22,あと3日,https://detail.chiebukuro.yahoo.co.jp/qa/question_detail/q14324835874,視覚障害者や、耳が聞こえない人はどこで出会ったりして結婚したりするのですか？,0,0
1828,2026/2/2 20:03,デンタルケア,04116895,8時間19分,0,11,11.0,0,0,0.022,0.0,0.0,0.02,あと3日,https://detail.chiebukuro.yahoo.co.jp/qa/question_detail/q14324835889,よく抜歯矯正に失敗したパターンとして引っ込めすぎて中顔面陥没してしまったり鼻翼基部が低くなってしまいほうれい線が目立つようになったという投稿が見られますが、 逆に歯の先は引っ込めて歯の根元を少し前に出...,0,0
1829,2026/2/2 20:03,動画、映像,eba********,8時間19分,0,8,8.0,0,0,0.016,0.0,0.0,0.02,あと3日,https://detail.chiebukuro.yahoo.co.jp/qa/question_detail/q14324835824,質問です CapCutで編集をしているんですが、編集しようと思い、エフェクトの中のピクセルストレッチを出して、ピクセルストレッチにキーフレームを打とうとしたら、なぜか打つことが出来ませんでした。 写真...,0,0
1830,2026/2/2 20:03,スマホアプリ,初心者,8時間19分,0,9,9.0,0,0,0.018,0.0,0.0,0.02,あと3日,https://detail.chiebukuro.yahoo.co.jp/qa/question_detail/q14324835779,今日Tiktokに3万円課金したら上限来たのですが明日になったらまた3万円課金できますか？,0,0
1831,2026/2/2 20:03,YouTube,1052187076,8時間19分,0,14,14.0,0,0,0.028,0.0,0.0,0.03,あと3日,https://detail.chiebukuro.yahoo.co.jp/qa/question_detail/q14324835839,実況者のしにがみさんについてです。 2回目のキミガシネ実況を2年前ぐらいにされていましたが、ソウとカンナのどちらを追放するか、の7回目ぐらいの配信から続きがなく、配信内では、「次は、ソウのルートでやっ...,0,0
1832,2026/2/2 20:03,ゲーム,153759246486,8時間19分,1,34,34.0,0,0,0.068,2.94,0.02,0.17,不明,https://detail.chiebukuro.yahoo.co.jp/qa/question_detail/q14324835754,今第5でオフェンスのアルファって衣装売ってるじゃないですか？それって限定になりますか？なるなら買おうかなって思ってます,0,0
1833,2026/2/2 20:03,本、雑誌,サクランボプリン,8時間20分,1,25,25.0,0,0,0.05,4.0,0.01,0.15,あと3日,https://detail.chiebukuro.yahoo.co.jp/qa/question_detail/q14324835759,終活について知りたいので本を探しています｡お薦めの本と出版社名を宜しくお願いします｡,0,0
1834,2026/2/2 20:03,女性の病気,01546107340,8時間20分,0,11,11.0,0,0,0.022,0.0,0.0,0.02,あと3日,https://detail.chiebukuro.yahoo.co.jp/qa/question_detail/q10324941875,子宮内膜症で処女です。 彼氏がいて、恐らく今月中には初体験を迎えるかもしれないのですが絶対痛いですよね！？(ToT),0,0
1835,2026/2/2 20:03,テーマパーク,1149982532,8時間20分,1,14,14.0,0,0,0.028,7.14,0.0,0.13,あと3日,https://detail.chiebukuro.yahoo.co.jp/qa/question_detail/q14324941874,昔15年ほど前に神戸の須磨パティオの屋上に小さい遊園地(私は父とおもちゃの電車？)に乗った記憶があります。小さい子が遊べるような小さいゲームセンターはありましたか？ 10年前くらいにはもうなくなってる...,0,0
1836,2026/2/2 20:03,ゲーム,ざざお,8時間20分,1,24,24.0,0,0,0.048,4.17,0.01,0.15,あと3日,https://detail.chiebukuro.yahoo.co.jp/qa/question_detail/q13324941873,ファンパレの夢幻廻海楼48が勝てません このキャラたちで勝てますでしょうか？ 有識者の方お願いいたしますm(_ _)m,0,0
1837,2026/2/2 20:02,家具、インテリア,1150961384,8時間21分,0,9,9.0,0,0,0.018,0.0,0.0,0.02,あと3日,https://detail.chiebukuro.yahoo.co.jp/qa/question_detail/q11324941871,家具の色味を悩んでいます。 写真の扉のすぐ下の茶色の床がリビングや洗面所の床の色になります。 この色に合う家具の色を何にするかアドバイスをいただきたいです。 今住んでいる床の色は白色なのでホワイトオー...,0,0
1838,2026/2/2 20:02,家事,sak********,8時間21分,2,13,6.5,0,0,0.026,15.38,0.0,0.22,あと3日,https://detail.chiebukuro.yahoo.co.jp/qa/question_detail/q12324941872,食器洗剤キュキュットクリア除菌(微香性)が結構残ってる状態の容器に 間違えてキュキュットクリア除菌(緑茶の香り)を入れてしまいました。 危険なガスも発生しないとは思いますが、ただ使うときににおいが気に...,0,0
1839,2026/2/2 20:02,バラエティ、お笑い,kin********,8時間21分,0,7,7.0,0,0,0.014,0.0,0.0,0.01,あと3日,https://detail.chiebukuro.yahoo.co.jp/qa/question_detail/q10324941870,水曜どうでしょうの大泉洋について質問です。 大泉洋ってクチャラーですよね？ 自分の記憶にある一番酷いシーンは、 ヨーロッパ20ヵ国完全制覇の第4話の後部座でプルーンを食べてるシーン。 他にも一番最初の...,0,0
1840,2026/2/2 20:02,パソコン,cdacfb5f3,8時間21分,0,14,14.0,0,0,0.028,0.0,0.0,0.03,あと3日,https://detail.chiebukuro.yahoo.co.jp/qa/question_detail/q14324835749,REDMAGIC11Pro 黒のスケルトンについて質問です 水冷の循環リングが見えてると思うのですがあのリングをライトアップさせることはできるのでしょうか？ もしできるのであればどなたか設定方法を教え...,0,0
1841,2026/2/2 20:02,香水,ren********,8時間21分,2,8,4.0,0,2,0.016,25.0,0.0,0.33,あと3日,https://detail.chiebukuro.yahoo.co.jp/qa/question_detail/q13324941868,プラダの香水で、ルナロッサブラック（プラダブラック）が気になっていて、デートや特別の日につけるべきとネットで書いてあったのですが、日中や日常使いもできると思いますか？いつも付けてくのは重いですか？,0,0
1842,2026/2/2 20:02,iPhone,ad00d2cb3,8時間21分,0,35,35.0,0,0,0.07,0.0,0.0,0.07,あと3日,https://detail.chiebukuro.yahoo.co.jp/qa/question_detail/q13324837748,先日Boss GX-1が届き、iPhone13で録画機能を試そうと思ったのですが、画面がプツプツして電源がうまく入らず録音ができません。 iPhone13にappleの純正カメラアダプタを繋ぎ、そこか...,0,0
1843,2026/2/2 20:02,ドラマ,逃げ恥おたく（16）,8時間21分,0,3,3.0,0,0,0.006,0.0,0.0,0.01,あと3日,https://detail.chiebukuro.yahoo.co.jp/qa/question_detail/q13324837743,恋がしたい恋がしたい恋がしたいについて質問です。 最終話の最後のシーンで、多分みかんちゃんが涼介さんに抱きつく直前の瞬間のカットで終わったと思うんですけど、結局2人は結ばれたのでしょうか？ なぜ毎回あ...,0,0
1845,2026/2/2 20:02,アニメ,1053233851,8時間21分,0,2,2.0,0,0,0.004,0.0,0.0,0.0,あと3日,https://detail.chiebukuro.yahoo.co.jp/qa/question_detail/q13324837468,呪術界戦51話のびっくらぽんの人との鍔迫り合いの時に流れたbgmの名前教えてほしいです。よければその曲のYoutubeのリンクも貼ってほしいです。,0,0
1846,2026/2/2 20:02,大学受験,ce374e1ce,8時間21分,0,33,33.0,0,0,0.066,0.0,0.0,0.07,あと3日,https://detail.chiebukuro.yahoo.co.jp/qa/question_detail/q13324837578,新潟県立大学の判定がベネッセ駿台ではc判定、河合塾でb判定でした。受かると思いますか？ 新潟県立大学生などいましたらこの時期何をしてたかとか2次試験どれくらいとればいいか教えて欲しいです,0,0
1847,2026/2/2 20:02,大学受験,anb********,8時間21分,0,26,26.0,0,0,0.052,0.0,0.0,0.05,あと3日,https://detail.chiebukuro.yahoo.co.jp/qa/question_detail/q13324837533,2023年度の兵庫県立大学の前期国際商経･社会情報･看護学部の英語の大問1、むずくないですか？他の過去問より空所補充で落としました。受けた方いらしたら感想を教えてください,0,0
1848,2026/2/2 20:02,お酒、ドリンク,dic********,8時間21分,1,17,17.0,0,0,0.034,5.88,0.01,0.13,あと3日,https://detail.chiebukuro.yahoo.co.jp/qa/question_detail/q13324837448,ホワイトリカーを使った自家製梅酒を飲んだ時だけ顔が赤くなります。ワインやビールではどれだけ飲んでも変わりなしです。なぜだかわかりますか？,0,0
1849,2026/2/2 20:02,男性アイドル,1252581620,8時間22分,0,7,7.0,0,0,0.014,0.0,0.0,0.01,あと3日,https://detail.chiebukuro.yahoo.co.jp/qa/question_detail/q13324837483,アンビシャスのメンバー人気順皆さん的に教えてください！,0,0
1850,2026/2/2 20:02,話題の人物,非公開,8時間22分,0,5,5.0,0,0,0.01,0.0,0.0,0.01,あと3日,https://detail.chiebukuro.yahoo.co.jp/qa/question_detail/q12324941867,都はるみさんが1984年に突然の引退（3月発表、年内引退）をした理由は、 「普通の娘になりたい」という切実な願いで引退され話題になりましたが？現在は何故発表も無く引退されたんですか？,0,0
1851,2026/2/2 20:02,中国語,aia********,8時間22分,0,2,2.0,0,0,0.004,0.0,0.0,0.0,あと3日,https://detail.chiebukuro.yahoo.co.jp/qa/question_detail/q13324837558,君有疾否について質問です。 新しく発売された簡体字版は本編ノーカットですか,0,0
1852,2026/2/2 20:02,福祉、介護,xz********,8時間22分,5,30,6.0,0,0,0.06,16.67,0.0,0.56,あと3日,https://detail.chiebukuro.yahoo.co.jp/qa/question_detail/q11324941866,関西に住んでいる人は北海道や東北の寒さには耐えれないものでしょうか？,0,0
1853,2026/2/2 20:02,スマホアプリ,ooa********,8時間22分,0,37,37.0,0,0,0.074,0.0,0.0,0.07,あと3日,https://detail.chiebukuro.yahoo.co.jp/qa/question_detail/q13324837353,マイナポータルアプリにマイナンバーカードが追加できません。読み取りのところで読み取れません。 iPhoneSE iOS 26.2.1 カバー外しています どうしたら読み取りできるか教えて下さい。,0,0
1854,2026/2/2 20:02,トレーディングカード,1252748489,8時間22分,0,4,4.0,0,0,0.008,0.0,0.0,0.01,あと3日,https://detail.chiebukuro.yahoo.co.jp/qa/question_detail/q13324837398,デュエマについて パーフェクトイグニッションを使ったバイク以外のデッキはどのようなものがありますか？ また、面白いコンボなどがあったらそれも教えて欲しいです。,0,0
1855,2026/2/2 20:02,ライブ、コンサート,ppppppp,8時間22分,1,90,90.0,0,0,0.179,1.11,0.16,0.28,あと3日,https://detail.chiebukuro.yahoo.co.jp/qa/question_detail/q13324837363,HANAのborn to bloomツアーの京都公演が当たったのですが、顔写真登録やticketboard、LIVE QR PLUSの申し込み等々をすっかり忘れていました。 当選が分かったあと気づいた...,0,0
1856,2026/2/2 20:02,芸能人,c7e55fec8,8時間22分,0,9,9.0,0,0,0.018,0.0,0.0,0.02,あと3日,https://detail.chiebukuro.yahoo.co.jp/qa/question_detail/q13324837388,BABYMONSTERはJPのメンバーシップはないのでしょうか？ WEVERSEにグローバルメンバーシップしか見当たりません。 日本ツアーの時はグローバルメンバーシップに入っていれば、先行受付に参加で...,0,0
1857,2026/2/2 20:02,ライブ、コンサート,1150872686,8時間22分,0,50,50.0,0,0,0.099,0.0,0.0,0.1,あと3日,https://detail.chiebukuro.yahoo.co.jp/qa/question_detail/q13324837328,Twitterやチケジャムでのチケットのお取引の際、本人確認対応可能と書いている方がちらほらいらっしゃいますが、同行者枠などではない親チケ分配や、 顔つき身分証明書必須のイベントなのに書いている場合は...,0,0
1858,2026/2/2 20:02,アニメ、コミック,1150307346,8時間22分,0,23,23.0,0,0,0.046,0.0,0.0,0.05,あと3日,https://detail.chiebukuro.yahoo.co.jp/qa/question_detail/q13324837003,ブルーロックのアニメ3期（ネオエゴ編）から登場するキャラの皆さんの声優さんの予想が聞きたいです。 特に気になって仕方ないのがネスです。 これはなんとなくの私の主観や偏見ですが 山下大輝さん、村瀬歩さん...,0,0
1859,2026/2/2 20:02,資格,へー出る場所,8時間22分,1,13,13.0,0,0,0.026,7.69,0.0,0.13,あと3日,https://detail.chiebukuro.yahoo.co.jp/qa/question_detail/q13324837273,資格で惣菜士資格、鮮魚士資格はどうしたらとれますか？,0,0
1860,2026/2/2 20:02,タブレット端末,dza********,8時間22分,0,8,8.0,0,0,0.016,0.0,0.0,0.02,あと3日,https://detail.chiebukuro.yahoo.co.jp/qa/question_detail/q13324837078,iPadを使った学習をしているのですが、一問一答の既存のPDF教材(見開き左側に問題、右側に答え)を読み込む際にメモしやすいなど、おすすめのアプリなどありますか？,0,0
1861,2026/2/2 20:02,アルバイト、フリーター,1698(25,8時間22分,0,13,13.0,0,0,0.026,0.0,0.0,0.03,あと3日,https://detail.chiebukuro.yahoo.co.jp/qa/question_detail/q13324837283,高校生です。 ジョリーパスタにバイトをしようと気になってるですけどどんな感じなんですかね？キッチン応募予定です。 自分は通信に通っているのでシフトなどは大丈夫だと思います。けど自分は人見知りで飲酒店で...,0,0
1862,2026/2/2 20:02,学校の悩み,1150773937,8時間22分,0,26,26.0,0,0,0.052,0.0,0.0,0.05,あと3日,https://detail.chiebukuro.yahoo.co.jp/qa/question_detail/q13324837298,高三で大学決まった後の自由登校がもうすぐ始まるので学校行かなくていいのですが、その間課題があるのは普通でしょうか？ 卒業は3月1日で、その間2日は登校日があって、課題を出さないといけないのですが、その...,0,0
1863,2026/2/2 20:02,大学受験,yoh********,8時間22分,0,15,15.0,0,0,0.03,0.0,0.0,0.03,あと3日,https://detail.chiebukuro.yahoo.co.jp/qa/question_detail/q13324837213,神奈川県のSTEP学習塾において高3数学クラスで使われているテキストの難易度αβγと、Focus Goldの星の数による難易度表示との、大体の対応が分かる方いませんか？,0,0
1864,2026/2/2 20:02,音楽,bbee5b8f2,8時間22分,0,3,3.0,0,0,0.006,0.0,0.0,0.01,あと3日,https://detail.chiebukuro.yahoo.co.jp/qa/question_detail/q13324837263,岩見拓馬さんの超新星という曲はどこで聴けるのですか？,0,0
1865,2026/2/2 20:02,X（旧Twitter）,1150308388,8時間23分,0,28,28.0,0,0,0.056,0.0,0.0,0.06,あと3日,https://detail.chiebukuro.yahoo.co.jp/qa/question_detail/q13324837053,不思議なことが起きました ずっと総合フォローだったひとをこの前削除しました その後、その人をタグ付けはできないように数週間なりました 最近になってタグがつけれるようになってます ただ別のアカウントでし...,0,0
1866,2026/2/2 20:02,土地,c4b971137,8時間23分,0,28,28.0,0,0,0.056,0.0,0.0,0.06,あと3日,https://detail.chiebukuro.yahoo.co.jp/qa/question_detail/q13324836878,ちょっと雨降っててわかりにくいと思うんですがご了承下さい、次に、やるべきなのは大きい拠点作りですか？それともまだ整地を続けた方がいいですか？それとも今出した2つ以外ですか？,0,0
1867,2026/2/2 20:02,男性アイドル,R0827,8時間23分,0,4,4.0,0,0,0.008,0.0,0.0,0.01,あと3日,https://detail.chiebukuro.yahoo.co.jp/qa/question_detail/q13324836893,逆に誰？ ACEes 那須雄登は写真のように耳に付けているのは、イヤリングですか？,0,0
1868,2026/2/2 20:02,大学受験,c20205d79,8時間23分,0,103,103.0,2,0,0.205,0.0,0.0,0.6,あと3日,https://detail.chiebukuro.yahoo.co.jp/qa/question_detail/q13324836898,富山大学の人文学部を学校推薦型選抜で受験しました。共テでは国英社7.1割でした。例年のボーダー的に合格の可能性はどのくらいありますか？比較するデータがないので不安です。,0,0
1869,2026/2/2 20:02,大学受験,あいつ,8時間23分,0,13,13.0,0,0,0.026,0.0,0.0,0.03,あと3日,https://detail.chiebukuro.yahoo.co.jp/qa/question_detail/q13324836933,数研出版のメジアン数学演習Ⅰ・Ⅱ・A・Ｂの難易度は、数学を共通テストまでしか使わない文系にとって適当ですか？ チェック、A問題、B問題のどのレベルまで解ければ良いでしょうか？,0,0
1870,2026/2/2 20:02,プロレス,a61dba01a,8時間23分,0,5,5.0,0,0,0.01,0.0,0.0,0.01,あと3日,https://detail.chiebukuro.yahoo.co.jp/qa/question_detail/q10324941865,プロレスDDTチケット購入について質問です。 会場で次のチケットを購入したい場合、 〇月〇日で南側、前方とか何列目など自分で選べますか？ ただたんにA席とか大まかな指定しか出来ないのでしょうか、買い方...,0,0
1871,2026/2/2 20:02,大学受験,ae7a38675,8時間23分,0,33,33.0,0,0,0.066,0.0,0.0,0.07,あと3日,https://detail.chiebukuro.yahoo.co.jp/qa/question_detail/q13324836858,高３ 国公立理系志望 自分は都立大の機械システム工学科を志望しており、共テリサーチではA判定が出ていました しかし、二次試験に自信がなく、出願するかどうか踏ん切りがつきません もう少し安全圏の学科に出...,0,0
1872,2026/2/2 20:02,ゲーム,1252891916,8時間23分,1,18,18.0,0,0,0.036,5.56,0.01,0.13,あと3日,https://detail.chiebukuro.yahoo.co.jp/qa/question_detail/q13324836483,war thunderで質問です 日本ツリーはF2AアメリカはF15Eなど結構頑張って進めたのですが今だにキルが安定せずストレスが溜まります 特にfox3の避け方が全くわからずイライラがやばいです ノ...,0,0
1873,2026/2/2 20:02,大学受験,a587ce7a8,8時間23分,1,29,29.0,1,0,0.058,3.45,0.02,0.35,あと3日,https://detail.chiebukuro.yahoo.co.jp/qa/question_detail/q13324836698,受験生です。 立教の社会学部社会学科と文学部英米文学科に出願しました。 cseスコアは2475です。 国語と日本史でどの程度取ればいいか目安がわかる方がいれば教えていただきたいです。,0,0
1874,2026/2/2 20:02,海外サッカー,c554f8f57,8時間23分,1,14,14.0,0,0,0.028,7.14,0.0,0.13,不明,https://detail.chiebukuro.yahoo.co.jp/qa/question_detail/q14324941864,フローレスとはなんですか,0,0
1875,2026/2/2 20:02,自動車,ajg********,8時間23分,3,24,8.0,0,0,0.048,12.5,0.0,0.34,あと3日,https://detail.chiebukuro.yahoo.co.jp/qa/question_detail/q13324941863,リッター13.0のノートなのですか、給油ランプ点灯して残り40kmと表示されたのですがどれくらい走れますか？70kmくらいはいけますかね？,0,0
1876,2026/2/2 20:02,ゲーム,1150841444,8時間23分,0,5,5.0,0,0,0.01,0.0,0.0,0.01,あと3日,https://detail.chiebukuro.yahoo.co.jp/qa/question_detail/q13324836518,初代ヴヴヴの有利切断後の挙動についてお聞きしたいのですが、絶対に超革命まで行かないモードってありますよね？ 勿論引き弱と言われればそれまでなのですが…,0,0
1877,2026/2/2 20:02,ゲーム,しゅん,8時間23分,0,28,28.0,1,0,0.056,0.0,0.0,0.25,あと3日,https://detail.chiebukuro.yahoo.co.jp/qa/question_detail/q13324836508,ダダサバイバーについてです。僕はダダサバイバー初めて10日目の初心者です。s級セレクトパックを3個ゲットしたんですけど、何を選べば良いのでしょうか。 あと、強くなるためにするべきことがありましたら、教...,0,0
1878,2026/2/2 20:02,大学受験,1152147570,8時間23分,0,4,4.0,0,0,0.008,0.0,0.0,0.01,あと3日,https://detail.chiebukuro.yahoo.co.jp/qa/question_detail/q11324941861,畿央大学の公募推薦入試の英語、国語の各問題ごとの配点を知りたくて プレテストに行けてないので知りたいです。,0,0
1879,2026/2/2 20:02,レディース腕時計、アクセサリー,1150088905,8時間23分,1,20,20.0,0,0,0.04,5.0,0.01,0.14,あと3日,https://detail.chiebukuro.yahoo.co.jp/qa/question_detail/q13324836373,友達のお誕生日にアクセサリーが欲しいと言われ、去年はネックレスをプレゼントし、本人がブレスレットを持っていない為ブレスレットにしようかと考えたのですが、 Pandoraのブレスレットはプレゼントして喜...,0,0
1880,2026/2/2 20:02,大学受験,c66f8cfc,8時間24分,0,21,21.0,0,0,0.042,0.0,0.0,0.04,あと3日,https://detail.chiebukuro.yahoo.co.jp/qa/question_detail/q13324836393,日本大学 スポーツ学部 英検2級もってたら 国語 日本史何割くらいで受かりますか？,0,0
1881,2026/2/2 20:02,ゲーム,ba057579,8時間24分,0,21,21.0,0,0,0.042,0.0,0.0,0.04,あと3日,https://detail.chiebukuro.yahoo.co.jp/qa/question_detail/q13324836403,ポケコロツインのアクセサリー上限が知りたいです。 アクセサリー上限8のキララコレクションのアクセサリー装着数+1で最大9までなのでしょうか？凄く知りたいです。よろしくお願い致します,0,0
1882,2026/2/2 20:02,アニメ、コミック,月猫,8時間24分,0,7,7.0,0,0,0.014,0.0,0.0,0.01,あと3日,https://detail.chiebukuro.yahoo.co.jp/qa/question_detail/q13324836368,文ストで、黒の時代の時の五大幹部のメンバーは誰だったかって公式で明言されていましたか？ ご存知でしたら教えてください。,0,0
1883,2026/2/2 20:02,病気、症状,1051387513,8時間24分,0,13,13.0,0,0,0.026,0.0,0.0,0.03,あと3日,https://detail.chiebukuro.yahoo.co.jp/qa/question_detail/q13324836263,インフルAになってから咳がひどく、かれこれ1ヶ月経ちましたがいまだになおりません。又熱がずっと微熱37.0〜38.0台を彷徨ってます。 レントゲンとっても肺炎ではないそうです。 何か他の病気考えられま...,0,0
1884,2026/2/2 20:02,プレイステーション4,なおきんぐ,8時間24分,0,4,4.0,0,0,0.008,0.0,0.0,0.01,あと3日,https://detail.chiebukuro.yahoo.co.jp/qa/question_detail/q13324836318,elgato hd60xを購入してps5をobsで映したいんですが画像の画面のまま映りません！ HDCPはオフにしてます。 モニターには映ります。 再起動かけてます。 他にどんな原因がありますか？,0,0
1885,2026/2/2 20:02,スマホアプリ,めしだ,8時間24分,0,29,29.0,0,0,0.057,0.0,0.0,0.06,あと3日,https://detail.chiebukuro.yahoo.co.jp/qa/question_detail/q13324836253,この「フェアリーガラIF」というイベントは、その前のレオナのフェアリーガラのイベストを読んでいないと話が分からない感じでしょうか？,0,0
1886,2026/2/2 20:02,ゲーム,mt5********,8時間24分,0,10,10.0,0,0,0.02,0.0,0.0,0.02,あと3日,https://detail.chiebukuro.yahoo.co.jp/qa/question_detail/q13324836183,アポカリプスにどの編成で挑戦すればいいか有識者にお聞きしたいです！ フレ枠にクレオパトラの予定です,0,0
1887,2026/2/2 20:02,コミック,1251563087,8時間24分,0,3,3.0,0,0,0.006,0.0,0.0,0.01,あと3日,https://detail.chiebukuro.yahoo.co.jp/qa/question_detail/q13324836233,セーラームーン新装版の質問です。 デスバスターズ編は何巻に記載されてますか？,0,0
1888,2026/2/2 20:02,ピアス,bbec21199,8時間24分,1,30,30.0,0,0,0.059,3.33,0.02,0.16,あと3日,https://detail.chiebukuro.yahoo.co.jp/qa/question_detail/q13324836143,ピアスについてです 正月にピアスを2連で開けたのですが、下のピアスだけ耳たぶが分厚すぎてずっと安定しません。 この間手が当たってピアスが取れてしまいすぐ入れ直したのですが、10秒程で膜ができてしまい痛...,0,0
1889,2026/2/2 20:02,音楽,みる,8時間24分,0,26,26.0,0,0,0.052,0.0,0.0,0.05,あと3日,https://detail.chiebukuro.yahoo.co.jp/qa/question_detail/q13324836198,学校の給食時間に流れてたらセンス良いなってなる曲教えてください,0,0
1890,2026/2/2 20:02,観光地、行楽地,わおん,8時間24分,1,20,20.0,0,1,0.04,5.0,0.01,0.2,あと3日,https://detail.chiebukuro.yahoo.co.jp/qa/question_detail/q13324836173,首都圏から山陰地方に行くツアーはオススメありますか？大人3名でいくのですが、2名1室のツアーが多く困っています,0,0
1891,2026/2/2 20:02,男性アイドル,さくふぁむ！,8時間24分,0,10,10.0,1,0,0.02,0.0,0.0,0.22,あと3日,https://detail.chiebukuro.yahoo.co.jp/qa/question_detail/q13324836068,ファンサうちわはホログラムが禁止なのは分かりますが、ラメ入ってる系のシールもダメなんですか？,0,0
1892,2026/2/2 20:02,携帯型ゲーム全般,にひひ,8時間24分,0,3,3.0,0,0,0.006,0.0,0.0,0.01,あと3日,https://detail.chiebukuro.yahoo.co.jp/qa/question_detail/q13324835853,激レアスキンであるスターシェリーがソロバトで大量発生しているのはなぜですか？,0,0
1893,2026/2/2 20:02,ゲーム,1253275688,8時間24分,0,10,10.0,0,0,0.02,0.0,0.0,0.02,あと3日,https://detail.chiebukuro.yahoo.co.jp/qa/question_detail/q13324835913,swich版ow2についての質問です。タイトル画面で開始を押したら「ログインエラー」「ゲーム、サーバーに接続できませんでした。後ほどお試しください。」と出てきます。 だいぶ時間経ってるのに改善されませ...,0,0
1894,2026/2/2 20:02,ポケットモンスター,1150722816,8時間24分,0,27,27.0,0,0,0.053,0.0,0.0,0.05,あと3日,https://detail.chiebukuro.yahoo.co.jp/qa/question_detail/q13324836123,ポケカの大会、競技、デッキ構築について質問です。 みなさん的な、ポケカの、『スタン落ち』以外のデメリットは何ですか？？,0,0
1895,2026/2/2 20:02,携帯型ゲーム全般,1053132535,8時間25分,0,11,11.0,0,0,0.022,0.0,0.0,0.02,あと3日,https://detail.chiebukuro.yahoo.co.jp/qa/question_detail/q13324835818,妖怪ウォッチぷにぷにで、新端末にデータを移行したいと考えています。 ですが、今の端末のLevel5 IDのメールアドレスが分かりません。 どうすれば移行出来るのでしょうか。,0,0
1896,2026/2/2 20:02,オンラインゲーム,みなみ,8時間25分,0,13,13.0,0,0,0.026,0.0,0.0,0.03,あと3日,https://detail.chiebukuro.yahoo.co.jp/qa/question_detail/q13324836078,ゲームについての質問です。 フォートナイトで大会の条件は満たしているのに準備OKを押すと、マッチメイキングエラー#2って言うのが出てきます。再起動したり、モードを変えてまた戻したりしたんですけど、治り...,0,0
1897,2026/2/2 20:02,目の病気,aza********,8時間25分,0,11,11.0,0,0,0.022,0.0,0.0,0.02,あと3日,https://detail.chiebukuro.yahoo.co.jp/qa/question_detail/q13324835898,花粉症状(目)について 目が乾く、ヒリヒリする、多少の痒み？、しょぼしょぼする。 乾く症状が一番強いです。 ドライアイなので定期的に眼科にいってドライアイの点眼はもらって毎日点眼してます。 いつものド...,0,0
1898,2026/2/2 20:02,この仕事教えて,num********,8時間25分,0,13,13.0,0,0,0.026,0.0,0.0,0.03,あと3日,https://detail.chiebukuro.yahoo.co.jp/qa/question_detail/q13324835793,自動車学校併設の整備工場に勤務経験のある方に質問です。 現在他の整備工場で整備士として働いていますが自動車学校の整備工場の求人を発見し、転職を考えています。 が、給料が18万〜18万となっており、資格...,0,0
1899,2026/2/2 20:02,インターネットショッピング,1152702072,8時間25分,2,13,6.5,0,0,0.026,15.38,0.0,0.22,あと3日,https://detail.chiebukuro.yahoo.co.jp/qa/question_detail/q14324941859,アイラボ詐欺について質問です。 SNSでカバンを見ていて登録してやっぱりやめたで放置していた買い物があり、それが来てしまったと思い代引き現金のみだったので家にあるお金かき集め払ってしまいました。130...,0,0
1900,2026/2/2 20:02,インターネット接続,c2fea0179,8時間25分,1,13,13.0,0,0,0.026,7.69,0.0,0.12,あと3日,https://detail.chiebukuro.yahoo.co.jp/qa/question_detail/q13324941858,楽天Casaの接続方法について質問です。 ルーターから楽天カーサまでLANケーブルを直接配線できないため、 コンセントLAN（PLCアダプタ）を使って有線接続することを検討しています。 楽天カーサはP...,0,0
1901,2026/2/2 20:02,病院、検査,a6b48f42d,8時間25分,1,36,36.0,0,0,0.071,2.78,0.03,0.17,不明,https://detail.chiebukuro.yahoo.co.jp/qa/question_detail/q12324941857,健康診断(脂質代謝検査)について 一昨年、昨年とA判定が今回C判定となりました。 数値的に見ても基準の範囲内かと思ったのですが、どれが悪いのかわからなくて質問させていただきました。 一昨年 HDL 7...,0,0
1902,2026/2/2 20:02,芸能人,奇跡のあたりめ,8時間25分,0,5,5.0,0,0,0.01,0.0,0.0,0.01,あと3日,https://detail.chiebukuro.yahoo.co.jp/qa/question_detail/q11324941856,今より平成のアイドル達の方が顔面偏差値が圧倒的に高いと思うのですが、なぜここまで違いがあるのですか？ 平成のジャニーズやモー娘などの顔の良さは今にはないなと感じてしまいます。 （私は令和世代の人間です...,0,0
1903,2026/2/2 20:02,メンズ全般,a9e87469,8時間25分,0,4,4.0,0,0,0.008,0.0,0.0,0.01,あと3日,https://detail.chiebukuro.yahoo.co.jp/qa/question_detail/q10324941855,この帽子のブランドわかる方教えて下さると幸いですm(_ _)m,0,0
1904,2026/2/2 20:02,観光地、行楽地,c3bdb766e,8時間25分,3,18,6.0,0,0,0.036,16.67,0.0,0.33,あと3日,https://detail.chiebukuro.yahoo.co.jp/qa/question_detail/q13324941853,今月の三連休（2月21日、22日、23日）に山形県の蔵王に行く予定ですがそれまで樹氷は残ってますか?,0,0
1905,2026/2/2 20:02,メルカリ,gia********,8時間25分,5,31,6.2,0,1,0.061,16.13,0.0,0.61,あと3日,https://detail.chiebukuro.yahoo.co.jp/qa/question_detail/q12324941852,メルカリで売れた物をゆうゆうメルカリ便で送りたいのですが、サイズが60-100の物で、ダンボールでなく、手持ちの袋(ショップ袋)に入れて発送は可能ですか？サイズは店員さんが測ってくれるのでしょうか？ ...,0,0
1907,2026/2/2 20:02,邦楽,1151177139,8時間25分,0,13,13.0,0,0,0.026,0.0,0.0,0.03,あと3日,https://detail.chiebukuro.yahoo.co.jp/qa/question_detail/q10324941850,髭男について 数年前から有名曲のサビくらいは知ってましたが、最近仲のいい友達の影響で色んな曲を聞くようになってます そこで、恋の去り際とゼロのままでいられたらのライブバージョン聞きたいんですけど調べて...,0,0
1908,2026/2/2 20:02,インターネットショッピング,ae6a404f8,8時間25分,1,7,7.0,0,0,0.014,14.29,0.0,0.11,あと3日,https://detail.chiebukuro.yahoo.co.jp/qa/question_detail/q14324941849,ZOZOTOWNの午前中配達は何時ごろ来ますか？,0,0
1909,2026/2/2 20:02,iPhone,わあ,8時間25分,0,9,9.0,0,0,0.018,0.0,0.0,0.02,あと3日,https://detail.chiebukuro.yahoo.co.jp/qa/question_detail/q12324837782,iPhone SEのカメラカバーについて セリアでスマホのカメラにつけるラインストーンが売っていたため購入して装着したいと考えました。 しかし棚をくまなく見てもSE用のラインストーンが売っていなかった...,0,0
1910,2026/2/2 20:02,ヘアスタイル,らう,8時間25分,0,13,13.0,0,0,0.026,0.0,0.0,0.03,あと3日,https://detail.chiebukuro.yahoo.co.jp/qa/question_detail/q13324835728,SHEINで取り外しできるエクステのようなものを購入したのですが、これってアイロンで巻いたりしても良いのでしょうか？ あと、水で洗って普通のエクステのように扱っていいのでしょうか？ 詳しい方がいたら教...,0,0
1911,2026/2/2 20:02,国内,ちゃねーふけ,8時間25分,3,26,8.7,0,0,0.051,11.54,0.0,0.35,あと3日,https://detail.chiebukuro.yahoo.co.jp/qa/question_detail/q12324941847,沖縄県民は冬でも半袖ですか？,0,0
1912,2026/2/2 20:02,洋楽,85378,8時間26分,0,7,7.0,0,0,0.014,0.0,0.0,0.01,あと3日,https://detail.chiebukuro.yahoo.co.jp/qa/question_detail/q12324837532,X 1rakの昔の曲ってどっか載ってないですか？ uninteresting以外で,0,0
1913,2026/2/2 20:02,インターネットショッピング,cdf23f756,8時間26分,0,15,15.0,0,0,0.03,0.0,0.0,0.03,あと3日,https://detail.chiebukuro.yahoo.co.jp/qa/question_detail/q12324837517,GRLの返品方法についてです。 支払い方法や、家に荷物が届くまでの流れはSHEINと同じようなものだと思っていました。 ですが、支払う前に届いたため困惑しています。 私の確認不足というのもそうなのです...,0,0
1914,2026/2/2 20:02,ファッション,1152956922,8時間26分,0,16,16.0,0,0,0.032,0.0,0.0,0.03,あと3日,https://detail.chiebukuro.yahoo.co.jp/qa/question_detail/q12324837682,scuffersというブランドの服は何日頃で届きますか？,0,0
1915,2026/2/2 20:02,携帯型ゲーム全般,ioy********,8時間26分,0,11,11.0,0,0,0.022,0.0,0.0,0.02,あと3日,https://detail.chiebukuro.yahoo.co.jp/qa/question_detail/q12324837627,ヨォーヨ、又は綺良々を使った編成を組みたいのですが、これらの中だとどのキャラと組ませるのが良いですか？ヨォーヨと綺良々はこれからつよくします！ あんまりキャラを持っていないのですが、良ければ教えて欲し...,0,0
1916,2026/2/2 20:02,ニキビケア,ニモ,8時間26分,1,16,16.0,0,0,0.032,6.25,0.01,0.13,あと3日,https://detail.chiebukuro.yahoo.co.jp/qa/question_detail/q11324941846,顎にニキビができやすい原因はなにかありますか？ 頬やおでこには出来ないのに、ニキビができたときは必ず顎です。 なにか私生活の行動が原因だったら直したいのでアドバイスお願いします。,0,0
1917,2026/2/2 20:02,皮膚の病気、アトピー,あ,8時間26分,0,3,3.0,0,0,0.006,0.0,0.0,0.01,あと3日,https://detail.chiebukuro.yahoo.co.jp/qa/question_detail/q10324941845,急に眉間~おでこあたりの皮膚が赤っぽくなりました。剃り跡も近くで見ると目立つ気がします。元々毛が濃いので抜いたりしてるのですが良くないのでしょうか？,0,0
1918,2026/2/2 20:02,コミック,ca865f806,8時間26分,0,18,18.0,2,0,0.036,0.0,0.0,0.43,あと3日,https://detail.chiebukuro.yahoo.co.jp/qa/question_detail/q12324837772,昔読んだマンガの名前を知りたいです。 なにかのアプリで読んだおじさんが女の子に転生するお話です。色んな女の子に好かれていたような気がします。確かフルカラーです。 女の子の口調におじさん感が残っていまし...,0,0
1919,2026/2/2 20:02,メルカリ,り,8時間26分,0,42,42.0,0,0,0.083,0.0,0.0,0.08,あと3日,https://detail.chiebukuro.yahoo.co.jp/qa/question_detail/q12324837697,メルカリの安心鑑定なのですが、専用などの真っ白の画面でも鑑定して貰えるのでしょうか？商品のタイトルにバッグとあり、ブランド物のバッグを買ったのですが、出品者が横取り防止のために画像を変えました。 内容...,0,0
1920,2026/2/2 20:02,カスタマイズ,nan********,8時間26分,0,12,12.0,0,0,0.024,0.0,0.0,0.02,あと3日,https://detail.chiebukuro.yahoo.co.jp/qa/question_detail/q12324837282,ヨコハマアイスガード8のゴムが結構固め、ダンロップウィンターマックス03よりも固いように思えましたが、それでもブリザックの次によく効くのでしょうか？,0,0
1921,2026/2/2 20:02,バラエティ、お笑い,xnt********,8時間26分,0,6,6.0,0,0,0.012,0.0,0.0,0.01,あと3日,https://detail.chiebukuro.yahoo.co.jp/qa/question_detail/q12324837352,フジテレビの『ぽかぽか』で ハライチ2人と神田さんの浮世絵？歌舞伎絵？みたいなのが スタジオに飾られてますが誰が描いて渡したか分かる方いらっしゃいますか？,0,0
1922,2026/2/2 20:02,電子マネー、電子決済,c3979a3ef,8時間26分,0,10,10.0,0,0,0.02,0.0,0.0,0.02,あと3日,https://detail.chiebukuro.yahoo.co.jp/qa/question_detail/q12324837297,なんばマルイTREASUREのポップアップに行く予定なのですがQUICPayなどの電子マネーで支払いは出来るのでしょうか？？,0,0
1923,2026/2/2 20:02,合唱、声楽,1151477505,8時間26分,0,5,5.0,0,0,0.01,0.0,0.0,0.01,あと3日,https://detail.chiebukuro.yahoo.co.jp/qa/question_detail/q12324837312,千葉県立幕張総合高等学校のyoutubeにあった楓の合唱のパート練習用の音源はありますか？,0,0
1924,2026/2/2 20:02,おもちゃ,b401085cf,8時間26分,0,4,4.0,0,0,0.008,0.0,0.0,0.01,あと3日,https://detail.chiebukuro.yahoo.co.jp/qa/question_detail/q12324837397,うさまるなんかへん？シリーズは今後再販される可能性はあるのでしょうか？ ポテチ食べてる子が可愛すぎて欲しかったんですけど売り切れてしまい…諦めきれないのでどなたか教えて欲しいです！！！,0,0
1925,2026/2/2 20:02,フィギュアスケート,**********,8時間26分,0,28,28.0,2,0,0.055,0.0,0.0,0.45,あと3日,https://detail.chiebukuro.yahoo.co.jp/qa/question_detail/q14324941844,中島健人君がフィギュアスケーターの羽生結弦君を大絶賛しています。 https://news.yahoo.co.jp/articles/d65fc988ca4d091650f3c9d207d6c6e49...,0,0
1926,2026/2/2 20:02,美容整形,そば,8時間26分,0,9,9.0,0,0,0.018,0.0,0.0,0.02,あと3日,https://detail.chiebukuro.yahoo.co.jp/qa/question_detail/q12324837202,マツパについての質問です。 先日マツパに行きました。かけ直しで行ったのですが1ヶ月半前にいった時は１時間ほどの施術だったのですが先日行った際は30分程で終わりました。まつ毛の状態によって施術時間は大幅...,0,0
1927,2026/2/2 20:02,バレーボール,iww********,8時間27分,0,45,45.0,0,0,0.089,0.0,0.0,0.09,あと3日,https://detail.chiebukuro.yahoo.co.jp/qa/question_detail/q12324837217,高校男子バレーだと全国レベルで、 最高到達点が330cmくらい、 345くらいあると大会No.1の最高到達点になるぐらいですが 高校バスケはどうでしょうか？ バレーと同じような最高到達点ですか？ ちな...,0,0
1928,2026/2/2 20:02,イベント、フェス,muk********,8時間27分,0,7,7.0,0,0,0.014,0.0,0.0,0.01,あと3日,https://detail.chiebukuro.yahoo.co.jp/qa/question_detail/q12324837162,hololivefesEXPO26のエキスポのチケットはあるのですが、ライブパートのフェスのチケットは未所持です。 観覧出来るモニターなどは会場に設置されたりとかはありますか? やはりライブのチケット...,0,0
1929,2026/2/2 20:02,消費者問題,1151091379,8時間27分,0,18,18.0,0,0,0.035,0.0,0.0,0.04,あと3日,https://detail.chiebukuro.yahoo.co.jp/qa/question_detail/q12324837107,駐車場料金の請求について質問です。 例えば5000円2月請求(3月分) というのは次の月分を先に払うということでしょうか？,0,0
1930,2026/2/2 20:02,英語,れん,8時間27分,0,8,8.0,0,0,0.016,0.0,0.0,0.02,あと3日,https://detail.chiebukuro.yahoo.co.jp/qa/question_detail/q12324837192,シス単ベーシックのミニマルフレーズは全ての単語のやつをおぼえるべきですか？ 自分は単語の意味を知ってからミニマルフレーズを覚えています。,0,0
1931,2026/2/2 20:02,Amazon,jtmpdjamug,8時間27分,0,7,7.0,0,0,0.014,0.0,0.0,0.01,あと3日,https://detail.chiebukuro.yahoo.co.jp/qa/question_detail/q12324836882,埼玉県南部エリア(戸田、新座、上尾、川口)でAmazonフレックスやられてる方へ質問です。 平日土日祝問わず朝からのオファーは出ており普通に取れますか？ また一番取りづらいオファーの時間帯はどこらへん...,0,0
1932,2026/2/2 20:02,LINE,名無し,8時間27分,1,4,4.0,0,0,0.008,25.0,0.0,0.11,あと3日,https://detail.chiebukuro.yahoo.co.jp/qa/question_detail/q13324941843,LINE前まで好きなマークキノコみたいなんをそれだけ送るとスタンプみたいに大きな絵文字になってたと思うんですが今はできなくなってしまったんですか？,0,0
1933,2026/2/2 20:02,大学受験,cd9340e37,8時間27分,0,98,98.0,0,0,0.193,0.0,0.0,0.19,あと3日,https://detail.chiebukuro.yahoo.co.jp/qa/question_detail/q12324836927,今年、東京電機大学 夜間 工学部 電気電子工学科を受験予定です。今年はどのくらい取れればいいか教えて欲しいです。 過去3年の合格最低点と倍率は以下の通りです。 ・2025年度：合格最低点 85点、倍率...,0,0
1934,2026/2/2 20:02,デンタルケア,cb09f40e8,8時間27分,0,3,3.0,0,0,0.006,0.0,0.0,0.01,あと3日,https://detail.chiebukuro.yahoo.co.jp/qa/question_detail/q12324836872,大同の矯正機を扱ってる方いますか？材料の入りの時だけ圧下が上がるのはなぜでしょうか？,0,0
1935,2026/2/2 20:02,おもちゃ,1250459896,8時間27分,0,21,21.0,0,0,0.041,0.0,0.0,0.04,あと3日,https://detail.chiebukuro.yahoo.co.jp/qa/question_detail/q12324836832,このぬいぐるみはなんですか？ なんのシリーズか気になります。,0,0
1936,2026/2/2 20:02,政治、社会問題,osa********,8時間27分,0,3,3.0,0,0,0.006,0.0,0.0,0.01,あと3日,https://detail.chiebukuro.yahoo.co.jp/qa/question_detail/q12324836737,今回の総選挙で隆一チルドレンと言われる議員はどれくらい生まれそうですか？30人ぐらいですか？,0,0
1937,2026/2/2 20:02,アニメ,ad0e3c56a,8時間27分,0,21,21.0,0,0,0.041,0.0,0.0,0.04,あと3日,https://detail.chiebukuro.yahoo.co.jp/qa/question_detail/q12324836432,質問です！ 小さい頃、忍たま乱太郎のテレビ放送で、しんべえと八方斎の回を見ました。しんべえが八方斎らしき何かに追われるという話だったのですが、ススキで覆われた草原の中で、「八方斎、八方斎、あっちもこっ...,0,0
1938,2026/2/2 20:02,オークション、フリマサービス,sjq********,8時間27分,0,16,16.0,0,0,0.032,0.0,0.0,0.03,あと3日,https://detail.chiebukuro.yahoo.co.jp/qa/question_detail/q12324836402,ローソンチケットはコピーすると コピーとはっきりわかるのでしょうか？ ネットのフリマで購入し、手元チケットはコピーすると文字がでてきません。,0,0
1939,2026/2/2 20:02,読書,James1950s,8時間27分,0,6,6.0,0,0,0.012,0.0,0.0,0.01,あと3日,https://detail.chiebukuro.yahoo.co.jp/qa/question_detail/q12324836522,柏井壽 『京都つばきタクシー』 この書籍はおすすめでしょうか?,0,0
1940,2026/2/2 20:02,トレーニング,1152076926,8時間27分,0,14,14.0,0,0,0.028,0.0,0.0,0.03,あと3日,https://detail.chiebukuro.yahoo.co.jp/qa/question_detail/q12324836472,至急！エクスプロージョンの3kgのプロテインを買おうと思っているのですが、味が美味しくてダマにならない味教えて欲しいです。 チョコレートは飽きてしまい、ブラッドオレンジは購入した時のダマ多すぎたのでそ...,0,0
1941,2026/2/2 20:02,メイク、コスメ,c99407e89,8時間27分,0,3,3.0,0,0,0.006,0.0,0.0,0.01,あと3日,https://detail.chiebukuro.yahoo.co.jp/qa/question_detail/q12324836457,京都でおすすめの眉サロン教えてください。 初めてで、男です。,0,0
1942,2026/2/2 20:02,運転免許,1252633742,8時間27分,0,6,6.0,0,0,0.012,0.0,0.0,0.01,あと3日,https://detail.chiebukuro.yahoo.co.jp/qa/question_detail/q12324836017,コヤマドライビングスクールの予約制度について。キディコースで申し込んだのですが8日以上先の予約をアプリから何個も取れるんですけど何かおかしいですか？,0,0
1943,2026/2/2 20:02,病気、症状,1150318489,8時間28分,0,7,7.0,0,0,0.014,0.0,0.0,0.01,あと3日,https://detail.chiebukuro.yahoo.co.jp/qa/question_detail/q12324836137,去年12月頃から足裏に汗かくようになってしまいました それまで全くなかったのに急にです 蒸れて臭くなるし、しっとりした感じもほんとうに不快です 何か対策はありますか？ 一応もともと末端冷え性です,0,0
1944,2026/2/2 20:02,コスプレ,みみ,8時間28分,0,36,36.0,0,0,0.071,0.0,0.0,0.07,あと3日,https://detail.chiebukuro.yahoo.co.jp/qa/question_detail/q12324836107,アコスタのcdefについて質問です。 応募しようと思っているのですが、大体倍率はどのくらいなのでしょうか？少しでもわかる方いらっしゃいましたら教えて下さると幸いです。,0,0
1945,2026/2/2 20:02,メンタルヘルス,翔平0518,8時間28分,1,49,49.0,0,0,0.096,2.04,0.05,0.19,不明,https://detail.chiebukuro.yahoo.co.jp/qa/question_detail/q12324941842,一度しか行かなかった精神科の医者が3月に変わるんですがどう思いますか？一年半以上の間で親だけ薬を取りに行ってました。,0,0
1946,2026/2/2 20:02,大学受験,1253050076,8時間28分,0,79,79.0,0,0,0.155,0.0,0.0,0.16,あと3日,https://detail.chiebukuro.yahoo.co.jp/qa/question_detail/q12324836247,近畿大学の一般入試A日程を受けました。 素点が189点だったのですが、落ちてしまいますかね？？ 総合社会学部志望です。去年の最低点は182点でした。,0,0
1947,2026/2/2 20:02,恋愛相談、人間関係の悩み,むじるし,8時間28分,0,12,12.0,0,0,0.024,0.0,0.0,0.02,あと3日,https://detail.chiebukuro.yahoo.co.jp/qa/question_detail/q12324835937,30代男性、香水や美容が好きな人に ぜひ答えて欲しいんですけど バレンタインどちらかで迷ってます ①イソップの香水セット 香水はかなり好き、なので色々持ってはいるかも ②オールインワン＋今治のハンカチ...,0,0
1948,2026/2/2 20:02,日用品、生活雑貨,bas********,8時間28分,0,19,19.0,0,0,0.037,0.0,0.0,0.04,あと3日,https://detail.chiebukuro.yahoo.co.jp/qa/question_detail/q12324835957,耳栓について質問です。 工場で仕事中に付ける耳栓を探してるのですが基本的に音を下げる為に耳の穴に突っ込むタイプの耳栓がメインだとは思いますが耳にゴミや粉塵が入らなければ良いだけの耳栓を探しています。 ...,0,0
1949,2026/2/2 20:02,iPhone,1252152623,8時間28分,0,14,14.0,0,0,0.028,0.0,0.0,0.03,あと3日,https://detail.chiebukuro.yahoo.co.jp/qa/question_detail/q12324835902,pico sweetと言う、画像アプリと似たようなアプリを教えて下さい。 iPhoneをバージョンアップしたら、利用出来なくなりましたので…。 正方形です。,0,0
1950,2026/2/2 20:02,英語,cbb99cf5d,8時間28分,1,26,26.0,0,0,0.051,3.85,0.01,0.15,あと3日,https://detail.chiebukuro.yahoo.co.jp/qa/question_detail/q12324835802,英検準二級の一次を受けたのですが、自己採点でリーディング19点、リスニング14点、ライティングはチャッピーいわく19点だそうです。受かると思いますか？,0,0
1951,2026/2/2 20:02,恋愛相談、人間関係の悩み,にんじん,8時間28分,0,9,9.0,0,0,0.018,0.0,0.0,0.02,あと3日,https://detail.chiebukuro.yahoo.co.jp/qa/question_detail/q12324835822,誰かに何かを頼む時、あの言い方人によって解釈分かれるななどと思った時に相手にどういう風に解釈をしているか聞きますか？ もし聞くならどういう風に聞くか教えてください,0,0
1952,2026/2/2 20:02,家族関係の悩み,1153255434,8時間28分,2,24,12.0,0,0,0.047,8.33,0.01,0.24,あと3日,https://detail.chiebukuro.yahoo.co.jp/qa/question_detail/q11324941841,他人に口出しをしない、他人を褒めるということは難しいことなんですか？ お母さんに「何でできないんだろうね？」「別に当たり前の事だけどね」と言うのをやめてと言ったら、 「じゃあお母さんが我慢しろって事？...,0,0
1953,2026/2/2 20:02,格闘技、武術全般,sak********,8時間28分,0,4,4.0,0,0,0.008,0.0,0.0,0.01,あと3日,https://detail.chiebukuro.yahoo.co.jp/qa/question_detail/q10324941840,弓の購入を迷っています。 直心2グラかバンブー。 引き分けが柔らかく、弓の復元力が比較的優しいのはどちらでしょうか？,0,0
1954,2026/2/2 20:02,家族関係の悩み,b1e0f66bc,8時間28分,1,16,16.0,0,0,0.031,6.25,0.0,0.13,あと3日,https://detail.chiebukuro.yahoo.co.jp/qa/question_detail/q13324941838,育休中は専業主婦扱いですか？,0,0
1955,2026/2/2 20:02,ギャンブル,ひまり,8時間28分,0,1,1.0,0,0,0.002,0.0,0.0,0.0,あと3日,https://detail.chiebukuro.yahoo.co.jp/qa/question_detail/q14324941839,ギャン！！ギャン！！いわして、 ((ブルッ))と、きたことありませんか？,0,0
1956,2026/2/2 20:02,大学受験,1250750333,8時間28分,0,24,24.0,0,0,0.047,0.0,0.0,0.05,あと3日,https://detail.chiebukuro.yahoo.co.jp/qa/question_detail/q12324835727,関西大学共テ併用で 共テ R91 L68 現代文94でした。 一般の英語で何点取ればボーダー圏内でしょつか？安全圏も詳しい方いらっしゃいましたら教えて頂きたいです。 同じ質問を以前したのですが回答して...,0,0
1957,2026/2/2 20:02,税金,のんchan,8時間28分,1,41,41.0,0,0,0.081,2.44,0.03,0.18,あと3日,https://detail.chiebukuro.yahoo.co.jp/qa/question_detail/q12324941837,【至急助けてください】フリーランスです。 オレンジの封筒について。 1月頭に税金の支払いがあるのを忘れておりました( ; _ ; ) 年末年始から、住民票がある場所とは違う他県の実家で体調を崩し、1ヶ...,0,0
1958,2026/2/2 20:02,恋愛相談、人間関係の悩み,匿名,8時間29分,1,6,6.0,0,0,0.012,16.67,0.0,0.11,あと3日,https://detail.chiebukuro.yahoo.co.jp/qa/question_detail/q11324941836,アプリの人と話してて 顔見せてもらったらプロフィールの雰囲気と全く違くて正直自分のタイプではなかったのですがなんて返したらいいですか？,0,0
1959,2026/2/2 20:02,恋愛相談,匿名,8時間29分,0,18,18.0,0,0,0.035,0.0,0.0,0.04,あと3日,https://detail.chiebukuro.yahoo.co.jp/qa/question_detail/q11324837576,学校の授業終わりに恋人と電話してる人いますか！！？！,0,0
1960,2026/2/2 20:02,高校受験,1053092356,8時間29分,0,72,72.0,0,0,0.141,0.0,0.0,0.14,あと3日,https://detail.chiebukuro.yahoo.co.jp/qa/question_detail/q11324837461,今年の静岡学園高校の倍率は4.18倍でしたが、さすがに単願でも落とされますか？また、落とされるとしたらどのくらいの人数なのでしょうか？,0,0
1961,2026/2/2 20:02,恋愛相談、人間関係の悩み,a78493d9b,8時間29分,0,23,23.0,0,0,0.045,0.0,0.0,0.05,あと3日,https://detail.chiebukuro.yahoo.co.jp/qa/question_detail/q11324837581,日本と海外の遠距離恋愛を乗り越えた方や経験された方に質問です。 私は今2年ほどお付き合いしている彼がいるのですが、3月から約3年留学とワーホリに行ってしまいます。 日本から飛行機で15時間くらいで、会...,0,0
1962,2026/2/2 20:02,iPhone,刃渡り250mm,8時間29分,0,15,15.0,0,0,0.029,0.0,0.0,0.03,あと3日,https://detail.chiebukuro.yahoo.co.jp/qa/question_detail/q11324837636,AirPodsについての質問になります。この画面を出すにはどうすれば良いでしょうか。,0,0
1963,2026/2/2 20:02,アニメ,1150014060,8時間29分,0,23,23.0,0,0,0.045,0.0,0.0,0.05,あと3日,https://detail.chiebukuro.yahoo.co.jp/qa/question_detail/q11324837616,黒子のバスケsrについて 半年ぶりに復帰する予定なんですが、やはり今は調べた限りですけどLG赤司、青、日向もってないとキツイですかね？所持キャラは主に緑間、ゾン峰、水戸部くらいしか育っているのがいなく...,0,0
1964,2026/2/2 20:02,CM,Y,8時間29分,0,14,14.0,0,0,0.027,0.0,0.0,0.03,あと3日,https://detail.chiebukuro.yahoo.co.jp/qa/question_detail/q11324837516,競輪アプリのウィンチケットのCMで、 可愛い女の子が「うぉりゃー！いけいけー！」とか ドスの利いた声で叫んでるのが怖いんですけど、 可愛くて清楚に見える女の子でも、いざ怒らせると怖いものですか？,0,0
1965,2026/2/2 20:02,高校受験,ccb754a61,8時間29分,0,23,23.0,0,0,0.045,0.0,0.0,0.05,あと3日,https://detail.chiebukuro.yahoo.co.jp/qa/question_detail/q11324837526,日比谷高校に受かった方々に質問です。入試まで残り一年の場合、何の勉強をするのが一番良いと思いますか？また、この時期は一日に何時間くらい勉強していましたか？ 教えてくれてた大変助かります。よろしくお願い...,0,0
1966,2026/2/2 20:02,不動産,1150811200,8時間29分,1,11,11.0,1,0,0.022,9.09,0.0,0.32,あと3日,https://detail.chiebukuro.yahoo.co.jp/qa/question_detail/q11324837606,マンションの管理会社で働きたいと思っています。 穴吹コミュニティサービスか穴吹コミュニティはどちらがおすすめですか？ その理由もよければ教えてください。 よろしくお願いします。,0,0
1967,2026/2/2 20:02,高校受験,もすもす,8時間29分,2,35,17.5,0,1,0.069,5.71,0.01,0.32,あと3日,https://detail.chiebukuro.yahoo.co.jp/qa/question_detail/q11324837351,大阪の公立高校の英検利用についてです。 私は英語がC問題の高校を受ける予定です。 もうすぐ英検の結果が返ってくるのですが、 英検2級をもっていれば8割保証ということになっています。 もし受かっていれば...,0,0
1968,2026/2/2 20:02,芸能人,1150553022,8時間29分,0,24,24.0,0,0,0.047,0.0,0.0,0.05,あと3日,https://detail.chiebukuro.yahoo.co.jp/qa/question_detail/q11324837361,RBLの広告に出てきたこの女性はだれですか？,0,0
1969,2026/2/2 20:02,クレジットカード,1152611277,8時間29分,1,48,48.0,0,4,0.094,2.08,0.05,0.43,あと3日,https://detail.chiebukuro.yahoo.co.jp/qa/question_detail/q11324837366,JCBカード W NL 入会判定完了から2週間近く経っているのですが、発送準備中に変わらないのですがこれは普通ですか？ 届いたメールの内容的に審査は通ってると思います,0,0
1970,2026/2/2 20:02,恋愛相談、人間関係の悩み,りょうた,8時間29分,1,28,28.0,0,1,0.055,3.57,0.02,0.21,あと3日,https://detail.chiebukuro.yahoo.co.jp/qa/question_detail/q10324941835,長崎大学に出願するのですが、 大阪人は浮きませんかね？大阪弁など また女の子は可愛いでしょうか,0,0
1971,2026/2/2 20:02,飲食店,魔瑠瑚夢慧駒諏(笑),8時間29分,0,9,9.0,0,0,0.018,0.0,0.0,0.02,あと3日,https://detail.chiebukuro.yahoo.co.jp/qa/question_detail/q11324837416,ファーストフード、チェーン店を除外した個人経営の飲食店は、清掃業者を入れて厨房を徹底的に掃除してもらう頻度は、どのぐらいですか。,0,0
1972,2026/2/2 20:02,携帯型ゲーム全般,なめろう,8時間29分,0,30,30.0,0,0,0.059,0.0,0.0,0.06,あと3日,https://detail.chiebukuro.yahoo.co.jp/qa/question_detail/q11324837386,アレスバサラシードのアップデートのイナヴィクでキズナタウンを作成したのですが、何故かストーリーの方に飛ばされます。アバターだけ動かせる状態です。機種はスウィッチ2でやっています。 運営にも報告している...,0,0
1973,2026/2/2 20:02,生理,vai********,8時間29分,0,8,8.0,0,0,0.016,0.0,0.0,0.02,あと3日,https://detail.chiebukuro.yahoo.co.jp/qa/question_detail/q11324837411,今月の終わりに生理が終わったのですが、予定では来月なくて、再来月の3日からの予定になってます。 予定は予定なのでどうなるか分かりませんが、１ヶ月生理ないことは大丈夫なのでしょうか？,0,0
1974,2026/2/2 20:02,プロ野球,a00********,8時間29分,0,18,18.0,0,0,0.035,0.0,0.0,0.04,あと3日,https://detail.chiebukuro.yahoo.co.jp/qa/question_detail/q11324837196,WBC代表結果受けて開幕投手発表してるところなど変更やエース投げない可能性は？ 日ハム伊藤言ってたけど 有原獲得した変更するか？ 伊藤 北山 達から⇒どうなる？そのまま？変更？ 阪神VS巨人 村上 才...,0,0
1975,2026/2/2 20:02,Amazon,yshc2746,8時間30分,0,1,1.0,0,0,0.002,0.0,0.0,0.0,あと3日,https://detail.chiebukuro.yahoo.co.jp/qa/question_detail/q14324941834,echo show 5についての質問です。 Amazon Photos でアルバムを作成し、Alexa本体の壁紙に設定したんですが、最初はちゃんと時計が左下に表示されてるんですが、5秒ぐらいたつと一旦...,0,0
1976,2026/2/2 20:02,大学受験,b688d367e,8時間30分,0,32,32.0,0,0,0.063,0.0,0.0,0.06,あと3日,https://detail.chiebukuro.yahoo.co.jp/qa/question_detail/q11324837281,専修大学の国語はどういった時間配分で解くのが望ましいですか？ 現代文30分、古文30分とかですか？,0,0
1977,2026/2/2 20:02,美容整形,kyuuri_,8時間30分,1,18,18.0,0,0,0.035,5.56,0.01,0.13,あと3日,https://detail.chiebukuro.yahoo.co.jp/qa/question_detail/q11324837091,スルリム注射をしたことがある方！ デメリットや、ダウンタイム時間、施術した部位の効果があったかを教えていただきたいです！大体で大丈夫です^^,0,0
1978,2026/2/2 20:02,ライブ、コンサート,わをん,8時間30分,0,47,47.0,0,0,0.092,0.0,0.0,0.09,あと3日,https://detail.chiebukuro.yahoo.co.jp/qa/question_detail/q11324837346,ゼベワンのソウルコンは日本でライブビューイングすると思いますか？またするとしたらいつ頃に発表、何日の公演が中継されそうですか？ ゼベワン zb1 ZEROBASEONE ゼロベースワン,0,0
1979,2026/2/2 20:02,ライブ、コンサート,afea650fb,8時間30分,0,6,6.0,0,0,0.012,0.0,0.0,0.01,あと3日,https://detail.chiebukuro.yahoo.co.jp/qa/question_detail/q11324837081,ラスト0.01でチケットいるってなったんですがこれあと何人やれば行けるんですか,0,0
1980,2026/2/2 20:02,メンズ全般,1152076926,8時間30分,1,28,28.0,0,0,0.055,3.57,0.02,0.15,あと3日,https://detail.chiebukuro.yahoo.co.jp/qa/question_detail/q11324836876,アメカジコーデについて質問です。自分は学生で最近アメカジに目覚めてコーデ頑張っているのですが革靴が1つも持っておらず買おうと思っているのですが、学生で金銭的にあまり余裕がありません、。 そこでティンバ...,0,0
1981,2026/2/2 20:02,動画、映像,eba********,8時間30分,0,5,5.0,0,0,0.01,0.0,0.0,0.01,あと3日,https://detail.chiebukuro.yahoo.co.jp/qa/question_detail/q11324837041,質問です CapCutで編集をしているんですが、編集しようと思い、エフェクトの中のピクセルストレッチを出して、ピクセルストレッチにキーフレームを打とうとしたら、なぜか打つことが出来ませんでした。 写真...,0,0
1982,2026/2/2 20:02,iPhone,1052517292,8時間30分,0,6,6.0,0,0,0.012,0.0,0.0,0.01,あと3日,https://detail.chiebukuro.yahoo.co.jp/qa/question_detail/q11324837051,iponeのアプリ自動でアップデートの設定しているのですが自動アップデートできません！！なんででしょうか？？,0,0
1983,2026/2/2 20:02,就職活動,ｲ・ソア,8時間30分,0,2,2.0,0,0,0.004,0.0,0.0,0.0,あと3日,https://detail.chiebukuro.yahoo.co.jp/qa/question_detail/q13324941833,KALDIで正社員で働いてる方!!!!!!働いていた方!!!! ボーナスっていくらくらいですか？,0,0
1984,2026/2/2 20:02,インターネットショッピング,1052139214,8時間30分,0,16,16.0,0,0,0.031,0.0,0.0,0.03,あと3日,https://detail.chiebukuro.yahoo.co.jp/qa/question_detail/q11324836926,至急お願いしたいです！ ALPHADRIVEONEのアルバムを追加でPlusChat購入したのですがまだ自宅に配達されてない状態で購入確定ボタンを押してしまいました。Yahoo知恵袋で見た感じ購入確定...,0,0
1985,2026/2/2 20:02,洋楽,1251852692,8時間30分,0,68,68.0,0,0,0.133,0.0,0.0,0.13,あと3日,https://detail.chiebukuro.yahoo.co.jp/qa/question_detail/q11324836771,頭おかしいと思われても仕方ないたのですが洋楽を探しています。 「でぃすいずあふぁっしょんふぁっしょん、でぃすいずあどりーむ」みたいな空耳が聞こえる曲探してます。 音程は 「てててててってんてってん、て...,0,0
1986,2026/2/2 20:02,住宅,＊＊＊＊＊＊,8時間30分,0,11,11.0,0,0,0.022,0.0,0.0,0.02,あと3日,https://detail.chiebukuro.yahoo.co.jp/qa/question_detail/q11324836821,一軒家に住んでいるのですが先日屋根の方？ あまりどこからかわからないのですが雷が落ちたような上で人が思い切りジャンプしたような大きな音が十何秒か後にもう一回合わせて二回大きな音がしました。風はあまり吹...,0,0
1987,2026/2/2 20:02,飛行機、空港,cd9093d0b,8時間30分,0,23,23.0,0,0,0.045,0.0,0.0,0.04,あと3日,https://detail.chiebukuro.yahoo.co.jp/qa/question_detail/q11324836666,成田空港や羽田空港のCHANELで、お財布を買いたいと思っています。JCBの商品券（紙幣）が3万円分あるので使いたいのですが、利用可能かわかる方いますでしょうか。,0,0
1988,2026/2/2 20:02,大学受験,まちゃ,8時間30分,1,19,19.0,0,0,0.037,5.26,0.01,0.13,あと3日,https://detail.chiebukuro.yahoo.co.jp/qa/question_detail/q11324836786,立正の日本史解いてて、解き終わったあと参考書で内容確認するって感じでやってるんですが 全く載ってなくて、どーしたらその部分とけるようになりますか？ ちなみに半分以上載ってなかったです(史料含め) 使っ...,0,0
1989,2026/2/2 20:02,テレビゲーム全般,1150358297,8時間30分,0,6,6.0,0,0,0.012,0.0,0.0,0.01,あと3日,https://detail.chiebukuro.yahoo.co.jp/qa/question_detail/q11324836826,浜松でプレステ2のコントローラーが買えるお店ってありますか？,0,0
1990,2026/2/2 20:02,ホテル、旅館,わたなべ,8時間31分,0,13,13.0,0,0,0.025,0.0,0.0,0.03,あと3日,https://detail.chiebukuro.yahoo.co.jp/qa/question_detail/q11324836706,予約切れってことは店舗販売ないですよね？(T_T),0,0
1991,2026/2/2 20:02,就職活動,hyde,8時間31分,1,26,26.0,1,0,0.051,3.85,0.01,0.34,あと3日,https://detail.chiebukuro.yahoo.co.jp/qa/question_detail/q11324836606,良いパート先を探すのにどんな求人サイトがありますか？ ハローワークは無料で掲載できるのでブラック求人が多いとよく聞きます。 でもパートだとリクナビとかマイナビとかの転職サイトにはないですよね？ タウン...,0,0
1992,2026/2/2 20:02,ゲーム,cc9a44061,8時間31分,0,1,1.0,0,0,0.002,0.0,0.0,0.0,あと3日,https://detail.chiebukuro.yahoo.co.jp/qa/question_detail/q11324836526,lSPDFRをしたいのですがダウンロードの仕方を教えてください,0,0
1993,2026/2/2 20:02,日本映画,c90687371,8時間31分,0,15,15.0,0,0,0.029,0.0,0.0,0.03,あと3日,https://detail.chiebukuro.yahoo.co.jp/qa/question_detail/q11324836551,溺れるナイフについてです。 最後のカメラマンがもっかい来たあとに、主人公が泣いているシーンで流れた曲を教えてほしいです！,0,0
1994,2026/2/2 20:02,アニメ,非公開,8時間31分,0,5,5.0,0,0,0.01,0.0,0.0,0.01,あと3日,https://detail.chiebukuro.yahoo.co.jp/qa/question_detail/q11324836451,「AKB００４８」の智恵理は幼少期の頃は明るい性格だったにもかかわらず、凪沙たちと再会した時は冷淡な態度を取ったのはなぜでしょうか？,0,0
1995,2026/2/2 20:02,メンズ全般,James1950s,8時間31分,0,6,6.0,0,0,0.012,0.0,0.0,0.01,あと3日,https://detail.chiebukuro.yahoo.co.jp/qa/question_detail/q11324836496,イギリス製のバスケットを持つことのメリットはなんでしょうか?,0,0
1996,2026/2/2 20:02,ライブ、コンサート,わん,8時間31分,0,88,88.0,1,0,0.172,0.0,0.0,0.37,あと3日,https://detail.chiebukuro.yahoo.co.jp/qa/question_detail/q11324836346,SixTONESのツアーグッズのパーカーを現地で買いたいので11:30~12:00の整理券を取りました！ パーカーは人気なので売り切れてしまわないか不安です；_； 福岡公演、宮城公演で売り切れありまし...,0,0
1997,2026/2/2 20:02,ポケットモンスター,hkj********,8時間31分,1,14,14.0,0,0,0.027,7.14,0.0,0.12,あと3日,https://detail.chiebukuro.yahoo.co.jp/qa/question_detail/q11324836436,アニポケについてですが、ポケモンマスターを目指すトレーナーはサトシの他にもいましたか？また、過去にポケモンマスターになったトレーナーは実在しているのですか？,0,0
1998,2026/2/2 20:02,大学受験,朱鷺,8時間31分,1,57,57.0,0,1,0.111,1.75,0.06,0.27,あと3日,https://detail.chiebukuro.yahoo.co.jp/qa/question_detail/q11324836141,大学入試2次試験まであと1ヶ月を切りましたが、東大古典の勉強法を教えてほしいです。 東大理一志望です。今まであまり古典に力を入れてこなかったので古漢共に点が取れません。どのような勉強をすべきでしょうか...,0,0
1999,2026/2/2 20:02,トレーディングカード,1152770778,8時間31分,0,2,2.0,0,0,0.004,0.0,0.0,0.0,あと3日,https://detail.chiebukuro.yahoo.co.jp/qa/question_detail/q12324941832,デュエマコラボのビッグエコーに行く予定です。既に予約済みなのですが、カードは貰えるでしょうか？ 1枠90分制？だとするとカラオケ(午後)料金だけで1000円は必ず超えますよね？,0,0
2000,2026/2/2 20:02,哲学、倫理,世直し金次郎,8時間31分,0,10,10.0,0,0,0.02,0.0,0.0,0.02,あと3日,https://detail.chiebukuro.yahoo.co.jp/qa/question_detail/q11324836301,アラン・シュピオって、日本ではどんな層が読んでる？やっぱポモ系？ 哲学 現代思想 フランス語,0,0
2001,2026/2/2 20:02,ニコニコ動画,b9f901f42,8時間31分,0,10,10.0,0,0,0.02,0.0,0.0,0.02,あと3日,https://detail.chiebukuro.yahoo.co.jp/qa/question_detail/q11324836226,淫夢バッヂの次は何が流行ると思いますか？,0,0
2002,2026/2/2 20:02,病気、症状,a,8時間31分,1,6,6.0,0,0,0.012,16.67,0.0,0.11,あと3日,https://detail.chiebukuro.yahoo.co.jp/qa/question_detail/q11324836251,症状がごく稀に出る場合、医者に診てもらうことはできませんか？白内障とか。,0,0
2003,2026/2/2 20:02,芸能人,aa48455e6,8時間31分,0,11,11.0,0,0,0.021,0.0,0.0,0.02,あと3日,https://detail.chiebukuro.yahoo.co.jp/qa/question_detail/q11324836371,これどこで見れる？,0,0
2004,2026/2/2 20:02,スマホアプリ,初心者,8時間31分,0,25,25.0,0,0,0.049,0.0,0.0,0.05,あと3日,https://detail.chiebukuro.yahoo.co.jp/qa/question_detail/q11324835981,至急お願いします！ 今日Tiktokに3万円課金したら上限来たのですが明日になったらまた3万円課金できますか？,0,0
2005,2026/2/2 20:02,コミック,c9a5fe7ed,8時間31分,3,48,16.0,0,0,0.094,6.25,0.02,0.39,あと3日,https://detail.chiebukuro.yahoo.co.jp/qa/question_detail/q11324941831,呪術廻戦の最新刊の虎杖はどうでもいいでしょてどういうことですか？,0,0
2006,2026/2/2 20:02,病気、症状,vnz********,8時間32分,0,14,14.0,0,0,0.027,0.0,0.0,0.03,あと3日,https://detail.chiebukuro.yahoo.co.jp/qa/question_detail/q11324835956,下痢は、ストッパや赤玉を何回飲んでも止まらない場合は、、何が有効ですか、特に麺類などのスープ飲んで、外気温が低く、家の中も温まらない状況で。,0,0
2007,2026/2/2 20:02,マインクラフト,1251666071,8時間32分,0,47,47.0,0,0,0.092,0.0,0.0,0.09,あと3日,https://detail.chiebukuro.yahoo.co.jp/qa/question_detail/q11324836071,原神のmodについての質問です 3dmigotoというmodを入れるツールを使ってキャラの見た目を変更しようとしたのですがテクスチャがバグってしまい上手く変えられません ファイル自体が古いのかと思い最...,0,0
2008,2026/2/2 20:02,イベント、フェス,ce32d1f42,8時間32分,0,11,11.0,0,0,0.021,0.0,0.0,0.02,あと3日,https://detail.chiebukuro.yahoo.co.jp/qa/question_detail/q11324836016,大至急です!!コイン250枚贈呈します。 １月３１日から開催されるアオのハコについての質問なんですけど、整理券を取得できたら列に並ぶと書いてあったんですけど初参加で列がどこにできるのか分からなくてどな...,0,0
2009,2026/2/2 20:02,YouTube,1252849808,8時間32分,0,10,10.0,0,0,0.02,0.0,0.0,0.02,あと3日,https://detail.chiebukuro.yahoo.co.jp/qa/question_detail/q11324836136,YouTubeガードマンのある動画を探してます❗️ myがボケてスマホの持ち方をデスノートのLの持ち方をしてガードマンが「Lか！」ってつっこむ動画があるんですけどなんの動画かわかる人教えて下さい,0,0
2010,2026/2/2 20:02,メンズ腕時計、アクセサリー,sau********,8時間32分,1,88,88.0,0,0,0.172,1.14,0.15,0.27,あと3日,https://detail.chiebukuro.yahoo.co.jp/qa/question_detail/q11324835901,以下の画像の「高級腕時計」のメーカー、種類、年式、型番、モデル、シリーズ、価格等、詳細な情報をできるだけ多く、判る限り正確に詳しく教えて下さい。お願い致します。 Lemon8（TikTok系列より） ...,0,0
2011,2026/2/2 20:02,バイク,ytl********,8時間32分,0,38,38.0,0,0,0.074,0.0,0.0,0.07,あと3日,https://detail.chiebukuro.yahoo.co.jp/qa/question_detail/q11324835796,海外の方がよく付けているこのフロントカウルはどこで買えるのでしょうか？,0,0
2012,2026/2/2 20:02,資格,1152072201,8時間32分,1,6,6.0,0,1,0.012,16.67,0.0,0.17,あと3日,https://detail.chiebukuro.yahoo.co.jp/qa/question_detail/q10324941830,産後ドゥーラについて質問です。 地域によって助成があるのか違うのですか？ちなみに東京は20万を助成してくれるようです。 研修受講も40万以上するので、どこの会場で受けられるのか、オンラインでも受講可能...,0,0
2013,2026/2/2 20:02,高校,a8e32bca6,8時間32分,0,11,11.0,0,0,0.021,0.0,0.0,0.02,あと3日,https://detail.chiebukuro.yahoo.co.jp/qa/question_detail/q11324835846,日大東北高校ってバイトできますか？またできるとしたらなにか基準はありますか？,0,0
2014,2026/2/2 20:02,ライブ、コンサート,kns07,8時間32分,0,16,16.0,0,0,0.031,0.0,0.0,0.03,あと3日,https://detail.chiebukuro.yahoo.co.jp/qa/question_detail/q14324941829,MAZZELに最近ハマった新規です。 某Jから移ったのでライブやオントーなどのシステムが分からず教えていただきたいです。 ･マーゼルのアルバム、シングルの発売はどのくらいの期間ごとにありますか？ ･オ...,0,0
2015,2026/2/2 20:02,恋愛相談、人間関係の悩み,未設定,8時間32分,0,13,13.0,0,0,0.025,0.0,0.0,0.03,あと3日,https://detail.chiebukuro.yahoo.co.jp/qa/question_detail/q13324941828,最近、いじめをSNSで拡散する事例が多いのですが、そうした場合拡散された加害者はその間何をしているのでしょうか？ 家で震えてるしかないですよね？ そもそもその家も特定されていたら、外部からの害もありえ...,0,0
2016,2026/2/2 20:02,iPhone,a78a06ea0,8時間32分,0,40,40.0,0,0,0.078,0.0,0.0,0.08,あと3日,https://detail.chiebukuro.yahoo.co.jp/qa/question_detail/q11324941826,日プで投票をしたいのですが投票ボタンが押せません。WiFi環境にもいますしdアカウントにもログインできてると思うのですが何回も再度ログインや再起動しても治りません。どうしたらいいのでしょうか。,0,0
2017,2026/2/2 20:02,政治、社会問題,roid_0123456789,8時間32分,0,8,8.0,0,0,0.016,0.0,0.0,0.02,あと3日,https://detail.chiebukuro.yahoo.co.jp/qa/question_detail/q10324941825,高市の首をきると暴言をはいた中国共産党の総領事。 あれ前回の総選挙で「れいわ新選組」に投票を呼び掛けていたんですか？ はじめて知って驚きました。 なぜ高市の首きり発言した人が前回の総選挙で「れいわ新選...,0,0
2018,2026/2/2 20:02,恋愛相談、人間関係の悩み,a28d220de,8時間32分,4,11,2.8,0,5,0.021,36.36,0.0,0.7,あと3日,https://detail.chiebukuro.yahoo.co.jp/qa/question_detail/q12324941827,至急 中学一年生です 振られた相手にバレンタインであげるのって迷惑ですか？ あげたいのですが、勇気がないです どうすればいいですか？ もういちかばちかですよね、？,0,0
2019,2026/2/2 20:02,カラオケ,ナダル,8時間32分,1,29,29.0,0,0,0.057,3.45,0.02,0.15,あと3日,https://detail.chiebukuro.yahoo.co.jp/qa/question_detail/q14324941824,昔の歌が好きな大学生です。 大学生グループでカラオケに行くとして、まだウケる可能性がある曲は以下のどれだと思いますか？ ①KISS ME(氷室京介) ②いとしのエリー(サザンオールスターズ) ③シング...,0,0
2020,2026/2/2 20:01,恋愛相談、人間関係の悩み,PB,8時間33分,0,25,25.0,0,0,0.049,0.0,0.0,0.05,あと3日,https://detail.chiebukuro.yahoo.co.jp/qa/question_detail/q10324837690,中学生か高校生の女子に質問です（結構特殊ですが） 自分はいま中2のバド部でで身長187か8くらいあるのですが...（さすがに止まってきてるけど） ここまで高かったら、 低身長と同じく足切りされるんです...,0,0
2021,2026/2/2 20:01,メンズバッグ、財布、小物類,1053042433,8時間33分,0,14,14.0,0,0,0.027,0.0,0.0,0.03,あと3日,https://detail.chiebukuro.yahoo.co.jp/qa/question_detail/q10324837780,至急 学生におすすめの二つ折り財布探してます 5000から15000であれば、,0,0
2022,2026/2/2 20:01,エアコン、空調家電,rad********,8時間33分,0,8,8.0,0,0,0.016,0.0,0.0,0.02,あと3日,https://detail.chiebukuro.yahoo.co.jp/qa/question_detail/q10324837455,CORONA エコキュートについて質問です。 コロナのエコキュートをアレクサで操作したいのですが、どのように設定したらできますか？ CORONAホームアプリはインストール済みです。 よろしくお願いしま...,0,0
2023,2026/2/2 20:01,テレビゲーム全般,剣城達也,8時間34分,0,17,17.0,0,0,0.033,0.0,0.0,0.03,あと3日,https://detail.chiebukuro.yahoo.co.jp/qa/question_detail/q10324837570,知恵袋質問 [ファミコンソフト、独自ジャンルで区別] [フライトシュート] ファルシオン スーパーゼビウス マクロス [シュートフライト] テグザー アストロロボササ [シュート] 戦場の狼 バトルシ...,0,0
2024,2026/2/2 20:01,邦楽,短い,8時間34分,0,25,25.0,1,0,0.049,0.0,0.0,0.24,あと3日,https://detail.chiebukuro.yahoo.co.jp/qa/question_detail/q10324837645,L'Arc~en~Cielがハンターハンターの主題歌を仮にやったら合わないんでしょうか？ 冨樫はラルク好きらしいですが、ラルクとハンターって意外と相性悪いんですか？,0,0
2025,2026/2/2 20:01,アニメ,あかさた,8時間34分,1,36,36.0,0,0,0.07,2.78,0.03,0.17,あと3日,https://detail.chiebukuro.yahoo.co.jp/qa/question_detail/q10324837615,何故二次元のキャラとしての振る舞いを現実でやると痛々しくなるのですか。 私は二次元の存在になれないのでしょうか。 ずっと頭の中で一人のキャラクターとして自分を演出しているのに、いざ二次元のキャラを前に...,0,0
2026,2026/2/2 20:01,大学受験,1151977533,8時間34分,0,34,34.0,0,0,0.066,0.0,0.0,0.07,あと3日,https://detail.chiebukuro.yahoo.co.jp/qa/question_detail/q10324837750,大学弓道について 大学でも弓道を続けたいと思って弓を引いていて、現在は高2で来年は高3です。大学の弓道部のセレクションで受験資格を満たしているので、受けてみようかなと思っています。最高実績としては全国...,0,0
2027,2026/2/2 20:01,ゲーム,b67836214,8時間34分,0,1,1.0,0,0,0.002,0.0,0.0,0.0,あと3日,https://detail.chiebukuro.yahoo.co.jp/qa/question_detail/q10324837555,映像出力について質問です。 pixio248 prime plus というモニターを使っています switchで手元でゲームをしながらモニターでyoutubeを見るにはなにを買うべきでしょうか ちなみ...,0,0
2028,2026/2/2 20:01,大学受験,あああ,8時間34分,0,12,12.0,0,0,0.023,0.0,0.0,0.02,あと3日,https://detail.chiebukuro.yahoo.co.jp/qa/question_detail/q10324837720,大学の過去問の英語100分やって、単語とか内容とかがわからないのありすぎて直し3時間くらいかかってて倍時間かかってるんですけどやばいですよね（ ; ; ）,0,0
2029,2026/2/2 20:01,お酒、ドリンク,nag********,8時間34分,1,31,31.0,1,0,0.06,3.23,0.02,0.35,あと3日,https://detail.chiebukuro.yahoo.co.jp/qa/question_detail/q10324837425,夜の世界のルールを知りたいです。ラストコールを見ていて不思議に思いました。ヘルプに入ったお席で、シャンパンを開けたり、お客様の新しいボトルをおろすのはダメなのですか？ ヘルプの人の売り上げになってしま...,0,0
2030,2026/2/2 20:01,Instagram,匿名,8時間34分,1,12,12.0,0,0,0.023,8.33,0.0,0.12,あと3日,https://detail.chiebukuro.yahoo.co.jp/qa/question_detail/q10324837375,インスタで相手のフォロー欄を見た時に出てくる人の順番にはどのような関係がありますか？ (よくdmをしている人が上にくる等) 毎回コロコロ変わるので気になりました,0,0
2031,2026/2/2 20:01,スマホアプリ,rn,8時間34分,0,83,83.0,0,0,0.161,0.0,0.0,0.16,あと3日,https://detail.chiebukuro.yahoo.co.jp/qa/question_detail/q10324837420,至急です！本当の至急です！！！ ティックトックライトって招待されたとき5000円もらえるじゃないですか？？ そのときにアカウント作ったんですけど…なんか貰えないまま終わって… どうしたらやり直せますか...,0,0
2032,2026/2/2 20:01,アニメ,James1950s,8時間34分,0,2,2.0,0,0,0.004,0.0,0.0,0.0,あと3日,https://detail.chiebukuro.yahoo.co.jp/qa/question_detail/q10324837370,GO！GO！チャギントン 第697話 『チャグパトロールのリーダー』はどうでしたか？,0,0
2033,2026/2/2 20:01,ゲーム,非公開,8時間34分,0,11,11.0,0,0,0.021,0.0,0.0,0.02,あと3日,https://detail.chiebukuro.yahoo.co.jp/qa/question_detail/q10324837330,XのTLみてたらエンドフィールドのロッシ?っていう赤ずきんのキャラを見て欲しいって思ったんですがまだガチャに実装されてないとのことで実装された時ようにガチャ素材を貯めることにしたんですが、 デイリー+...,0,0
2034,2026/2/2 20:01,プロ野球,R0827,8時間34分,0,5,5.0,0,0,0.01,0.0,0.0,0.01,あと3日,https://detail.chiebukuro.yahoo.co.jp/qa/question_detail/q10324837325,クックパッドにレシピあります 東北楽天ゴールデンイーグルス 田中千晴は背番号 かつて徳山一翔がつけていた２９ですか？,0,0
2035,2026/2/2 20:01,職場の悩み,1052024635,8時間34分,1,55,55.0,0,0,0.107,1.82,0.06,0.2,あと3日,https://detail.chiebukuro.yahoo.co.jp/qa/question_detail/q10324837115,昇格試験に落ちた場合。 先週昇格試験がありました。上司より推薦を受け、業務レポートを提出、レポート審査合格で面接の流れです。 先週面接を受けたのですが、手応えがなんともいえず不安の毎日です。結果がわか...,0,0
2036,2026/2/2 20:01,日用品、生活雑貨,tsf********,8時間34分,0,11,11.0,0,0,0.021,0.0,0.0,0.02,あと3日,https://detail.chiebukuro.yahoo.co.jp/qa/question_detail/q10324837260,小さいキャリーケースの活用を教えてください。 コンビニのくじでキャラクターもののキャリーケースが当たりました。 とても嬉しいのですが、旅行用のキャリーはすでに持っています。 キャリーケースの活用方法を...,0,0
2037,2026/2/2 20:01,音楽,a37f3f977,8時間34分,0,4,4.0,0,0,0.008,0.0,0.0,0.01,あと3日,https://detail.chiebukuro.yahoo.co.jp/qa/question_detail/q10324837140,Amazonミュージックについて質問です。 曲を調べようとするとこんな画面が出てきて新しい曲を聞けないんですよ。もともとプレイリストに入れていた曲は聞けるんですけどどうしたらなおりますかね。もしなった...,0,0
2038,2026/2/2 20:01,K-POP、アジア,非公開,8時間34分,0,23,23.0,0,0,0.045,0.0,0.0,0.04,あと3日,https://detail.chiebukuro.yahoo.co.jp/qa/question_detail/q10324837165,応答せよハイスクールが見たいのですが、年齢制限のせいでmnet plusのアプリ が入れれなくなってしまいました。 他に見る方法はありますか？,0,0
2039,2026/2/2 20:01,携帯型ゲーム全般,桜もち柏もち磯辺もち,8時間35分,0,1,1.0,0,0,0.002,0.0,0.0,0.0,あと3日,https://detail.chiebukuro.yahoo.co.jp/qa/question_detail/q10324837060,プロスピリアタイのシステムについて質問です。 さっきリアタイで対戦するボタンを押して接続を待っていたんですが、なぜか繋がらなくて2分ほどたった頃にエラーが表示されてアプリを再起動するようにメッセージが...,0,0
2040,2026/2/2 20:01,格安スマホ,yus********,8時間35分,1,16,16.0,1,3,0.031,6.25,0.0,0.5,あと3日,https://detail.chiebukuro.yahoo.co.jp/qa/question_detail/q10324836905,メインで楽天モバイル副回線がUQて使っている人いますか？,0,0
2041,2026/2/2 20:01,特撮,bcaf05e03,8時間35分,1,12,12.0,0,0,0.023,8.33,0.0,0.12,あと3日,https://detail.chiebukuro.yahoo.co.jp/qa/question_detail/q10324836890,仮面ライダーアギトのアンノウン&エルロードで暗殺教室の殺せんせーに勝てる個体はいますか？また、負けそうな個体はいますか？,0,0
2043,2026/2/2 20:01,トレーニング,b8c5513e5,8時間35分,1,31,31.0,0,0,0.06,3.23,0.02,0.16,不明,https://detail.chiebukuro.yahoo.co.jp/qa/question_detail/q10324836930,最近筋トレを始めた高3で、170センチ50キロのガリガリで、筋トレ後はチーズや、サラダチキン、牛乳、バナナ、ヨーグルトなどを摂取したら体重は増加しますか。また、それは正しい増量の仕方なのでしょうか。 ...,0,0
2044,2026/2/2 20:01,ギター、ベース,r,8時間35分,0,19,19.0,0,0,0.037,0.0,0.0,0.04,あと3日,https://detail.chiebukuro.yahoo.co.jp/qa/question_detail/q10324837015,historyのnt-c3(カッタウェイ)は現状美品だと、どれくらいで売れると思いますか また、まだ売るべきではないでしょうか,0,0
2045,2026/2/2 20:01,Instagram,amwtgjmpgad,8時間35分,0,12,12.0,0,0,0.023,0.0,0.0,0.02,あと3日,https://detail.chiebukuro.yahoo.co.jp/qa/question_detail/q10324836730,イコノイジョイについてです よくSR配信などで「いつもDMやモーメントのコメントありがとうございます！」など言っているのですがDMはどのように送っているのでしょうか。 インスタの場合1度しか送れないで...,0,0
2046,2026/2/2 20:01,大学受験,ca0f527a7,8時間35分,1,67,67.0,0,0,0.13,1.49,0.09,0.23,あと3日,https://detail.chiebukuro.yahoo.co.jp/qa/question_detail/q10324836805,大学受験のことなのですが、2次配点が15パーセントの場合、共通テストでA判定が出ていればそこまで心配する必要がないでしょうか？ 昨年の合格最低点は共通テストでほぼ補っています。 毎日勉強をしていてもと...,0,0
2047,2026/2/2 20:01,アニメ,313系0番台,8時間35分,0,14,14.0,0,0,0.027,0.0,0.0,0.03,あと3日,https://detail.chiebukuro.yahoo.co.jp/qa/question_detail/q10324836750,アニメ『こち亀』で倫理的にアニメ化が難しいエピソードの話です。 質問 ・2026年にアニメ『こち亀』の新作アニメが放送予定です。しかし、漫画『こち亀』108巻「堀ゴタツパニック!?の巻」は内容が倫理的...,0,0
2048,2026/2/2 20:01,法律相談,もる,8時間35分,0,17,17.0,0,0,0.033,0.0,0.0,0.03,あと3日,https://detail.chiebukuro.yahoo.co.jp/qa/question_detail/q10324836745,単なる質問(疑問)なのですが 事故情報は消えるまで最低でも数年は掛かるとよく目にしますが なぜそこまでの期間を設ける(必要がある)のでしょうか？ 既に完済しているのであれば 融資してもらってもいいので...,0,0
2049,2026/2/2 20:01,飲食店,1251408950,8時間35分,0,20,20.0,0,0,0.039,0.0,0.0,0.04,あと3日,https://detail.chiebukuro.yahoo.co.jp/qa/question_detail/q10324836575,テイクアウト販売のお店で保健所の許可は降りていて、今日（金曜日）に許可証を取りに行くのを忘れてしまった。保健所は土日休み。 でも、日曜日にはプレオープンをする予定なので、許可証がないまま、許可証を掲示...,0,0
2050,2026/2/2 20:01,音楽,c38e2183c,8時間35分,0,4,4.0,0,0,0.008,0.0,0.0,0.01,あと3日,https://detail.chiebukuro.yahoo.co.jp/qa/question_detail/q10324836390,SIX LOUNGEのリカとかandymoriの誰にも見つけられない星になれたらとかのリズム？みたいなの名前ってあるんですか？教えて頂きたいです。,0,0
2051,2026/2/2 20:01,就職活動,非公開,8時間35分,0,15,15.0,0,0,0.029,0.0,0.0,0.03,あと3日,https://detail.chiebukuro.yahoo.co.jp/qa/question_detail/q10324836465,最近のメーカー系の本選考スケジュールってどんな感じですか？？ 大企業で何月締め切り、中小でどれくらいですか？？,0,0
2052,2026/2/2 20:01,ゲーム,a2e92ac9e,8時間35分,0,1,1.0,0,0,0.002,0.0,0.0,0.0,あと3日,https://detail.chiebukuro.yahoo.co.jp/qa/question_detail/q12324941822,ブロフルで大仏全覚したんですけど、何が上がった(強くなった)んですか？,0,0
2053,2026/2/2 20:01,ライブ、コンサート,たなかかなた,8時間35分,0,57,57.0,0,0,0.111,0.0,0.0,0.11,あと3日,https://detail.chiebukuro.yahoo.co.jp/qa/question_detail/q10324836630,ライブのネタバレ注意 マイケルシェンカーのマイイヤーズウィズUFO 大阪・東京公演についてなのですが、いろんな国で公演をしてたじゃないですか。 他の国での公演ではUFO時代の見た目のコスプレはしていな...,0,0
2054,2026/2/2 20:01,ヘアスタイル,fpc********,8時間35分,0,13,13.0,0,0,0.025,0.0,0.0,0.03,あと3日,https://detail.chiebukuro.yahoo.co.jp/qa/question_detail/q10324836645,女性で髪の毛を後ろで束ねる人って顔立ちが細い人が多いように 思いますが、如何ですか？,0,0
2055,2026/2/2 20:01,大学,むく,8時間35分,0,16,16.0,0,0,0.031,0.0,0.0,0.03,あと3日,https://detail.chiebukuro.yahoo.co.jp/qa/question_detail/q10324836685,これって早稲田のなんのサークルのものですか？,0,0
2056,2026/2/2 20:01,iPhone,a94212da1,8時間35分,0,7,7.0,0,0,0.014,0.0,0.0,0.01,あと3日,https://detail.chiebukuro.yahoo.co.jp/qa/question_detail/q10324836570,SMSについて質問です 今まで普通にチャットできていたのに、急にこちらから何か送っても未配信になってしまいました。 電話したところ、ワンコールなしで留守番電話につながりました。 どういうことでしょうか...,0,0
2057,2026/2/2 20:01,ゲーム,匿名,8時間36分,0,13,13.0,0,0,0.025,0.0,0.0,0.03,あと3日,https://detail.chiebukuro.yahoo.co.jp/qa/question_detail/q10324836315,Switchを久々に起動した際、一瞬ニンテンドーのロゴが映ったあと、何の反応も無くなってしまいました。 何日充電して、反応を確かめてみてもダメ 過放電でしょうか？ しばらくSwitch2も買う予定が無...,0,0
2058,2026/2/2 20:01,ダンス,1052413468,8時間36分,1,21,21.0,0,0,0.041,4.76,0.01,0.14,あと3日,https://detail.chiebukuro.yahoo.co.jp/qa/question_detail/q10324836205,緑の服をきたたくさんの男性が踊っている、何にでも合うダンスっていうのがあるのですが、なぜあんなになんにでと合うのでしょうか？理由があるのかたまたまなのか教えていただきたいです！！,0,0
2059,2026/2/2 20:01,メルカリ,もりのかみさま,8時間36分,0,38,38.0,0,0,0.074,0.0,0.0,0.07,あと3日,https://detail.chiebukuro.yahoo.co.jp/qa/question_detail/q10324836255,tiktokで学生がえげつない量のアルバムを開封するのがたくさん回ってくるんですが、メルカリとかで安く買ってるんでしょうか、？？ 金欠なので羨ましい限りです知りたいです！！！！ スキズ ストレイキッズ...,0,0
2060,2026/2/2 20:01,PASMO,nekosan222,8時間36分,0,9,9.0,0,0,0.017,0.0,0.0,0.02,あと3日,https://detail.chiebukuro.yahoo.co.jp/qa/question_detail/q10324836195,確定申告（マネーフォワード）の交通費仕訳の質問です。 普段、交通機関利用時は モバイルPASMOを使用しており、 チャージ時はデビットカードを使用して(即時引き落とし)PASMOへチャージしています。...,0,0
2061,2026/2/2 20:01,ライブ、コンサート,てとりす,8時間36分,0,20,20.0,0,0,0.039,0.0,0.0,0.04,あと3日,https://detail.chiebukuro.yahoo.co.jp/qa/question_detail/q10324836320,"Undertale10周年記念コンサートについて、 アンコール曲で""NEOの力(フルバージョン)""が演奏される公演に行きたいです。 ファイナル公演でC.D公演が追加されましたが、どちらのプログラムの方...",0,0
2062,2026/2/2 20:01,ライブ、コンサート,sjq********,8時間36分,0,24,24.0,0,0,0.046,0.0,0.0,0.05,あと3日,https://detail.chiebukuro.yahoo.co.jp/qa/question_detail/q10324836280,ローソンチケットで詐欺チケットか どうかの見分け方を教えてください。 チケジャムで購入し届いたのですが、判別方法が知りたいです。 宜しくお願いいたします。,0,0
2063,2026/2/2 20:01,ドラマ,bac********,8時間36分,0,8,8.0,0,0,0.015,0.0,0.0,0.02,あと3日,https://detail.chiebukuro.yahoo.co.jp/qa/question_detail/q10324836090,「科捜研の女 ファイナル」に味方良介さんが出演されていましたが、何か台詞とかありましたか？ ながらで見ていたので、見逃したのかと思います…。 お、知ってる顔だ、何の役だろうと思ってたのに、あまり出て来...,0,0
2064,2026/2/2 20:01,気象、天気,どうぶつ,8時間36分,0,22,22.0,1,0,0.043,0.0,0.0,0.24,あと3日,https://detail.chiebukuro.yahoo.co.jp/qa/question_detail/q10324836135,仙台市でこの先最初に積雪3cm以上を記録するのはいつ頃と予想しますか？ 気象台の正式な数値としてです。,0,0
2065,2026/2/2 20:01,マラソン、陸上競技,b5a8a6245,8時間36分,1,11,11.0,0,0,0.021,9.09,0.0,0.12,あと3日,https://detail.chiebukuro.yahoo.co.jp/qa/question_detail/q10324836110,陸上長距離です。 明日のメニュー300メートル10本あるんですが、どれくらいの感覚で走れば良いですか？すべて全力は体持たないと思います。3000のベストは9分10です,0,0
2066,2026/2/2 20:01,美容整形,*******,8時間36分,0,9,9.0,0,0,0.017,0.0,0.0,0.02,あと3日,https://detail.chiebukuro.yahoo.co.jp/qa/question_detail/q10324836130,エミナルクリニックにカウンセリング行ってきました。 ネットに書いてある安いプランではなく、全身プラスVIO(15回)で62万くらいのプランを勧められ、 話を聞くだけのつもりでしたがそんな雰囲気ではなく...,0,0
2067,2026/2/2 20:01,スマホアプリ,るり,8時間36分,0,60,60.0,0,0,0.116,0.0,0.0,0.12,あと3日,https://detail.chiebukuro.yahoo.co.jp/qa/question_detail/q10324836080,TikTok-Liteで上から見ている人て分かるんですか？ 友達が、おすすめから流れてしばらく見ていたら上から覗く人とか言っていたので、そのあとまた上から見てからコメントしようとしたらライブご見れなか...,0,0
2068,2026/2/2 20:01,大学受験,b4aed0872,8時間36分,0,47,47.0,0,0,0.091,0.0,0.0,0.09,あと3日,https://detail.chiebukuro.yahoo.co.jp/qa/question_detail/q10324835880,東洋大学 国際イブニングコース(後期)を受験する者なんですが出願料はいくらかかりますか？ また、英検利用でCSEスコアが2241点あるので当日の試験は英語8割確定なのですが、残りの国語と社会でどのくら...,0,0
2069,2026/2/2 20:01,高校受験,cd663cc9d,8時間36分,0,11,11.0,0,0,0.021,0.0,0.0,0.02,あと3日,https://detail.chiebukuro.yahoo.co.jp/qa/question_detail/q10324835895,過去問を解いていて思ったんですけど なんで都立入試の国語は建築に関する引用が多いんですか?制作者の趣味?,0,0
2070,2026/2/2 20:01,携帯型ゲーム全般,1152066897,8時間36分,0,12,12.0,0,0,0.023,0.0,0.0,0.02,あと3日,https://detail.chiebukuro.yahoo.co.jp/qa/question_detail/q10324835920,ドッカンバトルで僕のパーティを作ってください！ 周年だけちょっとやりに帰ってくる勢です！ 最近の環境が全くわからないのでおすすめのパーティと絶対育てろ！ってキャラを教えていただきたいです！ 七夕悟空と...,0,0
2071,2026/2/2 20:01,大学受験,b1c526477,8時間36分,0,21,21.0,0,0,0.041,0.0,0.0,0.04,あと3日,https://detail.chiebukuro.yahoo.co.jp/qa/question_detail/q10324835725,静岡大学経済学部についての質問です。国語1.2でそれぞれ何割くらいが合格者平均点くらいなんですか？おそらく英語は少なくとも7割は行くと思うのですが、国語がどれくらいか知りたいです。,0,0
2072,2026/2/2 20:01,料理、食材,1153065105,8時間36分,0,13,13.0,0,0,0.025,0.0,0.0,0.03,あと3日,https://detail.chiebukuro.yahoo.co.jp/qa/question_detail/q10324835860,2月1日にボナんぺんを買おうと思ってるのですが、購入の流れを教えて欲しいです。 住所や支払い方法の設定をいつどこでやればいいのかなど詳しくお願いします,0,0
2073,2026/2/2 20:01,住宅,c554f8f57,8時間37分,0,3,3.0,0,0,0.006,0.0,0.0,0.01,あと3日,https://detail.chiebukuro.yahoo.co.jp/qa/question_detail/q11324941821,フローリングとはなんですか,0,0
2074,2026/2/2 20:01,LINE,c69396365,8時間37分,1,16,16.0,0,0,0.031,6.25,0.0,0.13,あと3日,https://detail.chiebukuro.yahoo.co.jp/qa/question_detail/q14324941819,LINEでトークをしている友達がいます。 その友達のLINEの名前を変えようとしたら鉛筆マークがありませんでした。他の人には出ます。 そして友達リストにも表示されませんでした。 しかしお互い話せている...,0,0
2075,2026/2/2 20:01,大相撲,b12379gja,8時間37分,2,15,7.5,0,0,0.029,13.33,0.0,0.22,あと3日,https://detail.chiebukuro.yahoo.co.jp/qa/question_detail/q12324941817,大相撲の懸賞はなぜテレビに映らないのに かなり出してるところがあるのですか？,0,0
2076,2026/2/2 20:01,自動車,pop********,8時間37分,4,20,5.0,0,1,0.039,20.0,0.0,0.48,あと3日,https://detail.chiebukuro.yahoo.co.jp/qa/question_detail/q11324941816,カーナビというかディスプレーオーディオとドラレコは同一メーカーで揃えた方が使いやすかったりしますか？ どうせならETCも同一メーカーに越したことはないとかありますか？ もちろん好きにしたら良いんでしょ...,0,0
2077,2026/2/2 20:01,飛行機、空港,a6aa3077f,8時間37分,1,13,13.0,0,0,0.025,7.69,0.0,0.12,あと3日,https://detail.chiebukuro.yahoo.co.jp/qa/question_detail/q10324941815,羽田空港第二ターミナルのロッカーの施錠方法はなんですか 例)鍵、暗証番号など,0,0
2078,2026/2/2 20:01,オークション、フリマサービス,tor********,8時間37分,2,9,4.5,0,0,0.017,22.22,0.0,0.21,あと3日,https://detail.chiebukuro.yahoo.co.jp/qa/question_detail/q14324941814,メルカリ、楽天ラクマとかで出品しているものは割りと良質な物もありますか？,0,0
2079,2026/2/2 20:01,福祉、介護,yuyu,8時間37分,0,8,8.0,0,0,0.015,0.0,0.0,0.02,あと3日,https://detail.chiebukuro.yahoo.co.jp/qa/question_detail/q13324941813,訪問看護について質問です。 訪問看護受けようか悩んでます。 実家暮し作業所B型に通ってます。 聞きたいこと 料金かかるのか、かかるとしたらいくらかかるか わかる人教えて欲しいです,0,0
2080,2026/2/2 20:01,料理、食材,ヨッシー,8時間37分,8,41,5.1,0,0,0.079,19.51,0.0,0.85,あと3日,https://detail.chiebukuro.yahoo.co.jp/qa/question_detail/q12324941812,ラーメンの後はアイスクリームですか？,0,0
2081,2026/2/2 20:01,病気、症状,luc********,8時間37分,0,2,2.0,0,0,0.004,0.0,0.0,0.0,あと3日,https://detail.chiebukuro.yahoo.co.jp/qa/question_detail/q11324941811,プレート除去手術後について 骨折してプレート等を入れているのですが、それを除去する手術をする予定なのですが、除去手術後（退院後）即仕事復帰とか大丈夫なのでしょうか？ かなり大掛かりに埋め込まれているの...,0,0
2082,2026/2/2 20:01,iPhone,皆の噂される発祥地,8時間37分,0,13,13.0,0,0,0.025,0.0,0.0,0.03,あと3日,https://detail.chiebukuro.yahoo.co.jp/qa/question_detail/q12324941807,2026年２月2日にて、機種変更したiPhone１６がまた故障しました!ショートメールの送信の日付時刻すら表示がなくて、送信済みなのかが不明です！ 下記にて、プライベートの一部ですが、写真添付を致しま...,0,0
2083,2026/2/2 20:01,恋愛相談、人間関係の悩み,とら,8時間37分,1,7,7.0,0,0,0.014,14.29,0.0,0.11,あと3日,https://detail.chiebukuro.yahoo.co.jp/qa/question_detail/q13324941808,中1男子です、美容について何点かです。 現在肌が少し黒く、肌を白くしたいです。顔は白いんですが、足と手が黒く、どうにかしたいです何かいい方法はありますか？ あと、今すね毛、腕毛がありますが、剃った方が...,0,0
2084,2026/2/2 20:01,就職活動,非公開,8時間37分,6,21,3.5,0,0,0.041,28.57,0.0,0.62,あと3日,https://detail.chiebukuro.yahoo.co.jp/qa/question_detail/q10324941810,大手企業に就職できたら幸せになれますか？,0,0
2085,2026/2/2 20:01,高校受験,a981bf2b8,8時間37分,1,12,12.0,0,0,0.023,8.33,0.0,0.12,あと3日,https://detail.chiebukuro.yahoo.co.jp/qa/question_detail/q14324941809,徳島県の名西高校についてです。 私は中二で、名西高校の芸術科の美術コースに進みたいと考えています。 入るにはやっぱり絵が上手くないと入れないですよね？ 実技はデッサンと聞きました。 また、実績重視の高...,0,0
2086,2026/2/2 20:01,ゲーム,非公開,8時間37分,0,25,25.0,0,0,0.048,0.0,0.0,0.05,あと3日,https://detail.chiebukuro.yahoo.co.jp/qa/question_detail/q11324941806,第五人格判定おかしくないですか？確実に板間に入っていたのに当たらずにハンターがもりっと動きます。,0,0
2087,2026/2/2 20:01,病気、症状,aiueo1234,8時間37分,0,9,9.0,0,0,0.017,0.0,0.0,0.02,あと3日,https://detail.chiebukuro.yahoo.co.jp/qa/question_detail/q10324941805,日曜日に突然少量の鼻水と38.7〜39.2の発熱。 当番医受診。様子見。 月曜日鼻水は治り熱のみ38.7〜39.2の発熱。 かかりつけ受診。インフルエンザ陰性。 解熱剤を使ってますが38度代。今は40...,0,0
2088,2026/2/2 20:01,メルカリ,oha********,8時間37分,0,30,30.0,0,0,0.058,0.0,0.0,0.06,あと3日,https://detail.chiebukuro.yahoo.co.jp/qa/question_detail/q14324941804,今メルカリで発送準備中、初めてバグ？ に遭遇しました。10件ほど発送待ちの商品を梱包して封筒に送り先の住所と名前を記入して家の前のポストに入れるので発送通知を押したらエラーみたいなのが出て発送通知を送...,0,0
2089,2026/2/2 20:01,恋愛相談、人間関係の悩み,非公開,8時間38分,2,55,27.5,0,0,0.106,3.64,0.03,0.3,あと3日,https://detail.chiebukuro.yahoo.co.jp/qa/question_detail/q12324941802,むねがＡカップもありません。 もう自分が大嫌いです。 むねさえあればもっと自信もって生きれました。 どうしたらよいですか？ 豊胸やホルモン注射は嫌です。 偽物では意味がないからです。 タンパク質を摂っ...,0,0
2090,2026/2/2 20:01,子育ての悩み,gfu********,8時間38分,2,16,8.0,0,0,0.031,12.5,0.0,0.22,あと3日,https://detail.chiebukuro.yahoo.co.jp/qa/question_detail/q10324941800,4ヶ月の赤ちゃんですが、突然ミルクを飲まなくなりました。哺乳瓶を嫌います。どうしたらいいですか？ 授乳間隔は適切だと思いますが、かなり空いていて、1日の授乳量も少ないです。ミルクに飽きたのですかね。み...,0,0
2091,2026/2/2 20:01,パソコン,chi********,8時間38分,2,10,5.0,0,0,0.019,20.0,0.0,0.21,あと3日,https://detail.chiebukuro.yahoo.co.jp/qa/question_detail/q14324941799,パラメーターが間違っているとでます。 昨日出て、今日も連続して出ました。 特に何か不具合が起きているわけではないですが、どこで原因を探ればいいのでしょうか？,0,0
2092,2026/2/2 20:01,恋愛相談、人間関係の悩み,150SONG,8時間38分,0,6,6.0,0,0,0.012,0.0,0.0,0.01,あと3日,https://detail.chiebukuro.yahoo.co.jp/qa/question_detail/q13324941798,僕の友達が、僕が入って1ヶ月のバイト先の人（同じ高校の一個下）と会ったらしいです。 そのとき友達が僕の特徴を話したら、「〇〇さんですよね」と返されたそうです。 さらに友達が僕と仲がいいと言うことを話し...,0,0
2093,2026/2/2 20:01,税金,pei********,8時間38分,1,12,12.0,0,0,0.023,8.33,0.0,0.12,あと3日,https://detail.chiebukuro.yahoo.co.jp/qa/question_detail/q11324941801,今年1月の令和7年分の源泉徴収票みて、支払い金額が210万強で源泉徴収税額が0となってると税金引かれてないということですか？ この場合は確定申告不要なのでしょうか？ 医療費が10万前後あるはずなんです...,0,0
2094,2026/2/2 20:01,決済、ポイントサービス,b607d7e3c,8時間38分,0,24,24.0,0,0,0.046,0.0,0.0,0.05,あと3日,https://detail.chiebukuro.yahoo.co.jp/qa/question_detail/q12324941797,ペイディについて質問です。 現在、ペイディの支払い(本来の支払い期限は1月末)が１件だけまだ支払えていない状況です。 滞納した場合、今後の大まかな流れ(この時期にこういう通知が来る等)をどなたか教えて...,0,0
2095,2026/2/2 20:01,ゲーム,匿名,8時間38分,0,1,1.0,0,0,0.002,0.0,0.0,0.0,あと3日,https://detail.chiebukuro.yahoo.co.jp/qa/question_detail/q11324941796,あつもりについて質問です 株価が一番上がりやすい曜日っていつですか？,0,0
2096,2026/2/2 20:01,スポーツ,aig********,8時間38分,0,6,6.0,0,0,0.012,0.0,0.0,0.01,あと3日,https://detail.chiebukuro.yahoo.co.jp/qa/question_detail/q10324941795,初めてBCのシールを購入予定です。サロモンロッカー2のツインチップに使用予定です。 長さ166cm。トップ128mmセンター108mmテール121mmです。ポモカ POMOCAのシールをつけようと思い...,0,0
2097,2026/2/2 20:01,恋愛相談、人間関係の悩み,1252837706,8時間38分,1,15,15.0,1,0,0.029,6.67,0.0,0.32,あと3日,https://detail.chiebukuro.yahoo.co.jp/qa/question_detail/q14324941794,高二男です。べピオってやつを3年間ぐらい塗ってるんですけど小さいニキビが永遠に出てきてスベスベになれません。洗顔もしてます。,0,0
2098,2026/2/2 20:01,女性の病気,bdde36b41,8時間38分,2,37,18.5,0,0,0.071,5.41,0.01,0.26,あと3日,https://detail.chiebukuro.yahoo.co.jp/qa/question_detail/q12324941792,至急です。卵巣嚢腫かもしれなくて悩んでいます。 16歳です。1週間ほど前から排便時に右下腹部に痛みがあり、調べてみたところ卵巣嚢腫に罹っているとその症状が出ることがあるとインターネットで知ったのですが...,0,0
2099,2026/2/2 20:00,ゲーム,waogt06115,8時間39分,1,52,52.0,0,0,0.1,1.92,0.05,0.2,あと3日,https://detail.chiebukuro.yahoo.co.jp/qa/question_detail/q11324941791,サカつく2026について質問です。 サカつくモードの スカウトや直接オファーで 転生選手を見つけたいのですが… 偽名など多くてなかなかむずかしいので コツを教えていただきたいです。 よろしくお願いしま...,0,0
2100,2026/2/2 20:00,友人関係の悩み,cd3bb5ff5,8時間39分,6,70,11.7,0,1,0.135,8.57,0.02,0.77,あと3日,https://detail.chiebukuro.yahoo.co.jp/qa/question_detail/q14324941789,女性から見たら171cmの男は小柄ですか？ 自分が171cmでもう少しあればなとは思いつつ引きずるほど気にしてないというかまぁこんなもんかと思ってます。 ただ日本人の男の平均が172あるかないかだった...,0,0
2101,2026/2/2 20:00,映画,匿名,8時間39分,2,11,5.5,0,2,0.021,18.18,0.0,0.33,あと3日,https://detail.chiebukuro.yahoo.co.jp/qa/question_detail/q12324941787,女の子って感じの映画ってありませんか？ おんなのこきらいっていう映画が好きです,0,0
2102,2026/2/2 20:00,職場の悩み,1053072457,8時間39分,2,14,7.0,0,0,0.027,14.29,0.0,0.22,あと3日,https://detail.chiebukuro.yahoo.co.jp/qa/question_detail/q13324941788,シルバーライフお弁当配達のお給料についてお聞かせください。 入って1ヶ月もしていないアルバイトです、まだ初給料は支給されていません。 業務内容としては20件のお弁当を固定の高齢者のお宅に届けることです...,0,0
2103,2026/2/2 20:00,恋愛相談,sak********,8時間39分,2,53,26.5,0,3,0.102,3.77,0.03,0.47,あと3日,https://detail.chiebukuro.yahoo.co.jp/qa/question_detail/q11324941786,恋愛カテを見ているとアレな女性ばかりなのは何故ですか？ これほど判断力などが弱い女性がいるのが信じられないです。 「これってヤリ目ですか？」「脈ありですか？」「彼の心理が知りたいです。」 「なんて返信...,0,0
2104,2026/2/2 20:00,美術、芸術,hay********,8時間40分,1,18,18.0,0,0,0.035,5.56,0.01,0.13,あと3日,https://detail.chiebukuro.yahoo.co.jp/qa/question_detail/q10324941785,どなたの書でしょうか。よろしくお願いします。,0,0
2105,2026/2/2 20:00,政治、社会問題,非公開,8時間40分,4,32,8.0,0,2,0.062,12.5,0.0,0.56,あと3日,https://detail.chiebukuro.yahoo.co.jp/qa/question_detail/q14324941784,今年のアメリカの中間選挙ではトランプさんが勝つと思いますか？,0,0
2106,2026/2/2 20:00,ペット,ちゃねーふけ,8時間40分,2,17,8.5,0,3,0.033,11.76,0.0,0.4,あと3日,https://detail.chiebukuro.yahoo.co.jp/qa/question_detail/q13324941783,犬派、猫派どっちですか？ 私は犬派です。,0,0
2107,2026/2/2 20:00,ネコ,pre********,8時間40分,0,6,6.0,0,0,0.012,0.0,0.0,0.01,あと3日,https://detail.chiebukuro.yahoo.co.jp/qa/question_detail/q11324941781,ハートピアスローライフの猫について。 犬猫解放後、犬はお目当ての白柴をスグにゲット出来たが、猫のお目当てがなかなか出ず毎日毎日ペット屋へ…(´；ω；｀) ハチワレ雄、茶トラ雄、キジトラ雌…… 我が家で...,0,0
2108,2026/2/2 20:00,大学受験,1252772078,8時間40分,0,24,24.0,0,0,0.046,0.0,0.0,0.05,あと3日,https://detail.chiebukuro.yahoo.co.jp/qa/question_detail/q12324941782,偏差値66の高校（中高一貫ではない）に通う高校二年生で河合偏差値で3科目合計65-70くらいなのですが、共テ同日とこの前の河合共テ模試（写真 下）はこんな感じなのですが、 大阪大学基礎工学部情報科学科...,0,0
2109,2026/2/2 20:00,宗教,1252573874,8時間40分,0,1,1.0,0,0,0.002,0.0,0.0,0.0,あと3日,https://detail.chiebukuro.yahoo.co.jp/qa/question_detail/q10324941780,何年か前に七福神の中の1人の布袋様の置物をカンボジアに旅に行っていた友人からもらいました。 個人的にはスピリチュアルなことが好きなのでとても嬉しかったです。 七福神などの置物をもらうことはとても運のい...,0,0
2110,2026/2/2 20:00,病院、検査,1249934912,8時間40分,1,12,12.0,0,3,0.023,8.33,0.0,0.29,あと3日,https://detail.chiebukuro.yahoo.co.jp/qa/question_detail/q14324941779,本日整形外科に仕事終わりに行ってきたのですが、職場近くのその整形外科は2時間待たされる上に外出制限があったので別の少し遠い整形外科に行きました。 すると、初診で行ったのに問診票を書いてる間に直ぐに呼ば...,0,0
2111,2026/2/2 20:00,賃貸物件,nan********,8時間40分,0,16,16.0,0,0,0.031,0.0,0.0,0.03,あと3日,https://detail.chiebukuro.yahoo.co.jp/qa/question_detail/q13324941778,賃貸の新居の壁紙について質問です。 新居の入居時確認の際に添付写真の汚れを見つけました。場所はキッチンの天井です。 色は赤黒く見えました。 大きさは一つの円が直径1センチくらいです。 これは雨漏りの跡...,0,0
2112,2026/2/2 20:00,郵便、宅配,あ,8時間40分,3,92,30.7,0,0,0.177,3.26,0.05,0.46,あと3日,https://detail.chiebukuro.yahoo.co.jp/qa/question_detail/q12324941777,新潟大学に出願するのですが、山梨から新潟まで明日郵便局で簡易書留速達で出して明後日24日までに届きますかね？ また、岐阜大学(岐阜県)だとどうですか？,0,0
2113,2026/2/2 20:00,フランス語,yam********,8時間40分,1,5,5.0,0,1,0.01,20.0,0.0,0.16,あと3日,https://detail.chiebukuro.yahoo.co.jp/qa/question_detail/q10324941775,フランス語のapporterについて j’apporte des sandwichs chez mes amisは「友達の家にサンドイッチを持っていきます」だそうですが、apporterは「話し手が今...,0,0
2114,2026/2/2 20:00,Yahoo!知恵袋,1049924399,8時間40分,1,16,16.0,0,1,0.031,6.25,0.0,0.18,あと3日,https://detail.chiebukuro.yahoo.co.jp/qa/question_detail/q11324941776,20才以上で身長が1cm以上伸びた回答者様はいらっしゃいますか？,0,0
2115,2026/2/2 20:00,職場の悩み,非公開,8時間40分,1,21,21.0,0,2,0.04,4.76,0.01,0.25,あと3日,https://detail.chiebukuro.yahoo.co.jp/qa/question_detail/q12324941772,出勤を臨時休業にしました。LINEネームを本日休みと変えた瞬間複数名のお客様が臨時休業なのを知っているにも関わらず心配をするわけでもなく今日行きたかったのに休みですか？ とか、何日も先のシフトについて...,0,0
2116,2026/2/2 20:00,ドラム、打楽器,cebe3d486,8時間40分,1,16,16.0,0,0,0.031,6.25,0.0,0.13,あと3日,https://detail.chiebukuro.yahoo.co.jp/qa/question_detail/q11324941771,ロマネスク〜アザレアの海〜という曲のパーカッションについて質問です。 スコアを見てみるとperc3で物理的に無理だろうという移動などが複数あります。 Perc3は2人でやれということでしょうか…？ そ...,0,0
2117,2026/2/2 20:00,大学,非公開,8時間40分,2,17,8.5,0,0,0.033,11.76,0.0,0.22,あと3日,https://detail.chiebukuro.yahoo.co.jp/qa/question_detail/q14324941769,レポートに参考文献を書き忘れ、剽窃 盗作とみなされ、後期の講義0点、卒業試験も0点になり、留年になることはありえますか？,0,0
2118,2026/2/2 20:00,麻雀,jun********,8時間40分,0,8,8.0,0,0,0.015,0.0,0.0,0.02,あと3日,https://detail.chiebukuro.yahoo.co.jp/qa/question_detail/q10324941770,チップあり、スコア記憶ができる麻雀ゲームについて セット打ちで雀荘で打つような色々な設定ができる無料の 麻雀ゲームは存在しますか？ 具体的には ・チップのやりとりができる。 開始時に20枚前後のチップ...,0,0
2120,2026/2/2 20:00,自動車,1051961860,8時間41分,2,15,7.5,0,0,0.029,13.33,0.0,0.22,あと3日,https://detail.chiebukuro.yahoo.co.jp/qa/question_detail/q12324941767,どなたか教えてください。SUZUKIアルト ha24sのステアリングボスを交換した際にスパイラルケーブルが破損してしまいました。同時にウインカーが付かなくなりました。原因分かる方いたら教えてください。,0,0
2121,2026/2/2 20:00,中古車,oko********,8時間41分,3,35,11.7,0,0,0.067,8.57,0.01,0.35,あと3日,https://detail.chiebukuro.yahoo.co.jp/qa/question_detail/q10324941765,ほぼ新品のNワゴンを3年半前にディーラーで購入後事故もなくきれいなままですが、もうあまり乗らなくなったので今回手放そうと思います。 個人売買か、どこかの大手買取業者に持ち込むことになると思うのですが、...,0,0
2122,2026/2/2 20:00,マラソン、陸上競技,a49f8663a,8時間41分,3,12,4.0,1,0,0.023,25.0,0.0,0.5,あと3日,https://detail.chiebukuro.yahoo.co.jp/qa/question_detail/q13324941763,中学生の800mでベストタイムが2分21なんですがドラゴンフライ2を履くのはいいと思いますか？ あとタイムを縮める方法を教えてください。 扁平足なので長距離があまり得意ではないです。,0,0
2123,2026/2/2 20:00,美容整形,みみみ,8時間41分,1,23,23.0,0,0,0.044,4.35,0.01,0.14,あと3日,https://detail.chiebukuro.yahoo.co.jp/qa/question_detail/q12324941762,一昨日二重切開、目頭切開(おそらくその際に少し脂肪もとった)をしたのですが、二重線の上にも線？ができ始めました。腫れの影響、、？ なのかこれは大丈夫なのでしょうか。また、平行二重を希望したのですが、目...,0,0
2124,2026/2/2 20:00,恋愛相談,2974bwpj,8時間41分,2,45,22.5,0,0,0.086,4.44,0.02,0.28,あと3日,https://detail.chiebukuro.yahoo.co.jp/qa/question_detail/q11324941761,振られたのに追おうとする気持ちが分かりません。 仲良い友達が3人ほど恋人に振られてしまいました。辛いし悲しい気持ちは凄くわかるんですけど、復縁したい、連絡したいとばかり言われます。でも恋人というか片思...,0,0
2125,2026/2/2 20:00,鉄道、列車、駅,xx_********,8時間41分,5,66,13.2,0,1,0.127,7.58,0.02,0.66,あと3日,https://detail.chiebukuro.yahoo.co.jp/qa/question_detail/q10324941760,AI回答は間違いも多いので、知ってる人間がいたら教えて欲しいのですが、東京から高尾まで中央線グリーン車が750円とYahooで出てきましたが、 高尾までだと50km超えてて1000円になると思うのです...,0,0
2126,2026/2/2 20:00,病気、症状,ab74d321f,8時間41分,1,28,28.0,0,0,0.054,3.57,0.02,0.15,あと3日,https://detail.chiebukuro.yahoo.co.jp/qa/question_detail/q14324941759,今度門司から大阪までの名門大洋フェリーに乗るものです。船酔いがそこまでひどいというわけではないのですが、以前飛行機に乗った際、降りた後にまだ乗っている感じがして（三半規管が原因？ ）気持ち悪かったとい...,0,0
2127,2026/2/2 20:00,予備校、進学塾,非公開,8時間41分,0,3,3.0,0,0,0.006,0.0,0.0,0.01,あと3日,https://detail.chiebukuro.yahoo.co.jp/qa/question_detail/q13324941758,河合塾に通っている方に質問です。現在は日本史を取っていて早慶大日本史の竹内先生の授業を4月から取ろうと思っているのですが、それまでにしておくべきことはありますか？また竹内先生は当てたりしますか？,0,0
2128,2026/2/2 20:00,日本史,afaf1c99f,8時間41分,2,7,3.5,0,0,0.013,28.57,0.0,0.2,あと3日,https://detail.chiebukuro.yahoo.co.jp/qa/question_detail/q12324941757,会津藩は新選組の目に余る行動に対して 会津藩は近藤を謹慎すらできなかった 当たってるのですか,0,0
2129,2026/2/2 20:00,テーマパーク,c62c11588,8時間41分,1,40,40.0,1,0,0.077,2.5,0.03,0.36,あと3日,https://detail.chiebukuro.yahoo.co.jp/qa/question_detail/q11324941756,至急お願いします！ 2月17日にディズニーのシーかランドに行くんですけどどちらの方が空いてると思いますか？ それとヒョウ柄、ズートピアのファンキャップがどちらもパーク在庫×となっているのですがわんちゃ...,0,0
2130,2026/2/2 20:00,イベント、フェス,k0929no64,8時間41分,0,13,13.0,0,0,0.025,0.0,0.0,0.02,あと3日,https://detail.chiebukuro.yahoo.co.jp/qa/question_detail/q10324941755,回答お願いします。 今度大阪で遊ぶのですが、だいぶ歩きます。 2個イベントはしごするので上から下まで電車やら徒歩やらで移動距離が長いのですが13センチの厚底はやめた方が賢明ですよね？ イベントに行く際...,0,0
2131,2026/2/2 20:00,ニコニコ動画,bf7a72808,8時間41分,0,5,5.0,0,0,0.01,0.0,0.0,0.01,あと3日,https://detail.chiebukuro.yahoo.co.jp/qa/question_detail/q14324941754,ゆゆうたさんの動画でアニメ曲を当てるみたいな切り抜きが見当たらないのですがわかる方いますか？,0,0
2132,2026/2/2 20:00,料理、食材,薄馬鹿 外郎,8時間41分,3,39,13.0,0,3,0.075,7.69,0.01,0.53,あと3日,https://detail.chiebukuro.yahoo.co.jp/qa/question_detail/q12324941752,タルタルソースを作るのにちゃんとキュウリのピクルスを使ってますか？ 私は生のキュウリで代用して、それでも美味しいと思うのですが、ピクルスでないとダメでしょうか？ また、定番のカキフライなどのフライもの...,0,0
2133,2026/2/2 20:00,恋愛相談、人間関係の悩み,1152578838,8時間41分,0,7,7.0,0,0,0.013,0.0,0.0,0.01,あと3日,https://detail.chiebukuro.yahoo.co.jp/qa/question_detail/q13324941753,好きな女の子からBeReal消されました。 最近までリアクションとか続いていました これって脈ナシですよね... ほんとに萎えてます 誰か教えてください。 お願いします,0,0
2134,2026/2/2 20:00,Yahoo!メール,オオイ,8時間41分,1,30,30.0,0,0,0.057,3.33,0.02,0.15,あと3日,https://detail.chiebukuro.yahoo.co.jp/qa/question_detail/q10324941750,ヤフーメールが受信できなくなりました。 皆さんはどうですか？ 新着なしのままです。 1週間前にairターミナル６に変更した影響でしょうか？ それとも料金未払いの影響でしょうか？ それとも？？,0,0
2135,2026/2/2 19:59,同人誌、コミケ,a2433f721,8時間42分,2,28,14.0,0,0,0.054,7.14,0.01,0.24,あと3日,https://detail.chiebukuro.yahoo.co.jp/qa/question_detail/q14324941749,同人誌って通販で注文してから大体何日で届くんですか？,0,0
2136,2026/2/2 19:59,子どもの病気とトラブル,reo********,8時間42分,2,33,16.5,0,1,0.063,6.06,0.01,0.31,あと3日,https://detail.chiebukuro.yahoo.co.jp/qa/question_detail/q13324941748,子供（小２、女の子）がトイレでうんちをした時ペーパーで拭くと血がついてると言ってきました。 子供が言うには（たまに）だそうです。 おそらく2回以上あったから不安になって私に伝えてきたのかと思います。 ...,0,0
2137,2026/2/2 19:59,アルバイト、フリーター,c3da0d470,8時間43分,4,14,3.5,0,0,0.027,28.57,0.0,0.41,あと3日,https://detail.chiebukuro.yahoo.co.jp/qa/question_detail/q12324941747,イベント人材派遣会社について質問したいです 基本的にそういうアルバイトは実働時間はどのくらいなのでしょうか？ 応募しようと思っている会社が時給が1140円で交通費は500円しかでないのですが、移動費で...,0,0
2138,2026/2/2 19:59,ニキビケア,123456789357159,8時間43分,1,13,13.0,1,0,0.025,7.69,0.0,0.31,あと3日,https://detail.chiebukuro.yahoo.co.jp/qa/question_detail/q11324941746,顔にいくつか肌色のぶつぶつがあって痛くも痒くもなくて、ずっと前からありますずっと無くしたいんですけど全然無くならなくて調べてみてもよくわからなくて、皮膚科に行ってもニキビだねって言われたんですが、 ニ...,0,0
2139,2026/2/2 19:59,世界史,非公開,8時間43分,1,5,5.0,0,0,0.01,20.0,0.0,0.1,あと3日,https://detail.chiebukuro.yahoo.co.jp/qa/question_detail/q10324941745,K国が日本と異なり「右側通行（左ハンドル）」なのは、大東亜戦争後の1946年、米軍政下で米国のシステムに合わせて変更された歴史があるためですか？,0,0
2140,2026/2/2 19:59,大学受験,1151126696,8時間43分,2,13,6.5,0,0,0.025,15.38,0.0,0.22,あと3日,https://detail.chiebukuro.yahoo.co.jp/qa/question_detail/q14324941744,2月5日に津田塾大学多文化国際協力学部を受けるものです、日本史試験について 2025-2023まで幕末以降しか出題されていないのでそこに絞って3日間詰めるのは危険でしょうか 古代-中世をいきなり出題す...,0,0
2141,2026/2/2 19:59,生き方、人生相談,社会問題の人,8時間43分,4,19,4.8,0,0,0.036,21.05,0.0,0.42,あと3日,https://detail.chiebukuro.yahoo.co.jp/qa/question_detail/q13324941743,休みの日、外出しますか？ 理由はありません,0,0
2142,2026/2/2 19:59,占い,ccf3fe867,8時間43分,1,13,13.0,0,0,0.025,7.69,0.0,0.12,あと3日,https://detail.chiebukuro.yahoo.co.jp/qa/question_detail/q12324941742,失せ物占いできる方お願いします。 先週の金曜日からハートのネックレスが見当たりません。 金曜日につけて出かけて帰宅して外したのを最後に見当たらなくなりました。 家の中を必死に探していますが出てきません...,0,0
2143,2026/2/2 19:59,友人関係の悩み,aa9c99c64,8時間43分,1,13,13.0,1,3,0.025,7.69,0.0,0.48,あと3日,https://detail.chiebukuro.yahoo.co.jp/qa/question_detail/q11324941741,プリクラ落書きする派ですか？しない派ですか？理由教えてくれるとありがたいです,0,0
2144,2026/2/2 19:59,恋愛相談、人間関係の悩み,1150113331,8時間43分,1,22,22.0,0,0,0.042,4.55,0.01,0.14,あと3日,https://detail.chiebukuro.yahoo.co.jp/qa/question_detail/q14324941739,女性の方に聞きたいです。 24歳身長173cm、顔面80点、性格も合う、筋肉そこそこ、清潔感もふつうにある、オタクじゃない、根暗じゃない、この人と結婚を見据えて付き合いたいと思ってたら、まさかの経験人...,0,0
2145,2026/2/2 19:59,女性アイドル,shi********,8時間43分,1,11,11.0,0,0,0.021,9.09,0.0,0.12,あと3日,https://detail.chiebukuro.yahoo.co.jp/qa/question_detail/q12324941737,ハロー!プロジェクトでは、コロナ移行の最近はCDの特典に握手会をやらないみたいですが、そうなんですか？ コロナが流行る前は握手会をしてましたが、最近はハロプロの現場に行ってないからわからないのです。握...,0,0
2146,2026/2/2 19:59,掃除,c554f8f57,8時間43分,2,9,4.5,0,0,0.017,22.22,0.0,0.21,不明,https://detail.chiebukuro.yahoo.co.jp/qa/question_detail/q13324941738,クリアクリーンとはなんですか,0,0
2147,2026/2/2 19:59,アルバイト、フリーター,エルマ・J・マリーブラッド,8時間43分,4,23,5.8,0,0,0.044,17.39,0.0,0.43,あと3日,https://detail.chiebukuro.yahoo.co.jp/qa/question_detail/q11324941736,一昨日飲食店のアルバイトに応募して面接をすることになったのですが、2回ほど念を押すような感じで面接前に店長に連絡を入れるよう言われました。 1度目は「着いたらご連絡頂きたいです」 2度目は「仕事終わり...,0,0
2148,2026/2/2 19:59,動画サービス,1252126100,8時間43分,1,14,14.0,0,0,0.027,7.14,0.0,0.12,不明,https://detail.chiebukuro.yahoo.co.jp/qa/question_detail/q10324941735,TikTokについてです。 私はまだTikTokに投稿してから1ヶ月も経っていないのですが、2000フォロワーいます バズった動画から4つくらい動画を上げたのですが2日で1万再生行っていいねは600と...,0,0
2149,2026/2/2 19:59,ヒト,1052183917,8時間43分,3,15,5.0,0,0,0.029,20.0,0.0,0.31,あと3日,https://detail.chiebukuro.yahoo.co.jp/qa/question_detail/q14324941734,今まで人類が感じてきた物理的な痛みを一気に受けるとどうなりますか？血などは出ないで痛みだけです 痛みで死ぬことはあるのでしょうか？ 自死はできないものとしてください,0,0
2150,2026/2/2 19:59,楽器全般,ad156f37,8時間43分,3,17,5.7,0,4,0.032,17.65,0.0,0.55,あと3日,https://detail.chiebukuro.yahoo.co.jp/qa/question_detail/q12324941732,ヤマハの葡萄が彫られたフルートとムラマツのフルートはどちらが価値がありますか？,0,0
2151,2026/2/2 19:59,邦楽,sak********,8時間43分,1,37,37.0,0,0,0.071,2.7,0.03,0.17,あと3日,https://detail.chiebukuro.yahoo.co.jp/qa/question_detail/q11324941731,歌が上手いのって生まれつきですか？ 松田聖子も１６歳でデビューしましたが、ソニー企画制作部の若松宗雄は、松田聖子の歌声に衝撃を受け、「この子は絶対に売れる」と確信して別件でプロデビューさせようとスカウ...,0,0
2152,2026/2/2 19:59,ゲーム,sk200639,8時間43分,1,9,9.0,0,0,0.017,11.11,0.0,0.11,不明,https://detail.chiebukuro.yahoo.co.jp/qa/question_detail/q10324941730,フリーナと胡桃の復刻っていつ来ると思いますか？ イネファ引くか迷ってるんですけどフリーナかフータオを優先したいです。 どう思いますか？,0,0
2153,2026/2/2 19:59,恋愛相談、人間関係の悩み,非公開,8時間43分,2,33,16.5,0,6,0.063,6.06,0.01,0.6,あと3日,https://detail.chiebukuro.yahoo.co.jp/qa/question_detail/q14324941729,【至急です】 昨日の夜好きな人に友達の言う通り「私のことどう思ってる？」って言ったのですが既読つきません。 よくよく考えると遠回しすぎたって本当に反省してます。 返信待った方がいいですかね…,0,0
2154,2026/2/2 19:59,大学受験,cb2ee72b4,8時間44分,1,29,29.0,0,0,0.055,3.45,0.02,0.15,あと3日,https://detail.chiebukuro.yahoo.co.jp/qa/question_detail/q13324941728,自分は現在高校2年生、偏差値55程度の高校に通っています。広島市立大学の情報科学部を第1希望にしていますが、今から広島大学情報科学部に合格することは可能でしょうか？ 今まで勉強の習慣がなく、最近塾に入...,0,0
2155,2026/2/2 19:59,法律相談,kas********,8時間44分,2,91,45.5,0,1,0.174,2.2,0.08,0.42,あと3日,https://detail.chiebukuro.yahoo.co.jp/qa/question_detail/q12324941727,コンサートで自分になりすました人が先に入場してしまった場合。 運営スタッフにそんなの知らない、対応できない、あなたが帰ってと言われた場合は警察を呼んで対応してもらってもいいのでしょうか？ チケットを見...,0,0
2156,2026/2/2 19:59,モータースポーツ,まっさい,8時間44分,1,11,11.0,0,0,0.021,9.09,0.0,0.12,あと3日,https://detail.chiebukuro.yahoo.co.jp/qa/question_detail/q11324941726,F1開幕前テストではフェラーリが最速だった様ですが今年は勝てるでしょうかタイムよりも周回を重ね新レギュレーションのPUの熟成の為周回数を重ねた方が良いのでしょうか？よろしくお願いいたします。,0,0
2157,2026/2/2 19:59,労働条件、給与、残業,1052964835,8時間44分,1,36,36.0,0,0,0.069,2.78,0.02,0.16,あと3日,https://detail.chiebukuro.yahoo.co.jp/qa/question_detail/q14324941724,最近、会社の給料計算に疑問をもちました。 弊社では１分単位で時間外が支給されます。 ただ、最初の30分は割増無しでの計算になります。 つまり、わかりにくいですが、月に15時間25分の時間外があった場合...,0,0
2158,2026/2/2 19:59,予備校、進学塾,0806030,8時間44分,2,9,4.5,0,0,0.017,22.22,0.0,0.21,あと3日,https://detail.chiebukuro.yahoo.co.jp/qa/question_detail/q10324941725,河合塾マナビスの進行度ランキングとはなんですか？,0,0
2159,2026/2/2 19:59,住宅ローン,reg********,8時間44分,2,21,10.5,0,0,0.04,9.52,0.0,0.23,あと3日,https://detail.chiebukuro.yahoo.co.jp/qa/question_detail/q13324941723,住宅ローンについて質問です。 残り25年ありますが、3月半ばに締め切りなので今のままの銀行に継続で借りようと思ってます。 固定10年で2.55%です。 変動金利ですと、1.35%ですが 今後を考えると...,0,0
2160,2026/2/2 19:59,iPhone,1151241004,8時間44分,1,8,8.0,0,0,0.015,12.5,0.0,0.11,あと3日,https://detail.chiebukuro.yahoo.co.jp/qa/question_detail/q11324941721,初期化古いiPhoneに、今使ってる新しいiPhoneを同期した場合。新しいiPhoneは使えなくなりますか？,0,0
2161,2026/2/2 19:59,ゲーム,Sayzz137386,8時間44分,1,5,5.0,0,0,0.01,20.0,0.0,0.1,あと3日,https://detail.chiebukuro.yahoo.co.jp/qa/question_detail/q10324941720,APEXにサインインしようとして、認証コードを打ち込むと、｢お客様のコードは有効ではありません｣と出てきます！解決策を教えてください！,0,0
2162,2026/2/2 19:59,料理、食材,匿名希望,8時間44分,3,14,4.7,0,0,0.027,21.43,0.0,0.31,あと3日,https://detail.chiebukuro.yahoo.co.jp/qa/question_detail/q12324941722,夕方、豚の角煮を作ったあと、直ぐに鍋に蓋をして、屋外に一晩放置しておきます。（今の時期だと3℃からマイナス5℃くらいになります。） この方法で今まで食中毒になったことはありませんが、 蓋に水滴がつくと...,0,0
2163,2026/2/2 19:59,メンズ全般,1252415927,8時間44分,2,48,24.0,1,0,0.091,4.17,0.02,0.47,あと3日,https://detail.chiebukuro.yahoo.co.jp/qa/question_detail/q14324941719,大阪在住です。 難波や梅田に行くと、モンクレールのような高級ダウンを着用している方を大量にお見かけします。 ほとんどの方は本物を着用しているのでしょうか？ 大阪なので、鶴橋に行けば安く偽物が買えると思...,0,0
2164,2026/2/2 19:58,ニュース、事件,非公開,8時間45分,1,33,33.0,1,4,0.063,3.03,0.02,0.58,あと3日,https://detail.chiebukuro.yahoo.co.jp/qa/question_detail/q13324941718,どのアカウントでもずっとこの広告が出続けるって異常だよ 高市政権で消費税12パーセント 日本列島を、強く豊かに。←日本国民じゃなくて日本列島？ 頑張る人が報われ、困った時には助け合い、夢を持って働ける...,0,0
2165,2026/2/2 19:58,画像、写真共有,れれ,8時間45分,1,9,9.0,0,0,0.017,11.11,0.0,0.11,あと3日,https://detail.chiebukuro.yahoo.co.jp/qa/question_detail/q12324941717,至急 TikTokで上がっている画像をホーム画面にするのは何かの問題になりますか？,0,0
2166,2026/2/2 19:58,スマートフォンアクセサリー,b48e88f53,8時間45分,1,7,7.0,0,0,0.013,14.29,0.0,0.11,あと3日,https://detail.chiebukuro.yahoo.co.jp/qa/question_detail/q11324941716,大至急！！ おすすめのワイヤレス充電器を教えてほしいです。イヤホンとスマホの2を同時充電器できるやつがいいです。,0,0
2167,2026/2/2 19:58,大学受験,1052328493,8時間45分,1,37,37.0,0,0,0.07,2.7,0.03,0.17,あと3日,https://detail.chiebukuro.yahoo.co.jp/qa/question_detail/q10324941715,滑り止めの大学を受けてきたのですが過去問ではどの年度を解いても落ちることはない点数を取れていたのですが今日試験が終わってみると受かるか受からないか微妙な出来だと感じでいます。 受からないなと思ってたけ...,0,0
2168,2026/2/2 19:58,交通、地図,tet********,8時間45分,0,5,5.0,0,0,0.01,0.0,0.0,0.01,あと3日,https://detail.chiebukuro.yahoo.co.jp/qa/question_detail/q14324941714,2025年5月に誕生したご当地ナンバーである十勝、日光、江戸川、安曇野、南信州のうち、江戸川だけいろんなところで見かけるのはなぜでしょうか？その他の4つはまだ全然見かけません。 江戸川ナンバーだけ急激...,0,0
2169,2026/2/2 19:58,話題の人物,未設定,8時間46分,0,22,22.0,0,0,0.042,0.0,0.0,0.04,あと3日,https://detail.chiebukuro.yahoo.co.jp/qa/question_detail/q13324941713,今話題になってるきららさん。 あの人どうなるんでしょうね？ 捕まりましたか？ 親が社長らしいですが権力行使であやふやにされるんでしょうか？ あの行為は許せません。人として最低です。 どうか逮捕されます...,0,0
2170,2026/2/2 19:58,政治、社会問題,1252204103,8時間46分,7,84,12.0,1,20,0.16,8.33,0.02,2.15,あと3日,https://detail.chiebukuro.yahoo.co.jp/qa/question_detail/q12324941712,円安でホクホクなんですか？ 私は輸出産業に勤めており会社の株価は爆上がりで会社は過去最高益です。 でも俺の給料ちっとも上がらんのですが…。,0,0
2171,2026/2/2 19:58,携帯型ゲーム全般,1150959224,8時間46分,1,24,24.0,0,0,0.046,4.17,0.01,0.14,あと3日,https://detail.chiebukuro.yahoo.co.jp/qa/question_detail/q11324941711,原神の神里綾華パーティについてです。 どちらの編成の方が強いですか？また他キャラを組み合わせて別の提案をして頂いても構いません。エスコは未所持です。 綾華 フリーナ シトラリ ジン 綾華 フリーナ シ...,0,0
2172,2026/2/2 19:58,洗濯、クリーニング,c554f8f57,8時間46分,1,12,12.0,0,0,0.023,8.33,0.0,0.12,不明,https://detail.chiebukuro.yahoo.co.jp/qa/question_detail/q14324941709,洗濯機で使う洗剤の種類教えてください,0,0
2173,2026/2/2 19:58,妊娠、出産,はむ,8時間46分,2,38,19.0,0,0,0.072,5.26,0.01,0.26,あと3日,https://detail.chiebukuro.yahoo.co.jp/qa/question_detail/q12324941707,妊娠12週目です。 かなり大きな子だなと先生から言われました。 初めてのことで、どれくらいが普通か分からなくて ダウン症とかもなにも言われなかったということは大丈夫なのでしょうか？ 性別は、まだ言われ...,0,0
2174,2026/2/2 19:58,世界史,猫,8時間46分,3,10,3.3,0,0,0.019,30.0,0.0,0.3,不明,https://detail.chiebukuro.yahoo.co.jp/qa/question_detail/q11324941706,グプタ朝の時代に何でヒンドゥー教が民衆に広がったのですか？,0,0
2175,2026/2/2 19:58,プロ野球,吉報師,8時間46分,7,70,10.0,0,15,0.133,10.0,0.01,1.65,あと3日,https://detail.chiebukuro.yahoo.co.jp/qa/question_detail/q14324941704,『巨人の４番は日本の４番』 何時から言わなくなりましたか教えて。,0,0
2176,2026/2/2 19:58,LINE,1052691172,8時間46分,1,19,19.0,0,0,0.036,5.26,0.01,0.13,あと3日,https://detail.chiebukuro.yahoo.co.jp/qa/question_detail/q13324941703,LINEの通知がこなくなりました。 スマホの再起動や、設定アプリからの通知設定、LINEアプリ内の通知設定など、あらゆることを試しましたが通知がきません。 どなたか通知がくる方法を知っている方、教えて...,0,0
2177,2026/2/2 19:58,声優,dwk********,8時間46分,1,33,33.0,0,0,0.063,3.03,0.02,0.16,あと3日,https://detail.chiebukuro.yahoo.co.jp/qa/question_detail/q12324941702,画像の3人の声優さんの名前教えてください,0,0
2179,2026/2/2 19:58,大学受験,1151416998,8時間46分,2,27,13.5,0,4,0.051,7.41,0.01,0.47,あと3日,https://detail.chiebukuro.yahoo.co.jp/qa/question_detail/q10324941700,東洋大学って現役。一浪って入学辞退するとブラックリストいりですか？,0,0
2180,2026/2/2 19:58,住宅,1049924399,8時間46分,1,9,9.0,0,1,0.017,11.11,0.0,0.17,あと3日,https://detail.chiebukuro.yahoo.co.jp/qa/question_detail/q14324941699,南向きの家について 南向きの家とは、玄関が南を向いている、 のでしょうか？ 絵や図はどんな感じでしょうか？,0,0
2181,2026/2/2 19:58,恋愛相談、人間関係の悩み,a8e35034f,8時間46分,2,23,11.5,0,0,0.044,8.7,0.01,0.23,あと3日,https://detail.chiebukuro.yahoo.co.jp/qa/question_detail/q13324941698,中学生女です。どんな子が男の子にモテますか？！やっぱりギャルとかがいいんですかね？ちなみに、周りだと結構派手めの子がモテています。私の特徴は ・運動能力がすごく高くてゴリラみたいとよく言われる ・元気...,0,0
2182,2026/2/2 19:58,女性アイドル,1151237713,8時間46分,4,34,8.5,0,0,0.065,11.76,0.01,0.44,あと3日,https://detail.chiebukuro.yahoo.co.jp/qa/question_detail/q12324941697,小倉優子さんってよほど性格悪いんですかね？ 妊娠中に旦那が出て行くってよほどですよね。 一般人でもそんなことなかなか無いのに。,0,0
2183,2026/2/2 19:58,お酒、ドリンク,プニプニおじ,8時間46分,3,31,10.3,0,1,0.059,9.68,0.01,0.4,あと3日,https://detail.chiebukuro.yahoo.co.jp/qa/question_detail/q11324941696,昨日､バーでハイボール、一杯しか飲んでないのに2杯分、請求されたような気がするんですが､こういう事､皆さんもありますか？,0,0
2184,2026/2/2 19:58,動画、映像,名無し,8時間46分,0,5,5.0,0,0,0.009,0.0,0.0,0.01,あと3日,https://detail.chiebukuro.yahoo.co.jp/qa/question_detail/q14324941694,iPhone16e に、機種変したら画面収録の動画が見にくくなって、何がどの動画か、もっと分かりやすく表示されないですか？分かる人誰か教えてほしいです。,0,0
2185,2026/2/2 19:58,アニメ,1151279593,8時間47分,2,13,6.5,0,0,0.025,15.38,0.0,0.21,あと3日,https://detail.chiebukuro.yahoo.co.jp/qa/question_detail/q13324941693,プリキュアについて 小さい頃に見たであろうプリキュアの記憶を書き記すので、どの作品か教えて欲しいです。記憶はかなり曖昧なのでご容赦ください。 ・主人公たちが敵陣地に行くといつもより数万分の1くらいの力...,0,0
2187,2026/2/2 19:58,バイク,cac3c3971,8時間47分,1,13,13.0,0,0,0.025,7.69,0.0,0.12,あと3日,https://detail.chiebukuro.yahoo.co.jp/qa/question_detail/q11324941691,アドレスv50 原付 について質問です。型番はca44aです。 最近中古の原付を買った初心者です。 ヘッドライトの下にあるボルトを外した時にそのボルトの一部がアドレスv50の内部に入ってしまいました。...,0,0
2188,2026/2/2 19:58,ヘアスタイル,1253216429,8時間47分,0,1,1.0,0,0,0.002,0.0,0.0,0.0,あと3日,https://detail.chiebukuro.yahoo.co.jp/qa/question_detail/q10324941690,ソフトツイスパをかけたいです。 2月7日に受験が終わり、2月25日まで自由登校期間で2月26日に学校へ行かなくてはいけません。 そこでこの自由登校期間遊びたいのでソフトツイスパをかけたいです。ですが拘...,0,0
2189,2026/2/2 19:58,郵便、宅配,1253276672,8時間47分,0,6,6.0,0,0,0.011,0.0,0.0,0.01,あと3日,https://detail.chiebukuro.yahoo.co.jp/qa/question_detail/q13324941688,sheinって大体何日で届きますか？,0,0
2190,2026/2/2 19:58,恋愛相談、人間関係の悩み,c51e1826c,8時間47分,0,6,6.0,0,0,0.011,0.0,0.0,0.01,あと3日,https://detail.chiebukuro.yahoo.co.jp/qa/question_detail/q14324941689,希望休、全く出さなかったらそれはそれで怖いでしょうか。私は別に休みがあればその日にしたい事したら良いかなって感じです。 最近は特に予約して行くものもあまり無いし、友達も別にいないし恋人もいないし、悲し...,0,0
2191,2026/2/2 19:58,ファッション,のこのこ,8時間47分,0,5,5.0,0,0,0.009,0.0,0.0,0.01,あと3日,https://detail.chiebukuro.yahoo.co.jp/qa/question_detail/q11324941686,分かりにくくてすみません この服はどこの服ですか！,0,0
2192,2026/2/2 19:58,政治、社会問題,********,8時間47分,0,28,28.0,0,0,0.053,0.0,0.0,0.05,あと3日,https://detail.chiebukuro.yahoo.co.jp/qa/question_detail/q12324941687,2025年（11月まで）の東京都の出生数が高額予算2兆円の力業で増加（約1%）とのニュースがありましたが、2024年の婚姻数の増加（波があるが約6.5%）等の影響と、 周辺自治体からの子育て世帯の移住...,0,0
2193,2026/2/2 19:58,X（旧Twitter）,1053287083,8時間47分,0,10,10.0,0,0,0.019,0.0,0.0,0.02,あと3日,https://detail.chiebukuro.yahoo.co.jp/qa/question_detail/q10324941685,xのメインアカウントが凍結されました。(不正利用?の観点から)おそらく再読み込みしすぎてレート制限がかかったのが原因らしいですが サブ垢で活動していたところそのアカウントも凍結されました。異議申し立て...,0,0
2194,2026/2/2 19:58,X（旧Twitter）,GA GA,8時間47分,1,6,6.0,0,1,0.011,16.67,0.0,0.16,あと3日,https://detail.chiebukuro.yahoo.co.jp/qa/question_detail/q14324941684,X（旧Twitter）を引用ポストするのと、リプライするのは何が違いますか？前者は拡散した上でリプしたような意味合いでしょうか？,0,0
2195,2026/2/2 19:58,友人関係の悩み,Cohaku,8時間47分,1,18,18.0,0,0,0.034,5.56,0.01,0.13,あと3日,https://detail.chiebukuro.yahoo.co.jp/qa/question_detail/q12324941682,部活の先輩が、電車で隣に座った時に、 寝ていたのか、自分の方に寄っかかってきたんです。 これって異性としての気がなくてもする行動ですよね？ その場面を見ていた友達にあれこれ言われて困っています。,0,0
2196,2026/2/2 19:58,美術、芸術,hay********,8時間47分,0,7,7.0,0,0,0.013,0.0,0.0,0.01,あと3日,https://detail.chiebukuro.yahoo.co.jp/qa/question_detail/q13324941683,どなたの書でしょうか。よろしくお願いいたします,0,0
2197,2026/2/2 19:58,ギター、ベース,lD非公開,8時間47分,3,27,9.0,0,0,0.051,11.11,0.0,0.33,あと3日,https://detail.chiebukuro.yahoo.co.jp/qa/question_detail/q10324941680,EP BOOSTERを試奏してきましたが、変わるのはちょっとですよね？アンプでBASS やMIDDLEノブを少し上げたらもう一緒じゃない？ って思いました。「そこではない」というのがあればよろしくご教...,0,0
2198,2026/2/2 19:58,アニメ,〇,8時間47分,0,5,5.0,0,0,0.009,0.0,0.0,0.01,あと3日,https://detail.chiebukuro.yahoo.co.jp/qa/question_detail/q14324941679,ヒロアカ原画展で東京会場終了した後の特別通販ってすぐにグッズ売り切れましたか...？ 私は展示会に行けなかったので、全ての会場が終了した後の特別通販でグッズ買おうと思います。もし秒で売り切れたグッズな...,0,0
2199,2026/2/2 19:58,学資保険,c5636b9dd,8時間47分,2,48,24.0,0,0,0.091,4.17,0.02,0.28,あと3日,https://detail.chiebukuro.yahoo.co.jp/qa/question_detail/q12324941677,主人が学資保険を解約しようとしています。 子供は中1と中2の二人で、保険料は全て払い込み済みです。 発覚した経緯は主人が保険会社に解約返戻金について問い合わせていて、その文書が自宅に届いたことで判明し...,0,0
2200,2026/2/2 19:58,プロ野球,a00********,8時間47分,0,4,4.0,0,0,0.008,0.0,0.0,0.01,あと3日,https://detail.chiebukuro.yahoo.co.jp/qa/question_detail/q11324941676,巨人も何気に難しい 個人の開幕1軍予想また変わると思うオープン戦みて皆は？外国人7人2人脱落 キャベッチ タルベック バルドナード ウィットリー ライデル マタ ハワード 外野 キャベッチ 丸 浅野 ...,0,0
2201,2026/2/2 19:57,高校受験,1152266814,8時間48分,0,7,7.0,0,0,0.013,0.0,0.0,0.01,あと3日,https://detail.chiebukuro.yahoo.co.jp/qa/question_detail/q14324941674,元HKT兒玉遥さんは福岡県屈指の進学校修猷館高校出身だそうです本当ですか？,0,0
2202,2026/2/2 19:57,男性アイドル,1251637097,8時間49分,1,26,26.0,0,0,0.049,3.85,0.01,0.14,あと3日,https://detail.chiebukuro.yahoo.co.jp/qa/question_detail/q13324941673,Show man のファンのみなさんに質問なんですがストーンズのジェシーのように日曜大工が趣味なメンバーはいますか｡,0,0
2203,2026/2/2 19:57,K-POP、アジア,1052945197ajm,8時間49分,0,4,4.0,0,0,0.008,0.0,0.0,0.01,あと3日,https://detail.chiebukuro.yahoo.co.jp/qa/question_detail/q12324941672,ツウィが今後ソロ活動として日本でライブやる可能性あると思いますか？,0,0
2204,2026/2/2 19:57,大学受験,非表示,8時間49分,2,151,75.5,0,0,0.285,1.32,0.22,0.47,あと3日,https://detail.chiebukuro.yahoo.co.jp/qa/question_detail/q11324941671,2月1日の関大の英語、難化しすぎてません？？？ 日本史も明らかに過去問より難化してると思うんですけど、今年受験された方はどう感じましたか？,0,0
2205,2026/2/2 19:57,政治、社会問題,cat********,8時間49分,2,17,8.5,1,0,0.032,11.76,0.0,0.41,あと3日,https://detail.chiebukuro.yahoo.co.jp/qa/question_detail/q10324941670,円安で物価高、だと思ったら、それだけではなく、倒産件数は前年の２倍、負債額はナント！３倍だそうです。 いよいよだなぁ・・・、と思いますが、日本は、それでもなぜアベノミクスに固執するんですか？？？ 世界...,0,0
2206,2026/2/2 19:57,郵便、宅配,1252691852,8時間49分,1,14,14.0,0,0,0.026,7.14,0.0,0.12,あと3日,https://detail.chiebukuro.yahoo.co.jp/qa/question_detail/q14324941669,ZOZOTOWNが3日連続で届きません。 配達中になってるのに届かない、不在票もないってません。1日なら配達が多くて無理だったのかと思うけど3日は今までで一回もないです。 どうしたらいいんでしょうかこ...,0,0
2207,2026/2/2 19:57,病気、症状,aafbe5448,8時間49分,0,3,3.0,0,0,0.006,0.0,0.0,0.01,あと3日,https://detail.chiebukuro.yahoo.co.jp/qa/question_detail/q13324941668,はちみつキンカンのど飴の5粒以上をちわわが食べてしまったんですけど、大丈夫でしょうか。2回嘔吐しました。ずっとしっぽが下がっていて、元気がないです。どうすればいいでしょうか。,0,0
2208,2026/2/2 19:57,心理学,bc667ecc2,8時間49分,0,11,11.0,1,0,0.021,0.0,0.0,0.21,あと3日,https://detail.chiebukuro.yahoo.co.jp/qa/question_detail/q12324941667,【作業療法士がWISC検査を実施できるのか】 私は作業療法士として放課後等デイサービスで働いており、日々子どもたちと関わらせていただいております 実際に放課後等デイサービスで働いていてよく耳にすること...,0,0
2209,2026/2/2 19:57,インターネット接続,aez********,8時間49分,1,6,6.0,0,0,0.011,16.67,0.0,0.11,あと3日,https://detail.chiebukuro.yahoo.co.jp/qa/question_detail/q11324941666,古いiPhoneやスマホをルーター代わりにしてるような事をたまに見かけますが、Wi-Fi環境下でもないのにそんな事が出来るんでしょうか？ 機器関連やその他に全く無知なのですが、どなたか教えていただけま...,0,0
2210,2026/2/2 19:57,ゲーム,c8958257f,8時間49分,2,7,3.5,0,0,0.013,28.57,0.0,0.2,あと3日,https://detail.chiebukuro.yahoo.co.jp/qa/question_detail/q10324941665,クラロワで今無課金でトロフィー上げをするのは不可能ではないですか?環境的に。やってみましたがやはり無課金では不可能に近いものを感じたのですが。,0,0
2211,2026/2/2 19:57,大学受験,-,8時間49分,0,3,3.0,0,0,0.006,0.0,0.0,0.01,あと3日,https://detail.chiebukuro.yahoo.co.jp/qa/question_detail/q13324941663,例年、近畿大学の世界史の平均点は何点くらいですか？,0,0
2212,2026/2/2 19:57,ドコモ,1153037514,8時間49分,0,7,7.0,0,0,0.013,0.0,0.0,0.01,あと3日,https://detail.chiebukuro.yahoo.co.jp/qa/question_detail/q12324941662,dアカウントが作れなくて何度試してもこの表示になります。何故ですか？,0,0
2213,2026/2/2 19:57,ライトノベル,yamanekofn,8時間49分,3,30,10.0,0,1,0.057,10.0,0.01,0.4,あと3日,https://detail.chiebukuro.yahoo.co.jp/qa/question_detail/q10324941660,小説で『イオンモール』とか出すのはOKなのでしょうか？ タイトルは忘れてしまったのですが、ライトノベルを読んでたら、『イオンモール』や『アニメイト』などと店名が出てきたので質問させていただきます,0,0
2214,2026/2/2 19:57,テーマパーク,cocoroyykk,8時間49分,1,15,15.0,0,0,0.028,6.67,0.0,0.12,あと3日,https://detail.chiebukuro.yahoo.co.jp/qa/question_detail/q14324941659,今年3/27のUSJは8時から19時となっていますがなぜ19時と早いのでしょうか？,0,0
2215,2026/2/2 19:57,飲食店,itu********,8時間49分,0,7,7.0,0,0,0.013,0.0,0.0,0.01,あと3日,https://detail.chiebukuro.yahoo.co.jp/qa/question_detail/q13324941658,名古屋でニラレバー炒めがめっちゃ美味い店教えてください,0,0
2216,2026/2/2 19:57,運転免許,fum********,8時間49分,5,57,11.4,0,1,0.108,8.77,0.01,0.63,あと3日,https://detail.chiebukuro.yahoo.co.jp/qa/question_detail/q12324941657,免許証の色について 更新はがきの記載（次回ブルー5年）と自分の記憶と差異があるので教えてください。 まず 前回更新日：令和3年2月16日 更新後 ：ブルー5年 今回更新期限：令和8年2月9日~4月9日...,0,0
2217,2026/2/2 19:57,病気、症状,tor********,8時間49分,1,5,5.0,0,0,0.009,20.0,0.0,0.1,あと3日,https://detail.chiebukuro.yahoo.co.jp/qa/question_detail/q11324941656,首こりがかなりある場合とりあえず先に行くのは整形外科外来でしょうか？,0,0
2218,2026/2/2 19:57,K-POP、アジア,b52ea067c,8時間50分,0,14,14.0,1,0,0.026,0.0,0.0,0.21,あと3日,https://detail.chiebukuro.yahoo.co.jp/qa/question_detail/q10324941655,nct dreamが今年中日本で公演をする可能性はあると思いますか？？ 憶測で構いませんので教えてください。,0,0
2219,2026/2/2 19:57,ヘアケア,匿名,8時間50分,0,13,13.0,0,0,0.025,0.0,0.0,0.02,あと3日,https://detail.chiebukuro.yahoo.co.jp/qa/question_detail/q12324941652,縮毛矯正、髪質改善について質問です。 約半年前に縮毛矯正をかけたのですが、パヤパヤやうねりが気になり始めてきたのでまたかけようかなと悩んでいます。 ですがまた縮毛矯正をかけるにはかなり髪の毛が痛みそう...,0,0
2220,2026/2/2 19:57,アニメ,1052950321,8時間50分,1,11,11.0,0,0,0.021,9.09,0.0,0.11,あと3日,https://detail.chiebukuro.yahoo.co.jp/qa/question_detail/q11324941651,文ストの太中のオタクなのですが、前から読んでみたくて仕方がないシチュがあり、ご存じの方いたら教えていただきたいです（泣） なんか太宰と中也は付き合っていて、もう本当にリアルケンカップルなくせにめちゃ溺...,0,0
2221,2026/2/2 19:57,恋愛相談、人間関係の悩み,非公開,8時間50分,2,55,27.5,0,1,0.104,3.64,0.03,0.35,あと3日,https://detail.chiebukuro.yahoo.co.jp/qa/question_detail/q14324941649,よく復縁したかったら、イメチェンとか聞きますが… 髪型やメイク変えたくらいで、男性は再熱するんですか？似合ってたとしてもそんなに効果的なんでしょうか?,0,0
2222,2026/2/2 19:57,一般教養,非公開,8時間50分,2,2,1.0,0,2,0.004,100.0,0.0,0.3,あと3日,https://detail.chiebukuro.yahoo.co.jp/qa/question_detail/q10324941650,復員兵（元一兵卒）の暴力は、国や時代を問わず見られる深刻な問題ですか？その背景には、戦争という異常な環境下で心身が極限状態に追い込まれるという共通の要因がありますか？ 色々な要素が複雑に絡み合っている...,0,0
2223,2026/2/2 19:57,メルカリ,c,8時間50分,1,15,15.0,0,0,0.028,6.67,0.0,0.12,あと3日,https://detail.chiebukuro.yahoo.co.jp/qa/question_detail/q13324941648,メルカリでシール帳を見てると、デニムのシール帳などのような元の定価が高い物は新品なのに定価以下とか、送料含めたら出品者に利益無いどころかマイナスだと思われる価格の出品をよく目にするのですが、 あれは偽...,0,0
2224,2026/2/2 19:57,音楽,ゆん,8時間50分,0,7,7.0,0,0,0.013,0.0,0.0,0.01,あと3日,https://detail.chiebukuro.yahoo.co.jp/qa/question_detail/q12324941647,てっ⤴てっ⤴てれてれ～てっ⤴てっ⤴てれてれ～♪って始まるBGMがあったと思うのですが、なんの曲だったか思い出せません。もし分かる方がいらしたらご教示ください。 ちなみにディズニーのBGMだったような、...,0,0
2225,2026/2/2 19:57,家族関係の悩み,acq********,8時間50分,5,92,18.4,0,0,0.173,5.43,0.03,0.64,あと3日,https://detail.chiebukuro.yahoo.co.jp/qa/question_detail/q11324941646,俺が悪いの？ 妻は誰もが振り返る美しさでした。 子どもを生むまでは。 産後は見る影もなく太り続けています。 友達に小声で「二人目できたんか？」と確認されるほどです。 私は妻が太っても何も言いませんでし...,0,0
2226,2026/2/2 19:56,家族関係の悩み,cd3bb5ff5,8時間51分,4,38,9.5,0,0,0.071,10.53,0.01,0.45,あと3日,https://detail.chiebukuro.yahoo.co.jp/qa/question_detail/q14324941644,「わかりみでしかない」 ↑ 50歳前後のおじさんがYouTubeのコメントで使ってて 「その年齢のおじさんがわかりみでしかないって言ってるのなんか気持ち悪いね」 とそれに対してコメントしてる人がいまし...,0,0
2227,2026/2/2 19:56,クラウドサービス,QUEAS,8時間51分,1,39,39.0,0,0,0.073,2.56,0.03,0.17,あと3日,https://detail.chiebukuro.yahoo.co.jp/qa/question_detail/q13324941643,gofileダウンロードランキングと言うサイトで子供の良くない動画が大量にダウンロードされていました。 なんでできてるのでしょうか。ログが警察に行って逮捕されません？ 気になったので質問させていただき...,0,0
2228,2026/2/2 19:56,生理,彗,8時間51分,2,13,6.5,0,0,0.024,15.38,0.0,0.21,あと3日,https://detail.chiebukuro.yahoo.co.jp/qa/question_detail/q11324941641,至急 SNSで女性の方が生理に関するポスト（例えば生理がしんどいとか、男性の方はどうして理解してくれないのとか）をする度にリプや引用で1個は必ず「子宮を全摘しろw」的なものを言ってる人がいます。 どう...,0,0
2229,2026/2/2 19:56,テレビ、ラジオ,del********,8時間51分,2,20,10.0,0,1,0.038,10.0,0.0,0.28,あと3日,https://detail.chiebukuro.yahoo.co.jp/qa/question_detail/q12324941642,3年前に亡くなった父のNHKの支払いを無視してたら、今日こんなのが来たんですが無視し続けるか、受け取り人死亡と書いて返送したほうがいいですか？,0,0
2230,2026/2/2 19:56,シニアライフ、シルバーライフ,翠,8時間51分,1,38,38.0,0,0,0.071,2.63,0.03,0.17,あと3日,https://detail.chiebukuro.yahoo.co.jp/qa/question_detail/q14324941639,あの子どうしているかなと最近はとみに思うようになりました。 約三人ほどの子に対してです。 誰かに見に行ってもらって報告してほしいです。 もし幸せでいるなら寄らずに欲しいです。 男性の皆さまもそんな気持...,0,0
2231,2026/2/2 19:56,職場の悩み,sss,8時間51分,3,30,10.0,0,0,0.056,10.0,0.01,0.34,あと3日,https://detail.chiebukuro.yahoo.co.jp/qa/question_detail/q10324941640,専業主婦から4年ぶりの仕事。 これから心機一転頑張ろうと張り切ってたのですが、 実際に働いてみたら少しの刺激で過去の人間関係のトラウマが一気にフラッシュバックしてきて、頑張って終業までいたのですが、家...,0,0
2232,2026/2/2 19:56,大学受験,b7a1ecd23,8時間51分,1,9,9.0,0,0,0.017,11.11,0.0,0.11,あと3日,https://detail.chiebukuro.yahoo.co.jp/qa/question_detail/q12324941637,立教社会学部現代文化学科 共テ利用 英検利用込みで得点率94% さすがに受かってますよね？,0,0
2233,2026/2/2 19:56,YouTube,ラディ,8時間51分,0,9,9.0,0,0,0.017,0.0,0.0,0.02,あと3日,https://detail.chiebukuro.yahoo.co.jp/qa/question_detail/q11324941636,説明がめっちゃ下手です。 YouTubeの動画を開いてからホームボタン押すと画像のところの再生ボタン？三角形のとこがすぐに戻ってYouTubeの画面じゃないと音が聴けません。何故か分かりますか？ また...,0,0
2234,2026/2/2 19:56,超常現象、オカルト,ked********,8時間52分,3,38,12.7,0,9,0.071,7.89,0.01,0.86,不明,https://detail.chiebukuro.yahoo.co.jp/qa/question_detail/q10324941635,厄年って本当にあるのでしょうか？ 何歳が危ないですか？ また、不運が続く年なのでしょうか？,0,0
2235,2026/2/2 19:56,病気、症状,c3f2b5ef0,8時間52分,2,60,30.0,0,0,0.113,3.33,0.03,0.3,不明,https://detail.chiebukuro.yahoo.co.jp/qa/question_detail/q14324941634,頭痛がひどすぎます。 3月に家で耐えられないくらいの頭痛に襲われ、救急車で運ばれました。 MRIやCT検査などさまざまな検査をしましたが、脳に問題はありませんでした。 1/24からインフルエンザに感染...,0,0
2237,2026/2/2 19:56,インフルエンザ,skhb2899h,8時間52分,1,20,20.0,0,0,0.038,5.0,0.01,0.13,あと3日,https://detail.chiebukuro.yahoo.co.jp/qa/question_detail/q11324941631,高校生です。現在インフルエンザで休んでいるのですが、もうすぐ定期試験があります。 学校の規定による出席停止期間は間もなく過ぎるのですが、いまだに熱が下がらず、試験を受けに行けそうにありません。 このよ...,0,0
2238,2026/2/2 19:56,政治、社会問題,1052666500,8時間52分,0,3,3.0,0,0,0.006,0.0,0.0,0.01,あと3日,https://detail.chiebukuro.yahoo.co.jp/qa/question_detail/q12324941632,小泉進次郎の「X」より 山下たかし候補@YAMASHITA_OK の応援の前に、企業団地の組合の食堂に立ち寄らせて頂きました。いい雰囲気、美味しそうなハムカツ定食に癒されました。職員の皆さん、ありがと...,0,0
2239,2026/2/2 19:56,ゲーム,bd3a41fec,8時間52分,1,15,15.0,0,0,0.028,6.67,0.0,0.12,あと3日,https://detail.chiebukuro.yahoo.co.jp/qa/question_detail/q14324941629,ハートピアスローライフというゲームについて質問です ミックスジャムのレシピがどこを探しても見つかりません どこにありそうか、どこでもらえるか、どのような見た目かを教えて下さると助かります ご回答よろし...,0,0
2240,2026/2/2 19:56,YouTube,b8516b073,8時間52分,1,29,29.0,0,0,0.054,3.45,0.02,0.15,あと3日,https://detail.chiebukuro.yahoo.co.jp/qa/question_detail/q12324941627,この顔の部分のアイコンを使って活動してるVTuber又は活動者を知ってたらSNSのリンクを教えてください。,0,0
2241,2026/2/2 19:56,女性アイドル,1152517977,8時間52分,2,22,11.0,0,0,0.041,9.09,0.0,0.23,あと3日,https://detail.chiebukuro.yahoo.co.jp/qa/question_detail/q13324941628,33歳の男なんですけど、好きなアイドルのLIVEに行きたいんですけど、この歳でアイドルのLIVEなんて見に行くの恥ずかし過ぎます。30超えてる大人が行っても大丈夫ですか? 10代～20代のガキ集団に浮...,0,0
2242,2026/2/2 19:56,車検、メンテナンス,1150033975,8時間52分,6,59,9.8,0,1,0.111,10.17,0.01,0.73,あと3日,https://detail.chiebukuro.yahoo.co.jp/qa/question_detail/q11324941626,車検代のハガキがきたのですがこっから持っていくと修理なのでどんどん加算されていく感じですか？,0,0
2243,2026/2/2 19:56,Yahoo!オークション,wi3********,8時間52分,2,30,15.0,0,0,0.056,6.67,0.01,0.24,あと3日,https://detail.chiebukuro.yahoo.co.jp/qa/question_detail/q10324941625,メルカリやヤフオクでの評価について教えてください。 ネットオークションで買物をする事があります。 落札者の立場です。 出品者のコメント欄には、とくに傷は無し と書かれていて画像を見て購入したら、実際に...,0,0
2244,2026/2/2 19:56,芸能人,ad8aab4aa,8時間52分,0,2,2.0,0,0,0.004,0.0,0.0,0.0,あと3日,https://detail.chiebukuro.yahoo.co.jp/qa/question_detail/q14324941624,芸能事務所についての質問です。 現在ある芸能事務所に研究生として所属(約半年前から)しておりますが、定期レッスンはなく講師から教わる機会もほぼありません。 お仕事はちょくちょくあり、不安の解消になって...,0,0
2245,2026/2/2 19:56,車検、メンテナンス,1150819295,8時間52分,8,39,4.9,0,1,0.073,20.51,0.0,0.88,あと3日,https://detail.chiebukuro.yahoo.co.jp/qa/question_detail/q12324941622,雪国の皆さまに質問しますが、この時期(冬季間)に洗車はしますか？,0,0
2246,2026/2/2 19:56,政治、社会問題,r99********,8時間52分,1,20,20.0,0,1,0.038,5.0,0.01,0.19,あと3日,https://detail.chiebukuro.yahoo.co.jp/qa/question_detail/q13324941623,日本の核武装と徴兵制はいつから始まりますか？,0,0
2247,2026/2/2 19:56,登山,匿名,8時間52分,6,48,8.0,0,2,0.09,12.5,0.01,0.76,あと3日,https://detail.chiebukuro.yahoo.co.jp/qa/question_detail/q11324941621,山の名前。「K2」という無機質な呼び名が怖いので、自分の中だけで ポンポコ山 と呼んでも良いでしょうか？,0,0
2248,2026/2/2 19:56,大学受験,ID 非公開,8時間53分,2,59,29.5,0,0,0.111,3.39,0.03,0.3,あと3日,https://detail.chiebukuro.yahoo.co.jp/qa/question_detail/q10324941620,常識的にって言うとおかしいですが、 国公立の出願書類の締め切りが２月４日、必着の場合って、ほとんどの受験生が今日までに出しますか?? 前日の３日に出す人は少数でしょうか？,0,0
2249,2026/2/2 19:56,iPhone,1052268673,8時間53分,1,71,71.0,0,0,0.133,1.41,0.09,0.23,不明,https://detail.chiebukuro.yahoo.co.jp/qa/question_detail/q13324941618,Appleに金吸われました。 iTunesカードで5000円チャージしたのにそのあと課金しようとしたらお支払い方法が拒否されます。どうしたらいいですか？ ○○について質問です。,0,0
2250,2026/2/2 19:56,レディース全般,bcbf9f97a,8時間53分,1,7,7.0,0,0,0.013,14.29,0.0,0.11,あと3日,https://detail.chiebukuro.yahoo.co.jp/qa/question_detail/q12324941617,ダンス部です。 衣装を買わないと行けなくてSHEINでなにかおすすめのトップス、パーカーなどがあれば教えて欲しいです！ ズボンは黒のカーゴパンツで赤のものを探してます。,0,0
2251,2026/2/2 19:56,おでかけグルメ,fm2********,8時間53分,1,27,27.0,0,0,0.051,3.7,0.01,0.14,あと3日,https://detail.chiebukuro.yahoo.co.jp/qa/question_detail/q11324941616,まだ先の話なんですが、博多に行こうと思っています。今からちょっとずつ情報を？と思って調べてみるもののたくさんありすぎてよく分からなくなってしまいます。 博多には後にも先にもこの１回きりになると思うので...,0,0
2252,2026/2/2 19:56,恋愛相談、人間関係の悩み,otl********,8時間53分,1,24,24.0,0,0,0.045,4.17,0.01,0.14,あと3日,https://detail.chiebukuro.yahoo.co.jp/qa/question_detail/q10324941615,ISFJでマッチングアプリで出会った人とのやりとりについて、前話していた人の相談の続き聞きたいです！,0,0
2253,2026/2/2 19:56,鉄道、列車、駅,1151345596,8時間53分,1,30,30.0,0,3,0.056,3.33,0.02,0.32,不明,https://detail.chiebukuro.yahoo.co.jp/qa/question_detail/q14324941614,駅カードなどを集めるために、途中下車をせずに通しの切符もしくはicカードで改札窓口を伺うことは法的もしくはモラル的に大丈夫なのでしょうか もちろん有人駅です 不安なので詳しく教えてくれると助かります。,0,0
2254,2026/2/2 19:56,自動車保険,c2b73ea8,8時間53分,2,26,13.0,0,0,0.049,7.69,0.01,0.24,あと3日,https://detail.chiebukuro.yahoo.co.jp/qa/question_detail/q13324941613,飛び石によるフロントガラスのヒビが発生しました。30センチ程ヒビが入っています。 免責の自己負担はあるものの車両保険に入っているため修理はディーラーに見積もりをもらうのが１番正しいですか？ あとチェッ...,0,0
2255,2026/2/2 19:56,ダイエット,a704edaae,8時間53分,4,18,4.5,0,0,0.034,22.22,0.0,0.41,あと3日,https://detail.chiebukuro.yahoo.co.jp/qa/question_detail/q11324941611,ゼロコーラって本当にカロリーありませんか？減量期間に飲み始めました。500mlのゼロコーラを飲んでも本当に0ならありがたいです。,0,0
2256,2026/2/2 19:56,公務員試験,1252827449,8時間53分,6,54,9.0,2,1,0.101,11.11,0.01,1.09,あと3日,https://detail.chiebukuro.yahoo.co.jp/qa/question_detail/q12324941612,将来地元の県庁に就職したいのですが、コネがないと厳しいと言われました。コネなしで県職員になることは可能ですか？大学は地方国公立大学です。,0,0
2257,2026/2/2 19:56,幼児教育、幼稚園、保育園,own********,8時間53分,1,27,27.0,0,0,0.051,3.7,0.01,0.14,あと3日,https://detail.chiebukuro.yahoo.co.jp/qa/question_detail/q10324941610,小さいお子さまをお持ちの方、仕事で未就学児と関わってる（関わっていた）方のみに質問です。 小さいお子さま（特に幼稚園児）にとっては、1番面倒をみてくれる大人（九分九厘母親）から数時間でも離され、見知ら...,0,0
2258,2026/2/2 19:56,映画,ごもくごはん,8時間53分,0,12,12.0,1,0,0.022,0.0,0.0,0.21,あと3日,https://detail.chiebukuro.yahoo.co.jp/qa/question_detail/q14324941609,U-NEXTのポイントを使ってTOHOシネマズで映画を見たいのですが、 必要なポイントは1500ポイント これって高校生でも同じですか？？ 高校生は1000円で観れるので損ですか？ 足りない分は発見時...,0,0
2259,2026/2/2 19:56,掃除,tor********,8時間53分,1,6,6.0,0,0,0.011,16.67,0.0,0.1,あと3日,https://detail.chiebukuro.yahoo.co.jp/qa/question_detail/q13324941608,普通ごみの中に数個の小さい缶詰容器の瓶を混ぜて捨ててもほとんど回収されるのは何故でしょうか？,0,0
2260,2026/2/2 19:55,エステ、脱毛,くれっつ,8時間54分,2,43,21.5,0,0,0.08,4.65,0.02,0.27,あと3日,https://detail.chiebukuro.yahoo.co.jp/qa/question_detail/q12324941607,高一女子です 足の毛が死ぬほど濃くて困っています 市販の除毛クリームとか使っても除毛できずに残ってしまうので なにかいい方法知っている人いたら教えてほしいです。,0,0
2261,2026/2/2 19:55,自動車保険,ton********,8時間54分,3,53,17.7,0,0,0.099,5.66,0.02,0.38,あと3日,https://detail.chiebukuro.yahoo.co.jp/qa/question_detail/q11324941606,代車での自損を起こした場合 友人のことなのですが、現在、自分の車を修理しており代車を借りているのですが、わナンバーなのでレンタカーのようです 雪の降る地域なのですが、雪の塊に気付かず乗り上げてしまった...,0,0
2262,2026/2/2 19:55,交通、運転マナー,、。,8時間54分,1,22,22.0,0,0,0.041,4.55,0.01,0.13,あと3日,https://detail.chiebukuro.yahoo.co.jp/qa/question_detail/q14324941604,直線道路はスピード違反が起きやすいですが、交差点も横断歩道の点滅信号や黄色信号で行ってしまおうと一時的にスピードオーバーが起きやすい場所ですか？,0,0
2263,2026/2/2 19:55,生き方、人生相談,1252292786,8時間54分,8,62,7.8,0,1,0.116,12.9,0.01,0.92,あと3日,https://detail.chiebukuro.yahoo.co.jp/qa/question_detail/q10324941605,自分の人生に疲れましたか？,0,0
2264,2026/2/2 19:55,コミック,t_e********,8時間55分,1,4,4.0,0,0,0.007,25.0,0.0,0.1,あと3日,https://detail.chiebukuro.yahoo.co.jp/qa/question_detail/q13324941603,真夜中ハートチューン各巻あらすじ教えてください,0,0
2265,2026/2/2 19:55,コンタクトレンズ、視力矯正,柘榴,8時間55分,0,10,10.0,0,0,0.019,0.0,0.0,0.02,あと3日,https://detail.chiebukuro.yahoo.co.jp/qa/question_detail/q12324941602,渋谷109のホテラバに行ったことがある人教えてください！！ カラコン買う時の同意書？ってどんな感じでしたか！？スマホですか？,0,0
2266,2026/2/2 19:55,海外生活,dya********,8時間55分,1,23,23.0,1,2,0.043,4.35,0.01,0.43,あと3日,https://detail.chiebukuro.yahoo.co.jp/qa/question_detail/q11324941601,アメリカ、イギリスなどに海外移住、留学してる、してた方達に質問です。 最近日本人がインバウンドの外国人達や発達障害者、知的障害者達を「悪者扱い」的な投稿がよく目立つのですが、これらの投稿を見てどう思い...,0,0
2267,2026/2/2 19:55,パソコン,mil********,8時間55分,1,8,8.0,0,0,0.015,12.5,0.0,0.11,あと3日,https://detail.chiebukuro.yahoo.co.jp/qa/question_detail/q10324941600,パソコンが横36cm.縦23.5cmなら、下記サイズのどっちのバッグがいいですか？ 本体サイズ Mサイズ：約37×27×4.5(cm) Lサイズ：約40×28×5(cm) 重量 Mサイズ(約)0.32...,0,0
2268,2026/2/2 19:55,ヘアケア,cb7137d6d,8時間55分,0,14,14.0,0,0,0.026,0.0,0.0,0.03,あと3日,https://detail.chiebukuro.yahoo.co.jp/qa/question_detail/q14324941599,現在高校三年生です 2月27日に卒業式があります。今髪の毛が伸び切っていて切った状態で卒業式に出たいです。そして卒業式の後に髪の毛を染めに行こうと思っていたのですが効率が悪いなと思い、卒業式の前日にカ...,0,0
2269,2026/2/2 19:55,大学受験,c815bacba,8時間55分,0,20,20.0,0,0,0.037,0.0,0.0,0.04,あと3日,https://detail.chiebukuro.yahoo.co.jp/qa/question_detail/q13324941598,名古屋学院大学国際文化学部日本学専攻 ついて質問です。 今年はここ数年の数値で見ても 志願者数が低く20人です。 例年の合格者数は、20人程度ですが、 この場合は全員合格となる可能性が 高いのでしょう...,0,0
2270,2026/2/2 19:55,K-POP、アジア,でまんな,8時間55分,2,38,19.0,0,0,0.071,5.26,0.01,0.26,あと3日,https://detail.chiebukuro.yahoo.co.jp/qa/question_detail/q12324941597,TREASUREで1番オールラウンダーなメンバーを教えてください！,0,0
2271,2026/2/2 19:55,生き方、人生相談,＊＊＊,8時間55分,2,24,12.0,0,0,0.045,8.33,0.01,0.23,あと3日,https://detail.chiebukuro.yahoo.co.jp/qa/question_detail/q11324941596,歯科にかかるとまるで子供扱いされるのですが20代のうちはそんなものなんでしょうか？ 現在23歳の女なのですが、助手をされている女性たちが、はいお口開けてね〜や頑張ったね〜とか子供を相手にしている時のよ...,0,0
2272,2026/2/2 19:55,妊娠、出産,cf1315835,8時間55分,1,30,30.0,0,1,0.056,3.33,0.02,0.21,あと3日,https://detail.chiebukuro.yahoo.co.jp/qa/question_detail/q10324941595,妊娠中の一時帰国家族との面会について相談です。 現在妊娠中で、春に34〜35週（臨月）になります。 その時期に、旦那の兄家族（義兄夫婦＋小学生の子ども2人）が海外（ベトナム）から一時帰国する予定です。...,0,0
2273,2026/2/2 19:55,社会保険,may********,8時間55分,1,10,10.0,0,0,0.019,10.0,0.0,0.11,あと3日,https://detail.chiebukuro.yahoo.co.jp/qa/question_detail/q14324941594,自営業者の扶養に入れ方について質問です。 昨年から主人が個人事業主を初め、国保に加入していますが、今年から一時的に事業をお休みをしており収入がありません。 またこれから再開しても金額的にかなり少ない収...,0,0
2274,2026/2/2 19:55,Office系ソフトウェア,twd********,8時間55分,2,12,6.0,0,1,0.022,16.67,0.0,0.26,あと3日,https://detail.chiebukuro.yahoo.co.jp/qa/question_detail/q13324941593,某メーカーのoffice 2021がインストールされているPCを購入しました。WordやExcelを起動するとマイクロソフトアカウントでログインしなさいというダイアログが表示されます。 マイクロソフト...,0,0
2275,2026/2/2 19:55,ポケットモンスター,a41dab890,8時間55分,1,10,10.0,0,0,0.019,10.0,0.0,0.11,あと3日,https://detail.chiebukuro.yahoo.co.jp/qa/question_detail/q11324941591,ポケポケで、メガガルーラ、メガアブソル、ゲッコウガ、この中だとどれが1番強いですか？,0,0
2276,2026/2/2 19:55,アニメ,odo********,8時間55分,4,26,6.5,0,0,0.049,15.38,0.0,0.42,あと3日,https://detail.chiebukuro.yahoo.co.jp/qa/question_detail/q12324941592,最も人気がある日本のアニメはドラえもんだと思いますか？,0,0
2278,2026/2/2 19:55,アルバイト、フリーター,1150614113,8時間55分,1,7,7.0,0,0,0.013,14.29,0.0,0.11,あと3日,https://detail.chiebukuro.yahoo.co.jp/qa/question_detail/q14324941589,3月ごろから始めたいバイトに、今応募するのは流石に早すぎますか？ 一応募集要項には、勤務開始日はお気軽にご相談くださいと書いてあります。。,0,0
2279,2026/2/2 19:55,パソコン,mon********,8時間55分,3,17,5.7,0,0,0.032,17.65,0.0,0.31,あと3日,https://detail.chiebukuro.yahoo.co.jp/qa/question_detail/q13324941588,LenovoはNECと提携してるのですか???,0,0
2280,2026/2/2 19:55,車検、メンテナンス,ABCBA,8時間55分,5,60,12.0,0,9,0.112,8.33,0.01,1.08,あと3日,https://detail.chiebukuro.yahoo.co.jp/qa/question_detail/q12324941587,車のバッテリー交換について アイドリングストップ車に通常のバッテリーを装着しても動きますか？ もちろん良くないことは承知していますが、３月までには乗り換えを予定しています。 なので、応急処置対応として...,0,0
2281,2026/2/2 19:55,学校の悩み,nan********,8時間56分,4,50,12.5,0,0,0.093,8.0,0.01,0.47,あと3日,https://detail.chiebukuro.yahoo.co.jp/qa/question_detail/q11324941586,小学校の行事でダンス発表があるみたいですが、 授業態度の良い生徒を先生が1名優先的に選んで もう1名はオーディションで決めるようで、子供が 不公平だと愚痴ってきました。 ダンス発表会の立候補者は6名い...,0,0
2282,2026/2/2 19:55,政治、社会問題,ちゃねーふけ,8時間56分,4,23,5.8,0,0,0.043,17.39,0.0,0.42,あと3日,https://detail.chiebukuro.yahoo.co.jp/qa/question_detail/q10324941585,国会議員が総理大臣を辞めさせることはできますか？ 素人質問で申し訳ないです。,0,0
2283,2026/2/2 19:55,大学受験,b7a1ecd23,8時間56分,0,5,5.0,0,0,0.009,0.0,0.0,0.01,あと3日,https://detail.chiebukuro.yahoo.co.jp/qa/question_detail/q14324941584,上智総合人間社会に共テ併用で出しました。 共テは英検利用込みで123/140です。 2次でどの程度の得点率が必要でしょうか。 合格最低点がどこにも載っておらず、、 受けたことある方教えていただきたいで...,0,0
2284,2026/2/2 19:55,大学受験,1053053593,8時間56分,0,33,33.0,0,0,0.062,0.0,0.0,0.06,あと3日,https://detail.chiebukuro.yahoo.co.jp/qa/question_detail/q13324941583,先日佛教大学の入試を受けてきた者です。佛教大学の社会学部公共政策は素点で何点ぐらいあれば安心ですか？7割あたりだと厳しいですか？,0,0
2285,2026/2/2 19:55,美容整形,1052770108,8時間56分,1,18,18.0,0,2,0.034,5.56,0.01,0.24,あと3日,https://detail.chiebukuro.yahoo.co.jp/qa/question_detail/q12324941582,美容整形したいです。 仕事が決まり、自力で稼げるようになるので、目を二重にしたいのですが結局どこのクリニックを検索してもいいこと悪いことが書かれていて、（当たり前なのですけれど）どこがいいのかわからな...,0,0
2286,2026/2/2 19:55,運転免許,c2jm5dj8gptaj,8時間56分,4,44,11.0,0,0,0.082,9.09,0.01,0.45,あと3日,https://detail.chiebukuro.yahoo.co.jp/qa/question_detail/q10324941580,大型免許を持っている方に質問です。私は、47歳の男性です。以前はトラック運転手（4トン車経験あり）を10年以上勤めてますした。今は違う仕事をされてますが、またトラック運転手をやろうと考えてます。 （自...,0,0
2287,2026/2/2 19:55,数学,なる,8時間56分,4,26,6.5,0,4,0.048,15.38,0.0,0.64,あと3日,https://detail.chiebukuro.yahoo.co.jp/qa/question_detail/q13324941578,高一数学 （1）と（2）と（3）の計算の見分け方？を教えてください。 因数分解と解の公式の見分け方が分かりません。（1）を解の公式でしたら答えがよく分からない事になりました。,0,0
2288,2026/2/2 19:55,就職活動,非公開,8時間56分,5,17,3.4,0,2,0.032,29.41,0.0,0.61,あと3日,https://detail.chiebukuro.yahoo.co.jp/qa/question_detail/q14324941579,地元のFラン大学から地元の企業に就職できますか？,0,0
2289,2026/2/2 19:55,恋愛相談、人間関係の悩み,ミ,8時間56分,4,74,18.5,1,0,0.138,5.41,0.03,0.7,あと3日,https://detail.chiebukuro.yahoo.co.jp/qa/question_detail/q12324941577,長文失礼します。 現在1年半お付き合いしている方がいるのですが、喧嘩をする時に毎回ではないですが暴力を振るわれることがあります。2度警察沙汰になり両親にも迷惑をかけてしまいました。誰がどう見ても何を聞...,0,0
2290,2026/2/2 19:55,大学受験,a298c2b4b,8時間56分,2,16,8.0,0,0,0.03,12.5,0.0,0.22,あと3日,https://detail.chiebukuro.yahoo.co.jp/qa/question_detail/q11324941576,水産大学校と公立はこだて未来大学 どっちが良い大学？,0,0
2291,2026/2/2 19:55,政治、社会問題,jkr********,8時間56分,5,30,6.0,1,4,0.056,16.67,0.0,0.93,あと3日,https://detail.chiebukuro.yahoo.co.jp/qa/question_detail/q10324941575,自民党に票を入れる人の内 今後 物価高が全く解消されない どころか更なるインフレ 9割以上の中小企業は大して賃金上がらない 食料品消費税２年間0％もうやむや なんてことになってもそんなの気にしない、富...,0,0
2292,2026/2/2 19:55,アルバイト、フリーター,めぽりーぜ,8時間56分,0,13,13.0,0,0,0.024,0.0,0.0,0.02,あと3日,https://detail.chiebukuro.yahoo.co.jp/qa/question_detail/q14324941574,アルバイトの条件として以下の写真の内容が書いてあるのですが、基本的な操作（Excel、パワポ、Word共にサーティファイ3級ほど）は大丈夫なのでしょうか。 その他にGoogle Workspaceで何...,0,0
2293,2026/2/2 19:55,携帯型ゲーム全般,1153319031,8時間56分,4,33,8.2,0,1,0.061,12.12,0.01,0.49,あと3日,https://detail.chiebukuro.yahoo.co.jp/qa/question_detail/q13324941573,fgoを初めて約2週間程のものです、 無料の星5交換をしたいのですが誰がいいか分からないです。今持っている星5はエレシュキガルのみです。 見た目的にはカルナが1番なのですがランサーランサーになるので迷...,0,0
2294,2026/2/2 19:54,病気、症状,c2e1ff3b0,8時間57分,4,44,11.0,4,0,0.082,9.09,0.01,1.2,あと3日,https://detail.chiebukuro.yahoo.co.jp/qa/question_detail/q11324941571,手術が怖いです。中学生です。心室頻拍があって、1ヶ月後にカテーテルアブレーション手術を受けます。初めての手術だし、もし手術でも治らなかったらと考えると怖いです。応援してください(T T),0,0
2295,2026/2/2 19:54,恋愛相談、人間関係の悩み,g50a5723,8時間57分,3,75,25.0,0,0,0.139,4.0,0.03,0.42,あと3日,https://detail.chiebukuro.yahoo.co.jp/qa/question_detail/q12324941572,4ヶ月付き合っている彼女がいるのですが、彼女だけ倦怠期が来てしまいました。 彼女は慣れたのか冷めてしまったのかは自分では分からないけど前まであったドキドキがなくなってしまって不安だという風に言っていま...,0,0
2296,2026/2/2 19:54,恋愛相談、人間関係の悩み,にゅ,8時間57分,1,15,15.0,0,0,0.028,6.67,0.0,0.12,あと3日,https://detail.chiebukuro.yahoo.co.jp/qa/question_detail/q10324941570,至急お願いします。 彼氏が明日先輩の家で宅飲みします。 彼氏、先輩1、先輩2、彼氏の友達、先輩1の彼女の5人で飲むそうです。 先輩1の彼女は、彼氏とも仲が良く、私と付き合う前から数人で飲んでたことがあ...,0,0
2297,2026/2/2 19:54,バイク,1149960423,8時間58分,5,39,7.8,0,2,0.072,12.82,0.01,0.65,あと3日,https://detail.chiebukuro.yahoo.co.jp/qa/question_detail/q14324941569,ズーマーを早くする方法を教えて下さい。平坦50キロしか出ません。60ぐらい出すにはどーしたらいいですか。お願いします！,0,0
2298,2026/2/2 19:54,クラシック,bfb0704e8,8時間58分,3,52,17.3,0,0,0.097,5.77,0.02,0.37,あと3日,https://detail.chiebukuro.yahoo.co.jp/qa/question_detail/q13324941568,本当に行きたいアーティストを聴けるなら 電車片道3時間は余裕ですか？,0,0
2299,2026/2/2 19:54,大学,1150105551,8時間58分,0,20,20.0,0,0,0.037,0.0,0.0,0.04,あと3日,https://detail.chiebukuro.yahoo.co.jp/qa/question_detail/q11324941566,卒論の口頭試問について。 大学で卒論の口頭試問がありました。 質問されたことに答えはしましたが、あんまり納得いかないような表情をされてしまいました。 このまま落ちて落単してしまうのでしょうか？,0,0
2301,2026/2/2 19:54,ゲーム,bf27f0242,8時間58分,1,7,7.0,0,0,0.013,14.29,0.0,0.11,あと3日,https://detail.chiebukuro.yahoo.co.jp/qa/question_detail/q14324941564,イナイレvについてです！ 無印源田とアレス源田ではステータスに違いはありますか？,0,0
2302,2026/2/2 19:54,病気、症状,chu********,8時間58分,2,5,2.5,0,0,0.009,40.0,0.0,0.19,あと3日,https://detail.chiebukuro.yahoo.co.jp/qa/question_detail/q13324941563,膝の手術決断しました。直ったら警備の仕事出来ますか,0,0
2303,2026/2/2 19:54,ゲーム,c512aa080,8時間58分,2,17,8.5,0,0,0.032,11.76,0.0,0.22,あと3日,https://detail.chiebukuro.yahoo.co.jp/qa/question_detail/q12324941562,あつ森を初期化したのでセンスのある島の名前教えてください…！いいなと思った方にはお礼あります！,0,0
2304,2026/2/2 19:54,外国映画,非公開,8時間58分,0,20,20.0,0,0,0.037,0.0,0.0,0.04,あと3日,https://detail.chiebukuro.yahoo.co.jp/qa/question_detail/q14324941559,サブスクの洋画を探していて、顔の綺麗な男で再生するとほぼほぼゲイ映画です。 美人再生してもレズ映画なことなんか全然ないのに(むじろレズ映画はたいていブスな役者)、なんで映画界はこんなことするんですか？...,0,0
2305,2026/2/2 19:54,音楽,1051782964,8時間58分,0,0,0.0,0,0,0.0,0.0,0.0,0.0,あと3日,https://detail.chiebukuro.yahoo.co.jp/qa/question_detail/q13324941558,むかしYouTubeで聞いた曲で 中国語の歌です 歌詞は私が死んでもみたいな暗めな曲だった気がします。 自分が聞いたのはずんだもんが歌ってました。 どなたかご存知の方... いないでしょうか....?,0,0
2306,2026/2/2 19:54,模型、プラモデル、ラジコン,be5791aec,8時間58分,0,13,13.0,0,0,0.024,0.0,0.0,0.02,あと3日,https://detail.chiebukuro.yahoo.co.jp/qa/question_detail/q12324941557,フィギュア棚についてです。 高さは80cm以上、幅40cmほど、高さ調節可能なフィギュア棚をの1万円以下で探しているのですが見つかりません。 どなたかご存知の方いらっしゃらないでしょうか？ それとも、...,0,0
2307,2026/2/2 19:54,この仕事教えて,af6a39030,8時間58分,0,3,3.0,0,0,0.006,0.0,0.0,0.01,あと3日,https://detail.chiebukuro.yahoo.co.jp/qa/question_detail/q11324941556,ピッカーがピッキングした商品を 4〜5人で各々に異なる色を振り分けて各人が商品のバーコードを読み込んでその商品を各自に割り振りされた色がついた店舗のパレットなり6輪に乗ったオリコンなりに指定された個数...,0,0
2308,2026/2/2 19:54,哲学、倫理,cosθの定義から辺を求める,8時間58分,6,45,7.5,0,0,0.084,13.33,0.01,0.64,あと3日,https://detail.chiebukuro.yahoo.co.jp/qa/question_detail/q10324941555,「民族」って定義できなくないですか？ 仮に定義できるとしたら、どこかの時点で個人が例えば「日本民族」という集団に属する存在になるタイミングが存在することになります。 そんなタイミングや条件なんて絶対に...,0,0
2309,2026/2/2 19:54,占い,jhk********,8時間58分,1,17,17.0,0,0,0.032,5.88,0.01,0.12,あと3日,https://detail.chiebukuro.yahoo.co.jp/qa/question_detail/q13324941553,大した仕事もしてないのに評価してますと言われ、そして実際に評価もされます。 だけどそれは他のスタッフも同じです。 （評価をもらうのに相応の努力は特に必要ない感じです。とても小さな会社です。） わたしの...,0,0
2310,2026/2/2 19:54,恋愛相談、人間関係の悩み,非公開,8時間58分,2,9,4.5,1,0,0.017,22.22,0.0,0.39,あと3日,https://detail.chiebukuro.yahoo.co.jp/qa/question_detail/q12324941552,知ったかぶりな発言や断定した発言を嫌う人の性格は？,0,0
2311,2026/2/2 19:54,恋愛相談,sak********,8時間58分,4,94,23.5,0,4,0.174,4.26,0.04,0.77,あと3日,https://detail.chiebukuro.yahoo.co.jp/qa/question_detail/q11324941551,中卒やグレた人のほうがすぐ結婚して子供を産むのはなぜですか？家庭環境悪かった人のほうがすぐ恋愛するし、すぐ結婚するしすぐ子供ぽんぽん産む傾向ある（あと破局と離婚もすぐする） 言葉を選ばすに言わせてもら...,0,0
2312,2026/2/2 19:54,イヌ,ボンゴフレンディと黒塗りの高級車,8時間59分,2,14,7.0,0,3,0.026,14.29,0.0,0.38,あと3日,https://detail.chiebukuro.yahoo.co.jp/qa/question_detail/q13324941548,ポメラニアン可愛いすか？,0,0
2313,2026/2/2 19:53,レディース全般,ad5b09534,9時間0分,1,19,19.0,0,0,0.035,5.26,0.01,0.13,あと3日,https://detail.chiebukuro.yahoo.co.jp/qa/question_detail/q11324941546,3月にファーコートはみていて暑そうですか？ 変ですか？,0,0
2314,2026/2/2 19:53,観光地、行楽地,1150413935,9時間0分,0,9,9.0,0,0,0.017,0.0,0.0,0.02,あと3日,https://detail.chiebukuro.yahoo.co.jp/qa/question_detail/q12324941547,愛知旅行に行くのですが、おしゃれなモーニングが食べれる場所を教えてください！！ おすすめのカフェや観光場所も教えてほしいです！ （女子大生2人で行きます）,0,0
2315,2026/2/2 19:53,トレーニング,もち,9時間0分,1,10,10.0,0,1,0.019,10.0,0.0,0.17,あと3日,https://detail.chiebukuro.yahoo.co.jp/qa/question_detail/q10324941545,体育座りで、手を使わずに立ち上がれるようになりたいのですが、どの部位に筋力をつけたらいいですか？ 筋トレなどはありますか？,0,0
2316,2026/2/2 19:53,恋愛相談、人間関係の悩み,ゆり,9時間0分,3,19,6.3,0,0,0.035,15.79,0.0,0.31,あと3日,https://detail.chiebukuro.yahoo.co.jp/qa/question_detail/q13324941543,高校生です。一個上の先輩に恋してます。 バレンタインを2/16に渡したいと思ってるんですが本人には何も言わずその日に渡そうと思います。でも私好きな人のクラス全員に好きバレしてて教室とか行ったら絶対注目...,0,0
2317,2026/2/2 19:53,物理学,1051765033,9時間0分,1,16,16.0,0,0,0.03,6.25,0.0,0.12,あと3日,https://detail.chiebukuro.yahoo.co.jp/qa/question_detail/q14324941544,物理の問題です。 明日小テストがあるので教えて欲しいです。,0,0
2318,2026/2/2 19:53,不妊,vpr********,9時間0分,0,11,11.0,0,0,0.02,0.0,0.0,0.02,あと3日,https://detail.chiebukuro.yahoo.co.jp/qa/question_detail/q12324941542,今日、凍結胚移植の判定日(BT9日)で陽性でした。しかしhcgが716.9と高かったです。4wでこの数値は高いなぁと先生も言ってました。色々と検索するとダウン症の可能性や双子と出てきます。 経済的に双...,0,0
2319,2026/2/2 19:53,バイク,非公開,9時間0分,0,7,7.0,0,0,0.013,0.0,0.0,0.01,あと3日,https://detail.chiebukuro.yahoo.co.jp/qa/question_detail/q11324941541,af34ライブディオにpwk28付けようと買ったのですが、スロットルワイヤーがイマイチ分かりません。知ってる方、商品ページを貼っていただけないでしょうか。 貧乏レーシングなのでなるべく安いのでお願いし...,0,0
2320,2026/2/2 19:53,鉄道、列車、駅,非公開,9時間0分,1,33,33.0,0,0,0.061,3.03,0.02,0.15,あと3日,https://detail.chiebukuro.yahoo.co.jp/qa/question_detail/q10324941540,新八代の新幹線ホームの駅名標って新八代開業の時から ←熊本 新水俣→ になっていたんですか？ご存知の方教えてください。,0,0
2321,2026/2/2 19:53,アニメ,非公開,9時間0分,1,12,12.0,1,0,0.022,8.33,0.0,0.3,あと3日,https://detail.chiebukuro.yahoo.co.jp/qa/question_detail/q14324941539,2人きりにするために猫が部屋から去るシーンがあるアニメを教えてください。おそらく最近のものだと思います。 早めに下さると助かります。,0,0
2322,2026/2/2 19:53,iPhone,b9a010a77,9時間0分,1,9,9.0,0,0,0.017,11.11,0.0,0.11,あと3日,https://detail.chiebukuro.yahoo.co.jp/qa/question_detail/q13324941538,iPhoneについてお聞きしたいです 下の写真のようにインターネット共有がオフになっていてオンに変えられないのですがどうすればオンにできますか？,0,0
2323,2026/2/2 19:53,超常現象、オカルト,ked********,9時間0分,3,53,17.7,0,9,0.098,5.66,0.02,0.87,不明,https://detail.chiebukuro.yahoo.co.jp/qa/question_detail/q12324941537,神社で参拝したりするのですが 何故なのか分かりませんが 心の中で侮辱発言が出てきます これを抑える方法はないでしょうか？ また、神様に聞かれてるでしょうか？ 念のため謝罪はしているのですが,0,0
2324,2026/2/2 19:53,職場の悩み,非公開,9時間0分,1,6,6.0,0,0,0.011,16.67,0.0,0.1,あと3日,https://detail.chiebukuro.yahoo.co.jp/qa/question_detail/q10324941535,平均勤続年数と平均年齢がいくら行けば会社として将来ないですか？,0,0
2325,2026/2/2 19:53,職場の悩み,dvl********,9時間0分,2,26,13.0,2,0,0.048,7.69,0.01,0.6,あと3日,https://detail.chiebukuro.yahoo.co.jp/qa/question_detail/q14324941534,20代女です 人前ですぐ泣いてしまうのを何とかしたいです。 新卒で入った職場はとてもいいところで先輩方は愛をもって私のためにたくさんのことを教えてくださります。 パワハラとかでは決してないのに、ちょっ...,0,0
2326,2026/2/2 19:53,ヘアケア,oqo********,9時間0分,0,3,3.0,0,0,0.006,0.0,0.0,0.01,あと3日,https://detail.chiebukuro.yahoo.co.jp/qa/question_detail/q13324941533,ポニーフックについて、 かってみたんですが、ポニーフックが細く、上手く髪ゴムがかくせません！どうしたらよいでしょうか？,0,0
2327,2026/2/2 19:53,電子書籍,非公開,9時間0分,1,5,5.0,0,0,0.009,20.0,0.0,0.1,あと3日,https://detail.chiebukuro.yahoo.co.jp/qa/question_detail/q10324941530,無料で電子書籍のポートフォリオを作る方法はありますか。,0,0
2328,2026/2/2 19:53,カスタマイズ,ina********,9時間1分,0,6,6.0,0,0,0.011,0.0,0.0,0.01,あと3日,https://detail.chiebukuro.yahoo.co.jp/qa/question_detail/q12324941532,ハイエース 200系 3型のホイールおよびタイヤのマッチングについて同じ組み合わせの方がいらっしゃれば教えてください。 ノーマル車高に 17インチ 7.5J インセット+30 ヨコハマ PARDA P...,0,0
2329,2026/2/2 19:53,携帯型ゲーム全般,yu_********,9時間1分,0,16,16.0,0,0,0.03,0.0,0.0,0.03,あと3日,https://detail.chiebukuro.yahoo.co.jp/qa/question_detail/q14324941529,ゲームボーイソフトのポケモンピカチュウについて質問です。 起動して最初のほうで、オーキド博士が出て自己紹介されますが、オーキド博士のキャラクターがバグってます。 基盤のどれが原因なんでしょうか？ ハン...,0,0
2330,2026/2/2 19:53,写真、ビデオ,a4f58b119,9時間1分,1,19,19.0,0,0,0.035,5.26,0.01,0.13,あと3日,https://detail.chiebukuro.yahoo.co.jp/qa/question_detail/q13324941528,至急 この写真の汚れは何だと思いますか,0,0
2331,2026/2/2 19:53,病院、検査,1251722654,9時間1分,2,45,22.5,0,1,0.083,4.44,0.02,0.32,あと3日,https://detail.chiebukuro.yahoo.co.jp/qa/question_detail/q12324941527,43歳女です。健康診断の結果がC判定で要観察でした。 尿蛋白毎年±、空腹時血糖102、LDLC129、AST33、ALT37、rGT55、MCH27.9、MCHC31.1です。 この中で再検査してもら...,0,0
2332,2026/2/2 19:53,大学受験,ゆい,9時間1分,1,5,5.0,0,0,0.009,20.0,0.0,0.1,あと3日,https://detail.chiebukuro.yahoo.co.jp/qa/question_detail/q11324941526,もうすぐ高校生になります。勉強面で入学前に始めておいた方が良いことや、大学受験に向けた事など、今やっておいた方がいいことを教えてほしいです！高校受験勉強を少し遅めに始めてとても後悔しています。 教えて...,0,0
2333,2026/2/2 19:53,英語,めぇ,9時間1分,3,33,11.0,0,1,0.061,9.09,0.01,0.39,あと3日,https://detail.chiebukuro.yahoo.co.jp/qa/question_detail/q10324941525,筆記体の読み方が分からず、教えてほしいです。 これは何という名前のフォントですか？,0,0
2334,2026/2/2 19:53,デビットカード,1052411854,9時間1分,2,24,12.0,0,3,0.044,8.33,0.01,0.39,あと3日,https://detail.chiebukuro.yahoo.co.jp/qa/question_detail/q14324941524,自分は今中学3年生です。ペイディを1ヶ月滞納してしまいました。最終督促が来てその期日までには支払えました。高校生になったら親が口座、デビットカードを作ろうと言ってきたのですが作れますか？ それとその滞...,0,0
2335,2026/2/2 19:53,大学受験,あ,9時間1分,4,84,21.0,0,0,0.155,4.76,0.03,0.52,あと3日,https://detail.chiebukuro.yahoo.co.jp/qa/question_detail/q13324941523,至急です大学の国公立の出願なんですが前期後期同じ大学に出願したんです、 で学校で同じ時に２つの調査書をもらって今日ちょっとどたばたでだしてきたんですけどどっちが前期のか後期のかわからず封筒に入れてだし...,0,0
2336,2026/2/2 19:53,不妊,mai********,9時間1分,0,11,11.0,0,0,0.02,0.0,0.0,0.02,あと3日,https://detail.chiebukuro.yahoo.co.jp/qa/question_detail/q12324941522,卒乳後の体外受精について 1人目を出産し1歳半になろうとしているので妊活を再開したいと思います。 予約の電話をしたところ断乳から3回生理が来ていることと言われて9月にしていたので問題ないだろうと思った...,0,0
2337,2026/2/2 19:53,ギャンブル,bgegg,9時間1分,0,1,1.0,0,0,0.002,0.0,0.0,0.0,あと3日,https://detail.chiebukuro.yahoo.co.jp/qa/question_detail/q11324941521,ギャンブルで色んな要素を組み込んでいくのはいいんですが、すべての項目をチェック出来ないので、ある程度絞るもんですか,0,0
2338,2026/2/2 19:53,地学,lov********,9時間1分,2,20,10.0,1,1,0.037,10.0,0.0,0.46,あと3日,https://detail.chiebukuro.yahoo.co.jp/qa/question_detail/q14324941519,海岸で拾って来た石なんですが、何と言う石か分かりますか？ 黒っぽく見えるところは石英なのか透過します。 裏面が平らなので、もしかしたらタイルや床材に使われていたかもしれません。 濡れた状態で、乾くと白...,0,0
2339,2026/2/2 19:53,恋愛相談,fly********,9時間1分,1,17,17.0,0,0,0.031,5.88,0.01,0.12,あと3日,https://detail.chiebukuro.yahoo.co.jp/qa/question_detail/q13324941518,男性心理 年下の男性が、私（年上）の誘いに喜んでついてくるのってただ私が姉御的な存在ですかね…？ 楽譜見に行くけどついてくる？とか ライブ行く？みたいな誘いに 『行きたいです！ぜひ一緒にいかせてくださ...,0,0
2340,2026/2/2 19:53,事件、事故,James1950s,9時間1分,0,1,1.0,0,0,0.002,0.0,0.0,0.0,あと3日,https://detail.chiebukuro.yahoo.co.jp/qa/question_detail/q12324941517,川崎バス闘争についてどう思いますか?,0,0
2341,2026/2/2 19:53,恋愛相談、人間関係の悩み,********,9時間1分,2,1,0.5,1,0,0.002,200.0,0.0,0.37,あと3日,https://detail.chiebukuro.yahoo.co.jp/qa/question_detail/q11324941516,すっごく疑問なんですけど。 ブレイクダウンという格闘技のような喧嘩自慢のような番組がYouTubeであるのですが、みたことあるひと疑問を解消してください。 朝倉未来という人が真ん中にいて、みんながぺこ...,0,0
2343,2026/2/2 19:52,ライブ、コンサート,b65a715b8,9時間2分,2,22,11.0,0,0,0.041,9.09,0.0,0.22,あと3日,https://detail.chiebukuro.yahoo.co.jp/qa/question_detail/q14324941514,質問です。back numberのライブFC会員の2次で当選したのですが、1度ファンクラブを辞めてもチケットを表示する時などに、何か問題は発生しますか？,0,0
2344,2026/2/2 19:52,職場の悩み,dat********,9時間2分,2,17,8.5,0,0,0.031,11.76,0.0,0.22,あと3日,https://detail.chiebukuro.yahoo.co.jp/qa/question_detail/q13324941513,男性に質問です！ 会社のトイレとかで臭い大をして個室から出た時に上司や同僚や部下とかがすぐ個室に入ったら気まずいですか？！,0,0
2345,2026/2/2 19:52,タブレット端末,1052404894,9時間3分,1,23,23.0,0,2,0.042,4.35,0.01,0.24,あと3日,https://detail.chiebukuro.yahoo.co.jp/qa/question_detail/q12324941512,至急です！ 春から大学生でiPadの購入か考えています いま買うならiPad air m2かiPad air m3どちらの方がいいですか？ 使用用途は勉強です,0,0
2346,2026/2/2 19:52,アニメ,eig********,9時間3分,4,32,8.0,0,0,0.059,12.5,0.0,0.43,あと3日,https://detail.chiebukuro.yahoo.co.jp/qa/question_detail/q11324941511,ガンダム Ｚガンダム、νガンダム、Ξガンダムはいたと思うのですが、他にギリシャ文字を冠したガンダムはいますか？ またギリシャ文字を付けるガンダムには何か共通点とか、付ける理由みたいなものはあるんですか...,0,0
2347,2026/2/2 19:52,学校の悩み,２２２２,9時間3分,0,15,15.0,0,0,0.028,0.0,0.0,0.03,あと3日,https://detail.chiebukuro.yahoo.co.jp/qa/question_detail/q14324941509,なんか心と体が疲れたような気がします 精神科も３年くらいかよっています 小６から２年前ぐらい不登校、（不登校の理由はいじめと悪い家庭環境）で就職したいので去年の秋から中学校に行き始めました、行き始めて...,0,0
2348,2026/2/2 19:52,コミック,あんこ餅,9時間3分,1,18,18.0,0,0,0.033,5.56,0.01,0.12,あと3日,https://detail.chiebukuro.yahoo.co.jp/qa/question_detail/q12324941507,ワールドトリガーの最新話をいちばん早く読めるのはどこですか？電子書籍で、ワールドトリガーだけ読める方法はないのでしょうか。,0,0
2349,2026/2/2 19:52,アルバイト、フリーター,非公開,9時間3分,2,26,13.0,0,0,0.048,7.69,0.01,0.23,あと3日,https://detail.chiebukuro.yahoo.co.jp/qa/question_detail/q13324941508,アルバイトの履歴書について質問です。 私はカフェのアルバイト面接に行く予定なのですが、資格のところで悩んでいます。 私は、英検、茶道、書道、水泳の資格を持っています。英検はともかく、水泳や書道などの資...,0,0
2350,2026/2/2 19:52,就職活動,sklton,9時間3分,0,11,11.0,0,0,0.02,0.0,0.0,0.02,あと3日,https://detail.chiebukuro.yahoo.co.jp/qa/question_detail/q11324941506,新卒で初年度年収450万は上位何%ぐらいですか？5%ぐらいですか？,0,0
2351,2026/2/2 19:52,就職活動,非公開,9時間3分,0,1,1.0,0,0,0.002,0.0,0.0,0.0,あと3日,https://detail.chiebukuro.yahoo.co.jp/qa/question_detail/q10324941505,アウトソーシング系の会社であるA社とB社それぞれ web形式で1時間ほどの面接を行う場合の結果として、 あくまで細々した事例だけど下記のようなことは結構往々なのですか。 要は採否結果やその理由全く正反...,0,0
2352,2026/2/2 19:52,郵便、宅配,c554f8f57,9時間3分,2,12,6.0,0,0,0.022,16.67,0.0,0.21,不明,https://detail.chiebukuro.yahoo.co.jp/qa/question_detail/q14324941504,レターパックライトとレターパックプラスどちらの方がよく使いますか,0,0
2353,2026/2/2 19:52,レディースバッグ、財布、小物類,bf83120f3,9時間3分,0,10,10.0,0,0,0.018,0.0,0.0,0.02,あと3日,https://detail.chiebukuro.yahoo.co.jp/qa/question_detail/q13324941503,約B5サイズのバッグで紙痛バを組もうと考えているのですが、この画像のチェキ風カードの場合何枚程必要になりますか？ サイズはW54mm H86mmです。,0,0
2354,2026/2/2 19:52,恋愛相談、人間関係の悩み,1150674825,9時間3分,1,16,16.0,1,0,0.029,6.25,0.0,0.3,あと3日,https://detail.chiebukuro.yahoo.co.jp/qa/question_detail/q11324941501,バレンタインで気になる人に渡すかどうか迷ってます、、、 わたしは大学1年生(女)で相手は大学2年生(男性)でインカレで出会いました。関係値はとても浅く、まだ3.4回しか話したことがないです。自分のこと...,0,0
2355,2026/2/2 19:52,DTM,1149910350,9時間3分,1,35,35.0,1,0,0.064,2.86,0.02,0.34,あと3日,https://detail.chiebukuro.yahoo.co.jp/qa/question_detail/q12324941497,初めて曲を作りました。 ガレージバンドで作った３４秒の曲です。 稚拙な出来栄えですが、どうでしょうか。 ↓サウンドクラウドのリンクです https://on.soundcloud.com/iJJrXK...,0,0
2356,2026/2/2 19:52,恋愛相談、人間関係の悩み,kur********,9時間3分,1,11,11.0,0,0,0.02,9.09,0.0,0.11,あと3日,https://detail.chiebukuro.yahoo.co.jp/qa/question_detail/q13324941498,私は30男で統合失調症でリワークに通っているのですが 気になる年上女性(リワークの受付事務のかた)とinstagram交換しメッセージしてますが、 ポケパークの話をしていて もし当たったら、いつ頃行く...,0,0
2357,2026/2/2 19:52,CM,b38c4f084,9時間3分,0,10,10.0,0,0,0.018,0.0,0.0,0.02,あと3日,https://detail.chiebukuro.yahoo.co.jp/qa/question_detail/q11324941496,2010年代のCMを探してます！ うろ覚えですが、古い家で、冷蔵庫やオーブンに顔をはめて話してる映像だった気がします… 知ってる人いますか？,0,0
2358,2026/2/2 19:52,スマホアプリ,cf49cd177,9時間3分,0,3,3.0,0,0,0.006,0.0,0.0,0.01,あと3日,https://detail.chiebukuro.yahoo.co.jp/qa/question_detail/q10324941495,この方が使ってるフィルターって、どのアプリの何か、わかる方いますか？,0,0
2359,2026/2/2 19:52,病気、症状,かっちん,9時間3分,0,7,7.0,0,0,0.013,0.0,0.0,0.01,あと3日,https://detail.chiebukuro.yahoo.co.jp/qa/question_detail/q14324941494,緊張時の腹痛について 自分は中学3年生の受験生なのですが、試験になるとおなかが必ずと言っていいほど痛くなります。 1年前からずっとA判定で、落ちるはずもない高校の受験ですら腹痛が起きてしまいます。 体...,0,0
2360,2026/2/2 19:52,自動車,James1950s,9時間4分,1,17,17.0,0,3,0.031,5.88,0.01,0.29,あと3日,https://detail.chiebukuro.yahoo.co.jp/qa/question_detail/q13324941493,ジネッタG4という1990年代のスポーツカーをどう思いますか?,0,0
2361,2026/2/2 19:52,ドコモ,クラゴン,9時間4分,0,1,1.0,0,0,0.002,0.0,0.0,0.0,あと3日,https://detail.chiebukuro.yahoo.co.jp/qa/question_detail/q12324941492,ドコモの自分の忘れたPINコード(アプリ購入する時とかに使う)を確認するにはどうしたらいいですか？,0,0
2362,2026/2/2 19:52,ドコモ,ab1db7164,9時間4分,1,17,17.0,0,0,0.031,5.88,0.01,0.12,あと3日,https://detail.chiebukuro.yahoo.co.jp/qa/question_detail/q11324941491,docomoでiPhone17を月241円×24回払い(他社からMNPなので返却プログラム)で契約しました。 仮に1年でiPhone17の残債を一括で支払うとなると2892円(1年分)＋2年分の免除額...,0,0
2363,2026/2/2 19:52,お笑い芸人,SSS,9時間4分,1,17,17.0,0,0,0.031,5.88,0.01,0.12,あと3日,https://detail.chiebukuro.yahoo.co.jp/qa/question_detail/q10324941490,ダウンタウン浜田さんはリーバイスを腰履きで緩く履いていますが 裾は割とくるぶしの位置にありますよね レングスは何センチくらいなんでしょうか デニムなど詳しい方わかりますか？ 裾上げしているのでしょうか...,0,0
2364,2026/2/2 19:52,学校の悩み,あいす,9時間4分,1,11,11.0,0,0,0.02,9.09,0.0,0.11,あと3日,https://detail.chiebukuro.yahoo.co.jp/qa/question_detail/q13324941488,4人組ハブられ界隈です。 諦めて堂々とひとりでいることが多いんですけど、暇で退屈です。 皆さんは学校などで1人で暇な時何してますか？,0,0
2365,2026/2/2 19:52,ホテル、旅館,umv********,9時間4分,2,13,6.5,0,0,0.024,15.38,0.0,0.21,あと3日,https://detail.chiebukuro.yahoo.co.jp/qa/question_detail/q12324941487,大人二人旅です。ブセナテラスと日航アリビラ、どちらに宿泊するか迷っています アリビラのバストイレ別なのが魅力な一方、ブセナの雰囲気も捨て難いです。 かなり年数の経っているホテルですが、古さはどちらが感...,0,0
2366,2026/2/2 19:52,邦楽,kom********,9時間4分,0,10,10.0,0,0,0.018,0.0,0.0,0.02,あと3日,https://detail.chiebukuro.yahoo.co.jp/qa/question_detail/q11324941486,サカナクションって昔と曲調とか感じ変わりましたか？ なんか最近店内で曲だけ聴くとアジカンかと思ってしまいます。 私がサカナクションを聴いてたのは「アルクアラウンド」ぐくらい迄なのですが,0,0
2367,2026/2/2 19:52,住宅ローン,spq********,9時間4分,3,63,21.0,0,0,0.116,4.76,0.02,0.39,不明,https://detail.chiebukuro.yahoo.co.jp/qa/question_detail/q10324941485,3900万を35年ローン固定0.95%の金利で組んで25年払い終わって時点での残債はいくらぐらいですか？ わかる方いますか？,0,0
2368,2026/2/2 19:52,植物,cef********,9時間4分,2,40,20.0,0,8,0.073,5.0,0.01,0.7,あと3日,https://detail.chiebukuro.yahoo.co.jp/qa/question_detail/q14324941484,花の種類について質問です。 卒業式で同じ髪型にしたいと考えているのですが、この赤いお花と葉っぱのようなものはいったい何なのでしょうか！！！！！,0,0
2369,2026/2/2 19:52,取引相手とのトラブル,bd140ed9c,9時間4分,2,20,10.0,0,3,0.037,10.0,0.0,0.38,あと3日,https://detail.chiebukuro.yahoo.co.jp/qa/question_detail/q13324941483,ゲームの取引について質問です。 詐欺だと思うのですが、どう思いますか？,0,0
2370,2026/2/2 19:52,メンタルヘルス,ksr********,9時間4分,1,24,24.0,0,0,0.044,4.17,0.01,0.14,あと3日,https://detail.chiebukuro.yahoo.co.jp/qa/question_detail/q12324941482,どうしたら泣かなくなりますか？ ほんとにちょっとした事を言われただけでその場で泣いてしまいます。 涙止めないと迷惑、うざがられるって分かってるのに、勝手に出て、涙声になって、ばれちゃいます。 どうにか...,0,0
2371,2026/2/2 19:52,大学受験,(*´˘`*),9時間4分,1,19,19.0,0,0,0.035,5.26,0.01,0.13,あと3日,https://detail.chiebukuro.yahoo.co.jp/qa/question_detail/q11324941481,指定校推薦のメリット・デメリットを教えて頂きたいです！！ まだ高校1年生なのですが、早慶の指定校を目指すか、国公立を目指すか迷っています。,0,0
2372,2026/2/2 19:52,アニメ,1151954490,9時間4分,0,5,5.0,0,0,0.009,0.0,0.0,0.01,あと3日,https://detail.chiebukuro.yahoo.co.jp/qa/question_detail/q10324941480,https://youtu.be/tdcH6sjL8Fw?si=R6di8G5BKaWAJm-C この動画のようなキャラクターにごちゃごちゃ喋らせるXのミームが好きなのですが集めてる方いらっしゃいます...,0,0
2373,2026/2/2 19:52,恋愛相談、人間関係の悩み,ad@m_g1aponne,9時間4分,2,17,8.5,0,0,0.031,11.76,0.0,0.21,あと3日,https://detail.chiebukuro.yahoo.co.jp/qa/question_detail/q14324941479,面倒なプレゼントに対する対策案 20歳、学生、男です。 私は、自分の誕生日等に彼女プレゼントを貰うことに強い抵抗感があります。 理由は、贈り物や施しを受けると、無意識に負債感が生まれ、心理的に疲弊して...,0,0
2374,2026/2/2 19:52,LINE,はるるな,9時間4分,1,12,12.0,0,0,0.022,8.33,0.0,0.11,あと3日,https://detail.chiebukuro.yahoo.co.jp/qa/question_detail/q13324941478,このLINEアイコンに合う背景を教えてください！,0,0
2375,2026/2/2 19:52,YouTube,a58b8d451,9時間4分,1,28,28.0,0,0,0.051,3.57,0.01,0.14,あと3日,https://detail.chiebukuro.yahoo.co.jp/qa/question_detail/q12324941477,にじさんじの叶さんについて質問です。 最近にじさんじと叶さんを知ったばかりなのですが、切り抜きなどで度々見かける無馬さんというのは誰なんですか？調べた感じだと叶さんがゲーム内で使用してるキャラの名前な...,0,0
2376,2026/2/2 19:52,アニメ,1153320240,9時間4分,0,5,5.0,0,0,0.009,0.0,0.0,0.01,あと3日,https://detail.chiebukuro.yahoo.co.jp/qa/question_detail/q11324941476,名探偵コナン 1190話 ①小五郎がききこみしてるとき、サンドアートの男の人はなぜ笑ったのですか？ ②小五郎は行方不明になったのが狂言だとなぜ気づけたのですか？ 1191話 ③おじが誘拐犯でしたが、ど...,0,0
2377,2026/2/2 19:52,恋愛相談、人間関係の悩み,fly********,9時間5分,0,10,10.0,1,0,0.018,0.0,0.0,0.2,あと3日,https://detail.chiebukuro.yahoo.co.jp/qa/question_detail/q10324941475,男性が体調の心配をして声をかけてくれました。嬉しかったです。 周りに心配をかけたくなくて平静を装っていましたが、体調の異変、バレてました。 会話してるとき、別れ際、2回、心配してくれた後、LINEで目...,0,0
2378,2026/2/2 19:52,年金,あ,9時間5分,1,15,15.0,0,0,0.028,6.67,0.0,0.12,あと3日,https://detail.chiebukuro.yahoo.co.jp/qa/question_detail/q13324941473,年金手帳をなくして再発行として基礎年金番号通知書を欲しいのですが、即日発行してまくれますかね。,0,0
2379,2026/2/2 19:51,デンタルケア,ゲーム好き,9時間6分,1,17,17.0,0,0,0.031,5.88,0.01,0.12,あと3日,https://detail.chiebukuro.yahoo.co.jp/qa/question_detail/q12324941472,前歯のセラミックについて 昔虫歯のせいで上の前歯2本から神経を抜いています。周りの歯に比べて色が暗くなり、最近気になり始めたのでその2本だけ白くしようと考えています。どうせやるならセラミック？が良いの...,0,0
2380,2026/2/2 19:51,高校受験,bbe9e2306,9時間6分,0,9,9.0,0,0,0.016,0.0,0.0,0.02,あと3日,https://detail.chiebukuro.yahoo.co.jp/qa/question_detail/q13324941468,私立高校入試の地理問題について質問です。高校の偏差値は45です。 会話文形式で会話テーマは「世界一」で世界の各産業（農業、工業）と地理的特徴についての問題が出題されるのですが、覚えるべき重要なものを教...,0,0
2381,2026/2/2 19:51,情報番組、ワイドショー,t_e********,9時間6分,0,1,1.0,0,0,0.002,0.0,0.0,0.0,あと3日,https://detail.chiebukuro.yahoo.co.jp/qa/question_detail/q14324941469,手話しているニュース番組ありますか,0,0
2382,2026/2/2 19:51,生き方、人生相談,cd0e9b251,9時間6分,3,44,14.7,0,2,0.081,6.82,0.01,0.46,あと3日,https://detail.chiebukuro.yahoo.co.jp/qa/question_detail/q11324941471,社会人に必要な力ってなんですか。 勉強ができることと、仕事ができることは違うと言いますが、それはどう言った点が異なるからなのでしょうか。 コミュニケーション能力、課題解決能力と浅い考察しかできません。...,0,0
2383,2026/2/2 19:51,デンタルケア,kam********,9時間6分,0,11,11.0,0,0,0.02,0.0,0.0,0.02,あと3日,https://detail.chiebukuro.yahoo.co.jp/qa/question_detail/q10324941470,今、知覚過敏なのでシュミテクトを使っていますが、YouTubeなどで歯科関係の人が使っているのは違う物でそっちの方が高濃度フッ素配合で歯にいい様な気がしますが、 知覚過敏でもおすすめのシュミテクト以外...,0,0
2384,2026/2/2 19:51,投稿練習,午後の紅茶,9時間6分,1,31,31.0,0,0,0.057,3.23,0.02,0.15,不明,https://detail.chiebukuro.yahoo.co.jp/qa/question_detail/q12324941467,昨日、吉野家に行きましたが牛カレー鍋膳やってませんでした！ やってるとことやってないとこがあるんですかね？ 最悪、残念。,0,0
2385,2026/2/2 19:51,バンド,チキンw,9時間6分,0,3,3.0,0,0,0.005,0.0,0.0,0.01,あと3日,https://detail.chiebukuro.yahoo.co.jp/qa/question_detail/q10324941465,Katana50 g3 EXにBT-DUALを付けて使用してましたが、GX-1のマルチエフェクターを最近購入したら、マルチエフェクターにBluetoothがついてるとの事で… その場合はBT-DUAL...,0,0
2386,2026/2/2 19:51,家族関係の悩み,bc94746e8,9時間6分,2,15,7.5,0,0,0.027,13.33,0.0,0.21,あと3日,https://detail.chiebukuro.yahoo.co.jp/qa/question_detail/q11324941466,お父さんがお母さん(私からしたらおばあちゃん)を亡くした時にどんな言葉をかけたらいいですか、、？ お父さんは九州生まれで、18歳の時に北海道に来てずっと離れて暮らしています。 色々あって複雑なのですが...,0,0
2387,2026/2/2 19:51,遊戯王,ucr********,9時間6分,0,11,11.0,0,0,0.02,0.0,0.0,0.02,あと3日,https://detail.chiebukuro.yahoo.co.jp/qa/question_detail/q14324941464,遊戯王マスターデュエルのことで質問です。 プレゼントボックスに上限ってありますか？ あるならいくつが上限かも教えてほしいです。,0,0
2388,2026/2/2 19:51,大学,m_t********,9時間6分,0,15,15.0,0,0,0.027,0.0,0.0,0.03,あと3日,https://detail.chiebukuro.yahoo.co.jp/qa/question_detail/q13324941463,理系大学生の子がインターンでテストを受けられず、単位が2単位足りなくなってしまいました。ただ、補習があるそうなんですが、補習があるということは受ければ救済されるということでしょうか？ 一般的にはどの程...,0,0
2389,2026/2/2 19:51,美術、芸術,hay********,9時間6分,1,16,16.0,0,0,0.029,6.25,0.0,0.12,あと3日,https://detail.chiebukuro.yahoo.co.jp/qa/question_detail/q12324941462,どなたの書でしょうか。よろしくお願いいたします。,0,0
2390,2026/2/2 19:51,決済、ポイントサービス,1250812181,9時間6分,2,13,6.5,0,0,0.024,15.38,0.0,0.21,あと3日,https://detail.chiebukuro.yahoo.co.jp/qa/question_detail/q10324941460,デイリーでのお支払いについての質問です 学校帰りにお腹がすきデイリーで買い物をしました。その際に支払いをPayPayでしたかったのですが、楽天ポイントを持っていたので端数をポイントで残りをPayPay...,0,0
2391,2026/2/2 19:51,家族関係の悩み,b19d6f2eb,9時間6分,2,52,26.0,0,0,0.095,3.85,0.02,0.28,あと3日,https://detail.chiebukuro.yahoo.co.jp/qa/question_detail/q11324941461,夫が配信活動（Vtuber）を始めました。本気で頑張りたいそうです。 活動を見ていて不安に感じたのは、 配信アプリ外でのやり取りが増えやすい点です。 配信という仕事だと理解しようとしていますが、戸惑い...,0,0
2392,2026/2/2 19:51,MLB,ｌD非公開,9時間7分,1,11,11.0,0,0,0.02,9.09,0.0,0.11,あと3日,https://detail.chiebukuro.yahoo.co.jp/qa/question_detail/q14324941459,WBCに出るMLB選手はスプリングトレーニング戦にかなり出られないと思いますが開幕に向けて戦えるレベルには問題なく到達できるのですか？,0,0
2393,2026/2/2 19:51,ニンテンドー3DS,1151935233,9時間7分,0,3,3.0,0,0,0.005,0.0,0.0,0.01,あと3日,https://detail.chiebukuro.yahoo.co.jp/qa/question_detail/q12324941457,とび森初心者です。部屋に水族館を作りたくて色々調べたら水族館の壁？と床（商品名あってるか分かりません）があるみたいなのですがどこでゲットできるのでしょうか？ 調べてもよく分からなかったため詳しい方よろ...,0,0
2394,2026/2/2 19:51,友人関係の悩み,******,9時間7分,1,45,45.0,0,1,0.082,2.22,0.04,0.23,不明,https://detail.chiebukuro.yahoo.co.jp/qa/question_detail/q13324941458,会うのはやめておくべきでしょうか？ 12年来の友達(海外在住の医者の男性について相談です。 6年前、2年前と、何度か彼が再会を試みて日本に来ようとしたり私の留学先に来ようとしました。 そして今回彼が病...,0,0
2395,2026/2/2 19:51,音楽,1052300209,9時間7分,0,14,14.0,0,0,0.026,0.0,0.0,0.03,あと3日,https://detail.chiebukuro.yahoo.co.jp/qa/question_detail/q11324941456,米津玄師さんの「ごめんね」のように、特定のゲームをモチーフにした曲は他にありますか？教えてください。,0,0
2396,2026/2/2 19:51,大学受験,cef47ad6d,9時間7分,2,80,40.0,1,1,0.146,2.5,0.06,0.57,あと3日,https://detail.chiebukuro.yahoo.co.jp/qa/question_detail/q10324941455,昨日、関西学院大学の全学部を受けてきました。文学部の日本文学日本語学専修志望です。 ネットや今までの配点を用いた自己採点ですが、英語8割、国語8.5割、世界史8割でした。 合格最低点が年々上がっている...,0,0
2397,2026/2/2 19:51,恋愛相談,a28d220de,9時間7分,2,29,14.5,0,5,0.053,6.9,0.01,0.51,あと3日,https://detail.chiebukuro.yahoo.co.jp/qa/question_detail/q14324941454,中学一年生です。 片思いで振られた相手にまだ未練があります。 もうすぐバレンタインなのですが、あげてもいいのでしょうか？ 相手はそこまで気にしてないようです、,0,0
2398,2026/2/2 19:51,病気、症状,1151487435,9時間7分,1,6,6.0,0,0,0.011,16.67,0.0,0.1,あと3日,https://detail.chiebukuro.yahoo.co.jp/qa/question_detail/q12324941452,血糖値が高いのに 毎日、ビールスーパードライ ノンアルコール飲んでたら いよいよ糖尿病になりますか？ ノンアルコールですか糖質は高いですか？ヤバい？,0,0
2399,2026/2/2 19:51,大学受験,1152355353,9時間7分,1,22,22.0,0,0,0.04,4.55,0.01,0.13,あと3日,https://detail.chiebukuro.yahoo.co.jp/qa/question_detail/q11324941451,共通テストを受けて自己採点で、駒澤大学の共テ利用がA判定なのですが、受かりますか？,0,0
2400,2026/2/2 19:51,恋愛相談、人間関係の悩み,bmf********,9時間7分,1,24,24.0,0,0,0.044,4.17,0.01,0.13,あと3日,https://detail.chiebukuro.yahoo.co.jp/qa/question_detail/q10324941450,恐怖で相手を誘導させる人をやめさせる方法を教えてください。わたしの場合友達です。一回怖いと言ったら私怒ると怖いよアピールが増えました…。,0,0
2401,2026/2/2 19:51,K-POP、アジア,＊＊＊＊＊,9時間7分,3,113,37.7,1,2,0.206,2.65,0.08,0.77,あと3日,https://detail.chiebukuro.yahoo.co.jp/qa/question_detail/q14324941449,SMTOWNの出番割合についてです。 NCTやRIIZEメンバー、aespaなどの出番が多くないですか？ 兵役後のテヨン(NCT)に関しては福岡で５回もステージが用意されてて驚きました。 東方神起、ス...,0,0
2402,2026/2/2 19:51,恋愛相談,翠,9時間7分,1,20,20.0,0,0,0.037,5.0,0.01,0.13,あと3日,https://detail.chiebukuro.yahoo.co.jp/qa/question_detail/q13324941448,相手にロマンチシズムを貼り付けて見ているから色恋物語が生まれるだけなのでしょうか。,0,0
2403,2026/2/2 19:51,ゲーム,匿名K,9時間7分,0,5,5.0,0,0,0.009,0.0,0.0,0.01,あと3日,https://detail.chiebukuro.yahoo.co.jp/qa/question_detail/q11324941446,原神 ゲーム コロンビーナ、イネファだけのパーティにする場合、2人の武器、聖遺物を教えてください 出来ればコロンビーナ場に出して通常攻撃連打したいですね...,0,0
2404,2026/2/2 19:51,パチンコ,1251973973,9時間7分,1,17,17.0,0,0,0.031,5.88,0.01,0.12,不明,https://detail.chiebukuro.yahoo.co.jp/qa/question_detail/q10324941445,昔パチンコで機動戦士ガンダム逆襲のシャアがありましたが、続編2が作られることはあると思いますか？逆シャア好きなんでフリーダム枠で作って欲しい願望はあるんですが,0,0
2405,2026/2/2 19:51,ファッション,非公開,9時間7分,1,15,15.0,0,0,0.027,6.67,0.0,0.12,あと3日,https://detail.chiebukuro.yahoo.co.jp/qa/question_detail/q14324941444,【至急です！！】高校生なのですが、大学生になってこういうロゴニットは幼いでしょうか？？ 大学とかのホームページなどでみんな大人っぽいので、不安です。。。 どういう服がいいのかわからないです。 なるべく...,0,0
2406,2026/2/2 19:51,恋愛相談、人間関係の悩み,MBTI 64,9時間7分,3,45,15.0,0,0,0.082,6.67,0.01,0.36,あと3日,https://detail.chiebukuro.yahoo.co.jp/qa/question_detail/q13324941443,マスク外してこれだったらガッカリしますか,0,0
2407,2026/2/2 19:51,男性アイドル,R0827,9時間8分,0,8,8.0,0,0,0.015,0.0,0.0,0.01,あと3日,https://detail.chiebukuro.yahoo.co.jp/qa/question_detail/q12324941442,いいえ。 KEY TO LIT リーダーについて質問 リーダー決める方法 リーダーは予想だと、猪狩蒼弥が濃厚ですか？,0,0
2408,2026/2/2 19:51,アナウンサー,hde********,9時間8分,0,3,3.0,0,0,0.005,0.0,0.0,0.01,あと3日,https://detail.chiebukuro.yahoo.co.jp/qa/question_detail/q14324941439,2026年2月2日放送のNスタについて イッキ見というコーナーを担当した女性アナウンサーは、吉村アナウンサーでしょうか? Nスタを久しぶりに見たら、目の印象が違ったったので、質問しました。 プライバシ...,0,0
2409,2026/2/2 19:51,アニメ,非公開,9時間8分,4,16,4.0,0,1,0.029,25.0,0.0,0.45,あと3日,https://detail.chiebukuro.yahoo.co.jp/qa/question_detail/q13324941438,ドラゴンボールが大好きな（特に男性）方に質問です。ブルマ ランチ チチ 18号 ビーデルの5人の女性の中で結婚してみたいのはどのキャラですか？,0,0
2410,2026/2/2 19:51,友人関係の悩み,cd3bb5ff5,9時間8分,0,4,4.0,0,0,0.007,0.0,0.0,0.01,あと3日,https://detail.chiebukuro.yahoo.co.jp/qa/question_detail/q11324941436,〇〇(自分の名前)が写ってる写真見せるとかっこいいねこの人みたいに言われるんだよね〜 って友人Aが不思議そうにする。 意図的に俺の写った写真を他の人に見せてるとかじゃなくみんなでキャンプ行ったんだよね...,0,0
2411,2026/2/2 19:51,生き方、人生相談,afaeebac0,9時間8分,2,39,19.5,0,0,0.071,5.13,0.01,0.25,あと3日,https://detail.chiebukuro.yahoo.co.jp/qa/question_detail/q14324941434,こんにちは。私は今年25歳になる看護師です。 私は私立の看護学部に通い、家も裕福ではなかったため500万の無利子奨学金を借りていました。また、私は20代で結婚したい気持ちがあり、そのためには奨学金を早...,0,0
2412,2026/2/2 19:51,テレビ、ラジオ,wja********,9時間8分,2,9,4.5,0,1,0.016,22.22,0.0,0.25,あと3日,https://detail.chiebukuro.yahoo.co.jp/qa/question_detail/q13324941433,日本映画 世界７位 「鬼滅の刃 無限城編」（2025年度興行収入７位位） 「悪は存在しない」（2024年度SLANT映画ランキング７位） 世界５位 「偶然と想像」（2021年度SLANT映画ランキング...,0,0
2413,2026/2/2 19:51,特撮,オーレッド,9時間8分,7,39,5.6,0,2,0.071,17.95,0.0,0.82,あと3日,https://detail.chiebukuro.yahoo.co.jp/qa/question_detail/q12324941432,あなたが、次の言葉で思い浮かべるアニメや特撮(作品やキャラクター)は？ 「両手に武器を持つ（二丁拳銃など）」,0,0
2414,2026/2/2 19:51,恋愛相談、人間関係の悩み,Jun,9時間8分,9,66,7.3,0,5,0.12,13.64,0.01,1.21,あと3日,https://detail.chiebukuro.yahoo.co.jp/qa/question_detail/q11324941431,大人の方に質問です。 今になって中学生の時勉強した方がよかったなと後悔したことはありますか？ 後悔する原因となったエピソードと共にお願いします。,0,0
2415,2026/2/2 19:51,化学,1253199692,9時間8分,1,13,13.0,0,0,0.024,7.69,0.0,0.11,あと3日,https://detail.chiebukuro.yahoo.co.jp/qa/question_detail/q10324941430,どうして187で、水 300×（ 1−0.40）/18＝10molというのは右辺側の水の物質量になるんですか？ 1−0.40の割合の水って酢酸水溶液の左辺側の値じゃないんですか？ 色々おかしいこと言っ...,0,0
2416,2026/2/2 19:50,恋愛相談、人間関係の悩み,いちご,9時間9分,0,3,3.0,0,0,0.005,0.0,0.0,0.01,あと3日,https://detail.chiebukuro.yahoo.co.jp/qa/question_detail/q14324941429,ポストするボタンの部分だけ元の色の明るい水色に戻ってしまいました。私は濃い青色にしてたのですが...治す方法はありませんか？; ;,0,0
2417,2026/2/2 19:50,ライブ、コンサート,1152607311,9時間9分,1,19,19.0,0,0,0.035,5.26,0.01,0.13,あと3日,https://detail.chiebukuro.yahoo.co.jp/qa/question_detail/q13324941428,おトイレ対策 ぼんたん飴、カステラ、大福 どれが効果的でしょうか？ ライブで３時間くらいあります 普段そんなにトイレは近くはないけど心配です あとどのくらい前に食べれば効果的でしょうか？ 体験談ありま...,0,0
2418,2026/2/2 19:50,園芸、ガーデニング,cc2fb1f60,9時間9分,3,33,11.0,0,1,0.06,9.09,0.01,0.39,あと3日,https://detail.chiebukuro.yahoo.co.jp/qa/question_detail/q12324941427,回答お願いします 画像のラジコン草刈り機で画像のような竹は刈ることできるのでしょうか？,0,0
2419,2026/2/2 19:50,国際情勢,bzh********,9時間9分,3,20,6.7,0,1,0.036,15.0,0.0,0.36,あと3日,https://detail.chiebukuro.yahoo.co.jp/qa/question_detail/q11324941426,フランスとイギリスとか、日中韓とか、距離が近い国ってなんでどこもいがみ合ってて仲が悪いんですか？見た目も似てるのに,0,0
2420,2026/2/2 19:50,高校野球,a298c2b4b,9時間10分,2,5,2.5,0,0,0.009,40.0,0.0,0.19,あと3日,https://detail.chiebukuro.yahoo.co.jp/qa/question_detail/q10324941425,そろそろ東洋大姫路と花咲徳栄が甲子園で再戦しそうでは？,0,0
2421,2026/2/2 19:50,絵画,bf8de5116,9時間10分,4,29,7.2,0,1,0.053,13.79,0.0,0.47,あと3日,https://detail.chiebukuro.yahoo.co.jp/qa/question_detail/q14324941424,絵の練習をしていると、「この練習方法は本当に合っているのか」「ちゃんと上達しているのか」「このままずっと下手なままだったらどうしよう」「そもそも才能がなかったら？ 」などと考えてしまい、頭がいっぱいに...,0,0
2422,2026/2/2 19:50,プレイステーション4,1050047488,9時間10分,2,4,2.0,0,0,0.007,50.0,0.0,0.19,あと3日,https://detail.chiebukuro.yahoo.co.jp/qa/question_detail/q12324941422,至急 PS5の録画 PS5でゲーム中録画をしているのですが、設定でパーティーの音声を含める、をオンにしていても自分の声のみしか録画されていません。 教えてください,0,0
2423,2026/2/2 19:50,自動車,kya********,9時間10分,0,9,9.0,0,0,0.016,0.0,0.0,0.02,あと3日,https://detail.chiebukuro.yahoo.co.jp/qa/question_detail/q11324941421,日立ミニユンボについて質問です。 稼働時間を調べたいのですが、モニタートップには添付画像の通り868.6hと出ます。 しかし別画面では、trip1 347h trip2 9131hと表示されます。 ト...,0,0
2424,2026/2/2 19:50,大学受験,nt72687597,9時間10分,1,10,10.0,0,0,0.018,10.0,0.0,0.11,あと3日,https://detail.chiebukuro.yahoo.co.jp/qa/question_detail/q10324941420,東洋大学理工学部建築学科の共テ利用に出願しました 方式は4教科最高で、傾斜得点は711/1000で、リサーチの判定は 東進A 河合A 駿ベネC です 駿ベネとの幅がありすぎて怖いんですが、どれを信じれ...,0,0
2425,2026/2/2 19:50,コミック,har********,9時間10分,2,16,8.0,0,0,0.029,12.5,0.0,0.21,あと3日,https://detail.chiebukuro.yahoo.co.jp/qa/question_detail/q14324941419,キングダムの王騎を倒したのってなんで李牧って言われてるんですか？ 実際には王騎を討ったのって龐煖ですよね 終盤まで姿を現さず秦軍を出し抜いた軍略が凄いからですか？趙軍の総大将だったから？ あの戦に龐煖...,0,0
2426,2026/2/2 19:50,コストコ,1052161429,9時間10分,2,38,19.0,0,0,0.069,5.26,0.01,0.25,あと3日,https://detail.chiebukuro.yahoo.co.jp/qa/question_detail/q13324941418,幕張のコストコのフードコートは、会員でなくても利用できますか？,0,0
2427,2026/2/2 19:50,家族関係の悩み,1052595856,9時間10分,3,33,11.0,0,2,0.06,9.09,0.01,0.44,あと3日,https://detail.chiebukuro.yahoo.co.jp/qa/question_detail/q12324941417,親の扶養義務について。 親にはお金がありません。働ける年齢なのに働こうともしません。ほとんど私の給料だけで生活しています。 医療保険も黙って解約してました。 まだ元気ですが、これからの老後や万が一の入...,0,0
2428,2026/2/2 19:50,大学受験,あ,9時間10分,0,12,12.0,0,0,0.022,0.0,0.0,0.02,あと3日,https://detail.chiebukuro.yahoo.co.jp/qa/question_detail/q14324941414,奈良女の生活環境学部、流石に人数増えすぎじゃないですか？公立大が降りてきているのでしょうか,0,0
2429,2026/2/2 19:50,大学,ghostrip,9時間10分,3,15,5.0,0,0,0.027,20.0,0.0,0.3,あと3日,https://detail.chiebukuro.yahoo.co.jp/qa/question_detail/q13324941413,タブレットって機能面やおしゃれ感も含めて必要だと思いますか？ 先日、今年から大学生になる従姉妹の母親から「タブレットやiPadっている？」 と聞かれました。 自分は今大学3年で国公立の理工系に通ってま...,0,0
2430,2026/2/2 19:50,YouTube,1051725664,9時間10分,0,6,6.0,0,0,0.011,0.0,0.0,0.01,あと3日,https://detail.chiebukuro.yahoo.co.jp/qa/question_detail/q12324941412,結構前のYouTuberなんですけど中学生くらいでよく昼夜逆転を治すっていう動画をあげてその動画の中でいつもモンスター飲んでいてプリンを作ったりしていた昔のYouTuberわかる人いますか？,0,0
2431,2026/2/2 19:50,一般教養,1252469666,9時間10分,3,14,4.7,0,0,0.025,21.43,0.0,0.3,あと3日,https://detail.chiebukuro.yahoo.co.jp/qa/question_detail/q11324941411,参考書はじっくり読まずにサラッと読んで、問題を解くほうがいいと聞きます。では、そのサラッととはどんな感じで読むのがいいのでしょうか？ 私は理解力が弱くて「〜は〜である。それは〜」みたいな距離が近い文ど...,0,0
2432,2026/2/2 19:50,郵便、宅配,tan********,9時間10分,0,11,11.0,0,0,0.02,0.0,0.0,0.02,あと3日,https://detail.chiebukuro.yahoo.co.jp/qa/question_detail/q10324941410,WEBサイトからゆうパックの集荷依頼したのですが、間違いなく集荷依頼をしていることを確認したいと思っています。どのようにしてできますか？,0,0
2433,2026/2/2 19:50,アニメ,1152757308,9時間10分,0,3,3.0,0,0,0.005,0.0,0.0,0.01,あと3日,https://detail.chiebukuro.yahoo.co.jp/qa/question_detail/q13324941408,アイカツで質問です。 あかりちゃんはスターライトクイーンになってすぐ誕生日のお祝い→COSMOS結成 だったと思うのですが、スターライトクイーンは中三まであると思いますが、そうなる時系列的に3月くらい...,0,0
2434,2026/2/2 19:50,K-POP、アジア,非公開,9時間10分,0,62,62.0,0,0,0.113,0.0,0.0,0.11,あと3日,https://detail.chiebukuro.yahoo.co.jp/qa/question_detail/q12324941407,NCT WISHのペンミの詳細が明らかになってきましたが、wish祭との格差でモヤモヤするのは私だけでしょうか。 2周年イベントなので少し別物かもしれませんが、そもそも日韓同時デビューを謳っているのな...,0,0
2435,2026/2/2 19:50,政治、社会問題,Palmavenue2224,9時間10分,0,8,8.0,0,0,0.015,0.0,0.0,0.01,あと3日,https://detail.chiebukuro.yahoo.co.jp/qa/question_detail/q11324941406,切り抜き屋さんと、与党賞賛の同一文を書き込むアルバイト活動屋の稼ぎ時でしょうか。同じ文章を書き込むのはミニマム報酬で、自己主張を装う長文型だとペイが良いという週刊誌記事があります。,0,0
2437,2026/2/2 19:50,恋愛相談、人間関係の悩み,なぬぅ,9時間11分,2,22,11.0,0,0,0.04,9.09,0.0,0.22,あと3日,https://detail.chiebukuro.yahoo.co.jp/qa/question_detail/q14324941404,キスについて 軽いキスとディーキスする時の 息の有無と手の置く位置をそれぞれ教えていただきたいです！,0,0
2438,2026/2/2 19:50,アニメ,非公開,9時間11分,2,20,10.0,0,0,0.036,10.0,0.0,0.22,あと3日,https://detail.chiebukuro.yahoo.co.jp/qa/question_detail/q12324941402,バンドリのAveMujica、MyGOと並んで大ヒットして更にKiLLKiSSがアニソン大賞にもなったのにほぼ地上波の音楽番組に出てこないですよね？ 個人的にはCDTVライブ辺りに出てもおかしく無さそ...,0,0
2439,2026/2/2 19:50,恋愛相談、人間関係の悩み,yonezuiiuta11,9時間11分,2,41,20.5,0,0,0.074,4.88,0.02,0.26,あと3日,https://detail.chiebukuro.yahoo.co.jp/qa/question_detail/q13324941403,辛いです。 みんな友達多くて羨ましい。恋人いて羨ましい。俺は友達全然いなくて予定ない日なんてざらにあるのにみんな予定ぎっしりですよね。 恋人と過ごしたり友達とすごしたりで。 友達と恋人欲しさにTind...,0,0
2440,2026/2/2 19:50,女性アイドル,xxl1l426,9時間11分,1,17,17.0,0,0,0.031,5.88,0.01,0.12,あと3日,https://detail.chiebukuro.yahoo.co.jp/qa/question_detail/q11324941401,イコールラブのライブに行きたいのですが、周年ツアー以外に名古屋でのライブはないですか？？ド新規で何も分からないので教えていただきたいです( ᵒ̴̶̷̥́◡ ᵒ̴̶̷̣̥̀⸝⸝),0,0
2441,2026/2/2 19:50,アニメ、コミック,a88973703,9時間11分,0,3,3.0,0,0,0.005,0.0,0.0,0.01,あと3日,https://detail.chiebukuro.yahoo.co.jp/qa/question_detail/q10324941400,ローって ドレスローザ編で 最初は計画的に行動してたのに 途中からドフラミンゴに攻撃的になりましたよね？ 橋での戦い,0,0
2442,2026/2/2 19:50,郵便、宅配,c554f8f57,9時間11分,0,0,0.0,0,0,0.0,0.0,0.0,0.0,あと3日,https://detail.chiebukuro.yahoo.co.jp/qa/question_detail/q14324941399,レターボックスとレターパック違いを教えてください,0,0
2443,2026/2/2 19:49,恋愛相談,a96a84cb9,9時間12分,1,20,20.0,0,1,0.036,5.0,0.01,0.18,あと3日,https://detail.chiebukuro.yahoo.co.jp/qa/question_detail/q13324941398,至急！ 気になる年下男子にバレンタインを可愛く渡す方法を教えて欲しいです！ まだ学校では話したことないです 部活終わりに会える可能性があります！,0,0
2444,2026/2/2 19:49,労働条件、給与、残業,obm********,9時間12分,6,28,4.7,1,5,0.051,21.43,0.0,1.04,あと3日,https://detail.chiebukuro.yahoo.co.jp/qa/question_detail/q12324941397,副業をしたいのですが 投資みたいに金がマイナスになる可能性のあるものではなく 確実に金が増える副業教えてください,0,0
2445,2026/2/2 19:49,パチンコ,xmt********,9時間12分,0,5,5.0,0,0,0.009,0.0,0.0,0.01,あと3日,https://detail.chiebukuro.yahoo.co.jp/qa/question_detail/q11324941396,キング666東海の抽選場所ってどこですか？ あと8:40に抽選時間って書いてあったんですけど、皆さん何時頃から並ばれてるんですかね？,0,0
2446,2026/2/2 19:49,不動産,pho********,9時間12分,1,14,14.0,1,0,0.025,7.14,0.0,0.3,あと3日,https://detail.chiebukuro.yahoo.co.jp/qa/question_detail/q10324941395,今度中古マンション一室購入し引き渡しがあります。 引き渡し後鍵の所持は管理会社経由でALSOK1本所持の状態ですが鍵を交換する間前の入居者や、無いとは思いますがその他の誰かがスペアキーを作っている可能...,0,0
2447,2026/2/2 19:49,邦楽,xz********,9時間12分,1,12,12.0,0,3,0.022,8.33,0.0,0.27,あと3日,https://detail.chiebukuro.yahoo.co.jp/qa/question_detail/q13324941393,PERSONZ オススメの曲はなんですか？ 7 COLORS (Over The Rainbow) https://www.youtube.com/watch?v=bu6HGaR_ymQ,0,0
2448,2026/2/2 19:49,バイク,マイメロディ,9時間12分,7,62,8.9,0,24,0.112,11.29,0.01,2.04,あと3日,https://detail.chiebukuro.yahoo.co.jp/qa/question_detail/q12324941392,暴走族のレディースって そもそも女性なので喧嘩はあきらかに 男性より弱いわけで それなのに なぜ存在しているのですか？,0,0
2449,2026/2/2 19:49,大学受験,Jtgaj-md6w-tdag,9時間12分,1,26,26.0,0,1,0.047,3.85,0.01,0.19,あと3日,https://detail.chiebukuro.yahoo.co.jp/qa/question_detail/q13324941388,学歴について 富山大学文系と同じくらいの私大ってどこくらいですかね？色んな意見聞きたいですお願いします。,0,0
2450,2026/2/2 19:49,国際情勢,非公開,9時間12分,2,25,12.5,0,4,0.045,8.0,0.01,0.44,あと3日,https://detail.chiebukuro.yahoo.co.jp/qa/question_detail/q10324941390,なぜ”中国脅威論”は過激化しているのか？ https://www.youtube.com/shorts/7MX5BlTrXCc 1分くらいの動画です あなたはどう思いましたか？,0,0
2451,2026/2/2 19:49,動物,bos********,9時間13分,0,2,2.0,0,0,0.004,0.0,0.0,0.0,あと3日,https://detail.chiebukuro.yahoo.co.jp/qa/question_detail/q14324941389,鳥とコウモリの羽ばたき方の違いを解説していただけますでしょうか 図解があれば尚ありがたいです 当方動物のCGを作っておりまして、リファレンスとして飛び上がり・羽ばたき・滑空までの一連の流れで何が違うの...,0,0
2452,2026/2/2 19:49,ゲーム,a41dab890,9時間13分,1,10,10.0,0,0,0.018,10.0,0.0,0.11,あと3日,https://detail.chiebukuro.yahoo.co.jp/qa/question_detail/q11324941386,ポケポケで星2の黒枠の良さを教えてください どうしても黒枠より虹枠の方がいいと感じてしまいます,0,0
2453,2026/2/2 19:49,カラオケ,Aoi_____,9時間13分,2,70,35.0,0,6,0.127,2.86,0.04,0.63,あと3日,https://detail.chiebukuro.yahoo.co.jp/qa/question_detail/q12324941387,カラオケを上手くなりたいです。自分の声を録音してみたのですがどのようなタイプの声でしょうか？YouTubeで腹式呼吸の動画を見て試してみたのですがちゃんと腹から声が出ているのでしょうか？ 歌の上手さに...,0,0
2454,2026/2/2 19:49,コミック,1053270208,9時間13分,0,7,7.0,0,0,0.013,0.0,0.0,0.01,あと3日,https://detail.chiebukuro.yahoo.co.jp/qa/question_detail/q14324941384,漫画ranfrenの初期サトルとランダルが出てる漫画ってどこで見れますか？ 初期ランダルが「社会不適合者クラブを作る！」的なことを言ってるコマは知っているんですが…他のコマも描かれているものが見たいで...,0,0
2455,2026/2/2 19:49,政治、社会問題,1052666500,9時間13分,0,1,1.0,0,0,0.002,0.0,0.0,0.0,あと3日,https://detail.chiebukuro.yahoo.co.jp/qa/question_detail/q13324941383,小泉進次郎の「X」より ↓ 地元では私が不在にも関わらず選挙カーにお集まり頂いた皆さん、本当にありがとうございました！ ↑ こいつ(進次郎)は国民が物価高で苦しんでる時に何を人気者を演出しているんでし...,0,0
2456,2026/2/2 19:49,決済、ウォレット,nan********,9時間13分,1,8,8.0,0,0,0.014,12.5,0.0,0.1,あと3日,https://detail.chiebukuro.yahoo.co.jp/qa/question_detail/q12324941382,スマホに『ウォレットのアプリ』をインストールしてクレジットカードを登録したのですが、ウォレットを使うのを止める場合(今後またウォレットを使う可能性もある場合)はどうすれば良いのでしょうか？ 例えば、『...,0,0
2457,2026/2/2 19:49,数学,1251977819,9時間13分,3,28,9.3,0,0,0.051,10.71,0.0,0.32,あと3日,https://detail.chiebukuro.yahoo.co.jp/qa/question_detail/q11324941381,「a、bが整数のとき、r^2=a^2+b^2-ab√3となるから、rは無理数である」は不適当ですか？ rを無理数だと証明するには√3＝の形にして、背理法を使うとあったのですが、私の形では証明しきれてな...,0,0
2458,2026/2/2 19:49,ショッピング,1052884258,9時間13分,3,18,6.0,0,0,0.033,16.67,0.0,0.3,あと3日,https://detail.chiebukuro.yahoo.co.jp/qa/question_detail/q14324941379,母の誕生日プレゼントを何にするか悩んでいます。 再来月に50歳を迎える母に誕生日プレゼントを買いたいと思っています。 バイトをしてない高校生なので、あまり高額なものは買えません。 母は美容系のアイテム...,0,0
2459,2026/2/2 19:49,スキンケア,c712338ce,9時間13分,1,16,16.0,0,0,0.029,6.25,0.0,0.12,あと3日,https://detail.chiebukuro.yahoo.co.jp/qa/question_detail/q10324941380,急に肌が荒れ始めて悩んでいます。 25歳男性、職業はエンジニアです。 ここ2ヶ月くらいで肌が画像のように荒れています。 痛みや痒みはありません。 両サイドの頬に赤い斑点が出ている感じです。 ただ酷い時...,0,0
2460,2026/2/2 19:49,病気、症状,1051674808,9時間13分,3,29,9.7,0,3,0.052,10.34,0.01,0.49,あと3日,https://detail.chiebukuro.yahoo.co.jp/qa/question_detail/q13324941378,ずっと心療内科に通ってまして、ほぼ２年前くらいから急に食欲がなくなり、最近になって更に食欲だけでなく、喉を通らないほどに食事がしにくくなりました。 無理して食べようとしているものの喉に通りにくく苦戦し...,0,0
2461,2026/2/2 19:49,地学,c554f8f57,9時間13分,1,11,11.0,1,0,0.02,9.09,0.0,0.29,不明,https://detail.chiebukuro.yahoo.co.jp/qa/question_detail/q12324941377,鉱山とはなんですか,0,0
2462,2026/2/2 19:49,幼児教育、幼稚園、保育園,＾＾,9時間13分,2,10,5.0,0,0,0.018,20.0,0.0,0.2,あと3日,https://detail.chiebukuro.yahoo.co.jp/qa/question_detail/q10324941375,保育の専門で迷っています。 竹早教員保育士養成所か草苑保育専門学校で迷っているのですが、それぞれメリットやデメリットを教えていただきたいです。 社会人入試なので、社会人でも馴染めるか不安です。,0,0
2463,2026/2/2 19:49,政治、社会問題,a586f8c2e,9時間13分,0,6,6.0,0,0,0.011,0.0,0.0,0.01,あと3日,https://detail.chiebukuro.yahoo.co.jp/qa/question_detail/q14324941374,衆議院議員選挙の出口調査員について質問です 単発の予備調査員として、雇用してしていただいたのですが、誰かが欠員となってそこに行く可能性は高いですか？？ 自宅待機って言われてるんですけど行かなくて良いな...,0,0
2464,2026/2/2 19:49,政治、社会問題,c507dcf0e,9時間13分,0,11,11.0,0,0,0.02,0.0,0.0,0.02,あと3日,https://detail.chiebukuro.yahoo.co.jp/qa/question_detail/q13324941373,障害者について質問です。 働く場所にたくさん障害者雇用がいます。彼らはたくさん有休を使ってしょっ中旅行に行きます。 仕事は人の批判ばかりしています。自分は全然仕事しておらずマイペースに話してばかりです...,0,0
2465,2026/2/2 19:49,労働条件、給与、残業,c1f48ee64,9時間13分,3,47,15.7,0,1,0.085,6.38,0.01,0.41,あと3日,https://detail.chiebukuro.yahoo.co.jp/qa/question_detail/q12324941372,有給休暇の賃金について質問です。 先月会社を退職したのですが、その際に有給休暇を10日分丸々使用して退職に至りました。 この場合、振り込まれる有給休暇分の賃金はいくらになるでしょうか？ 基本給1911...,0,0
2466,2026/2/2 19:49,メイク、コスメ,rav********,9時間13分,0,10,10.0,0,0,0.018,0.0,0.0,0.02,あと3日,https://detail.chiebukuro.yahoo.co.jp/qa/question_detail/q11324941371,fweeフィーの3DボリューミンググロスのB04エンドゥのような色のティント系グロスが欲しいのですが、韓国コスメは荒れてしまうものが多いのですが同じような色でオススメのものありませんか？ シピシピの新...,0,0
2467,2026/2/2 19:49,アニメ、コミック,nan********,9時間14分,1,4,4.0,0,0,0.007,25.0,0.0,0.1,あと3日,https://detail.chiebukuro.yahoo.co.jp/qa/question_detail/q10324941370,こち亀で両さんと麗子が結婚して 子供(麗子似の女の子)が生まれた場合 その子供が結婚する時、 結婚式と披露宴で両さんと麗子の娘の ウェディングドレス姿を見た時 どんな反応をすると思いますか。 両さん ...,0,0
2468,2026/2/2 19:49,国内,非公開,9時間14分,1,33,33.0,0,0,0.06,3.03,0.02,0.15,あと3日,https://detail.chiebukuro.yahoo.co.jp/qa/question_detail/q14324941369,青森市と鹿児島市を比べると青森市の方が発展していて都会度が高い理由は、 青森市には、新幹線、空港、港があるからですか？ 鹿児島市には空港がありません。,0,0
2469,2026/2/2 19:49,テーマパーク,1253132477,9時間14分,0,25,25.0,1,0,0.045,0.0,0.0,0.23,あと3日,https://detail.chiebukuro.yahoo.co.jp/qa/question_detail/q13324941368,2月4日にディズニーシーにインパする予定なのですが、6時半までに開園待ちする予定です。 6時半に並び始めると、何時頃にインパできそうですか？ それともう1点、入園してすぐにソアリンのDPA、海底２万マ...,0,0
2470,2026/2/2 19:49,日本史,afaf1c99f,9時間14分,1,6,6.0,0,0,0.011,16.67,0.0,0.1,あと3日,https://detail.chiebukuro.yahoo.co.jp/qa/question_detail/q11324941366,新選組近藤は御料衛士 を粛清して大問題になった 当たってますか,0,0
2471,2026/2/2 19:49,メイク、コスメ,＊＊＊,9時間14分,0,3,3.0,0,0,0.005,0.0,0.0,0.01,あと3日,https://detail.chiebukuro.yahoo.co.jp/qa/question_detail/q12324941362,アイテープに関してです。私は両目奥二重なのでアイテープを使って二重にしたいです。右目は簡単に二重になるのですが左目は張ると二重幅のところが膨れ（？ ）逆に目が小さくなってしまいます。二重線で左のみに二...,0,0
2472,2026/2/2 19:49,恋愛相談,非公開,9時間14分,2,36,18.0,0,0,0.065,5.56,0.01,0.24,あと3日,https://detail.chiebukuro.yahoo.co.jp/qa/question_detail/q13324941363,振られた元カレと復縁できる気がするという直感はあたりますか？ 絶対復縁する気がする、結婚まで行く気がすると思って約3ヶ月過ごしてきました そしたら、最近、むこうから話しかけてきてくれて、別れて初めて話...,0,0
2473,2026/2/2 19:49,大学受験,1152795135,9時間14分,1,123,123.0,0,0,0.222,0.81,0.27,0.31,あと3日,https://detail.chiebukuro.yahoo.co.jp/qa/question_detail/q14324941364,2/1の17時の時点で倍率3.7倍って高い方ですか？？過去5年で一番高くてめちゃめちゃ不安です(；；) 画像はバンザイシステムです。 募集人員は15人、今の所の志願者数は56人です。,0,0
2474,2026/2/2 19:49,ゲーム,b15615b54,9時間14分,0,8,8.0,0,0,0.014,0.0,0.0,0.01,あと3日,https://detail.chiebukuro.yahoo.co.jp/qa/question_detail/q11324941361,質問です 妖怪ウォッチスマホ版をしていて、4章の時点で、なまはげリセマラしてます。ですが、とりももなので、あまり友達になってくれません、確率でいうとどのくらいですか？,0,0
2475,2026/2/2 19:49,ゲーム,1252998296,9時間14分,0,4,4.0,0,0,0.007,0.0,0.0,0.01,あと3日,https://detail.chiebukuro.yahoo.co.jp/qa/question_detail/q10324941360,ローグウィズデッドについての質問です。 広告削除と倍速に課金しようと思うのですが、 このゲームはどれくらいボリュームがありますか？すぐ終わってしまったり飽きそうなら 課金はやめておきたいです。,0,0
2476,2026/2/2 19:49,懸賞、くじ,しいたけ,9時間14分,0,1,1.0,0,0,0.002,0.0,0.0,0.0,あと3日,https://detail.chiebukuro.yahoo.co.jp/qa/question_detail/q12324941357,ブラックサンダーの公式Xで、よくリポストのプレゼントキャンペーンをやってると思うのですが、応募締切日から何日後くらいにDMが来るかわかる方いますか？,0,0
2477,2026/2/2 19:49,派遣,1052211574,9時間14分,1,40,40.0,0,2,0.072,2.5,0.03,0.27,あと3日,https://detail.chiebukuro.yahoo.co.jp/qa/question_detail/q13324941358,派遣会社の派遣先の顔合わせで今までジーパンにジャンバーで行ってましたが、 派遣の場合法律で特定の人物を落とすのは禁止されてるのに顔合わせした後やはり人数が足りてるなどの理由で落とす企業があると聞きまし...,0,0
2478,2026/2/2 19:48,メルカリ,wkt********,9時間15分,1,45,45.0,1,4,0.081,2.22,0.04,0.57,あと3日,https://detail.chiebukuro.yahoo.co.jp/qa/question_detail/q11324941356,メルカリで商品を購入し、３日間何の連絡もなかったのに突然出品者からキャンセル申請が届きました。 クリアファイルなのですが、「商品に折れが見つかった」との事でまずメッセージで謝罪も説明もなく、キャンセル...,0,0
2479,2026/2/2 19:48,恋愛相談、人間関係の悩み,1053031768,9時間15分,1,34,34.0,0,0,0.061,2.94,0.02,0.15,あと3日,https://detail.chiebukuro.yahoo.co.jp/qa/question_detail/q10324941355,好きな人からdmの返信が来ません、、。 バレンタインを渡したくて、バイト終わった後に渡しに行っていいですか！ってDMしてから返信こないんです、。 今までdmはあいさつしかしたことないしシフトかぶっても...,0,0
2480,2026/2/2 19:48,自転車、サイクリング,c1120cf85,9時間15分,4,36,9.0,0,3,0.065,11.11,0.01,0.59,あと3日,https://detail.chiebukuro.yahoo.co.jp/qa/question_detail/q14324941354,このような自転車を街で乗り回してる中学生がいるとどう思いますか?,0,0
2481,2026/2/2 19:48,メンタルヘルス,レオン,9時間15分,3,36,12.0,0,8,0.065,8.33,0.01,0.76,あと3日,https://detail.chiebukuro.yahoo.co.jp/qa/question_detail/q13324941353,精神科クリニックに通院していて一人暮らしだけど働いていない人はどうやって生活してますか？ 訳あって親元には住めず、一人暮らしです。 精神疾患あり投薬治療中、主治医からは仕事はストップされています。,0,0
2482,2026/2/2 19:48,家具、インテリア,spx********,9時間15分,1,5,5.0,0,0,0.009,20.0,0.0,0.1,あと3日,https://detail.chiebukuro.yahoo.co.jp/qa/question_detail/q12324941352,電動介護用の折りたたみできるベッドを、購入するとしたらアイリスオーヤマ、山善、ベルーナ、他 幾つかメーカーありますけれども、５万円前後で買いたいのですが、どこのメーカーがいいですかね？ 、介護ベッドに...,0,0
2483,2026/2/2 19:48,家族関係の悩み,GA GA,9時間15分,2,20,10.0,0,0,0.036,10.0,0.0,0.22,あと3日,https://detail.chiebukuro.yahoo.co.jp/qa/question_detail/q11324941351,親のガンがわかるのが遅くなったのって子供のせいでしょうか？,0,0
2484,2026/2/2 19:48,カラオケ,1253355035,9時間16分,2,11,5.5,0,0,0.02,18.18,0.0,0.2,あと3日,https://detail.chiebukuro.yahoo.co.jp/qa/question_detail/q10324941350,ミックスでhiEまで出せるようになったんですけど、hihiD#をミックスで出せるようにするための音域の伸ばし方教えてください裏声は調子良くてhihiC#です。,0,0
2485,2026/2/2 19:48,法律、消費者問題,非公開,9時間16分,0,6,6.0,0,0,0.011,0.0,0.0,0.01,あと3日,https://detail.chiebukuro.yahoo.co.jp/qa/question_detail/q14324941349,借金に関する質問です。 ①滞納しながらでも完済するのがいいと思ってたんですけど、相手には迷惑でしょうか？ ②破産する場合、デメリットを教えてください。 ③破産する場合、友人から借りてるお金は黙ってても...,0,0
2486,2026/2/2 19:48,アクアリウム,b1b8c9d73,9時間16分,0,12,12.0,0,0,0.022,0.0,0.0,0.02,あと3日,https://detail.chiebukuro.yahoo.co.jp/qa/question_detail/q13324941348,GEXのスリムフィルターM3を改造してろ材を入れられるようにしています。 30cmキューブソイル水槽で、水質を安定させつつ水換えを月2回程度に抑えて維持したい場合、体長3〜4cm程度の魚は何匹くらいが...,0,0
2487,2026/2/2 19:48,マイナンバー,ちゃねーふけ,9時間16分,2,34,17.0,0,1,0.061,5.88,0.01,0.29,あと3日,https://detail.chiebukuro.yahoo.co.jp/qa/question_detail/q12324941347,マイナンバーカード持参で衆議院選挙は投票できますか？,0,0
2488,2026/2/2 19:48,大学受験,c12e4dc9,9時間16分,0,16,16.0,0,0,0.029,0.0,0.0,0.03,あと3日,https://detail.chiebukuro.yahoo.co.jp/qa/question_detail/q10324941345,今年の三重大学人文学部法律経済科の合格者最低点や合格者平均点は下がると思いますか？ 過去の共テの難易度やその年の合格者平均と最低点を考慮した結果、合格者平均点が63%から65%。合格者採点が59%から...,0,0
2489,2026/2/2 19:48,家族関係の悩み,nb********,9時間16分,1,47,47.0,0,0,0.084,2.13,0.04,0.17,あと3日,https://detail.chiebukuro.yahoo.co.jp/qa/question_detail/q14324941344,バリキャリ女性の離婚理由についてご意見下さい 私30後半（上場企業勤務 年収1700万円弱） 妻30後半（上場企業勤務 年収700万前後） 子供なし 私はプライベートなしでも気にならなく仕事が趣味のよ...,0,0
2490,2026/2/2 19:48,アニメ,リルちゃん,9時間16分,1,8,8.0,0,0,0.014,12.5,0.0,0.1,あと3日,https://detail.chiebukuro.yahoo.co.jp/qa/question_detail/q13324941343,ストライクウィッチーズ 1位から5位まで 好きなキャラ教えお願いします,0,0
2491,2026/2/2 19:48,ギター、ベース,1051995007,9時間16分,5,58,11.6,0,2,0.104,8.62,0.01,0.66,あと3日,https://detail.chiebukuro.yahoo.co.jp/qa/question_detail/q11324941341,ギターのマルチエフェクターの購入を考えています。操作が簡単な初心者にもおすすめできるマルチエフェクターを調べてみたのですが、沢山出てきすぎて結局1番はどれなのかが分かりません(´；ω；｀) ずばり、一...,0,0
2492,2026/2/2 19:48,マイナンバー,非公開,9時間16分,2,25,12.5,0,0,0.045,8.0,0.01,0.22,あと3日,https://detail.chiebukuro.yahoo.co.jp/qa/question_detail/q12324941342,マイナンバーで新しい住所に変更したら、自動的に住民票も変更されますか？ 国保は新しい住所です。,0,0
2493,2026/2/2 19:48,高校受験,かな,9時間16分,1,19,19.0,0,0,0.034,5.26,0.01,0.12,あと3日,https://detail.chiebukuro.yahoo.co.jp/qa/question_detail/q10324941340,高校受験で学力と面接ではない実技がまったくできなくても受かりますか？ 倍率は1.63倍です,0,0
2494,2026/2/2 19:48,アニメ,たまねぎ,9時間16分,0,2,2.0,0,0,0.004,0.0,0.0,0.0,あと3日,https://detail.chiebukuro.yahoo.co.jp/qa/question_detail/q14324941339,ななしいんくのグッズ購入について質問です。 数日前に初めてグッズを購入したのですが、ちゃんと購入出来ているでしょうか？（画像） それと受注生産というのは大体どのぐらいで発送されるものなのか教えて頂きた...,0,0
2495,2026/2/2 19:48,政治、社会問題,えい,9時間16分,0,13,13.0,0,0,0.023,0.0,0.0,0.02,あと3日,https://detail.chiebukuro.yahoo.co.jp/qa/question_detail/q13324941338,https://news.yahoo.co.jp/articles/f9ec309794efe94b6e0c5a91f0209ff7fb040755 これって、当然だと思いますか？ 加害生徒が学校に通...,0,0
2496,2026/2/2 19:48,女性アイドル,R0827,9時間16分,0,3,3.0,0,0,0.005,0.0,0.0,0.01,あと3日,https://detail.chiebukuro.yahoo.co.jp/qa/question_detail/q12324941337,はい。 日向坂46 丹生明里は卒業後、タレントですか？,0,0
2497,2026/2/2 19:48,リズム、音楽ゲーム,1152892254,9時間16分,1,4,4.0,0,0,0.007,25.0,0.0,0.1,あと3日,https://detail.chiebukuro.yahoo.co.jp/qa/question_detail/q11324941336,チュウニズムについて質問です。 チュウニズムで現在も入手可能な称号をみたいのですが、調べて出てくるサイトをみた友人が手に入らなかったと言っていて、恐らく条件も間違ってないんですがどう見れば今も入手可能...,0,0
2498,2026/2/2 19:48,格闘技、武術全般,匿名,9時間16分,4,15,3.8,0,0,0.027,26.67,0.0,0.39,あと3日,https://detail.chiebukuro.yahoo.co.jp/qa/question_detail/q14324941334,弓道の質問です。 馬手を起こすと矢がしなってしまいます。これはひねりすぎですか？？,0,0
2499,2026/2/2 19:48,動画、映像,1252864778,9時間17分,0,11,11.0,0,0,0.02,0.0,0.0,0.02,あと3日,https://detail.chiebukuro.yahoo.co.jp/qa/question_detail/q10324941335,ある動画を探しています X(Twitter)で大学お笑いライブのOPV(オープニング映像)で、SOIL&“PIMP”SESSIONS×RHYMESTERの初恋の悪魔が使われていた動画を探しています。(...,0,0
2500,2026/2/2 19:48,大学受験,1151014173,9時間17分,2,23,11.5,0,0,0.041,8.7,0.0,0.22,あと3日,https://detail.chiebukuro.yahoo.co.jp/qa/question_detail/q13324941333,大学受験をしてきた先輩方に質問です。皆さんは下敷きって使いますか？裏写りするとかかきやすいとか色々理由とかあると思いますが気になるのできいてみます。お願いしますm(_ _)m,0,0
2502,2026/2/2 19:48,声優,匿名,9時間17分,4,30,7.5,0,0,0.054,13.33,0.0,0.41,あと3日,https://detail.chiebukuro.yahoo.co.jp/qa/question_detail/q11324941331,あなたが思う歌が上手い男性声優は誰ですか？ 色んな声優さんのアーティスト楽曲やキャラソンを聞いてみたいので、おすすめの声優さんがいれば教えてください。 ちなみに、自分が選ぶなら宮野真守さん、豊永利行さ...,0,0
2503,2026/2/2 19:48,恋愛相談、人間関係の悩み,123123,9時間17分,2,8,4.0,0,0,0.014,25.0,0.0,0.19,あと3日,https://detail.chiebukuro.yahoo.co.jp/qa/question_detail/q10324941330,家の壁を破損して逃走した人から謝罪の電話ありました それで、ブロックに三ケ所ヒビが入ってますが、二社の業者は、これくらいなら大丈夫やろ！と言われました なおした 自分も大丈夫だと思うが、貴方なら直しま...,0,0
2504,2026/2/2 19:48,職場の悩み,1150775663,9時間17分,1,17,17.0,0,1,0.031,5.88,0.01,0.17,あと3日,https://detail.chiebukuro.yahoo.co.jp/qa/question_detail/q13324941328,学生です。 バ先でパートの人が全員に配ってたバレンタインってお返しした方がいいですか？ 割といいやつを頂いたのでお礼した方がいいですかね？,0,0
2505,2026/2/2 19:48,鉄道、列車、駅,hel********,9時間17分,1,32,32.0,0,1,0.057,3.12,0.02,0.2,あと3日,https://detail.chiebukuro.yahoo.co.jp/qa/question_detail/q12324941327,海岸線、厳しいのでしょうか？ 日中10分に1本から、15分に1本に減便されます。 12分に1本ではなく、いきなり15分に1本です。,0,0
2506,2026/2/2 19:48,職場の悩み,sail,9時間17分,1,9,9.0,0,0,0.016,11.11,0.0,0.11,あと3日,https://detail.chiebukuro.yahoo.co.jp/qa/question_detail/q11324941326,大学の春休みに帰省したいので契約している曜日のみを「休みでお願いします」と、チーフに言ったのに契約していない日を出勤にさせられました。 さすがに帰省したいので「休みます」と伝えましたが、契約している曜...,0,0
2507,2026/2/2 19:47,クレジットカード,1052020435,9時間18分,0,10,10.0,0,0,0.018,0.0,0.0,0.02,あと3日,https://detail.chiebukuro.yahoo.co.jp/qa/question_detail/q10324941325,楽天のクレジットカードを任意整理しました。 和解書に電話番号がないのですが、わかる方いますか？,0,0
2508,2026/2/2 19:47,自動車,紀伊半島在住のさな,9時間18分,2,27,13.5,0,0,0.048,7.41,0.01,0.23,あと3日,https://detail.chiebukuro.yahoo.co.jp/qa/question_detail/q14324941324,スズキジムニーに詳しい方教えてください。 JB23の場合は燃料リターン配管はないとのことですがどうなのですか？ 燃料タンクから来た燃料がエンジンで使用されなかった？ものが燃料タンクに戻る配管の話です。...,0,0
2509,2026/2/2 19:47,インターネットショッピング,カニサボテン,9時間18分,1,24,24.0,0,0,0.043,4.17,0.01,0.13,あと3日,https://detail.chiebukuro.yahoo.co.jp/qa/question_detail/q13324941323,RASEDIRAQI.COM このサイトで商品購入しても大丈夫でしょうか？怪しいと思うのですが。,0,0
2510,2026/2/2 19:47,アニメ,苺,9時間18分,6,37,6.2,0,0,0.066,16.22,0.0,0.6,あと3日,https://detail.chiebukuro.yahoo.co.jp/qa/question_detail/q11324941321,恋愛系のアニメで1番のおすすめを教えてください！きゅんきゅんしたいです！,0,0
2511,2026/2/2 19:47,ポケットモンスター,a41dab890,9時間18分,0,8,8.0,0,0,0.014,0.0,0.0,0.01,あと3日,https://detail.chiebukuro.yahoo.co.jp/qa/question_detail/q14324941319,ポケポケで星2の黒枠の良さが分かりません 虹枠の方が圧倒的にかっこいいし可愛いし絵柄がめっちゃいいと思うんですけど、ネットを見てると黒枠を欲しがってる人とか結構います。 黒枠の良さをおしえてください,0,0
2512,2026/2/2 19:47,就職活動,1151628426,9時間18分,0,8,8.0,0,0,0.014,0.0,0.0,0.01,あと3日,https://detail.chiebukuro.yahoo.co.jp/qa/question_detail/q13324941318,SPIについて。 webテストを受けていた際、ウイルスを検知するアプリが画面上に出てきてしまいました。すぐ消しましたが、これは不正になるのでしょうか？また、不正になった場合、ブラックリストとかに載せら...,0,0
2513,2026/2/2 19:47,プロ野球,ｌD非公開,9時間18分,2,11,5.5,0,2,0.02,18.18,0.0,0.31,あと3日,https://detail.chiebukuro.yahoo.co.jp/qa/question_detail/q11324941316,プロ野球見るならスカパーですか？,0,0
2514,2026/2/2 19:47,大学受験,印象派推し,9時間18分,1,29,29.0,0,0,0.052,3.45,0.02,0.14,あと3日,https://detail.chiebukuro.yahoo.co.jp/qa/question_detail/q10324941315,25年度全統共通テスト高2模試を受けたのですが、自己採点のボタンが灰色で押せません。なぜですか？,0,0
2515,2026/2/2 19:47,メンズ全般,mot********,9時間19分,0,0,0.0,0,0,0.0,0.0,0.0,0.0,あと3日,https://detail.chiebukuro.yahoo.co.jp/qa/question_detail/q14324941314,テンシャルのＢＡＫＵＮＥ 侍ジャパン モデルは着るとどのような効果がありますか? メリット デメリット教えてください よろしくお願いします,0,0
2516,2026/2/2 19:47,バイク,坊主,9時間19分,2,32,16.0,0,0,0.057,6.25,0.01,0.24,あと3日,https://detail.chiebukuro.yahoo.co.jp/qa/question_detail/q12324941312,2005年式のマグザムが長年放置してあって乗ろうと思い、最低限のメンテとして、バッテリー交換、エンジンオイル交換(廃油は泥水のような色)冷却水がカラッカラなので冷却水補充し、いざ走ると、 足元からラジ...,0,0
2517,2026/2/2 19:47,学校の悩み,c52c2f5a8,9時間19分,1,15,15.0,0,0,0.027,6.67,0.0,0.12,あと3日,https://detail.chiebukuro.yahoo.co.jp/qa/question_detail/q10324941310,至急です。中高一貫校通う中3です。私は外部受験をしたくて勉強しているのですが、明日、学校でベネッセの学力推移調査が行われます。 入試が2月10日にあるので正直、勉強のため明日のベネッセは受けたく無いで...,0,0
2518,2026/2/2 19:47,Yahoo!知恵袋,よこちゃん,9時間19分,0,2,2.0,0,0,0.004,0.0,0.0,0.0,あと3日,https://detail.chiebukuro.yahoo.co.jp/qa/question_detail/q13324941308,クーリアの透明リフィルと似たリフィルを探してます。 有識者の方教えて下さい。,0,0
2519,2026/2/2 19:47,バイク,are********,9時間19分,1,14,14.0,0,0,0.025,7.14,0.0,0.11,あと3日,https://detail.chiebukuro.yahoo.co.jp/qa/question_detail/q14324941309,Xj400フロントフォークについて質問です。 バネがヘタってる感じなのでオーバーホールしたいんですが、探してもリプロ、強化バネが見つかりません 代用できる車種など分かる方いませんか？ Dのセミエアフォ...,0,0
2520,2026/2/2 19:47,トレーニング,cecdc60c0,9時間19分,1,23,23.0,0,0,0.041,4.35,0.01,0.13,あと3日,https://detail.chiebukuro.yahoo.co.jp/qa/question_detail/q12324941307,胸トレ終わりに胸にこんな線ができて消えません。これどんな現象かわかる方いますか？,0,0
2521,2026/2/2 19:47,決済、ポイントサービス,1151144609,9時間19分,0,2,2.0,0,0,0.004,0.0,0.0,0.0,あと3日,https://detail.chiebukuro.yahoo.co.jp/qa/question_detail/q11324941306,メジャスピのシーズンマッチなどをしてもポイントが反映されないのはなぜなのでしょうか？誰か教えていただきたいです,0,0
2522,2026/2/2 19:47,ダイエット,vcb********,9時間19分,4,46,11.5,0,0,0.082,8.7,0.01,0.44,あと3日,https://detail.chiebukuro.yahoo.co.jp/qa/question_detail/q10324941305,アルコールって本当に太るんですか？ホストやキャバ嬢は毎晩、かなりお酒を飲んでますが基本的に痩せてる人が多い気がします 、 見てる限り糖質、タンパク質、脂質などの３大栄養素のカロリーよりかは、アルコール...,0,0
2523,2026/2/2 19:47,テニス,b1b954e17,9時間19分,3,41,13.7,0,1,0.073,7.32,0.01,0.39,不明,https://detail.chiebukuro.yahoo.co.jp/qa/question_detail/q14324941304,テニスラケット何にしようか迷ってます！！ 大学一年生から硬式テニスを始めました、本物の初心者です。 女子で、体格も体力も本当に普通です笑 今までは、お姉ちゃんのお下がりのものを使っていたのですが、グリ...,0,0
2524,2026/2/2 19:47,大学受験,1151826480,9時間19分,1,36,36.0,0,0,0.064,2.78,0.02,0.15,あと3日,https://detail.chiebukuro.yahoo.co.jp/qa/question_detail/q13324941303,東大英語について 東進東大本レが帰ってきました。 僕は毎回50〜70点を行ったり来たりしています。あと一ヶ月もないですが、なんとか確実に70点取れるようにしたいです。どの大問に時間をかけるかや勉強方法...,0,0
2525,2026/2/2 19:47,生き方、人生相談,a88973703,9時間19分,1,7,7.0,0,0,0.013,14.29,0.0,0.1,あと3日,https://detail.chiebukuro.yahoo.co.jp/qa/question_detail/q12324941302,人生を変えるのって 日々の日記か名言を言う人の動画か どちらがいいと思いますか？ まぁつまり インプットかアウトプットか インプット→名言を言う人の動画 アウトプット→日々の日記,0,0
2526,2026/2/2 19:47,大学受験,Wkdskdkcksek,9時間19分,0,4,4.0,0,0,0.007,0.0,0.0,0.01,あと3日,https://detail.chiebukuro.yahoo.co.jp/qa/question_detail/q11324941301,上智大学外国語学部に英熟語最前線1515はオーバーワークですか？,0,0
2527,2026/2/2 19:47,福祉、介護,xz********,9時間19分,7,33,4.7,0,2,0.059,21.21,0.0,0.79,あと3日,https://detail.chiebukuro.yahoo.co.jp/qa/question_detail/q14324941299,サッポロ一番 味噌ラーメン と 塩ラーメン どちらが好きですか？,0,0
2528,2026/2/2 19:47,恋愛相談、人間関係の悩み,tmn********,9時間19分,3,8,2.7,0,1,0.014,37.5,0.0,0.34,あと3日,https://detail.chiebukuro.yahoo.co.jp/qa/question_detail/q13324941298,結婚相談所で仮交際終了のときにブロックする規定がある場合、先に結婚相談所に連絡して正式に終了になった場合にブロックしますか？それとも自分の気持ちで仮交際終了と決断したときにブロックしますか？ 回答よろ...,0,0
2529,2026/2/2 19:47,スマートフォン,par********,9時間19分,0,11,11.0,0,0,0.02,0.0,0.0,0.02,あと3日,https://detail.chiebukuro.yahoo.co.jp/qa/question_detail/q12324941297,子どものサッカーの試合動画を撮影するスマホを検討しています。 今までカメラ性能重視でXperia pro-iを使用していましたが、使いこなせていないのか最近使ったiPhone16eの動画の綺麗さに驚き...,0,0
2530,2026/2/2 19:47,公共施設、役所,rit********,9時間20分,1,17,17.0,0,2,0.03,5.88,0.01,0.23,あと3日,https://detail.chiebukuro.yahoo.co.jp/qa/question_detail/q11324941296,国旗掲揚の件です。 最近転入してきて、某市役所の支所のすぐ近くに住んでいます。この支所の前には国旗と市旗を掲げる支柱があり、毎日この二つの旗が風に揺れているのですが、気づくとこの旗が夕方に下げられるこ...,0,0
2531,2026/2/2 19:47,Android,非公開,9時間20分,3,16,5.3,0,0,0.029,18.75,0.0,0.3,あと3日,https://detail.chiebukuro.yahoo.co.jp/qa/question_detail/q10324941295,至急です！ゴミ箱から完全削除してしまった写真を復元する方法はありますか？機種はAndroidでスマホです。,0,0
2532,2026/2/2 19:47,コミック,1252991540,9時間20分,0,3,3.0,0,0,0.005,0.0,0.0,0.01,あと3日,https://detail.chiebukuro.yahoo.co.jp/qa/question_detail/q14324941294,たくさん見れて更新が早い漫画無料サイトあります？,0,0
2533,2026/2/2 19:47,菓子、スイーツ,1151186734,9時間20分,3,36,12.0,0,0,0.064,8.33,0.01,0.33,不明,https://detail.chiebukuro.yahoo.co.jp/qa/question_detail/q13324941293,バレンタインの日に友達にチョコをあげることになったのですが4人分作らなきゃいけなくてなんか良いレシピないですか？なるべく金がかからない簡単なのが良いです。お願いします,0,0
2534,2026/2/2 19:47,恋愛相談、人間関係の悩み,nkw********,9時間20分,4,28,7.0,0,1,0.05,14.29,0.0,0.46,あと3日,https://detail.chiebukuro.yahoo.co.jp/qa/question_detail/q12324941292,昨日、アプリで出会った同い年の女性(24)とデートをしました。自分と同じく比較的奥手な方で、相手は一目惚れしたことないらしく、恋人自体も高校時代からいないそうです。 またアプリっていう出会い方もあって...,0,0
2535,2026/2/2 19:47,ギター、ベース,af2700535,9時間20分,1,21,21.0,0,0,0.037,4.76,0.01,0.13,あと3日,https://detail.chiebukuro.yahoo.co.jp/qa/question_detail/q11324941291,先日ギターを買いました！ 色々弾けるようになりたいので、どっかに習いに行けたらと考えてます！ 熊本市の東区辺りでオススメなどありますか？？,0,0
2536,2026/2/2 19:47,デンタルケア,1152183861,9時間20分,0,1,1.0,0,0,0.002,0.0,0.0,0.0,あと3日,https://detail.chiebukuro.yahoo.co.jp/qa/question_detail/q13324941288,岩手県の一関市や奥州市あたりでおすすめな矯正歯科があれば教えていただきたいです。 よろしくお願いします。,0,0
2537,2026/2/2 19:47,目の病気,ab1218c4c,9時間20分,1,8,8.0,0,1,0.014,12.5,0.0,0.16,あと3日,https://detail.chiebukuro.yahoo.co.jp/qa/question_detail/q14324941289,細菌性結膜炎と診断され、レボフロキサシン点眼1.5%とフルオロメトロン点眼をさしていますが、レボフロキサシンをさすと、小さな針で差されたような痛みが一瞬あります。 次回の受診予定はなく、30日に受診し...,0,0
2538,2026/2/2 19:47,この仕事教えて,daw********,9時間20分,0,7,7.0,0,0,0.012,0.0,0.0,0.01,あと3日,https://detail.chiebukuro.yahoo.co.jp/qa/question_detail/q10324941290,夜職を始めようと考えているんですが、ラインじゃなくてインスタを交換するのはダメでしょうか。 ラインだとローマ字で下の名前で登録してるため、20歳になった途端に、絵文字だけとかアルファベットだけにしたら...,0,0
2539,2026/2/2 19:47,大学受験,bcb7926da,9時間20分,0,18,18.0,0,0,0.032,0.0,0.0,0.03,あと3日,https://detail.chiebukuro.yahoo.co.jp/qa/question_detail/q12324941287,私は横浜市立大学の国際商学部を受験するのですが国際商学部ができる前の国際総合科学部とか商学部の問題をとくのって効果的ですか？また過去問は何年分解くのがいいのでしょうか。教えて頂きたいです。,0,0
2540,2026/2/2 19:47,恋愛相談、人間関係の悩み,cd0e9b251,9時間20分,0,5,5.0,0,0,0.009,0.0,0.0,0.01,あと3日,https://detail.chiebukuro.yahoo.co.jp/qa/question_detail/q11324941286,塾の生徒が、ある先生や校長の嘘を広めています。 事実とは異なることを母親も一緒になって 他の生徒や保護者に広めたりしています。また、うちは個別なのですが、同じグループに集団もあり、併用するケースがある...,0,0
2541,2026/2/2 19:46,YouTube,GA GA,9時間21分,0,38,38.0,0,0,0.068,0.0,0.0,0.07,あと3日,https://detail.chiebukuro.yahoo.co.jp/qa/question_detail/q10324941285,ゆりいちチャンネルのゆりなちゃんの難病はいちろーくんと付き合った後に発症したのでしょうか？,0,0
2542,2026/2/2 19:46,政治、社会問題,xtc********,9時間21分,2,15,7.5,0,0,0.027,13.33,0.0,0.2,あと3日,https://detail.chiebukuro.yahoo.co.jp/qa/question_detail/q14324941284,素朴な疑問です。 中道に移った立民の候補は公明が作った綱領や政策で選挙するわけですよね。 既存の支持者から支持は得られるのでしょうか？ 言ってることが違うわけですが、政策は何でもいいのでしょうか？,0,0
2543,2026/2/2 19:46,病院、検査,mon********,9時間21分,1,16,16.0,0,0,0.028,6.25,0.0,0.12,あと3日,https://detail.chiebukuro.yahoo.co.jp/qa/question_detail/q13324941283,総合病院に2ヶ月に一度通院しています。持病があり、一昨年の夏より受診開始し、去年1月からは受診のたびに採血しています。 医療費もかさみ、家族のをまとめると10万以上あるので医療費控除をしようかと医療費...,0,0
2544,2026/2/2 19:46,商品の発送、受け取り,みヱ,9時間21分,0,4,4.0,0,0,0.007,0.0,0.0,0.01,あと3日,https://detail.chiebukuro.yahoo.co.jp/qa/question_detail/q12324941282,オンラインサイトのIKEAで商品をPayPayで購入したのですが、 購入履歴を見たら画像のように出てきて購入したことになっていないみたいです…購入完了のメールも来ていないのでお金だけとられたことになっ...,0,0
2545,2026/2/2 19:46,X（旧Twitter）,知恵袋,9時間22分,0,3,3.0,0,0,0.005,0.0,0.0,0.01,あと3日,https://detail.chiebukuro.yahoo.co.jp/qa/question_detail/q11324941281,よく趣味垢などでフォロワーさんなら誰でも！って鍵垢作ってる人いますけど何呟いてるんですか？垢分けする必要あるんですか？,0,0
2546,2026/2/2 19:46,K-POP、アジア,1251855473,9時間22分,3,29,9.7,0,0,0.052,10.34,0.01,0.32,あと3日,https://detail.chiebukuro.yahoo.co.jp/qa/question_detail/q10324941280,IVE REVIVE+の予約について。 今回のIVEの日本限定特典付きアルバムを買うつもりなのですが、公式の案内に「商品・特典はなくなり次第終了とさせていただきます。」とありました。これは、早めに予約...,0,0
2547,2026/2/2 19:46,美術、芸術,hay********,9時間22分,0,9,9.0,0,0,0.016,0.0,0.0,0.02,あと3日,https://detail.chiebukuro.yahoo.co.jp/qa/question_detail/q13324941278,掛け軸の作者を教えてください。,0,0
2548,2026/2/2 19:46,格安スマホ,sftthv,9時間22分,0,3,3.0,0,0,0.005,0.0,0.0,0.01,あと3日,https://detail.chiebukuro.yahoo.co.jp/qa/question_detail/q14324941279,至急 イコラブのスペシャルイベントサンリオのほうはスマホに付ける望遠レンズは付けて撮影していいのですか？,0,0
2549,2026/2/2 19:46,大学受験,1053295630,9時間22分,0,8,8.0,0,0,0.014,0.0,0.0,0.01,あと3日,https://detail.chiebukuro.yahoo.co.jp/qa/question_detail/q11324941276,勉強について質問です。 現在高二です。志望校が岡山大学です。自分の進研模試の偏差値は11月時点ですが。 数学60 化学54 英語49 物理49 国語46 地理45です！ 特別入試の長期休みに入るので参...,0,0
2550,2026/2/2 19:46,大学受験,7856868375,9時間22分,3,188,62.7,0,0,0.334,1.6,0.21,0.6,あと3日,https://detail.chiebukuro.yahoo.co.jp/qa/question_detail/q12324941277,同志社志望のものです。 全ての模試でA判定だったので滑り止めとして立命館大学を2日受験したのですが、2つとも過去問最低点をとってしまいました。同志社ばかり解いていて立命館に対する対策を甘かったかなと反...,0,0
2551,2026/2/2 19:46,ニコニコ動画,a4c438fa8,9時間22分,0,1,1.0,0,0,0.002,0.0,0.0,0.0,あと3日,https://detail.chiebukuro.yahoo.co.jp/qa/question_detail/q10324941275,発言小町に投稿したのですが、投稿OKと表示されたのにも関わらず、 新着順の投稿した日時で検索しても閲覧・確認ができません。 何故でしょうか？,0,0
2552,2026/2/2 19:46,YouTube,a9c5dce8d,9時間22分,0,18,18.0,0,0,0.032,0.0,0.0,0.03,あと3日,https://detail.chiebukuro.yahoo.co.jp/qa/question_detail/q14324941274,にじさんじライバーの応援広告を出す予定で、イラストから掲載を全て私自身でやろうかなと思っているのですがCHEERDING ADさまその他会社様は、 ipad第6世代のibisで描いたイラストの原稿を受...,0,0
2553,2026/2/2 19:46,耳の病気,pkp********,9時間22分,3,25,8.3,0,1,0.044,12.0,0.0,0.36,あと3日,https://detail.chiebukuro.yahoo.co.jp/qa/question_detail/q13324941273,耳に水を入れると炎症起きるのですか？ シャワーの水を耳に入れたいのですが…,0,0
2554,2026/2/2 19:46,病気、症状,非公開,9時間22分,0,13,13.0,0,0,0.023,0.0,0.0,0.02,あと3日,https://detail.chiebukuro.yahoo.co.jp/qa/question_detail/q12324941272,2/6にスケジュール変更ができない非常に大事な用事があるので不安になっています。 20代の女です。 1/27〜29まで旅行に行っており、常に人と一緒にいました。 部屋が非常に乾燥していてマスクをして寝...,0,0
2555,2026/2/2 19:46,コンビニ,や,9時間22分,0,4,4.0,0,0,0.007,0.0,0.0,0.01,あと3日,https://detail.chiebukuro.yahoo.co.jp/qa/question_detail/q11324941271,ファミマのラメ靴下を買ったのですがサイズがデカすぎました。 縮める方法とかありますか,0,0
2556,2026/2/2 19:46,車、高速道路,非公開,9時間22分,0,8,8.0,0,0,0.014,0.0,0.0,0.01,あと3日,https://detail.chiebukuro.yahoo.co.jp/qa/question_detail/q14324941269,相乗り迷惑駐車の姫路SA 『一般道から乗り入れ禁 止』 に... すると駐車場に空きが出たんですか？,0,0
2557,2026/2/2 19:46,学校の悩み,c62c65537,9時間22分,0,22,22.0,0,0,0.039,0.0,0.0,0.04,あと3日,https://detail.chiebukuro.yahoo.co.jp/qa/question_detail/q10324941270,学校に行きたくない。高校2年生です。ここ最近、このクラスに居たくないなぁ…と感じる事が増えてきました。2年に進級した当初はもう少しだけ居やすいと感じれるほど楽しかったです。 少なくとも、今より気軽に話...,0,0
2558,2026/2/2 19:46,高校受験,1053071584,9時間22分,4,78,19.5,0,4,0.139,5.13,0.03,0.71,あと3日,https://detail.chiebukuro.yahoo.co.jp/qa/question_detail/q12324941267,偏差値35の高校に行けるか不安です。 中一は1学期のみ。 中二は1年行っていません。 中三は1学期のみ。 私立専願で受けます。去年は定員割れしているそうです。 本当に勉強してなくて、残り1週間なのに面...,0,0
2559,2026/2/2 19:46,テーマパーク,vep********,9時間22分,1,25,25.0,0,0,0.044,4.0,0.01,0.13,あと3日,https://detail.chiebukuro.yahoo.co.jp/qa/question_detail/q13324941268,ディズニーのリングシューってモバイルオーダーした時点で確保できてれば遅い時間帯でも食べられますか？？,0,0
2560,2026/2/2 19:46,ギター、ベース,リリィ,9時間22分,2,4,2.0,0,0,0.007,50.0,0.0,0.18,あと3日,https://detail.chiebukuro.yahoo.co.jp/qa/question_detail/q11324941266,アコギをエレアコにしたいと考えています。l.r.baggs m1 passiveはボディの打音を拾ってくれると聞いたのですが、あれ一つで大石昌良さんのようなプレイはできますか？,0,0
2561,2026/2/2 19:46,新車,1252782776,9時間22分,5,58,11.6,0,1,0.103,8.62,0.01,0.6,あと3日,https://detail.chiebukuro.yahoo.co.jp/qa/question_detail/q10324941265,新車未納ハリアーをキャンセルして新型ラブ４に変えることはできますか？ 無理は承知ですが、新型ラブ４が待てなくて昨年１１月末にハリアーナイトシェードeforeハイブリッドを契約して支払いもしました。納車...,0,0
2562,2026/2/2 19:46,退職,1152448863,9時間23分,0,18,18.0,0,0,0.032,0.0,0.0,0.03,あと3日,https://detail.chiebukuro.yahoo.co.jp/qa/question_detail/q13324941263,失業給付について質問です。コイン500枚 長文ですが、どうかお願いします。 ①申請が退職から1年となっていますが、ハローワークで申請しに行く前に別のバイトを始めるのはどうなのでしょうか？離職票はすでに...,0,0
2563,2026/2/2 19:46,サバイバルゲーム,cf083cb07,9時間23分,3,34,11.3,0,0,0.06,8.82,0.01,0.33,あと3日,https://detail.chiebukuro.yahoo.co.jp/qa/question_detail/q11324941261,ネットオークションでエアガンを購入する際は壊れていても保証できない泣寝入りということですか？,0,0
2564,2026/2/2 19:46,賃貸物件,1151571978,9時間23分,3,68,22.7,0,0,0.121,4.41,0.03,0.39,あと3日,https://detail.chiebukuro.yahoo.co.jp/qa/question_detail/q14324941259,木造アパート/声/騒音 新築木造アパートに引っ越して半年経ちます。 声や生活音の心配をしていましたが、たまに壁に当たった？音が聞こえる程度で声が聞こえたことはありません。 片側だけ隣接しておりますが（...,0,0
2565,2026/2/2 19:46,女性アイドル,c94dce7c9,9時間23分,2,6,3.0,0,1,0.011,33.33,0.0,0.24,あと3日,https://detail.chiebukuro.yahoo.co.jp/qa/question_detail/q13324941258,＝LOVEの姉妹グループは、まだ増えると思いますか？ また、増えるとしたらいつ頃にオーディションを行うと思いますか？,0,0
2566,2026/2/2 19:46,恋愛相談、人間関係の悩み,非公開,9時間23分,4,70,17.5,0,1,0.124,5.71,0.02,0.53,あと3日,https://detail.chiebukuro.yahoo.co.jp/qa/question_detail/q12324941257,好きな人・付き合ってた人を嫌いになるきっかけって何ですか？,0,0
2567,2026/2/2 19:46,おもちゃ,lD非公開,9時間23分,1,33,33.0,0,0,0.059,3.03,0.02,0.15,あと3日,https://detail.chiebukuro.yahoo.co.jp/qa/question_detail/q10324941255,シールに詳しい方教えてください。ボンボンドロップシールを買いたいのですが偽物などがあると書いてあり、どれを買っていいのかわかりません。また、特に人気のあるキャラクターなども教えてください。おしり？ の...,0,0
2568,2026/2/2 19:46,家事,wlh********,9時間23分,1,7,7.0,0,0,0.012,14.29,0.0,0.1,あと3日,https://detail.chiebukuro.yahoo.co.jp/qa/question_detail/q11324941256,サティスsめっちゃ尿ハネしませんか？ 他のトイレではそこまで気にならないのに、うちのサティスsのトイレは毎回便器の前部分に尿が跳ねます。前傾姿勢になっても勢いを抑えても跳ねるので、毎回拭かなくてはなり...,0,0
2569,2026/2/2 19:46,香水,bfe9bef43,9時間23分,0,2,2.0,0,0,0.004,0.0,0.0,0.0,あと3日,https://detail.chiebukuro.yahoo.co.jp/qa/question_detail/q14324941254,diorソバージュのオードゥトワレに合う万人受けするファブリックミスト教えて下さい！,0,0
2570,2026/2/2 19:46,鉄道、列車、駅,bed540b45,9時間23分,2,25,12.5,0,0,0.044,8.0,0.01,0.22,あと3日,https://detail.chiebukuro.yahoo.co.jp/qa/question_detail/q13324941253,今度初めて新幹線を予約しようと思っているのですが、、 2月21日に 名古屋発 → 東京着（片道） の新幹線のチケットを取りたいのですが、以下の点を質問したいです ① JR東海の「EX」と高校の「学割」...,0,0
2571,2026/2/2 19:46,コミック,1151531754,9時間23分,1,5,5.0,0,0,0.009,20.0,0.0,0.1,あと3日,https://detail.chiebukuro.yahoo.co.jp/qa/question_detail/q11324941251,これから人気出そうなまだ世間には知られていない 少年ジャンプ漫画があれば教えてください。,0,0
2572,2026/2/2 19:46,ポケットモンスター,1152596646,9時間23分,2,13,6.5,1,0,0.023,15.38,0.0,0.38,あと3日,https://detail.chiebukuro.yahoo.co.jp/qa/question_detail/q10324941250,ポケモンGOのキラフレンドについてです フレンドになってからもう1年半になるのですが、キラフレンドが1回だけ（確定でなるやつ）って少ないですかね？ もう1人フレンドがいるのですが、4年ほどでキラフレン...,0,0
2573,2026/2/2 19:46,外国映画,bb84b314c,9時間23分,2,53,26.5,0,1,0.094,3.77,0.02,0.32,不明,https://detail.chiebukuro.yahoo.co.jp/qa/question_detail/q14324941249,サム・ライミ監督がスパイダーマン4ぜひやりたいって言ってますが、トビー・マグワイアもキルスティン・ダンストもお年すぎてさすがに無理じゃないですかね https://search.app/?link=h...,0,0
2574,2026/2/2 19:46,幼児教育、幼稚園、保育園,ティコ,9時間23分,1,7,7.0,0,0,0.012,14.29,0.0,0.1,あと3日,https://detail.chiebukuro.yahoo.co.jp/qa/question_detail/q13324941248,フルタイム、週5で働かれているお母様に質問です。 仕事がある日、保育園から帰って寝るまで何時間ぐらい子どもと過ごされてますか。 お母様が休みの日は保育園は行ってらっしゃいますか。 参考にさせて頂きたく...,0,0
2575,2026/2/2 19:46,ゲーム,han********,9時間23分,3,21,7.0,0,0,0.037,14.29,0.0,0.3,あと3日,https://detail.chiebukuro.yahoo.co.jp/qa/question_detail/q12324941247,スト6ガチ初心者です。Cブランカ使ってます。 起き攻めの打撃択を選んだ場合に相手が投げ抜けするために投げのコマンドを入れた場合は相手に投げられないですか？ 大丈夫なのかなとモヤモヤします。 もし相手に...,0,0
2576,2026/2/2 19:46,ポケットモンスター,a41dab890,9時間23分,4,42,10.5,0,0,0.074,9.52,0.01,0.43,あと3日,https://detail.chiebukuro.yahoo.co.jp/qa/question_detail/q10324941245,ポケポケで星2のポケモンで虹枠か黒枠どっちの方が好きですか？ また理由も聞きたいです,0,0
2577,2026/2/2 19:45,学校の悩み,1150539546,9時間24分,0,21,21.0,0,0,0.037,0.0,0.0,0.04,あと3日,https://detail.chiebukuro.yahoo.co.jp/qa/question_detail/q14324941244,至急優しい人お願いします！！ 医療系の学校に行ってて、明日でテストがやっと終わります！ーー！本当に1ヶ月くらい一生懸命勉強してきました。ですが、最後にしてやる気が無くなってやばいです。 どなたか応援し...,0,0
2578,2026/2/2 19:45,高校受験,b5c1ad501,9時間24分,2,15,7.5,0,0,0.027,13.33,0.0,0.2,あと3日,https://detail.chiebukuro.yahoo.co.jp/qa/question_detail/q13324941243,神奈川県高校公立受検について、 僕の志望校は生田高校なのですが、2025の生田高校の合格者最低点、2024の生田高校の合格者最低点などわかるお方いますか？ 教えてもらえるとありがたいです。,0,0
2579,2026/2/2 19:45,プロ野球,R0827,9時間25分,1,10,10.0,0,0,0.018,10.0,0.0,0.11,あと3日,https://detail.chiebukuro.yahoo.co.jp/qa/question_detail/q12324941242,東北楽天ゴールデンイーグルス 田中千晴は中継ぎだから、敗戦処理ですか？ また、ブルペンデーの場合、先発起用の見込みですか？,0,0
2580,2026/2/2 19:45,懸賞、くじ,1252552883,9時間25分,2,31,15.5,0,3,0.055,6.45,0.01,0.39,あと3日,https://detail.chiebukuro.yahoo.co.jp/qa/question_detail/q11324941241,今日一番くじ10個引いたんですけど、 家に帰ったら１個足りなくて、レシートもあります！こゆう場合どうしたらいいですか？,0,0
2581,2026/2/2 19:45,数学,bd1a755b1,9時間25分,2,18,9.0,0,0,0.032,11.11,0.0,0.21,あと3日,https://detail.chiebukuro.yahoo.co.jp/qa/question_detail/q14324941239,この問題が分かりません！誰か教えて欲しいです,0,0
2582,2026/2/2 19:45,マラソン、陸上競技,ikh********,9時間25分,1,24,24.0,0,0,0.042,4.17,0.01,0.13,あと3日,https://detail.chiebukuro.yahoo.co.jp/qa/question_detail/q13324941238,フルマラソンの今後の練習内容についてアドバイスをいただきたいです。 先日、初めてフルマラソンを走りました。28km地点まではキロ6分で問題なく走れていたのですがそれ以降と速度が落ちていき36km地点で...,0,0
2583,2026/2/2 19:45,LINE,ca9d432f3,9時間25分,2,14,7.0,0,0,0.025,14.29,0.0,0.2,あと3日,https://detail.chiebukuro.yahoo.co.jp/qa/question_detail/q10324941240,LINEで削除した相手から誕生日の風船やカードが届くことはありますか？,0,0
2584,2026/2/2 19:45,高校受験,かな,9時間25分,0,3,3.0,0,0,0.005,0.0,0.0,0.01,あと3日,https://detail.chiebukuro.yahoo.co.jp/qa/question_detail/q12324941237,今年、岡山工業高校の建築科を受験するものです。 建築科の実技の過去問を見たのですが解き方がわからなくて…わかる方いますか？ 内容 底面の3辺の長さが90mm、120mm、150mmで、高さが70mmの...,0,0
2585,2026/2/2 19:45,心理学,man********,9時間25分,1,14,14.0,0,1,0.025,7.14,0.0,0.17,不明,https://detail.chiebukuro.yahoo.co.jp/qa/question_detail/q11324941236,IQテストの正解を教えてください。 あるサイトのIQテストで、この問題がどうしてもわかりません。 正解と、理由を説明してください。 私の回答（×印）は間違っています。,0,0
2586,2026/2/2 19:45,X（旧Twitter）,aeq********,9時間25分,0,44,44.0,0,0,0.078,0.0,0.0,0.08,あと3日,https://detail.chiebukuro.yahoo.co.jp/qa/question_detail/q10324941235,ファントムシータの元メンバー灯翠は、体調不良により結果脱退ということになっていますよね？ Adoさんも最後まで寄り添っていた風に感じていたので、双方納得の上だと思っていました。 ただ今日、公式が おと...,0,0
2587,2026/2/2 19:45,政治、社会問題,d03********,9時間25分,1,4,4.0,0,0,0.007,25.0,0.0,0.1,あと3日,https://detail.chiebukuro.yahoo.co.jp/qa/question_detail/q14324941234,村上誠一郎はなんで自民党にいるんですか？,0,0
2588,2026/2/2 19:45,哲学、倫理,翠,9時間25分,5,58,11.6,0,55,0.103,8.62,0.01,3.46,あと3日,https://detail.chiebukuro.yahoo.co.jp/qa/question_detail/q13324941233,正義感というのは本当に曲者だと思うことがありませんか。 純粋な正義感というものは少ないからです。 同様なことを思う人がいるかどうかの確認です。,0,0
2589,2026/2/2 19:45,転職,七草粥セット,9時間25分,3,48,16.0,0,1,0.085,6.25,0.01,0.4,あと3日,https://detail.chiebukuro.yahoo.co.jp/qa/question_detail/q12324941232,1月から転職活動をしていますが、約100件応募して内定・オファーが0件で、正直モチベーションの保ち方が分からなくなっています。 職歴は、接客業6年、事務職2年半です。 転職回数は、正社員3回・アルバイ...,0,0
2590,2026/2/2 19:45,プロ野球,Yahoo知恵袋,9時間25分,1,15,15.0,0,0,0.027,6.67,0.0,0.11,あと3日,https://detail.chiebukuro.yahoo.co.jp/qa/question_detail/q11324941231,武田一浩が直立不動最敬礼になるような球界OBっているんですか？ 星野監督を「怖いと思ったこと一度もない」と言ってのけるほどの強心臓で、試合中に味方から叱られたことがない立浪をどやしつけて思わず萎縮させ...,0,0
2591,2026/2/2 19:45,Amazon,名無し,9時間25分,2,26,13.0,0,1,0.046,7.69,0.01,0.28,あと3日,https://detail.chiebukuro.yahoo.co.jp/qa/question_detail/q10324941230,Amazonの商品を返品したいです！！ 一昨日Amazonで生ピスタチオペーストを購入したのですが、今日届いて開けてみたら違う物が届いていました！ローストピスタチオペーストが来ました……… 注文履歴を...,0,0
2592,2026/2/2 19:45,コミック,あ,9時間25分,0,6,6.0,0,0,0.011,0.0,0.0,0.01,あと3日,https://detail.chiebukuro.yahoo.co.jp/qa/question_detail/q14324941229,ジャンプの定期購読についての質問です。ジャンプの定期購読者限定で応募できるキーホルダーが欲しいのですが、応募してから1ヶ月ですぐ抜けても応募は取り消されませんか？ それとも、発表まで定期購読は継続しな...,0,0
2593,2026/2/2 19:45,生き方、人生相談,a88973703,9時間25分,1,8,8.0,0,0,0.014,12.5,0.0,0.1,あと3日,https://detail.chiebukuro.yahoo.co.jp/qa/question_detail/q13324941228,人生を変えるのって 日々の日記か名言を言う人の動画か どちらがいいと思いますか？ まぁつまり インプットかアウトプットか インプット→名言を言う人の動画 アウトプット→日々の日記,0,0
2594,2026/2/2 19:45,大学受験,1153141947,9時間25分,2,13,6.5,0,0,0.023,15.38,0.0,0.2,あと3日,https://detail.chiebukuro.yahoo.co.jp/qa/question_detail/q12324941227,昨日今日の2日間どちらも入試があったのですが合否が不安でやばいです。解けはしたのですが自分のことだからしょうもないミスを沢山してるかもと思ってしまいます。こういう時って自己採点してもいいのでしょうか？...,0,0
2595,2026/2/2 19:45,ゲーム,翠,9時間25分,1,21,21.0,1,0,0.037,4.76,0.01,0.3,あと3日,https://detail.chiebukuro.yahoo.co.jp/qa/question_detail/q11324941226,学マスのジュエルは無課金だったら１ヶ月でどのくらい貯めることができますか？(ドル道やアチーブは抜きで) その内訳も教えて欲しいです,0,0
2596,2026/2/2 19:45,カラオケ,r_i02,9時間26分,1,72,72.0,0,0,0.127,1.39,0.09,0.22,不明,https://detail.chiebukuro.yahoo.co.jp/qa/question_detail/q14324941224,ミックスボイスを習得した人に質問です。 僕もミックスボイス成長させてる途中なのですが、ミックスボイス習得していくと喉閉めちゃっても習得前より普通に高い声出るようになりませんか？,0,0
2597,2026/2/2 19:45,クラシック,bfb0704e8,9時間26分,2,97,48.5,1,0,0.171,2.06,0.08,0.52,あと3日,https://detail.chiebukuro.yahoo.co.jp/qa/question_detail/q13324941223,やっぱ我らガチガチのクラシック通からしたら角野隼人(かてぃん)って目の上のたんこぶですよね,0,0
2598,2026/2/2 19:45,政治、社会問題,））））,9時間26分,0,10,10.0,0,0,0.018,0.0,0.0,0.02,あと3日,https://detail.chiebukuro.yahoo.co.jp/qa/question_detail/q12324941222,根拠･理由を言わず「中国に情報を取られる」とか「中国人は全員変な人」とか言うのはどういう意図なんですか？？ 正直、根拠･理由を一切言わずに叩いてるので見てて少し複雑になります。 中国や中国人に対して少...,0,0
2599,2026/2/2 19:45,恋愛相談、人間関係の悩み,篠田せつ,9時間26分,1,15,15.0,0,1,0.026,6.67,0.0,0.17,あと3日,https://detail.chiebukuro.yahoo.co.jp/qa/question_detail/q11324941221,これって友達的なノリなんでしょうか？既婚者から 会社の既婚者の上長の男性についてです。彼は単身赴任で東京に来ています。私はその方からラインを聞かれました。他にも気になる言動があります。その方からされた...,0,0
2600,2026/2/2 19:45,動画サービス,非公開,9時間26分,0,1,1.0,0,0,0.002,0.0,0.0,0.0,あと3日,https://detail.chiebukuro.yahoo.co.jp/qa/question_detail/q10324941220,Tiktokの設定で18歳未満になっていたら上位視聴者ランキングは表示されないようになっているのですか？また、ギフトも投げれないですか？回答お願いいたします。,0,0
2601,2026/2/2 19:45,ネコ,ちゃねーふけ,9時間26分,3,27,9.0,0,1,0.048,11.11,0.0,0.36,あと3日,https://detail.chiebukuro.yahoo.co.jp/qa/question_detail/q14324941219,猫って飼い主の人間のことを認識していますか？ 犬は認識していると思いますけど。,0,0
2602,2026/2/2 19:45,アルバイト、フリーター,1151091621,9時間26分,2,14,7.0,0,0,0.025,14.29,0.0,0.2,あと3日,https://detail.chiebukuro.yahoo.co.jp/qa/question_detail/q13324941218,アルバイトの採用？について質問です。 アルバイトの新規応募で面接を終えて、2日（今日）に採用ならお電話します、不採用なら履歴書送り返しますと店長からうかがっておりましたが、こちらの携帯の通知の不具合で...,0,0
2603,2026/2/2 19:45,話題の人物,1252879829,9時間26分,1,40,40.0,0,2,0.071,2.5,0.03,0.26,あと3日,https://detail.chiebukuro.yahoo.co.jp/qa/question_detail/q12324941217,矢沢あいさんのウエハースってそんなに人気なんですか？流行りということですか？わかる方教えていただきたいです。,0,0
2604,2026/2/2 19:45,恋愛相談、人間関係の悩み,レオン,9時間26分,3,20,6.7,0,3,0.035,15.0,0.0,0.46,あと3日,https://detail.chiebukuro.yahoo.co.jp/qa/question_detail/q11324941216,東大卒で無職アラフォー男と、中卒で投資家配当金で一生安泰生活のアラフィフ男いたら、どっちと付き合いたい？,0,0
2605,2026/2/2 19:45,ゲーム,？,9時間26分,0,4,4.0,0,0,0.007,0.0,0.0,0.01,あと3日,https://detail.chiebukuro.yahoo.co.jp/qa/question_detail/q10324941215,トモダチコレクションわくわく生活についての質問です！！ トモダチコレクションってあつ森みたいな感じでSwitch1台につきひとつの島しか作成できないとかありますか？わかる方教えて欲しいです！,0,0
2606,2026/2/2 19:45,ライトノベル,あ,9時間26分,1,18,18.0,0,1,0.032,5.56,0.01,0.17,あと3日,https://detail.chiebukuro.yahoo.co.jp/qa/question_detail/q14324941214,成人した男性が年下の女の子に尻に敷かれたり振り回されるような関係性が好きなのですが、そのような関係が描写される小説やライトノベルはありますか？ できれば、その2人は恋愛関係にならない方がいいです！,0,0
2607,2026/2/2 19:45,iPhone,bd6d18840,9時間26分,1,10,10.0,0,0,0.018,10.0,0.0,0.11,あと3日,https://detail.chiebukuro.yahoo.co.jp/qa/question_detail/q13324941213,iPhoneでアプリに余計な課金をしていないか確認するには設定のどこを見ればいいんでしたっけ？,0,0
2608,2026/2/2 19:45,コミック,cdeceefc,9時間26分,2,79,39.5,0,0,0.139,2.53,0.05,0.32,あと3日,https://detail.chiebukuro.yahoo.co.jp/qa/question_detail/q11324941211,呪術廻戦モジュロ最新話についての質問です リカの憑依を手放す縛りということはリカはもう指輪があっても姿を表すことができないんですか？それともただ憑依ができないってだけで姿を表すことはできるんですか？,0,0
2609,2026/2/2 19:45,日本語,SF,9時間26分,0,17,17.0,0,0,0.03,0.0,0.0,0.03,あと3日,https://detail.chiebukuro.yahoo.co.jp/qa/question_detail/q10324941210,皆さんは飲食店で外国人観光客に間違えられたことはありますか？うちの家族はしょっちゅう間違えられます。席に座るなり｢English or Chinese？ ｣とか聞かれます。その度｢いやいや日本人ね｣と...,0,0
2610,2026/2/2 19:45,プロレス,iyr********,9時間26分,8,55,6.9,0,5,0.097,14.55,0.01,1.07,あと3日,https://detail.chiebukuro.yahoo.co.jp/qa/question_detail/q14324941209,プロレスの団体の中に乱入、反則ばっかするヒールのユニットや選手は必要だと思いますか？,0,0
2611,2026/2/2 19:45,観光地、行楽地,非公開,9時間27分,0,2,2.0,0,0,0.004,0.0,0.0,0.0,あと3日,https://detail.chiebukuro.yahoo.co.jp/qa/question_detail/q13324941208,昔ながらの商店街が好きなんですが東京都内にある商店街を規模が大きい順に教えてもらえますか？ (かなりの数があると思いますが解る範囲で良いのでお願いします またオススメの商店街や好きな商店街あったらお願...,0,0
2612,2026/2/2 19:45,自転車、サイクリング,b316as63,9時間27分,1,13,13.0,0,0,0.023,7.69,0.0,0.11,あと3日,https://detail.chiebukuro.yahoo.co.jp/qa/question_detail/q12324941207,アルベルトeのスピードセンサーは画像のものは使えますか？ 商品にはYAMAHA ブリジストンに使えますと書いてありました,0,0
2613,2026/2/2 19:45,政治、社会問題,hin********,9時間27分,3,17,5.7,1,1,0.03,17.65,0.0,0.52,あと3日,https://detail.chiebukuro.yahoo.co.jp/qa/question_detail/q11324941206,高市早苗首相は、衆院選の勝敗ラインについて、「与党で過半数」を掲げていますが、勝敗ラインを高くしてやりたい政策をどうしてもやりたいのならまだしも、今と同じくらいの議席の獲得なら、 わざわざ莫大な税金を...,0,0
2614,2026/2/2 19:45,総合格闘技、K-1,非公開,9時間27分,3,1,0.3,0,0,0.002,300.0,0.0,0.27,あと3日,https://detail.chiebukuro.yahoo.co.jp/qa/question_detail/q10324941205,全盛期ヒョードルは歴代のMMAヘビー級の中でトップ10の強さに入りますか？ ガヌー、ジョンジョーンズには勝てないと思います,0,0
2615,2026/2/2 19:44,家族関係の悩み,nqa********,9時間28分,3,27,9.0,0,0,0.048,11.11,0.0,0.31,あと3日,https://detail.chiebukuro.yahoo.co.jp/qa/question_detail/q14324941204,旅行前に親ともめてしまいました。 30過ぎても家にいる私が全て悪く、親の言う事は何も間違っていないのに、今回言われた言葉にひどく傷ついてしまいました。今週末に親と旅行に行く事になっていますが一緒にいる...,0,0
2616,2026/2/2 19:44,ピアス,1252066919,9時間28分,1,22,22.0,0,0,0.039,4.55,0.01,0.13,あと3日,https://detail.chiebukuro.yahoo.co.jp/qa/question_detail/q13324941203,アンテナヘリックスの排除について。今この画像の感じなんですけど、これは排除されますか？横から見たら外側に来てる感じはないんですけど、上から見るとだいぶ外に来てる気がします。,0,0
2617,2026/2/2 19:44,株式,uhr********,9時間28分,1,25,25.0,0,3,0.044,4.0,0.01,0.29,あと3日,https://detail.chiebukuro.yahoo.co.jp/qa/question_detail/q12324941202,新興国インデックス MSCIエマージング・マーケット 写真のチャート（本日分）がそうだと思うのですが 15:30の数値は明日の約定となるのでしょうか？ 宜しくお願いします,0,0
2618,2026/2/2 19:44,絵画,jjt********,9時間28分,1,22,22.0,0,0,0.039,4.55,0.01,0.13,あと3日,https://detail.chiebukuro.yahoo.co.jp/qa/question_detail/q11324941201,絵の作家がわからずわかる方がいましたら教えてください。 宜しくお願い致します。,0,0
2619,2026/2/2 19:44,運転免許,1151946291,9時間28分,12,163,13.6,0,0,0.287,7.36,0.04,1.34,あと3日,https://detail.chiebukuro.yahoo.co.jp/qa/question_detail/q10324941200,高校生です。免許ってだれかに口頭で先生に言われたら絶対バレるんでしょうか。 教習所に確認するわけでもないし写真をネットに上げない限り乗ってないと言えばお咎めなしになると思ったのですがやはり違うのでしょ...,0,0
2620,2026/2/2 19:44,病気、症状,hza********,9時間28分,1,19,19.0,0,0,0.033,5.26,0.01,0.12,あと3日,https://detail.chiebukuro.yahoo.co.jp/qa/question_detail/q13324941198,血管迷走神経反射って一度なると、なりやすくなりますか？ この間指を挟めて、初めて血管迷走神経反射のようなものになり、倒れてしまいました。 今まで注射や採血など、全然大丈夫で、見れるくらいだったのですが...,0,0
2621,2026/2/2 19:44,恋愛相談、人間関係の悩み,塩,9時間28分,3,58,19.3,0,2,0.102,5.17,0.02,0.47,あと3日,https://detail.chiebukuro.yahoo.co.jp/qa/question_detail/q14324941199,至急です。 私には今好きな人がいるのですが、その友達がほんとうにうざいです。 今日は私の好きな人にヤるなら高校からだよねとか聞いていて、わざわざそれを報告してきました。本人が聞こえるところにいるのに、...,0,0
2622,2026/2/2 19:44,心理学,man********,9時間28分,1,15,15.0,0,0,0.026,6.67,0.0,0.11,不明,https://detail.chiebukuro.yahoo.co.jp/qa/question_detail/q10324941195,IQテストの正解を教えてください。 あるサイトのIQテストで、この問題がどうしてもわかりません。 正解と、理由を説明してください。 私の回答（×印）は間違っています。,0,0
2623,2026/2/2 19:44,おもちゃ,c6169fd89,9時間28分,1,6,6.0,0,0,0.011,16.67,0.0,0.1,あと3日,https://detail.chiebukuro.yahoo.co.jp/qa/question_detail/q11324941196,たまごっちパラダイスについて質問です。 今日届いたばかりのたまごっちパラダイスで、 べびまるっちが病気になると びびっと言う音がなりお世話メニューが開けなくなります。 寝ていても寝てなくても変わらない...,0,0
2624,2026/2/2 19:44,観光地、行楽地,b74a7a38c,9時間28分,2,32,16.0,0,0,0.056,6.25,0.01,0.23,あと3日,https://detail.chiebukuro.yahoo.co.jp/qa/question_detail/q14324941194,東京観光について質問です LIVEがあるので東京に行くのですが、終了後帰るまでに少し時間があります。その間にサクッと行けるおすすめの所はありますか？ 予定では16時〜17時ごろにLIVEが終了し、21...,0,0
2625,2026/2/2 19:44,大学受験,bbffbd8fb,9時間28分,2,50,25.0,0,0,0.088,4.0,0.02,0.26,あと3日,https://detail.chiebukuro.yahoo.co.jp/qa/question_detail/q13324941193,名城大学 2月1日の都市情報学部の最低点は上がるでしょうか？また英語 国語 数学を解いたのですがそれぞれ易化してますか？かなり心配です。,0,0
2626,2026/2/2 19:44,政治、社会問題,hel********,9時間28分,1,16,16.0,0,0,0.028,6.25,0.0,0.12,あと3日,https://detail.chiebukuro.yahoo.co.jp/qa/question_detail/q12324941192,今の日本で同じ能力の男女が同じ役職で同じ時間だけ同じ仕事をしたときに、性別が原因で賃金格差が生じるという統計データはあるのですか？ （スポーツや芸能は除く） こちらの質問で経済産業省のデータをいただき...,0,0
2627,2026/2/2 19:44,大学,c94bc4591,9時間29分,1,52,52.0,0,0,0.091,1.92,0.05,0.18,あと3日,https://detail.chiebukuro.yahoo.co.jp/qa/question_detail/q10324941190,愛知県立大学 公立諏訪東京理科大学 名城大学 愛知工業大学 この4つの大学の中で1番良い企業に入れる可能性が高い大学はどこでしょうか。,0,0
2628,2026/2/2 19:44,iPhone,aaa********,9時間29分,1,17,17.0,0,0,0.03,5.88,0.01,0.12,あと3日,https://detail.chiebukuro.yahoo.co.jp/qa/question_detail/q11324941191,ずっとスマホはiPhoneでした、去年にiPadを購入し同期して使用しています。 iPhoneのバッテリーが劣化して買い替えを シャオミ15Ｔを考えています。Androidになります。iPhoneとシ...,0,0
2629,2026/2/2 19:44,ゲーム,ca00fe8ef,9時間29分,2,27,13.5,0,0,0.047,7.41,0.01,0.22,あと3日,https://detail.chiebukuro.yahoo.co.jp/qa/question_detail/q14324941189,無課金で原神をルナバージョンから始めガチャですり抜けてやる気無くし最近また再開した初心者です。 画像のキャラを所持しています。久岐忍は始めた当初に知り合いの人が素材くれて育てた方が良いと言われたので育...,0,0
2630,2026/2/2 19:44,法律相談,三ツ矢サイダー,9時間29分,0,18,18.0,0,0,0.032,0.0,0.0,0.03,あと3日,https://detail.chiebukuro.yahoo.co.jp/qa/question_detail/q13324941188,至急‼︎ 昨日本を買って元々490円だったのが485円くらいになっていたのですが、私はそれを言わずに店を出てしまいました…これって犯罪ですか?,0,0
2631,2026/2/2 19:44,ヴァンガード,ab83f87d,9時間29分,0,3,3.0,0,0,0.005,0.0,0.0,0.01,あと3日,https://detail.chiebukuro.yahoo.co.jp/qa/question_detail/q11324941186,"カードゲームのヴァンガードのストライド環境が始まったとき、グレード4のパワーは13,000ではダメだったんでしょうか？",0,0
2632,2026/2/2 19:44,メール,1149758573,9時間29分,1,13,13.0,0,0,0.023,7.69,0.0,0.11,あと3日,https://detail.chiebukuro.yahoo.co.jp/qa/question_detail/q10324941185,身に覚えがないのですが、これはほっといても大丈夫なやつですか？,0,0
2633,2026/2/2 19:44,ゲーム,b36e67873,9時間29分,0,0,0.0,0,0,0.0,0.0,0.0,0.0,あと3日,https://detail.chiebukuro.yahoo.co.jp/qa/question_detail/q14324941184,apexの設定について質問です。 覗くたびにスコープの倍率が初期状態になるといった設定はどこにありますか、 何週間か前にそのような設定を見た覚えがあるのですが、見当たりません。 よろしくお願いします。...,0,0
2634,2026/2/2 19:44,K-POP、アジア,bc4a43133,9時間29分,0,2,2.0,0,0,0.004,0.0,0.0,0.0,あと3日,https://detail.chiebukuro.yahoo.co.jp/qa/question_detail/q13324941183,ILITのライブってファンクラブ？有料会員？じゃないと行けない感じですかね？ あとライブの倍率はどのくらいですか？ ご回答よろしくお願いします！,0,0
2635,2026/2/2 19:44,パソコン,et_********,9時間29分,6,36,6.0,0,0,0.063,16.67,0.0,0.59,あと3日,https://detail.chiebukuro.yahoo.co.jp/qa/question_detail/q12324941182,ノートパソコンについて教えてください 現在かなり古いダイナブックを使用してます。 Windows11にアップデートしましたが重すぎて使えません。 やはりパソコンのスペックが限界なのででしょうか？ In...,0,0
2636,2026/2/2 19:44,テレビ、DVD、ホームシアター,おちゃ子,9時間29分,1,11,11.0,0,0,0.019,9.09,0.0,0.11,あと3日,https://detail.chiebukuro.yahoo.co.jp/qa/question_detail/q11324941181,テレビ録画再生 HDのアダプターつきのを使ってますが 最近(購入1年経過)やたら再生中に通常のテレビに戻ったり 再生しようとするとLoadingの○が回転するアイコンが出て一瞬再生されるけどすぐにテレ...,0,0
2637,2026/2/2 19:44,Instagram,cd54b7425,9時間29分,0,8,8.0,1,0,0.014,0.0,0.0,0.19,あと3日,https://detail.chiebukuro.yahoo.co.jp/qa/question_detail/q10324941180,snsをずっと見られます。アカウント変えても、新しくしても。ちょっとストーカーだと思ってしまいます。見られないようにするにはどうしたらいいでしょうか。X、インスタ、tiktokです。,0,0
2638,2026/2/2 19:44,皮膚の病気、アトピー,mar********,9時間29分,0,10,10.0,0,0,0.018,0.0,0.0,0.02,あと3日,https://detail.chiebukuro.yahoo.co.jp/qa/question_detail/q14324941179,痛くも痒くもないんですけど これ何でしょうか？ 皮膚がんじゃないかと心配してます...。,0,0
2639,2026/2/2 19:44,数学,1252377569,9時間29分,3,39,13.0,0,1,0.068,7.69,0.01,0.38,あと3日,https://detail.chiebukuro.yahoo.co.jp/qa/question_detail/q12324941177,数独がどうしても解けません。 答えが付属していなくてもやもやします。 数独AIなどに読み込ませてみましたが50回の仮置きの末、解けないと言われてしまいました。 画像はそのままでは数字が見づらいので上か...,0,0
2640,2026/2/2 19:44,国内,b4d157b87,9時間29分,3,23,7.7,0,0,0.04,13.04,0.0,0.3,あと3日,https://detail.chiebukuro.yahoo.co.jp/qa/question_detail/q11324941176,住んでみたい都市を5つ 教えてください！ 個人的には 山梨県上野原市 東京都八王子市 東京都国立市 神奈川県相模原市 千葉県木更津市です。,0,0
2641,2026/2/2 19:44,アニメ,1251801851,9時間29分,1,61,61.0,1,0,0.107,1.64,0.07,0.37,あと3日,https://detail.chiebukuro.yahoo.co.jp/qa/question_detail/q10324941175,超かぐや姫にBL要素があるのって本当ですか？,0,0
2642,2026/2/2 19:44,大学受験,一般,9時間30分,0,41,41.0,0,0,0.072,0.0,0.0,0.07,あと3日,https://detail.chiebukuro.yahoo.co.jp/qa/question_detail/q13324941173,大阪公立大法学部後期出願しました。 1/30時点で7.5倍なので確実に足切りがあると思うのですが、ボーダー82%で81.2%しかありません。 大丈夫ですか？心配すぎて…,0,0
2643,2026/2/2 19:44,学校の悩み,ご,9時間30分,1,20,20.0,0,0,0.035,5.0,0.01,0.12,あと3日,https://detail.chiebukuro.yahoo.co.jp/qa/question_detail/q12324941172,【至急】飛鳥未来きぼう高校名古屋キャンパスに通う者です。 明日テストなのですが、早く着いてしまった場合、教室の前で待ってていいのでしょうか。 正解を教えてくださいー！！,0,0
2644,2026/2/2 19:44,恋愛相談、人間関係の悩み,1252454075,9時間30分,2,13,6.5,1,0,0.023,15.38,0.0,0.37,あと3日,https://detail.chiebukuro.yahoo.co.jp/qa/question_detail/q11324941171,元彼との曖昧な関係。 別れたけど、あることをきっかけに話すようになり、今でもズルズルと曖昧な関係のまま連絡をとっています。別れてからすぐに話す事になったので、冷却期間もたいして空けずに、付き合っている...,0,0
2645,2026/2/2 19:44,不妊,bbb1872be,9時間30分,1,22,22.0,0,0,0.039,4.55,0.01,0.13,あと3日,https://detail.chiebukuro.yahoo.co.jp/qa/question_detail/q13324941168,bt5 4bb胚盤胞移植しました。 これは、陽性と思って良いのでしょうか？ 判定日は2/7です。,0,0
2646,2026/2/2 19:44,恋愛相談、人間関係の悩み,cb76ee9ae,9時間30分,4,27,6.8,0,6,0.047,14.81,0.0,0.71,あと3日,https://detail.chiebukuro.yahoo.co.jp/qa/question_detail/q14324941169,いざ結婚するかとなった時、例えば働き方やお金の考え方などで、そこが合わないなら別れる、と判断するのって、その程度なのかな？って思いませんか？ ○○と結婚したい、というより、条件で選んでいるのということ...,0,0
2647,2026/2/2 19:44,高校受験,1251742043,9時間30分,1,8,8.0,0,0,0.014,12.5,0.0,0.1,あと3日,https://detail.chiebukuro.yahoo.co.jp/qa/question_detail/q10324941170,高校公立入試で地理で気候のことについて聞かれるとき、どのように聞かれることが多いですか？ 気候の勉強をしているときにどこまで細かく覚えるのかわかりません。インドなどそこらへんではステップ気候などが複雑...,0,0
2648,2026/2/2 19:44,生き方、人生相談,1252009529,9時間30分,2,32,16.0,0,0,0.056,6.25,0.01,0.23,あと3日,https://detail.chiebukuro.yahoo.co.jp/qa/question_detail/q12324941167,頭と心が噛み合わなくて辛いです。 旦那と離婚協議中です。 今の職場では収入が足りないため転職をしないといけないのですが、早く転職をしないと！という自分と、いや、まだ心が回復し切ってないからもう少しのん...,0,0
2649,2026/2/2 19:44,マインクラフト,ぷらんく,9時間30分,0,6,6.0,0,0,0.011,0.0,0.0,0.01,あと3日,https://detail.chiebukuro.yahoo.co.jp/qa/question_detail/q11324941166,マインクラフトmodマルチに関する質問です 私はフレンドとmodを複数いれてマルチをしているのですが そのうちのフレンドの一人がTACZのテクスチャがバグって使えなくなってしまうという状況になってしま...,0,0
2650,2026/2/2 19:44,家族関係の悩み,ojv********,9時間30分,3,20,6.7,0,0,0.035,15.0,0.0,0.3,あと3日,https://detail.chiebukuro.yahoo.co.jp/qa/question_detail/q10324941165,お母さんのことが嫌いです 長いです。 4歳くらいの頃に母が浮気で離婚し私は父側になりました。母は再婚し、新しい家庭を築きました。ですが父が寛大で会いたい時に会えますしお泊まりとかもさせてもらえて時々会...,0,0
2651,2026/2/2 19:44,動画サービス,a258374ce,9時間30分,0,1,1.0,0,0,0.002,0.0,0.0,0.0,あと3日,https://detail.chiebukuro.yahoo.co.jp/qa/question_detail/q14324941164,ミクチャのなつるなさんが凄く好きだったの思いだしてナツメさんのアカウントはわかるけどルナさんは今TikTokとかSNSしてるの知ってる方いますか?もし活動されてたら見たいです,0,0
2652,2026/2/2 19:44,クレジットカード,1052128981,9時間30分,6,162,27.0,0,25,0.284,3.7,0.08,2.12,あと3日,https://detail.chiebukuro.yahoo.co.jp/qa/question_detail/q13324941163,メルカリ事務局からこんなものが来ていてこちらのものは詐欺ですか？匂わせですか？ ログインしたらカード番号入力して送信したんですがぐるぐる回ってて怪しいと思ってやめました。メールを確認したらsoft@m...,0,0
2653,2026/2/2 19:43,ゲーム,1253184761,9時間31分,0,4,4.0,0,0,0.007,0.0,0.0,0.01,あと3日,https://detail.chiebukuro.yahoo.co.jp/qa/question_detail/q11324941161,バウンティラッシュでバンダイナムコで登録しようとしたのですがアップルIDでログインしたら昔やっていたデータが出てきてしまって別の方法でログインしようとしたのですが何度やっても下のような画面が出てきて昔...,0,0
2654,2026/2/2 19:43,大学受験,b5a53d9db,9時間31分,0,10,10.0,0,0,0.017,0.0,0.0,0.02,あと3日,https://detail.chiebukuro.yahoo.co.jp/qa/question_detail/q12324941162,武蔵野大学グローバルコミュニケーション学部のA日程受けるんですが、何割取ったら合格できそうですか,0,0
2655,2026/2/2 19:43,職場の悩み,to7********,9時間31分,4,42,10.5,0,3,0.073,9.52,0.01,0.58,あと3日,https://detail.chiebukuro.yahoo.co.jp/qa/question_detail/q10324941160,出勤前に大便はできますか。 皆さん、朝大便出るのか気になって・・・ ちなみに私は、通勤途中や職場についたときに大便がしたくなります。 家でできたらどんなに楽なのにといつも思います。 職場 トイレ事情,0,0
2656,2026/2/2 19:43,ヘアスタイル,1251714482,9時間32分,2,11,5.5,0,0,0.019,18.18,0.0,0.19,あと3日,https://detail.chiebukuro.yahoo.co.jp/qa/question_detail/q14324941159,大至急 ヘアスタイルについて 私は今タッセルボブ姫カットにワインレッドをしてます。 次のヘアカラーはチェリーピンクかチェリーレッドにしようと思ってます。 パーソナルカラーはイエベ春、ブルベ夏です。 私...,0,0
2657,2026/2/2 19:43,iPhone,木蓮,9時間32分,0,5,5.0,0,0,0.009,0.0,0.0,0.01,あと3日,https://detail.chiebukuro.yahoo.co.jp/qa/question_detail/q13324941158,バージョンアップされたChatGPT冷たくないですか？ 課金も出来ないし,0,0
2659,2026/2/2 19:43,心理学,man********,9時間32分,1,22,22.0,0,0,0.038,4.55,0.01,0.13,不明,https://detail.chiebukuro.yahoo.co.jp/qa/question_detail/q10324941155,IQテストの正解を教えてください。 あるサイトのIQテストで、この問題がどうしてもわかりません。 正解と、理由を説明してください。 私の回答（×印）は間違っています。,0,0
2660,2026/2/2 19:43,ホテル、旅館,b58d2250a,9時間32分,2,87,43.5,0,0,0.152,2.3,0.07,0.33,あと3日,https://detail.chiebukuro.yahoo.co.jp/qa/question_detail/q14324941154,至急 4/17〜4/20の東京・千葉のホテルについて。 4/17〜4/20までライブ(BTSorミセス参戦予定)のため、東京に遠征しようと考えています。 ※まだ当落は出ていないですが、BTSとミセスの...,0,0
2661,2026/2/2 19:43,携帯型ゲーム全般,sfu********,9時間32分,0,20,20.0,0,0,0.035,0.0,0.0,0.03,あと3日,https://detail.chiebukuro.yahoo.co.jp/qa/question_detail/q13324941153,原神についてです。 現状持ってるキャラでパーティーを作ってほしいです。今一発で一番火力が出るのは、召使、シトラリ、藍硯(シロネン)、ベネットのパーティで１５万くらいです。 とりあえずまず、螺旋クリアで...,0,0
2662,2026/2/2 19:43,クラシック,d_s********,9時間32分,3,71,23.7,0,0,0.124,4.23,0.03,0.39,あと3日,https://detail.chiebukuro.yahoo.co.jp/qa/question_detail/q12324941152,モーツァルトのクラリネット五重奏の曲をピアノとB♭クラリネットで演奏したいです。 ピアノとA管クラリネットの楽譜はネットでたくさん売っていますが、B♭管ように書き換えられている楽譜は売ってるところない...,0,0
2663,2026/2/2 19:43,メンズシューズ,b2fe3f1da,9時間32分,1,14,14.0,0,0,0.024,7.14,0.0,0.11,あと3日,https://detail.chiebukuro.yahoo.co.jp/qa/question_detail/q14324941149,airmax95のサイズで悩んでます。 普段aj1ではgsの24.5を履いてます。 エリックコストンのairmaxが欲しいのですが、何cmが良いのでしょうか?? どなたかご教授下さい(( _ _ )),0,0
2664,2026/2/2 19:43,恋愛相談、人間関係の悩み,data********,9時間32分,4,39,9.8,0,2,0.068,10.26,0.01,0.52,あと3日,https://detail.chiebukuro.yahoo.co.jp/qa/question_detail/q13324941148,元カノが別れて3週間で新しい彼氏作ってたらどう思いますか？,0,0
2665,2026/2/2 19:43,アルバイト、フリーター,1253203493,9時間32分,4,39,9.8,0,0,0.068,10.26,0.01,0.42,あと3日,https://detail.chiebukuro.yahoo.co.jp/qa/question_detail/q12324941147,緊急です！！！私は最近バイト辞めた高校生なのですがそのバイトはすごく嫌な感じでやめてしまいました。 なので直接返しに行くのが気まずいですしお局に嫌味を言われそうで怖いので郵送しようと思っています、、で...,0,0
2666,2026/2/2 19:43,テニス,内緒,9時間32分,2,62,31.0,0,2,0.108,3.23,0.03,0.39,あと3日,https://detail.chiebukuro.yahoo.co.jp/qa/question_detail/q11324941146,30代女性です。 趣味でテニススクールに 通っています。 クラスは今のところ 中級クラスです。 レッスンは週3ほどで受けていて、 イベントにもよく参加しています。 推しのコーチがいるのですが、 そのコ...,0,0
2667,2026/2/2 19:43,日本史,afaf1c99f,9時間32分,2,20,10.0,0,0,0.035,10.0,0.0,0.21,あと3日,https://detail.chiebukuro.yahoo.co.jp/qa/question_detail/q10324941145,新選組近藤は 借金しまくって踏み倒し倒している 討幕派もしている おなじぐらいしてるのでしょうか どうなのでショウカ,0,0
2668,2026/2/2 19:43,ゲームセンター,c7b9de517,9時間32分,1,5,5.0,0,0,0.009,20.0,0.0,0.1,あと3日,https://detail.chiebukuro.yahoo.co.jp/qa/question_detail/q14324941144,イニシャルDのアーケードについて 性別変更はできますか？,0,0
2669,2026/2/2 19:43,スマホアプリ,クラゴン,9時間32分,0,5,5.0,0,0,0.009,0.0,0.0,0.01,あと3日,https://detail.chiebukuro.yahoo.co.jp/qa/question_detail/q13324941143,DOCOMOのアプリのダウンロードなどの自分のPINコードを忘れてしまったんですがどうやって自分のPINコードを確認することができますか？,0,0
2670,2026/2/2 19:43,高校野球,理系,9時間32分,3,16,5.3,0,0,0.028,18.75,0.0,0.29,あと3日,https://detail.chiebukuro.yahoo.co.jp/qa/question_detail/q12324941142,2009年の県岐阜商と2025年の県岐阜商であればどちらの方が強いと思いますか？教えてください。,0,0
2671,2026/2/2 19:43,賃貸物件,north,9時間32分,2,37,18.5,0,0,0.065,5.41,0.01,0.24,あと3日,https://detail.chiebukuro.yahoo.co.jp/qa/question_detail/q11324941141,マンションの退去について詳しい方にお聞きしたいです 私が転居してくる前、以前に住まわれていた方のダイニングテーブルや椅子、ボロいエアコンが置いてありました。 不動産屋にいるのでしたら置いときますがどう...,0,0
2672,2026/2/2 19:43,職場の悩み,********,9時間32分,2,33,16.5,0,1,0.058,6.06,0.01,0.28,あと3日,https://detail.chiebukuro.yahoo.co.jp/qa/question_detail/q14324941139,正社員でフルタイムですが、家庭の事情により、周りより30分程度早く出勤し、30分早く終業する勤務体系です。 しかし 定時直前、定時後にドサッとファイルを渡されて「確認お願い」と仕事を振られることが最近...,0,0
2673,2026/2/2 19:43,ポケットモンスター,匿名,9時間33分,0,8,8.0,0,0,0.014,0.0,0.0,0.01,あと3日,https://detail.chiebukuro.yahoo.co.jp/qa/question_detail/q10324941140,ポケモンセンターオンラインでSwitch2本体とZAセットの２回目のキャンセル枠の抽選をしていて、ZAセットの抽選に当たったのですが、倍率はどれくらいだったと思いますか？ 調べてもあんまり出てこないの...,0,0
2674,2026/2/2 19:43,高校受験,c66e65eda,9時間33分,2,22,11.0,0,2,0.038,9.09,0.0,0.32,あと3日,https://detail.chiebukuro.yahoo.co.jp/qa/question_detail/q13324941138,今年神奈川県の百合丘高校というところを受けようと思っているのですが、英語が基本レベルしか出来ず、どんなに勉強しても公立高校の過去問レベルをやってみたら、20から30点ほどしか取れませんでした。 もし、...,0,0
2675,2026/2/2 19:43,カラオケ,1052783305,9時間33分,1,10,10.0,0,0,0.017,10.0,0.0,0.1,あと3日,https://detail.chiebukuro.yahoo.co.jp/qa/question_detail/q12324941137,家では最高音がB4くらいの曲まで楽に歌えるのにカラオケに来ると無意識のうちに緊張して小さな恋の歌すら満足に歌えません。何か対処法はありますか？,0,0
2676,2026/2/2 19:43,アニメ,匿名,9時間33分,0,12,12.0,0,0,0.021,0.0,0.0,0.02,あと3日,https://detail.chiebukuro.yahoo.co.jp/qa/question_detail/q11324941136,ディズニーチャンネルで昔やってたCMくらいの長さのアニメを探してます。 長方形の箱みたいなのに足と顔がついてるやつが歌ってました。全部英語です。 いくつか種類があった気もします。 どなたか分かりません...,0,0
2677,2026/2/2 19:43,大学受験,imon.123,9時間33分,1,345,345.0,1,1,0.602,0.29,2.08,0.91,あと3日,https://detail.chiebukuro.yahoo.co.jp/qa/question_detail/q10324941135,今日の武蔵大学の全学部の解答速報っていつか出ますか？,0,0
2678,2026/2/2 19:43,イヌ,mk,9時間33分,3,14,4.7,0,0,0.024,21.43,0.0,0.29,あと3日,https://detail.chiebukuro.yahoo.co.jp/qa/question_detail/q14324941134,ちっちゃい可愛いトイプードルの動画とかを見ると可愛すぎてからか、涙出ちゃう時あるんですけどなんでですかね,0,0
2679,2026/2/2 19:43,携帯電話キャリア,りょう,9時間33分,1,17,17.0,0,0,0.03,5.88,0.01,0.12,あと3日,https://detail.chiebukuro.yahoo.co.jp/qa/question_detail/q13324941133,携帯の買取したくて、どうしたらいいのか分かりません。携帯番号は解約済みです。簡単に教えてくださると嬉しいです。,0,0
2680,2026/2/2 19:43,職場の悩み,hoi********,9時間33分,2,15,7.5,0,0,0.026,13.33,0.0,0.2,あと3日,https://detail.chiebukuro.yahoo.co.jp/qa/question_detail/q12324941132,中卒で現場職の社長は酒の席で「学歴なんか関係無い」っていつも言います！言いたい事は分かるのですが聞いてる方は疲れます！どうにかなりませんか？,0,0
2681,2026/2/2 19:43,友人関係の悩み,2974bwpj,9時間33分,1,34,34.0,0,0,0.059,2.94,0.02,0.15,あと3日,https://detail.chiebukuro.yahoo.co.jp/qa/question_detail/q11324941131,男性に質問です 彼女いるのに、女友達とすごい距離近い人はどういう神経してるんですか？例えば、話している時に顔と顔の距離が近かったり、手触ったり、腕触ったり。好意で触ると言うよりは、呼ぶ時に触ったり、机...,0,0
2682,2026/2/2 19:43,スキンケア,aa827f808,9時間33分,0,7,7.0,0,0,0.012,0.0,0.0,0.01,あと3日,https://detail.chiebukuro.yahoo.co.jp/qa/question_detail/q10324941130,乾燥さんの薬用ブライトニングエッセンスとイニスフリーのレチノールPDRNアドバンスドセラムを併用しても大丈夫ですか？ ちなみに乾燥肌で化粧水とクリームはキュレルを使ってます。,0,0
2683,2026/2/2 19:43,鳥類,siu********,9時間33分,0,12,12.0,0,0,0.021,0.0,0.0,0.02,あと3日,https://detail.chiebukuro.yahoo.co.jp/qa/question_detail/q14324941129,この羽の鳥、分かりますか？ 夏ころ、河原近くで拾いました。,0,0
2684,2026/2/2 19:42,政治、社会問題,blo********,9時間34分,5,92,18.4,2,19,0.16,5.43,0.03,1.93,あと3日,https://detail.chiebukuro.yahoo.co.jp/qa/question_detail/q13324941128,高市早苗 ですか？,0,0
2685,2026/2/2 19:42,お酒、ドリンク,ta********,9時間34分,1,23,23.0,0,0,0.04,4.35,0.01,0.13,あと3日,https://detail.chiebukuro.yahoo.co.jp/qa/question_detail/q12324941127,フグの「ひれ酒」を呑み屋さんで頼むと、火をつけてアルコールを飛ばすことか多いのはなぜ？ お酒が好きな人なら、わざわざ火をつけてアルコール度数を下げる必要はないと思うのだけど…,0,0
2686,2026/2/2 19:42,家族関係の悩み,ae3ad6228,9時間34分,5,46,9.2,0,1,0.08,10.87,0.01,0.57,あと3日,https://detail.chiebukuro.yahoo.co.jp/qa/question_detail/q11324941126,今年の春から1K6畳で一人暮らしです。 一人暮らし経験のない親に狭い中で頑張んなきゃいけないんだよ6畳より狭い家で頑張ってる人もいるんだよと言われてものすごくムカついてます。何が言いたいのかは分かりま...,0,0
2687,2026/2/2 19:42,映画,Yn39,9時間34分,3,48,16.0,0,0,0.083,6.25,0.01,0.34,あと3日,https://detail.chiebukuro.yahoo.co.jp/qa/question_detail/q10324941125,ガンダム閃光のハサウェイは親と観に行くと気まづいシーンありますか？ また私は19歳女でガンダム全くの初見でロボットアニメなのかなくらいの知識です。映画の感想や評価も全く知らないです。ですが予告でヒュー...,0,0
2688,2026/2/2 19:42,釣り,自称釣り馬鹿チヌ男,9時間34分,3,30,10.0,0,1,0.052,10.0,0.01,0.36,あと3日,https://detail.chiebukuro.yahoo.co.jp/qa/question_detail/q14324941124,道糸用のフロロカーボンラインを探しています。柔らかくて糸癖が取れやすいラインでおすすめはありますか？ メインは「PEライン」で中ハリスとして使います。 友人からダイワの「ギガフロン」を教えてもらいまし...,0,0
2689,2026/2/2 19:42,ゲーム,南田 真冬,9時間35分,1,3,3.0,0,1,0.005,33.33,0.0,0.14,あと3日,https://detail.chiebukuro.yahoo.co.jp/qa/question_detail/q13324941123,ブースでフリーレンのアバター販売が多数されてるのですが、これって版権的にはゴリゴリアウトですかね？ちょっと気になり質問しました！ 勿論、VRCで見かけたのもあります！,0,0
2690,2026/2/2 19:42,パソコン,c 32146dfv31789,9時間35分,4,15,3.8,0,0,0.026,26.67,0.0,0.37,あと3日,https://detail.chiebukuro.yahoo.co.jp/qa/question_detail/q12324941122,V-Colorのメモリは買っても大丈なんでしょうか？ 買おうと思っているものは以下のものです。 https://www.pc-koubou.jp/products/detail.php?product...,0,0
2691,2026/2/2 19:42,サッカー,tot********,9時間35分,0,6,6.0,0,0,0.01,0.0,0.0,0.01,あと3日,https://detail.chiebukuro.yahoo.co.jp/qa/question_detail/q11324941121,キーパーグローブについて。 東京近辺で1番キーパーグローブが揃っているお店はどこでしょうか？試着してサイズを見たいので、色々なメーカーが置いてある店が知りたいです。 アディダスやプーマなどメジャーなメ...,0,0
2692,2026/2/2 19:42,アニメ、コミック,匿名,9時間35分,0,12,12.0,0,0,0.021,0.0,0.0,0.02,あと3日,https://detail.chiebukuro.yahoo.co.jp/qa/question_detail/q10324941120,学マスのファンアートです 佑芽が広に背後から掴まれて「次やったらこれだからね？」されてるイラストを前にXで見かけた気がするのですが…分かれば教えてください,0,0
2693,2026/2/2 19:42,職場の悩み,コアラ,9時間35分,0,11,11.0,0,0,0.019,0.0,0.0,0.02,あと3日,https://detail.chiebukuro.yahoo.co.jp/qa/question_detail/q14324941119,これって上司すきになりますか？休んだら、大丈夫だった？ときいてきたり 最近元気ないと話したら、みんなにだけど お菓子買ってきてくれたり わがままを聞いてくれたり、ですかね まあ職場だし普通ですかね,0,0
2694,2026/2/2 19:42,数学,なる,9時間35分,5,43,8.6,0,4,0.075,11.63,0.01,0.72,あと3日,https://detail.chiebukuro.yahoo.co.jp/qa/question_detail/q13324941118,解の公式とたすき掛けの答えは必ず同じですか？ 数学の先生が「できる人はたすき掛け、難しい人は解の公式でもいい」とおっしゃっていました。私はテストで解の公式を使おうと思っていますがバツになることはありま...,0,0
2695,2026/2/2 19:42,電子マネー、電子決済,nan********,9時間35分,2,16,8.0,0,4,0.028,12.5,0.0,0.41,あと3日,https://detail.chiebukuro.yahoo.co.jp/qa/question_detail/q12324941117,『iD決済』を使う場合はスマホにロックを掛ける設定をしておかないと使えないようなのですが、買い物をする時にレジの端末にスマホをタッチする時にもロックを解除しないと支払いが出来ないのでしょうか？ そうで...,0,0
2696,2026/2/2 19:42,YouTube,1153139898,9時間35分,0,9,9.0,0,0,0.016,0.0,0.0,0.02,あと3日,https://detail.chiebukuro.yahoo.co.jp/qa/question_detail/q11324941116,ゲーム実況者の牛沢さんの笑い方はどのようにして出すのでしょうか？ 出してみたいです。,0,0
2697,2026/2/2 19:42,アニメ,よっしー,9時間35分,0,4,4.0,0,0,0.007,0.0,0.0,0.01,あと3日,https://detail.chiebukuro.yahoo.co.jp/qa/question_detail/q10324941115,たんプリのキュアエクレールについてです。 YouTubeでジュエルキュアウォッチ、 プリキットミラールーペの 音声（キュアエクレール）を聞いていると、 ぼっちざろっくの喜多郁代を演じている 長谷川育美...,0,0
2698,2026/2/2 19:42,家族関係の悩み,kop********,9時間35分,2,21,10.5,0,1,0.036,9.52,0.0,0.26,あと3日,https://detail.chiebukuro.yahoo.co.jp/qa/question_detail/q13324941113,父が車を手放してくれません。 父は昨年手の施しようがない病気にかかり、仕事もできる体力もなくなった為自営業だった会社を畳んだのですが……車を手放してくれないです。 私と父は別居している事もあり、私自身...,0,0
2699,2026/2/2 19:42,ヘアケア,xiu********,9時間35分,1,7,7.0,0,0,0.012,14.29,0.0,0.1,あと3日,https://detail.chiebukuro.yahoo.co.jp/qa/question_detail/q11324941111,ヘアカラーについての質問です、昔1ブリーチしてピンク色を入れたのですが、地毛が伸びてきたのでリタッチして新しくカラーを入れる事を検討しています。 この場合前の色がカラーシャンプーなどで残ってる場合全頭...,0,0
2700,2026/2/2 19:42,経済、景気,Palmavenue2224,9時間35分,5,31,6.2,1,13,0.054,16.13,0.0,1.34,あと3日,https://detail.chiebukuro.yahoo.co.jp/qa/question_detail/q10324941110,選挙後に更なる円安。物価高は止まらず、日本国債が不安定で恐慌は来ますか。,0,0
2701,2026/2/2 19:42,格安スマホ,1253343116,9時間35分,0,2,2.0,0,0,0.003,0.0,0.0,0.0,あと3日,https://detail.chiebukuro.yahoo.co.jp/qa/question_detail/q14324941109,スマホでy!メール使ってるんですが、急にメールが表示されなくなりました。昔のメールは表示されるんですが、受信箱を開いたらずっとクルクルしたりします。改善方法はありますか,0,0
2702,2026/2/2 19:42,福祉、介護,xz********,9時間35分,5,18,3.6,0,0,0.031,27.78,0.0,0.46,あと3日,https://detail.chiebukuro.yahoo.co.jp/qa/question_detail/q12324941107,衆議院選挙ですが行きました？ 投票はまだですか？,0,0
2703,2026/2/2 19:42,携帯型ゲーム全般,picopon,9時間35分,1,43,43.0,0,3,0.075,2.33,0.03,0.32,あと3日,https://detail.chiebukuro.yahoo.co.jp/qa/question_detail/q13324941108,あんスタに関する質問です。友人がALKALOIDを推しています。トランプのスートの形のクッキー型を手に入れたので、バレンタインの贈り物に、クッキーを焼いて渡してあげたいと思うのです。 しかし、アイシン...,0,0
2704,2026/2/2 19:42,小学校,c8fba25c0,9時間35分,8,23,2.9,0,8,0.04,34.78,0.0,1.15,あと3日,https://detail.chiebukuro.yahoo.co.jp/qa/question_detail/q11324941106,小学校の卒業式で袴はありでしょうか？,0,0
2705,2026/2/2 19:42,恋愛相談、人間関係の悩み,a169ca99f,9時間36分,0,10,10.0,0,0,0.017,0.0,0.0,0.02,あと3日,https://detail.chiebukuro.yahoo.co.jp/qa/question_detail/q10324941105,この男女2人どっちが顔面偏差値高いですか？,0,0
2706,2026/2/2 19:42,インフルエンザ,walkwalk,9時間36分,6,150,25.0,0,13,0.26,4.0,0.07,1.46,あと3日,https://detail.chiebukuro.yahoo.co.jp/qa/question_detail/q12324941102,小学6年の息子がインフルエンザBになり、今週いっぱい学校休まなければなりません。 今日病院へいき、インフルエンザの薬を処方してもらいました。 夕方まではしんどくなさそうでしが、今はしんどいみたいで、カ...,0,0
2707,2026/2/2 19:42,コスプレ,匿名,9時間36分,0,7,7.0,0,0,0.012,0.0,0.0,0.01,あと3日,https://detail.chiebukuro.yahoo.co.jp/qa/question_detail/q11324941101,AnimeJapanにてコスプレしたいと考えています。 初めてなので、コスプレイヤーズワールドの雰囲気などを教えていただきたいです。また、気をつけておいた方が良い点などございましたらお願いいたします。...,0,0
2708,2026/2/2 19:42,サッカー,cf1d6e018,9時間36分,0,29,29.0,0,0,0.05,0.0,0.0,0.05,あと3日,https://detail.chiebukuro.yahoo.co.jp/qa/question_detail/q10324941100,高校サッカーについての質問なのですが、米子北高等学校のレベルはどれほどのものなのでしょうか？ たびたびプレミアで戦っていますが、定着は難しいという状況です。 個人的にはプリンスリーグ1部の強豪（桐生第...,0,0
2709,2026/2/2 19:42,ゲーム,ななし,9時間36分,2,11,5.5,0,1,0.019,18.18,0.0,0.24,あと3日,https://detail.chiebukuro.yahoo.co.jp/qa/question_detail/q14324941099,エンドフィールドの広告でガチャが百何十連無料ってあったんですけど、事前登録していたのにそんなものがどこにも見当たらないのですが…… これは特定のストーリーまで進めないと貰えない感じですか？それとも、こ...,0,0
2710,2026/2/2 19:42,超常現象、オカルト,もち米,9時間36分,4,23,5.8,0,0,0.04,17.39,0.0,0.39,あと3日,https://detail.chiebukuro.yahoo.co.jp/qa/question_detail/q12324941097,皆さん幽霊を信じてますか？もし信じてる方、なぜ信じてるのか教えてください！,0,0
2711,2026/2/2 19:42,日本映画,c3378f907,9時間36分,0,6,6.0,0,0,0.01,0.0,0.0,0.01,あと3日,https://detail.chiebukuro.yahoo.co.jp/qa/question_detail/q11324941096,超かぐや姫のかぐやの人格についてなのですがまず最後ライブをするシーンでかぐやは8000年ぶりヤチヨ1週間ぶりと言っている時点でかぐやとヤチヨは別人格だと考えているのですがこれだとなぜかぐやは8000年...,0,0
2712,2026/2/2 19:42,外国為替、FX,1153006371,9時間36分,1,10,10.0,0,0,0.017,10.0,0.0,0.1,あと3日,https://detail.chiebukuro.yahoo.co.jp/qa/question_detail/q10324941095,至急です！MT5対応のおすすめ業者教えてください！ 初心者なのでできれば国内がいいかなと思っているのですが、個人的にはXMを使いたいなと思っています。 XMのマイクロ口座から始めるか、国内のOANDA...,0,0
2713,2026/2/2 19:42,レディース全般,非公開,9時間36分,2,35,17.5,0,0,0.061,5.71,0.01,0.23,あと3日,https://detail.chiebukuro.yahoo.co.jp/qa/question_detail/q14324941094,私は中学生女子で下着は全てユニクロのスポブラでほとんど3年ほど使用しています。 最近下着のせいで胸が痒くなったりブラジャーがダルダルに緩く機能していなかったりがあるため、母に普通のやつを買いたいとねだ...,0,0
2714,2026/2/2 19:42,ドラマ,Alex,9時間36分,5,65,13.0,0,0,0.113,7.69,0.01,0.55,あと3日,https://detail.chiebukuro.yahoo.co.jp/qa/question_detail/q13324941093,NHKの大河ドラマ また似たようなことばかりしてる… 例えば… 今やっている豊臣兄弟。 何年か前にどうする？家康ってものにも出てきた武将です。 作る方もそれを見る方も何を考えているのでしょうか？ とて...,0,0
2715,2026/2/2 19:42,イベント、フェス,b78fc84d,9時間36分,1,110,110.0,0,0,0.191,0.91,0.21,0.28,あと3日,https://detail.chiebukuro.yahoo.co.jp/qa/question_detail/q12324941092,サマソニについて質問です。 出演アーティスト第一弾が発表されましたがどうしてもストロークスに行きたいです。1Dayチケットがいいのですが、でもまだ出演の日付が分かるの先ですよね？どうすればいいのでしょ...,0,0
2716,2026/2/2 19:42,新築一戸建て,stn********,9時間36分,3,34,11.3,0,0,0.059,8.82,0.01,0.32,あと3日,https://detail.chiebukuro.yahoo.co.jp/qa/question_detail/q10324941090,家の外観について４択から選んでください！ ベランダ部分の茶色は、木のルーバーです。 「右上」というような感じで答えてくださると幸いです。,0,0
2717,2026/2/2 19:42,スマホアプリ,1053104215,9時間36分,2,59,29.5,0,0,0.102,3.39,0.03,0.28,あと3日,https://detail.chiebukuro.yahoo.co.jp/qa/question_detail/q14324941089,にゃんこ大戦争についての質問です。 最近始めたばかりの初心者なのですが、鬼滅の確定ガチャまで待つか、現在開催中の超猫祭で限定含め数多くの超激を狙うのは、どっちがいいと思いますか？,0,0
2718,2026/2/2 19:42,Android,ID,9時間36分,0,1,1.0,0,0,0.002,0.0,0.0,0.0,あと3日,https://detail.chiebukuro.yahoo.co.jp/qa/question_detail/q11324941086,GalaxySシリーズUltra系をお持ちの方、魅力を語って欲しいです,0,0
2719,2026/2/2 19:42,大学受験,e,9時間37分,3,31,10.3,0,0,0.054,9.68,0.01,0.31,あと3日,https://detail.chiebukuro.yahoo.co.jp/qa/question_detail/q10324941085,国公立大学の2次試験の英語について 神戸市外国語大学志望です。 英語の時間がカツカツです。 今は、長文2題を各35分ずつ、英作文+和文英訳2題を20分の計90分で回してますが和文英訳をやる頃には、もう...,0,0
2720,2026/2/2 19:41,手芸,Ramu,9時間38分,1,17,17.0,0,0,0.029,5.88,0.0,0.12,あと3日,https://detail.chiebukuro.yahoo.co.jp/qa/question_detail/q14324941084,大至急 ジェルネイルの硬化に使うuvライトは電子機器に当てても大丈夫ですか？ 今持っているドクターベイプをiQOSデコのようにデコしたいのですが、ケースがないので本体にデコしようと思ってます 今はシー...,0,0
2721,2026/2/2 19:41,レディース全般,非公開,9時間38分,0,8,8.0,0,0,0.014,0.0,0.0,0.01,あと3日,https://detail.chiebukuro.yahoo.co.jp/qa/question_detail/q13324941083,【至急です】ムートンブーツについてです。GUのムートンブーツ、3cmのソールの高さなのですが、そのくらいの高さで、キャメルのような色があるブランドありませんか？ 高校生でも買える値段で、店舗があるお店...,0,0
2722,2026/2/2 19:41,話題の人物,1149782964,9時間38分,1,9,9.0,0,0,0.016,11.11,0.0,0.1,あと3日,https://detail.chiebukuro.yahoo.co.jp/qa/question_detail/q12324941082,筑波大の落合陽一とゾゾゾの落合陽平は兄弟？,0,0
2723,2026/2/2 19:41,学校の悩み,1053038305,9時間38分,0,6,6.0,0,0,0.01,0.0,0.0,0.01,あと3日,https://detail.chiebukuro.yahoo.co.jp/qa/question_detail/q11324941081,日本外国語専門学校に通う方に学校の評価を伺いたいです。ちなみに国際エアライン科に進学します。あと3月のクラス編成テストはどんな感じですか？,0,0
2724,2026/2/2 19:41,大学受験,匿名,9時間38分,1,6,6.0,0,0,0.01,16.67,0.0,0.1,あと3日,https://detail.chiebukuro.yahoo.co.jp/qa/question_detail/q10324941080,今年から受験の採点デジタルになるらしいですが癖字って今からでも改善しとかないと正解でも誤答になっちゃったりしますか？？,0,0
2725,2026/2/2 19:41,恋愛相談、人間関係の悩み,ID 非公開,9時間38分,2,17,8.5,0,0,0.029,11.76,0.0,0.2,不明,https://detail.chiebukuro.yahoo.co.jp/qa/question_detail/q14324941079,以下で人間が一番達成困難なのはどれだと思いますか？ 僕は（3）だと思います。1と2は努力次第で何とかなるけど3はどうにもならない （1）五輪3大会連続出場（メダル獲得あり） （2）YouTubeチャン...,0,0
2726,2026/2/2 19:41,数学,1252862267,9時間38分,1,14,14.0,0,0,0.024,7.14,0.0,0.11,あと3日,https://detail.chiebukuro.yahoo.co.jp/qa/question_detail/q13324941078,なぜわざわざ二重根号にしているのですか？8分の4+2ルート3を約分してマイナスをつけるのでさいけないのでしょうか？,0,0
2727,2026/2/2 19:41,コンビニ,Na7,9時間38分,1,27,27.0,0,3,0.047,3.7,0.01,0.29,あと3日,https://detail.chiebukuro.yahoo.co.jp/qa/question_detail/q12324941077,【コンビニ払込票の金額欄が一桁ズレている件について】 コンビニ払込用紙の金額欄の数字の印字が左に一桁ずつズレており、例えば、正式な支払金額が1万円の場合、「十万の位の枠に数字の1が印字」されており、「...,0,0
2728,2026/2/2 19:41,ゲーム,翔平0518,9時間38分,0,10,10.0,0,0,0.017,0.0,0.0,0.02,あと3日,https://detail.chiebukuro.yahoo.co.jp/qa/question_detail/q11324941076,アサシンクリードシャドウズは設定が神だったらもっと人気出ましたよね？,0,0
2729,2026/2/2 19:41,Android,tk_********,9時間38分,2,14,7.0,0,0,0.024,14.29,0.0,0.2,あと3日,https://detail.chiebukuro.yahoo.co.jp/qa/question_detail/q10324941075,Androidの端末が沢山あります。3in1 USB-Aのケーブルを買いました。このタイプのケーブルをタコ足配線したいのですが、良い製品がありましたら教えて下さい。宜しくお願い致します。,0,0
2730,2026/2/2 19:41,マインクラフト,1153214103,9時間38分,2,54,27.0,0,0,0.093,3.7,0.03,0.27,不明,https://detail.chiebukuro.yahoo.co.jp/qa/question_detail/q14324941074,マイクラのハードコアについて質問です。 友達とハードコアをしていますが、序盤の洞窟探検で鉄などを取る前に死んでしまいます。洞窟探検のコツや食料や施設などのアドバイス等教えてもらえないでしょうか？,0,0
2731,2026/2/2 19:41,恋愛相談、人間関係の悩み,1150874144,9時間38分,2,10,5.0,0,0,0.017,20.0,0.0,0.19,あと3日,https://detail.chiebukuro.yahoo.co.jp/qa/question_detail/q13324941073,私が重く受け止めすぎてるかどうか教えて欲しいです。以前一定期間男女の関係を持った女性がいるのですが、その子から以前集まっていたメンバーで飲みに行こうとグループラインでお誘いがありました。 最初は7〜８...,0,0
2733,2026/2/2 19:41,交通、運転マナー,紀伊半島在住のさな,9時間38分,3,69,23.0,0,3,0.119,4.35,0.03,0.53,あと3日,https://detail.chiebukuro.yahoo.co.jp/qa/question_detail/q11324941071,"追いつかれた車両の義務違反で制限速度未満だと譲らないと違反ですが(道路交通法上では制限速度を超える車に譲る""義務は法律上""ない)それは後続車から見た速度ですか？ 50km制限で30km/hとか40くら...",0,0
2734,2026/2/2 19:41,飛行機、空港,c8c483901,9時間38分,1,26,26.0,0,0,0.045,3.85,0.01,0.13,あと3日,https://detail.chiebukuro.yahoo.co.jp/qa/question_detail/q10324941070,スカイマークのu25を使用したことがある方に質問です。 年齢確認方法の流れなど詳しく知りたいです。 最近は機械で自分でチェックインが主流だと思いますが、u25はどのようなタイミングで年齢確認しますか？...,0,0
2735,2026/2/2 19:41,中学校,みかんじゅす,9時間39分,0,22,22.0,0,0,0.038,0.0,0.0,0.04,あと3日,https://detail.chiebukuro.yahoo.co.jp/qa/question_detail/q14324941069,超超超至急でお願いします!!!! 特に中学生! 『常用漢字クリア』が手元にある方、 第十四回、つまり31、32ページを写真で送っれくれますか...!!? すみません...！ありがとうございます！,0,0
2736,2026/2/2 19:41,Instagram,1152072558,9時間39分,1,4,4.0,0,0,0.007,25.0,0.0,0.09,あと3日,https://detail.chiebukuro.yahoo.co.jp/qa/question_detail/q13324941068,Instagramって過去に投稿したものに写真追加とか出来るかな？,0,0
2737,2026/2/2 19:41,ゲーム,a57af5484,9時間39分,0,4,4.0,0,0,0.007,0.0,0.0,0.01,あと3日,https://detail.chiebukuro.yahoo.co.jp/qa/question_detail/q12324941067,勉強のお供として、「Chill with You : Lo-Fi Story」と「gogh」、どちらを買うか悩んでいます。 チルウィズユーは作業することで新しい会話が出るのがやる気が出そうだしサトネち...,0,0
2738,2026/2/2 19:41,ゲーム,ca9bbdd4d,9時間39分,0,4,4.0,0,0,0.007,0.0,0.0,0.01,あと3日,https://detail.chiebukuro.yahoo.co.jp/qa/question_detail/q11324941066,第5人格でおすすめのサバイバー教えてください。 チェイスが本当に苦手で60秒もチェイスを続けることができません。 いつもは弁護士を使ってハンターから距離を取っているのですが、手がかりがたまったのでなに...,0,0
2739,2026/2/2 19:41,カラオケ,フライゴン,9時間39分,2,12,6.0,0,0,0.021,16.67,0.0,0.19,あと3日,https://detail.chiebukuro.yahoo.co.jp/qa/question_detail/q10324941065,キーをいくつか上げてオク下で歌うことは、何のためにありますか？,0,0
2740,2026/2/2 19:41,郵便、宅配,hag********,9時間39分,2,22,11.0,0,0,0.038,9.09,0.0,0.21,あと3日,https://detail.chiebukuro.yahoo.co.jp/qa/question_detail/q14324941064,郵政民営化で、あの郵便局は民間になりました。 国鉄民営化で国鉄も民営化になりました。 日本航空も全日空と同じ立ち位置になりました。 でもなぜNHKは民営化されないのですか？ 大切な公共交通機関である国...,0,0
2741,2026/2/2 19:41,就職活動,1151761866,9時間39分,0,4,4.0,0,0,0.007,0.0,0.0,0.01,あと3日,https://detail.chiebukuro.yahoo.co.jp/qa/question_detail/q13324941063,大学3年生です。 今就活をしており、早期選考の書類審査を通過し電話で一次面接の日程を決める際に、 この日はどうかと聞かれ、その日以降ではいつが空いてるかと聞いたのですが、印象は最悪でしょうか。,0,0
2742,2026/2/2 19:41,病気、症状,1151596377,9時間39分,0,8,8.0,0,0,0.014,0.0,0.0,0.01,あと3日,https://detail.chiebukuro.yahoo.co.jp/qa/question_detail/q12324941062,禁煙中の離脱症状について、経験者の方いましたら教えてください。 只今禁煙5日目なのですが、今日の午前中から頭痛が酷いです（ ; ; ） 普通の頭痛って感じではなく、左側の同じ場所が一瞬ズキン！となる感...,0,0
2743,2026/2/2 19:41,高校受験,3.14159265391979,9時間39分,1,19,19.0,0,0,0.033,5.26,0.01,0.12,あと3日,https://detail.chiebukuro.yahoo.co.jp/qa/question_detail/q10324941060,成績オール3でseat-jがB判定なのですが偏差値47程の高校に行くには、本番のテストで一教科何点取れば良いですか？,0,0
2744,2026/2/2 19:41,スマホアプリ,b4d399df1,9時間39分,0,2,2.0,0,0,0.003,0.0,0.0,0.0,あと3日,https://detail.chiebukuro.yahoo.co.jp/qa/question_detail/q11324941061,メディバンペイントの新規登録をしようとしたら下の画像のように表示されるんですが、どういうことですか？ニックネーム・メアド・パスワードをいれたあとです。,0,0
2745,2026/2/2 19:41,家族関係の悩み,GA GA,9時間39分,1,18,18.0,0,0,0.031,5.56,0.01,0.12,あと3日,https://detail.chiebukuro.yahoo.co.jp/qa/question_detail/q13324941058,三つ子の魂百までというのは毒親の家庭で育ったらそのままの性格で100歳まで迎えてしまうのでしょうか？,0,0
2746,2026/2/2 19:41,Android,豊,9時間39分,2,12,6.0,0,0,0.021,16.67,0.0,0.19,あと3日,https://detail.chiebukuro.yahoo.co.jp/qa/question_detail/q12324941057,Android端末を買い替えるのですが、データ移行は市販のタイプC−タイプCのケーブルで2台を接続すれば可能ですか？,0,0
2747,2026/2/2 19:41,高校受験,非公開,9時間39分,1,57,57.0,0,0,0.098,1.75,0.06,0.18,あと3日,https://detail.chiebukuro.yahoo.co.jp/qa/question_detail/q10324941055,栃木県の中学3年の河川敷での暴行問題が出ていていますが、本人はもちろんの事、ここに関わった周りにいる生徒たちは、高校進学できるのでしょうか？ 宇都宮市の滑り止め私立の数は限られていて、同学年となる私の...,0,0
2748,2026/2/2 19:41,アニメ,匿名,9時間39分,1,82,82.0,0,0,0.141,1.22,0.12,0.23,あと3日,https://detail.chiebukuro.yahoo.co.jp/qa/question_detail/q14324941054,ちいかわのモモンガってなんで炎上してるんですか？,0,0
2749,2026/2/2 19:41,テーマパーク,勉強がんばる！,9時間39分,1,17,17.0,0,1,0.029,5.88,0.0,0.17,あと3日,https://detail.chiebukuro.yahoo.co.jp/qa/question_detail/q12324941052,2月の前半の日曜日に泊まりでディズニーランドに行くのですがミニパルの城前DPAを取得するには、何時から並び始めた方が良いでしょうか？,0,0
2750,2026/2/2 19:40,恋愛相談、人間関係の悩み,iolsid,9時間40分,2,51,25.5,1,0,0.088,3.92,0.02,0.43,あと3日,https://detail.chiebukuro.yahoo.co.jp/qa/question_detail/q11324941051,至急お願いします 高校生女です 付き合って1年8ヶ月の彼氏がいました。1月12日の夜にあんまり会えてなく、生理前で喧嘩たくさんしていて私が不安になって感情的になって別れてしまいました。 でも次の日にご...,0,0
2751,2026/2/2 19:40,映画,Yn39,9時間40分,2,47,23.5,0,1,0.081,4.26,0.02,0.3,あと3日,https://detail.chiebukuro.yahoo.co.jp/qa/question_detail/q10324941050,ガンダム閃光のハサウェイは親と観に行くと気まづいシーンありますか？ 私は19歳女でガンダム全くの初見で映画の感想や評価も全く知らないですが予告だけで、ガンダム好きな父親誘って行こうかなと考えていますが...,0,0
2752,2026/2/2 19:40,法律相談,twm********,9時間41分,2,38,19.0,1,5,0.065,5.26,0.01,0.67,あと3日,https://detail.chiebukuro.yahoo.co.jp/qa/question_detail/q14324941049,分譲マンション所有者死亡相続人いない管理費滞納どうしたら？ 所有者がずっと施設に入居していて亡くなり一年半経ち管理費も滞納しております。 相続人もいない、部屋はずっと空き家のままです。 郵便受けは先日...,0,0
2753,2026/2/2 19:40,大学受験,aa488fe3a,9時間41分,0,61,61.0,2,0,0.105,0.0,0.0,0.45,あと3日,https://detail.chiebukuro.yahoo.co.jp/qa/question_detail/q13324941048,福岡大学医学部では、何点くらいが正規合格の目安でしょうか？,0,0
2754,2026/2/2 19:40,職場の悩み,aaaaggg,9時間41分,6,86,14.3,0,4,0.148,6.98,0.02,0.87,あと3日,https://detail.chiebukuro.yahoo.co.jp/qa/question_detail/q12324941047,10代後半です。 絵を活かしたものづくりの仕事をしたいです。 パソコン作業や接客業は苦手です。アナログイラストの方が好きです。 集中力があり、1人で黙々と作業することができます。絵を描いている時は本当...,0,0
2755,2026/2/2 19:40,健康、病気、病院,huj********,9時間41分,1,14,14.0,0,0,0.024,7.14,0.0,0.11,あと3日,https://detail.chiebukuro.yahoo.co.jp/qa/question_detail/q11324941046,カビを生えた食品を食べてしまったのですが、何日間くらい経過をみた方がいいでしょうか。 カビが生えていたのはトマトソースです。 ピザに載せたので450℃で2分間加熱しています。 どのくらいの量食べてしま...,0,0
2756,2026/2/2 19:40,政治、社会問題,jkr********,9時間41分,0,15,15.0,0,0,0.026,0.0,0.0,0.03,あと3日,https://detail.chiebukuro.yahoo.co.jp/qa/question_detail/q14324941044,生きてるのに死んでる日本人は 1億3000万人中、何人くらいいますか？ 将来性なし 資産も大してない 楽しみなし 楽しい友人や自慢できる伴侶恋人なし 喜びや幸福感も低い 仕方なく生きてるだけ そんな人...,0,0
2757,2026/2/2 19:40,職場の悩み,さいとう,9時間41分,3,25,8.3,0,0,0.043,12.0,0.0,0.3,あと3日,https://detail.chiebukuro.yahoo.co.jp/qa/question_detail/q10324941045,就職先でサービス業なのですが店舗の駐車場使う場合は本社部長の許可と駐車場代が必要らしいです。 3月中旬に通勤ルートとか提出するのですが、まだ通勤ルートも送ってない状況で本社に駐車場借りたい旨の連絡する...,0,0
2758,2026/2/2 19:40,健康、病気、病院,tat********,9時間41分,0,9,9.0,0,0,0.015,0.0,0.0,0.02,あと3日,https://detail.chiebukuro.yahoo.co.jp/qa/question_detail/q11324941041,一日中寝てしまいます。 夜勤の仕事をしています。 仕事の日は18時起床、19時出勤、翌5時帰宅、洗濯や入浴を済ませて6時半頃就寝、途中で何度か目が覚めますが少しスマホを弄ったり家事をして二度寝という感...,0,0
2759,2026/2/2 19:40,ゲーム,1152593253,9時間41分,0,14,14.0,0,0,0.024,0.0,0.0,0.02,あと3日,https://detail.chiebukuro.yahoo.co.jp/qa/question_detail/q13324941043,Xについての質問です 昨日仲が良かったネッ友が急にアカウントを消していました。 最近浮上少なかったし、もう1つアカウントを持ってるらしいのでそちらのアカウントだけ使うことにしたんだと思います。 X以外...,0,0
2760,2026/2/2 19:40,職場の悩み,a715f51bb,9時間41分,0,4,4.0,0,0,0.007,0.0,0.0,0.01,あと3日,https://detail.chiebukuro.yahoo.co.jp/qa/question_detail/q10324941040,サロンボードに詳しい方、教えて下さい。 アイサロンで働いています。 スタッフの予約の振り分けはランダムにするため1になっているのですが、明らかに枠の入り方が偏っていておかしい時があります。 証拠はない...,0,0
2761,2026/2/2 19:40,プレイステーション4,dgh********,9時間41分,2,4,2.0,0,0,0.007,50.0,0.0,0.18,あと3日,https://detail.chiebukuro.yahoo.co.jp/qa/question_detail/q14324941039,ps4のフォートナイトを子供がプレイしています。 ボイスチャットのためにbengooのg9000イヤホンマイクを購入したのですが音は聞こえますがこちらの声が向こうに聞こえないそうです。 PlaySta...,0,0
2762,2026/2/2 19:40,スペイン語,B150124123,9時間41分,0,10,10.0,0,0,0.017,0.0,0.0,0.02,あと3日,https://detail.chiebukuro.yahoo.co.jp/qa/question_detail/q12324941037,皆様はどの国のスペイン語圏のアクセントが解り難いですか？ 私がよく見ているのスペイン語の圏の旅行ブログYOUTUBEですが どの国のスペイン語のアクセントが難しいですか？ 内容自体は全然難しくないと思...,0,0
2763,2026/2/2 19:40,バンド,abc7a4859,9時間41分,5,59,11.8,0,5,0.101,8.47,0.01,0.79,あと3日,https://detail.chiebukuro.yahoo.co.jp/qa/question_detail/q13324941038,バンドの問題 高校の軽音部でギターをしています 今のバンドで、ドラムと歌が合ってません。 私がドラムに合わせてしまうと ボーカルだけが浮いてしまいます 私はドラムとボーカルのどちらに合わせるべきですか...,0,0
2764,2026/2/2 19:40,大学受験,1150242954,9時間41分,1,20,20.0,0,0,0.034,5.0,0.01,0.12,あと3日,https://detail.chiebukuro.yahoo.co.jp/qa/question_detail/q11324941036,入試にて国語が始まる前に1時間の休憩時間があるのですが、その間に過去問現代文の演習をするのはアリですか？頭を現代文に慣らしておきたいのですが、やめた方がいいのでしょうか？,0,0
2765,2026/2/2 19:40,iPhone,han********,9時間41分,0,2,2.0,0,0,0.003,0.0,0.0,0.0,あと3日,https://detail.chiebukuro.yahoo.co.jp/qa/question_detail/q10324941035,VoiceOverをオフにしていても、勝手にiphoneが読み上げ始めることがあるのですが、どうしたら完全にオフにできるのでしょうか？,0,0
2766,2026/2/2 19:40,高校受験,ラタタ,9時間41分,0,9,9.0,0,0,0.015,0.0,0.0,0.02,あと3日,https://detail.chiebukuro.yahoo.co.jp/qa/question_detail/q14324941034,富山県の高校で人数が少なくなく、校則も厳しすぎない高校ってどこですか？ また、治安が良くない高校はどこですか？,0,0
2767,2026/2/2 19:40,学校の悩み,c8fba25c0,9時間42分,3,13,4.3,0,0,0.022,23.08,0.0,0.28,あと3日,https://detail.chiebukuro.yahoo.co.jp/qa/question_detail/q11324941031,至急 修学旅行でお風呂に持って行く下着類は百均のバックに入れますが校則違反とかにならないか不安です。百均の無地のカバンです。百均のバックで十分ですか？,0,0
2768,2026/2/2 19:40,コンタクトレンズ、視力矯正,s1_s2,9時間42分,1,17,17.0,0,0,0.029,5.88,0.0,0.11,あと3日,https://detail.chiebukuro.yahoo.co.jp/qa/question_detail/q10324941030,至急です！ カラコンを初挑戦しようと思っているのですが、今使っている普通のソフトコンタクトのBCが9.0で、調べてみると±2までは大丈夫と書いていて、 オーレンズの裸眼に近い大きさのを付けたいのですが...,0,0
2769,2026/2/2 19:40,メルカリ,801号室,9時間42分,2,31,15.5,0,4,0.053,6.45,0.01,0.43,不明,https://detail.chiebukuro.yahoo.co.jp/qa/question_detail/q13324941028,メルカリで自分の口座がない場合、売れたお金はメルカリ内でしか使えないのですか？,0,0
2770,2026/2/2 19:40,アニメ,1052354239,9時間42分,0,11,11.0,0,0,0.019,0.0,0.0,0.02,あと3日,https://detail.chiebukuro.yahoo.co.jp/qa/question_detail/q12324941027,渋谷TSUTAYAから写真のような超かぐや姫のタペストリーが販売されるとお知らせがありました。このTSUTAYAで販売されるグッズは今後アニメイト通販で販売されることはあるのでしょうか。,0,0
2771,2026/2/2 19:40,アニメ、コミック,まさかず@ぽっちゃりこそ至高！,9時間42分,2,13,6.5,0,0,0.022,15.38,0.0,0.19,あと3日,https://detail.chiebukuro.yahoo.co.jp/qa/question_detail/q11324941026,マグナスといえば？,0,0
2772,2026/2/2 19:40,香水,1053004960,9時間42分,1,7,7.0,0,0,0.012,14.29,0.0,0.1,あと3日,https://detail.chiebukuro.yahoo.co.jp/qa/question_detail/q10324941025,通る度に匂いがふあんってくるようなものないですか？！ できればお風呂上がりみたいな感じか、それか男ウケいいもので！！ ヘアケア系のやつとかボディミストとか色々教えてください！ ハンドクリーム以外で.....,0,0
2773,2026/2/2 19:40,釣り,bla********,9時間42分,0,14,14.0,0,0,0.024,0.0,0.0,0.02,あと3日,https://detail.chiebukuro.yahoo.co.jp/qa/question_detail/q14324941024,ハートランド ７２２ＬＲＳ－２１ ハートランド ７２２ＬＲＳＢ－２４ このスピニングとベイトのテイストが同じだと聞いた事があるのですが本当でしょうか？ ベイトモデルは所有してますが、スピニングも購入検...,0,0
2774,2026/2/2 19:40,車検、メンテナンス,cd0dafaba,9時間42分,1,19,19.0,0,0,0.033,5.26,0.01,0.12,あと3日,https://detail.chiebukuro.yahoo.co.jp/qa/question_detail/q11324941021,アクセルのワイヤー切れた方居ますか。何万キロでしたか？,0,0
2775,2026/2/2 19:40,企業と経営,kis********,9時間42分,7,57,8.1,0,2,0.098,12.28,0.01,0.8,あと3日,https://detail.chiebukuro.yahoo.co.jp/qa/question_detail/q13324941023,ビックモーターあんなに顧客からの信頼が落ちたのに 未だに経営できているのは どんなビジネス戦略があったのでしょうか？,0,0
2776,2026/2/2 19:40,恋愛相談、人間関係の悩み,ust********,9時間42分,1,17,17.0,0,0,0.029,5.88,0.0,0.11,あと3日,https://detail.chiebukuro.yahoo.co.jp/qa/question_detail/q12324941022,マチアプで1ヶ月ぐらい話したのちに実際会ってみたら全然刺さらず苦手な感じだったのですがそういう場合もブロックしますか？？写真より全然かっこよくなくてマナーも含め苦手でした…。 相手も1ヶ月も話したのに...,0,0
2777,2026/2/2 19:40,幼児教育、幼稚園、保育園,gro********,9時間42分,2,31,15.5,0,0,0.053,6.45,0.01,0.22,あと3日,https://detail.chiebukuro.yahoo.co.jp/qa/question_detail/q10324941020,通わせている保育士さんに園児にもめちゃくちゃ優しくて、保護者にも笑顔を絶やさないかわいらしい人がいます。 正直なところ、好きです。 結婚してもそこそこ優しいですか？ いきなり豹変することはありますか？,0,0
2778,2026/2/2 19:40,就職活動,dvq********,9時間42分,1,20,20.0,0,3,0.034,5.0,0.01,0.27,あと3日,https://detail.chiebukuro.yahoo.co.jp/qa/question_detail/q14324941019,春休み資格を取ろうと思っているのですが、以下の資格で基本情報以外にある程度の時間で就職に有利な資格はありますか？ 基本情報技術者試験 応用情報技術者試験 情報セキュリティマネジメント試験 ITストラテ...,0,0
2779,2026/2/2 19:40,一人暮らし、シングルライフ,kel********,9時間42分,4,32,8.0,0,0,0.055,12.5,0.0,0.4,不明,https://detail.chiebukuro.yahoo.co.jp/qa/question_detail/q13324941018,食費が1月あたり18万も減りました。 見直しはできていますか。,0,0
2780,2026/2/2 19:40,飲食店,b59a7edb7,9時間42分,0,5,5.0,0,0,0.009,0.0,0.0,0.01,あと3日,https://detail.chiebukuro.yahoo.co.jp/qa/question_detail/q12324941017,餃子の王将の麺場の回し方を教えてください。ある程度は作れますですがどのタイミングで何を作り始めたらいいのかが一切わかりません。,0,0
2781,2026/2/2 19:40,大学受験,ab4a0ed04,9時間42分,0,39,39.0,0,0,0.067,0.0,0.0,0.07,あと3日,https://detail.chiebukuro.yahoo.co.jp/qa/question_detail/q11324941016,明日、成蹊大学理工学部電気電子専攻をE方式で受験します。自分は英検利用を7割換算で受験するのですが、この場合数学で何割を取れれば合格ラインだと思いますか？,0,0
2783,2026/2/2 19:40,男性アイドル,bf16b26d,9時間43分,0,11,11.0,0,0,0.019,0.0,0.0,0.02,あと3日,https://detail.chiebukuro.yahoo.co.jp/qa/question_detail/q14324941014,塩﨑太智さんのキラリの最近の投稿頻度などってどのくらいですか？？答えられる範囲で教えてください。,0,0
2784,2026/2/2 19:40,恋愛相談,ｈ,9時間43分,2,33,16.5,0,0,0.057,6.06,0.01,0.23,あと3日,https://detail.chiebukuro.yahoo.co.jp/qa/question_detail/q13324941013,付き合ってる彼女にさり気なく、自分のこと本当に好きか聞く方法教えてください！,0,0
2785,2026/2/2 19:39,スロット,mj_********,9時間44分,0,22,22.0,0,0,0.038,0.0,0.0,0.04,あと3日,https://detail.chiebukuro.yahoo.co.jp/qa/question_detail/q11324941011,吉宗のスマスロにて、本日ビッグボーナス中のJACゲーム1回目の際に千両箱ランプが赤く点灯しました。 振舞限界かなとも思ったんですがそうではなく、1G連や択当て全ナビ当選かとも思いましたがそうではなく、...,0,0
2786,2026/2/2 19:39,SIMフリー端末,か,9時間44分,1,31,31.0,0,3,0.053,3.23,0.02,0.29,あと3日,https://detail.chiebukuro.yahoo.co.jp/qa/question_detail/q10324941010,至急 楽天モバイルの契約についてです。未成年なのですが、自分名義の口座で楽天モバイルを契約しようと考えています。 本人確認や必要書類の提出も終わり、申し込みをしたのですが、4時間経っても審査に通りませ...,0,0
2787,2026/2/2 19:39,リフォーム,hmg********,9時間44分,1,29,29.0,0,1,0.05,3.45,0.01,0.19,不明,https://detail.chiebukuro.yahoo.co.jp/qa/question_detail/q14324941009,壁の塗り替えに伴い瓦もメンテナンスしてもらおうと思っています。塗装が必要な瓦と必要でないと瓦があるとのことですが、この瓦って塗装が必要な瓦ですか？,0,0
2788,2026/2/2 19:39,数学,1152604536,9時間44分,1,23,23.0,0,0,0.039,4.35,0.01,0.12,あと3日,https://detail.chiebukuro.yahoo.co.jp/qa/question_detail/q13324941008,下の問題の(3)の間違っているところを教えてください,0,0
2789,2026/2/2 19:39,男性アイドル,1152275580,9時間44分,0,7,7.0,0,0,0.012,0.0,0.0,0.01,あと3日,https://detail.chiebukuro.yahoo.co.jp/qa/question_detail/q12324941007,すとぷりの缶バッジくじ (2022 New Year ver.!!)のさとみさんところんさんの缶バッジを持っているのですが、レートはどれくらいですか？ (画質終わっててすいません！！),0,0
2790,2026/2/2 19:39,車検、メンテナンス,cd0dafaba,9時間44分,0,3,3.0,0,0,0.005,0.0,0.0,0.01,あと3日,https://detail.chiebukuro.yahoo.co.jp/qa/question_detail/q10324941005,クラッチのワイヤー切れた方いますか。何万キロですか。,0,0
2791,2026/2/2 19:39,携帯型ゲーム全般,1252377794,9時間44分,1,19,19.0,0,0,0.033,5.26,0.01,0.12,あと3日,https://detail.chiebukuro.yahoo.co.jp/qa/question_detail/q11324941006,ハートピアスローライフの質問です ティックトックで海外の方の動画を見ていると羽耳や白い翼をつけている方がいますが入手の仕方が分かりません 教えていただけると嬉しいです,0,0
2792,2026/2/2 19:39,トレーニング,cut********,9時間44分,1,15,15.0,0,0,0.026,6.67,0.0,0.11,あと3日,https://detail.chiebukuro.yahoo.co.jp/qa/question_detail/q14324941004,握力と背筋力って比例するんですか。 背筋力計を引っ張る時や、ウェイトトレーニングのデッドリフトという種目をやる時に、握力がある程度ないと指が離れてしまうので、もしかしたら相関関係があるのかと思って質問...,0,0
2793,2026/2/2 19:39,大学受験,a9895667f,9時間44分,0,29,29.0,1,0,0.05,0.0,0.0,0.22,あと3日,https://detail.chiebukuro.yahoo.co.jp/qa/question_detail/q12324941002,京大の第一突破試験について質問です。 代々木ゼミナールの志願者数・合格者等の一覧を見ると、倍率にたっしていないのになぜかどの学部も毎年数人突破してないのですがどうしてでしょうか？,0,0
2794,2026/2/2 19:39,アニメ,ミント,9時間44分,4,27,6.8,0,0,0.046,14.81,0.0,0.39,あと3日,https://detail.chiebukuro.yahoo.co.jp/qa/question_detail/q11324941001,悪役なのに読者の心に響く名言を放ったアニメキャラというとどんなアニメを最初に連想しますか？,0,0
2795,2026/2/2 19:39,注文住宅,cro********,9時間44分,4,69,17.2,0,0,0.118,5.8,0.02,0.46,あと3日,https://detail.chiebukuro.yahoo.co.jp/qa/question_detail/q10324941000,2025年7月に注文住宅の引き渡しがありました。家には太陽光パネルをつけました。そして、ハウスメーカーの方から承認されてから起動してくださいと言われました。もちろんその間は電気代はかかります。 そこか...,0,0
2796,2026/2/2 19:39,レディースバッグ、財布、小物類,kzn********,9時間44分,4,41,10.2,0,1,0.07,9.76,0.01,0.46,不明,https://detail.chiebukuro.yahoo.co.jp/qa/question_detail/q14324940999,博識の方にお伺いできたらと思います。 ルイヴィトンダミエリシャスのモノグリーンを知人に頂いたのですが、未使用のまま使わずになってしまいました。ブランド品であったため使うことも叶わず今回買取に出そうと思...,0,0
2797,2026/2/2 19:39,男性アイドル,わーこ,9時間44分,2,30,15.0,0,0,0.051,6.67,0.01,0.22,あと3日,https://detail.chiebukuro.yahoo.co.jp/qa/question_detail/q12324940997,Instagramの推し活アカウントについて質問です。 私は今、旧ジャニーズ界隈とEBiDAN界隈の２つのグループを推しているのですが、ただでさえ面倒くさがりなので垢分けという考えは浮かんでいませんで...,0,0
2798,2026/2/2 19:39,病気、症状,a12457a7e,9時間44分,0,2,2.0,0,0,0.003,0.0,0.0,0.0,あと3日,https://detail.chiebukuro.yahoo.co.jp/qa/question_detail/q13324940998,顔の右側だけ肌の色が濃くて暗いです。どうすれば治りますか,0,0
2799,2026/2/2 19:39,電池,pea********,9時間45分,0,26,26.0,0,0,0.044,0.0,0.0,0.04,あと3日,https://detail.chiebukuro.yahoo.co.jp/qa/question_detail/q11324940996,私の友達が、以下記事がヤバいと言ってましだか、どんだけヤバいのでしょうか？ 深刻なリチウム電池の故障により、BYDが中国で8万9000台のQin Plus DM-iをリコール,0,0
2800,2026/2/2 19:39,海外,ba0951b60,9時間45分,4,13,3.2,0,0,0.022,30.77,0.0,0.36,あと3日,https://detail.chiebukuro.yahoo.co.jp/qa/question_detail/q10324940995,海外に支払いで銀行から送金したいのですが、未成年でもできますか？,0,0
2801,2026/2/2 19:39,レディース全般,ad5b09534,9時間45分,1,26,26.0,0,0,0.044,3.85,0.01,0.13,あと3日,https://detail.chiebukuro.yahoo.co.jp/qa/question_detail/q14324940994,3月の最初の週に卒業旅行で東京と横浜へ行こうと考えています！！ それに向けて新しく洋服を買おうと考えています。 そこで、3月の東京と横浜の気温を教えていただきたいです！ ダウン、ファーアウターやファー...,0,0
2802,2026/2/2 19:39,掃除,get********,9時間45分,4,23,5.8,0,0,0.039,17.39,0.0,0.38,あと3日,https://detail.chiebukuro.yahoo.co.jp/qa/question_detail/q13324940993,賃貸です ガスコンロのごとくの汚れが取れません 中性洗剤 クエン酸 キッチンハイターでこすりましたがダメでした ウルトラクリーナーでもダメでした いい方法があればご教授お願いいたします,0,0
2803,2026/2/2 19:39,料理、食材,自称西山貴浩の弟子,9時間45分,1,6,6.0,0,0,0.01,16.67,0.0,0.1,あと3日,https://detail.chiebukuro.yahoo.co.jp/qa/question_detail/q12324940992,もやしラ王美味しいですか？,0,0
2804,2026/2/2 19:39,数学,1251977819,9時間45分,4,12,3.0,0,0,0.021,33.33,0.0,0.36,あと3日,https://detail.chiebukuro.yahoo.co.jp/qa/question_detail/q11324940991,模試の数学で、一番最初に「〜を…とおく」と書いたのですが、そこで描き間違いをしていました。 書き間違いなので、方針と計算は合っていて、最後にその書き間違いによって別の答えを出してしまった、という感じで...,0,0
2805,2026/2/2 19:39,大学,1152426225,9時間45分,4,75,18.8,0,0,0.128,5.33,0.02,0.47,あと3日,https://detail.chiebukuro.yahoo.co.jp/qa/question_detail/q10324940990,高三です。俗に言う中堅国立大志望です。 就職する際、中堅大学ならば学歴フィルターにはかからないと聞きました。ですが、実際大企業に採用される人材は、大体が旧帝大などの超高学歴ばかりですよね。これは単に高...,0,0
2806,2026/2/2 19:39,スマホアプリ,bb4ebd21b,9時間45分,0,16,16.0,0,0,0.027,0.0,0.0,0.03,あと3日,https://detail.chiebukuro.yahoo.co.jp/qa/question_detail/q14324940989,助けてください。 今日の朝は多分なんともなかったのですが、帰ってきてスマホ開いたら「word coach」ってアプリが入ってて、なんだろうなと思い調べてみたらGoogleの単語テストみたいなやつで、た...,0,0
2807,2026/2/2 19:39,ゲーム,pin,9時間45分,0,4,4.0,0,0,0.007,0.0,0.0,0.01,あと3日,https://detail.chiebukuro.yahoo.co.jp/qa/question_detail/q13324940988,ポケコロについてです 画像はなんのチケットでしょうか？ 7日ガチャ券かと思いましたが、手持ちのチケを見たところ、デザインが画像のものとは違いました,0,0
2808,2026/2/2 19:39,就職活動,1150912161,9時間45分,1,39,39.0,0,4,0.067,2.56,0.03,0.36,あと3日,https://detail.chiebukuro.yahoo.co.jp/qa/question_detail/q12324940987,先週面接に行きました。 会社の入口まで行くと、表紙に事務所4階までありました。 電話で確認をとると、4階まであがってきてくださいと言われたので、4階まで上がっていきました。 まず、1～3階は平日だとい...,0,0
2809,2026/2/2 19:39,法律相談,非公開,9時間45分,0,11,11.0,0,0,0.019,0.0,0.0,0.02,あと3日,https://detail.chiebukuro.yahoo.co.jp/qa/question_detail/q10324940985,中学生です二カ月前のことです 窃盗未遂をしてしまいました https://detail.chiebukuro.yahoo.co.jp/qa/question_detail/q10324851615 詳...,0,0
2810,2026/2/2 19:39,料理、食材,非公開,9時間45分,2,25,12.5,0,0,0.043,8.0,0.01,0.21,あと3日,https://detail.chiebukuro.yahoo.co.jp/qa/question_detail/q11324940986,明日、節分なので太巻きを作ろうと思います。 小学生の孫が食べるようになのですが、食べるのは巻いてから何時間も先になります。 そうなるとどうしても海苔が湿って噛み切りにくくなってしまいますよね？ ご飯だ...,0,0
2811,2026/2/2 19:39,懸賞、くじ,pre********,9時間45分,1,19,19.0,0,0,0.032,5.26,0.01,0.12,あと3日,https://detail.chiebukuro.yahoo.co.jp/qa/question_detail/q13324940983,クロスワードパクロス2026年3月号のQ33「天空の農園にて」の漢字対応表の「2」と「10」がわからないので教えてください。,0,0
2812,2026/2/2 19:39,ここ、探してます,1253116184,9時間45分,1,7,7.0,0,0,0.012,14.29,0.0,0.1,あと3日,https://detail.chiebukuro.yahoo.co.jp/qa/question_detail/q14324940984,札幌の高校生です。札幌で友達(自分含め3〜4人)で自習できるスペースってありますか？ できれば、無料 午後からでも混んでいない 多少話しても大丈夫 長時間でもOK 回答よろしくお願いします！,0,0
2813,2026/2/2 19:39,自動車,har********,9時間45分,2,7,3.5,0,0,0.012,28.57,0.0,0.18,あと3日,https://detail.chiebukuro.yahoo.co.jp/qa/question_detail/q12324940982,現行ハイゼット乗ってる方、燃費はどの位ですか？ 出来ればCVTの方で。 ジャンボの方でも構いません。むしろ、こっちを狙ってるので。,0,0
2814,2026/2/2 19:39,職場の悩み,りゅうたつ,9時間45分,4,60,15.0,0,0,0.102,6.67,0.02,0.44,あと3日,https://detail.chiebukuro.yahoo.co.jp/qa/question_detail/q11324940981,今の会社に同期で年下の女の子がいます。 その子は業界経験があり、あっという間に業務を覚えていました。 自分は業界経験がないため、研修期間が終わっても業務が完璧には覚えられませんでした。 そんな彼女とペ...,0,0
2815,2026/2/2 19:39,アニメ,マイティ,9時間46分,0,1,1.0,0,0,0.002,0.0,0.0,0.0,あと3日,https://detail.chiebukuro.yahoo.co.jp/qa/question_detail/q10324940980,ケロロ・ガンダムファンの女性の方にコラボな質問です。 ❶ケロロ小隊が皆様の心を侵略するのに他作品キャラに化けるなら、誰だと侵略されそうですか？ 作中でもガンダムWネタで日向夏美（地球最終防衛線）を侵略...,0,0
2816,2026/2/2 19:39,ポケットモンスター,1153320240,9時間46分,0,3,3.0,0,0,0.005,0.0,0.0,0.01,あと3日,https://detail.chiebukuro.yahoo.co.jp/qa/question_detail/q14324940979,ポケモン 新章アニメ 125話 ①アメジオはジガルデはどこで手に入れた、見つけたのですか？ ②スピネルの部下はなぜ言う事をきいているのですか？サンゴ、オニキスとか ③最後、サンゴが「へっつまんねーの」...,0,0
2817,2026/2/2 19:39,恋愛相談、人間関係の悩み,bc8bb3334,9時間46分,4,25,6.2,0,0,0.043,16.0,0.0,0.38,あと3日,https://detail.chiebukuro.yahoo.co.jp/qa/question_detail/q13324940978,至急です。 彼女の手作りでも食べるの抵抗ありますか？,0,0
2818,2026/2/2 19:39,大学受験,1253134277,9時間46分,4,167,41.8,0,0,0.285,2.4,0.12,0.62,あと3日,https://detail.chiebukuro.yahoo.co.jp/qa/question_detail/q12324940977,至急です 大学に出願書類を郵送で送って追跡サービスで確認したところ今日の正午に受け取り完了と表示されていました。 ですがインターネット出願サイトではまだ出願完了の表示が出ていません。 これはまだ大学が...,0,0
2819,2026/2/2 19:39,大学受験,1052511616,9時間46分,1,110,110.0,0,0,0.188,0.91,0.21,0.27,あと3日,https://detail.chiebukuro.yahoo.co.jp/qa/question_detail/q11324940976,名城大学都市情報工学部の共テ利用5教科を出したのですがリサーチよりも100人強多く出願していました。河合塾のほうでは40/112番です。滑り止めには受かったと安心していいのでしょうか。,0,0
2820,2026/2/2 19:39,ヘアケア,サッカー小僧,9時間46分,0,14,14.0,0,0,0.024,0.0,0.0,0.02,あと3日,https://detail.chiebukuro.yahoo.co.jp/qa/question_detail/q10324940975,ブリーチ2回してハイトーンの金髪に、黄ばみ防止のために紫シャンプーした方がいいって言われて、昨日紫シャンプーしたんですけど、髪色がシルバーみたいになってしまったんですけど、 これってどーやったら戻りま...,0,0
2821,2026/2/2 19:38,鉄道、列車、駅,1258*******,9時間47分,0,1,1.0,0,0,0.002,0.0,0.0,0.0,あと3日,https://detail.chiebukuro.yahoo.co.jp/qa/question_detail/q13324940973,2月にの23から27は毎日18時19時が伝説レイドなの？その1時間は先週のサカキライコウのように短時間で何度も生まれ、レイドチケットがある限り、何度も取れるの？ 私は地方にいるので、駅や公園に行っても...,0,0
2823,2026/2/2 19:38,デンタルケア,ぁぃ,9時間47分,3,34,11.3,0,0,0.058,8.82,0.01,0.31,あと3日,https://detail.chiebukuro.yahoo.co.jp/qa/question_detail/q14324940974,口臭に何年も前から悩んでいます。 自分では臭いが分からないのに他の人に口を臭がられます。 しっかり歯磨き、マウスウォッシュなどもしています。 舌苔もそこまでついていないです。 それでも臭がられます。 ...,0,0
2824,2026/2/2 19:38,文房具,1151567748,9時間47分,0,13,13.0,0,0,0.022,0.0,0.0,0.02,あと3日,https://detail.chiebukuro.yahoo.co.jp/qa/question_detail/q10324940970,こんな感じのグラデーションがある感じのシャーペンを何個か教えてください。5000円付近で,0,0
2825,2026/2/2 19:38,Amazon,cd524fdff,9時間47分,1,20,20.0,0,0,0.034,5.0,0.01,0.12,あと3日,https://detail.chiebukuro.yahoo.co.jp/qa/question_detail/q11324940971,大至急！！ Amazonで購入しようとしたら、より早くお届けという項目があったのですが、これなんでしょうか？お急ぎ便ですか？でもお急ぎ便ってアマゾンプライム会員じゃないとできないんですよね？これで購入...,0,0
2826,2026/2/2 19:38,病気、症状,ft2********,9時間47分,2,21,10.5,0,0,0.036,9.52,0.0,0.21,あと3日,https://detail.chiebukuro.yahoo.co.jp/qa/question_detail/q14324940969,私はインフルエンザにはもう何十年もかかっていませんが、コロナにかかるのはここ2、3年くらいで3回目です。 帰ってきたら手洗いうがい、マスク着用など自分なりに気をつけています。 コロナにならないようにす...,0,0
2827,2026/2/2 19:38,Instagram,GA GA,9時間47分,1,8,8.0,0,0,0.014,12.5,0.0,0.1,あと3日,https://detail.chiebukuro.yahoo.co.jp/qa/question_detail/q13324940968,インスタのピン留めって、X（旧Twitter）の固定ポストみたいな感じですか？,0,0
2828,2026/2/2 19:38,テーマパーク,1053316012,9時間47分,1,19,19.0,1,0,0.032,5.26,0.01,0.29,あと3日,https://detail.chiebukuro.yahoo.co.jp/qa/question_detail/q12324940967,2月4日にディズニーシーに行くんですけど、 どのような服装でいったら気温的にちょうどいいですか？,0,0
2829,2026/2/2 19:38,生き方、人生相談,bd74bb6a7,9時間47分,0,14,14.0,0,0,0.024,0.0,0.0,0.02,あと3日,https://detail.chiebukuro.yahoo.co.jp/qa/question_detail/q11324940966,中2男子です。文章構成が変化もですがご了承ください 皆様のおじいちゃんやおばあちゃんはどんな方でしょうか？私のおじいちゃんはとても優しく、頭がいい人です。今も元気で旅行などによく行ってますがたまに昔の...,0,0
2830,2026/2/2 19:38,洋楽,1151318070,9時間48分,0,14,14.0,0,0,0.024,0.0,0.0,0.02,あと3日,https://detail.chiebukuro.yahoo.co.jp/qa/question_detail/q10324940965,3年ほど前からバンドのQUEENの曲にハマっているのですが、 この４人のオフというか裏側をもっと見たいのですがどこで見れますか！！,0,0
2831,2026/2/2 19:38,インターネットショッピング,1252779035,9時間48分,5,34,6.8,0,0,0.058,14.71,0.0,0.48,あと3日,https://detail.chiebukuro.yahoo.co.jp/qa/question_detail/q14324940964,私の質問は似たようなものばかりで申し訳ないです。それでも教えてください。これは詐欺サイトですか？とても気に入ってる商品ですぐにでも購入したいのですが、どこにも売っておらずそれなのに安いかなと泣,0,0
2832,2026/2/2 19:38,美容整形,sak********,9時間48分,0,5,5.0,0,0,0.009,0.0,0.0,0.01,あと3日,https://detail.chiebukuro.yahoo.co.jp/qa/question_detail/q13324940963,ヒアルロン酸について。本日、頬のあたりにヒアルロン酸を0.5づつ入れました。左は何もなってないのですが、右だけ注射の所がボコッとなっててシコリみたいなのがあります。1センチ強くらいの大きさです。 この...,0,0
2833,2026/2/2 19:38,恋愛相談、人間関係の悩み,aa9ef6155,9時間48分,1,108,108.0,0,1,0.184,0.93,0.2,0.32,不明,https://detail.chiebukuro.yahoo.co.jp/qa/question_detail/q12324940962,好きな男性がいます。 40代くらいの男性のご意見が伺いたいです…。 ーーーーーーーーーーーーーー 当人20代の女です。 好きな方とバレンタインの4日前にお会い出来る機会があります。 なので帰り際にチョ...,0,0
2834,2026/2/2 19:38,物理学,1052229649,9時間48分,1,24,24.0,0,0,0.041,4.17,0.01,0.13,あと3日,https://detail.chiebukuro.yahoo.co.jp/qa/question_detail/q11324940961,物理の問題で、よく台の上に物体が乗っていてお互い動いて、台に対する物体の〜を求めよ。みたいなのがよくあると思います。 そういう場合って相対加速度とか使ったりすると思うんですけど、慣性力を考えて解いた場...,0,0
2835,2026/2/2 19:38,ゲーム,1251090370,9時間48分,1,11,11.0,0,1,0.019,9.09,0.0,0.15,あと3日,https://detail.chiebukuro.yahoo.co.jp/qa/question_detail/q14324940959,あつ森において島クリの草地以外の土の道や砂の道とかでも化石の穴や雑草の沸き潰しはできますか？ 石とかレンガの道なら出来ると思うんですが、他はどうですか？ できればマイデザインじゃないものでやりたいんで...,0,0
2836,2026/2/2 19:38,病気、症状,mas********,9時間48分,1,6,6.0,0,0,0.01,16.67,0.0,0.1,あと3日,https://detail.chiebukuro.yahoo.co.jp/qa/question_detail/q13324940958,自律神経の検査はどうやって何処の科で診てもらえますか？,0,0
2837,2026/2/2 19:38,自動車,mlc********,9時間48分,1,8,8.0,0,1,0.014,12.5,0.0,0.15,あと3日,https://detail.chiebukuro.yahoo.co.jp/qa/question_detail/q10324940955,大型トラックのリヤハブドラム付の本体は何kg？ 車両はタイヤサイズ22.5 わかる方教えてください。,0,0
2838,2026/2/2 19:38,宗教,inugasuki,9時間48分,3,103,34.3,0,0,0.175,2.91,0.06,0.43,あと3日,https://detail.chiebukuro.yahoo.co.jp/qa/question_detail/q11324940956,こんにちは、エホバの証人のことで相談があります。偏った意見・過度に批判的な意見は避けていただきたいです。 またできれば元エホバの証人の方、もしくはかなりエホバの証人に詳しい方に答えてくださると幸いです...,0,0
