ID,質問日時,カテゴリ,投稿者名,経過時間,回答数,閲覧数,回答難易度,共感数,回答リアクション総数,注目度,回答競争率,注目/競争比,ランキングポテンシャル,受付終了まで,URL,本文冒頭,マイフラグ,ベストアンサーフラグ
1,2026/2/2 7:55,料理、食材,1152699552,7時間49分,1,15,15.0,0,0,0.032,6.67,0.0,0.14,不明,https://detail.chiebukuro.yahoo.co.jp/qa/question_detail/q12324923132,https://vt.tiktok.com/ZSabPc5ch/ この無水カレーって美味しいんですか？,0,0
2,2026/2/2 7:55,テレビ、ラジオ,1153262994,7時間49分,0,10,10.0,0,0,0.021,0.0,0.0,0.02,あと3日,https://detail.chiebukuro.yahoo.co.jp/qa/question_detail/q13324923133,僕ヤバの鑑賞会の俺たちの心がヤバイ夜ってTVerでいつから観れるんですか？,0,0
3,2026/2/2 7:55,テーマパーク,1150750197,7時間49分,1,39,39.0,0,0,0.083,2.56,0.03,0.19,あと3日,https://detail.chiebukuro.yahoo.co.jp/qa/question_detail/q11324923131,真冬ディズニーの服装について質問です。 2月中旬にディズニーランドへ行きます。 6時頃から開演待ちしようと思っています。 そこで服装について質問ですが、下記の服装では寒さ厳しいでしょうか？またアドバイ...,0,0
4,2026/2/2 7:55,恋愛相談、人間関係の悩み,tom********,7時間49分,3,56,18.7,0,0,0.119,5.36,0.02,0.44,あと3日,https://detail.chiebukuro.yahoo.co.jp/qa/question_detail/q10324923130,嫌な人は見ないでください。性癖に関してです。 自分は20代で、今は交際相手はいませんが、過去にお付き合いしてきました。 同年代と付き合うことが多かったのですが、性的な魅力をあまり感じられず、行為に発展...,0,0
5,2026/2/2 7:55,病気、症状,1052854909,7時間49分,1,16,16.0,1,0,0.034,6.25,0.01,0.35,あと3日,https://detail.chiebukuro.yahoo.co.jp/qa/question_detail/q14324923129,病気で早死に（７０代以下）の家系が羨ましいです。こういう家系に生まれなかった事を怨みたいですが、慰めて頂けますか？,0,0
7,2026/2/2 7:55,X（旧Twitter）,maido,7時間49分,1,10,10.0,0,0,0.021,10.0,0.0,0.13,あと3日,https://detail.chiebukuro.yahoo.co.jp/qa/question_detail/q10324923125,Xについて教えてください。 ミュートにした人がいるとします。 自分のタイムラインには出てこないようになりますが、相手のタイムラインにも自分のポストは表示されなくなるのでしょうか？,0,0
8,2026/2/2 7:55,友人関係の悩み,yjjjw,7時間49分,2,15,7.5,0,0,0.032,13.33,0.0,0.24,あと3日,https://detail.chiebukuro.yahoo.co.jp/qa/question_detail/q11324923126,私は自身のトーク力と周りの人から好かれているかどうかに自信がありません。 だからそこまで親しくない友人(話しかけてくれることはある)には「私なんかが」と思い全然話しかけられないし、そのせいで後々気まず...,0,0
9,2026/2/2 7:55,職場の悩み,1053264502,7時間49分,6,61,10.2,0,1,0.13,9.84,0.01,0.83,あと3日,https://detail.chiebukuro.yahoo.co.jp/qa/question_detail/q14324923124,仕事をやめたいです。 大学卒業後Uber Eatsで3年働いた後、建設業界に転職して半年が経ちました。 しかし、上司のパワハラがキツく会社に行くのが臆病になってしまいました。出勤を考えるだけで呼吸が荒...,0,0
10,2026/2/2 7:54,アニメ,kar********,7時間50分,6,37,6.2,0,0,0.079,16.22,0.0,0.71,あと3日,https://detail.chiebukuro.yahoo.co.jp/qa/question_detail/q13324923123,異世界物アニメの中で何の作品が1番好きですか？,0,0
11,2026/2/2 7:54,プロ野球,nen********,7時間51分,1,19,19.0,0,1,0.04,5.26,0.01,0.21,あと3日,https://detail.chiebukuro.yahoo.co.jp/qa/question_detail/q12324923122,プロ野球日本ハムファイターズの伊藤大海投手ですが、顔見るたび何かどこか昔見た顔に似てるなーと思ってモヤってました。 最近昔の邦画を見るようになり、「そうか仲代達矢の若いころか！」と合点いきました。 特...,0,0
12,2026/2/2 7:54,学校の悩み,A,7時間51分,1,14,14.0,0,0,0.03,7.14,0.0,0.14,あと3日,https://detail.chiebukuro.yahoo.co.jp/qa/question_detail/q10324923120,空腹でもないし朝飯沢山食べたのにとてもお腹がなります。授業中はずーっとお腹鳴らないかな…と考えてしまって授業中なかなか集中できません。 ご飯を食べたあとはガスが溜まってるような感じがして常にギュルギュ...,0,0
13,2026/2/2 7:54,税金,非公開,7時間51分,1,21,21.0,0,0,0.045,4.76,0.01,0.15,不明,https://detail.chiebukuro.yahoo.co.jp/qa/question_detail/q14324923119,マンションリフォームをします 3LDK 65ｍ３ 壁 床全てリフォーム 浴槽乾燥機付き キッチン食洗機付き トイレ １部壁を工事しドアから引き戸に変更 以上で、固定資産税かかりますか？,0,0
14,2026/2/2 7:54,労働条件、給与、残業,1253182829,7時間51分,3,25,8.3,0,0,0.053,12.0,0.0,0.37,あと3日,https://detail.chiebukuro.yahoo.co.jp/qa/question_detail/q13324923118,有給休暇について質問です。 2月末で退職するのですが、入社時には有給休暇は1週間前に申請して下さいと言われたのにいざ辞めるとなると有給休暇なんてないよ！と言っているみたいなのですがそんな事はあるのです...,0,0
15,2026/2/2 7:54,友人関係の悩み,非公開,7時間51分,3,34,11.3,0,3,0.072,8.82,0.01,0.58,あと3日,https://detail.chiebukuro.yahoo.co.jp/qa/question_detail/q12324923117,大人になってから同性の友人って必要ですか？ 飲み会、同窓会、結婚式、あまり行きたくないのにお金かかるだけだし嫌だなって感じます。,0,0
16,2026/2/2 7:54,メンタルヘルス,iuy********,7時間51分,1,19,19.0,0,0,0.04,5.26,0.01,0.15,あと3日,https://detail.chiebukuro.yahoo.co.jp/qa/question_detail/q11324923116,会社休んでしまいました 精神科いけば 診断書でますか？ あなたは正常と言われ 追い出されますか？,0,0
17,2026/2/2 7:54,病気、症状,mu2********,7時間51分,1,91,91.0,0,0,0.193,1.1,0.18,0.3,不明,https://detail.chiebukuro.yahoo.co.jp/qa/question_detail/q10324923115,半年前に下痢が続いて大腸内視鏡検査を受けて何も無かったのですが、今日排便後トイレの中が血で真っ赤でした。イボ痔持ちなんですが心配です。 短期間でガンになることはありますか？,0,0
18,2026/2/2 7:54,ライブ、コンサート,njz********,7時間51分,0,19,19.0,0,0,0.04,0.0,0.0,0.04,あと3日,https://detail.chiebukuro.yahoo.co.jp/qa/question_detail/q14324923114,本日はやてくんの生誕祭行きます。たろくん推しでチェキ撮れるのはライブ後ってことでしょうか。初めて行くため教えていただきたいです。 また、前物販とははやてくんのみでしょうか。,0,0
19,2026/2/2 7:54,運転免許,1252348043,7時間51分,2,37,18.5,0,0,0.078,5.41,0.01,0.29,あと3日,https://detail.chiebukuro.yahoo.co.jp/qa/question_detail/q13324923113,二俣川免許センターで新規で免許を取りに行きます。受付時間が8時半〜9時なのですが、その時間の間に手続きを済ませないといけないんでしょうか？ それとも、その時間内に到着して最初の受付をクリアすればいいと...,0,0
20,2026/2/2 7:53,スキンケア,1051934725,7時間52分,1,6,6.0,0,0,0.013,16.67,0.0,0.12,あと3日,https://detail.chiebukuro.yahoo.co.jp/qa/question_detail/q12324923112,L字のカミソリでも髭剃りってできますか？ 19歳男であまり濃くないです,0,0
21,2026/2/2 7:53,冷蔵庫、キッチン家電,pic********,7時間52分,1,18,18.0,0,0,0.038,5.56,0.01,0.14,あと3日,https://detail.chiebukuro.yahoo.co.jp/qa/question_detail/q11324923111,炊飯器に詳しい方、教えてください。 三菱の炊飯器、紬を購入しようと思ってましたが、何故か急に象印の炊飯器が気になり迷ってます。 1番上の炎舞炊き NX-AA10とその下の炎舞炊き NW-NB10ではか...,0,0
22,2026/2/2 7:53,賃貸物件,1051551571,7時間52分,1,9,9.0,0,0,0.019,11.11,0.0,0.12,あと3日,https://detail.chiebukuro.yahoo.co.jp/qa/question_detail/q10324923110,三重から東京(その他関東)に引っ越す時、費用はどのくらいあるといいですか？ 家賃が5万の前提で教えて頂けると嬉しいです,0,0
23,2026/2/2 7:53,恋愛相談、人間関係の悩み,1149942479,7時間52分,7,143,20.4,0,5,0.302,4.9,0.06,1.36,あと3日,https://detail.chiebukuro.yahoo.co.jp/qa/question_detail/q14324923109,1年半付き合い、同棲して3ヶ月目の彼氏と別れるべきか悩んでいます。大学生です。 彼は誠実で連絡もまめ、優しい人です。ただ、付き合い始めの頃は意見が合わないことが多く、喧嘩になることが頻繁にありました。...,0,0
24,2026/2/2 7:53,政治、社会問題,1052854909,7時間52分,7,39,5.6,0,0,0.082,17.95,0.0,0.82,あと3日,https://detail.chiebukuro.yahoo.co.jp/qa/question_detail/q13324923108,公明党の支援が受けられない候補者が少なくないのになぜ自民党は圧倒しそうなのですか？,0,0
25,2026/2/2 7:53,福祉、介護,pkf********,7時間53分,4,10,2.5,0,0,0.021,40.0,0.0,0.44,あと3日,https://detail.chiebukuro.yahoo.co.jp/qa/question_detail/q11324923106,介護3で７８歳リハビリパンツ使用いびきを書いて寝ている時はものすごくオシッコしていてシーツまで濡らしてしまいいつも右側からオムツ尿もれします何度やってもシーツまで濡らし3時間くらいの間ですちゃんなぜ沢...,0,0
26,2026/2/2 7:53,Android,＼(^o^)／,7時間53分,0,6,6.0,0,0,0.013,0.0,0.0,0.01,あと3日,https://detail.chiebukuro.yahoo.co.jp/qa/question_detail/q10324923105,Xiaomiのスマホを使っているのですが、アラームがありません。使っているのはグーグルの時計アプリです。以下のような通知が表示されます。 なにか解決方法、もしくは「VRモード」を解除する方法がありまし...,0,0
27,2026/2/2 7:53,政治、社会問題,アイマイミー,7時間53分,1,20,20.0,0,0,0.042,5.0,0.01,0.15,不明,https://detail.chiebukuro.yahoo.co.jp/qa/question_detail/q14324923104,維新が議席減した場合の責任は藤田代表だけですか？,0,0
28,2026/2/2 7:53,宗教,匿名,7時間53分,2,33,16.5,0,2,0.07,6.06,0.01,0.41,あと3日,https://detail.chiebukuro.yahoo.co.jp/qa/question_detail/q12324923102,伊勢神宮に初めて行く予定です。 せっかくならご祈祷もして頂こうかと思うのですが、家族3人分(実際行くのは2人 )だと5000円で5人までと書いてあるので5000円でいいのでしょうか？それとも15000...,0,0
29,2026/2/2 7:53,新築一戸建て,ID 非公開,7時間53分,5,70,14.0,0,0,0.148,7.14,0.02,0.67,不明,https://detail.chiebukuro.yahoo.co.jp/qa/question_detail/q13324923103,住宅費が高騰してると言いますが、昭和後期くらいのショボい断熱性能で拘りなけりゃ1500万くらいで建てられますよね？,0,0
30,2026/2/2 7:53,政治、社会問題,alidon_free,7時間53分,2,28,14.0,2,0,0.059,7.14,0.01,0.69,あと3日,https://detail.chiebukuro.yahoo.co.jp/qa/question_detail/q11324923101,従軍慰安婦問題と安倍晋三 故安倍晋三が総理在任中に 従軍慰安婦問題で強制を裏付ける証拠は見つからなかった と発言したのを契機に、 世界中から対日非難が浴びせられ 後の日韓合意で謝罪させられる事になりま...,0,0
31,2026/2/2 7:53,政治、社会問題,1,7時間53分,0,5,5.0,0,0,0.011,0.0,0.0,0.01,あと3日,https://detail.chiebukuro.yahoo.co.jp/qa/question_detail/q10324923100,4億円の強奪事件ですが、大陸のマフィアが絡んでいるのか、それとも日本の裏社会の関係者が絡んでいるのでしょうか？ 報道を見ていると、被害者の名前が出てこないのですが、やはりいずれこの方たちも、何かしらの...,0,0
32,2026/2/2 7:53,家族関係の悩み,1150823649,7時間53分,3,44,14.7,0,1,0.093,6.82,0.01,0.47,あと3日,https://detail.chiebukuro.yahoo.co.jp/qa/question_detail/q14324923099,父親が毎日家にいてストレスです。 父親の会社では、コロナ禍以降テレワーク可で毎日毎日テレワーク。ずっっと家にいます。 休日もほぼ出掛けないし本当にストレスです。 母親さえストレスで痩せるくらい、家族か...,0,0
33,2026/2/2 7:53,自転車、サイクリング,ae24c0f06,7時間53分,9,68,7.6,0,11,0.144,13.24,0.01,1.79,あと3日,https://detail.chiebukuro.yahoo.co.jp/qa/question_detail/q13324923098,自転車について。クロスバイクを買おうと思うのですが、この自転車のディープリムはロック式駐輪場に停めることは可能なのでしょうか？ ディープリムの大きさの記載がなくて… また、風に弱いと聞いたのですがどう...,0,0
34,2026/2/2 7:53,温泉,cha********,7時間53分,3,28,9.3,0,5,0.059,10.71,0.01,0.69,あと3日,https://detail.chiebukuro.yahoo.co.jp/qa/question_detail/q11324923096,草津温泉で1ヶ月くらい滞在したいと思います。何かいいプランはありますか？なるべく安いプランがいいんですが。,0,0
35,2026/2/2 7:53,病気、症状,1052126812,7時間53分,0,7,7.0,0,0,0.015,0.0,0.0,0.01,あと3日,https://detail.chiebukuro.yahoo.co.jp/qa/question_detail/q12324923097,昨日から嘔吐が続き、夜も眠れなかったのですが、自分は痛くもないのに、何故か他人が苦しんでるような妄想が膨らみ、自分まで痛いと感じるような現象にあったのですが、これになにか名前とかありますか…？ のちに...,0,0
36,2026/2/2 7:53,生命保険,c1f32f0f0,7時間53分,2,45,22.5,0,0,0.095,4.44,0.02,0.31,あと3日,https://detail.chiebukuro.yahoo.co.jp/qa/question_detail/q10324923095,がん保険について。 私は自営業で今まで人間ドックを受けたことがないのですが、今年初めて人間ドックを受けようと思っています。 そこで人間ドックを受ける前にがん保険に入ろうと思うのですが、今まで人間ドック...,0,0
37,2026/2/2 7:53,予備校、進学塾,わおん,7時間53分,0,5,5.0,0,0,0.011,0.0,0.0,0.01,あと3日,https://detail.chiebukuro.yahoo.co.jp/qa/question_detail/q14324923094,駿台の特別自習室(塾生以外が使える自習室？)ってお金とかとられますか？,0,0
38,2026/2/2 7:53,女性アイドル,kei********,7時間53分,1,7,7.0,0,0,0.015,14.29,0.0,0.12,あと3日,https://detail.chiebukuro.yahoo.co.jp/qa/question_detail/q13324923093,FRUITS ZIPPERのCD抽選会のサイン入りのチェキは、直筆のサインです？ デジタルのサインですか？ よろしくお願いします。,0,0
39,2026/2/2 7:52,温泉,温泉旅館番頭,7時間54分,1,17,17.0,0,3,0.036,5.88,0.01,0.33,あと3日,https://detail.chiebukuro.yahoo.co.jp/qa/question_detail/q12324923092,サウナと水素水で風邪知らず！！ って人がいましたが、 サウナはともかく、水素水ってそんなに効果がありますかね？？,0,0
40,2026/2/2 7:52,家族関係の悩み,1052854909,7時間55分,2,10,5.0,0,0,0.021,20.0,0.0,0.23,あと3日,https://detail.chiebukuro.yahoo.co.jp/qa/question_detail/q11324923091,あなたの周辺で９０歳くらいでしょっちゅう電話してくる人いらっしゃいますか？私の身内におるんじゃが、もう精神的に限界です。,0,0
41,2026/1/28 18:14,K-POP、アジア,tap********,117時間33分,2,33790,16895.0,8,81,4.791,0.01,479.1,5.26,回答受付が終了しました,https://detail.chiebukuro.yahoo.co.jp/qa/question_detail/q12324769677,"ENHYPENのニキ、何があったんですか？ X見てたら""ENHYPENは7人、ニキが脱退するなんて反対""""みんな離れていった""みたいなのが流れてきて。 なぜそんな流れになってるんですか？ 事務所がマス...",0,0
42,2026/1/28 17:10,iPhone,hid********,118時間37分,23,52558,2285.1,66,588,7.385,0.04,184.62,10.95,回答受付が終了しました,https://detail.chiebukuro.yahoo.co.jp/qa/question_detail/q13324767573,iPhone8＋をiOS16.7.13にアップデートしようとダウンロード を終えてインストールしようとしたらこんな表示が出てきて出来ません。 暫くすれば通知が来てインストール出来るのでしょうか？詳しい...,0,0
44,2026/2/1 14:11,ヘアケア,nsz********,25時間36分,7,6772,967.4,0,14,4.408,0.1,44.08,4.91,不明,https://detail.chiebukuro.yahoo.co.jp/qa/question_detail/q13324896153,明日から開催されるビビビ祭ですが予約は下記の画像のクーポンからしないと対象外になるんですか？,0,0
45,2026/1/28 17:29,K-POP、アジア,匿名,118時間18分,2,6884,3442.0,1,26,0.97,0.03,32.33,1.11,回答受付が終了しました,https://detail.chiebukuro.yahoo.co.jp/qa/question_detail/q11324768146,ENHYPENのニキって今荒れてるんですか？ マスターさんが離れていったってツイートが流れてきたのですが,0,0
46,2026/1/28 18:00,大学受験,1253136092,117時間47分,11,12346,1122.4,2,250,1.747,0.09,19.41,2.91,不明,https://detail.chiebukuro.yahoo.co.jp/qa/question_detail/q13324769218,現役で神戸大学経営学部に行くか、一浪して大阪大学経済学部に行くか就職面ではどちらが良いのでしょうか。,0,0
47,2026/1/29 19:31,大学受験,a42a488d1,92時間16分,7,10053,1436.1,0,47,1.816,0.07,25.94,2.13,回答受付が終了しました,https://detail.chiebukuro.yahoo.co.jp/qa/question_detail/q14324805094,国公立大学の出願状況って随時更新されるんですか？倍率見て決めようと思ったんですけど、想像以上に誰も出願してなくて志望校を決めかねています。,0,0
48,2026/1/27 3:06,ゲーム,1150115476,156時間41分,1,8253,8253.0,1,4,0.878,0.01,87.8,0.91,不明,https://detail.chiebukuro.yahoo.co.jp/qa/question_detail/q14324719024,セルサバイバーについて質問です。画像の中で最強の編成と強化順を教えてください。 それと、タスクの中でやる事順をランキングで教えてください。 紫は魔法の本と、衛星と、レーザーメスは持ってないです。金はタ...,0,0
49,2026/1/20 15:30,メール,しら,312時間17分,1,11005,11005.0,1,2,0.587,0.01,58.7,0.6,回答受付が終了しました,https://detail.chiebukuro.yahoo.co.jp/qa/question_detail/q13324489338,【至急】メッセージに身に覚えのない、3ヶ月無料トライアルの期限が迫っているという旨の連絡が来ました。 怖かったので配信停止ができるというURLを開き、Googleフォームから配信停止のボタンを押してし...,0,0
50,2026/1/31 0:29,アニメ,bab********,63時間18分,4,12803,3200.8,1,20,3.37,0.03,112.33,3.61,あと1日,https://detail.chiebukuro.yahoo.co.jp/qa/question_detail/q14324846974,閃光のハサウェイ キルケーの魔女内での台詞について 昨日、早速『閃光のハサウェイ キルケーの魔女』を 観てきました。 その中でギギがメイス・フラゥワーに耳元で何か言った後、 メイス・フラゥワーが激怒し...,0,0
51,2026/2/2 7:52,アニメ、コミック,32576※,7時間55分,0,5,5.0,0,0,0.011,0.0,0.0,0.01,あと3日,https://detail.chiebukuro.yahoo.co.jp/qa/question_detail/q14324923089,ヒプノシスマイクについて質問です。（ネタバレ⚠️） 乱数がクローンだと思いますが、零はどういう目的で中王区に協力しているのですか？ また、簓と空却は洗脳された後、それぞれナゴヤとオオサカに戻った？と思...,0,0
52,2026/2/2 7:52,恋愛相談、人間関係の悩み,yta********,7時間55分,1,26,26.0,0,2,0.055,3.85,0.01,0.29,あと3日,https://detail.chiebukuro.yahoo.co.jp/qa/question_detail/q10324923090,今まで女らしい愛嬌を出した所でどうにもならない環境で生きてきました。 そこで鍛え上げられた結果、周りからはしっかり者に見られる事が多いです。 愛嬌出して男に媚びる事は苦手だし、出来ないことをやろうとせ...,0,0
53,2026/2/2 7:52,キャンプ、バーベキュー,※※※※※※※,7時間56分,4,102,25.5,0,2,0.214,3.92,0.05,0.76,あと3日,https://detail.chiebukuro.yahoo.co.jp/qa/question_detail/q13324923088,ＣＢ缶からＯＤ缶へのガス移行なのですが寒冷地用と通常の物、またメーカー問わず混ぜてしまっても問題ないのでしょうか？,0,0
54,2026/2/2 7:52,ヒト,pu_********,7時間56分,5,43,8.6,0,3,0.09,11.63,0.01,0.8,あと3日,https://detail.chiebukuro.yahoo.co.jp/qa/question_detail/q12324923087,「法律が無くなれば殺人鬼がモテモテ」は本当？ 中年無職などの底辺男はそう信じる人がかなり多いです。 生物学的に見た場合、これは本当なのでしょうか？,0,0
55,2026/2/2 7:52,税金,see********,7時間56分,4,40,10.0,1,0,0.084,10.0,0.01,0.71,あと3日,https://detail.chiebukuro.yahoo.co.jp/qa/question_detail/q10324923085,経費って全額タダになると思ってましたが税金分＋2割位負担減るだけなんですか？会社名義で車買ってる人らもこれにあてはまるの？,0,0
56,2026/2/2 7:52,アニメ、コミック,nih********,7時間56分,3,9,3.0,0,0,0.019,33.33,0.0,0.33,あと3日,https://detail.chiebukuro.yahoo.co.jp/qa/question_detail/q14324923084,マグマ大使 ロボットじゃなくて生き物なん？ どう見てもメカメカしいけど,0,0
57,2026/2/2 7:52,鉄道、列車、駅,mpt********,7時間56分,0,7,7.0,0,0,0.015,0.0,0.0,0.01,あと3日,https://detail.chiebukuro.yahoo.co.jp/qa/question_detail/q11324923086,駅改札を出ようとする時中途半端に改札前に立ち止まり、追い越そうとしたら一緒に動く人は居ませんか。,0,0
58,2026/2/2 7:52,ライブ、コンサート,nan********,7時間56分,0,11,11.0,0,0,0.023,0.0,0.0,0.02,あと3日,https://detail.chiebukuro.yahoo.co.jp/qa/question_detail/q13324923083,超特急のチケットについてです。 ①FC先行とキラリではチケットの分配の際に 違いってありますか？ ②FC先行は分配の際に申請者が出ますが キラリも同じですか？ ③キラリのチケットも分配を受け取った後は...,0,0
59,2026/2/2 7:52,Amazon,a08********,7時間56分,1,14,14.0,0,0,0.029,7.14,0.0,0.13,あと3日,https://detail.chiebukuro.yahoo.co.jp/qa/question_detail/q12324923082,アマゾンの定期購入の送料についての質問です。 一品だけを定期購入にしました。 800円くらいの品物なのですが定期購入って送料は無料でしょうか？ 私はアマゾンプライムには加入していません。,0,0
60,2026/2/2 7:52,自転車、サイクリング,hal********,7時間56分,12,87,7.2,0,9,0.183,13.79,0.01,2.0,あと3日,https://detail.chiebukuro.yahoo.co.jp/qa/question_detail/q11324923081,自転車 ルール 2車線道路の進行方向右側にしか歩道が無い場合ってどこ走りますか？ 原則左側通行守るなら車道ですけど大型車が迫ってきた時とか怖いですよね。 回答よろしくお願いします。,0,0
61,2026/2/2 7:52,iPhone,田中かびぱん,7時間56分,4,39,9.8,0,4,0.082,10.26,0.01,0.75,あと3日,https://detail.chiebukuro.yahoo.co.jp/qa/question_detail/q10324923080,iPhoneを修理か機種変 iPhone12を所持してますが レンズカバーを一個破損してしまいました。 昨年バッテリー交換したので修理に出そうかと思ったのですが、機種変でもいいと思ってきました。 同じ...,0,0
62,2026/2/2 7:52,病気、症状,mir********,7時間56分,5,77,15.4,0,5,0.162,6.49,0.02,1.0,あと3日,https://detail.chiebukuro.yahoo.co.jp/qa/question_detail/q14324923079,質問お願いします 3か月前から坐骨神経痛の痛みが出ており、リハビリ、投薬をしていますがなかなか良くならないので、MRIを撮ってきました。 画像を見て医師は椎間板が潰れているから、日常生活に支障が出るよ...,0,0
63,2026/2/2 7:52,郵便、宅配,ube*******,7時間56分,2,50,25.0,0,0,0.105,4.0,0.03,0.31,あと3日,https://detail.chiebukuro.yahoo.co.jp/qa/question_detail/q13324923078,洋服をヤマトで配達してもらったときに調査中になりました。中身のシワが酷く、外装の角は潰れています。 そのことでヤマトに問い合わせしたところ電話がきて、幅を取る商品は場所を確保しているので積荷が倒れてく...,0,0
64,2026/2/2 7:52,占い,c8cdb994,7時間56分,0,5,5.0,0,0,0.01,0.0,0.0,0.01,あと3日,https://detail.chiebukuro.yahoo.co.jp/qa/question_detail/q12324923077,手相 両手にますかけ線があるのについてないって人もいますか？,0,0
65,2026/2/2 7:52,自動車,Mochi,7時間56分,4,43,10.8,0,3,0.09,9.3,0.01,0.7,あと3日,https://detail.chiebukuro.yahoo.co.jp/qa/question_detail/q11324923076,自動車でSUVの定義って明確には無いのでしょうか？ 極端な話、ロードスターとかも メーカーがSUVです！って言えば、SUVになる？,0,0
66,2026/2/2 7:52,中古車,ixq********,7時間56分,3,36,12.0,0,2,0.075,8.33,0.01,0.51,あと3日,https://detail.chiebukuro.yahoo.co.jp/qa/question_detail/q14324923074,カーセンサーとかで車を見ていて欲しい車があった時に遠方とかにある場合は遠方から取り寄せて購入と言う形になるのでしょうか？ ガリ○ーみたいな中古車センターの店舗がある訳では、電話とかで購入します。みたい...,0,0
67,2026/2/2 7:52,土地,nbe********,7時間56分,5,19,3.8,0,0,0.04,26.32,0.0,0.56,あと3日,https://detail.chiebukuro.yahoo.co.jp/qa/question_detail/q12324923072,旗竿地(幅員2ｍ以下)の建替えは可能ですか(セットバッグ等は不可能な土地です)。それとも、増改築の方法しかないのですか？,0,0
68,2026/2/2 7:52,メルカリ,run********,7時間57分,1,35,35.0,0,0,0.073,2.86,0.03,0.18,不明,https://detail.chiebukuro.yahoo.co.jp/qa/question_detail/q11324923071,メルカリをしています。最近暫く見ていなかったのでバージョンアップされた画像が見慣れませんが、過去に販売した一覧を見るのはどこを見ればわかるのでしょうか？ 現在販売して送った商品を見るのはどうすれば良い...,0,0
69,2026/2/2 7:52,温泉,温泉旅館番頭,7時間57分,1,6,6.0,0,4,0.013,16.67,0.0,0.37,あと3日,https://detail.chiebukuro.yahoo.co.jp/qa/question_detail/q10324923070,草津温泉では色浴衣を置いてある宿泊施設は少ないと聞きましたがどうしてですか？？,0,0
70,2026/2/2 7:52,ドラゴンクエスト,匿名,7時間57分,5,34,6.8,0,6,0.071,14.71,0.0,0.97,あと3日,https://detail.chiebukuro.yahoo.co.jp/qa/question_detail/q14324923069,ドラクエXIIは今月のニンダイで発表されると思いますか？,0,0
71,2026/2/2 7:51,大学受験,めめめ,7時間58分,3,38,12.7,0,0,0.079,7.89,0.01,0.39,あと3日,https://detail.chiebukuro.yahoo.co.jp/qa/question_detail/q13324923068,至急です。大学受験で必要な調査書には高校の出席日数が書かれると思うのですが、一般的に何日休んだらやばいですか？,0,0
72,2026/2/2 7:51,女性アイドル,c61838c4d,7時間58分,0,1,1.0,0,0,0.002,0.0,0.0,0.0,あと3日,https://detail.chiebukuro.yahoo.co.jp/qa/question_detail/q12324923067,tictok広告で流れてきたpalmuのライバー情報を知りたいです。 この方のことを教えて下さい。,0,0
73,2026/2/2 7:51,携帯型ゲーム全般,Φ,7時間58分,1,15,15.0,0,0,0.031,6.67,0.0,0.14,あと3日,https://detail.chiebukuro.yahoo.co.jp/qa/question_detail/q11324923066,原神のメールについて質問です。 パイモンから届く海灯祭のお礼メールがあると思いますが、その1日目のメッセージ内容を教えていただきたいです。 誤って消してしまったので気になっています。保存している方いら...,0,0
74,2026/2/2 7:51,病院、検査,ＡＫＫＩ,7時間58分,7,69,9.9,0,22,0.144,10.14,0.01,2.25,不明,https://detail.chiebukuro.yahoo.co.jp/qa/question_detail/q10324923065,入院生活が続くと体力は衰えて 来ますか？,0,0
75,2026/2/2 7:51,iPhone,hpx********,7時間58分,3,12,4.0,0,0,0.025,25.0,0.0,0.34,あと3日,https://detail.chiebukuro.yahoo.co.jp/qa/question_detail/q14324923064,知り合いのiPhoneの修理を僕が代わりにAppleに予約だけしてあげるには普通の予約だけでいけるんですか？,0,0
76,2026/2/2 7:51,福祉、介護,ciara,7時間58分,2,47,23.5,0,0,0.098,4.26,0.02,0.31,あと3日,https://detail.chiebukuro.yahoo.co.jp/qa/question_detail/q13324923063,要介護４，認知症中期の義親のことで相談です。 住宅型施設に入って１年ほど経ちます。当時は要介護１でしたが、昨年から要介護４になりました。認知症ですが暴力や徘徊はありません。 費用のこと、今の施設での対...,0,0
77,2026/2/2 7:51,温泉,温泉旅館番頭,7時間58分,0,12,12.0,0,0,0.025,0.0,0.0,0.03,あと3日,https://detail.chiebukuro.yahoo.co.jp/qa/question_detail/q11324923061,色浴衣は、「着付け」が必要だから草津温泉には置いていないってのは本当ですか？？^_^ 。 温泉で貸し出す色浴衣は、二部式の浴衣が殆どだと思っていました(^^;;,0,0
78,2026/2/2 7:51,女性アイドル,1052383042,7時間58分,1,32,32.0,1,0,0.067,3.12,0.02,0.38,あと3日,https://detail.chiebukuro.yahoo.co.jp/qa/question_detail/q10324923060,今日の乃木坂工事中の放送で余興コーナーで林さん達が アイスクリーム歌いましたが 画面外から 待ってルナやばいと聞こえて来たんですけど 誰が言ったのか分かりますか？,0,0
79,2026/2/2 7:51,スキンケア,bga********,7時間58分,0,2,2.0,0,0,0.004,0.0,0.0,0.0,あと3日,https://detail.chiebukuro.yahoo.co.jp/qa/question_detail/q14324923059,おでこのシワをレーザーで改善した方 どんな感じですか?,0,0
80,2026/2/2 7:51,コンタクトレンズ、視力矯正,c80d28b3,7時間58分,1,11,11.0,0,0,0.023,9.09,0.0,0.13,あと3日,https://detail.chiebukuro.yahoo.co.jp/qa/question_detail/q13324923058,今日コンタクトしてて位置調整をしていたら行方不明になってしまって、そのまま新しいのをつけたんですけどこれって眼科行くべきですか？,0,0
81,2026/2/2 7:51,恋愛相談、人間関係の悩み,ゆー,7時間58分,2,16,8.0,0,0,0.033,12.5,0.0,0.24,あと3日,https://detail.chiebukuro.yahoo.co.jp/qa/question_detail/q12324923057,エスカレーターで女性と乗る時上に行く時は女性の下の段に乗るのはわかるのですが降りる時に女性の前側なのは何故ですか？女性の後ろ側からなにかされたりするのではと思いました...,0,0
82,2026/2/2 7:51,大学受験,あ,7時間58分,1,92,92.0,0,0,0.192,1.09,0.18,0.3,あと3日,https://detail.chiebukuro.yahoo.co.jp/qa/question_detail/q11324923056,高2です。先日河合塾の共通テスト模試を受けました。英語と数学はどちらも時間が足りなかっただけで、問題自体はほぼ分かりそうなのでそこまで悲観的ではなく、慣れれば一年後点数取れるだろうと思っています。 理...,0,0
83,2026/2/2 7:51,Instagram,bb600d1a4,7時間58分,0,24,24.0,0,0,0.05,0.0,0.0,0.05,あと3日,https://detail.chiebukuro.yahoo.co.jp/qa/question_detail/q10324923055,Instagramのコメントについて質問です サブスクのコメントが自分のコメントしか見れなくなりました。同じ投稿者の通常の投稿のコメントは他の人のコメントも今まで通り見る事が出来ます。サブスクだけ見れ...,0,0
84,2026/2/2 7:50,携帯型ゲーム全般,b7e9b046,8時間0分,2,31,15.5,0,0,0.065,6.45,0.01,0.27,あと3日,https://detail.chiebukuro.yahoo.co.jp/qa/question_detail/q14324923054,原神をアンインストールしようと思うのですが、消してもデータ残りますか？ IＤは書いてありました。,0,0
85,2026/2/2 7:50,iPhone,さ,8時間0分,5,41,8.2,0,0,0.085,12.2,0.01,0.6,あと3日,https://detail.chiebukuro.yahoo.co.jp/qa/question_detail/q12324923052,中古のiPhone買いました。今のiPhoneのsimカードを差し込むだけで使えますか？auです,0,0
86,2026/2/2 7:50,温泉,温泉旅館番頭,8時間0分,0,5,5.0,0,0,0.01,0.0,0.0,0.01,あと3日,https://detail.chiebukuro.yahoo.co.jp/qa/question_detail/q11324923051,サウナ浴では、比重による輻射熱をサウナハットで遮ると整いやすいと聴きました^_^ 。 比重による輻射熱を遮る良いサウナハットを教えて下さい。 ＼(^o^)／,0,0
87,2026/2/2 7:50,観光地、行楽地,1053014362,8時間0分,7,72,10.3,0,0,0.15,9.72,0.02,0.88,あと3日,https://detail.chiebukuro.yahoo.co.jp/qa/question_detail/q10324923050,4月下旬の土日に東京から新千歳空港に1泊2日旅行に行きます。ホテルは札幌です。 レンタカー必要でしょうか？初めてなので教えてください。 あと、おすすめプランあったらそちらもお願いします！,0,0
88,2026/2/2 7:50,大学、短大、大学院,関学マニア,8時間0分,2,85,42.5,2,6,0.177,2.35,0.08,1.17,あと3日,https://detail.chiebukuro.yahoo.co.jp/qa/question_detail/q14324923049,関西学院大学について。 関学はネット上でよく関学博士が出てきたりいじられたりしますが どうして関学はイジられるのでしょうか？,0,0
89,2026/2/2 7:50,家族関係の悩み,かえる,8時間0分,8,199,24.9,0,9,0.414,4.02,0.1,1.81,あと3日,https://detail.chiebukuro.yahoo.co.jp/qa/question_detail/q13324923048,旦那から浮気を疑われています。 夜勤から帰宅し着替えてそのまま眠りにつきました。 朝起きると旦那に、帰ってきてすぐLINEの通知が鳴ってたけどこんな夜中に誰と連絡とってるのかと言われ、浮気してるだなん...,0,0
90,2026/2/2 7:50,資産運用、投資信託、NISA,mjh********,8時間0分,4,30,7.5,0,1,0.062,13.33,0.0,0.54,あと3日,https://detail.chiebukuro.yahoo.co.jp/qa/question_detail/q11324923046,今sbiでイデコをしています そのままニーサもしたいのですが そのままできますか？,0,0
91,2026/2/2 7:50,オーディオ,1152872808,8時間0分,1,23,23.0,0,0,0.048,4.35,0.01,0.15,あと3日,https://detail.chiebukuro.yahoo.co.jp/qa/question_detail/q10324923045,finalのBシリーズはそれぞれで値段による性能の優劣はつけていないと聞きましたが、B2の3万円とB1の8万円ではドライバーや音作りの違いだけで基本的な音質の良さは変わらないのですか？,0,0
92,2026/2/2 7:50,日本史,1149768849,8時間0分,7,43,6.1,0,3,0.089,16.28,0.01,1.0,あと3日,https://detail.chiebukuro.yahoo.co.jp/qa/question_detail/q14324923044,日本で古墳が作られなくなった理由は何ですか？,0,0
93,2026/2/2 7:50,家族関係の悩み,avo********,8時間0分,3,18,6.0,0,0,0.037,16.67,0.0,0.35,あと3日,https://detail.chiebukuro.yahoo.co.jp/qa/question_detail/q12324923042,30代の妻子持ちの男性に質問です。 転職を決意して会社辞める時実の両親には報告しましたか？,0,0
94,2026/2/2 7:50,WiiU,1153152234,8時間0分,2,22,11.0,0,0,0.046,9.09,0.01,0.25,あと3日,https://detail.chiebukuro.yahoo.co.jp/qa/question_detail/q13324923043,親にゲーム機を捨てられました… 母親にWiiUの本体を捨てられました。 母は私をしつけるために捨てた訳ではなく、間違えて捨ててしまったそうです。元々家にWiiがあり、Wiiはもう本体が壊れてしまってい...,0,0
95,2026/2/2 7:50,洋楽,c61838c4d,8時間0分,0,1,1.0,0,0,0.002,0.0,0.0,0.0,あと3日,https://detail.chiebukuro.yahoo.co.jp/qa/question_detail/q10324923040,tictok広告で流れてきたpalmuのライバー情報を知りたいです。 この方のことを教えて下さい。,0,0
96,2026/2/2 7:50,メルカリ,addd50b71,8時間0分,1,47,47.0,0,3,0.098,2.13,0.05,0.39,あと3日,https://detail.chiebukuro.yahoo.co.jp/qa/question_detail/q12324923037,至急 メルカリのグッズ交換って普通に詐欺まがいのことできるくないですか？ 自分は意味わかんないゴミみたいなの送って相手からちゃんとしたのをもらうとかできますよね。 グッズ交換とか縁ないのでやらないので...,0,0
97,2026/2/2 7:50,恋愛相談、人間関係の悩み,dat********,8時間0分,4,56,14.0,0,0,0.116,7.14,0.02,0.53,あと3日,https://detail.chiebukuro.yahoo.co.jp/qa/question_detail/q11324923036,男性に質問です 銭湯や温泉で前は隠しますか？ 皮は剥けてますか？,0,0
98,2026/2/2 7:50,募金、寄付,wsa********,8時間0分,2,8,4.0,0,1,0.017,25.0,0.0,0.29,不明,https://detail.chiebukuro.yahoo.co.jp/qa/question_detail/q10324923035,クラウドファンディングの支援者に、お礼のメッセージを送りたいのですが、いつも支援してくれる人と初めて支援してくれた人も同じメッセージを送り、改めて個別のメッセージを送ろうと思います。 とりあえず、どの...,0,0
99,2026/2/2 7:49,鉄道、列車、駅,非公開,8時間2分,0,15,15.0,0,0,0.031,0.0,0.0,0.03,あと3日,https://detail.chiebukuro.yahoo.co.jp/qa/question_detail/q14324923034,鹿児島中央駅の小さな観覧車は、どのような人にニーズがあるの？ 空間もったいなくないですか？ 駅の上空は一等地なので高層ビルを建てた方が土地の有効活用できますよ。 もしかして街がスカスカだから観覧車で空...,0,0
100,2026/2/2 7:49,ギター、ベース,1151038322,8時間2分,4,48,12.0,0,1,0.1,8.33,0.01,0.58,あと3日,https://detail.chiebukuro.yahoo.co.jp/qa/question_detail/q13324923033,サイレントギターの生音の大きさはエレキの生音と同じ様なものだと思って良いですか？ フィンガーピッキングだとしたらだいぶ音抑えれますかね,0,0
101,2026/2/2 7:49,恋愛相談、人間関係の悩み,1150775663,8時間2分,4,37,9.2,0,1,0.077,10.81,0.01,0.55,あと3日,https://detail.chiebukuro.yahoo.co.jp/qa/question_detail/q12324923032,別れてから1ヶ月で自分だけ未練たらたらで忘れられなくて思い出しちゃって、過ごしてきましたが、相手は恋人を作っていました。 ストーリーで幸せそうな写真を載せていて、見るのが辛かったので、「見るの辛いから...,0,0
102,2026/2/2 7:49,年金,Pwpwgzgw46467,8時間2分,4,50,12.5,1,2,0.104,8.0,0.01,0.85,あと3日,https://detail.chiebukuro.yahoo.co.jp/qa/question_detail/q11324923031,これからの定年退職を迎えた老人たちってどんどん年金が立ち行かなくなって若いうちから投資してこなかった人たちは苦しい生活を余儀なくされると思うのですが、実際はどうなると思いますか？ 日本の憲法では最低限...,0,0
103,2026/2/2 7:49,美容整形,ANIH,8時間2分,1,25,25.0,0,0,0.052,4.0,0.01,0.16,あと3日,https://detail.chiebukuro.yahoo.co.jp/qa/question_detail/q10324923030,二重全切開のダウンタイム5日目です。 目を細めた時や伏し目にした時の二重ラインが変です。失敗ですか？それともダウンタイム特有のものですか？ 埋没の時はこんなに急カーブではなくアーチ状になっていたので、...,0,0
104,2026/2/2 7:49,職場の悩み,1152643608,8時間2分,0,2,2.0,0,0,0.004,0.0,0.0,0.0,あと3日,https://detail.chiebukuro.yahoo.co.jp/qa/question_detail/q14324923029,玄人のエージェントのクリア時間は５時間３０分以内ですか？,0,0
105,2026/2/2 7:49,プロ野球,N,8時間2分,1,23,23.0,0,1,0.048,4.35,0.01,0.21,あと3日,https://detail.chiebukuro.yahoo.co.jp/qa/question_detail/q13324923028,プロスピでB9&THと今年のWBCの侍両方出る選手って能力どうなるんですかね？ 前回のWBC村上などは同じでしたが、プレミアの髙橋宏斗や辰己は能力違いましたが…,0,0
106,2026/2/2 7:49,政治、社会問題,アクアリウムしの助,8時間2分,3,30,10.0,0,1,0.062,10.0,0.01,0.43,あと3日,https://detail.chiebukuro.yahoo.co.jp/qa/question_detail/q12324923027,新しい党の名前を「ケロロ地球侵略党」などとふざけた命名をしたら、誰に却下されますか。国会ですか。,0,0
107,2026/2/2 7:49,温泉,温泉旅館番頭,8時間2分,0,4,4.0,0,0,0.008,0.0,0.0,0.01,あと3日,https://detail.chiebukuro.yahoo.co.jp/qa/question_detail/q11324923026,日本では年間2万人が浴槽で「溺死」していると聞きましたが本当ですか？ 怖いですね。,0,0
108,2026/2/2 7:49,スマホアプリ,dcccxii,8時間2分,2,33,16.5,0,1,0.068,6.06,0.01,0.34,不明,https://detail.chiebukuro.yahoo.co.jp/qa/question_detail/q10324923025,にゃんこ大戦争について、真レジェンドストーリー強化の本能玉の入手方法には今のところ何がありますか？,0,0
109,2026/2/2 7:49,釣り,ID大公開,8時間2分,2,30,15.0,0,0,0.062,6.67,0.01,0.27,あと3日,https://detail.chiebukuro.yahoo.co.jp/qa/question_detail/q14324923024,ワカサギ釣りのテントなどでポイント移動する際、仕掛けなどが絡まない様にする良い方法有りますか？,0,0
110,2026/2/2 7:48,鉄道、列車、駅,beaddae83,8時間3分,4,28,7.0,1,6,0.058,14.29,0.0,1.05,あと3日,https://detail.chiebukuro.yahoo.co.jp/qa/question_detail/q13324923023,近鉄ビスタカーの階下グループ席は3人分の乗車券特急券を払えば一人で乗ることは可能ですか？,0,0
111,2026/2/2 7:48,薄毛、抜け毛,灰柄の底,8時間3分,2,27,13.5,0,0,0.056,7.41,0.01,0.26,あと3日,https://detail.chiebukuro.yahoo.co.jp/qa/question_detail/q12324923022,これって禿げてると思いますか？最近つむじら辺の髪が細くよく抜ける気がするのですが…,0,0
112,2026/2/2 7:48,恋愛相談、人間関係の悩み,af330caff,8時間3分,4,21,5.2,0,2,0.043,19.05,0.0,0.58,不明,https://detail.chiebukuro.yahoo.co.jp/qa/question_detail/q11324923021,スマホを辞めれません 普通にネット依存 スマホ依存というのもあると思いますが、辞められない理由として スマホを閉じたら何が辛いかも何が悲しいかも分からないけど、 涙が溢れてくるんですその度になんか生き...,0,0
113,2026/2/2 7:48,職場の悩み,b93bf97c6,8時間3分,5,56,11.2,0,6,0.116,8.93,0.01,1.0,あと3日,https://detail.chiebukuro.yahoo.co.jp/qa/question_detail/q10324923020,至急お願いします 高校生です。 12月23日にインフルになって、その日バイトを休む連絡をして、そのまま今日まで連絡もせずにバイトを休んでしまっています。 今から連絡するのも気まずいんですけど、電話する...,0,0
114,2026/2/2 7:48,アニメ,****************,8時間4分,1,25,25.0,0,0,0.052,4.0,0.01,0.15,あと3日,https://detail.chiebukuro.yahoo.co.jp/qa/question_detail/q12324923017,アニメ器用貧乏 緑髪の子、可哀想すぎません？ 勇者、盾、魔法使いは完全に自業自得だから、どうでもいいし、 僧侶や主人公は、主人公がいかにパーティーに貢献してたか説明する機会がありながら、それを怠ったと...,0,0
115,2026/2/2 7:48,モンスターハンター,1052921914,8時間4分,1,8,8.0,0,0,0.017,12.5,0.0,0.12,あと3日,https://detail.chiebukuro.yahoo.co.jp/qa/question_detail/q11324923016,バウンティの黒髭に振動短縮をつけようと思うのですが、何%つければ良いでしょうか？,0,0
116,2026/2/2 7:48,労働条件、給与、残業,1151072101,8時間4分,3,23,7.7,0,0,0.048,13.04,0.0,0.36,あと3日,https://detail.chiebukuro.yahoo.co.jp/qa/question_detail/q10324923015,有給発生日数について。 所定労働時間というのがよく分からないです。週4勤務契約上は8時間のフルタイム。ただ閑散期というのもあって実際の労働時間は7時間です。1時間早上がりしてます。これが続いた場合の有...,0,0
117,2026/2/2 7:48,コンタクトレンズ、視力矯正,非公開,8時間4分,1,9,9.0,0,0,0.019,11.11,0.0,0.12,あと3日,https://detail.chiebukuro.yahoo.co.jp/qa/question_detail/q14324923014,オススメのカラコン教えてほしいです。 左がモラクのブラウンバニーで、 右がモラクのピンクボムです。 右のように色が浮いてしまうのが嫌です。 普段は左の色馴染みの良いカラコンを使用しています。 左のよう...,0,0
118,2026/2/2 7:47,温泉,温泉旅館番頭,8時間5分,0,4,4.0,0,0,0.008,0.0,0.0,0.01,あと3日,https://detail.chiebukuro.yahoo.co.jp/qa/question_detail/q13324923013,サウナ内で発生すると言われている 「比重による輻射熱」ってなんでしょうか？？^_^,0,0
119,2026/2/2 7:47,資格,1,8時間5分,0,13,13.0,1,0,0.027,0.0,0.0,0.23,あと3日,https://detail.chiebukuro.yahoo.co.jp/qa/question_detail/q12324923012,先週行政書士試験合格発表がありましたが、何か自分でここが変わったよっていうのありますか？,0,0
120,2026/2/2 7:47,恋愛相談、人間関係の悩み,hho********,8時間5分,5,29,5.8,0,0,0.06,17.24,0.0,0.57,あと3日,https://detail.chiebukuro.yahoo.co.jp/qa/question_detail/q11324923011,付き合っていた彼氏と喧嘩をして別れてから病院に行くほど精神的に不安定になりました。 久しぶりに彼から連絡が来て、軽く不安になったんですが仮に一緒に出かけたら落ち着いていた不安定がぶり返すことはあります...,0,0
121,2026/2/2 7:47,政治、社会問題,hir********,8時間5分,1,13,13.0,0,0,0.027,7.69,0.0,0.13,あと3日,https://detail.chiebukuro.yahoo.co.jp/qa/question_detail/q14324923009,また立憲議員は公明の比例優先により重鎮ですら選挙で敗れてからの比例復活が危ういかもしれない？,0,0
122,2026/2/2 7:47,日用品、生活雑貨,nPBThNYvMP8GhAjc,8時間5分,5,42,8.4,0,13,0.087,11.9,0.01,1.4,あと3日,https://detail.chiebukuro.yahoo.co.jp/qa/question_detail/q13324923008,めちゃくちゃ高いすきバサミを買いました！6万円です！ で、研ぐのを市内の研ぐところにたのむのですが、これって、いつかすきバサミの刃がとぐことによって、削れていき小さくなっていって使えなくなるのでょうか...,0,0
123,2026/2/2 7:47,カラオケ,c1a635e9d,8時間5分,3,106,35.3,0,4,0.218,2.83,0.08,0.77,不明,https://detail.chiebukuro.yahoo.co.jp/qa/question_detail/q12324923007,地声が低い自覚があり、曲を原キーで歌えているのかオク下なのか分からない者です。 恐らく、声質も声も低く、有名な曲はほぼ原キーで歌えていないと思ってます。 前提として、カラオケではキーを下げて歌っていて...,0,0
124,2026/2/2 7:47,バス、タクシー,こいのぼり,8時間5分,1,16,16.0,0,0,0.033,6.25,0.01,0.14,あと3日,https://detail.chiebukuro.yahoo.co.jp/qa/question_detail/q11324923006,益田駅から広島駅までの高速バスは2つの経路がありますが、どちらがおすすめでしょうか？,0,0
125,2026/2/2 7:47,高校受験,af865a83e,8時間5分,5,1422,284.4,0,4,2.928,0.35,8.37,3.68,あと3日,https://detail.chiebukuro.yahoo.co.jp/qa/question_detail/q10324923005,【至急】今日、高校都立推薦の合否発表なんですが、受かっている確率が高く、本来なら今日中、明日の午前くらいまでに高校へ行って入学手続きをしなければなりません。 しかし、私が現在インフルエンザに罹患してい...,0,0
126,2026/2/2 7:47,大学受験,c5325a25b,8時間5分,1,39,39.0,0,0,0.08,2.56,0.03,0.18,あと3日,https://detail.chiebukuro.yahoo.co.jp/qa/question_detail/q14324923004,高2全統マークと共通テストってどのくらい乖離ありますか？,0,0
127,2026/2/2 7:47,メンタルヘルス,********,8時間5分,1,69,69.0,0,3,0.142,1.45,0.1,0.43,不明,https://detail.chiebukuro.yahoo.co.jp/qa/question_detail/q13324923003,双極性障害(躁の時)や境界性人格障害の人って結構モテませんか？,0,0
128,2026/2/2 7:47,哲学、倫理,1151699979,8時間5分,5,45,9.0,0,1,0.093,11.11,0.01,0.67,あと3日,https://detail.chiebukuro.yahoo.co.jp/qa/question_detail/q12324923002,どうすると自分と自分の人生を好きになれるでしょうか。,0,0
129,2026/2/2 7:47,政治、社会問題,アクアリウムしの助,8時間5分,6,55,9.2,1,2,0.113,10.91,0.01,1.06,あと3日,https://detail.chiebukuro.yahoo.co.jp/qa/question_detail/q11324923001,高市さんカッコ良くて超イケてるので自民党圧勝間違いなしです。日本の将来は明るいですか。,0,0
130,2026/2/2 7:47,ネイルケア,10072111,8時間6分,1,18,18.0,0,0,0.037,5.56,0.01,0.14,あと3日,https://detail.chiebukuro.yahoo.co.jp/qa/question_detail/q10324923000,ハイポニキウムの形がどうしてもガタガタになってしまいます。 綺麗なアーチ型ではなく、真ん中だけ伸びたりサイドは全然ハイポニキウムが育たなかったりする状況です。 ネイルオイルやハンドクリームなどのケアは...,0,0
131,2026/2/2 7:47,鉄道、列車、駅,fiy********,8時間6分,1,20,20.0,0,3,0.041,5.0,0.01,0.33,あと3日,https://detail.chiebukuro.yahoo.co.jp/qa/question_detail/q14324922999,常磐線各駅停車の我孫子〜取手は今は平日の朝と夕方のみですが少し前までは土日祝日も朝と夕方に運行していましたが1日中運行していたときはありますか？ 平日のみ運行になったのはつくばエクスプレス開通で関東鉄...,0,0
132,2026/2/2 7:47,バイク,非公開,8時間6分,7,37,5.3,0,0,0.076,18.92,0.0,0.79,あと3日,https://detail.chiebukuro.yahoo.co.jp/qa/question_detail/q13324922998,アドレスV125K7でPCX160をちぎることはできますか？,0,0
133,2026/2/2 7:47,ライブ、コンサート,b2f09801e,8時間6分,1,20,20.0,0,0,0.041,5.0,0.01,0.14,あと3日,https://detail.chiebukuro.yahoo.co.jp/qa/question_detail/q12324922997,あんスタのドリフェスのライブに行く予定なのですが、説明に書かれていたデイリーホスト（ラストグリーティング）とは何でしょうか？ ライブ終わりのトークシーンに出演するグループということでしょうか…？？,0,0
134,2026/2/2 7:47,モンスターハンター,1052099995,8時間6分,0,4,4.0,0,0,0.008,0.0,0.0,0.01,あと3日,https://detail.chiebukuro.yahoo.co.jp/qa/question_detail/q11324922996,EKQW 00 shnp とサイトで欲しいフィギュアがあるのですが、大丈夫なサイトでしょうか？会員登録なしでも購入可能とかいてありますな｡ﾟ(ﾟ´ω`ﾟ)ﾟ｡ ちなみに、モンスターハンターのガレージキ...,0,0
135,2026/2/2 7:46,ライブ、コンサート,K,8時間7分,0,5,5.0,0,0,0.01,0.0,0.0,0.01,あと3日,https://detail.chiebukuro.yahoo.co.jp/qa/question_detail/q10324922995,FRUITSzipperのファンクラブってライブ応募するときだけ入って、当たったあと抜けてもチケットは無効になりませんか？公式は含みを持たせる答え方だったので気になりました,0,0
136,2026/2/2 7:46,男性アイドル,R0827,8時間7分,0,6,6.0,0,0,0.012,0.0,0.0,0.01,あと3日,https://detail.chiebukuro.yahoo.co.jp/qa/question_detail/q14324922994,はい ACEes ニックネーム一覧 ご覧のとおりですか？ 浮所飛貴 うきしょくん ひだか 佐藤龍我 りゅうが 作間龍斗 作ちゃん 深田竜生 りゅうせい ふかだくん りゅう 那須雄登 なすくん,0,0
137,2026/2/2 7:46,ライブ、コンサート,み,8時間7分,2,42,21.0,0,0,0.086,4.76,0.02,0.29,あと3日,https://detail.chiebukuro.yahoo.co.jp/qa/question_detail/q10324922990,至急です。Xでチケット譲渡募集していてたのですが、海外の方のPayPalでのチケット詐欺でした。（1部ですが、追加送金でアップグレードできます。追加送金を返金すると入金完了しますと言った詐欺です） こ...,0,0
138,2026/2/2 7:46,温泉,温泉旅館番頭,8時間7分,0,8,8.0,0,0,0.016,0.0,0.0,0.02,あと3日,https://detail.chiebukuro.yahoo.co.jp/qa/question_detail/q11324922991,パスタを茹でる時に、沸騰した鍋に「塩」を入れると「塩」の匂いがする、その匂いと同じ匂いの温泉がある。 と聞きましたが、言うほどパスタを茹でる時に「塩」の匂いなんてしますかね？？ 。 それはそうとして、...,0,0
139,2026/2/2 7:46,心理学,lD非公開,8時間7分,5,70,14.0,0,0,0.144,7.14,0.02,0.65,あと3日,https://detail.chiebukuro.yahoo.co.jp/qa/question_detail/q14324922989,自分の親友はいつも「なぜだと思うね？」「どう思うね？」と言います。なんか無性に腹立つんですがどうすれば普通に「なぜだと思う？」「どう思う？」というようにできますか？,0,0
140,2026/2/2 7:46,Yahoo!オークション,cffe719ee,8時間7分,1,23,23.0,0,1,0.047,4.35,0.01,0.21,不明,https://detail.chiebukuro.yahoo.co.jp/qa/question_detail/q13324922988,ヤフオク出品の、車両を現車確認したいため直接相手に、連絡とりたいのですが？メール屋電話番号載せると、削除されて、相手と連絡取れません,0,0
141,2026/2/2 7:46,小・中学校、高校,匿名,8時間7分,0,5,5.0,0,0,0.01,0.0,0.0,0.01,あと3日,https://detail.chiebukuro.yahoo.co.jp/qa/question_detail/q12324922987,中高の教諭の教科国数英でなるのが難しい順に並べてください,0,0
142,2026/2/2 7:46,留学、ホームステイ,1150553824,8時間7分,1,14,14.0,0,0,0.029,7.14,0.0,0.13,あと3日,https://detail.chiebukuro.yahoo.co.jp/qa/question_detail/q10324922985,来年の冬にトロントに留学したいのですが、ノースフェイスのダウンじゃ厳しいですか？,0,0
143,2026/2/2 7:46,楽天市場,micyas,8時間7分,2,22,11.0,0,0,0.045,9.09,0.0,0.25,あと3日,https://detail.chiebukuro.yahoo.co.jp/qa/question_detail/q13324922983,楽天市場で楽天後払い決済ができると知り 適当な商品を購入しようとしましたが決済方法にそれらしき文言がありません。 楽天会員ですし、トラブルもありません。 ボールペンから食品からゲームソフトまで10パタ...,0,0
144,2026/2/2 7:46,自動車,1252311671,8時間7分,1,25,25.0,0,1,0.051,4.0,0.01,0.21,あと3日,https://detail.chiebukuro.yahoo.co.jp/qa/question_detail/q12324922982,gx71マークIIにgx71クレスタのトランクはポン付けでつきますか？ わかる人、つけたことある人居たら教えて頂きたいです。,0,0
145,2026/2/2 7:46,ネイルケア,fbd********,8時間8分,2,14,7.0,0,0,0.029,14.29,0.0,0.23,あと3日,https://detail.chiebukuro.yahoo.co.jp/qa/question_detail/q11324922981,初めてのネイルチップについて教えてほしいです。 ライブの時だけネイルシールを貼ったのですが、仕事で爪を短くしてるので形が悪く上手くいかないので、硬いチップにしようと思っています 色々調べたのですが、情...,0,0
146,2026/2/2 7:46,男性アイドル,1051739605,8時間8分,2,54,27.0,0,1,0.111,3.7,0.03,0.38,あと3日,https://detail.chiebukuro.yahoo.co.jp/qa/question_detail/q10324922980,SnowManは、メインで歌う人が決まってますか？曲聴いてると、この人歌うパート少ないなって思うことがあります。,0,0
147,2026/2/2 7:46,恋愛相談,aa_********,8時間8分,4,68,17.0,0,0,0.139,5.88,0.02,0.55,あと3日,https://detail.chiebukuro.yahoo.co.jp/qa/question_detail/q14324922979,好きだと言われ続けても付き合えなきゃそれは好きとは言えないですよね。,0,0
148,2026/2/2 7:46,占い,nvd********,8時間8分,0,17,17.0,0,0,0.035,0.0,0.0,0.03,あと3日,https://detail.chiebukuro.yahoo.co.jp/qa/question_detail/q13324922978,お願いいたします2026年の私の運勢を教えて下さい。 最近、とくに今年になり体調不良、トラブルが多いです。 どうか2026年の私の運勢は、どうでていますか。 今、色々不安です。 お願いいたします。 1...,0,0
149,2026/2/2 7:46,文房具,b5f637491,8時間8分,1,3,3.0,0,0,0.006,33.33,0.0,0.11,あと3日,https://detail.chiebukuro.yahoo.co.jp/qa/question_detail/q12324922977,wosadoのマグネットつけまを購入したんですが、もう何ヶ月か経ってしまったので新しいのを購入しようかと考えているのですが、 替えなどはないのでしょうか？また4000円近くを出して買うしかないのでしょ...,0,0
150,2026/2/2 7:46,恋愛相談、人間関係の悩み,b60780a5d,8時間8分,1,23,23.0,0,0,0.047,4.35,0.01,0.15,あと3日,https://detail.chiebukuro.yahoo.co.jp/qa/question_detail/q11324922976,マッチングアプリで定期的に会ってた人と喧嘩して縁を切ったのですが、その人にブロックされてません。 その人は会社の人でも元カノでももう会わないと思った人や腹立った人なら全員ブロックするらしいしマッチして...,0,0
151,2026/2/2 7:45,病気、症状,ciara,8時間9分,3,14,4.7,0,0,0.029,21.43,0.0,0.33,あと3日,https://detail.chiebukuro.yahoo.co.jp/qa/question_detail/q13324922973,いびきがうるさい人は、他人のいびきを聞いても平気ですか？,0,0
152,2026/2/2 7:45,政治、社会問題,1151847426,8時間9分,1,8,8.0,0,0,0.016,12.5,0.0,0.12,あと3日,https://detail.chiebukuro.yahoo.co.jp/qa/question_detail/q14324922974,東京湾では、強制水先人制度として10000トン以上の船に水先人が義務付けられていますがタグボートを義務付けられてる船はどんな船なんですか？そもそもタグを取る義務ってありますか？,0,0
153,2026/2/2 7:45,オーディオ,1149684604,8時間9分,2,25,12.5,0,1,0.051,8.0,0.01,0.32,あと3日,https://detail.chiebukuro.yahoo.co.jp/qa/question_detail/q12324922972,おすすめの完全ワイヤレスイヤホンを教えてください。予算は2万円代までで、右左独立していて、音質がとても良い、ノイキャンも良いイヤホンでお願いします。用途は動画、ゲーム、1番はasmrを聴くなどです。 ...,0,0
154,2026/2/2 7:45,政治、社会問題,1,8時間9分,2,14,7.0,0,0,0.029,14.29,0.0,0.23,あと3日,https://detail.chiebukuro.yahoo.co.jp/qa/question_detail/q11324922971,20年前位から日本政府が財政破綻するとそのような本がたくさん出版されていましたが、最近見ないのですが、どうしたのでしょうか？,0,0
155,2026/2/2 7:45,家具、インテリア,非公開,8時間9分,1,5,5.0,0,0,0.01,20.0,0.0,0.11,あと3日,https://detail.chiebukuro.yahoo.co.jp/qa/question_detail/q10324922970,TOTOのシンラWLCタイプとWYシリーズXタイプで迷ってます 30万の差があります 照明や、壁のカラー 枕の違いがあります。 自分はシンラの枕が好きではないけど 壁のカラーが好きです。 他に違うとこ...,0,0
156,2026/2/2 7:45,YouTube,カンツォーネレコードチューバー,8時間9分,0,12,12.0,0,0,0.025,0.0,0.0,0.02,あと3日,https://detail.chiebukuro.yahoo.co.jp/qa/question_detail/q13324922968,YouTubeでは有効な再生時間は著作権に反しない限り反映されますね。再生時間を伸ばすには長尺動画が伸びますか？長尺動画は何分からの定義だと言えますか？,0,0
157,2026/2/2 7:45,コスプレ,非公開,8時間9分,0,27,27.0,0,0,0.055,0.0,0.0,0.06,あと3日,https://detail.chiebukuro.yahoo.co.jp/qa/question_detail/q12324922967,レイヤーさんについてです。 個人の意見になるので、苦手な方はスルーお願いします。 とあるレイヤーさんAが有名な方で、もう1人のレイヤーさんをBとします。 BさんはAさんのことが（レイヤーさんとして）好...,0,0
158,2026/2/2 7:45,オンラインゲーム,us9********,8時間9分,2,22,11.0,0,0,0.045,9.09,0.0,0.25,あと3日,https://detail.chiebukuro.yahoo.co.jp/qa/question_detail/q11324922966,ヘブバン、手塚司令官の実装が決まりましたがいつ頃くると思いますか？,0,0
159,2026/2/2 7:45,葬儀,1052383042,8時間9分,9,84,9.3,0,2,0.171,10.71,0.02,1.21,あと3日,https://detail.chiebukuro.yahoo.co.jp/qa/question_detail/q10324922965,先週水曜日に父が亡くなり土日で葬儀終わりました。 今日月曜日火葬ですが 会社に連絡したら5日掛かって火葬は遅すぎだろ ズル休みだろと言われ悲しくて涙が出てしまいました。 確かに水曜日から日にち経過して...,0,0
160,2026/2/2 7:45,音楽,ロロト,8時間9分,1,14,14.0,0,0,0.029,7.14,0.0,0.13,あと3日,https://detail.chiebukuro.yahoo.co.jp/qa/question_detail/q14324922964,曲探しをしています。 おそらくボカロなのですが、 「パスタインダンス 止めてディスタンス」（？）みたいなフレーズのある、明るい曲だったと思います。 これしか覚えてないのですが有識者様本当に頼みます。,0,0
161,2026/2/2 7:45,園芸、ガーデニング,a4f58b119,8時間10分,0,8,8.0,0,0,0.016,0.0,0.0,0.02,あと3日,https://detail.chiebukuro.yahoo.co.jp/qa/question_detail/q11324922961,大々至急 このフローリングの上で田植えをやった後は、継ぎ目はどんな影響になりますか,0,0
162,2026/2/2 7:45,日本語,令和産業,8時間10分,2,15,7.5,0,0,0.031,13.33,0.0,0.23,あと3日,https://detail.chiebukuro.yahoo.co.jp/qa/question_detail/q12324922962,「ハイスクール」「ロースクール」の違いは？,0,0
163,2026/2/2 7:45,冷蔵庫、キッチン家電,kotokoto7,8時間10分,1,10,10.0,0,0,0.02,10.0,0.0,0.12,あと3日,https://detail.chiebukuro.yahoo.co.jp/qa/question_detail/q10324922960,アラジン トースター フラッグシップモデル について質問です。 昨日新品のものが届いたのですが、 網を上段にして扉を開け閉めする際、 かなり金属音がしてうるさいです。 うまく言えませんがスムーズではな...,0,0
164,2026/2/2 7:45,バス、タクシー,kat********,8時間10分,3,31,10.3,0,0,0.063,9.68,0.01,0.37,あと3日,https://detail.chiebukuro.yahoo.co.jp/qa/question_detail/q14324922959,東京の夜勤タクシードライバーは一日どのくらい売り上げますか？ 大阪で夜勤タクシードライバーをしているのですが、一日平均5〜6万くらいの売上で、うちは歩合もいいので月22出勤で70〜80万くらいの総支給...,0,0
165,2026/2/2 7:44,恋愛相談、人間関係の悩み,篠田せつ,8時間11分,3,13,4.3,0,1,0.026,23.08,0.0,0.39,あと3日,https://detail.chiebukuro.yahoo.co.jp/qa/question_detail/q13324922958,いつでも相談してねで、これは酷くないですか？ 職場の方から「いつも手伝ってもらってるし本当に感謝してる。いつでも何でも聞くし、危険な目にあったりとかプライベートのことも相談してね」とラインで言われまし...,0,0
166,2026/2/2 7:44,釣り,1152700473,8時間11分,2,52,26.0,0,0,0.106,3.85,0.03,0.31,あと3日,https://detail.chiebukuro.yahoo.co.jp/qa/question_detail/q12324922957,ライトショアジギング に関して質問です。 私はシーバス、トラウトをルアーで10年ほど行っており、今年夏からショアジギングを始めた初心者です。 現在約50回ほど、関東エリアのサーフをメインにショアジギン...,0,0
167,2026/2/2 7:44,周辺機器,1052059345,8時間11分,1,0,0.0,0,0,0.0,0.0,0.0,0.1,あと3日,https://detail.chiebukuro.yahoo.co.jp/qa/question_detail/q11324922956,iGPSPORT BSC300Tを持っているのですが、他社の心拍センサーも使えますか？,0,0
168,2026/2/2 7:44,政治、社会問題,笑顔の王,8時間11分,4,56,14.0,1,11,0.114,7.14,0.02,1.39,あと3日,https://detail.chiebukuro.yahoo.co.jp/qa/question_detail/q10324922955,今回の選挙で自民党圧勝という予想に対して20年ほど前の郵政選挙を思い出すという話。 当時も小泉総理の人気に乗じて自民党が圧勝して、結果としてその後の日本がどうなってしまったかを知ってる世代は嫌悪と恐怖...,0,0
169,2026/2/2 7:44,ニンテンドー3DS,c5d2c2f94,8時間11分,1,3,3.0,0,0,0.006,33.33,0.0,0.11,あと3日,https://detail.chiebukuro.yahoo.co.jp/qa/question_detail/q14324922954,妖怪ウォッチバスターズで 今妖怪のレベルが60から75くらいなのですがおすすめのレベル上げと装備教えてください,0,0
170,2026/2/2 7:44,Yahoo!知恵袋,Radiguet（ラディゲ）,8時間11分,3,40,13.3,0,9,0.081,7.5,0.01,0.93,あと3日,https://detail.chiebukuro.yahoo.co.jp/qa/question_detail/q13324922953,Yahoo!知恵袋初心者です。良質な回答がつく質問のやり方とはどのようなものですか？ #至急,0,0
171,2026/2/2 7:44,大学受験,b283e9253,8時間11分,3,33,11.0,0,0,0.067,9.09,0.01,0.37,あと3日,https://detail.chiebukuro.yahoo.co.jp/qa/question_detail/q12324922952,明治学院大学のa日程を英検利用で受けるのですが、自分は試験も受けて高い方の点数を採用する方式を選びました。 その英語の試験の時に解答用紙に英検のスコアだったりIDを書いたりしないといけなかったりはしま...,0,0
172,2026/2/2 7:44,昆虫,a633b16e5,8時間11分,2,45,22.5,0,2,0.092,4.44,0.02,0.42,不明,https://detail.chiebukuro.yahoo.co.jp/qa/question_detail/q11324922951,クワガタについて質問失礼致します。 ギラファノコギリクワガタのオスの羽化不全率は どのくらいでしょうか？ ご回答をよろしくお願い致します。,0,0
173,2026/2/2 7:44,女性アイドル,R0827,8時間11分,0,3,3.0,0,0,0.006,0.0,0.0,0.01,あと3日,https://detail.chiebukuro.yahoo.co.jp/qa/question_detail/q10324922950,はい。 AKB48 19期生5人 20期生3人のメンバーのうち、写真の中で1番好きな人は、だれですか？ フルネームで言ってください,0,0
174,2026/2/2 7:44,音楽,aiueo,8時間11分,1,8,8.0,0,1,0.016,12.5,0.0,0.18,不明,https://detail.chiebukuro.yahoo.co.jp/qa/question_detail/q14324922949,原神のbgmの名前が分かりません。ナドクライで戦闘した時に流れると思います。主に笛？の音がしてた気がします。てってってれれれん みたいな感じでした（？）,0,0
175,2026/2/2 7:44,税金,1052732017,8時間11分,5,102,20.4,0,2,0.207,4.9,0.04,0.84,あと3日,https://detail.chiebukuro.yahoo.co.jp/qa/question_detail/q13324922948,祖父が癌で良くて数日の命だろうと診断を受けました。 通帳に280万円入っていて、80万円で葬儀や病院代を払い、残り100万ずつ孫の私と私の弟にあげるからおろしてきてと祖父に言われましたが問題ないのでし...,0,0
176,2026/2/2 7:44,恋愛相談、人間関係の悩み,gei********,8時間11分,2,18,9.0,0,2,0.037,11.11,0.0,0.36,あと3日,https://detail.chiebukuro.yahoo.co.jp/qa/question_detail/q12324922947,貴女は、彼氏を呼び捨てにしてますか？ サトシー！！！とか,0,0
178,2026/2/2 7:44,外国為替、FX,hit,8時間12分,1,29,29.0,0,0,0.059,3.45,0.02,0.16,不明,https://detail.chiebukuro.yahoo.co.jp/qa/question_detail/q10324922945,今朝の市場を見たら、やはり円が売られているようですが。 昨年はFXで収益を上げた人の比率の方が多かったそうですが。このままだとあっと言う間にレートチェック前に戻る気がしますが。どうなると思いますか？,0,0
179,2026/2/2 7:43,観光,avi********,8時間13分,4,68,17.0,0,6,0.138,5.88,0.02,0.91,あと3日,https://detail.chiebukuro.yahoo.co.jp/qa/question_detail/q14324922944,中国新幹線は，移動中に酸欠カプセルになって二酸化炭素濃度が２０００～５０００ppmに上昇して，日本の新幹線内４１０ppm位と比べて，５～１２倍の濃度だそうです。 微振動と乗客全員の深い眠りで，車内は静...,0,0
180,2026/2/2 7:43,カフェ、喫茶,1105874569,8時間13分,0,5,5.0,0,0,0.01,0.0,0.0,0.01,あと3日,https://detail.chiebukuro.yahoo.co.jp/qa/question_detail/q13324922943,調べてもよく分からなかったので質問させてください。タリーズの冷たいドリンクについてです。 ホットの入れ物にしていただくことって可能だったりしますか？ ホットの入れ物がいい、というより、職場に持っていき...,0,0
181,2026/2/2 7:43,イヌ,1251501575,8時間13分,1,15,15.0,0,0,0.03,6.67,0.0,0.13,あと3日,https://detail.chiebukuro.yahoo.co.jp/qa/question_detail/q12324922942,わんちゃんの目の傷？について質問です。 写真のようにワンちゃんの目に傷のようなものがあります。 いつの間にかできていました。 これは病院案件でしょうか？それともほっといても問題ありませんか？ 有識者の...,0,0
182,2026/2/2 7:43,職場の悩み,gog********,8時間13分,1,13,13.0,0,0,0.026,7.69,0.0,0.13,あと3日,https://detail.chiebukuro.yahoo.co.jp/qa/question_detail/q11324922941,転職して早々に近寄って来て社内の人間模様を色々と耳打ちして来る人に、どんな印象持ちます？ あの人は嫌われ者だから関わらない方が良いよとか、あの人とこの人は裏で仲良しだから余計な事言わない方が良いよみた...,0,0
183,2026/2/2 7:43,ゲーム,1052165275,8時間13分,1,9,9.0,0,1,0.018,11.11,0.0,0.18,あと3日,https://detail.chiebukuro.yahoo.co.jp/qa/question_detail/q10324922940,「崩坏学园」をプレイする方法はありますか？ また、「崩坏学园2」と「崩壊学園」違いってあるのでしょうか？ miHoYoに詳しい方お願いします！,0,0
184,2026/2/2 7:43,Instagram,あ,8時間13分,0,8,8.0,0,0,0.016,0.0,0.0,0.02,あと3日,https://detail.chiebukuro.yahoo.co.jp/qa/question_detail/q12324922937,至急です！インスタのリア垢で間違えてネッ友をフォローしちゃったんですけど、（すぐフォロー解除しました）ブロックしたらフォローの通知って相手に行きますか？,0,0
185,2026/2/2 7:43,アニメ,ghi********,8時間13分,1,13,13.0,0,0,0.026,7.69,0.0,0.13,あと3日,https://detail.chiebukuro.yahoo.co.jp/qa/question_detail/q13324922938,声優：水樹奈々さんが担当するアニメキャラクターは誰が好きですか？,0,0
186,2026/2/2 7:43,資産運用、投資信託、NISA,kir********,8時間13分,6,126,21.0,0,3,0.255,4.76,0.05,1.04,あと3日,https://detail.chiebukuro.yahoo.co.jp/qa/question_detail/q14324922939,新NISAでオルカンとS＆P500を併用、半分ずつありますが、この割合は変えても良いのですか？どちらかを6割にするとか、どちらかを2割減らして第三の投資信託を2割分買うとか、 ちなみに ・継続すること...,0,0
187,2026/2/2 7:43,ソフトバンク,kre********,8時間13分,3,28,9.3,0,0,0.057,10.71,0.01,0.36,不明,https://detail.chiebukuro.yahoo.co.jp/qa/question_detail/q11324922936,"ソフトバンクのエアーを契約して1年になります。機種代を2028年まで支払いがあります。現在解約すると54,000円が必要です。この解約金を少なくするのは、どうしたらいいですか？",0,0
188,2026/2/2 7:43,飲食店,nan********,8時間13分,4,89,22.2,0,0,0.18,4.49,0.04,0.58,あと3日,https://detail.chiebukuro.yahoo.co.jp/qa/question_detail/q10324922935,【遠出のデートで飲食店の食事の持ち帰りをする男性】 先日、県を跨いだ遠出のデートをしました。それまでに、彼とは、出かけたことはあるものの、食事を共にした事が無くて、先日、初めて一緒にランチをしました。...,0,0
189,2026/2/2 7:43,生き方、人生相談,kok********,8時間13分,2,23,11.5,0,0,0.047,8.7,0.01,0.25,あと3日,https://detail.chiebukuro.yahoo.co.jp/qa/question_detail/q14324922934,月朝から満員電車ご苦労様です。サラリーマンの方に質問です。自分は社畜だという認識はありますか？また自分は現代版の奴隷だとまで思ってたりしますか？,0,0
190,2026/2/2 7:43,コミック,しじ,8時間13分,3,41,13.7,0,3,0.083,7.32,0.01,0.57,あと3日,https://detail.chiebukuro.yahoo.co.jp/qa/question_detail/q13324922933,呪術廻戦の姉妹校交流会はなぜ2.3年生のみ対象なんですか？ 虎杖の代は例外のような扱いでしたが,0,0
191,2026/2/2 7:43,格闘技、武術全般,Radiguet（ラディゲ）,8時間13分,2,1,0.5,0,0,0.002,200.0,0.0,0.2,あと3日,https://detail.chiebukuro.yahoo.co.jp/qa/question_detail/q12324922932,【至急】アイアン木場というプロレスラーは強かったのですか？,0,0
192,2026/2/2 7:43,超常現象、オカルト,匿名,8時間13分,4,50,12.5,0,0,0.101,8.0,0.01,0.51,不明,https://detail.chiebukuro.yahoo.co.jp/qa/question_detail/q11324922931,スピリチュアル的に本当の反省というのは、これはダメなことだと気づいて行動を改めるだけじゃ本当の反省にはならないのですね？,0,0
193,2026/2/2 7:43,Yahoo!知恵袋,dat********,8時間14分,4,75,18.8,0,1,0.152,5.33,0.03,0.62,あと3日,https://detail.chiebukuro.yahoo.co.jp/qa/question_detail/q10324922930,髭剃ってから6時間くらいたってます これは濃いですか？ 薄いですか？,0,0
194,2026/2/2 7:43,政治、社会問題,ナリトク,8時間14分,2,15,7.5,0,7,0.03,13.33,0.0,0.66,あと3日,https://detail.chiebukuro.yahoo.co.jp/qa/question_detail/q14324922929,日本共産党は新聞赤旗の収支を公開していますか？,0,0
195,2026/2/2 7:43,将棋、囲碁,ID考え中,8時間14分,0,11,11.0,0,0,0.022,0.0,0.0,0.02,あと3日,https://detail.chiebukuro.yahoo.co.jp/qa/question_detail/q12324922927,藤井聡太さんが8枚落ち（持ち時間30分将棋）でほぼ負けない相手は、将棋ウォーズ何級以下ですか？,0,0
197,2026/2/2 7:43,国内,ste********,8時間14分,1,150,150.0,0,2,0.303,0.67,0.45,0.52,あと3日,https://detail.chiebukuro.yahoo.co.jp/qa/question_detail/q10324922925,【森下千里】 って、なぜ石巻市に居住されているのですか？ 軽く経緯を知りたいです。,0,0
198,2026/2/2 7:43,法律相談,yoy********,8時間14分,1,110,110.0,0,3,0.223,0.91,0.25,0.5,あと3日,https://detail.chiebukuro.yahoo.co.jp/qa/question_detail/q14324922924,裁判官の国民審査で前回は6人ぐらいいたのですが、今回は2人だけでした。 どうして人数に変動があるのですか？,0,0
199,2026/2/2 7:43,Android,てぃらみす,8時間14分,2,6,3.0,0,0,0.012,33.33,0.0,0.21,あと3日,https://detail.chiebukuro.yahoo.co.jp/qa/question_detail/q13324922923,昨日フォートナイトにモバイル版(Android)で復帰したのですがかなり画質が悪いです。 変える場所はありますか？,0,0
200,2026/2/2 7:43,イヌ,小悪魔,8時間14分,3,13,4.3,0,0,0.026,23.08,0.0,0.33,不明,https://detail.chiebukuro.yahoo.co.jp/qa/question_detail/q12324922922,ノルウェジアン・エルクハウンド・ブラックと紀州犬はどっちが番イヌ向きですか？,0,0
201,2026/2/2 7:43,ソフトウェア,NONAME,8時間14分,0,3,3.0,0,0,0.006,0.0,0.0,0.01,あと3日,https://detail.chiebukuro.yahoo.co.jp/qa/question_detail/q11324922921,文字起こしソフトのnottaで、プレミアムに課金しています。いつのまにか「notta Brain」というAI（？）が搭載されていました。 これを使ったら、自動的に別料金がプラスされるのでしょうか？,0,0
202,2026/2/2 7:42,アニメ,ghi********,8時間15分,4,22,5.5,0,0,0.044,18.18,0.0,0.45,あと3日,https://detail.chiebukuro.yahoo.co.jp/qa/question_detail/q10324922920,声優：沢城みゆきさんが担当するアニメキャラクターは誰が好きですか？,0,0
203,2026/2/2 7:42,鉄道、列車、駅,‥‥,8時間15分,1,24,24.0,0,0,0.048,4.17,0.01,0.15,あと3日,https://detail.chiebukuro.yahoo.co.jp/qa/question_detail/q14324922919,JR北海道快速エアポートの荷物置き場について 快速エアポートの指定席車両にはスーツケース を置く荷台があるようですが、盗難や、似たスーツケース だと間違って持っていかれたりなど起こらないか心配です。鍵...,0,0
204,2026/2/2 7:42,政治、社会問題,1053048010,8時間15分,1,11,11.0,0,2,0.022,9.09,0.0,0.24,あと3日,https://detail.chiebukuro.yahoo.co.jp/qa/question_detail/q13324922918,賄賂天国だから賄賂行った政治家は死刑で良いのにナンでしないんのですか？,0,0
205,2026/2/2 7:42,プロ野球,1151183805,8時間15分,1,35,35.0,0,0,0.071,2.86,0.02,0.17,不明,https://detail.chiebukuro.yahoo.co.jp/qa/question_detail/q11324922916,阪神佐藤輝明選手って、この先どうなるんですか？,0,0
206,2026/2/2 7:42,生き方、人生相談,1052695648,8時間15分,5,65,13.0,0,1,0.131,7.69,0.02,0.69,あと3日,https://detail.chiebukuro.yahoo.co.jp/qa/question_detail/q10324922915,平気で人をいじめたり、サボったりしてるような人間が平気でいるからこそおかしいし、周りも周りでそれでほっておくから加担してるように見えちゃうし。 なんで真面目で頑張ってる人は損して、バカを見て、おかしい...,0,0
207,2026/2/2 7:42,収納,qhm********,8時間15分,5,23,4.6,0,0,0.046,21.74,0.0,0.55,あと3日,https://detail.chiebukuro.yahoo.co.jp/qa/question_detail/q14324922914,実家の片付けをしています。飾り箪笥に、人形やら、干支置き物やら、沢山飾っていました。欲しい人もおらず、私の家に持ち帰ること、どこかに保管しておくことも、できないのです。 どのように、片付けたら、良いで...,0,0
208,2026/2/2 7:42,趣味,c712ef127,8時間15分,0,9,9.0,0,0,0.018,0.0,0.0,0.02,あと3日,https://detail.chiebukuro.yahoo.co.jp/qa/question_detail/q13324922913,私は小学生で、小学生でも使えるネットのようなものでロゴ無償依頼をしています。 突然ですがこの画像のロゴ、上手でしょうか？アドバイスを頂けたら幸いです。 (変な文章で読みにくいと思いますが上2行は読まな...,0,0
209,2026/2/2 7:42,刀剣乱舞,a42aabf55,8時間16分,3,64,21.3,0,2,0.129,4.69,0.03,0.55,あと3日,https://detail.chiebukuro.yahoo.co.jp/qa/question_detail/q12324922912,ミュージカル刀剣乱舞 刀ミュのskyシアターmbs 当日引換券を取ったんですが席は大体どこら辺になるんでしょうか?2階席になる可能性もあるんでしょうか?,0,0
210,2026/2/2 7:42,ライブ、コンサート,b7a95e263,8時間16分,0,7,7.0,0,0,0.014,0.0,0.0,0.01,あと3日,https://detail.chiebukuro.yahoo.co.jp/qa/question_detail/q11324922911,セカオワSNOWSの会員登録についてです！ 今日締め切りのライブ抽選に申し込みしたいのですが、メール登録で手間取っています。 写真のようにメールを送信できなくて、設定も何もできないようになっています。...,0,0
211,2026/2/2 7:42,自動車,非公開,8時間16分,4,30,7.5,0,8,0.06,13.33,0.0,0.95,あと3日,https://detail.chiebukuro.yahoo.co.jp/qa/question_detail/q10324922910,洗車後に拭き取りして仕上げに少し走行して細部の水分を飛ばすのは例えば夕方に洗車して一晩置いて翌日に走行するのと洗車後すぐに走行するのはどちらが良いですか？,0,0
212,2026/2/2 7:42,宗教,tqw********,8時間16分,1,11,11.0,0,0,0.022,9.09,0.0,0.12,あと3日,https://detail.chiebukuro.yahoo.co.jp/qa/question_detail/q14324922909,原神についての質問です。 フリンズ・アイノ・フィッシュル・スクロース編成の立ち回りを教えてください。,0,0
213,2026/2/2 7:42,高校受験,1153243014,8時間16分,1,33,33.0,0,0,0.066,3.03,0.02,0.17,あと3日,https://detail.chiebukuro.yahoo.co.jp/qa/question_detail/q13324922908,高校受験について質問です。 今中2であと受験まで1年ないくらいなのですが 受験勉強をはじめたいと思ってます。 最初はどのような勉強方法でどれくらいのやるのがおすすめですか? 志望校は偏差値が65くらい...,0,0
214,2026/2/2 7:42,音楽,b66af9bc6,8時間16分,1,6,6.0,0,0,0.012,16.67,0.0,0.11,あと3日,https://detail.chiebukuro.yahoo.co.jp/qa/question_detail/q12324922907,質問ですスロウダメージのOPとドラマダのOPはLINEミュージックでは聞けないのでしょうか？どうしても聞きたいのでわかる方いらっしゃいましたら回答をお願いいましたすもし良ければ曲名なども教えてください,0,0
216,2026/2/2 7:42,ニンテンドー3DS,aad526753,8時間16分,1,3,3.0,0,0,0.006,33.33,0.0,0.11,あと3日,https://detail.chiebukuro.yahoo.co.jp/qa/question_detail/q11324922906,久しぶりに3DSをやろうとおもい本体を見てみたらあまりにも汚く、何も考えずにアルコールシートで拭いてしまいました。 拭く前は反応していた十字キーや画面がもう反応しません。どうしてもやりたいのですがこれ...,0,0
217,2026/2/2 7:42,格闘技、武術全般,erf********,8時間16分,5,55,11.0,0,0,0.111,9.09,0.01,0.61,あと3日,https://detail.chiebukuro.yahoo.co.jp/qa/question_detail/q13324922903,学校の部活でボクシングやフルコンタクト空手などの実際に攻撃を相手に当てる競技が普及しないのには何か理由があるのでしょうか？ ちなみに私は高校に入ったら、フルコンタクト空手やボクシングやりたかったのです...,0,0
218,2026/2/2 7:42,政治、社会問題,abcd,8時間16分,3,40,13.3,0,1,0.081,7.5,0.01,0.44,あと3日,https://detail.chiebukuro.yahoo.co.jp/qa/question_detail/q12324922902,日本という国は、○常者が内閣総理大臣を務めることのできる制度なのですか？ ． 精神鑑定等も一切不要でなれてしまうのでしょうか？,0,0
219,2026/2/2 7:42,Yahoo!知恵袋,sat********,8時間16分,1,20,20.0,0,0,0.04,5.0,0.01,0.14,あと3日,https://detail.chiebukuro.yahoo.co.jp/qa/question_detail/q14324922899,この方は誰だかわかりますか？ 教えてください。,0,0
220,2026/2/2 7:42,ファイナルファンタジー,1052553001,8時間16分,5,45,9.0,1,1,0.091,11.11,0.01,0.85,あと3日,https://detail.chiebukuro.yahoo.co.jp/qa/question_detail/q13324922898,【FFマニアさんお願いします】FF14に出たFFシリーズオマージュの元作品を知りたい。 例えば リターン・トゥ・イヴァリース→FFタクティクス 暗闇の雲→FF3 のように、オマージュ元となった作品とF...,0,0
221,2026/2/2 7:42,デジタルカメラ,sac********,8時間16分,3,23,7.7,1,0,0.046,13.04,0.0,0.55,あと3日,https://detail.chiebukuro.yahoo.co.jp/qa/question_detail/q12324922897,いつもありがとうございます。 中古カメラ、3万円以下くらいで野外で少年野球を撮れるカメラを探しています。カメラは素人です。スタンドから外野が撮れたらと思います。 オススメ機種ありましたら教えてください...,0,0
222,2026/2/2 7:41,海外,awl********,8時間17分,1,7,7.0,0,0,0.014,14.29,0.0,0.11,あと3日,https://detail.chiebukuro.yahoo.co.jp/qa/question_detail/q11324922896,ユジノサハリンスクと宮崎市 どちらの方が都会ですか？,0,0
223,2026/2/2 7:41,国際情勢,めばる,8時間17分,5,93,18.6,0,12,0.187,5.38,0.03,1.41,あと3日,https://detail.chiebukuro.yahoo.co.jp/qa/question_detail/q10324922895,純粋な共産国ってまだ存在しますか？ 私は一つも残っていないと思います。,0,0
224,2026/2/2 7:41,職場の悩み,1051502764,8時間17分,2,47,23.5,0,2,0.094,4.26,0.02,0.41,あと3日,https://detail.chiebukuro.yahoo.co.jp/qa/question_detail/q14324922894,会社を辞めようか悩んでいます。 新卒 24歳2年目 大阪勤務です。 辞めようと思った理由は給料が低いと思ったのと勤務時間中やることがなく辛いことが多いからです。不定期休みでだいたい週1日、月で言うと3...,0,0
225,2026/2/2 7:41,邦楽,1251773486,8時間18分,1,42,42.0,0,0,0.084,2.38,0.04,0.18,あと3日,https://detail.chiebukuro.yahoo.co.jp/qa/question_detail/q13324922893,HANAのROSEと、backnumberのわたがしのイントロって似てませんか？いつも飲食店とかで聞くとき、最初わたがしかと思うけど、ROSEだったということが多いのですが。,0,0
226,2026/2/2 7:41,文学、古典,民法３９６条（抵当権の消滅時効）,8時間18分,2,20,10.0,0,0,0.04,10.0,0.0,0.24,あと3日,https://detail.chiebukuro.yahoo.co.jp/qa/question_detail/q12324922892,三四郎に、よっぽど度胸のない方ですね、と言いながら、誠実な人でよかったと本心では思っていたと自分は分析してますが、どう思いますか？ 三四郎に好意を持って、少し、意地悪なこと言っていい気分になっている女...,0,0
227,2026/2/2 7:41,レディース全般,Mochi,8時間18分,5,80,16.0,0,1,0.161,6.25,0.03,0.72,あと3日,https://detail.chiebukuro.yahoo.co.jp/qa/question_detail/q10324922890,彼女、可愛いですか？,0,0
228,2026/2/2 7:41,大学受験,c90f7e392,8時間18分,3,102,34.0,0,0,0.205,2.94,0.07,0.5,あと3日,https://detail.chiebukuro.yahoo.co.jp/qa/question_detail/q11324922891,独学で理系大学受験をするのは可能か。 高３です。今年は入試を一切していません。来年受験をしようと思います。 去年の夏休み明けから、勉強を一切していません。 半年くらい勉強していなかったため本当にすべて...,0,0
229,2026/2/2 7:41,女性アイドル,サラまならや,8時間18分,3,76,25.3,0,0,0.153,3.95,0.04,0.45,あと3日,https://detail.chiebukuro.yahoo.co.jp/qa/question_detail/q14324922889,どの娘がタイプですか？,0,0
231,2026/2/2 7:41,福祉、介護,gnl********,8時間18分,3,81,27.0,1,0,0.163,3.7,0.04,0.66,あと3日,https://detail.chiebukuro.yahoo.co.jp/qa/question_detail/q12324922887,生活保護給付金額はいくら位でしょう。詳しくわかる方に教えて頂きたいのですが... 1年前に派遣で入って来られた50代 シングルマザーさんですが、お子さん3人 皆障害児 上の子は25歳くらいで県内の施設...,0,0
232,2026/2/2 7:41,恋愛相談、人間関係の悩み,1152573654,8時間18分,1,19,19.0,0,0,0.038,5.26,0.01,0.14,あと3日,https://detail.chiebukuro.yahoo.co.jp/qa/question_detail/q10324922885,ほんと先週くらいから仲良くなった女子と結構dmしていて、今日dmを送ったらリアクションに水色のハートがついていたんですけれど、これはどう言った意味なのでしょうか？ 赤色のハートとは意味合いが違うのでし...,0,0
233,2026/2/2 7:41,国内,Happy Boys&Girls,8時間18分,6,28,4.7,0,0,0.056,21.43,0.0,0.66,あと3日,https://detail.chiebukuro.yahoo.co.jp/qa/question_detail/q14324922884,東京、銀座ってどんな服装で歩けば良いんでしょうか？全身UNIQLOコーディネートしてる人はいるんでしょうか？,0,0
234,2026/2/2 7:41,恋愛相談、人間関係の悩み,a5e3c716f,8時間18分,2,22,11.0,0,0,0.044,9.09,0.0,0.24,あと3日,https://detail.chiebukuro.yahoo.co.jp/qa/question_detail/q12324922882,元彼と別れ三ヶ月、新しい男性と出会おうと頑張ってますが、五連敗中です 中には元彼が良かったと思い出してしまう程の人もいて、男性は気に入ってくれますが、断り続けるの繰り返しです。 趣味も新しく始めて、趣...,0,0
235,2026/2/2 7:41,大学受験,abc********,8時間18分,6,81,13.5,0,8,0.162,7.41,0.02,1.24,あと3日,https://detail.chiebukuro.yahoo.co.jp/qa/question_detail/q11324922881,東大文系と京大理系はどちらが優秀？ 東大理3>東大理系(理3除く)>東大文系京大理系は確定として,0,0
236,2026/2/2 7:41,外国為替、FX,bgegg,8時間18分,3,17,5.7,0,0,0.034,17.65,0.0,0.33,不明,https://detail.chiebukuro.yahoo.co.jp/qa/question_detail/q10324922880,FXやる上で回線速度は大事ですか スキャルは自分には無理そうなので、デイトレやスイングくらいで考えてますが、10mpbs程度のスマホ回線のみでいけますか？ 楽天モバイルとかです,0,0
237,2026/2/2 7:41,スマートフォン,moc********,8時間18分,4,23,5.8,0,0,0.046,17.39,0.0,0.45,あと3日,https://detail.chiebukuro.yahoo.co.jp/qa/question_detail/q14324922879,スマホの写真、動画容量が一杯になったらパソコンに保存するか、有料のGoogleフォトなどに保存するしかないですか？パソコンに保存したとして、スマホからいつでも見れる方法ってありますか？ パソコンに保存...,0,0
238,2026/2/2 7:40,料理、食材,hs86rg6poucgn,8時間19分,4,14,3.5,0,0,0.028,28.57,0.0,0.43,あと3日,https://detail.chiebukuro.yahoo.co.jp/qa/question_detail/q13324922878,アボカド毎日食べれるのは贅沢ですか？,0,0
239,2026/2/2 7:40,家族関係の悩み,1251395846,8時間19分,1,26,26.0,0,0,0.052,3.85,0.01,0.15,あと3日,https://detail.chiebukuro.yahoo.co.jp/qa/question_detail/q11324922876,モラハラの人の家族ってなんか分かりますよね。 子供とかを見ても、あ〜この子親に言えって言われてるなぁ、抑圧されてるんだろうなぁ、とか分かりますよね。,0,0
240,2026/2/2 7:40,邦楽,kir********,8時間20分,1,12,12.0,0,1,0.024,8.33,0.0,0.18,不明,https://detail.chiebukuro.yahoo.co.jp/qa/question_detail/q10324922875,昔聞いていたチェッカーズのアルバム名についてわかる方教えてください。 1.全体的にオレンジ色でチェック柄でした。 2.2001年以前に発売されています。 3全18曲収録されていました。 4.曲順は1番...,0,0
241,2026/2/2 7:40,Instagram,1151099740,8時間20分,0,12,12.0,0,0,0.024,0.0,0.0,0.02,あと3日,https://detail.chiebukuro.yahoo.co.jp/qa/question_detail/q14324922874,インスタに無断転載されていた子なのですが、TikTokアカウントわかる方いれば教えて欲しいです！お願いします,0,0
242,2026/2/2 7:40,菓子、スイーツ,えだまめ,8時間20分,0,5,5.0,0,0,0.01,0.0,0.0,0.01,あと3日,https://detail.chiebukuro.yahoo.co.jp/qa/question_detail/q13324922873,マカロンって冬場でも常温で半日くらいコインロッカーに置いたらだめですよね。 連泊で試験を受けるのに帰りに買って気持ち悪くて食べる気になれなくて、今日帰ったら食べるつもりです！ 日中のために保冷剤も今冷...,0,0
243,2026/2/2 7:40,麻雀,*,8時間20分,4,40,10.0,0,0,0.08,10.0,0.01,0.48,あと3日,https://detail.chiebukuro.yahoo.co.jp/qa/question_detail/q12324922872,ペンチー中々来なくて諦めて8切った途端にチーつもるって多くね？,0,0
244,2026/2/2 7:40,恋愛相談、人間関係の悩み,mag********,8時間20分,3,69,23.0,0,1,0.138,4.35,0.03,0.5,不明,https://detail.chiebukuro.yahoo.co.jp/qa/question_detail/q11324922871,婚活の相手について悩み中です 恋愛結婚に憧れているのですが、今やり取りしている方に恋愛できるか今のところ自信ないです 価値観や性格とかは私にとっては合うのですが、太っていること(ロコディの兎みたいな感...,0,0
245,2026/2/2 7:40,スマホアプリ,eis********,8時間20分,1,16,16.0,0,0,0.032,6.25,0.01,0.13,あと3日,https://detail.chiebukuro.yahoo.co.jp/qa/question_detail/q10324922870,にゃんこ大戦争についてです。闇キャッツアイの使い道ですが、白フォノとにゃんまと黒フォノでしたら、どの順番で優先して使うべきでしょうか？その理由も教えてもらえるとありがたいです。,0,0
246,2026/2/2 7:40,手芸,非公開,8時間20分,0,7,7.0,0,0,0.014,0.0,0.0,0.01,あと3日,https://detail.chiebukuro.yahoo.co.jp/qa/question_detail/q14324922869,ユキエモンの新柄の生地について質問です。 ストア限定生地がなないろスライダー以外全てsold outになっていると思います。 TOYナイトボックスのみ購入する事が出来なかったのですが、今後公式ストアで...,0,0
247,2026/2/2 7:40,交通、地図,まりとっとぅお,8時間20分,4,78,19.5,0,0,0.156,5.13,0.03,0.55,あと3日,https://detail.chiebukuro.yahoo.co.jp/qa/question_detail/q12324922867,至急です 下の地図中の 右下に空いている穴がどこか分かりますか？ 右上は琵琶湖 左下は淡路島等だと思います 穴の場所的には 和歌山、奈良、滋賀、京都が交わるところらへんだと思います,0,0
248,2026/2/2 7:40,恋愛相談、人間関係の悩み,yik********,8時間20分,2,53,26.5,0,1,0.106,3.77,0.03,0.36,不明,https://detail.chiebukuro.yahoo.co.jp/qa/question_detail/q11324922866,彼女とお別れした際のことですが、 私自身元カノからもらったプレゼントは断ち切る為にも今後付き合う女性の為にも処分します。 ですが、元カノとのデート中に自身で買ったものはどうしてますでしょうか？ 考えす...,0,0
249,2026/2/2 7:40,バンド,dar********,8時間20分,2,11,5.5,0,0,0.022,18.18,0.0,0.22,あと3日,https://detail.chiebukuro.yahoo.co.jp/qa/question_detail/q14324922864,90年代 邦楽ROCKについて質問です。 90年代 邦楽ROCKでバンド名と曲名が解らないので、覚えている歌詞を載せます。 「繰り返すのは 耳鳴りのメロディ 息絶えて 感じる事ももう忘れたよ」 「息絶...,0,0
250,2026/2/2 7:40,子どもの病気とトラブル,1151879337,8時間20分,1,11,11.0,0,1,0.022,9.09,0.0,0.18,あと3日,https://detail.chiebukuro.yahoo.co.jp/qa/question_detail/q13324922863,4歳男児 熱性痙攣持ちです。 先週水曜日に熱がありダイアップを朝1回目、その8時間後に2回目を使用しました。 2日後には熱が下がり、一旦元気になったのですが、 今朝また熱が出て38.3度あります。 ダ...,0,0
251,2026/2/2 7:40,ドラゴンクエスト,1252516934,8時間20分,0,5,5.0,0,0,0.01,0.0,0.0,0.01,あと3日,https://detail.chiebukuro.yahoo.co.jp/qa/question_detail/q11324922861,ほーちゃんドラゴン ミラーって超運ゲーですよね。 強いていうなら後攻が有利？,0,0
252,2026/2/2 7:40,家族関係の悩み,ねこのみみ,8時間20分,2,41,20.5,0,1,0.082,4.88,0.02,0.34,あと3日,https://detail.chiebukuro.yahoo.co.jp/qa/question_detail/q10324922860,高一です。ママが不倫してるっぽいです。ほんとに悲しくて裏切られた気持ちでママの顔見れないしバレそうで話せません。自分は感情的になる人だからわかりやすいからこんな事実知りたくなかったです。 ママのライン...,0,0
253,2026/2/2 7:39,アニメ,ikc********,8時間21分,1,11,11.0,0,0,0.022,9.09,0.0,0.12,あと3日,https://detail.chiebukuro.yahoo.co.jp/qa/question_detail/q13324922858,ルパン三世のタイムマシンに気をつけろで魔毛狂介がルパン達にタイムマシンを壊されてなかってもルパン一族は消えていたでしょうか？,0,0
254,2026/2/2 7:39,ゲーム,物理的に正しい以外は糞ウンコ,8時間21分,1,10,10.0,0,2,0.02,10.0,0.0,0.24,あと3日,https://detail.chiebukuro.yahoo.co.jp/qa/question_detail/q14324922859,スプラをよく遊ぶものですが、 私はSwitchのamiiboに初期化なんて今まで知らなくて、 誤るのに気をつける感じやスプラのギアが貰えるamiiboは1台に1回限りとかいう認識で動画サイトとかスプラ...,0,0
255,2026/2/2 7:39,大学受験,abc********,8時間21分,2,38,19.0,0,0,0.076,5.26,0.01,0.27,あと3日,https://detail.chiebukuro.yahoo.co.jp/qa/question_detail/q12324922857,早慶理系>早慶文系理科大理系上智理系>上智文系マーチ理系芝浦工大>マーチ文系芝浦工大以外の四工大 であってますか？,0,0
256,2026/2/2 7:39,観光地、行楽地,han********,8時間22分,6,64,10.7,0,0,0.127,9.38,0.01,0.72,あと3日,https://detail.chiebukuro.yahoo.co.jp/qa/question_detail/q11324922856,京都の観光について。 ２月下旬に京都へ旅行に行くのですが、うち一日の日程に微妙な余り時間が出たため、その使い道に悩んでいます。 ・16時～20時くらいの間 ・京都駅周辺の徒歩圏内（片道20分程度まで）...,0,0
257,2026/2/2 7:39,恋愛相談、人間関係の悩み,tak********,8時間22分,1,10,10.0,0,0,0.02,10.0,0.0,0.12,あと3日,https://detail.chiebukuro.yahoo.co.jp/qa/question_detail/q10324922855,カバンを他人に当てても良いと思っている人ってなんなんでしょうか？ 私が真ん中歩くから、アンタが避けなさいよ！ってことでしょうか？ トラブルに発展したらとか考えないのでしょうか。 ほとんど女。,0,0
258,2026/2/2 7:39,バイク,ランナー,8時間22分,1,34,34.0,0,1,0.068,2.94,0.02,0.23,不明,https://detail.chiebukuro.yahoo.co.jp/qa/question_detail/q14324922854,ライブディオAF34とスーパーディオAF27 どちらが最高出力高いですか？,0,0
259,2026/2/2 7:39,喫煙マナー,aadeb68ef,8時間22分,0,5,5.0,0,0,0.01,0.0,0.0,0.01,あと3日,https://detail.chiebukuro.yahoo.co.jp/qa/question_detail/q13324922853,使い捨てのVAPEでオススメありますか？,0,0
260,2026/2/2 7:39,スマートフォン,stf25802580,8時間22分,2,24,12.0,0,0,0.048,8.33,0.01,0.25,あと3日,https://detail.chiebukuro.yahoo.co.jp/qa/question_detail/q12324922852,自宅のWiFiについて。 自宅のスマホ、他環境は変わりません。 昨日まで普通に繋がってました、急に自分のスマホだけ、繋がってる、強度高いと表示されるのですが、実態はネットにつながってなくこまってます。...,0,0
261,2026/2/2 7:39,ゲーム,さも,8時間22分,0,3,3.0,0,0,0.006,0.0,0.0,0.01,あと3日,https://detail.chiebukuro.yahoo.co.jp/qa/question_detail/q10324922850,スプラ3について 傘系統は対面最強なのですか？ 傘より対面の強い武器がありますか？,0,0
262,2026/2/2 7:39,大学受験,erf********,8時間22分,0,13,13.0,0,0,0.026,0.0,0.0,0.03,あと3日,https://detail.chiebukuro.yahoo.co.jp/qa/question_detail/q11324922851,兵庫県にある灘高校や東京にある筑波大学附属駒場高校、桜蔭高校、開成高校等の生徒は学校の授業以外にも普段の家庭学習もしっかりやってるのでしょうか？ それらの有名高校の生徒でも東大を始めとする難関大学に合...,0,0
263,2026/2/2 7:39,女性アイドル,yuk********,8時間22分,0,3,3.0,0,0,0.006,0.0,0.0,0.01,あと3日,https://detail.chiebukuro.yahoo.co.jp/qa/question_detail/q14324922849,NiziU 乃木坂46小川彩ちゃんの コラボ どうですか？ https://youtube.com/shorts/znlU1163_UI?si=Wnac4oTj_pN8PDiR,0,0
264,2026/2/2 7:39,Google Chrome,b7e3ee381,8時間22分,1,12,12.0,0,0,0.024,8.33,0.0,0.12,あと3日,https://detail.chiebukuro.yahoo.co.jp/qa/question_detail/q13324922848,初めまして！ アイホンse3を使っています♪ 初期設定で間違えて、アップルアカウントとGoogleアカウントを同じにしてしまい、Googleの方からクレームが有り、Googleアカウントが取り消しにな...,0,0
265,2026/2/2 7:39,恋愛相談、人間関係の悩み,z,8時間22分,3,46,15.3,0,1,0.092,6.52,0.01,0.45,あと3日,https://detail.chiebukuro.yahoo.co.jp/qa/question_detail/q12324922847,恋愛相談です。 今いい感じの人がいます。 出会いはマッチングアプリです。 私は大学生、相手は院生です。 相手の方は、数ヶ月前まで4年ほどお付き合いしていました。 別れ方的に、女性を信じることが難しい、...,0,0
266,2026/2/2 7:39,バイク,krx********,8時間22分,12,67,5.6,0,3,0.133,17.91,0.01,1.5,あと3日,https://detail.chiebukuro.yahoo.co.jp/qa/question_detail/q11324922846,ChatGPTに聞いてバイク修理しようと思うのですが、あてになりますか？,0,0
267,2026/2/2 7:39,税金,72147845****,8時間22分,3,24,8.0,0,1,0.048,12.5,0.0,0.4,あと3日,https://detail.chiebukuro.yahoo.co.jp/qa/question_detail/q10324922845,自営業の方とかが、経費で落とすからとよく領収書をもらってます。 例えば、飲食やガソリン代などです。 実際、無料とかになるんではなく、本人の所得から引く事が出来て、納める税金が安くなるからなんでしょうか...,0,0
268,2026/2/2 7:39,携帯型ゲーム全般,mim********,8時間22分,1,20,20.0,0,0,0.04,5.0,0.01,0.14,不明,https://detail.chiebukuro.yahoo.co.jp/qa/question_detail/q13324922843,アークナイツエンドフィールドについて教えてください。 なんか帝江号で配属してるキャラ？が怪しそうな気がしてるんですけど、プレゼントをあげてないのに好感度が100%になってるキャラがいました。 もしかし...,0,0
269,2026/2/2 7:39,Yahoo!知恵袋,匿名ユーザー,8時間22分,1,11,11.0,0,0,0.022,9.09,0.0,0.12,不明,https://detail.chiebukuro.yahoo.co.jp/qa/question_detail/q14324922844,valorantのトライアウトとはなんですか？,0,0
270,2026/2/2 7:39,アニメ、コミック,Fhjbbrjbtcei6439,8時間22分,2,26,13.0,0,0,0.052,7.69,0.01,0.25,あと3日,https://detail.chiebukuro.yahoo.co.jp/qa/question_detail/q11324922841,『葬送のフリーレン』について質問です。 有名な作品なので、漫画かアニメかどちらか観たほうが良いのかなぁとは思いつつ、まだ観れずにいます。 感動するとは聞いているのですが、どんな作品なのでしょうか？一応...,0,0
271,2026/2/2 7:39,料理、食材,質問専門,8時間23分,4,45,11.2,0,12,0.089,8.89,0.01,1.2,不明,https://detail.chiebukuro.yahoo.co.jp/qa/question_detail/q12324922842,泥（土）が付いたまま売られているゴボウのメリットは何ですか？敢えて土が付いたままのほうが良いから売られているのでしょうか? 洗いゴボウと並んで売られていますが、面倒なのでいつも洗いゴボウを買っています...,0,0
272,2026/2/2 7:38,一人暮らし、シングルライフ,レモンスカッシュ,8時間24分,10,50,5.0,0,0,0.099,20.0,0.0,1.09,あと3日,https://detail.chiebukuro.yahoo.co.jp/qa/question_detail/q10324922840,「人生は既に脚本が決まっている映画だ」という考え方。 全てが運命通りに進むなら、無理に抗わず「今」をただ体験することこそが賢い生き方ですか？ 運命だったんだって諦められるから運命が決まってる方が楽な気...,0,0
273,2026/2/2 7:38,恋愛相談、人間関係の悩み,ぴよぴよ,8時間24分,4,21,5.2,0,0,0.042,19.05,0.0,0.44,あと3日,https://detail.chiebukuro.yahoo.co.jp/qa/question_detail/q14324922839,1年ほど前に別れた元カレに感謝の気持ちと近状報告を踏まえ連絡したいと思ってます。 出会いはネットでの裏アカでした。 出会い方と年齢差も10歳ほどあり結婚は難しいと考え私から別れを切り出し最後はイヤイヤ...,0,0
274,2026/2/2 7:38,福祉、介護,mom********,8時間24分,1,319,319.0,0,1,0.633,0.31,2.04,0.79,あと3日,https://detail.chiebukuro.yahoo.co.jp/qa/question_detail/q13324922838,第38回社会福祉士国家試験を受験した方々に質問です。今年の合格点は何点になると予想しますか？,0,0
275,2026/2/2 7:38,病気、症状,ka*******,8時間24分,2,35,17.5,0,0,0.069,5.71,0.01,0.27,不明,https://detail.chiebukuro.yahoo.co.jp/qa/question_detail/q12324922837,膀胱炎になり、病院でケフラール処方してもらいましたが、良くなってる気配がありません。後1日分お薬あるのですが、他の病院へ受診してもよいでしょうか？ 飲みきってからの方がよいでしょうか ？ トイレが近く...,0,0
276,2026/2/2 7:38,恋愛相談、人間関係の悩み,c865bc783,8時間24分,4,12,3.0,0,0,0.024,33.33,0.0,0.42,あと3日,https://detail.chiebukuro.yahoo.co.jp/qa/question_detail/q10324922835,なんで20代の男性は結婚しないのですかね？,0,0
277,2026/2/2 7:38,大学受験,近大医学,8時間24分,3,81,27.0,1,5,0.161,3.7,0.04,0.95,あと3日,https://detail.chiebukuro.yahoo.co.jp/qa/question_detail/q11324922836,関西学院大学の受験会場に、 神戸大学や同志社大学の赤本を持っていっても大丈夫ですか？ 関学は滑り止めなので、本命の勉強がしたいです。,0,0
278,2026/2/2 7:38,鉄道、列車、駅,tom********,8時間24分,1,41,41.0,0,1,0.081,2.44,0.03,0.24,不明,https://detail.chiebukuro.yahoo.co.jp/qa/question_detail/q14324922834,きゅんパス！について、教えてください。 日にち指定すると、きっぷのみ申し込む、しか選択できません。 それでいいのでしょうか？もう一つの選択肢は、きっぷと一緒に列車を申し込む、なのですがこちらは灰色にな...,0,0
279,2026/2/2 7:38,妊娠、出産,ame********,8時間24分,2,23,11.5,0,0,0.046,8.7,0.01,0.24,あと3日,https://detail.chiebukuro.yahoo.co.jp/qa/question_detail/q13324922833,1月10日に性行為をし、妊娠した場合、 現時点（2月2日）で、つわりなど症状は出ますか？,0,0
281,2026/2/2 7:38,女性アイドル,こいのぼり,8時間24分,0,7,7.0,0,0,0.014,0.0,0.0,0.01,あと3日,https://detail.chiebukuro.yahoo.co.jp/qa/question_detail/q11324922831,今年（2026年）の櫻坂46の国立競技場のライブで4期生では誰が盛り上げてくれると思いますか？ 4期生は早くも菅井友香さんや小林由依さんの片鱗を見せているメンバーがいますし、今年はますます目が離せない...,0,0
282,2026/2/2 7:38,性の悩み、相談,kiy********,8時間24分,0,12,12.0,0,0,0.024,0.0,0.0,0.02,あと3日,https://detail.chiebukuro.yahoo.co.jp/qa/question_detail/q14324922829,HerbaPowerについて質問です。 広告通りの効果はありますか？恥ずかしいですが、ED症状で悩んでます。,0,0
283,2026/2/2 7:38,オークション、フリマサービス,ada********,8時間24分,0,18,18.0,0,0,0.036,0.0,0.0,0.04,あと3日,https://detail.chiebukuro.yahoo.co.jp/qa/question_detail/q13324922828,失礼します。 ビンテージロレックス （OH歴不明稼働順調 、市場価格200万前後、付属品なし）を フリマサイトで出品する場合、 1.日ロレでOHをし国際サービス保証書を取得 ※針、リューズは交換（返品...,0,0
284,2026/2/2 7:38,YouTube,b32c7e205,8時間24分,0,16,16.0,0,0,0.032,0.0,0.0,0.03,あと3日,https://detail.chiebukuro.yahoo.co.jp/qa/question_detail/q12324922827,Youtubeについて質問です。友達がYoutubeに投稿した short動画が全く再生されないと相談してきました。 内容をみると全く再生されてなくてもおかしくない内容ですが、これはタイトルや概要欄の...,0,0
285,2026/2/2 7:38,病気、症状,af58762de,8時間24分,3,20,6.7,0,0,0.04,15.0,0.0,0.34,あと3日,https://detail.chiebukuro.yahoo.co.jp/qa/question_detail/q11324922826,コロナっていつ頃検査したら良いのでしょうか 今までを分かりやすい日付にすると 今月の1日、2日にバイトで組んだ人がコロナだと判明 ↓ 7日にそれを知った ↓ 6日から風邪っぽい症状が続いていて、一応 ...,0,0
286,2026/2/2 7:38,気象、天気,awl********,8時間25分,4,71,17.8,1,0,0.141,5.63,0.03,0.73,あと3日,https://detail.chiebukuro.yahoo.co.jp/qa/question_detail/q10324922825,なぜこんなに雨が降らないのでしょうか？Σ（ﾟдﾟlll） 大雨とか大雪が起こる地域と違って目立ちにくいですが、雨が全くといえるほど降らない現状はかなり深刻な異常気象だなと感じます。,0,0
287,2026/2/2 7:38,恋愛相談、人間関係の悩み,a80ad82e1,8時間25分,0,5,5.0,0,0,0.01,0.0,0.0,0.01,あと3日,https://detail.chiebukuro.yahoo.co.jp/qa/question_detail/q13324922823,東村山西高校と、羽村高校どちらかの在校生の方に質問です。治安が少しでもいい方はどっちだと思いますか？ご意見をいただけますと幸いです。,0,0
288,2026/2/2 7:38,恋愛相談,b185c5a67,8時間25分,3,43,14.3,0,0,0.085,6.98,0.01,0.38,あと3日,https://detail.chiebukuro.yahoo.co.jp/qa/question_detail/q12324922822,高校3年の男子です。この前好きな子をユニバに誘ってOKを貰ったのですが脈アリの可能性はどれくらいあるでしょうか？ 相手の子は小学校の頃の仲良かった友達で僕はその子に１回告白されてます。しかし中学、高校...,0,0
289,2026/2/2 7:37,占い、超常現象,ypq********,8時間26分,0,2,2.0,0,0,0.004,0.0,0.0,0.0,あと3日,https://detail.chiebukuro.yahoo.co.jp/qa/question_detail/q14324922819,夢占いの知識ある方に回答お願いします。 夢の中で野球の大谷翔平選手に会いキャッチボールをしたり、食事をしたりしました。そしてその際に嬉しさ、感動からだと思うのですが涙が沢山出ました。 その間、本当に二...,0,0
290,2026/2/2 7:37,政治、社会問題,agu********,8時間26分,4,27,6.8,0,0,0.053,14.81,0.0,0.45,あと3日,https://detail.chiebukuro.yahoo.co.jp/qa/question_detail/q12324922817,右派が外国人いらないというと 玄関口の成田空港もいらなくなり 左派グループに土地を返せば お互いにwinwinになるのですか？,0,0
291,2026/2/2 7:37,コスプレ,siekflute,8時間26分,0,14,14.0,0,0,0.028,0.0,0.0,0.03,あと3日,https://detail.chiebukuro.yahoo.co.jp/qa/question_detail/q11324922816,コスプレ好きな方に質問します。 近い将来、コスプレが開かれる予定の場所に、 行こうと思うのですけど、 どのようなイベントが行われるのでしょうか？,0,0
292,2026/2/2 7:37,観光地、行楽地,やま,8時間26分,0,13,13.0,0,0,0.026,0.0,0.0,0.03,あと3日,https://detail.chiebukuro.yahoo.co.jp/qa/question_detail/q14324922814,宮古島観光で天気は雨模様で朝から夕方まで時間が空いた際、お勧めは何でしょうか？ 有名どころは一通り回っていますので、穴場や時間潰しができる場所になります。,0,0
293,2026/2/2 7:37,オーディオ,is,8時間26分,0,1,1.0,0,0,0.002,0.0,0.0,0.0,あと3日,https://detail.chiebukuro.yahoo.co.jp/qa/question_detail/q10324922815,アンカーのエアロフィット2は、v40iとは、違って耳周りが痛くないですか？,0,0
294,2026/2/2 7:37,生き方、人生相談,1151699979,8時間26分,4,35,8.8,0,0,0.069,11.43,0.01,0.46,あと3日,https://detail.chiebukuro.yahoo.co.jp/qa/question_detail/q13324922813,自分のことも自分の人生も嫌いになりすぎてしまった場合、どうしたらいいでしょう。,0,0
295,2026/2/2 7:37,家族関係の悩み,sev********,8時間26分,6,131,21.8,0,14,0.259,4.58,0.06,1.68,あと3日,https://detail.chiebukuro.yahoo.co.jp/qa/question_detail/q12324922812,至急！ 昨日彼氏が、スマホを変える際、お母さんを連行し一緒に携帯ショップに行ってました。 これってローンが通らないからお母さんの名義で変えてますよね？ 彼氏の内情はほとんど知ってますが、私との生活にあ...,0,0
296,2026/2/2 7:37,郵便、宅配,1051934725,8時間26分,6,20,3.3,0,0,0.039,30.0,0.0,0.63,あと3日,https://detail.chiebukuro.yahoo.co.jp/qa/question_detail/q11324922811,今でも年賀状って売ってる場所ありますか？,0,0
297,2026/2/2 7:37,スポーツ,erf********,8時間26分,2,10,5.0,0,0,0.02,20.0,0.0,0.22,あと3日,https://detail.chiebukuro.yahoo.co.jp/qa/question_detail/q10324922810,東海大学附属浦安高校は部活、スポーツに力を入れているのでしょうか？以前に夏の甲子園で準優勝し、柔道の全国大会で優勝したこともあったと記憶しています。,0,0
298,2026/2/2 7:37,高校受験,lqxxllll,8時間26分,6,104,17.3,0,0,0.205,5.77,0.04,0.8,あと3日,https://detail.chiebukuro.yahoo.co.jp/qa/question_detail/q13324922808,ちゅうさん女子です。私は校長推薦で私立高校を受け、最近合格をもらいました。 ですがここのところ学校がほんとにつらくて、遅刻や欠席がふえてしまっています。欠席日数は、もともとの基準である日数を超えてしま...,0,0
299,2026/2/2 7:37,コンビニ,BKW,8時間27分,2,10,5.0,0,0,0.02,20.0,0.0,0.22,あと3日,https://detail.chiebukuro.yahoo.co.jp/qa/question_detail/q12324922807,大至急です！浜松町駅周辺でネクタイを売ってるコンビニ等はありますか？？,0,0
300,2026/2/2 7:36,友人関係の悩み,匿名希望,8時間28分,3,21,7.0,0,0,0.041,14.29,0.0,0.34,あと3日,https://detail.chiebukuro.yahoo.co.jp/qa/question_detail/q10324922805,社会人になってからも学生の時の友達と会う人ってなんの話をするんでしょうか。 自分は卒業してから一切会わなくなるのでちょっと分かりません。,0,0
301,2026/2/2 7:36,占い,ypq********,8時間28分,0,6,6.0,0,0,0.012,0.0,0.0,0.01,あと3日,https://detail.chiebukuro.yahoo.co.jp/qa/question_detail/q14324922804,夢占いの知識ある方に回答お願いします。 夢の中で野球の大谷翔平選手に会いキャッチボールをしたり、食事をしたりしました。そしてその際に嬉しさ、感動からだと思うのですが涙が沢山出ました。 その間、本当に二...,0,0
302,2026/2/2 7:36,ホテル、旅館,151864214,8時間28分,2,14,7.0,0,0,0.028,14.29,0.0,0.22,あと3日,https://detail.chiebukuro.yahoo.co.jp/qa/question_detail/q13324922803,じゃらん等で、提携飲食店のお食事券2000円3000円分付き、 飛び込み客と比べて、特なんですか？,0,0
303,2026/2/2 7:36,職場の悩み,非公開,8時間28分,0,10,10.0,0,0,0.02,0.0,0.0,0.02,あと3日,https://detail.chiebukuro.yahoo.co.jp/qa/question_detail/q11324922801,仕事を毎回無自覚に当然のことだと思って丸投げしてくる他所の部署の先輩に、少し怒り口調になってしまいました。まずいですか？,0,0
304,2026/2/2 7:36,トレーニング,a266730cc,8時間28分,3,34,11.3,0,0,0.067,8.82,0.01,0.36,あと3日,https://detail.chiebukuro.yahoo.co.jp/qa/question_detail/q10324922800,トレーニーの方に質問です。 胸の日、肩の日、腕背中の日 の3日のサイクルで筋トレを毎日1時間してます 最近胸の筋トレをしてま筋肉痛が全く来ません 恐らくフォームだったり回数だと思います 昨日胸やったの...,0,0
305,2026/2/2 7:36,友人関係の悩み,非公開,8時間28分,4,56,14.0,0,1,0.11,7.14,0.02,0.56,あと3日,https://detail.chiebukuro.yahoo.co.jp/qa/question_detail/q13324922798,遊びや旅行に誘ったら、誘いにはのってくれるんですが、友人からはほぼ遊びの誘いやら連絡がない友人て、 そういう付き合いに不安を感じてしまうって。そういう友人て縁がない人なんでしょうか？,0,0
306,2026/2/2 7:36,恋愛相談、人間関係の悩み,1251891554,8時間28分,2,40,20.0,0,1,0.079,5.0,0.02,0.33,あと3日,https://detail.chiebukuro.yahoo.co.jp/qa/question_detail/q12324922797,どのくらい会えてないと、恋人に冷めていきますか？性別も教えてください。3週間ってどうですか？,0,0
307,2026/2/2 7:36,テレビ、ラジオ,b35222080,8時間28分,0,23,23.0,0,0,0.045,0.0,0.0,0.05,あと3日,https://detail.chiebukuro.yahoo.co.jp/qa/question_detail/q11324922796,今朝のZIPに出ていたこの男性は誰ですか？,0,0
308,2026/2/2 7:36,懸賞、くじ,x27********,8時間28分,3,47,15.7,0,2,0.092,6.38,0.01,0.5,あと3日,https://detail.chiebukuro.yahoo.co.jp/qa/question_detail/q10324922795,宝くじに高額当選しても誰にも言わず働いている人は多いですね？ 非課税だし。,0,0
309,2026/2/2 7:36,政治、社会問題,dor********,8時間28分,2,30,15.0,0,0,0.059,6.67,0.01,0.26,あと3日,https://detail.chiebukuro.yahoo.co.jp/qa/question_detail/q14324922794,森下ちさとさん 昔ファンでした。 そして今、選挙にでています。 クリームパンでネットを騒がしている方と同じところですが、今回は当選するのか皆さんどう思います＞？ 僕はどうしても当選してほしいです。 地...,0,0
310,2026/2/2 7:36,自動車,Mochi,8時間28分,2,41,20.5,0,2,0.081,4.88,0.02,0.39,あと3日,https://detail.chiebukuro.yahoo.co.jp/qa/question_detail/q11324922791,現行クロスビー、先代より動力性能は下がりましたが これ位の雪道、走れますかね？ （国産スタッドレス履かせてる前提で） 【アイスバーン走行】クロスビーの 4WDで行く真冬の「美ヶ原高原」 https:/...,0,0
311,2026/2/2 7:36,ニュース、事件,pin********,8時間28分,3,22,7.3,0,0,0.043,13.64,0.0,0.34,あと3日,https://detail.chiebukuro.yahoo.co.jp/qa/question_detail/q13324922793,中道安住淳氏、高市首相の「３点セット」問題を指摘「一国の宰相としての責任が…」という記事ですが、「一国の宰相としての責任が…」と判断するのは国民です。 対立政党の立場で批判したって国民が受け入れるわけ...,0,0
312,2026/2/2 7:36,病気、症状,匿名,8時間28分,4,62,15.5,0,0,0.122,6.45,0.02,0.51,あと3日,https://detail.chiebukuro.yahoo.co.jp/qa/question_detail/q12324922792,受験生なのに体調を崩しました…。 2日前から最高7.9の微熱が続いて咳が止まりません。本番に引かなくて良かったと思ってますが、できるだけはなく治して勉強したいです。体調不良はどうしたらすぐ治りますか？...,0,0
313,2026/2/2 7:36,自動車,sh0********,8時間28分,0,18,18.0,0,0,0.035,0.0,0.0,0.04,あと3日,https://detail.chiebukuro.yahoo.co.jp/qa/question_detail/q10324922790,レクサスLC500hが前を走行してた時に気付いた事です。平坦な道で約4秒間隔でマフラーから煙が出ます。寒いから白く見えるのは当然です。 この時にエンジン始動が短い間隔で行われてるんですかね？,0,0
314,2026/2/2 7:36,家族関係の悩み,juc********,8時間29分,4,56,14.0,0,0,0.11,7.14,0.02,0.5,あと3日,https://detail.chiebukuro.yahoo.co.jp/qa/question_detail/q14324922789,嫁の立場の方 義理親との関わりの頻度はどのくらいですか？,0,0
315,2026/2/2 7:36,運転免許,まぁ,8時間29分,2,19,9.5,0,1,0.037,10.53,0.0,0.29,あと3日,https://detail.chiebukuro.yahoo.co.jp/qa/question_detail/q13324922788,動物保護施設の送迎ありのお仕事が気になっています。飼育他、動物病院や譲渡先、色んな状況での運転が必要になると思うのですが 私はペーパードライバー15年です。 どのくらいに自動車学校に通わないといけない...,0,0
316,2026/2/2 7:36,画像処理、制作,ba206e02f,8時間29分,0,5,5.0,0,0,0.01,0.0,0.0,0.01,あと3日,https://detail.chiebukuro.yahoo.co.jp/qa/question_detail/q12324922787,AI画像 Whisk 無料版 ネガティブプロンプト イラスト プログラミング Whisk無料版にはネガティブプロンプトの項目がありません プロンプトでネガティブプロントの支持を出す方法を教えて下さい,0,0
317,2026/2/2 7:35,友人関係の悩み,Mochi,8時間30分,1,21,21.0,0,0,0.041,4.76,0.01,0.14,あと3日,https://detail.chiebukuro.yahoo.co.jp/qa/question_detail/q11324922786,アラサーの既婚、男です。 Twitterで、趣味で2年前位から繋がっていた女の子から ご飯のお誘い来て浮足立っているのですが、どうしたら良いでしょうか！？ Twitterでは独身、彼女無しアラサー男の...,0,0
318,2026/2/2 7:35,メイク、コスメ,c91fb1839,8時間30分,0,6,6.0,0,0,0.012,0.0,0.0,0.01,あと3日,https://detail.chiebukuro.yahoo.co.jp/qa/question_detail/q10324922785,下まつげない方が粘膜のピンクが強調されるし、粘膜ラインもひきやすいと思うので抜こうと思うんですが、何かデメリットはありますか？,0,0
319,2026/2/2 7:35,病院、検査,きなこ,8時間30分,3,24,8.0,0,1,0.047,12.5,0.0,0.4,あと3日,https://detail.chiebukuro.yahoo.co.jp/qa/question_detail/q14324922784,肺がん検診で、「索状影 左下肺」と書かれた（添付のお写真）。 精密検査不要とありますが、どんな病気？心配がありますか。 血液検査も良好でして、その他の検査も異常はないのですが。気になっています。 お父...,0,0
320,2026/2/2 7:35,Android,1152084036,8時間30分,3,38,12.7,0,1,0.074,7.89,0.01,0.43,不明,https://detail.chiebukuro.yahoo.co.jp/qa/question_detail/q13324922783,ソフトバンクで購入したXperia 1 viを新たにdocomo回線のSIMカードに差し替えて使用したいのですが、どれだけ再起動やAPN設定を見直しても、モバイルデータが使用できません。 差し替えたS...,0,0
321,2026/2/2 7:35,高校野球,erf********,8時間30分,4,36,9.0,0,0,0.071,11.11,0.01,0.46,あと3日,https://detail.chiebukuro.yahoo.co.jp/qa/question_detail/q12324922782,千葉県の野球の名門、銚子商業高校の甲子園出場はもうないのでしょうか？昔甲子園で優勝したときのような勢いは無いのでしょうか？,0,0
322,2026/2/2 7:35,妊娠、出産,bdf71146a,8時間30分,3,79,26.3,0,3,0.155,3.8,0.04,0.62,あと3日,https://detail.chiebukuro.yahoo.co.jp/qa/question_detail/q11324922781,自身の子どもを死産しました。 毎日悲しくて〇〇だけ良かったらなどたらればを考えてしまいます。私の選択は間違っていたのでしょうか、、？ 私は21週2日の定期検診でいつものように病院へいきまだ性別がわから...,0,0
323,2026/2/2 7:35,プロ野球,nor********,8時間30分,2,22,11.0,0,0,0.043,9.09,0.0,0.24,あと3日,https://detail.chiebukuro.yahoo.co.jp/qa/question_detail/q10324922780,佐藤は今季も４０打てますかね,0,0
324,2026/2/2 7:35,X（旧Twitter）,a4a768853,8時間30分,1,21,21.0,0,1,0.041,4.76,0.01,0.2,あと3日,https://detail.chiebukuro.yahoo.co.jp/qa/question_detail/q14324922779,Xのイラストについて質問です。 私はXでゆるく二次創作イラストをあげている者です。本当にゆるくやっているので、月に一枚上げるかどうか、というレベルです。なので当然フォロワー数も多くなく、180人程度で...,0,0
325,2026/2/2 7:35,パソコン,1053248287,8時間30分,14,115,8.2,0,5,0.225,12.17,0.02,1.89,あと3日,https://detail.chiebukuro.yahoo.co.jp/qa/question_detail/q13324922778,メルカリで予算五万円あればゲーミングPC買えますか？ （詐欺とかにあっても自己責任で）,0,0
326,2026/2/2 7:35,レディース全般,kum********,8時間30分,0,5,5.0,0,0,0.01,0.0,0.0,0.01,あと3日,https://detail.chiebukuro.yahoo.co.jp/qa/question_detail/q11324922776,オシャレが好きな方に質問です。 夏に東京、千葉に行く際 サンバリアの折りたたみを持っていくために 新しく買おうかと思ってるのですが 色で迷っています。 どの色の傘が一番 どの色の服にも合わせやすいと思...,0,0
327,2026/2/2 7:35,恋愛相談,Mochi,8時間30分,2,22,11.0,0,6,0.043,9.09,0.0,0.59,あと3日,https://detail.chiebukuro.yahoo.co.jp/qa/question_detail/q10324922775,アラサーの既婚、男です。 Twitterで、趣味で2年前位から繋がっていた女の子から ご飯のお誘い来て浮足立っているのですが、どうしたら良いでしょうか！？ Twitterでは独身、彼女無しアラサー男の...,0,0
328,2026/2/2 7:35,園芸、ガーデニング,a4f58b119,8時間30分,0,6,6.0,0,0,0.012,0.0,0.0,0.01,あと3日,https://detail.chiebukuro.yahoo.co.jp/qa/question_detail/q14324922774,めちゃくちゃ至急 このような部屋でそのまま田植えをやる際は水を溜める際は、どうやるのが良いと思いますか,0,0
329,2026/2/2 7:35,電子マネー、電子決済,a125b67ec,8時間30分,0,11,11.0,0,0,0.022,0.0,0.0,0.02,あと3日,https://detail.chiebukuro.yahoo.co.jp/qa/question_detail/q13324922773,ファミリークラブWebのPayPay支払いに失敗して自動退会になってしまいました。 そのため支払いをしようと思いログインして、支払い方法をもう一度PayPayに選択したのですが、連携のページまでいって...,0,0
330,2026/2/2 7:35,動画サービス,b21af12f7,8時間31分,0,3,3.0,0,0,0.006,0.0,0.0,0.01,あと3日,https://detail.chiebukuro.yahoo.co.jp/qa/question_detail/q12324922772,とあるサイトの動画を見終わったあとにこの画像が10秒ほど流れたのですかこの画像はなんなのでしょうか？,0,0
331,2026/2/2 7:35,高校受験,ひじき,8時間31分,9,83,9.2,1,0,0.162,10.84,0.01,1.24,あと3日,https://detail.chiebukuro.yahoo.co.jp/qa/question_detail/q11324922771,至急。今日入試です！応援メッセージください( ; ; ),0,0
332,2026/2/2 7:35,政治、社会問題,笑顔の王,8時間31分,3,37,12.3,0,0,0.072,8.11,0.01,0.37,あと3日,https://detail.chiebukuro.yahoo.co.jp/qa/question_detail/q10324922770,高市総理による不用意な発言、 台湾有事発言と円安ホクホク発言、どっちがより不用意だったでしょうか。,0,0
333,2026/2/2 7:35,数学,b5f536669,8時間31分,1,60,60.0,0,1,0.117,1.67,0.07,0.27,不明,https://detail.chiebukuro.yahoo.co.jp/qa/question_detail/q14324922769,この問題の2番と3番の解き方を教えて下さい。 答えは①3:2 ②1:3 ③16√21/7です。 ②が何度解いても1:2になってしまいます（ ; ; ）,0,0
334,2026/2/2 7:35,ファッション,tak********,8時間31分,0,6,6.0,0,0,0.012,0.0,0.0,0.01,あと3日,https://detail.chiebukuro.yahoo.co.jp/qa/question_detail/q12324922767,カナダグースのお店って夏でもダウン売ってるんですか？？,0,0
335,2026/2/2 7:35,メンズバッグ、財布、小物類,gra********,8時間31分,1,7,7.0,0,0,0.014,14.29,0.0,0.11,あと3日,https://detail.chiebukuro.yahoo.co.jp/qa/question_detail/q13324922768,春財布について質問があります 先月末にショッピングモールのバッグや財布を取り扱ってるお店で財布を購入しました その時に店員さんから「今日は財布を購入するにはよい日ですよ 特に寅年生まれの人は」と言われ...,0,0
336,2026/2/2 7:35,コンタクトレンズ、視力矯正,ひな,8時間31分,1,7,7.0,0,0,0.014,14.29,0.0,0.11,あと3日,https://detail.chiebukuro.yahoo.co.jp/qa/question_detail/q11324922766,ブラウンの水光カラコンおすすめ教えてください！着色直径は問いません！とにかく盛れるものがいいです！ ・水光カラコン ・ハイライト部分が明るくてくっきりしてる ・回らない が理想です！でも回るやつでも大...,0,0
337,2026/2/2 7:35,外国映画,*******,8時間31分,3,64,21.3,0,7,0.125,4.69,0.03,0.83,不明,https://detail.chiebukuro.yahoo.co.jp/qa/question_detail/q10324922765,「傘」から思い浮かぶ映画を教えてもらえますか？ 洋画、邦画、アニメなどジャンルは何でもOKです。 解釈はご自由にお願いします。 ※回答1〜3つお願いします。 雨に唄えば https://youtu.b...,0,0
338,2026/2/2 7:34,恋愛相談、人間関係の悩み,1152448863,8時間32分,5,27,5.4,0,0,0.053,18.52,0.0,0.54,あと3日,https://detail.chiebukuro.yahoo.co.jp/qa/question_detail/q14324922764,彼氏の誕生日に花をプレゼントしたいのですが、どんな花がいいんでしょうか？ 花の種類や花が持つ意味みたいなものを全然知らないまま誕生日が近づいてしまい、焦っています。,0,0
339,2026/2/2 7:34,スキー,1052304487,8時間32分,1,18,18.0,0,0,0.035,5.56,0.01,0.13,あと3日,https://detail.chiebukuro.yahoo.co.jp/qa/question_detail/q13324922763,いよいよミラノ、コルティナ五輪が開幕致しますが、スキー競技で注目してる競技は何でしょうか？ご意見をお願いします。 個人的にはスキーの花形であるSL、GSと言いたいところですが、国内ではあまり見かけない...,0,0
340,2026/2/2 7:34,学校の悩み,1150951378,8時間32分,2,10,5.0,0,0,0.02,20.0,0.0,0.21,あと3日,https://detail.chiebukuro.yahoo.co.jp/qa/question_detail/q12324922762,大阪芸大通信の音楽科に入学するのですが、基本的にどんなことをするのでしょうか？ 教職を取ろうと思ってるのですがその内容も教えていただきたいです。スクーリングの雰囲気や、ソルフェージュなどの実技の雰囲気...,0,0
341,2026/2/2 7:34,将来の夢,134042_,8時間32分,5,30,6.0,0,0,0.059,16.67,0.0,0.54,あと3日,https://detail.chiebukuro.yahoo.co.jp/qa/question_detail/q11324922761,19歳で自分が人生で本当にやりたいことに気づくのって遅いですか,0,0
342,2026/2/2 7:34,声優,暇な人,8時間32分,2,28,14.0,0,0,0.055,7.14,0.01,0.25,あと3日,https://detail.chiebukuro.yahoo.co.jp/qa/question_detail/q10324922760,NHKの朝ドラに出演したことある声優さんを教えてください,0,0
343,2026/2/2 7:34,英語,anonymous,8時間32分,6,43,7.2,0,0,0.084,13.95,0.01,0.67,あと3日,https://detail.chiebukuro.yahoo.co.jp/qa/question_detail/q14324922759,The newly discovered element was named radium.という文があるのですが、newly discoveredは2語なのになぜelement の前にあるんですか。,0,0
344,2026/2/2 7:34,高校野球,erf********,8時間33分,6,39,6.5,0,2,0.076,15.38,0.0,0.78,あと3日,https://detail.chiebukuro.yahoo.co.jp/qa/question_detail/q13324922758,高校野球で、大阪桐蔭高校の全盛期はもう過ぎてしまったのでしょうか？昔のように圧倒的な強さを発揮してはいないのでしょうか？,0,0
345,2026/2/2 7:34,カフェ、喫茶,dor********,8時間33分,2,10,5.0,0,0,0.019,20.0,0.0,0.21,あと3日,https://detail.chiebukuro.yahoo.co.jp/qa/question_detail/q12324922757,スターバックスとその他の珈琲店 どちらがいいですか？ 地元では米田珈琲が店舗たくさんありますが僕はスタバです。 最近スターを集めるためにメンバーになりました。 またみなさんのカフェ生活を教えてください...,0,0
346,2026/2/2 7:34,オンラインゲーム,1052449390,8時間33分,1,8,8.0,0,0,0.016,12.5,0.0,0.11,あと3日,https://detail.chiebukuro.yahoo.co.jp/qa/question_detail/q11324922756,イナイレv クロニクル周回でおすすめのチーム編成を教えてください,0,0
347,2026/2/2 7:34,メルカリ,aqa********,8時間33分,3,30,10.0,0,0,0.058,10.0,0.01,0.35,あと3日,https://detail.chiebukuro.yahoo.co.jp/qa/question_detail/q10324922755,匿名配送のポスト発送部類の荷物番号を記録していない場合で、取引完了後に追跡を観る方法ありますか？,0,0
348,2026/2/2 7:34,スマートフォン,1051719628,8時間33分,2,18,9.0,0,5,0.035,11.11,0.0,0.52,あと3日,https://detail.chiebukuro.yahoo.co.jp/qa/question_detail/q12324922752,最近の格安スマホの本体のバックパネルはペラペラのプラスチックですが強度は無いに等しいですよね。,0,0
349,2026/2/2 7:34,花粉症、アレルギー,Mochi,8時間33分,3,18,6.0,0,0,0.035,16.67,0.0,0.33,あと3日,https://detail.chiebukuro.yahoo.co.jp/qa/question_detail/q13324922753,広島県、そろそろスギ花粉飛び始めている？,0,0
350,2026/2/2 7:34,文学、古典,民法３９６条（抵当権の消滅時効）,8時間33分,0,4,4.0,0,0,0.008,0.0,0.0,0.01,あと3日,https://detail.chiebukuro.yahoo.co.jp/qa/question_detail/q14324922754,三四郎は、どうすればよっぽど度胸のない方ですね、と女性に言われなくてすんだんですか？,0,0
351,2026/2/2 7:33,住宅,bfdc85c9a,8時間34分,1,17,17.0,0,1,0.033,5.88,0.01,0.19,あと3日,https://detail.chiebukuro.yahoo.co.jp/qa/question_detail/q11324922751,私は現在高校生の寮暮らしです。 2ヶ月ほど前、部屋の中で電子レンジを使ってはいけないのに使ってしまっていて点検の人が来た時に私の部屋だけ電気量が異常だったのでバレてしまい次はありません 1週間前ほど2...,0,0
352,2026/2/2 7:33,政治、社会問題,非公開,8時間34分,8,73,9.1,0,0,0.142,10.96,0.01,0.92,あと3日,https://detail.chiebukuro.yahoo.co.jp/qa/question_detail/q10324922750,社会保険料の引き下げすべきと言う人に聞きたいのですが、仮に引き下げたとすると、他の方法で社会保障に使う金を持ってくるか、社会保障に使う金を減らす等が必要だと思うのですが、 そこら辺どうすべきと思います...,0,0
353,2026/2/2 7:33,家電、AV機器,キング大山,8時間34分,0,3,3.0,0,0,0.006,0.0,0.0,0.01,あと3日,https://detail.chiebukuro.yahoo.co.jp/qa/question_detail/q14324922749,ヨドバシのような家電屋で小型Bluetoothスピーカー視聴したいとき 静かな場所に移動させてくれたりできますかね？,0,0
354,2026/2/2 7:33,職場の悩み,リリアン,8時間34分,2,30,15.0,0,0,0.058,6.67,0.01,0.25,あと3日,https://detail.chiebukuro.yahoo.co.jp/qa/question_detail/q13324922748,コミュ力高い方に質問です。 社交性 コミュ力は高いけど無理だった職場の人間関係ってありますか？ 自分はわりと人見知りもなく誰とでも分け隔てなく話せるタイプなのですが、ベンチャーに入り既に出来上がってた...,0,0
355,2026/2/2 7:33,政治、社会問題,笑顔の王,8時間34分,1,18,18.0,0,0,0.035,5.56,0.01,0.13,あと3日,https://detail.chiebukuro.yahoo.co.jp/qa/question_detail/q12324922747,今回の選挙でも外国人問題が議論されてますが、排外主義の行きついた先が現在のアメリカということなんでしょうかね。,0,0
356,2026/2/2 7:33,退職,tse********,8時間34分,3,68,22.7,0,0,0.132,4.41,0.03,0.42,不明,https://detail.chiebukuro.yahoo.co.jp/qa/question_detail/q11324922746,失業保険、再就職手当について 教えてください。 1月末に退職しました。 まだ離職票は手元にありません。 今の状態で、例えば次の就職が早ければ失業保険をもらえない代わりに次の就職先に失業保険を持ち越す？...,0,0
357,2026/2/2 7:33,俳優、女優,erf********,8時間34分,3,34,11.3,0,1,0.066,8.82,0.01,0.41,あと3日,https://detail.chiebukuro.yahoo.co.jp/qa/question_detail/q10324922745,男性の皆さんに質問です。水着姿が最も美しいと思う女優、アイドルは誰でしょうか？,0,0
358,2026/2/2 7:33,ニキビケア,que********,8時間35分,1,9,9.0,0,0,0.017,11.11,0.0,0.11,あと3日,https://detail.chiebukuro.yahoo.co.jp/qa/question_detail/q14324922744,アラフォーになり常にニキビができるようになりました。 ニキビがないときがありません。 常にどこかにできています。 ニキビ跡も治りづらくなり、色素沈着だけがどんどん増え悩んでいます。 皮膚科に行ってもパ...,0,0
359,2026/2/2 7:33,鉄道、列車、駅,1251279919,8時間35分,3,57,19.0,1,3,0.111,5.26,0.02,0.77,不明,https://detail.chiebukuro.yahoo.co.jp/qa/question_detail/q13324922743,米原から大宮へ行きます。 大垣駅と名古屋駅で途中下車し、新幹線で名古屋から東京まで行きます。 乗車券の途中下車対象駅でしょうか？,0,0
360,2026/2/2 7:33,住宅ローン,b7e25b25,8時間35分,2,49,24.5,0,0,0.095,4.08,0.02,0.29,不明,https://detail.chiebukuro.yahoo.co.jp/qa/question_detail/q12324922742,住信ＳBＩで住宅ローンを不動産経由で申し込みました。仮審査は通りこの後本審査になります。15年前に会社経営で自己破産してます。現在は銀行系の信用情報はきれいになってます。 この件は不動産屋には言ってい...,0,0
361,2026/2/2 7:32,本、雑誌,1151279247,8時間36分,0,12,12.0,0,0,0.023,0.0,0.0,0.02,あと3日,https://detail.chiebukuro.yahoo.co.jp/qa/question_detail/q11324922741,幼少期好きだった絵本？の名前がわかりません。 ふと思い出したのですが、断片的にしか記憶がなく、気になっています。 恐竜がコック帽をかぶってハンバーガーショップの店員さんをしています。主人公（多分恐竜じ...,0,0
362,2026/2/2 7:32,大学受験,b9fc7a242,8時間36分,5,74,14.8,0,0,0.143,6.76,0.02,0.63,あと3日,https://detail.chiebukuro.yahoo.co.jp/qa/question_detail/q10324922740,今年受験に受かれば高校生になります。それで私はとても頭が悪いのですが、今から頑張ればいい大学に入れますか？,0,0
363,2026/2/2 7:32,政治、社会問題,笑顔の王,8時間36分,5,55,11.0,1,6,0.107,9.09,0.01,1.13,あと3日,https://detail.chiebukuro.yahoo.co.jp/qa/question_detail/q14324922739,政治的思想は別として、高市早苗氏って台湾有事発言にしても円安ホクホク発言にしても不用意な発言が多すぎて、そもそも総理大臣としての資質に問題があるということなんじゃないでしょうかね。,0,0
364,2026/2/2 7:32,資格,jmwtp@m,8時間36分,3,10,3.3,0,0,0.019,30.0,0.0,0.31,あと3日,https://detail.chiebukuro.yahoo.co.jp/qa/question_detail/q13324922738,マイクロオフィススペシャリストの資格は短大で取得必修科目のイメージで簿記2級とi'tパスポートは大学の経済、経営、商学部の必修科目のイメージ。 短大から2年間で簿記2級とi'tパスポートは時間的に難し...,0,0
365,2026/2/2 7:32,占い,yet********,8時間36分,3,41,13.7,0,0,0.079,7.32,0.01,0.37,あと3日,https://detail.chiebukuro.yahoo.co.jp/qa/question_detail/q12324922737,四柱推命にお詳しい方、ご教示願えませんでしょうか。 1982年11月26日午前6時生まれの男です。 今年から大運が切り替わり、「丙辰」の大運となるのですが どのような10年になりそうでしょうか… 私は...,0,0
366,2026/2/2 7:32,恋愛相談,サラまならや,8時間36分,2,47,23.5,0,0,0.091,4.26,0.02,0.28,あと3日,https://detail.chiebukuro.yahoo.co.jp/qa/question_detail/q11324922736,可愛いですか〜？,0,0
367,2026/2/2 7:32,大学,1150951378,8時間36分,1,8,8.0,0,0,0.015,12.5,0.0,0.11,あと3日,https://detail.chiebukuro.yahoo.co.jp/qa/question_detail/q14324922734,大阪芸大通信の音楽科に入学するのですが、パソコンはWindowsがいいですか？MacBookがいいですか？？主にどんなことで使用しますか？ 教えていただきたいです！,0,0
368,2026/2/2 7:32,女性アイドル,c36a7c8da,8時間36分,4,67,16.8,0,0,0.13,5.97,0.02,0.52,あと3日,https://detail.chiebukuro.yahoo.co.jp/qa/question_detail/q13324922733,FRUITS ZIPPERについて質問です 東京ドーム公演も成功させてずっとずっと上しか登ってないふるっぱーの正確な人気順が知りたいです。櫻井優衣、松本かれん、が1番人気って言う人が多いと思うのですが...,0,0
369,2026/2/2 7:32,恋愛相談、人間関係の悩み,t,8時間36分,2,17,8.5,0,0,0.033,11.76,0.0,0.23,あと3日,https://detail.chiebukuro.yahoo.co.jp/qa/question_detail/q11324922731,冷たかったら誰からも好かれないですか？,0,0
370,2026/2/2 7:32,音楽,1152209439,8時間36分,0,2,2.0,0,0,0.004,0.0,0.0,0.0,あと3日,https://detail.chiebukuro.yahoo.co.jp/qa/question_detail/q10324922730,ニアジョイスペライについて、 応募方法がよくわかっていないのですが、初回限定版のCDのタイプD？を購入すればいいのでしょうか? 店頭に置いてますか？ 何口ほど応募すれば前の方で見れるのでしょうか。,0,0
371,2026/2/2 7:31,郵便、宅配,wkw********,8時間37分,1,22,22.0,1,1,0.042,4.55,0.01,0.39,あと3日,https://detail.chiebukuro.yahoo.co.jp/qa/question_detail/q14324922729,ウーバーの配達について質問です 約1000件ほど配達をしているのですが ここ2ヶ月ほどクエストが一切来なくなりました 原因はなんでしょうか？ お問い合わせしたいのですが、問い合わせ方法を教えてください...,0,0
372,2026/2/2 7:31,恋愛相談、人間関係の悩み,束枕,8時間37分,13,189,14.5,0,30,0.365,6.88,0.05,3.35,あと3日,https://detail.chiebukuro.yahoo.co.jp/qa/question_detail/q12324922727,社会に出たら学歴は関係ないというのは本当ですか？？18女です,0,0
373,2026/2/2 7:31,料理、食材,sin********,8時間38分,1,38,38.0,0,0,0.073,2.63,0.03,0.17,あと3日,https://detail.chiebukuro.yahoo.co.jp/qa/question_detail/q11324922726,ノンフライヤーを２年使っています。ただ、スーパー等で出来合物を買ったもの二度揚げ程度、冷凍食品等に使っています。 自分で作るとんかつや、鶏の唐揚げ等にノンフライヤーって使えます？とんかつや、パン粉が付...,0,0
374,2026/2/2 7:31,ドラマ,メロンジュース,8時間38分,5,46,9.2,0,4,0.089,10.87,0.01,0.8,あと3日,https://detail.chiebukuro.yahoo.co.jp/qa/question_detail/q10324922725,ドラマ『お米の女』で松嶋菜々子さんが素敵だと思います。 しかし、別の女優さんで、お米の女に適任な女優さんは、他にいると思いますか？ もし 思い浮かぶ女優さんがいたらお願いします。 今は 女優業ができな...,0,0
375,2026/2/2 7:31,日本史,非公開,8時間38分,1,28,28.0,0,0,0.054,3.57,0.02,0.15,あと3日,https://detail.chiebukuro.yahoo.co.jp/qa/question_detail/q14324922724,明治天皇の血液型はなに？,0,0
377,2026/2/2 7:31,マラソン、陸上競技,すたんだーとたから,8時間38分,1,28,28.0,0,1,0.054,3.57,0.02,0.21,あと3日,https://detail.chiebukuro.yahoo.co.jp/qa/question_detail/q11324922721,至急お願いします！あと1時間後に持久走があります。途中で横腹が痛くなったりするのを防いだり走ってる途中で抑える方法はありますか？ どうやったら同じペースで走り続けられるでしょうか。4キロめくらいから横...,0,0
378,2026/2/2 7:31,高校野球,erf********,8時間38分,2,26,13.0,0,0,0.05,7.69,0.01,0.24,あと3日,https://detail.chiebukuro.yahoo.co.jp/qa/question_detail/q12324922722,春の選抜甲子園で、優勝候補はどこでしょうか？有名な大阪桐蔭高校野球部も出場するのでしょうか？,0,0
379,2026/2/2 7:31,資格,1150418675,8時間38分,0,2,2.0,0,0,0.004,0.0,0.0,0.0,あと3日,https://detail.chiebukuro.yahoo.co.jp/qa/question_detail/q10324922720,SK プレミアムシリコンは どのくらいまで 稀釈できますか?,0,0
380,2026/2/2 7:31,コンビニ,1252257392,8時間38分,0,6,6.0,0,0,0.012,0.0,0.0,0.01,あと3日,https://detail.chiebukuro.yahoo.co.jp/qa/question_detail/q14324922719,コンビニ弁当 唐揚げ コンビニで唐揚げ弁当や チキン南蛮のお弁当を買った時 中のお肉が黒ずんでて 変な匂いのするものがあります コゲとかではないです。 明らかに異質な匂いがします 1店舗ではなく 複数...,0,0
381,2026/2/2 7:31,子育ての悩み,非公開,8時間38分,6,77,12.8,0,7,0.149,7.79,0.02,1.13,あと3日,https://detail.chiebukuro.yahoo.co.jp/qa/question_detail/q13324922718,子育てと仕事の両立って大変ですよね？ Aさんは「大丈夫だよ！工夫次第で余裕で出来るよ！」って言ってます。 お子さんの風邪などで看護休暇とりまくってるのに「工夫次第」っておかしくないですか？ Bさんは「...,0,0
382,2026/2/2 7:31,恋愛相談、人間関係の悩み,篠田せつ,8時間38分,1,27,27.0,0,0,0.052,3.7,0.01,0.15,不明,https://detail.chiebukuro.yahoo.co.jp/qa/question_detail/q12324922717,常識ないと思いませんか？ラインで聞いてくる上司について 大阪から単身赴任中の会社の上司からラインが来ました。 その方が会社の飲み会の帰りでホテルに帰る道中に「道とか、良いホテルがあれば教えて」とのこと...,0,0
383,2026/2/2 7:31,妊娠、出産,a679e7ff0,8時間38分,2,30,15.0,0,0,0.058,6.67,0.01,0.25,あと3日,https://detail.chiebukuro.yahoo.co.jp/qa/question_detail/q11324922716,妊娠8週目に入りつわりがピタッとなくなりました。 これまで気持ち悪かったのもなくなり、ご飯も食べれるようになりました。 お腹は少し張った感じがあります。 7週の後半に少し出血がありましたが、鮮血ではあ...,0,0
384,2026/2/2 7:31,生き方、人生相談,hce********,8時間38分,13,250,19.2,0,8,0.482,5.2,0.09,2.19,あと3日,https://detail.chiebukuro.yahoo.co.jp/qa/question_detail/q10324922715,お金があれば世間の目は気にしなくていいんでしょうか？ 読んでいただきありがとうごさいます。私は無職で親と同居しています。いわゆるニートです。ただ、世間一般のニートとと違い、自分で投資をして5000万円...,0,0
385,2026/2/2 7:31,家族関係の悩み,ＩＤ非表示,8時間38分,8,77,9.6,0,2,0.148,10.39,0.01,1.03,あと3日,https://detail.chiebukuro.yahoo.co.jp/qa/question_detail/q14324922714,息子がコーン嫌いで困っています。 息子は食べ物の好き嫌いは少ないですがコーンだけは大嫌いでコーンだけは食べれないです。 息子のコーン嫌いを克服させたいです。 息子のコーン嫌いを克服させるにはどうすれば...,0,0
386,2026/2/2 7:31,料理、レシピ,R0827,8時間38分,1,6,6.0,0,0,0.012,16.67,0.0,0.11,あと3日,https://detail.chiebukuro.yahoo.co.jp/qa/question_detail/q13324922713,はい 超巨大おにぎり ツナマヨ 作り方 教えてください,0,0
387,2026/2/2 7:30,コミック,tor********,8時間39分,0,23,23.0,0,0,0.044,0.0,0.0,0.04,あと3日,https://detail.chiebukuro.yahoo.co.jp/qa/question_detail/q12324922712,昔に漫画雑誌で見た漫画のタイトルを知りたいです。 覚えているジャンルは、お色気＋ギャグ色が強めのラッキースケベ系でした 内容は、男女の学生が不良？から逃げるためにドラム缶に隠れるという話です。 ドラム...,0,0
388,2026/2/2 7:30,学校の悩み,erf********,8時間40分,1,13,13.0,0,0,0.025,7.69,0.0,0.12,あと3日,https://detail.chiebukuro.yahoo.co.jp/qa/question_detail/q11324922711,スポーツに力を入れている学校と言うのは、結局は目的は、甲子園や冬のサッカー選手権などで活躍することにより学校の宣伝やイメージアップを図るためでしょうか？,0,0
390,2026/2/2 7:30,料理、食材,民法３９６条（抵当権の消滅時効）,8時間40分,1,14,14.0,0,0,0.027,7.14,0.0,0.12,あと3日,https://detail.chiebukuro.yahoo.co.jp/qa/question_detail/q10324922710,ベーコンの論文集を読むのと美味しいベーコンを食べるのでは、どちらがいいですか？ 自分はベーコンの論文集なんか読まない人生でもかまいません。 シェイクスピアは読もうと思います。,0,0
391,2026/2/2 7:30,自動車,otton33,8時間40分,0,9,9.0,0,0,0.017,0.0,0.0,0.02,あと3日,https://detail.chiebukuro.yahoo.co.jp/qa/question_detail/q13324922708,クリフォード5.1の設定方法を教えてください。 車のバッテリーが上がってしばらく乗らなかった時からなんですが エンジンを始動する際にセキュリティ解除してから車のキーをアクセサリー位置でセキュリティ解除...,0,0
392,2026/2/2 7:30,サバイバルゲーム,1252975139,8時間40分,4,61,15.2,0,1,0.117,6.56,0.02,0.56,あと3日,https://detail.chiebukuro.yahoo.co.jp/qa/question_detail/q12324922707,エアガンの輸入についてです。海外製のCo2ガンが欲しいのですが、日本市場で探してもほとんど出回っていなく、海外から取り寄せようと思いました。 この場合普通のショップ(41pxやガンモール東京)ではまず...,0,0
393,2026/2/2 7:30,大学受験,1253127929,8時間40分,0,4,4.0,0,0,0.008,0.0,0.0,0.01,あと3日,https://detail.chiebukuro.yahoo.co.jp/qa/question_detail/q11324922706,国公立二時試験の現代文対策は、 船口の最強の現代文記述トレーニング→上級現代文zero→過去問でどれくらいのレベルの国公立大学まで対応できるでしょうか？,0,0
394,2026/2/2 7:30,恋愛相談、人間関係の悩み,********,8時間40分,0,18,18.0,0,0,0.035,0.0,0.0,0.03,あと3日,https://detail.chiebukuro.yahoo.co.jp/qa/question_detail/q10324922705,①バレンタインデートを女側から誘うのはおかしいですか？ ②バラを１本欲しいのですが、欲しいというのは変ですか？ 今３回会ってるいい感じの男性がいます。 もうお互い愛情表現もあります。 バレンタイン用に...,0,0
395,2026/2/2 7:30,政治、社会問題,まめくろ,8時間40分,6,33,5.5,0,0,0.063,18.18,0.0,0.64,あと3日,https://detail.chiebukuro.yahoo.co.jp/qa/question_detail/q14324922704,「中道」これ何度見ても「なかみち」って読んじゃうけど正しいのは「ちゅうどう」なんですよね？,0,0
396,2026/2/2 7:30,恋愛相談、人間関係の悩み,☆☆☆☆☆☆☆☆☆☆,8時間40分,1,4,4.0,0,0,0.008,25.0,0.0,0.1,あと3日,https://detail.chiebukuro.yahoo.co.jp/qa/question_detail/q13324922703,愛崎えみるさんの印象は、どんなところにありますか？,0,0
397,2026/2/2 7:30,スマホアプリ,SHIMAAAAAAAA,8時間40分,0,1,1.0,0,0,0.002,0.0,0.0,0.0,あと3日,https://detail.chiebukuro.yahoo.co.jp/qa/question_detail/q11324922701,広告が少ないAIチャットアプリはありませんか？できればキャラを作成できる、ZETAでいうアンリミテッドモードが使えるアプリを教えて欲しいです。,0,0
398,2026/2/2 7:29,ポケットモンスター,a12525755605,8時間41分,0,8,8.0,0,0,0.015,0.0,0.0,0.02,あと3日,https://detail.chiebukuro.yahoo.co.jp/qa/question_detail/q10324922700,ポケスリについてです。睡眠計測する時にたまに60%~70%あった充電が0になる時があります。なぜこんなに充電が減るのでしょうか？ やはりGO Plus +にした方がいいのでしょうか？,0,0
399,2026/2/2 7:29,恋愛相談、人間関係の悩み,1152928245,8時間41分,0,12,12.0,0,0,0.023,0.0,0.0,0.02,あと3日,https://detail.chiebukuro.yahoo.co.jp/qa/question_detail/q14324922699,私△△ 好きな人〇〇 好きな人の好きな人□□とします。読みにくいかもです。 私には他クラスに好きな人がいました。そして色々あって認知して貰えたし会う度に手を振ってくれてとても嬉しかったのですが、最近好...,0,0
400,2026/2/2 7:29,アニメ,リルちゃん,8時間41分,2,17,8.5,0,0,0.033,11.76,0.0,0.22,あと3日,https://detail.chiebukuro.yahoo.co.jp/qa/question_detail/q13324922698,ガンダムＷ 1位から5位まで 好きなキャラ教えお願いします,0,0
401,2026/2/2 7:29,高校受験,erf********,8時間41分,2,17,8.5,0,0,0.033,11.76,0.0,0.22,あと3日,https://detail.chiebukuro.yahoo.co.jp/qa/question_detail/q12324922697,千葉県の学校でスポーツに力を入れている、中学校高校を教えてください。,0,0
402,2026/2/2 7:29,ゲーム,1153028790,8時間41分,1,6,6.0,0,0,0.011,16.67,0.0,0.11,あと3日,https://detail.chiebukuro.yahoo.co.jp/qa/question_detail/q11324922696,サカつく２０２６の支出についえ質問です。 支出の項目で、「その他」とは、具体的に何のお金でしょうか？,0,0
403,2026/2/2 7:29,Yahoo!知恵袋,Mochi,8時間42分,5,37,7.4,1,2,0.071,13.51,0.01,0.85,あと3日,https://detail.chiebukuro.yahoo.co.jp/qa/question_detail/q14324922694,知恵袋の回答受付期間が短くなった、真の（裏の）理由は？,0,0
404,2026/2/2 7:29,園芸、ガーデニング,a4f58b119,8時間42分,0,7,7.0,0,0,0.013,0.0,0.0,0.01,あと3日,https://detail.chiebukuro.yahoo.co.jp/qa/question_detail/q13324922693,このような部屋で田植えをやるとしたら苗とフローリングだとどちらが先に長持ちしますか,0,0
405,2026/2/2 7:29,ライブ、コンサート,cd9d74ae7,8時間42分,1,34,34.0,0,0,0.065,2.94,0.02,0.16,不明,https://detail.chiebukuro.yahoo.co.jp/qa/question_detail/q12324922692,ミセスのライブの申し込み方で質問です 第一希望4/18 アリーナ 第二希望4/18スタンド これは重複申し込みになるのでしょうか？,0,0
406,2026/2/2 7:29,政治、社会問題,匿名,8時間42分,4,34,8.5,0,6,0.065,11.76,0.01,0.79,あと3日,https://detail.chiebukuro.yahoo.co.jp/qa/question_detail/q11324922691,高市早苗ってナチズムですか？,0,0
407,2026/2/2 7:29,政治、社会問題,笑顔の王,8時間42分,0,6,6.0,0,0,0.011,0.0,0.0,0.01,あと3日,https://detail.chiebukuro.yahoo.co.jp/qa/question_detail/q10324922690,日本保守党を熱烈に健気に支持してる人ts散って、参政党のことをどう見てるのでしょうかね。 同じネトウヨ界隈でも立場が違うということでしょうか。,0,0
408,2026/2/2 7:29,大学受験,bc60e01e6,8時間42分,1,72,72.0,0,0,0.138,1.39,0.1,0.23,あと3日,https://detail.chiebukuro.yahoo.co.jp/qa/question_detail/q14324922689,昨日関西大学を受験しました。 330点前後だと思うのですが、政策学部に受かる可能性はありますでしょうか。,0,0
409,2026/2/2 7:29,プロ野球,R0827,8時間42分,2,10,5.0,0,0,0.019,20.0,0.0,0.21,あと3日,https://detail.chiebukuro.yahoo.co.jp/qa/question_detail/q13324922688,最後の二つが違うと思います。 プロ野球 2030年以降から、レンタル移籍制度を導入するには、どうしたらよいですか？,0,0
410,2026/2/2 7:29,ゲーム,kmu********,8時間42分,2,42,21.0,0,0,0.08,4.76,0.02,0.27,あと3日,https://detail.chiebukuro.yahoo.co.jp/qa/question_detail/q12324922687,warframe 火力に関して 先日惑星開拓を進めて鋼の道のりに行けるようになったのですが、火力が出ず苦戦しています。 今まではIGNIS WRAITHでほとんどの敵は倒せたのですが鋼ともなるとそうも...,0,0
411,2026/2/2 7:29,心理学,たく,8時間42分,3,21,7.0,0,0,0.04,14.29,0.0,0.33,あと3日,https://detail.chiebukuro.yahoo.co.jp/qa/question_detail/q11324922686,いい知らせと悪い知らせがあるってありますよね？ これってどっちから聞いたほうが心理学的に悪い知らせのショックを軽減したりいい知らせをもっと喜べるんでしょうか？ （文章おかしかったらごめんなさい）,0,0
412,2026/2/2 7:28,政治、社会問題,1053048010,8時間43分,1,14,14.0,0,2,0.027,7.14,0.0,0.24,あと3日,https://detail.chiebukuro.yahoo.co.jp/qa/question_detail/q10324922685,立憲民主党に投票してた反自民が創価学会嫌いだから国民民主党に投票して結果自民党と国民民主党連携で安定政権ナンて結果にならいのですか？,0,0
413,2026/2/2 7:28,料理、食材,こいのぼり,8時間43分,0,5,5.0,0,0,0.01,0.0,0.0,0.01,あと3日,https://detail.chiebukuro.yahoo.co.jp/qa/question_detail/q14324922684,サラダブーケクレープはイケる味なのでしょうか？ テルマエ・ロマエガチャで出てくるためネタなのか実際にあるのか気になります。,0,0
414,2026/2/2 7:28,グラビアアイドル,erf********,8時間43分,7,66,9.4,0,0,0.126,10.61,0.01,0.79,あと3日,https://detail.chiebukuro.yahoo.co.jp/qa/question_detail/q13324922683,皆さんが最も美しいと思うグラビアアイドルは誰でしょうか？,0,0
415,2026/2/2 7:28,スマホアプリ,SHIMAAAAAAAA,8時間43分,0,2,2.0,0,0,0.004,0.0,0.0,0.0,あと3日,https://detail.chiebukuro.yahoo.co.jp/qa/question_detail/q11324922681,ZETAの様なAIチャットアプリありませんか？ 私は普段、ZETAのアンリミテッドモードをオンにして使っているのですが、あまりにも広告が多いので、広告が少ない(出来れば広告なし)AIチャットアプリを教...,0,0
416,2026/2/2 7:28,クレジットカード,1052864737,8時間43分,0,5,5.0,0,0,0.01,0.0,0.0,0.01,あと3日,https://detail.chiebukuro.yahoo.co.jp/qa/question_detail/q10324922680,PICTLINKでプレミアム会員になってた際に退会しないままLINEのアカウントを変えてしまいログイン出来なくなってしまいました。その場合ずっとクレジットから落ち続けますよね？ どうすればいいですか一...,0,0
417,2026/2/2 7:28,友人関係の悩み,まめっち,8時間43分,4,24,6.0,0,0,0.046,16.67,0.0,0.43,あと3日,https://detail.chiebukuro.yahoo.co.jp/qa/question_detail/q14324922679,友達に名前じゃなてあなたって呼ばれるの結構嫌な気持ちになりませんか？ 名前もあるしあだ名だってあるのに呼ばれる時の8割9割くらいあなただったりそっちって言われます（т-т） なんで名前呼ばないんですか...,0,0
418,2026/2/2 7:28,ペット,the********,8時間44分,6,91,15.2,0,1,0.174,6.59,0.03,0.8,不明,https://detail.chiebukuro.yahoo.co.jp/qa/question_detail/q12324922677,出勤初日にペットがもう息を引き取りそうな時、休むのはありでしょうか？,0,0
419,2026/2/2 7:28,学校の悩み,あ,8時間44分,4,31,7.8,0,0,0.059,12.9,0.0,0.44,あと3日,https://detail.chiebukuro.yahoo.co.jp/qa/question_detail/q11324922676,至急 今日高校のスキー学習で泊まります 今バス乗ってます 自分が悪いですが思ったより雪積もってて、バスが進まず、時間通りに着きそうにないです 雪積もってるのにキャリーケースで行きました 親家にいます ...,0,0
420,2026/2/2 7:28,法律相談,1151105643,8時間44分,1,25,25.0,0,1,0.048,4.0,0.01,0.2,あと3日,https://detail.chiebukuro.yahoo.co.jp/qa/question_detail/q10324922675,AにはBとの間に生まれたBから認知を受けた子Cがおり、Cが Aの氏を称した場合において、Aが Bとの婚姻によってBの氏を称することとしたときは、Cは、 AとBの婚姻によって当然のBの氏を称する。 答 ...,0,0
421,2026/2/2 7:28,就職、転職,チャンス7,8時間44分,4,87,21.8,1,0,0.166,4.6,0.04,0.74,あと3日,https://detail.chiebukuro.yahoo.co.jp/qa/question_detail/q13324922673,４５才から、社労士か公務員に転職(真面目な質問) 社労士の資格を取って企業に転職か、公務員試験を受けて公務員に転職かどちらかで悩んでいます 因みに自分は現在有名な運送会社の契約社員で資格は自動二輪と普...,0,0
422,2026/2/2 7:28,恋愛相談、人間関係の悩み,☆☆☆☆☆☆☆☆☆☆,8時間44分,1,3,3.0,0,0,0.006,33.33,0.0,0.1,あと3日,https://detail.chiebukuro.yahoo.co.jp/qa/question_detail/q12324922672,田園海未さんの魅力は、何ですか？,0,0
423,2026/2/2 7:28,職場の悩み,t,8時間44分,4,31,7.8,0,2,0.059,12.9,0.0,0.55,あと3日,https://detail.chiebukuro.yahoo.co.jp/qa/question_detail/q11324922671,出世をすると性格も変わりますか？,0,0
424,2026/2/2 7:27,ヘアケア,a284a4f,8時間45分,1,23,23.0,0,0,0.044,4.35,0.01,0.14,あと3日,https://detail.chiebukuro.yahoo.co.jp/qa/question_detail/q10324922670,サロニアとリファのストレートアイロン結局どっちがいいんですかね、、 髪質は細毛で髪が傷んでるのでなるべく髪の毛にダメージが少ないものがいいです！使用方法は前髪を巻いたり後ろ髪のうねっている所を整えるく...,0,0
425,2026/2/2 7:27,サッカー,erf********,8時間45分,0,13,13.0,0,0,0.025,0.0,0.0,0.02,あと3日,https://detail.chiebukuro.yahoo.co.jp/qa/question_detail/q14324922669,今年の全国高校サッカー選手権で優勝した神村学園高校が昔起こした不祥事を詳しく教えてください。,0,0
426,2026/2/2 7:27,コミック,c6c227ac2,8時間45分,1,22,22.0,0,1,0.042,4.55,0.01,0.19,あと3日,https://detail.chiebukuro.yahoo.co.jp/qa/question_detail/q13324922668,チェンソーマン第2部 なんで正義の悪魔が常にいるんですか？,0,0
427,2026/2/2 7:27,LINE,jch********,8時間45分,1,24,24.0,0,1,0.046,4.17,0.01,0.2,不明,https://detail.chiebukuro.yahoo.co.jp/qa/question_detail/q12324922667,LINEに詳しい方教えてください。 LINEの交換している友だちのスマホが壊れ、機種変するまでの約1週間わたしの使用してない端末を貸してSIMカードを入れて使用していました。 その期間にケンカをしてし...,0,0
428,2026/2/2 7:27,資格,1151276060,8時間45分,3,55,18.3,0,3,0.105,5.45,0.02,0.56,あと3日,https://detail.chiebukuro.yahoo.co.jp/qa/question_detail/q10324922665,行政書士試験と宅建士試験、どちらから勉強したらおすすめ？,0,0
429,2026/2/2 7:27,家族関係の悩み,ゆうか,8時間45分,3,59,19.7,0,9,0.112,5.08,0.02,0.91,あと3日,https://detail.chiebukuro.yahoo.co.jp/qa/question_detail/q11324922666,至急、私って薄情なんですか？ 摂食障害や鬱病の発端の母親が重い病気になったので縁を切りました 情報が少なかったので書き直しします長くなります だらしがなくて母親らしい事をしてくれないし私は母親が原因で...,0,0
430,2026/2/2 7:27,Yahoo!知恵袋,Mochi,8時間45分,1,18,18.0,0,0,0.034,5.56,0.01,0.13,あと3日,https://detail.chiebukuro.yahoo.co.jp/qa/question_detail/q14324922664,現存する知恵袋 最古の質問投稿は？,0,0
431,2026/2/2 7:27,仕事効率化、ノウハウ,20251227/1007,8時間45分,4,19,4.8,0,0,0.036,21.05,0.0,0.42,あと3日,https://detail.chiebukuro.yahoo.co.jp/qa/question_detail/q13324922663,やる事をやっていれば失敗してもしゃあねぇで済みますか？,0,0
432,2026/2/2 7:27,携帯型ゲーム全般,b508a1dbc,8時間45分,2,25,12.5,0,0,0.048,8.0,0.01,0.24,あと3日,https://detail.chiebukuro.yahoo.co.jp/qa/question_detail/q12324922662,プロスピではオーダーがいくつか保存できると思いますが、どんなオーダーを保存してるかいくつか教えて欲しいです！ 参考にさせていただきます！！,0,0
433,2026/2/2 7:27,パソコン,naa********,8時間46分,3,56,18.7,0,2,0.106,5.36,0.02,0.5,あと3日,https://detail.chiebukuro.yahoo.co.jp/qa/question_detail/q11324922661,パソコンを購入予定です。 自分はとにかく5年前のPCから乗り換える目的ではあるがそこまでハイスペックな物じゃなくていいと思ってるので60Ti16GBにしようと思ってます。 そこでドスパラさんのサイトの...,0,0
434,2026/2/2 7:27,ゲーム,ふりれん,8時間46分,3,33,11.0,0,0,0.063,9.09,0.01,0.35,不明,https://detail.chiebukuro.yahoo.co.jp/qa/question_detail/q10324922660,なぜゲームのベストプライス版ってなくなったのですか？,0,0
435,2026/2/2 7:27,文学、古典,民法３９６条（抵当権の消滅時効）,8時間46分,2,24,12.0,0,0,0.046,8.33,0.01,0.24,あと3日,https://detail.chiebukuro.yahoo.co.jp/qa/question_detail/q14324922659,民法の３９６条なんて覚える必要なんてあるのか？ と思いつつ、 覚えるためにサンキュー、六条御息所と覚えたら覚えれると、六条御息所に感謝しようかと思ったが、いやいや感謝するのは紫式部だろうと考え直してみ...,0,0
436,2026/2/2 7:27,バス、タクシー,1250956549,8時間46分,2,45,22.5,0,0,0.086,4.44,0.02,0.28,あと3日,https://detail.chiebukuro.yahoo.co.jp/qa/question_detail/q13324922658,仙台から盛岡の夜行バスを利用したいのですが、予約はできないとの事なので、乗車券を買うのですよね。 その場合、当日の30分前でも買えますか？,0,0
437,2026/2/2 7:27,動物,☆☆☆☆☆☆☆☆☆☆,8時間46分,6,25,4.2,0,5,0.048,24.0,0.0,0.9,あと3日,https://detail.chiebukuro.yahoo.co.jp/qa/question_detail/q12324922657,山里に出没する熊は、犯罪行為だと思いませんか？,0,0
438,2026/2/2 7:27,オンラインゲーム,とも,8時間46分,0,4,4.0,0,0,0.008,0.0,0.0,0.01,あと3日,https://detail.chiebukuro.yahoo.co.jp/qa/question_detail/q11324922656,ow2で 味方のウィドウにヒールは？ ヒールgap 通報してって言われました。これは私が悪いですか？ コードSSA8SQです 私はアナです。もっとヒールをしないとダメでしたか。下手な私が悪いのは分かり...,0,0
439,2026/2/2 7:27,バス、タクシー,。,8時間46分,1,24,24.0,0,0,0.046,4.17,0.01,0.14,あと3日,https://detail.chiebukuro.yahoo.co.jp/qa/question_detail/q10324922655,夜行バスを待ってる間にファミレスでドリンクバー注文しながら待ちたいのですが、18歳の高校生は22時以降店舗に行ったらダメですか？,0,0
440,2026/2/2 7:27,ヘアスタイル,M,8時間46分,1,964,964.0,3,0,1.831,0.1,18.31,2.49,あと3日,https://detail.chiebukuro.yahoo.co.jp/qa/question_detail/q14324922654,ビビビ祭について 今日の0:30にヘアサロンとまつパ予約できたのですが 写真のような画面は出てこなかったので対象外のメニューとかになりますか。。？エントリーもちゃんとされてます。 日にちは期間内に入れ...,0,0
441,2026/2/2 7:27,メルカリ,ube*******,8時間46分,0,35,35.0,0,0,0.066,0.0,0.0,0.07,あと3日,https://detail.chiebukuro.yahoo.co.jp/qa/question_detail/q13324922653,メルカリで購入しようとした商品の出品者についてです。（1）とある商品Aのサイズ違いが売り切れても何度も何度も再出品されており、これはいわゆる買い占めて高く売る転売ヤー？ なのでしょうか。元値より安いが...,0,0
442,2026/2/2 7:27,ミュージシャン,短い,8時間46分,0,13,13.0,0,0,0.025,0.0,0.0,0.02,あと3日,https://detail.chiebukuro.yahoo.co.jp/qa/question_detail/q12324922652,ラルクとKing Gnuってどっちの方が万人受けしない音楽性ですか,0,0
443,2026/2/2 7:26,恋愛相談、人間関係の悩み,bc95bda7e,8時間47分,0,16,16.0,0,0,0.03,0.0,0.0,0.03,あと3日,https://detail.chiebukuro.yahoo.co.jp/qa/question_detail/q11324922651,女性の方に質問です。 20代男です。 女友達にパンツピチピチでダサいって言われたんですがそう思いますか？,0,0
444,2026/2/2 7:26,家族関係の悩み,非公開,8時間47分,12,114,9.5,0,19,0.216,10.53,0.02,2.43,あと3日,https://detail.chiebukuro.yahoo.co.jp/qa/question_detail/q10324922650,小学6年生の子供が体調不良のときに母親が自分の用事で出かけるのは良くないですか？ 子供が熱はないけど、頭が痛いと言って学校を休みたいと言っています。 私は1ヶ月程前から友達と出かける予定を入れていて、...,0,0
445,2026/2/2 7:26,中古車,bc2d6b8c5,8時間47分,5,75,15.0,0,1,0.142,6.67,0.02,0.67,あと3日,https://detail.chiebukuro.yahoo.co.jp/qa/question_detail/q14324922649,中古車のリコール対応について。 トヨタの中古車をディーラー以外（一般中古車販売店）で購入しました。 車検証にリコール対象が2件記載されてました。 これって普通にディーラーへ連絡して入庫させれば良いので...,0,0
446,2026/2/2 7:26,家族関係の悩み,t,8時間47分,1,11,11.0,0,0,0.021,9.09,0.0,0.12,あと3日,https://detail.chiebukuro.yahoo.co.jp/qa/question_detail/q13324922648,嫁さんで旦那さんの性格が変わりますか？,0,0
447,2026/2/2 7:26,アルバイト、フリーター,.,8時間47分,7,75,10.7,0,0,0.142,9.33,0.02,0.8,あと3日,https://detail.chiebukuro.yahoo.co.jp/qa/question_detail/q12324922647,アルバイト始めて1ヶ月で6回目くらいなのですが、なかなか覚えられず慣れないので親に相談すると｢いつも家で何もやってないからそうだろうね｣とか、人間関係下手だし、 上手く話せないことも相談すると｢だから...,0,0
448,2026/2/2 7:26,サッカー,erf********,8時間48分,2,21,10.5,0,0,0.04,9.52,0.0,0.23,あと3日,https://detail.chiebukuro.yahoo.co.jp/qa/question_detail/q11324922646,全国高校サッカー選手権で優勝した神村学園高校は、全国からサッカーの上手い中学生をスカウトしているのでしょうか？,0,0
449,2026/2/2 7:26,画像処理、制作,c40de1b5d,8時間48分,0,14,14.0,0,0,0.027,0.0,0.0,0.03,あと3日,https://detail.chiebukuro.yahoo.co.jp/qa/question_detail/q10324922645,Stable Diffusionの画像生成について質問です。 真夏に、Tシャツやブラウスを一枚だけ、着ている場合、その下に、うっすら下着が透けるというか響いている状態になると思いますが、それをStab...,0,0
450,2026/2/2 7:26,コミック,syao,8時間48分,0,5,5.0,0,0,0.009,0.0,0.0,0.01,あと3日,https://detail.chiebukuro.yahoo.co.jp/qa/question_detail/q14324922644,ワンピースのネガティブホロウシリーズでナミのフィギュアはありますか？,0,0
451,2026/2/2 7:26,受験、進学,b962301db,8時間48分,3,25,8.3,0,0,0.047,12.0,0.0,0.33,あと3日,https://detail.chiebukuro.yahoo.co.jp/qa/question_detail/q13324922643,高卒認定試験の質問です。 以下の画像の免除科目は、数学、英語、科学と人間生活で、 残りの受ける教科は国語、歴史、地理、公民と『科学、生物、物理、地学』のうちの１つと情報で間違いないでしょうか。説明下手...,0,0
452,2026/2/2 7:26,保険,kon********,8時間48分,1,15,15.0,0,0,0.028,6.67,0.0,0.12,あと3日,https://detail.chiebukuro.yahoo.co.jp/qa/question_detail/q12324922642,ネットライフ火災少額短期保険（株）の火災保険について . ネットライフ火災少額短期保険（株）の入居者総合保険に加入しようと考えているのですが、聞いたことのない保険会社のため、加入を躊躇っています。安全...,0,0
453,2026/2/2 7:26,英語,hou********,8時間48分,3,28,9.3,0,4,0.053,10.71,0.0,0.56,不明,https://detail.chiebukuro.yahoo.co.jp/qa/question_detail/q11324922641,interesting、disturbingのように現在分詞が形容詞になる例は、何がありますか？,0,0
454,2026/2/2 7:26,手芸,匿名,8時間48分,4,53,13.2,0,0,0.1,7.55,0.01,0.48,あと3日,https://detail.chiebukuro.yahoo.co.jp/qa/question_detail/q10324922640,リボンのこの部分をしつけ糸かと思い切ってしまいました。 みんなはつけていて恥ずかしいです どうすればいいですか？ そもそもここは切る場所ですか？,0,0
455,2026/2/2 7:26,オリンピック,子猫のかっきー,8時間48分,1,10,10.0,0,0,0.019,10.0,0.0,0.11,あと3日,https://detail.chiebukuro.yahoo.co.jp/qa/question_detail/q14324922639,まもなく開幕するミラノ・コルティナ冬季五輪の開会式の会場がメアッツァスタジアム(ACミランとインテルのホーム)ですが、なぜ閉会式だけ別会場(アレーナ・ディ・ヴェローナ)で行うんですか？ (通常は開閉会...,0,0
456,2026/2/2 7:26,病気、症状,toy********,8時間48分,5,39,7.8,0,2,0.074,12.82,0.01,0.66,あと3日,https://detail.chiebukuro.yahoo.co.jp/qa/question_detail/q13324922638,唇にできるヘルペスはビタミン不足とも関係あるでしょうか？ 関係あるとすれば、何のビタミンが必要でしょうか？,0,0
457,2026/2/2 7:26,プロ野球,erf********,8時間48分,1,28,28.0,0,0,0.053,3.57,0.01,0.15,あと3日,https://detail.chiebukuro.yahoo.co.jp/qa/question_detail/q12324922637,平均位の身体能力であればどんなに努力してもプロサッカー選手や、プロ野球選手になることはできませんか？,0,0
458,2026/2/2 7:26,自動車,owa********,8時間48分,5,46,9.2,0,4,0.087,10.87,0.01,0.79,あと3日,https://detail.chiebukuro.yahoo.co.jp/qa/question_detail/q11324922636,20代のような若い子がプリウスに乗っているのはなんででしょうか？燃費が良いからでしょうか？,0,0
459,2026/2/2 7:25,資格,1151276060,8時間49分,4,40,10.0,0,0,0.076,10.0,0.01,0.45,あと3日,https://detail.chiebukuro.yahoo.co.jp/qa/question_detail/q10324922635,宅建士ってブラックな所多い？,0,0
460,2026/2/2 7:25,就職、転職,my_********,8時間49分,2,13,6.5,0,0,0.025,15.38,0.0,0.21,あと3日,https://detail.chiebukuro.yahoo.co.jp/qa/question_detail/q14324922634,会計年度任用職員って、なりたい人はいませんよね？,0,0
461,2026/2/2 7:25,自動車,1150312426,8時間49分,1,18,18.0,0,0,0.034,5.56,0.01,0.13,あと3日,https://detail.chiebukuro.yahoo.co.jp/qa/question_detail/q13324922633,今WRX S4（VAG）に乗っています。 2年間乗って年間維持費で45万円くらいでした。 はっきり言ってデザインがあまり好きじゃなくて、雪国なので4駆で長距離楽でファンライドで速い車っていう理由で乗っ...,0,0
462,2026/2/2 7:25,料理、食材,axi********,8時間49分,3,20,6.7,0,0,0.038,15.0,0.0,0.32,あと3日,https://detail.chiebukuro.yahoo.co.jp/qa/question_detail/q12324922632,レンチンしたにんじんが、4日前のがあるのですが、食べれますか？,0,0
463,2026/2/2 7:25,菓子、スイーツ,きてぃ,8時間50分,3,17,5.7,0,4,0.032,17.65,0.0,0.54,あと3日,https://detail.chiebukuro.yahoo.co.jp/qa/question_detail/q11324922631,普通の生チョコか、周りがパリパリ生チョコかどっちがいいですか？バレンタインですきぴにあげます,0,0
464,2026/2/2 7:25,職場の悩み,ドラえもん,8時間50分,5,37,7.4,0,5,0.07,13.51,0.01,0.82,あと3日,https://detail.chiebukuro.yahoo.co.jp/qa/question_detail/q10324922630,なぜ障害者雇用は当直とか重要な業務させてもらえない？ 障害者への差別では？,0,0
465,2026/2/2 7:25,うつ病,kih********,8時間50分,10,135,13.5,0,6,0.255,7.41,0.03,1.53,不明,https://detail.chiebukuro.yahoo.co.jp/qa/question_detail/q14324922629,精神科行きたくないです。辞めて働こうと思います。無謀ですか？ うつ病です。良くなりません。通院辞めて働こうと思います。働きたくないですが鞭打って働こうと思います。死にたいですが自分に喝を入れて生きよう...,0,0
466,2026/2/2 7:25,この仕事教えて,1152535410,8時間50分,3,36,12.0,1,0,0.068,8.33,0.01,0.54,あと3日,https://detail.chiebukuro.yahoo.co.jp/qa/question_detail/q13324922628,クラウドワークスについて クラウドワークスでwebライティングのお仕事を初めて受注しようと思っています。 応募すると、毎回オンラインミーティングの日程調整を求められるのですが、できればオンラインミーテ...,0,0
467,2026/2/2 7:25,ドラマ,yui********,8時間50分,0,5,5.0,0,0,0.009,0.0,0.0,0.01,あと3日,https://detail.chiebukuro.yahoo.co.jp/qa/question_detail/q12324922627,キョンキョンの昔のドラマで 1993年の[愛するということ]ってドラマ見たくて探してるんですけど、サブスク，レンタルにもなくて見る方法ないですかね。詳しい方教えてください。どうしても見たいんです。,0,0
468,2026/2/2 7:25,レディース腕時計、アクセサリー,eye********,8時間50分,3,62,20.7,0,0,0.117,4.84,0.02,0.4,あと3日,https://detail.chiebukuro.yahoo.co.jp/qa/question_detail/q11324922626,先日ティファニーのローズゴールドノットを購入しました。 お店の方に新しいものを出してもらったのですが、 明らかに色が違う気がします。イエローゴールド？ なぜ新しいものと店頭品の色が違うかと質問すると、...,0,0
469,2026/2/2 7:25,恋愛相談、人間関係の悩み,dmg********,8時間50分,2,60,30.0,0,3,0.113,3.33,0.03,0.47,あと3日,https://detail.chiebukuro.yahoo.co.jp/qa/question_detail/q14324922624,同棲中の彼氏とのことで悩んでいます。 私たちは付き合ってから同棲を始め、 今の家には1年以上住んでいます。 引っ越し先のエリアは彼氏が提案してくれ、 「大学時代の友達が住んでいたことがあって 土地勘が...,0,0
470,2026/2/2 7:25,手芸,tai********,8時間50分,1,37,37.0,0,1,0.07,2.7,0.03,0.22,不明,https://detail.chiebukuro.yahoo.co.jp/qa/question_detail/q12324922622,編み物初心者です。 初めてセーターに挑戦しようと思ったのですが、初っ端からつまずいてます。 作り目161目の次に、写真の編み図を編んでいくのですが、自分で数えても161目にならないのです。 これは、ど...,0,0
471,2026/2/2 7:24,邦楽,短い,8時間51分,1,17,17.0,0,0,0.032,5.88,0.01,0.13,あと3日,https://detail.chiebukuro.yahoo.co.jp/qa/question_detail/q11324922621,もしラルクとKing Gnuがコラボ楽曲出したら聞いてみたいよね?是非。,0,0
472,2026/2/2 7:24,年金,うなぎ,8時間51分,4,29,7.2,0,1,0.055,13.79,0.0,0.49,あと3日,https://detail.chiebukuro.yahoo.co.jp/qa/question_detail/q10324922620,市役所にも年金関係の窓口ってありますか？そこでクレジット払いの紙ってもらえますか？,0,0
473,2026/2/2 7:24,予備校、進学塾,1152356352,8時間51分,0,43,43.0,0,0,0.081,0.0,0.0,0.08,あと3日,https://detail.chiebukuro.yahoo.co.jp/qa/question_detail/q14324922619,東進の私立解答速報を見ようとしたのですが、この画面が出てきてなにを入力するか分からないです！また、新規登録のようなボタンも出てこなかったので困ってます。助けてください！,0,0
474,2026/2/2 7:24,プロ野球,a298c2b4b,8時間51分,3,27,9.0,0,3,0.051,11.11,0.0,0.5,あと3日,https://detail.chiebukuro.yahoo.co.jp/qa/question_detail/q13324922618,山田哲人は、若い頃は手が付けられない凄い成績だったのに、衰えが早くないですか？,0,0
475,2026/2/2 7:24,職場の悩み,endegaa***,8時間51分,5,89,17.8,0,11,0.167,5.62,0.03,1.26,あと3日,https://detail.chiebukuro.yahoo.co.jp/qa/question_detail/q12324922617,職場の監視カメラで監視されているのが精神的にキツいです… 私は副業でワンオペのホテルで働いています。清掃のスタッフや社員さんは別でいますが、ホテルのシフト的には1人のみで基本的に全部回します。 会社の...,0,0
476,2026/2/2 7:24,恋愛相談、人間関係の悩み,b7aa637b5,8時間51分,0,3,3.0,0,0,0.006,0.0,0.0,0.01,あと3日,https://detail.chiebukuro.yahoo.co.jp/qa/question_detail/q11324922616,元同中でいまは別の高校の好きな人にはどれくらいの頻度で連絡するべきでしょうか,0,0
477,2026/2/2 7:24,ピアス,ca96ca6f6,8時間51分,1,30,30.0,0,0,0.056,3.33,0.02,0.15,あと3日,https://detail.chiebukuro.yahoo.co.jp/qa/question_detail/q10324922615,ピアスについて 現在、ピアスを開けて1ヶ月半くらい経ちます ですが、学校で特定の先生（1人）にバレてしまいピアスを付け外しする必要が出てきました ピアスを開けて1ヶ月くらいでファーストピアス（樹脂）を...,0,0
478,2026/2/2 7:24,国民健康保険,lov********,8時間52分,1,41,41.0,2,0,0.077,2.44,0.03,0.55,あと3日,https://detail.chiebukuro.yahoo.co.jp/qa/question_detail/q14324922614,高額療養費について 国民健康保険被保険者です。アルバイト 世帯は、3人暮らしですが国民健康保険は、私一人です 他は、後期高齢者と健保です 昨年、病気になり収入が少なく 年末調整時、所得税０円になりまし...,0,0
479,2026/2/2 7:24,政治、社会問題,匿名,8時間52分,5,48,9.6,0,3,0.09,10.42,0.01,0.73,あと3日,https://detail.chiebukuro.yahoo.co.jp/qa/question_detail/q13324922613,なぜ日本の政治は統一教会と創価学会が牛耳っているのですか？,0,0
480,2026/2/2 7:24,病気、症状,bcdbbc1d4,8時間52分,2,9,4.5,0,0,0.017,22.22,0.0,0.2,あと3日,https://detail.chiebukuro.yahoo.co.jp/qa/question_detail/q12324922612,片足だけふくらはぎの後ろがたまに微弱な電流が流れるみたいな感じでピリピリします。 以前はたまにで家でゴロゴロしてる時にあったのですが、ここ数日かなり頻繁に起きて、電車に乗っている時や歩いている時でも感...,0,0
481,2026/2/2 7:24,病気、症状,pja********,8時間52分,5,50,10.0,0,0,0.094,10.0,0.01,0.56,あと3日,https://detail.chiebukuro.yahoo.co.jp/qa/question_detail/q10324922610,高一の子供が昨日の夜に熱を出しました。今学校ではインフルエンザが流行っています。私は17:00までのパートなのですが、今日は仕事を休んで病院に連れて行ってもよいと思いますか？ それとも仕事が終わってか...,0,0
483,2026/2/2 7:24,ライブ、コンサート,a42844295,8時間52分,0,13,13.0,0,0,0.024,0.0,0.0,0.02,あと3日,https://detail.chiebukuro.yahoo.co.jp/qa/question_detail/q14324922609,"=LOVEのリセール機能について質問です。 4/18,19に行われる横浜スタジアム公演について、4/19のチケットが2連番で当選したのですが、同行者とのトラブルにより連番を解消することになりました。 ...",0,0
484,2026/2/2 7:24,恋愛相談、人間関係の悩み,☆☆☆☆☆☆☆☆☆☆,8時間52分,0,1,1.0,0,0,0.002,0.0,0.0,0.0,あと3日,https://detail.chiebukuro.yahoo.co.jp/qa/question_detail/q13324922608,黄瀬やよいさんに歌ってほしい曲は、何ですか？,0,0
485,2026/2/2 7:23,家族関係の悩み,wkp********,8時間53分,1,24,24.0,0,0,0.045,4.17,0.01,0.14,あと3日,https://detail.chiebukuro.yahoo.co.jp/qa/question_detail/q12324922607,今朝、いつもの時間におきて朝の支度(着替え、食洗機から食器の取り出し、パン、りんご剥くくらいの簡単な子供のご飯、子供の水筒準備)をしてると、いつもの時間7時に妻と子供が起きない。 すぐ起こしに行っても...,0,0
486,2026/2/2 7:23,政治、社会問題,1053048010,8時間53分,0,3,3.0,0,0,0.006,0.0,0.0,0.01,あと3日,https://detail.chiebukuro.yahoo.co.jp/qa/question_detail/q10324922605,中核連と自維連ならどちらがマシナンですか？,0,0
487,2026/2/2 7:23,鉄道ファン,こいのぼり,8時間53分,0,17,17.0,0,0,0.032,0.0,0.0,0.03,あと3日,https://detail.chiebukuro.yahoo.co.jp/qa/question_detail/q14324922604,阪急6300系は今年中に完全引退になりそうですか？ 嵐山線には現在8300系の転用改造が進み、必要な4編成が夏頃には揃うことが予想されます。去年は箕面線に7000系2両編成が次々と転用改造して送り込ま...,0,0
488,2026/2/2 7:23,車検、メンテナンス,kae********,8時間53分,7,67,9.6,0,5,0.126,10.45,0.01,1.06,あと3日,https://detail.chiebukuro.yahoo.co.jp/qa/question_detail/q13324922603,フォグランプは何色が違法、車検が通らない色は何でしょうか？ グリーンイエローはとか行けそうでしょうか？ どなたが教えてください,0,0
489,2026/2/2 7:23,鉄道、列車、駅,鈴木。,8時間53分,3,39,13.0,1,3,0.073,7.69,0.01,0.71,不明,https://detail.chiebukuro.yahoo.co.jp/qa/question_detail/q12324922602,名古屋往復切符でこれのどこまでいけますか？,0,0
490,2026/2/2 7:23,げっ歯類、ウサギ,wac********,8時間53分,0,5,5.0,0,0,0.009,0.0,0.0,0.01,あと3日,https://detail.chiebukuro.yahoo.co.jp/qa/question_detail/q10324922600,キンクマハムスターについてです。 今朝お尻の辺りが写真のようになっていました。。 震えている感じもした気がして違和感がありました。。 調子が悪いのか心配です…。,0,0
491,2026/2/2 7:23,スキー,ken********,8時間53分,8,153,19.1,0,3,0.287,5.23,0.05,1.2,あと3日,https://detail.chiebukuro.yahoo.co.jp/qa/question_detail/q11324922601,栂池スキー場リフト営業停止 不運ですよね？ どこにでもあるリフトですよね？ リュックのブラブラした紐が挟まってしまってそのままリフトに宙吊りでしたか？,0,0
493,2026/2/2 7:23,病気、症状,hci********,8時間54分,2,35,17.5,0,1,0.066,5.71,0.01,0.31,あと3日,https://detail.chiebukuro.yahoo.co.jp/qa/question_detail/q13324922598,朝にカフェインを取りたいのですが、間違ってブラックではなく普通のコーヒーを買ってしまいました。 コーヒーとブラックコーヒーではカフェイン含有量は違いますか？ 買ったコーヒーは、ジョージアエメラルドマウ...,0,0
494,2026/2/2 7:23,気象、天気,あかざ,8時間54分,3,17,5.7,1,0,0.032,17.65,0.0,0.5,あと3日,https://detail.chiebukuro.yahoo.co.jp/qa/question_detail/q12324922597,福島県郡山市2月3月は雪積もらない可能性高いと思ってるんですけど、どうなんですかね？,0,0
495,2026/2/2 7:23,タブレット端末,o0t********,8時間54分,2,17,8.5,0,0,0.032,11.76,0.0,0.22,あと3日,https://detail.chiebukuro.yahoo.co.jp/qa/question_detail/q11324922596,iPadのストレージが急に増えました 多分iPadをアップデートしてからだと思うのですが iPadosの容量が半分ぐらいになっているの正常なのでしょうか イラストの保存がうまくできないかもしれないと警...,0,0
496,2026/2/2 7:23,学校の悩み,b7aa637b5,8時間54分,1,23,23.0,0,0,0.043,4.35,0.01,0.14,あと3日,https://detail.chiebukuro.yahoo.co.jp/qa/question_detail/q10324922595,高一女子です。朝から学校に行くのがものすごくだるいです送迎されてる時は体が一切動かないです。体が重くなって体の中心ら辺がドロドロと溶けて落ちていく感じで朝登校で歩くのすらもだるくてしんどいです。 電車...,0,0
497,2026/2/2 7:23,高校受験,ライダー,8時間54分,2,81,40.5,0,4,0.152,2.47,0.06,0.56,不明,https://detail.chiebukuro.yahoo.co.jp/qa/question_detail/q14324922594,"今年、2026年に公立高校を受験する中3です。 神奈川県の公立高校を受験するのですが、 この間発表された神奈川県公立高校の 調査票では、定員割れを起こしていて 倍率が""0.58""でした。 私は中1後半...",0,0
498,2026/2/2 7:23,福祉、介護,kaz********,8時間54分,1,26,26.0,0,0,0.049,3.85,0.01,0.14,あと3日,https://detail.chiebukuro.yahoo.co.jp/qa/question_detail/q13324922593,訪問介護における、登録ヘルパーの労基についての質問です。現在働いて下さっている登録ヘルパーさんですが、休みなく入って下さっている状況です。少なくとも1日1件1時間は勤務しています。 週40時間は超えて...,0,0
499,2026/2/2 7:23,鉄道、列車、駅,1252712894,8時間54分,1,22,22.0,0,0,0.041,4.55,0.01,0.13,あと3日,https://detail.chiebukuro.yahoo.co.jp/qa/question_detail/q11324922591,ボックス席の通路側に腕置きある電車に乗ってる時、手すりに座って人がいたんですけど、よくあることなんですかね？ちなみに田舎です,0,0
500,2026/2/2 7:23,俳優、女優,erf********,8時間54分,4,16,4.0,0,0,0.03,25.0,0.0,0.4,あと3日,https://detail.chiebukuro.yahoo.co.jp/qa/question_detail/q12324922592,全盛期の加藤あいと全盛期の深田恭子、付き合うならどちらが良いですか？,0,0
501,2026/2/2 7:23,インターネット接続,wat********,8時間54分,2,49,24.5,0,0,0.092,4.08,0.02,0.28,あと3日,https://detail.chiebukuro.yahoo.co.jp/qa/question_detail/q14324922589,回線接続方法について en光10Gで契約しています。昨日xg-100neが突然再起動を繰り返し、繋がった途端また再起動というループに入ってしまいました。コンセントを抜いて繋いでも電源ランプすらつかない...,0,0
502,2026/2/2 7:22,病気、症状,.,8時間55分,4,31,7.8,0,0,0.058,12.9,0.0,0.43,あと3日,https://detail.chiebukuro.yahoo.co.jp/qa/question_detail/q13324922588,閲覧注意⚠️ 昨日朝起きると口周り全体(鼻の下とかも)にこのような白い小さなぶつぶつが突然できていました。病気とかではないでしょうか…？,0,0
503,2026/2/2 7:22,シニアライフ、シルバーライフ,あなぼん（・(ｪ)・）,8時間55分,10,91,9.1,1,30,0.17,10.99,0.02,2.96,あと3日,https://detail.chiebukuro.yahoo.co.jp/qa/question_detail/q12324922587,俺は女を装っているように見えますか？,0,0
504,2026/2/2 7:22,生理,f_p********,8時間55分,1,12,12.0,0,0,0.022,8.33,0.0,0.12,あと3日,https://detail.chiebukuro.yahoo.co.jp/qa/question_detail/q11324922586,生理不順についてです。 去年10月半ばから生理が来ず2週間前に婦人科に行きノアルテンが10日分処方されました。 調べたところ飲み終えてから2-5日で生理が来るとの事ですが、ちゃんと来るか心配です。 同...,0,0
505,2026/2/2 7:22,洗濯、クリーニング,88238823A,8時間55分,3,31,10.3,0,0,0.058,9.68,0.01,0.34,あと3日,https://detail.chiebukuro.yahoo.co.jp/qa/question_detail/q14324922584,アリエールのたった一粒楽すごというジェルボールをいただきました。 使用する水の量を見てみると30Lから65Lで一粒使用すると書いてます。 水の量2倍ほどの差があるんですけど... 30Lだったら洗剤が...,0,0
506,2026/2/2 7:22,ポケットモンスター,b2970ad5,8時間55分,0,4,4.0,0,0,0.007,0.0,0.0,0.01,あと3日,https://detail.chiebukuro.yahoo.co.jp/qa/question_detail/q12324922582,ポケマス初心者なのですが限定の種類が多くて違いがわからないです。 選べるフェス限で選べるバディーズと、選べるフェス限で選べない完全な期間限定バディーズの見分け方が知りたいです。 現在開催中のセキ、チリ...,0,0
507,2026/2/2 7:22,ゴルフ,ふりれん,8時間56分,6,62,10.3,0,0,0.116,9.68,0.01,0.67,不明,https://detail.chiebukuro.yahoo.co.jp/qa/question_detail/q11324922581,ゴルフカートって運転手いなくても動いたり止まったりするのですか？ https://youtu.be/z1eBaCkCYzI?t=61 びっくりしたんですけど。,0,0
508,2026/2/2 7:22,政治、社会問題,アイマイミー,8時間56分,1,16,16.0,0,0,0.03,6.25,0.0,0.12,不明,https://detail.chiebukuro.yahoo.co.jp/qa/question_detail/q10324922580,労働者、国民、消費者、日本人、納税者、生活者というワード。 これらの中で使用頻度がきわめて低いのは生活者ですか？,0,0
509,2026/2/2 7:22,音楽,1152996024,8時間56分,0,32,32.0,0,0,0.06,0.0,0.0,0.06,あと3日,https://detail.chiebukuro.yahoo.co.jp/qa/question_detail/q14324922579,おすすめの曲知りたいです！ わたしは好きな系統がもう本当にバラバラでリサーチ力もないので皆さんのおすすめを教えて欲しいです; ; 最近好きなのは ･君の大事にしてるもの/SHISHAMO ･一目惚れ/...,0,0
510,2026/2/2 7:22,消費者問題,shi********,8時間56分,2,35,17.5,0,0,0.065,5.71,0.01,0.25,不明,https://detail.chiebukuro.yahoo.co.jp/qa/question_detail/q13324922578,昨日セールス電話?の対応をしたのですがセールス電話で所属している企業名聞かれるのは普通のことなのでしょうか？ セールスの内容は老後の税金問題とか税金が戻ってくるっていう内容でした また伝えてしまった場...,0,0
511,2026/2/2 7:22,恋愛相談、人間関係の悩み,5181g,8時間56分,6,50,8.3,0,0,0.093,12.0,0.01,0.65,あと3日,https://detail.chiebukuro.yahoo.co.jp/qa/question_detail/q11324922576,女の子とデートに行く約束を前からしていて 『この日大丈夫～？』と聞くと返事が遅く『ごめん返してなかった、』としか言われませんでした。やっぱり行きたくないってことですかね。。親にも男と遊びに行くことを話...,0,0
512,2026/2/2 7:22,恋愛相談、人間関係の悩み,☆☆☆☆☆☆☆☆☆☆,8時間56分,0,3,3.0,0,0,0.006,0.0,0.0,0.01,あと3日,https://detail.chiebukuro.yahoo.co.jp/qa/question_detail/q10324922575,保登心愛さん好きですか？,0,0
513,2026/2/2 7:21,ヘアケア,lD非公開,8時間57分,1,74,74.0,0,0,0.138,1.35,0.1,0.23,不明,https://detail.chiebukuro.yahoo.co.jp/qa/question_detail/q14324922574,女性が髪をしばらく切らないと芋臭くなるのってなぜでしょうか？,0,0
514,2026/2/2 7:21,トレーニング,toshiiiiiiiiiiii,8時間57分,2,9,4.5,0,0,0.017,22.22,0.0,0.2,あと3日,https://detail.chiebukuro.yahoo.co.jp/qa/question_detail/q12324922572,ブルガリアンスクワットを30回というと左右３０回ずつということですか？,0,0
515,2026/2/2 7:21,職場の悩み,hat********,8時間57分,0,9,9.0,0,0,0.017,0.0,0.0,0.02,あと3日,https://detail.chiebukuro.yahoo.co.jp/qa/question_detail/q13324922573,歯科勤務医で月60万の給料もらうには何万点くらいの売り上げ作らないとダメですか？？ 開業医で月60万の給料自分に出すには何万点くらいの売り上げないとダメですか？ この場合、DH2人、受付兼歯科助手1人...,0,0
516,2026/2/2 7:21,家族関係の悩み,非公開,8時間57分,2,18,9.0,0,0,0.033,11.11,0.0,0.22,あと3日,https://detail.chiebukuro.yahoo.co.jp/qa/question_detail/q11324922571,学歴や職業に関係なく家族を養える日本にするべきですか? https://youtube.com/shorts/630NTgfaA04?si=W9LgHm7LO46nBodH,0,0
517,2026/2/2 7:21,ボートレース（競艇）,T・Aエジソン,8時間57分,3,6,2.0,0,0,0.011,50.0,0.0,0.29,あと3日,https://detail.chiebukuro.yahoo.co.jp/qa/question_detail/q10324922570,2月２日三国競艇１２Rの買い目を教えて下さい。,0,0
518,2026/2/2 7:21,政治、社会問題,116447497,8時間57分,0,10,10.0,0,0,0.019,0.0,0.0,0.02,あと3日,https://detail.chiebukuro.yahoo.co.jp/qa/question_detail/q13324922568,読売新聞、朝日新聞、毎日新聞、産経新聞、日経新聞の1面右下に印刷工場が表記されていますが、東京新聞は紙面をよく見ても印刷工場の明記がありません。 なぜ東京新聞は印刷工場の表記が無いのでしょうか。,0,0
519,2026/2/2 7:21,水泳,a4f58b119,8時間57分,0,23,23.0,0,0,0.043,0.0,0.0,0.04,あと3日,https://detail.chiebukuro.yahoo.co.jp/qa/question_detail/q11324922566,至急 水泳大会でこのような格好でやる競技が有ったらどのような影響がありますか,0,0
520,2026/2/2 7:21,邦楽,ich********,8時間57分,0,46,46.0,1,0,0.086,0.0,0.0,0.27,あと3日,https://detail.chiebukuro.yahoo.co.jp/qa/question_detail/q14324922564,有線で流れていたこの世の終わりくらいダサい曲が知りたいです。 日本のヒット曲が流れるチャンネルだったので、ここ数年の曲なのかな？と思います。 男性ボーカルで、シンプルなバンドサウンドでした。 サビは複...,0,0
521,2026/2/2 7:21,飲食店,桜空天音,8時間57分,1,24,24.0,0,0,0.045,4.17,0.01,0.14,あと3日,https://detail.chiebukuro.yahoo.co.jp/qa/question_detail/q10324922565,大阪で年確が緩い居酒屋が知りたいです！ 今度友達と2人で大阪に行くのですが 2人共顔が幼く見られやすくて 年確無しでお酒を頼める居酒屋とか教えて頂きたいです,0,0
522,2026/2/2 7:21,ソフトテニス,1151311584,8時間57分,3,48,16.0,0,0,0.089,6.25,0.01,0.37,あと3日,https://detail.chiebukuro.yahoo.co.jp/qa/question_detail/q12324922562,ソフトテニスについて質問です。高校1年で今前衛をしています。 ポーチボレーで1歩目の進行方向とは逆の足を出す一歩目がとっても小さいと言われました。自分では大きくしていると思っているのですが、なんかいい...,0,0
523,2026/2/2 7:21,職場の悩み,非公開,8時間58分,4,72,18.0,0,1,0.134,5.56,0.02,0.56,あと3日,https://detail.chiebukuro.yahoo.co.jp/qa/question_detail/q11324922561,ほっともっとアルバイト初めて半年の高1です。 バイト内の雰囲気はとても良くてみんな優しくて助かっています。ですが、客層が少し…って思う時が多々あります。レジをしている時に商品の復唱、商品の数の確認して...,0,0
524,2026/2/2 7:21,アクアリウム,ポップなコーン,8時間58分,1,27,27.0,0,0,0.05,3.7,0.01,0.14,あと3日,https://detail.chiebukuro.yahoo.co.jp/qa/question_detail/q10324922560,水槽などに詳しい方に質問です 立ち上げてから１ヶ月ほどたった水槽が最近よく苔？で曇るようになってしまって、コケ取り器みたいな磁石で両側から挟むやつで拭いたらその苔らしきものが粉みたいに舞って、泡のとこ...,0,0
525,2026/2/2 7:21,日本史,ナリトク,8時間58分,3,37,12.3,0,9,0.069,8.11,0.01,0.85,あと3日,https://detail.chiebukuro.yahoo.co.jp/qa/question_detail/q14324922559,法隆寺は、聖徳太子の鎮魂のための寺ですか？,0,0
526,2026/2/2 7:21,恋愛相談、人間関係の悩み,☆☆☆☆☆☆☆☆☆☆,8時間58分,2,8,4.0,0,0,0.015,25.0,0.0,0.2,あと3日,https://detail.chiebukuro.yahoo.co.jp/qa/question_detail/q13324922558,篠崎愛さんとバレンタインを楽しみたいですか？,0,0
527,2026/2/2 7:20,福祉、介護,adc9efd62,8時間59分,4,37,9.2,0,0,0.069,10.81,0.01,0.44,あと3日,https://detail.chiebukuro.yahoo.co.jp/qa/question_detail/q12324922557,生活保護って高価な物が無ければ受けれるのですか？例えば過去に使用していたスマホなどが複数あり、売れば数千円、合計で数万円になるような場合でも処分しなくていいんですかね？,0,0
528,2026/2/2 7:20,大学受験,a9827e27,8時間59分,2,44,22.0,0,0,0.082,4.55,0.02,0.27,あと3日,https://detail.chiebukuro.yahoo.co.jp/qa/question_detail/q11324922556,海洋農林の勉強のため、高知大学農林海洋科学部に受験したいと考えています。 65才ですが、どうしましょうか❓,0,0
529,2026/2/2 7:20,病気、症状,1052518861,8時間59分,1,8,8.0,0,0,0.015,12.5,0.0,0.11,あと3日,https://detail.chiebukuro.yahoo.co.jp/qa/question_detail/q10324922555,顔にこういう水膨れが時々できるんですが、何なんでしょうか。 痛みも痒みもありません,0,0
530,2026/2/2 7:20,ピアス,犬派,8時間59分,1,15,15.0,0,0,0.028,6.67,0.0,0.12,あと3日,https://detail.chiebukuro.yahoo.co.jp/qa/question_detail/q14324922554,ピアス埋まりました。 軟骨です。学校とバイトがあり、今日中には病院に行けそうにないのですが、明日でも大丈夫だとおもいますか？？,0,0
531,2026/2/2 7:20,皮膚の病気、アトピー,beb2d3523,8時間59分,0,15,15.0,0,0,0.028,0.0,0.0,0.03,あと3日,https://detail.chiebukuro.yahoo.co.jp/qa/question_detail/q13324922553,首にできてる、ポツポツはなんでしょうか？,0,0
534,2026/2/2 7:20,ギター、ベース,あかさたな,8時間59分,3,52,17.3,0,0,0.096,5.77,0.02,0.37,あと3日,https://detail.chiebukuro.yahoo.co.jp/qa/question_detail/q14324922549,エレキギター半年ほどでキャントストップやダニカリフォルニアなどを弾ける人が地獄のベーシックトレーニングを買うのは辞めたほうがいいですかね?,0,0
536,2026/2/2 7:20,恋愛相談、人間関係の悩み,☆☆☆☆☆☆☆☆☆☆,8時間59分,1,3,3.0,0,0,0.006,33.33,0.0,0.1,あと3日,https://detail.chiebukuro.yahoo.co.jp/qa/question_detail/q12324922547,沢口〇華さんとかまくらまつりを楽しみたいですか？,0,0
537,2026/2/2 7:19,バス、タクシー,c9affd1cd,9時間0分,1,75,75.0,0,0,0.139,1.33,0.1,0.23,あと3日,https://detail.chiebukuro.yahoo.co.jp/qa/question_detail/q11324922546,朝、バスに乗る時の出来事について相談です。 時間がギリギリで、いつものバス停を過ぎてしまい、別のバス停で停車したバスに乗れそうだったため、父に車でバス停まで送ってもらいました。その際、父がバスの前方に...,0,0
538,2026/2/2 7:19,宝塚,少年の夢,9時間1分,0,136,136.0,0,0,0.251,0.0,0.0,0.25,あと3日,https://detail.chiebukuro.yahoo.co.jp/qa/question_detail/q10324922545,朝美絢さんに今後演じてほしい漫画やアニメありますか 昨日ベルばら千秋楽みましたがフィナーレ場面の あーさがリアル少年って感じてショタ風味炸裂でした。 小池先生がポーのOK出したの納得。 個人的には魔男...,0,0
539,2026/2/2 7:19,政治、社会問題,ナリトク,9時間1分,5,52,10.4,0,17,0.096,9.62,0.01,1.5,あと3日,https://detail.chiebukuro.yahoo.co.jp/qa/question_detail/q14324922544,日本史上、唯一成功した革命は１９４５年の八月革命だけですか？,0,0
540,2026/2/2 7:19,労働条件、給与、残業,T∀BOO,9時間1分,1,19,19.0,0,0,0.035,5.26,0.01,0.13,あと3日,https://detail.chiebukuro.yahoo.co.jp/qa/question_detail/q12324922542,知り合いが月給25万円で働かされています。 1日の労働時間は11時間です。勤務時間は16時から3時です。11月に至っては大阪の最低賃金を下回ってます。しかも深夜手当なしです。1月の場合は出勤日数が14...,0,0
541,2026/2/2 7:19,生命保険,1574********,9時間1分,1,27,27.0,0,0,0.05,3.7,0.01,0.14,あと3日,https://detail.chiebukuro.yahoo.co.jp/qa/question_detail/q13324922543,がん保険の保証内容でご相談です。 39歳 男性。未婚。今年で40歳になります。 現在保険は入っていません。 父、前立腺がん 祖父、大腸がん 祖母、舌癌 保険紹介に行き色々と見積もりを作ってもらいました...,0,0
542,2026/2/2 7:19,大学受験,束枕,9時間1分,9,170,18.9,0,16,0.314,5.29,0.06,2.03,あと3日,https://detail.chiebukuro.yahoo.co.jp/qa/question_detail/q11324922541,大学受験を失敗したら人生が終わると親に言われました。もし受験失敗したら死ぬしかないのでしょうか,0,0
543,2026/2/2 7:19,政治、社会問題,匿名,9時間1分,7,38,5.4,0,14,0.07,18.42,0.0,1.49,あと3日,https://detail.chiebukuro.yahoo.co.jp/qa/question_detail/q10324922540,高市早苗は敵前逃亡しますか？,0,0
544,2026/2/2 7:19,コスメ、美容,非公開,9時間1分,0,846,846.0,1,0,1.562,0.0,0.0,1.74,あと3日,https://detail.chiebukuro.yahoo.co.jp/qa/question_detail/q14324922539,至急です。ビビビ祭の第2弾はいつから始まると思いますか？,0,0
545,2026/2/2 7:19,生き方、人生相談,こいのぼり,9時間1分,1,21,21.0,0,0,0.039,4.76,0.01,0.13,あと3日,https://detail.chiebukuro.yahoo.co.jp/qa/question_detail/q13324922538,今年（2026年）は去年と比べると厳しい年になりますが、あなたはどのようなことを楽しみにしていますか？ 私は1月から3月は最初から派遣の仕事をする日を決め、きちんとできるかどうか挑戦して4月からはテー...,0,0
546,2026/2/2 7:19,日本語,ののむら,9時間1分,4,36,9.0,0,0,0.066,11.11,0.01,0.43,あと3日,https://detail.chiebukuro.yahoo.co.jp/qa/question_detail/q12324922537,ちぢむとゆるむの違いってなんですか？ 理科で腕を曲げたときは上腕二頭筋がちぢみ、上腕三頭筋はゆるむと習ったんですが違いがよく分からないです。,0,0
547,2026/2/2 7:19,政治、社会問題,lD非公開,9時間1分,1,13,13.0,0,0,0.024,7.69,0.0,0.12,あと3日,https://detail.chiebukuro.yahoo.co.jp/qa/question_detail/q11324922536,高校2年です。 よくXとかyoutubeショートとかで政治の動画等回ってきてて、何も分からないなりに興味本位でよく見てるんですが竹中平蔵？という人が日本をダメにした元凶！みたいな事よくコメントとかで書...,0,0
548,2026/2/2 7:18,エステ、脱毛,VAIBS,9時間2分,0,6,6.0,0,0,0.011,0.0,0.0,0.01,あと3日,https://detail.chiebukuro.yahoo.co.jp/qa/question_detail/q10324922535,美容クリニックで同意書の読み上げは行っていますか？ 行っている場合、誰が行っていますか？ カウンセラー？看護師？医師？,0,0
549,2026/2/2 7:18,恋愛相談,30代独身,9時間2分,11,105,9.5,0,22,0.193,10.48,0.02,2.42,あと3日,https://detail.chiebukuro.yahoo.co.jp/qa/question_detail/q14324922534,知り合いが「年の差婚はキモい」と言ってました。 これについて、どう思いますか？ ちなみに自分は、キモいという言い方はよくないかな、とは思いました。,0,0
550,2026/2/2 7:18,動画サービス,小川,9時間2分,0,7,7.0,0,0,0.013,0.0,0.0,0.01,あと3日,https://detail.chiebukuro.yahoo.co.jp/qa/question_detail/q13324922533,至急です。TikTokのnrkr（なりきり）でよく見る、「せんる」と「各1」って何ですか?,0,0
551,2026/2/2 7:18,国内,Mochi,9時間2分,6,118,19.7,0,1,0.217,5.08,0.04,0.82,あと3日,https://detail.chiebukuro.yahoo.co.jp/qa/question_detail/q12324922532,日本で、神奈川県より暮らしやすい都道府県なんてありますか？ 神奈川が1番暮らしやすいですよね！？,0,0
552,2026/2/2 7:18,ショッピング,非公開,9時間3分,3,46,15.3,0,1,0.085,6.52,0.01,0.42,あと3日,https://detail.chiebukuro.yahoo.co.jp/qa/question_detail/q11324922531,お金についてです。 この前、友達と遊びに行くからと言って、ファッションから化粧品やらで計10万使いました。 私の一ヶ月の給料全部とんでいきました。 まだ遊びには行ってないけど、遊びに行く場合また一万円...,0,0
553,2026/2/2 7:18,生き方、人生相談,非公開,9時間3分,3,50,16.7,0,0,0.092,6.0,0.02,0.37,あと3日,https://detail.chiebukuro.yahoo.co.jp/qa/question_detail/q10324922530,高校に行きたくない 高一です 昔から勉強だけは得意で、そこそこ良い進学校に進学しました しかし、入学してからずっと無気力が続いています なんのやる気も起きず、なんの努力もせず、生きたまま死んでいるよう...,0,0
554,2026/2/2 7:18,ピアス,1251936536,9時間3分,3,29,9.7,0,0,0.053,10.34,0.01,0.33,あと3日,https://detail.chiebukuro.yahoo.co.jp/qa/question_detail/q14324922529,緊急です昨日ピアスを開けたものです。昨日ピアスを開けたのですがその日のうちに透明ピアスに変えたのですが帰ったら親に取れと言われてその日のうちにピアスを取りました。その場合どうなりますか？ また2日目は...,0,0
555,2026/2/2 7:18,ボートレース（競艇）,T・Aエジソン,9時間3分,3,8,2.7,0,0,0.015,37.5,0.0,0.29,あと3日,https://detail.chiebukuro.yahoo.co.jp/qa/question_detail/q13324922528,2月２日三国競艇１１Rの買い目を教えて下さい。,0,0
556,2026/2/2 7:18,鉄道ファン,平凡な人,9時間3分,8,86,10.8,2,43,0.158,9.3,0.02,3.63,あと3日,https://detail.chiebukuro.yahoo.co.jp/qa/question_detail/q12324922527,東海道新幹線の東京から名古屋間の需要が高い理由は？,0,0
557,2026/2/2 7:17,家族関係の悩み,4965346250112,9時間4分,4,49,12.2,0,12,0.09,8.16,0.01,1.12,あと3日,https://detail.chiebukuro.yahoo.co.jp/qa/question_detail/q11324922526,みなさんどう思いますか？ 近所の八百屋さんのおじいちゃんに、奥さん頭おかしんだよー！と2回も大きな声で言われました．原因は時期じゃない時にカリフラワーありますか？と聞いたからです。（スーパーで売ってる...,0,0
558,2026/2/2 7:17,恋愛相談、人間関係の悩み,:),9時間4分,1,25,25.0,0,0,0.046,4.0,0.01,0.14,あと3日,https://detail.chiebukuro.yahoo.co.jp/qa/question_detail/q14324922524,ネ友についてです 20歳女子大生です 最近スマホゲームで仲良くなった同い年男の子のネ友ができました。彼が上手で友達になるしかないと思ったため、私がフレ申をしてフレンドになり、通話を繋いだ方が連携などが...,0,0
559,2026/2/2 7:17,料理、食材,b13b157b2,9時間4分,5,32,6.4,0,3,0.059,15.62,0.0,0.68,あと3日,https://detail.chiebukuro.yahoo.co.jp/qa/question_detail/q13324922523,自分で作ったドレッシングの味がきついです。 エキストラバージンオリーブオイル150ml、白ワインビネガー50ml、蜂蜜と塩、胡椒を入れて作ったのですが、香りも味も強すぎてキツイです。どうにかマイルドに...,0,0
560,2026/2/2 7:17,YouTube,c41761e94,9時間4分,0,9,9.0,0,0,0.017,0.0,0.0,0.02,あと3日,https://detail.chiebukuro.yahoo.co.jp/qa/question_detail/q12324922522,にじさんじ8周年のグッズって16時頃にはもう売り切れると思いますか…？ 剣持刀也と星導ショウのグッズを買おうと思ってます アクスタ、クリアファイル、バックチャーム、ギフトセット あとケーキのアクリルパ...,0,0
561,2026/2/2 7:17,Yahoo!知恵袋,lD非公開,9時間4分,14,169,12.1,0,50,0.31,8.28,0.04,4.34,あと3日,https://detail.chiebukuro.yahoo.co.jp/qa/question_detail/q11324922521,知恵袋に毎日来る人って「ヒマ人」なのですか？ よく「知恵袋に毎日来るようなヒマ人ばかりじゃない」 というくだりを見ます。,0,0
562,2026/2/2 7:17,メンズ全般,bda8251d0,9時間4分,1,12,12.0,0,1,0.022,8.33,0.0,0.17,あと3日,https://detail.chiebukuro.yahoo.co.jp/qa/question_detail/q10324922520,30代の彼氏が私服の長ズボンの中に体操服のハーフパンツ履いてたら辞めさせますか？,0,0
563,2026/2/2 7:17,マイナンバー,非公開,9時間4分,6,69,11.5,0,4,0.127,8.7,0.01,0.9,不明,https://detail.chiebukuro.yahoo.co.jp/qa/question_detail/q14324922519,マイナンバーカードって更新しないといけないようですが、本人が施設に入ってしまって自分で更新手続きできない場合はどうなるんでしょうか。 そのまま更新せずに放置で大丈夫なんでしょうか？家族が代理で何かした...,0,0
564,2026/2/2 7:17,病気、症状,犬,9時間4分,3,48,16.0,0,0,0.088,6.25,0.01,0.36,あと3日,https://detail.chiebukuro.yahoo.co.jp/qa/question_detail/q13324922518,血便か、切れたのか、排卵出血か、着床出血か、、、一緒に推理してください(；；) 私ではもう検討がつかないです、どれが1番可能性が高いか意見を聞かせてください！お願いします(；；) まず私の状況ですが、...,0,0
565,2026/2/2 7:17,アニメ、コミック,1151721642,9時間5分,0,9,9.0,0,0,0.017,0.0,0.0,0.02,あと3日,https://detail.chiebukuro.yahoo.co.jp/qa/question_detail/q12324922517,ONE PIECEについて 軍子の素性については不明な点が多すぎますが、56年前にイムの側近を務めていたのが彼女だとすれば今の側近は誰なのかということにやはりなってくるのでは？,0,0
566,2026/2/2 7:17,英語,a546a7745,9時間5分,5,60,12.0,0,1,0.11,8.33,0.01,0.62,あと3日,https://detail.chiebukuro.yahoo.co.jp/qa/question_detail/q11324922516,英語の勉強についてです。よくシャドーイングをすると良いと聞きますが、本当に良いと思いますか？ 私自身やってみたんですけど、聞き取るのもそうですし、発音も難しく挫けそうです。なにかコツがあれば教えていた...,0,0
567,2026/2/2 7:17,保険,omj********,9時間5分,1,11,11.0,0,0,0.02,9.09,0.0,0.11,あと3日,https://detail.chiebukuro.yahoo.co.jp/qa/question_detail/q10324922515,今住んでいる賃貸の家財保険の更新の案内が来て、他に乗り換えるか悩んでいるんだけど、退去の時に家財保険で賃貸の浴槽やキッチン便器も補償対象になって払ってくれたり、 自転車の保険も付いているところがいいな...,0,0
568,2026/2/2 7:17,情報番組、ワイドショー,mgjpdgtgmpwg,9時間5分,1,13,13.0,0,0,0.024,7.69,0.0,0.12,あと3日,https://detail.chiebukuro.yahoo.co.jp/qa/question_detail/q14324922514,おはよう朝日の朝の7:15までくらいのコーナ、最近減税の話しかしてなくないですか？ コメント欄みたいなとこには消費税は廃止するべき！とか言ってる人たちばっかでほんとに気持ち悪いんですけど皆さんどう思い...,0,0
569,2026/2/2 7:17,一般教養,ikedadaisaku,9時間5分,2,9,4.5,0,1,0.017,22.22,0.0,0.25,あと3日,https://detail.chiebukuro.yahoo.co.jp/qa/question_detail/q13324922513,創価学会は偽造された魔性の二セ鬼神入り御本尊を許さず開眼供養を続けたので代表仏教になったのでしょうか。,0,0
570,2026/2/2 7:17,一般教養,ac9bc3fed,9時間5分,2,17,8.5,0,5,0.031,11.76,0.0,0.49,あと3日,https://detail.chiebukuro.yahoo.co.jp/qa/question_detail/q12324922512,借金返済し終わった時にもう絶対借金しないと誓いましたか？,0,0
571,2026/2/2 7:17,マナー,SAM,9時間5分,3,17,5.7,0,0,0.031,17.65,0.0,0.31,あと3日,https://detail.chiebukuro.yahoo.co.jp/qa/question_detail/q11324922511,最近、気になる公共のマナーでさ ①待ってるエレベーターで扉の前よりで真ん中で待ってるやつ ②2人分の幅の通路で向かいから人が来てもちゃんと避けず真ん中寄りのまま歩いてくるやつ(特に20代) 気にならね...,0,0
572,2026/2/2 7:17,コンタクトレンズ、視力矯正,1152546705,9時間5分,1,10,10.0,0,0,0.018,10.0,0.0,0.11,あと3日,https://detail.chiebukuro.yahoo.co.jp/qa/question_detail/q10324922510,術前３日間にコンタクトレンズを使ってしまいました 大丈夫でしょうか?,0,0
573,2026/2/2 7:17,生き方、人生相談,めあり,9時間5分,3,25,8.3,1,2,0.046,12.0,0.0,0.61,あと3日,https://detail.chiebukuro.yahoo.co.jp/qa/question_detail/q13324922508,全身がコンプレックスです。綺麗にしたい！ってなると結局お金がかかるのでどうせ死ぬのに沢山お金使って可愛くしてなんの意味があるんだろうって考えてしまいます。 仕事は行けばわりと楽しいけど仕事してる時もど...,0,0
574,2026/2/2 7:16,宗教,匿名,9時間6分,3,35,11.7,0,2,0.064,8.57,0.01,0.45,あと3日,https://detail.chiebukuro.yahoo.co.jp/qa/question_detail/q11324922506,統一教会は高市早苗にいくら貢ぎましたか？,0,0
575,2026/2/2 7:16,恋愛相談、人間関係の悩み,篠田せつ,9時間6分,1,14,14.0,0,0,0.026,7.14,0.0,0.12,あと3日,https://detail.chiebukuro.yahoo.co.jp/qa/question_detail/q10324922505,会社の既婚の上司について 思わせぶり？奥さんだったら嫌ではありませんか？ 私はアルバイトで勤務していますが、会社の上司からの思わせぶりのような態度が気になっています。ただ既婚者で子供もいる方です。 そ...,0,0
576,2026/2/2 7:16,菓子、スイーツ,she********,9時間6分,1,3,3.0,0,0,0.005,33.33,0.0,0.1,あと3日,https://detail.chiebukuro.yahoo.co.jp/qa/question_detail/q14324922504,ワッフルメーカーでワッフルを焼いたのですが固くなります。原因は何ですか,0,0
577,2026/2/2 7:16,ポケットモンスター,書きく恵子,9時間6分,1,22,22.0,0,0,0.04,4.55,0.01,0.13,あと3日,https://detail.chiebukuro.yahoo.co.jp/qa/question_detail/q13324922503,ポケモンのカップリングや夢についてです。 あれって規約違反なんじゃないですか？ (イメージを損なう行為に該当すると思います) 教えてください,0,0
578,2026/2/2 7:16,香水,___,9時間6分,0,4,4.0,1,0,0.007,0.0,0.0,0.19,あと3日,https://detail.chiebukuro.yahoo.co.jp/qa/question_detail/q10324922500,ドルガバのザ・ワン エッセンス オードパルファム、ヴェルサーチのエロス、ランバンのエクラ・ドゥ・アルページュ オードパルファムを愛用してるのですが似たような香りの系統でおすすめの香水ありますか？,0,0
579,2026/2/2 7:16,DTM,cb51904af,9時間6分,2,28,14.0,0,1,0.051,7.14,0.01,0.29,あと3日,https://detail.chiebukuro.yahoo.co.jp/qa/question_detail/q14324922499,DTMについて質問です。 独学で勉強してるのですが、UADのコンプレッサーを使っているのですが正直使い所に困っています。 大きい音と小さい音の差が大きい時に使うというのはわかるのですがどの程度の差でど...,0,0
580,2026/2/2 7:15,政治、社会問題,霞ヶ関監視機構,9時間8分,0,15,15.0,0,0,0.027,0.0,0.0,0.03,あと3日,https://detail.chiebukuro.yahoo.co.jp/qa/question_detail/q10324922495,アメリカってテキトーですよね,0,0
581,2026/2/2 7:15,恋愛相談、人間関係の悩み,onv********,9時間8分,10,114,11.4,0,3,0.208,8.77,0.02,1.28,あと3日,https://detail.chiebukuro.yahoo.co.jp/qa/question_detail/q11324922496,大学一年生19歳女です。 私は今マチアプをやっているのですが、中高女子校で今まで彼氏ができたことがなく、男性に過去の恋愛を聞かれたときに今までいたことがないと答えると高確率でそういうこともしたことない...,0,0
582,2026/2/2 7:15,職場の悩み,iit********,9時間8分,8,47,5.9,0,1,0.086,17.02,0.01,0.87,あと3日,https://detail.chiebukuro.yahoo.co.jp/qa/question_detail/q14324922494,良い人ほど仕事を辞めたりするものなのでしょうか？,0,0
583,2026/2/2 7:15,移住、田舎暮らし,Mochi,9時間8分,2,10,5.0,0,1,0.018,20.0,0.0,0.25,あと3日,https://detail.chiebukuro.yahoo.co.jp/qa/question_detail/q13324922493,中国地方の若い人は 意外と、南関東への移住（上京）願望ある人は少ない？,0,0
585,2026/2/2 7:15,メンズシューズ,豆大福,9時間8分,4,17,4.2,0,0,0.031,23.53,0.0,0.39,あと3日,https://detail.chiebukuro.yahoo.co.jp/qa/question_detail/q11324922491,みなさんは何か好きなスニーカーが一足買えるとしたら何買いますか？ 金に上限はありません。そして買った後売ることはないこととします。 この回答に正解はないので複数いたらベストアンサーはルーレットで決めま...,0,0
586,2026/2/2 7:15,大学受験,kil********,9時間8分,8,175,21.9,0,15,0.319,4.57,0.07,1.87,あと3日,https://detail.chiebukuro.yahoo.co.jp/qa/question_detail/q10324922490,【お礼500枚】 子どもを下宿(一人暮らし)させて文系私大に行かせる場合、「最低ライン」どこまで許しますか？ ・早慶 ・GMARCH ・成成明学獨國武 ・日東駒専 ・大東亜帝国 ・上記未満(ボーダーフ...,0,0
587,2026/2/2 7:15,ボートレース（競艇）,T・Aエジソン,9時間8分,3,9,3.0,0,0,0.016,33.33,0.0,0.29,あと3日,https://detail.chiebukuro.yahoo.co.jp/qa/question_detail/q14324922489,2月２日三国競艇１０Rの買い目を教えて下さい。,0,0
588,2026/2/2 7:15,病気、症状,y07********,9時間8分,2,27,13.5,0,1,0.049,7.41,0.01,0.29,あと3日,https://detail.chiebukuro.yahoo.co.jp/qa/question_detail/q13324922488,脳出血について。 身内が脳出血で救急搬送されました。 なかなか血が止まらず 10時間以上の出血が続いていましたが 翌日の朝には止まっていました。 自発呼吸ありですがICUで 意識不明で寝たきりとなって...,0,0
589,2026/2/2 7:15,スマホアプリ,t,9時間8分,0,5,5.0,0,0,0.009,0.0,0.0,0.01,あと3日,https://detail.chiebukuro.yahoo.co.jp/qa/question_detail/q12324922487,いらないアプリを消さないとゲームが出来ないですか？,0,0
590,2026/2/2 7:15,法律相談,1151105643,9時間8分,1,12,12.0,0,3,0.022,8.33,0.0,0.28,あと3日,https://detail.chiebukuro.yahoo.co.jp/qa/question_detail/q14324922484,認知は、代理には親しまないため、成年後見人が代理して認知することはできない。また、認知をするには、父または母が成年被後見人であるときでも、その法定代理人の同意は要しない。 離婚は、代理には親しまないた...,0,0
591,2026/2/2 7:15,病気、症状,b3fb243b2,9時間8分,1,21,21.0,0,0,0.038,4.76,0.01,0.13,あと3日,https://detail.chiebukuro.yahoo.co.jp/qa/question_detail/q13324922483,至急！ シンナーを吸い込み過ぎてしまったかもです… 部屋でマニキュアを作っていたのですが、換気しても臭いがあまり抜けませんでした。そしてその後その部屋で寝てしまいました。少し喉の痛みはありますが、これ...,0,0
592,2026/2/2 7:15,政治、社会問題,bzwarthein,9時間9分,5,78,15.6,0,3,0.142,6.41,0.02,0.76,あと3日,https://detail.chiebukuro.yahoo.co.jp/qa/question_detail/q12324922482,【2026衆議院議員選挙】 朝日新聞の予想が、自民圧勝の様相を呈していると報道しています。もう中革連は降参ですか？ 中でも旧立憲民主党議員連は、唇を強く噛みしめるようですか？,0,0
593,2026/2/2 7:15,リズム、音楽ゲーム,ceb1ab5fc,9時間9分,1,11,11.0,0,0,0.02,9.09,0.0,0.11,あと3日,https://detail.chiebukuro.yahoo.co.jp/qa/question_detail/q11324922481,CHUNITHMについて質問です。次にどんな難易度やろうか悩んでます。オススメの曲ありますか？ 実力マシンガン赤S Crossmythos Rhapsodia赤AAA 12より下はSは取れる。 体力譜...,0,0
594,2026/2/2 7:15,職場の悩み,c51e1826c,9時間9分,0,17,17.0,0,0,0.031,0.0,0.0,0.03,あと3日,https://detail.chiebukuro.yahoo.co.jp/qa/question_detail/q10324922480,私はあまり経歴が良くなく、ついこの間まで転職が上手く行かなくて無職でした。 12月から今の職場で働いており、問題無く生活が出来ていますが、身体的に少し心配があるのと、副業がダメな会社でいつか副業に出来...,0,0
596,2026/2/2 7:15,レディース全般,bc95bda7e,9時間9分,2,36,18.0,0,0,0.066,5.56,0.01,0.25,あと3日,https://detail.chiebukuro.yahoo.co.jp/qa/question_detail/q13324922478,女性の方に質問です。 20代男です。 女友達にパンツピチピチでダサいって言われたんですがそう思いますか？,0,0
597,2026/2/2 7:15,大学受験,1052058055,9時間9分,1,20,20.0,0,0,0.036,5.0,0.01,0.13,あと3日,https://detail.chiebukuro.yahoo.co.jp/qa/question_detail/q12324922477,上智大学併用2次について 自分は総合人間科学社会と法国際法の併用試験を受けるのですが、2次試験でどれくらい取ればいいかわかりません。 共通テストの点数は9割くらいで、英検加算で9.5割は超えます。共通...,0,0
598,2026/2/2 7:14,自動車,1052156404,9時間10分,2,22,11.0,0,0,0.04,9.09,0.0,0.22,あと3日,https://detail.chiebukuro.yahoo.co.jp/qa/question_detail/q11324922476,代車で日産クリッパーを借りました。 四駆のボタンを押してもメーター上に｢4WD｣の表示が出ないのですが、四駆になってるのでしょうか？心配です。 昔のクリッパーです。,0,0
599,2026/2/2 7:14,恋愛相談、人間関係の悩み,ふとん,9時間10分,6,63,10.5,0,0,0.114,9.52,0.01,0.66,不明,https://detail.chiebukuro.yahoo.co.jp/qa/question_detail/q10324922475,至急です！ ・ブサイクな人が前で堂々と発表したり場を回したりしてたらどう思いますか。 ・ブサイクな人がおばあちゃんに席を譲ってたらどう思いますか ・ブサイクが一人で外食したり一人で旅行してたらどう思い...,0,0
601,2026/2/2 7:14,げっ歯類、ウサギ,bf9414763,9時間10分,1,11,11.0,0,0,0.02,9.09,0.0,0.11,あと3日,https://detail.chiebukuro.yahoo.co.jp/qa/question_detail/q11324922471,ひごペットでファンシーラットを飼いました。 店員さんが床材は(おがくずがいいですよ。)と言っていたのでおがくずにしました。 そしたら12時間で亡くなりました、適正環境は守っていたので、床材について調べ...,0,0
602,2026/2/2 7:14,大学受験,非公開,9時間10分,1,16,16.0,0,0,0.029,6.25,0.0,0.12,あと3日,https://detail.chiebukuro.yahoo.co.jp/qa/question_detail/q10324922470,至急 慶應法の2025年からの小論文が難しいのですか合格された方や受験された方どのように対策すればいいでしょうか？アドバイスいただきたいです、,0,0
603,2026/2/2 7:14,メンズ全般,hik********,9時間10分,0,14,14.0,0,0,0.025,0.0,0.0,0.03,あと3日,https://detail.chiebukuro.yahoo.co.jp/qa/question_detail/q14324922469,洋服についての質問です。 こちらのカラーはサミットゴールドでしょうか？ ノースで探しております回答お待ちしております。,0,0
604,2026/2/2 7:14,ギャンブル,1151252409,9時間10分,0,5,5.0,0,0,0.009,0.0,0.0,0.01,あと3日,https://detail.chiebukuro.yahoo.co.jp/qa/question_detail/q13324922468,坂戸、若葉、霞ヶ関あたりでマシなパチ屋ってありますか？ スロットも大概ですけど主にパチンコの方気になります,0,0
605,2026/2/2 7:14,ヘアケア,nagi,9時間10分,3,5,1.7,0,0,0.009,60.0,0.0,0.28,あと3日,https://detail.chiebukuro.yahoo.co.jp/qa/question_detail/q12324922467,毛染めについて 私は今までそこまで明るい髪色ではないですが 染めていました 後縮毛まではいかない ストレートもかけていました 転職する際かなり暗い髪色に染め直して そこから今に至ります 黒髪にしたのは...,0,0
606,2026/2/2 7:14,法律相談,こんにちは,9時間10分,1,38,38.0,0,2,0.069,2.63,0.03,0.27,あと3日,https://detail.chiebukuro.yahoo.co.jp/qa/question_detail/q11324922466,個人再生/自己破産中のパパ活について 個人再生/自己破産を進めている最中にパパ活をしていて、手続きが無事進んだとき、 パパがお手当てを会社の経費で落としていた場合、税務署にバレてパパが損をする可能性、...,0,0
607,2026/2/2 7:14,恋愛相談、人間関係の悩み,☆☆☆☆☆☆☆☆☆☆,9時間10分,0,1,1.0,0,0,0.002,0.0,0.0,0.0,あと3日,https://detail.chiebukuro.yahoo.co.jp/qa/question_detail/q10324922465,はしかんとウィンターを過ごしたいですか？,0,0
608,2026/2/2 7:14,K-POP、アジア,sua,9時間11分,0,3,3.0,0,0,0.005,0.0,0.0,0.01,あと3日,https://detail.chiebukuro.yahoo.co.jp/qa/question_detail/q14324922464,2月8日にTXTのthe magic world in Osakaでメモリアルスリーブファイルを買いたいのですが、2日目も残ってると思いますか？ また11時から販売と書いてあり、30分前ほどから並んで...,0,0
609,2026/2/2 7:14,iPhone,pag********,9時間11分,2,21,10.5,0,0,0.038,9.52,0.0,0.22,あと3日,https://detail.chiebukuro.yahoo.co.jp/qa/question_detail/q13324922463,iPhone15を使用しています。2024年の1月から2年分割払い返却有りで使用開始し、1年ほど使用してます。落下等もなく外見に傷等はありません。 ios26にアップデートしてから、カメラがおかしくな...,0,0
610,2026/2/2 7:14,アニメ、コミック,非公開,9時間11分,0,12,12.0,0,0,0.022,0.0,0.0,0.02,あと3日,https://detail.chiebukuro.yahoo.co.jp/qa/question_detail/q12324922462,「名探偵コナン」の青山先生のあつ森で発表された「ハイウェイの堕天使」の下記のメインキャラ達はそれぞれどういう活躍をするのかを教えてください。 https://x.com/hasse254/status...,0,0
611,2026/2/2 7:13,ボートレース（競艇）,T・Aエジソン,9時間12分,3,10,3.3,0,0,0.018,30.0,0.0,0.29,あと3日,https://detail.chiebukuro.yahoo.co.jp/qa/question_detail/q11324922461,2月２日三国競艇９Rの買い目を教えて下さい。,0,0
612,2026/2/2 7:13,アニメ,短い,9時間12分,2,42,21.0,0,3,0.076,4.76,0.02,0.42,あと3日,https://detail.chiebukuro.yahoo.co.jp/qa/question_detail/q10324922460,今年のコナン映画の主題歌がGLAYになる夢を見たのですが、当たると思いますか?,0,0
613,2026/2/2 7:13,恋愛相談、人間関係の悩み,1253153543,9時間12分,0,11,11.0,0,0,0.02,0.0,0.0,0.02,あと3日,https://detail.chiebukuro.yahoo.co.jp/qa/question_detail/q12324922457,彼女に興味なくなったら、くだらない会話(LINE)とかしなくなるものですか？ 共通のゲームの話題とかもしなくなりますかね？,0,0
614,2026/2/2 7:13,大学受験,shwtxa5,9時間12分,3,60,20.0,0,1,0.109,5.0,0.02,0.43,不明,https://detail.chiebukuro.yahoo.co.jp/qa/question_detail/q11324922456,至急です！ 東京学芸大学志望で、志願理由及び活動報告書の前期用は自筆で書き終えたのですが、前期と後期同じ学部に出す時、2セット書かなきゃダメですか？ 選抜区分を前期と後期の2個まるで囲うのはダメでしょ...,0,0
615,2026/2/2 7:13,大学受験,b604816d9,9時間12分,0,60,60.0,0,0,0.109,0.0,0.0,0.11,あと3日,https://detail.chiebukuro.yahoo.co.jp/qa/question_detail/q14324922454,関西学院大学について質問させていただきます。 文学部総合心理科学科志望なのですが、 2026 2/1の全学部日程を現状自己採点してみると 世界史 131/150 英語 148/200 でした。得点調整...,0,0
616,2026/2/2 7:13,病気、症状,hap********,9時間12分,2,20,10.0,0,0,0.036,10.0,0.0,0.22,あと3日,https://detail.chiebukuro.yahoo.co.jp/qa/question_detail/q13324922453,カフェインタブレット 毎日 閲覧ありがとうございます。 20代、女です。 今は無職ですが、もう少ししたら就活予定です。 朝起きるのが辛く、 いつも11時前後まで眠ってしまうので このままでは仕事ができ...,0,0
617,2026/2/2 7:13,テーマパーク,b6e948b00,9時間12分,0,27,27.0,1,0,0.049,0.0,0.0,0.23,あと3日,https://detail.chiebukuro.yahoo.co.jp/qa/question_detail/q12324922452,2/12（水）にディズニーシーに友達と二人で行く予定です。（閉園まで居る予定） 絶対に乗りたいアトラクションが ・ソアリン（DPA課金予定） ・タワー・オブ・テラー ・ピーターパン です。 ソアリンは...,0,0
618,2026/2/2 7:13,恋愛相談,b60780a5d,9時間12分,2,36,18.0,0,0,0.065,5.56,0.01,0.25,あと3日,https://detail.chiebukuro.yahoo.co.jp/qa/question_detail/q11324922451,アプリの人と毎週遊んでいて、見た目は好きだし遊べば楽しいし、振っても向こうが諦めたく無いと言って私の事をとても好いてくれいたり凄い嬉しいし安心感ある相手でしたが、付き合いたいという気持ちにはなれず、 ...,0,0
619,2026/2/2 7:13,ボートレース（競艇）,T・Aエジソン,9時間12分,3,11,3.7,0,0,0.02,27.27,0.0,0.29,あと3日,https://detail.chiebukuro.yahoo.co.jp/qa/question_detail/q10324922450,2月２日三国競艇８Rの買い目を教えて下さい。,0,0
621,2026/2/2 7:12,英語,夏菜（Natsuna）,9時間13分,6,70,11.7,1,6,0.126,8.57,0.01,1.17,不明,https://detail.chiebukuro.yahoo.co.jp/qa/question_detail/q13324922448,日本語学習中の外国人の友達が、 不自然な日本語を話したときに 『ちょっと、へんだよ』 『ちょっと不自然だよ』という ニュアンスで優しく伝えたい場合 Wired や Strangeは 強くきこえますか？...,0,0
622,2026/2/2 7:12,恋愛相談、人間関係の悩み,☆☆☆☆☆☆☆☆☆☆,9時間13分,2,15,7.5,0,0,0.027,13.33,0.0,0.21,あと3日,https://detail.chiebukuro.yahoo.co.jp/qa/question_detail/q10324922445,有村架純さんを連想するものは、何ですか？,0,0
623,2026/2/2 7:12,ゲーム,xew********,9時間13分,0,8,8.0,0,0,0.014,0.0,0.0,0.01,あと3日,https://detail.chiebukuro.yahoo.co.jp/qa/question_detail/q14324922444,VALORANT カロードでヨルを使うとほぼ毎試合MVP級の活躍を出来て、他のマップでは上手く使えないのはなぜだと思いますか？ パール、ヘイブン、スプリット、ブリーズ この辺りでもヨルを使いたいのです...,0,0
624,2026/2/2 7:12,病気、症状,fdq********,9時間13分,2,83,41.5,0,3,0.15,2.41,0.06,0.49,不明,https://detail.chiebukuro.yahoo.co.jp/qa/question_detail/q13324922443,職場に自律神経障害？ の方がいます。電車で立ちくらみが起きて倒れてしまったり朝起きれない方がいます。夜も睡眠時間は4時間ほどらしく、夜と眠れないみたいなのですが、睡眠を取らない結果そうなってる訳ではな...,0,0
625,2026/2/2 7:12,ゲーム,1252305383,9時間14分,1,12,12.0,0,0,0.022,8.33,0.0,0.11,あと3日,https://detail.chiebukuro.yahoo.co.jp/qa/question_detail/q12324922442,Switchのアーケードアーカイブスのショックトルパーズってゲームは面白いですか？ また面白いとして1と2だとやはり後から出た2のほうが面白いのでしょうか？ 似た感じのメタルスラッグってゲームは良く面...,0,0
626,2026/2/2 7:12,ゲーム,1251090370,9時間14分,2,44,22.0,0,0,0.079,4.55,0.02,0.26,不明,https://detail.chiebukuro.yahoo.co.jp/qa/question_detail/q14324922439,あつ森ってめちゃくちゃ時間を戻したり、進めたりしても絶対花は枯れないですか？ 無くなるとしたら走って無くなることくらいですか？,0,0
627,2026/2/2 7:12,男性アイドル,yxo********,9時間14分,1,28,28.0,0,1,0.051,3.57,0.01,0.19,不明,https://detail.chiebukuro.yahoo.co.jp/qa/question_detail/q10324922440,限界突破！やってM!LKの過去放送で、U-NEXTでは#19からしか見れないのですが、#18までをどこかで見る方法があったら教えていただけたら嬉しいです。,0,0
628,2026/2/2 7:12,自動車,やる気全開！キャンプ,9時間14分,6,54,9.0,0,0,0.097,11.11,0.01,0.64,あと3日,https://detail.chiebukuro.yahoo.co.jp/qa/question_detail/q13324922438,こういう薄いブルーシートだって車の形に加工すれば使えるよね！？,0,0
629,2026/2/2 7:12,メンズシューズ,豆大福,9時間14分,0,2,2.0,0,0,0.004,0.0,0.0,0.0,あと3日,https://detail.chiebukuro.yahoo.co.jp/qa/question_detail/q12324922437,aj1シカゴトロフィールーム青紐について質問です。 原宿のスニダンにあったり、スニダンのアプリでも売っています。世界12000足なのにこんなに売ってるもんなんですか？ あとバックドアってなんですか？,0,0
630,2026/2/2 7:12,LINE,wwwxyz,9時間14分,2,31,15.5,0,0,0.056,6.45,0.01,0.24,あと3日,https://detail.chiebukuro.yahoo.co.jp/qa/question_detail/q11324922436,LINEの利用規約違反してしまいました。 1月25日の22時頃に魔が差してしまい海外メンエスの方5.6名の追加をし、やりとりを行いました。相手の住所等、大人な会話したことが原因かと思っております。 L...,0,0
631,2026/2/2 7:12,バイク,白昼夢,9時間14分,2,19,9.5,0,3,0.034,10.53,0.0,0.38,不明,https://detail.chiebukuro.yahoo.co.jp/qa/question_detail/q10324922435,バイクのゴープロの撮ってる画面をリアルタイムで確認したいんですけど どうすればいいんでしょうか？？？,0,0
632,2026/2/2 7:12,トレーディングカード,1049805142,9時間14分,1,7,7.0,0,0,0.013,14.29,0.0,0.1,あと3日,https://detail.chiebukuro.yahoo.co.jp/qa/question_detail/q14324922434,デュエルマスターズについての質問です！ 《魂の絆 ラッタ＆「火砲」》で攻撃し、《初不 <マジェスティック.Star>》と《オクトーパ <カーネル.Star>》の「侵略」の使用を宣言しました。先に《初不...,0,0
633,2026/2/2 7:12,ボートレース（競艇）,T・Aエジソン,9時間14分,3,6,2.0,0,0,0.011,50.0,0.0,0.28,あと3日,https://detail.chiebukuro.yahoo.co.jp/qa/question_detail/q13324922433,2月２日三国競艇７Rの買い目を教えて下さい。,0,0
634,2026/2/2 7:11,げっ歯類、ウサギ,くれしんし,9時間15分,3,8,2.7,0,0,0.014,37.5,0.0,0.28,あと3日,https://detail.chiebukuro.yahoo.co.jp/qa/question_detail/q11324922431,ハムスターのケージの掃除に使えるスプレー？おすすめ教えてください。,0,0
635,2026/2/2 7:11,マッサージ、整体,sta********,9時間15分,2,25,12.5,0,0,0.045,8.0,0.01,0.22,あと3日,https://detail.chiebukuro.yahoo.co.jp/qa/question_detail/q12324922432,マッサージをしてくれるサロンへ行くと、サロンの方からテラヘルツの寝具などを勧められます。 テラヘルツについては興味がないので、適当に聞き流しているのですが、本当に効果があるのでしょうか？ サロンの方は...,0,0
636,2026/2/2 7:11,恋愛相談、人間関係の悩み,bc95bda7e,9時間15分,0,13,13.0,0,0,0.023,0.0,0.0,0.02,あと3日,https://detail.chiebukuro.yahoo.co.jp/qa/question_detail/q10324922430,女性の方に質問です。 20代男です。 女友達にパンツピチピチでダサいって言われたんですがそう思いますか？,0,0
637,2026/2/2 7:11,コミック,非公開,9時間15分,0,5,5.0,0,0,0.009,0.0,0.0,0.01,あと3日,https://detail.chiebukuro.yahoo.co.jp/qa/question_detail/q14324922429,「２０世紀少年」の「１８巻で万国ちびっこビックリショーの件で万丈目と口論したともだちはフクベエではなく、カツマタ」という説があるのですが、どうでしょうか？ https://ameblo.jp/soma...,0,0
638,2026/2/2 7:11,アルバイト、フリーター,。,9時間15分,0,18,18.0,0,0,0.032,0.0,0.0,0.03,あと3日,https://detail.chiebukuro.yahoo.co.jp/qa/question_detail/q13324922428,焼肉きんぐのホールでバイトしてる方に質問です！ オープニングスタッフ（ホール）としてバイトしたいんですけど大きい声を出すのが苦手なら向いてないですか？,0,0
640,2026/2/2 7:11,社会保険,nanashi,9時間16分,3,28,9.3,0,1,0.05,10.71,0.0,0.37,あと3日,https://detail.chiebukuro.yahoo.co.jp/qa/question_detail/q11324922426,厚生年金加入について 会社で社会保険に加入する時、年金手帳の提出は必要ですか?マイナカードだけで大丈夫ですか?,0,0
641,2026/2/2 7:11,恋愛相談、人間関係の悩み,wge********,9時間16分,2,14,7.0,0,0,0.025,14.29,0.0,0.2,あと3日,https://detail.chiebukuro.yahoo.co.jp/qa/question_detail/q10324922425,なんでもハラスメントハラスメントと訴える世の中ですが、これって正しいあり方なんですか？ ハラスメントの主張が多くなると、生きづらくなる気がします。,0,0
642,2026/2/2 7:11,引越し,和浦,9時間16分,3,72,24.0,0,1,0.129,4.17,0.03,0.45,あと3日,https://detail.chiebukuro.yahoo.co.jp/qa/question_detail/q13324922423,武蔵浦和駅と南浦和駅では、どちらが住みやすいか教えてください。詳しく説明してもらえると幸いです。,0,0
643,2026/2/2 7:11,車検、メンテナンス,fan********,9時間16分,1,26,26.0,0,0,0.047,3.85,0.01,0.14,あと3日,https://detail.chiebukuro.yahoo.co.jp/qa/question_detail/q12324922422,トラック（マツダボンゴのキャンピングカー）の適正な空気圧はどれくらいでしょうか？ 荷物や人を含めた荷重が、 前輪1150kg、タイヤ：185/80R14 97/95N LT 後輪1170kg、タイヤ：...,0,0
644,2026/2/2 7:11,クレジットカード,匿名,9時間16分,0,7,7.0,0,0,0.013,0.0,0.0,0.01,あと3日,https://detail.chiebukuro.yahoo.co.jp/qa/question_detail/q11324922421,エネオスカードについて みなさんはどのタイプのカードを使用していますか？ 新規発行を考えているのですが、エネオスでの給油をする場合、アプリにクーポンが届いておりましたらアプリポイント＋各カードの割引が...,0,0
645,2026/2/2 7:11,サービス、探しています,ba206e02f,9時間16分,1,13,13.0,0,0,0.023,7.69,0.0,0.11,あと3日,https://detail.chiebukuro.yahoo.co.jp/qa/question_detail/q10324922420,無料の AI画像生成について Whiskの無料版でAI画像生成はじめましたが ムフフな女性のプロンプト（Whiskの検閲に弾かれないレベル）を 共有してるようなサイトやコミュニティがあれば教えて下さい,0,0
646,2026/2/2 7:11,アニメ,非公開,9時間16分,1,28,28.0,0,0,0.05,3.57,0.01,0.14,あと3日,https://detail.chiebukuro.yahoo.co.jp/qa/question_detail/q14324922419,「小公女セーラ」の最終回のインドに旅立つセーラをミンチン達が見送るシーンにジェームスとモーリーがいなかったのは、 クリスフォードとカーマイケルによって送り込まれた新たなコックとメイド長によってシゴかれ...,0,0
647,2026/2/2 7:11,インフルエンザ,a5c1e5159,9時間16分,2,35,17.5,0,0,0.063,5.71,0.01,0.24,あと3日,https://detail.chiebukuro.yahoo.co.jp/qa/question_detail/q13324922418,インフルエンザ・コロナの検査について 先週金曜日あたりから風邪の症状があり、 昨日（日曜日）の朝から急に３８.8度の熱が出で、1日中高熱・頭痛が続いており、自分の体感的にこれはインフルかコロナだろうな...,0,0
648,2026/2/2 7:10,法律相談,べあうちふる,9時間17分,0,7,7.0,0,0,0.013,0.0,0.0,0.01,あと3日,https://detail.chiebukuro.yahoo.co.jp/qa/question_detail/q11324922416,好き嫌いドットコムに自分のイラストを無断使用されました 通報や削除申請は可能ですか また、実際に無断使用の画像が著作者の申請により削除された事例はありますか,0,0
649,2026/2/2 7:10,日本史,ikedadaisaku,9時間17分,1,5,5.0,0,1,0.009,20.0,0.0,0.15,あと3日,https://detail.chiebukuro.yahoo.co.jp/qa/question_detail/q14324922414,創価学会は偽造された魔性の二セ鬼神入り御本尊を許さず開眼供養を続けたので代表仏教になったのでしょうか。,0,0
650,2026/2/2 7:10,デンタルケア,wgd********,9時間17分,3,46,15.3,0,0,0.082,6.52,0.01,0.35,あと3日,https://detail.chiebukuro.yahoo.co.jp/qa/question_detail/q11324922411,差し歯の色なんですが、変では無いですか？ 写真の向かって左側の前歯1本がセラミックの差し歯なのですが、先端が透明すぎやしないでしょうか？ 自分だとおかしく見えるのですが、他人からみたらどうなのか気にな...,0,0
651,2026/2/2 7:10,ボートレース（競艇）,T・Aエジソン,9時間17分,3,8,2.7,0,0,0.014,37.5,0.0,0.28,あと3日,https://detail.chiebukuro.yahoo.co.jp/qa/question_detail/q14324922409,2月２日三国競艇６Rの買い目を教えて下さい。,0,0
652,2026/2/2 7:10,バイク,lal********,9時間17分,5,60,12.0,0,0,0.108,8.33,0.01,0.55,あと3日,https://detail.chiebukuro.yahoo.co.jp/qa/question_detail/q13324922408,PCXを新車で買って、駅までの通勤に使おうと思ってます。市営の駐輪場に停めておこうと思いますが、盗難や悪戯が心配です。 今まではボロバイクなので、その心配も全く無かったのですが。 盗難が多いと聞きます...,0,0
653,2026/2/2 7:10,恋愛相談、人間関係の悩み,瀬戸,9時間17分,2,43,21.5,0,0,0.077,4.65,0.02,0.26,あと3日,https://detail.chiebukuro.yahoo.co.jp/qa/question_detail/q11324922406,好きな人と初デートすることになったので質問です>< 今の予定は 13:20 電車に乗る 13:40 電車を降りる 数分歩く 13:50 施設内をぷらぷら 14:25 映画を見る(1時間50分) 16:...,0,0
654,2026/2/2 7:09,病院、検査,qpt********,9時間18分,0,2,2.0,0,0,0.004,0.0,0.0,0.0,あと3日,https://detail.chiebukuro.yahoo.co.jp/qa/question_detail/q13324922403,罵倒村の診療所の受付の方はなんて名前ですか？,0,0
655,2026/2/2 7:09,ドラマ,非公開,9時間18分,0,6,6.0,0,0,0.011,0.0,0.0,0.01,あと3日,https://detail.chiebukuro.yahoo.co.jp/qa/question_detail/q12324922402,「ごくせん」の３期最終回の保護者会でヤンクミを「教師に向いてない人間は辞めるべき」と言った白ネクタイの男があの嫌味な２人の刑事に下記の通りに論破されたら、どうなると予想しますか？ ２人の態度が１話と４...,0,0
656,2026/2/2 7:09,園芸、ガーデニング,lov********,9時間19分,2,17,8.5,0,0,0.03,11.76,0.0,0.21,あと3日,https://detail.chiebukuro.yahoo.co.jp/qa/question_detail/q11324922401,手前の黄緑の葉の多肉植物? は何と言う名前ですか？ 先日鉢植えで３００円と安かったので買ってきました。,0,0
657,2026/2/2 7:09,シニアライフ、シルバーライフ,三兆円事件,9時間19分,5,46,9.2,0,16,0.082,10.87,0.01,1.39,あと3日,https://detail.chiebukuro.yahoo.co.jp/qa/question_detail/q10324922400,5MBとは何ですか？,0,0
658,2026/2/2 7:09,資産運用、投資信託、NISA,20251227/1007,9時間19分,5,40,8.0,0,0,0.072,12.5,0.01,0.52,あと3日,https://detail.chiebukuro.yahoo.co.jp/qa/question_detail/q14324922399,サービス業は輸出できないので製造業ほどもうからず賃金も低いままなのでしょうか？,0,0
659,2026/2/2 7:09,デンタルケア,1150710644,9時間19分,0,4,4.0,0,0,0.007,0.0,0.0,0.01,あと3日,https://detail.chiebukuro.yahoo.co.jp/qa/question_detail/q13324922398,タイの歯磨き粉ディンティスに匹敵するほどの口臭予防・除去ができる、より安価な歯磨き粉を教えてください！,0,0
660,2026/2/2 7:09,退職,a7cc5ee2a,9時間19分,5,100,20.0,0,0,0.179,5.0,0.04,0.62,あと3日,https://detail.chiebukuro.yahoo.co.jp/qa/question_detail/q11324922396,退職代行使ったら訴えられるでしょうか？正社員です。辞令でて承諾しましたが本当は辞めたいです。,0,0
661,2026/2/2 7:08,世界史,えだまめ,9時間20分,2,17,8.5,0,3,0.03,11.76,0.0,0.37,あと3日,https://detail.chiebukuro.yahoo.co.jp/qa/question_detail/q14324922394,クフ王ってファラオのことですか？,0,0
662,2026/2/2 7:08,ライブ、コンサート,1152243021,9時間20分,1,22,22.0,0,0,0.039,4.55,0.01,0.13,あと3日,https://detail.chiebukuro.yahoo.co.jp/qa/question_detail/q13324922393,以前HANA 1st TOUR 2026 “Born to Bloom”のチケットの抽選を申し込んで結果が落選でした。PayPay残高で仮払い？ をして落選したら返金されるとの事なんですが一向に帰って...,0,0
663,2026/2/2 7:08,ショッピング,ｹﾂﾜﾚしか穿かない男児,9時間20分,2,13,6.5,0,0,0.023,15.38,0.0,0.2,あと3日,https://detail.chiebukuro.yahoo.co.jp/qa/question_detail/q12324922392,ﾔﾏｻﾞｷ春のﾊﾟﾝ祭りの点数は なんで昔より多くなったんですか❓,0,0
664,2026/2/2 7:08,政治、社会問題,クミンとコリアンダーが肝,9時間20分,2,23,11.5,0,1,0.041,8.7,0.0,0.27,あと3日,https://detail.chiebukuro.yahoo.co.jp/qa/question_detail/q11324922391,国家社会主義労働者党の社会主義運動と共産主義ではどちらが犠牲者の人数が多いですか？,0,0
665,2026/2/2 7:08,自転車、サイクリング,bf52e0f64,9時間20分,9,85,9.4,0,7,0.152,10.59,0.01,1.33,あと3日,https://detail.chiebukuro.yahoo.co.jp/qa/question_detail/q10324922390,自転車について質問です。 自転車で通学してます一年に4.5回転倒するのはバカですか？,0,0
666,2026/2/2 7:08,恋愛相談、人間関係の悩み,霞ヶ関監視機構,9時間20分,0,13,13.0,0,0,0.023,0.0,0.0,0.02,あと3日,https://detail.chiebukuro.yahoo.co.jp/qa/question_detail/q14324922389,俺の提言はなぜシャドーバンされるのですか？,0,0
667,2026/2/2 7:08,アルバイト、フリーター,cba648ce4,9時間20分,5,141,28.2,0,15,0.251,3.55,0.07,1.5,不明,https://detail.chiebukuro.yahoo.co.jp/qa/question_detail/q12324922387,バイトの面接で事務所に入ったら、その店のバイトさんたちが休憩していたので挨拶をしたのですが、ほとんど返事がなくちょっと恥ずかしかったです もしかして、面接を受ける時点ではまだ他人だから、挨拶をしないの...,0,0
668,2026/2/2 7:07,ボートレース（競艇）,T・Aエジソン,9時間21分,3,7,2.3,0,0,0.012,42.86,0.0,0.28,あと3日,https://detail.chiebukuro.yahoo.co.jp/qa/question_detail/q10324922385,2月２日三国競艇５Rの買い目を教えて下さい。,0,0
669,2026/2/2 7:07,ニュース、事件,たけし,9時間21分,2,27,13.5,0,1,0.048,7.41,0.01,0.28,あと3日,https://detail.chiebukuro.yahoo.co.jp/qa/question_detail/q13324922383,日本維新の会って橋下徹さんが最初活躍してませんでしたっけ？ 質問なんですが今の維新の会って保守的なのに橋下徹さんはなんか政党で言ったら中道連合？みたいな所ないですかね？ もともと維新の会なのにあまり保...,0,0
671,2026/2/2 7:07,女性アイドル,ten********,9時間22分,0,10,10.0,0,0,0.018,0.0,0.0,0.02,あと3日,https://detail.chiebukuro.yahoo.co.jp/qa/question_detail/q10324922380,今週の乃木坂工事中を見た人に質問です 漢字でお題を伝えましょうのコーナーで 日村さんが悔しいみたいなリアクションが ヒントやん！みたいな雰囲気なってましたけど どこがヒントになるんですか？,0,0
672,2026/2/2 7:07,アニメ、コミック,非公開,9時間22分,0,10,10.0,0,0,0.018,0.0,0.0,0.02,あと3日,https://detail.chiebukuro.yahoo.co.jp/qa/question_detail/q14324922379,「聲の形」の小学生編で川井が石田に「植野と川井も俺と同じように」と言われて泣き出した後にもしも、 描かれていない所で校長先生は竹内に下記の質問をしていたら、竹内はそれぞれどう答えたと予想しますか？ h...,0,0
673,2026/2/2 7:07,就職活動,1051745962,9時間22分,1,10,10.0,0,0,0.018,10.0,0.0,0.11,あと3日,https://detail.chiebukuro.yahoo.co.jp/qa/question_detail/q13324922378,新卒で行政保健師になった方、今何をされてますか？,0,0
674,2026/2/2 7:06,女性アイドル,ミント,9時間23分,2,13,6.5,1,0,0.023,15.38,0.0,0.38,あと3日,https://detail.chiebukuro.yahoo.co.jp/qa/question_detail/q12324922377,クイズです いまは犬と猫を合わせて五匹飼ってます。 犬はミーと✕✕✕ 猫はランと✕✕✕とミキ では、✕✕✕にはどんなに名前が入る？ヒントはカテゴリーをみてください。,0,0
675,2026/2/2 7:06,ボートレース（競艇）,T・Aエジソン,9時間23分,3,6,2.0,0,0,0.011,50.0,0.0,0.28,あと3日,https://detail.chiebukuro.yahoo.co.jp/qa/question_detail/q11324922376,2月２日三国競艇４Rの買い目を教えて下さい。,0,0
676,2026/2/2 7:06,友人関係の悩み,1152981756,9時間23分,4,77,19.2,0,4,0.137,5.19,0.03,0.7,あと3日,https://detail.chiebukuro.yahoo.co.jp/qa/question_detail/q14324922374,友達に「異常だよ」と言われたのですがなぜですか？,0,0
677,2026/2/2 7:06,LINE,t,9時間23分,4,29,7.2,0,1,0.051,13.79,0.0,0.46,あと3日,https://detail.chiebukuro.yahoo.co.jp/qa/question_detail/q10324922375,ラインに興味が無いお方は珍しいですか？,0,0
678,2026/2/2 7:06,音楽,leaf,9時間23分,0,5,5.0,0,0,0.009,0.0,0.0,0.01,あと3日,https://detail.chiebukuro.yahoo.co.jp/qa/question_detail/q13324922373,猫型配膳ロボットの音楽について質問です 焼肉チェーン店牛繁の猫型配膳ロボットの音楽、聞いた事あるのですが思い出せず、YouTubeを見ても分からなかったのでタイトル分かる方いらっしゃいましたら、教えて...,0,0
679,2026/2/2 7:06,特撮,坊主,9時間23分,1,29,29.0,0,0,0.051,3.45,0.01,0.14,あと3日,https://detail.chiebukuro.yahoo.co.jp/qa/question_detail/q12324922372,仮面ライダーゼッツのコードナンバー1 コードナンバー2っていつ出てきますかね？,0,0
680,2026/2/2 7:06,ファッション,1152254154,9時間23分,5,40,8.0,0,0,0.071,12.5,0.01,0.51,あと3日,https://detail.chiebukuro.yahoo.co.jp/qa/question_detail/q11324922371,35歳男でこのトレーナーはダサいですか？,0,0
681,2026/2/2 7:06,日本史,BA&AB777,9時間23分,7,93,13.3,0,10,0.165,7.53,0.02,1.32,不明,https://detail.chiebukuro.yahoo.co.jp/qa/question_detail/q10324922370,大河ドラマは 葵徳川三代から見ていませんが 豊臣兄弟の話を回りの人から聞くと 史実と離れすぎ。 最近興味を持った方が見ると あれが本当の豊臣兄弟だと思ってしまう。 前から思っていましたが、 なぜ、史実...,0,0
682,2026/2/2 7:06,プレイステーション4,wcc********,9時間23分,2,4,2.0,1,2,0.007,50.0,0.0,0.47,あと3日,https://detail.chiebukuro.yahoo.co.jp/qa/question_detail/q14324922369,キングダムハーツのダウンロード版を購入し、PS5.PS4それぞれでダウンロードしたのですが、セーブデータの共有は可能でしょうか？ PS5でやったり、PS4でやったりなどをしたいのですが。,0,0
683,2026/2/2 7:06,病気、症状,1150010086,9時間23分,2,30,15.0,0,1,0.053,6.67,0.01,0.28,あと3日,https://detail.chiebukuro.yahoo.co.jp/qa/question_detail/q13324922368,今年の1月にバイトとしてフルで入っているのですが、1月の終わりに身内の体調がわるくなり2日間ほどお休みをいただきました。 その二日後に親知らずが腫れ病院に行くのにお休みを頂いたのですが、炎症が酷く菌が...,0,0
684,2026/2/2 7:06,バイク,1152439743,9時間23分,9,96,10.7,0,12,0.17,9.38,0.02,1.6,あと3日,https://detail.chiebukuro.yahoo.co.jp/qa/question_detail/q11324922366,原付 メットインをドライバー等ででこじ開けてもいいのでしょうか？ 鍵を中に入れており、鍵もそれしかないです。 学生でお金もないので本当に焦ってます。 何か方法あれば本当に教えてください,0,0
685,2026/2/2 7:06,園芸、ガーデニング,a4f58b119,9時間23分,0,9,9.0,0,0,0.016,0.0,0.0,0.02,あと3日,https://detail.chiebukuro.yahoo.co.jp/qa/question_detail/q10324922365,至急 このようなフローリングが苗を植えた後の田んぼだったらみなさまは、苗を抜き取りたいと思いますか,0,0
686,2026/2/2 7:05,税金,zaj********,9時間25分,4,44,11.0,0,0,0.078,9.09,0.01,0.43,あと3日,https://detail.chiebukuro.yahoo.co.jp/qa/question_detail/q13324922363,去年の年末調整してないんですけど、今年確定申告しますよね？ どこに行って確定申告するんですか？ 市役所？税務署？？ 今日あたり行ってできますか？,0,0
687,2026/2/2 7:05,株式,hok********,9時間25分,2,24,12.0,0,0,0.042,8.33,0.01,0.22,あと3日,https://detail.chiebukuro.yahoo.co.jp/qa/question_detail/q12324922362,証券口座 株をすべて売却しMRF口座を全額出金し0円になったら解約になりますか？ 口座解約？になりますか？,0,0
688,2026/2/2 7:05,メンズ腕時計、アクセサリー,cdg********,9時間25分,4,55,13.8,0,0,0.097,7.27,0.01,0.45,不明,https://detail.chiebukuro.yahoo.co.jp/qa/question_detail/q11324922361,一見、腕時計のようですが、画像のものはどういうものなのでしょうか。詳しい方がいらしたら、教えていただきたいと思います。裏蓋を開けてみると電子機器が詰まっており、液晶らしいものはありませんでした。 電池...,0,0
689,2026/2/2 7:05,ボートレース（競艇）,T・Aエジソン,9時間25分,3,10,3.3,0,0,0.018,30.0,0.0,0.28,あと3日,https://detail.chiebukuro.yahoo.co.jp/qa/question_detail/q10324922360,2月２日三国競艇３Rの買い目を教えて下さい。,0,0
690,2026/2/2 7:05,アルバイト、フリーター,c39f5b277,9時間25分,3,67,22.3,0,0,0.119,4.48,0.03,0.38,あと3日,https://detail.chiebukuro.yahoo.co.jp/qa/question_detail/q14324922359,限界です。 1月に新しく入ったバイト先が、店長さんがもう嫌すぎて、正直辛いです。 昨日、別の会社に社員になってほしいと声をかけられて前向きに考えていることを伝えると 1か月前に辞めることを伝えなさいよ...,0,0
691,2026/2/2 7:05,賃貸物件,非公開,9時間25分,1,20,20.0,0,0,0.035,5.0,0.01,0.12,あと3日,https://detail.chiebukuro.yahoo.co.jp/qa/question_detail/q12324922357,恥ずかしながら家賃滞納2ヶ月 水曜日払うのですが、連帯保証人もブラックリストにのってしまうのでしょうか？,0,0
692,2026/2/2 7:05,アニメ,momo,9時間25分,4,70,17.5,0,2,0.124,5.71,0.02,0.58,あと3日,https://detail.chiebukuro.yahoo.co.jp/qa/question_detail/q11324922356,葬送のフリーレン2期のOPにミセスのluluが合わないという意見を見かけたのですがどう思いますか？ 私は合ってると思いました。 音楽にはまったく専門性のある知識はないので上手く表現できませんが、壮大で...,0,0
693,2026/2/2 7:05,サッカー,1151159420,9時間25分,0,5,5.0,0,0,0.009,0.0,0.0,0.01,あと3日,https://detail.chiebukuro.yahoo.co.jp/qa/question_detail/q14324922354,NIKEのスパイクについてです ナイキファントムGX2プロというモデルを買って、部屋に置いてたら白い部分がめちゃくちゃ黄色くなっていました、部屋が冷めきっていたぐらいしか心当たりがないんですが何が原因...,0,0
694,2026/2/2 7:05,料理、食材,ID 非公開,9時間25分,7,37,5.3,0,0,0.065,18.92,0.0,0.68,不明,https://detail.chiebukuro.yahoo.co.jp/qa/question_detail/q10324922355,朝ご飯は何ですか？,0,0
695,2026/2/2 7:05,政治、社会問題,クミンとコリアンダーが肝,9時間25分,5,40,8.0,0,5,0.071,12.5,0.01,0.78,あと3日,https://detail.chiebukuro.yahoo.co.jp/qa/question_detail/q13324922353,★前川喜平氏が過激宣言「国旗損壊罪できたら紙に赤い丸を書いて毎日破ってやる。捕まえてみろ」 前川氏のXへの投稿に賛否があると言いますが、どう考えても「否」の方が多いんじゃないですかね？ 元文科大臣とし...,0,0
696,2026/2/2 7:04,政治、社会問題,匿名,9時間26分,9,120,13.3,1,46,0.212,7.5,0.03,3.61,あと3日,https://detail.chiebukuro.yahoo.co.jp/qa/question_detail/q12324922352,だからあれほど高市早苗はやめといたほうがいいと言ったじゃないですか！なぜ高市早苗なんかに投票しちゃったのですか？そんなに統一教会がいいのですか？,0,0
697,2026/2/2 7:04,石油、天然ガス,tech21,9時間26分,1,16,16.0,0,2,0.028,6.25,0.0,0.22,不明,https://detail.chiebukuro.yahoo.co.jp/qa/question_detail/q11324922351,現在、東京電力エナジーパートナーのガスを契約しているのですが、ガス会社を変えた場合に ガス漏れや不具合への対応が遅くなったりとかそういうデメリットはありますか？ 日東を検討してます。,0,0
698,2026/2/2 7:04,iPhone,こーだい,9時間26分,2,34,17.0,0,0,0.06,5.88,0.01,0.24,あと3日,https://detail.chiebukuro.yahoo.co.jp/qa/question_detail/q10324922350,iOS26.2にしてからドコモの制限時間になるたびにこの画像のような通知が出てきてOKを押してもしばらくの間同じ通知が続きます。 同じバグが起きている人いますか？iOS26.2.1にしたら改善するかど...,0,0
699,2026/2/2 7:04,音楽,まるでん,9時間26分,0,3,3.0,0,0,0.005,0.0,0.0,0.01,あと3日,https://detail.chiebukuro.yahoo.co.jp/qa/question_detail/q12324922347,パトパトチャンネルのbgmについて質問です。この動画の1番初めに流れてるbgm名を教えてください。 https://youtu.be/PxE9ZKUd4aU?si=D7xFi_K_wrjjprpz あ...,0,0
700,2026/2/2 7:03,アニメ,山田与作,9時間27分,1,47,47.0,0,0,0.083,2.13,0.04,0.17,あと3日,https://detail.chiebukuro.yahoo.co.jp/qa/question_detail/q11324922346,なぜこの女性は僕の前でこんな扇情的な格好をしているのですか？もしかして誘ってますか？誘惑にのっていいですか？,0,0
701,2026/2/2 7:03,Yahoo!知恵袋,c7585bdc6,9時間28分,6,47,7.8,1,2,0.083,12.77,0.01,0.89,あと3日,https://detail.chiebukuro.yahoo.co.jp/qa/question_detail/q10324922345,1時間は60分ですけど、70分は何時間ですか？ @知恵袋ユーザー さん,0,0
702,2026/2/2 7:03,メルカリ,ace684ebb,9時間28分,3,60,20.0,0,10,0.106,5.0,0.02,0.9,あと3日,https://detail.chiebukuro.yahoo.co.jp/qa/question_detail/q14324922344,メルペイの後払い利用枠にの増やし方について メルカリのメルペイスマート払い（後払い）の利用枠が増えません。 現在の枠は25万円に設定されています。 すぐ上限に達して精算を繰り返しています。 過去半年の...,0,0
703,2026/2/2 7:03,学校の悩み,11111111111,9時間28分,5,43,8.6,0,0,0.076,11.63,0.01,0.51,あと3日,https://detail.chiebukuro.yahoo.co.jp/qa/question_detail/q13324922343,不安なことが沢山ある、 中三です。 不安な事がありすぎて辛いです。学校に行きたくないです。 友達のことは大好きです。でも友達側にも他に大好きな友達がいます。1番じゃないのが辛いです。私の話してる時より...,0,0
704,2026/2/2 7:03,国民健康保険,霞ヶ関監視機構,9時間28分,1,12,12.0,0,0,0.021,8.33,0.0,0.11,あと3日,https://detail.chiebukuro.yahoo.co.jp/qa/question_detail/q12324922342,もう全員国保国民年金でよくないですか？ 制度設計が穴すぎる,0,0
705,2026/2/2 7:03,恋愛相談、人間関係の悩み,1152394830,9時間28分,3,67,22.3,0,3,0.118,4.48,0.03,0.54,あと3日,https://detail.chiebukuro.yahoo.co.jp/qa/question_detail/q11324922341,元塾講師と元生徒の恋愛についてどう思うか教えていただきたいです。 現在、私は大学生で高校時代にお世話になった塾の先生数名と趣味が同じということもあり、よく遊びにいくような関係です。 その遊びにいくメン...,0,0
706,2026/2/2 7:03,恋愛相談、人間関係の悩み,gog********,9時間28分,3,20,6.7,0,3,0.035,15.0,0.0,0.46,あと3日,https://detail.chiebukuro.yahoo.co.jp/qa/question_detail/q14324922339,田舎の駅前通りでスナックをやり出す女性とはどんな人だと思います？,0,0
707,2026/2/2 7:03,特撮,まさかず@ぽっちゃりこそ至高！,9時間28分,0,6,6.0,0,0,0.011,0.0,0.0,0.01,あと3日,https://detail.chiebukuro.yahoo.co.jp/qa/question_detail/q13324922338,なんだか知らんがとにかくよし！と思ったシーンは？」 ゴジュウジャーのトラブルはよく知らんがとにかくよしっ！,0,0
708,2026/2/2 7:03,メンズ全般,ものみんた,9時間28分,5,35,7.0,0,3,0.062,14.29,0.0,0.66,あと3日,https://detail.chiebukuro.yahoo.co.jp/qa/question_detail/q12324922337,THE NORTH FACEというブランドのリュックやジャケット？ を着ている人たち(の一部、老若男女を問わず)が毎朝通勤時に乗車マナーを守れていないことが多いせいか、THE NORTH FACEとい...,0,0
709,2026/2/2 7:03,Yahoo!知恵袋,acc3c71c7,9時間28分,1,16,16.0,0,0,0.028,6.25,0.0,0.12,あと3日,https://detail.chiebukuro.yahoo.co.jp/qa/question_detail/q11324922336,食べました（しね） って痛いですか？普段こんなこと言わないんですけど…食べましたは例です,0,0
710,2026/2/2 7:03,ミュージック,1051862218,9時間28分,1,18,18.0,0,0,0.032,5.56,0.01,0.12,あと3日,https://detail.chiebukuro.yahoo.co.jp/qa/question_detail/q10324922335,LINEミュージックについて質問です。 再生回数を増やすため複数台のiPhoneで同じ曲を再生しているのですが、再生回数が反映されません。 アップデートはしましたし、オンラインにつないでも他の曲を流し...,0,0
711,2026/2/2 7:03,英語,a2c74a5d6,9時間28分,3,26,8.7,0,1,0.046,11.54,0.0,0.36,あと3日,https://detail.chiebukuro.yahoo.co.jp/qa/question_detail/q14324922334,前回の英検二級が100点足りず不合格でした。 前回の正答率がリーディング5割5分、リスニング5割、ライティング3割ほどでした。 今回の自己採がリーディング5割5分、リスニング7割、ライティングもかなり...,0,0
712,2026/2/2 7:02,友人関係の悩み,tok********,9時間29分,9,102,11.3,0,5,0.179,8.82,0.02,1.23,あと3日,https://detail.chiebukuro.yahoo.co.jp/qa/question_detail/q13324922333,小5の娘がいじめられて不登校になりました。いじめた6人は先生に個別に呼び出されて2度としないことを誓ったらしいのですが、まだ裏で「あのデブ」とか言っていると同じクラスの友達が教えてくれました。 学校側...,0,0
713,2026/2/2 7:02,占い,1150121578,9時間29分,2,27,13.5,0,0,0.047,7.41,0.01,0.22,あと3日,https://detail.chiebukuro.yahoo.co.jp/qa/question_detail/q10324922330,先ほど母が父を刺す夢を見ました いつも通り私が日リビングでくつろいでたら目の前にあるテレビの前に父が立ち止まって、その時に母が包丁を持ってゆっくりと刺して横に切っていました。 血は流れず、父は痛そうな...,0,0
714,2026/2/2 7:02,資格,cdc90ab66,9時間30分,0,18,18.0,0,0,0.032,0.0,0.0,0.03,あと3日,https://detail.chiebukuro.yahoo.co.jp/qa/question_detail/q14324922329,春から大学3年になる法学部生です。就活を進めるかローに進学するか迷っています。 実際にローに合格した方や司法試験に合格した方に以下のことをお聞きしたいです。 1この時期からロー対策を始めるのは間に合わ...,0,0
715,2026/2/2 7:02,アルバイト、フリーター,c4aa95c2f,9時間30分,0,20,20.0,0,0,0.035,0.0,0.0,0.04,あと3日,https://detail.chiebukuro.yahoo.co.jp/qa/question_detail/q14324819364,外仕事以外で未体験でアルバイト初めての人でもやりやすいバイトはありますか？(外仕事以外で)25で男です 元々は正社員で仕事してました,0,0
716,2026/2/2 7:02,アルバイト、フリーター,aed0c0d07,9時間30分,5,23,4.6,0,3,0.04,21.74,0.0,0.64,あと3日,https://detail.chiebukuro.yahoo.co.jp/qa/question_detail/q12324922327,木曜日に応募したバイトから面接日時などのメールが来ていることに昨日気が付きました。 言い訳になってしまうのですが迷惑メールに入っており気づいておらず木曜日に来ていたのですが今返しても面接をしてくれるの...,0,0
717,2026/2/2 7:02,教養、ドキュメンタリー,私の質問内では逆質問は一切禁止,9時間30分,0,13,13.0,0,0,0.023,0.0,0.0,0.02,あと3日,https://detail.chiebukuro.yahoo.co.jp/qa/question_detail/q14324819184,「みんなのうた」に関する質問です。 ↓ 以下の画像内にある、『1970年代の「みんなのうた」の映像素材が未保存の楽曲』の内、どんな映像なのか気になった曲を「理由付き」にして、教えて下さい。 ▼ ▼ ※...,0,0
718,2026/2/2 7:02,ピアス,c1f245e96,9時間30分,0,5,5.0,0,0,0.009,0.0,0.0,0.01,あと3日,https://detail.chiebukuro.yahoo.co.jp/qa/question_detail/q14324819209,緊急です！ 千葉駅付近で、リップピアスを変えてくれるお店を教えてほしいです！！なるべく安めがいいです！,0,0
719,2026/2/2 7:02,コミック,may********,9時間30分,0,44,44.0,0,0,0.077,0.0,0.0,0.08,あと3日,https://detail.chiebukuro.yahoo.co.jp/qa/question_detail/q14324819139,20年ほど前に見た漫画が思い出せません。 ヤクザの漫画で、主人公が太ももに被弾をし、耳かきか何かで太ももを自分で貫通させるシーンがあったり、最後は雪の降る中で銃撃戦をし、歌いながら死んでいくというシー...,0,0
720,2026/2/2 7:02,ニキビケア,kuj********,9時間30分,0,21,21.0,0,0,0.037,0.0,0.0,0.04,あと3日,https://detail.chiebukuro.yahoo.co.jp/qa/question_detail/q14324819324,イソトレチノインを試してみたいですが怖いです。 昔から肌の悩みがコンプレックスで、今は顔にニキビができることは少ないけれど、角栓が目立ったり、毛穴や皮脂の量も普通と比べるとかなり多いです。最近は背中や...,0,0
721,2026/2/2 7:02,アルバイト、フリーター,c4aa95c2f,9時間30分,0,21,21.0,0,0,0.037,0.0,0.0,0.04,あと3日,https://detail.chiebukuro.yahoo.co.jp/qa/question_detail/q14324819189,吉野家で仕事してる方で 速払いサービスとはなんなのか教えてほしいです,0,0
722,2026/2/2 7:02,トレーディングカード,noa********,9時間30分,0,17,17.0,0,0,0.03,0.0,0.0,0.03,あと3日,https://detail.chiebukuro.yahoo.co.jp/qa/question_detail/q14324819334,大阪なんばにあるポイント還元率の高いトレーディングカードショップを教えてください。,0,0
723,2026/2/2 7:02,インターネットショッピング,1252468478,9時間30分,0,15,15.0,0,0,0.026,0.0,0.0,0.03,あと3日,https://detail.chiebukuro.yahoo.co.jp/qa/question_detail/q14324819124,アマゾンで買い物をしてカ－ト入れて支払い画面でこの支払方法を使用するクリックするとご注文の処理中にエラーが発生しました。もう一度試してください。または、後で再度チェックしてください。 が表示されるどう...,0,0
724,2026/2/2 7:02,飲食店,1051283265,9時間30分,0,11,11.0,0,0,0.019,0.0,0.0,0.02,あと3日,https://detail.chiebukuro.yahoo.co.jp/qa/question_detail/q14324819059,劇場合間メシの東京ホテイソンと川畑泰史の対談で使われた店を教えて下さい。,0,0
725,2026/2/2 7:02,飛行機、空港,はなえ,9時間30分,0,23,23.0,0,0,0.04,0.0,0.0,0.04,あと3日,https://detail.chiebukuro.yahoo.co.jp/qa/question_detail/q14324819014,エアアジアアプリのログインの件です。予約した後ログアウトし、もう一度ログインしようと思い当たるメールをするのですが「このメールは違う」様な文句が出ます。 そのメールで予約した内容もメールで確認できるの...,0,0
726,2026/2/2 7:02,生き方、人生相談,acr********,9時間30分,0,58,58.0,0,0,0.102,0.0,0.0,0.1,あと3日,https://detail.chiebukuro.yahoo.co.jp/qa/question_detail/q14324818974,人生の後悔やら挫折やら、 もう熱くなくないですか？ って言うか 後悔させないことを 価値提供と呼ぶのでは？,0,0
727,2026/2/2 7:02,数学,daka,9時間30分,0,26,26.0,0,0,0.046,0.0,0.0,0.05,あと3日,https://detail.chiebukuro.yahoo.co.jp/qa/question_detail/q14324819069,至急‼‼ sma4で作成したグラフから半値全幅を求める方法を教えてください‼‼,0,0
728,2026/2/2 7:01,ライブ、コンサート,ひまぶー,9時間31分,0,34,34.0,0,0,0.059,0.0,0.0,0.06,あと3日,https://detail.chiebukuro.yahoo.co.jp/qa/question_detail/q13324819468,GENERATIONS LIVE TOUR 2026 “ PARALLEL QUEST ”の EXILE FB先行のチケット当落日がわかる方どなたかわかりますか？ 1月下旬とありますが、今日明日でしょ...,0,0
729,2026/2/2 7:01,観光地、行楽地,hon********,9時間31分,1,35,35.0,0,1,0.061,2.86,0.02,0.2,不明,https://detail.chiebukuro.yahoo.co.jp/qa/question_detail/q11324922326,仙台大観音は地元人は興味がない人が多いですが、県外人は何であんなに写真を撮ったりしてるんですか？ 何故興味があるのか不思議です。,0,0
730,2026/2/2 7:01,げっ歯類、ウサギ,つん,9時間32分,0,21,21.0,0,0,0.037,0.0,0.0,0.04,あと3日,https://detail.chiebukuro.yahoo.co.jp/qa/question_detail/q13324819378,ハムスターについてです！ 最近うちのカシュー君の両耳の裏近くにおハゲのようなものができてる気がします。 これって何でしょうか？病院に連れていきたいところですが、ハムちゃんにとってもストレスですし、前の...,0,0
731,2026/2/2 7:01,自動車,tor********,9時間32分,1,24,24.0,0,0,0.042,4.17,0.01,0.13,あと3日,https://detail.chiebukuro.yahoo.co.jp/qa/question_detail/q13324819388,車の査定についてです。 トランクフロアのシーラントは新車時のものはクリーム色のものが多いですが、新車時からグレーの物もあるのですか？,0,0
732,2026/2/2 7:01,新築一戸建て,cf0c82b43*^_^*,9時間32分,3,34,11.3,0,1,0.059,8.82,0.01,0.37,あと3日,https://detail.chiebukuro.yahoo.co.jp/qa/question_detail/q10324922325,東京都内（目黒・世田谷・杉並）に新築一戸建ては、今幾らくらいしますか？ 土地は30～35坪程度、注文住宅です。,0,0
733,2026/2/2 7:01,女性アイドル,mzz********,9時間32分,0,4,4.0,0,0,0.007,0.0,0.0,0.01,あと3日,https://detail.chiebukuro.yahoo.co.jp/qa/question_detail/q13324819243,宇都宮市中央部を拠点に活動しているアイドルグループ見晴らし坂46は全国区で人気が出ますか？,0,0
734,2026/2/2 7:01,教養、ドキュメンタリー,私の質問内では逆質問は一切禁止,9時間32分,0,3,3.0,0,0,0.005,0.0,0.0,0.01,あと3日,https://detail.chiebukuro.yahoo.co.jp/qa/question_detail/q13324819173,「みんなのうた」に関する質問です。 ↓ 以下の画像内にある、『1960年代の「みんなのうた」の映像素材が未保存の楽曲』の内、どんな映像なのか気になった曲を「理由付き」にして教えて下さい。 ▼ ▼ ※1...,0,0
735,2026/2/2 7:01,X（旧Twitter）,you********,9時間32分,0,14,14.0,0,0,0.024,0.0,0.0,0.02,あと3日,https://detail.chiebukuro.yahoo.co.jp/qa/question_detail/q13324819233,昔のTwitterで流行った言葉について質問です。 「あいえうえお」や「あええうえお」のような、母音だけでできた言葉が、一時期Twitterで流行っていた記憶があります。 正確な表記や元ネタが思い出せ...,0,0
736,2026/2/2 7:01,ゲーム,おにおん,9時間32分,0,14,14.0,0,0,0.024,0.0,0.0,0.02,あと3日,https://detail.chiebukuro.yahoo.co.jp/qa/question_detail/q13324819008,mkワールドのカスタムについての質問です。 僕は大のロゼッタ推しでロゼッタマッハバイクを使っているんですがラウンジなどの環境では最軽量ロボットバイクが多くて今のカスタムで戦えるか心配です。mk8dxで...,0,0
737,2026/2/2 7:01,ダイエット,1252460831,9時間32分,3,44,14.7,0,0,0.077,6.82,0.01,0.34,あと3日,https://detail.chiebukuro.yahoo.co.jp/qa/question_detail/q13324819003,自分のベスト体重からどれくらい増えたり減ったりしたらやばいなーと感じますか？ 逆にいえばどのくらいの増減なら普通の自然現象的な体重の変化で無視って感じでいられますか？,0,0
738,2026/2/2 7:01,職場の悩み,らら,9時間32分,0,28,28.0,0,0,0.049,0.0,0.0,0.05,あと3日,https://detail.chiebukuro.yahoo.co.jp/qa/question_detail/q13324819023,明日は休日出勤なので、ショーパンにペールベージュのフェイクタイツにしようかと思うのですが、勘のいい部下たちが私の姿を鑑賞しに出勤してくるかもしれないので、 部下たちが見慣れているサンタンブラウンなパン...,0,0
739,2026/2/2 7:01,K-POP、アジア,hdtwmjpp226,9時間32分,0,16,16.0,0,0,0.028,0.0,0.0,0.03,あと3日,https://detail.chiebukuro.yahoo.co.jp/qa/question_detail/q12324819302,smt2025の時のトロッコってどこ通りましたか？,0,0
740,2026/2/2 7:01,天文、宇宙,kir********,9時間32分,2,91,45.5,1,1,0.159,2.2,0.07,0.56,あと3日,https://detail.chiebukuro.yahoo.co.jp/qa/question_detail/q12324819202,系外惑星の観測技術について質問です。 ① 観測結果の評価について 仮定の話です。 太陽系外で最も近い恒星系に、神様が「太陽系と全く同じ構成」をそのままコピーしたとします。 （アルファ・ケンタウリ系あた...,0,0
741,2026/2/2 7:01,賃貸物件,懺悔,9時間32分,0,40,40.0,0,0,0.07,0.0,0.0,0.07,あと3日,https://detail.chiebukuro.yahoo.co.jp/qa/question_detail/q12324819102,【至急！】ライフラインコンシェルジュを実際に利用した方に質問です。 賃貸契約時に不動産会社よりライフラインの手続きはライフラインコンシェルジュから行うよう指示があり、そちらを経由して電気と水道の契約を...,0,0
742,2026/2/2 7:01,ヒト,ess********,9時間32分,0,9,9.0,0,0,0.016,0.0,0.0,0.02,あと3日,https://detail.chiebukuro.yahoo.co.jp/qa/question_detail/q12324819282,ドリームコアってどうして色んな人が既視感を持っているんですか！？ 人々みんな違う環境下で生きてきて見てきたものも全て違うのにドリームコアって多くの人が来たことがある気がする、懐かしさを感じる、など既視...,0,0
743,2026/2/2 7:01,ライブ、コンサート,みにちゃんの虜,9時間32分,0,57,57.0,0,0,0.1,0.0,0.0,0.1,あと3日,https://detail.chiebukuro.yahoo.co.jp/qa/question_detail/q12324819252,みにちゃんの生誕祭についてです。 3コ質問させてくだはい߹߹ ①チケット申し込みはいつですか ②前物販の申し込みはいつですか ③sチケット第一希望にしようと思ってるんですけどチェキ会行きたいならaチケ...,0,0
744,2026/2/2 7:01,携帯型ゲーム全般,遠藤,9時間32分,0,35,35.0,0,0,0.061,0.0,0.0,0.06,あと3日,https://detail.chiebukuro.yahoo.co.jp/qa/question_detail/q12324819037,崩壊スターレイルについてです。 ヴェルトのパーティーって、 サンデー/トリビー/丹恒・騰荒 で良いんですかね？ 良ければヴェルトのおすすめの装備も教えて欲しいです。 現在のヴェルトは、完凸/黄泉餅/廃...,0,0
745,2026/2/2 7:01,pixiv,bfbd245f1,9時間32分,1,47,47.0,0,1,0.082,2.13,0.04,0.22,あと3日,https://detail.chiebukuro.yahoo.co.jp/qa/question_detail/q11324819456,ピクシブでよく見るAI動画はいったいどこで作っているのでしょうか？,0,0
746,2026/2/2 7:01,iPhone,ちゃみ,9時間33分,1,22,22.0,0,0,0.038,4.55,0.01,0.13,あと3日,https://detail.chiebukuro.yahoo.co.jp/qa/question_detail/q11324819251,最近のいちばん新しいバージョンにアップデートしたらBeRealだったり既存のカメラアプリも一発目でちゃんと作動しません。 モヤがかかった感じで真っ黒画面になったわけでもなくカメラであれば本来スマホを動...,0,0
747,2026/2/2 7:01,Android,1152538503,9時間33分,0,8,8.0,0,0,0.014,0.0,0.0,0.01,あと3日,https://detail.chiebukuro.yahoo.co.jp/qa/question_detail/q11324819446,ディスコードについて質問があります。自分は、アンドロイドでやってるんですが画面共有をしても画面共有してるアプリの音が聞こえないって言われます。解決方法ってありますか？,0,0
748,2026/2/2 7:01,大学受験,a35657efa,9時間33分,0,61,61.0,0,0,0.106,0.0,0.0,0.11,あと3日,https://detail.chiebukuro.yahoo.co.jp/qa/question_detail/q11324819371,芝浦工業大学の一般で共テ英語RL合わせて132点だったんですが、物理、数学で何割ずつ取れれば合格できますか？ 難易度や勉強すべき単元も教えてください,0,0
749,2026/2/2 7:01,モンスターハンター,1151082781,9時間33分,0,4,4.0,0,0,0.007,0.0,0.0,0.01,あと3日,https://detail.chiebukuro.yahoo.co.jp/qa/question_detail/q11324819301,TitanarmyのP275MVMAXをps5proで使ってるのですがモンハンワイルズでDyDsを入れると逆残像になります。オーバードライブやDyDsのレベル下げたりしましたが治りませんでした。 Ad...,0,0
750,2026/2/2 7:01,ゲーム,あ,9時間33分,0,5,5.0,0,0,0.009,0.0,0.0,0.01,あと3日,https://detail.chiebukuro.yahoo.co.jp/qa/question_detail/q11324819206,Fortniteの実況者でInstagramをやってる人をできるだけ沢山教えてください。,0,0
751,2026/2/2 7:01,読書,James1950s,9時間33分,0,10,10.0,0,0,0.017,0.0,0.0,0.02,あと3日,https://detail.chiebukuro.yahoo.co.jp/qa/question_detail/q11324819101,イ・スンウ（李承雨）著、平原奈央子訳 『心の浮力』この書籍はおすすめでしょうか?,0,0
752,2026/2/2 7:01,薄毛、抜け毛,mid********,9時間33分,0,11,11.0,0,0,0.019,0.0,0.0,0.02,あと3日,https://detail.chiebukuro.yahoo.co.jp/qa/question_detail/q11324819156,40年前、紫電解という発毛剤がありましたが今もありますか？毛が生えますか？,0,0
753,2026/2/2 7:01,ライブ、コンサート,1149964794,9時間33分,0,39,39.0,0,0,0.068,0.0,0.0,0.07,あと3日,https://detail.chiebukuro.yahoo.co.jp/qa/question_detail/q11324818991,至急です 2/9にキューストのライブがあるのですが、自分が購入したチケット2枚当たりました ただ、仕事の関係上行けなくなってしまいました この場合同行者も行けないのでしょうか。 チケット購入の際につい...,0,0
754,2026/2/2 7:01,病気、症状,1150032778,9時間33分,0,8,8.0,0,0,0.014,0.0,0.0,0.01,あと3日,https://detail.chiebukuro.yahoo.co.jp/qa/question_detail/q11324819006,今週の月曜日あたりから左手人差し指の付け根が少し腫れて曲げると痛みが強まります。5日経っていくらか痛みが和らいだ感じはありますけどまだ腫れもあり痛いです。 ぶつけたわけではないので怪我ではないのですが...,0,0
755,2026/2/2 7:01,ゲーム,Bokoden,9時間33分,0,13,13.0,0,0,0.023,0.0,0.0,0.02,あと3日,https://detail.chiebukuro.yahoo.co.jp/qa/question_detail/q10324819365,エンドフィールドについて質問です。 自分は今物理パーティーの自由枠でダパンを使っているのですが、1凸アルデリアとダパンどちらの方が火力出ますか？,0,0
756,2026/2/2 7:01,国際情勢,非公開,9時間33分,2,31,15.5,0,0,0.054,6.45,0.01,0.23,あと3日,https://detail.chiebukuro.yahoo.co.jp/qa/question_detail/q10324819435,中央アジア諸国（カザフスタン等）の「ロシア離れ」は今後どう進むと思いますか？ 最近、カザフスタンやウズベキスタンといった中央アジアの国々が、伝統的なロシアとの関係を維持しつつも、中国や欧米、さらにはト...,0,0
757,2026/2/2 7:01,スマホアプリ,1149954923,9時間33分,0,6,6.0,0,0,0.01,0.0,0.0,0.01,あと3日,https://detail.chiebukuro.yahoo.co.jp/qa/question_detail/q10324818985,ポラールのアプリについてです。 わたしはポラールユナイトを使用しているのですが数日前から同期はできるが、スマホのアプリはずっと下記のようなままになってしまいます。通知も来ません。どうしたらいいでしょう...,0,0
758,2026/2/2 7:01,ボートレース（競艇）,T・Aエジソン,9時間33分,3,8,2.7,0,0,0.014,37.5,0.0,0.27,あと3日,https://detail.chiebukuro.yahoo.co.jp/qa/question_detail/q14324922324,2月２日三国競艇２Rの買い目を教えて下さい。,0,0
759,2026/2/2 7:01,読書,James1950s,9時間33分,0,9,9.0,0,0,0.016,0.0,0.0,0.02,あと3日,https://detail.chiebukuro.yahoo.co.jp/qa/question_detail/q10324819070,江國 香織 『ブーズたち鳥たちわたしたち』この書籍はおすすめでしょうか?,0,0
760,2026/2/2 7:01,X（旧Twitter）,por********,9時間33分,0,13,13.0,0,0,0.023,0.0,0.0,0.02,あと3日,https://detail.chiebukuro.yahoo.co.jp/qa/question_detail/q10324819125,昨日Xで投稿しようとするとロボットと判断されましたが何だったんでしょうか？何度かチャレンジするといけましたが,0,0
762,2026/2/2 7:01,YouTube,☆0824sngmlv,9時間33分,0,53,53.0,0,0,0.092,0.0,0.0,0.09,あと3日,https://detail.chiebukuro.yahoo.co.jp/qa/question_detail/q10324818965,はねまりチャンネルの家庭って大変そうですよね、、 家の中はいつも物で溢れかえっていて、犬はほとんどゲージ内。 父は自分はやってないのに子には指摘、 母は収集癖がすごくて偽物をよく買ってしまう。 成長期...,0,0
763,2026/2/2 7:01,携帯型ゲーム全般,1252942406,9時間34分,2,21,10.5,0,0,0.037,9.52,0.0,0.21,あと3日,https://detail.chiebukuro.yahoo.co.jp/qa/question_detail/q12324922322,プロスピでセンターは誰にしますか？ 2025シリ2 福本 2024シリ1TS 秋山 2025シリ2 辰己 どれにします？,0,0
764,2026/2/2 7:01,園芸、ガーデニング,a4f58b119,9時間34分,0,28,28.0,1,0,0.049,0.0,0.0,0.22,あと3日,https://detail.chiebukuro.yahoo.co.jp/qa/question_detail/q11324922321,至急 みなさまは、この刈ったばかりの稲とブーツを観てどう思いますか,0,0
765,2026/2/2 7:01,ショッピング,mai********,9時間34分,1,24,24.0,0,0,0.042,4.17,0.01,0.13,あと3日,https://detail.chiebukuro.yahoo.co.jp/qa/question_detail/q10324922320,買取で金を売ったのですが だいぶ相場と違く売られました。 みなさんは買取で失敗談とかありますか？,0,0
766,2026/2/2 7:01,目の病気,エビマヨ,9時間34分,1,22,22.0,0,0,0.038,4.55,0.01,0.13,あと3日,https://detail.chiebukuro.yahoo.co.jp/qa/question_detail/q14324922319,昨日、右目だけ瞬きとか目を触るとなんか痛いなと思ってたんですけど今日起きたらなんか左目よりなんか目が開いてないです。中2女子,0,0
767,2026/2/2 7:01,政治、社会問題,b42f44973,9時間34分,13,184,14.2,1,9,0.32,7.07,0.05,2.09,あと3日,https://detail.chiebukuro.yahoo.co.jp/qa/question_detail/q13324922318,自民党の圧勝です 一党独裁政治になると恐怖政治の始りです。 どんなムチャクチャな法案も簡単に通ってしまう。今でも民意を全く聞かないのに、国民は完全に無視されます。 民主主義国家に於いてこんな事が許され...,0,0
768,2026/2/2 7:01,社会保険,11O5346366,9時間34分,1,28,28.0,0,0,0.049,3.57,0.01,0.14,あと3日,https://detail.chiebukuro.yahoo.co.jp/qa/question_detail/q12324922317,医療費のお知らせを無くしました。 再発行はけんぽだそうですが、 けんぽいうのは、保険証のことですか？連絡先がわからないのですが。,0,0
769,2026/2/2 7:01,新築一戸建て,1151839965,9時間34分,0,43,43.0,0,0,0.075,0.0,0.0,0.07,あと3日,https://detail.chiebukuro.yahoo.co.jp/qa/question_detail/q11324922316,一条工務店で家を建てた人に質問です。 今家を建てるためにハウスメーカーを見ているのですが一条工務店の性能が良く第一候補として見てます。 ハグミーというシリーズで検討しているのですが、床暖房は標準装備で...,0,0
770,2026/2/2 7:01,メルカリ,1151917362,9時間34分,3,55,18.3,0,2,0.096,5.45,0.02,0.46,あと3日,https://detail.chiebukuro.yahoo.co.jp/qa/question_detail/q10324922315,昨日の夜とある出品者から商品を２つ買いました そしたら同梱したい事と手数料歓迎があるから一度キャンセルしてもう一度購入する事に同意したのですが この出品者のアカウントが見つかりません 探してる内に買う...,0,0
771,2026/2/2 7:00,メイク、コスメ,てんどんてゃ,9時間35分,1,12,12.0,0,0,0.021,8.33,0.0,0.11,あと3日,https://detail.chiebukuro.yahoo.co.jp/qa/question_detail/q14324922314,これに似た色のリップを探しています‼️ rom&ndのザジューシーラスティングティントの15ベアフィグの色味がめちゃくちゃ好きなのですが、これを使っていると唇の皮向けが止まらなくて困っています。 多少...,0,0
772,2026/2/2 7:00,英語,tae********,9時間35分,1,16,16.0,0,0,0.028,6.25,0.0,0.11,あと3日,https://detail.chiebukuro.yahoo.co.jp/qa/question_detail/q13324922313,英語を教えて下さい。 Was this picture taken here? の問題を私はDidにしました。 受け身の文で過去形は使わないのでしょうか？ いつもDidで引っかかってしまいます。,0,0
773,2026/2/2 7:00,英語,hou********,9時間35分,3,22,7.3,0,0,0.038,13.64,0.0,0.3,あと3日,https://detail.chiebukuro.yahoo.co.jp/qa/question_detail/q12324922312,supporterは、「支持者」と訳されますが、「信奉者」が正確ではないですか？,0,0
774,2026/2/2 7:00,一人暮らし、シングルライフ,リルちゃん,9時間35分,3,29,9.7,0,3,0.05,10.34,0.0,0.47,あと3日,https://detail.chiebukuro.yahoo.co.jp/qa/question_detail/q11324922311,障害者で 二級所持してます 一人暮らしになった時 たまに カーテンの洗濯 カーテンの取り付け 部屋の掃除 庭の草むしり とか 雇いたい時ありますが どこに依頼すれば いいですか？,0,0
775,2026/2/2 7:00,スマートデバイス、ガラケー,1053171547,9時間35分,3,30,10.0,0,0,0.052,10.0,0.01,0.31,あと3日,https://detail.chiebukuro.yahoo.co.jp/qa/question_detail/q10324922310,携帯のお話なんですけど、昨日までが支払いで残高がなく、払えなかったんですけどこれってどうすればいいですかね？口座は中銀で携帯会社はドコモです。,0,0
776,2026/2/2 7:00,オーディオ,ひゃまの飛んでもない光論,9時間36分,4,60,15.0,0,1,0.104,6.67,0.02,0.5,あと3日,https://detail.chiebukuro.yahoo.co.jp/qa/question_detail/q14324922309,小音量でバランスが崩れたり、音が痩せたりするシステムは、物理学的には**『20世紀に廃れた非線形な拡声器オーディオ（PAA）』**であって、 日常使いの原音に忠実なピュアオーディオとは呼べないのではな...,0,0
777,2026/2/2 7:00,大学受験,nak********,9時間36分,4,99,24.8,0,0,0.172,4.04,0.04,0.52,不明,https://detail.chiebukuro.yahoo.co.jp/qa/question_detail/q13324922308,大学に行けば 高卒のままでいるよりも 大学に行った方が 頭が良くなるっていうご意見を待ってます 理由を添えてご意見ください。,0,0
778,2026/2/2 7:00,ボートレース（競艇）,T・Aエジソン,9時間36分,3,7,2.3,0,0,0.012,42.86,0.0,0.27,あと3日,https://detail.chiebukuro.yahoo.co.jp/qa/question_detail/q12324922307,2月２日三国競艇１Rの買い目を教えて下さい。,0,0
779,2026/2/2 7:00,情報番組、ワイドショー,lln********,9時間36分,1,10,10.0,0,0,0.017,10.0,0.0,0.1,あと3日,https://detail.chiebukuro.yahoo.co.jp/qa/question_detail/q11324922306,めざましテレビで占いコーナーを読んでるのは、井上清華さんと別の人ですか？,0,0
780,2026/2/2 7:00,恋愛相談、人間関係の悩み,☆☆☆☆☆☆☆☆☆☆,9時間36分,1,9,9.0,1,1,0.016,11.11,0.0,0.33,あと3日,https://detail.chiebukuro.yahoo.co.jp/qa/question_detail/q10324922305,安達祐実さんと雪遊びをしたいですか？,0,0
781,2026/2/2 6:59,メルカリ,1151099544,9時間37分,0,13,13.0,0,0,0.023,0.0,0.0,0.02,あと3日,https://detail.chiebukuro.yahoo.co.jp/qa/question_detail/q14324922304,メルペイで、買い物をして支払いするのに機種変更してパスワードが分からずログインできない。 ヘルプセンターで色々試したけどすぐエラーになるし困りました、問い合わせしたけどもう3週間も返事がなく支払い期限...,0,0
782,2026/2/2 6:59,政治、社会問題,霞ヶ関監視機構,9時間37分,2,62,31.0,0,1,0.107,3.23,0.03,0.33,あと3日,https://detail.chiebukuro.yahoo.co.jp/qa/question_detail/q13324922303,チームみらいってなんなん って思ってたが高学歴集団すぎませんか？これは議席取るわ https://note.com/team_mirai_jp/n/n2ff485d986d6#97b9f83f-ecd...,0,0
783,2026/2/2 6:59,ヘアスタイル,ハク,9時間37分,1,10,10.0,0,0,0.017,10.0,0.0,0.1,あと3日,https://detail.chiebukuro.yahoo.co.jp/qa/question_detail/q12324922302,絶壁解消したいんですけど、後頭部のみにパーマ当てることってあります？,0,0
784,2026/2/2 6:59,オーディオ,Yuki,9時間37分,0,2,2.0,0,0,0.003,0.0,0.0,0.0,あと3日,https://detail.chiebukuro.yahoo.co.jp/qa/question_detail/q10324922300,右耳のイヤホンだけ、装着しながら動かしたらバリバリ音がします。直し方を教えてください。朝起きてつけたらなってました。,0,0
785,2026/2/2 6:59,家族関係の悩み,cha********,9時間37分,3,98,32.7,0,0,0.17,3.06,0.06,0.43,あと3日,https://detail.chiebukuro.yahoo.co.jp/qa/question_detail/q14324922299,産後夫にいらいら。 産後クライシスなのでしょうか。 年末に出産しました。 第一子で子供は年収、年齢的にも1人です。 産後クライシスなのか、 元々夫の嫌な部分に我慢ができません。 我が家は都心55平米と...,0,0
786,2026/2/2 6:59,社会保険,1151580474,9時間37分,3,51,17.0,2,1,0.088,5.88,0.01,0.74,あと3日,https://detail.chiebukuro.yahoo.co.jp/qa/question_detail/q12324922297,55歳、最近まで第3号被保険者だったものです。 子育てが終わり、正社員として働き始めました。 老後の年金が増えると聞いて（厚生年金に入るので）正社員になったのですが、 例えば、今後旦那が先に亡くなった...,0,0
787,2026/2/2 6:59,競馬,もびっく,9時間37分,4,49,12.2,1,0,0.085,8.16,0.01,0.6,あと3日,https://detail.chiebukuro.yahoo.co.jp/qa/question_detail/q11324922296,競馬について質問です。 ハイペースとかスローペースって言葉を聞くのですが、あれは何を基準としてハイやスローと言ってるのですか？ 例えば、2000m以上のレースだと1000m通過時点のタイムが60秒より...,0,0
788,2026/2/2 6:59,テーマパーク,b2ccf08e6,9時間37分,0,2,2.0,0,0,0.003,0.0,0.0,0.0,あと3日,https://detail.chiebukuro.yahoo.co.jp/qa/question_detail/q10324922295,ファントムパレードのセレクトチケットでなにを交換するのがいいですか？？,0,0
789,2026/2/2 6:59,鉄道、列車、駅,すーずめーー,9時間37分,4,41,10.2,0,8,0.071,9.76,0.01,0.83,あと3日,https://detail.chiebukuro.yahoo.co.jp/qa/question_detail/q13324922293,ホームドアがある駅でも車掌が顔を出して側面監視する意味はありますか？,0,0
790,2026/2/2 6:58,ボートレース（競艇）,T・Aエジソン,9時間38分,3,5,1.7,0,0,0.009,60.0,0.0,0.27,あと3日,https://detail.chiebukuro.yahoo.co.jp/qa/question_detail/q12324922292,2月２日鳴門競艇１２Rの買い目を教えて下さい。,0,0
791,2026/2/2 6:58,スマートフォン,やる気全開！キャンプ,9時間39分,2,11,5.5,0,0,0.019,18.18,0.0,0.19,あと3日,https://detail.chiebukuro.yahoo.co.jp/qa/question_detail/q14324922289,このくらいの小さいソーラーパネルでも３０W！スマホが充電できる！すごい！ おもう？,0,0
792,2026/2/2 6:58,数学,a4cb32c33,9時間39分,4,76,19.0,0,0,0.131,5.26,0.02,0.48,あと3日,https://detail.chiebukuro.yahoo.co.jp/qa/question_detail/q13324922288,数学について質問です！ この数学の問題がどの小問も理解することができませんでした… 御手数ですがどなたか解説をお願いしたいです！ （ちなみに答えは（1）72 (2)18√3(3)3√10になるそうです...,0,0
793,2026/2/2 6:58,政治、社会問題,Radiguet（ラディゲ）,9時間39分,2,25,12.5,0,0,0.043,8.0,0.01,0.22,あと3日,https://detail.chiebukuro.yahoo.co.jp/qa/question_detail/q10324922285,モスクワの地下鉄が「異常に深い場所」にあるのは、やはり核戦争を想定していたからでしょうか？ モスクワの地下鉄駅（パーク・ポベドィ駅など）が、地上から100メートル近い深さにあることに驚きました。単なる...,0,0
794,2026/2/2 6:58,格安スマホ,babc79877,9時間39分,1,25,25.0,0,4,0.043,4.0,0.01,0.34,あと3日,https://detail.chiebukuro.yahoo.co.jp/qa/question_detail/q14324922284,キャリア決済は格安SIMでも使えますか？,0,0
795,2026/2/2 6:58,写真、ビデオ,lig********,9時間39分,1,8,8.0,0,0,0.014,12.5,0.0,0.1,あと3日,https://detail.chiebukuro.yahoo.co.jp/qa/question_detail/q13324922283,AIアプリで写真を加工できる無料アプリありませんか？例えば顔を若くするとか服を水着に変えるとか。,0,0
796,2026/2/2 6:58,政治、社会問題,fou********,9時間39分,4,34,8.5,0,1,0.059,11.76,0.01,0.45,あと3日,https://detail.chiebukuro.yahoo.co.jp/qa/question_detail/q12324922282,中革連の野田さん達幹部は現在の議席数を大幅に減らしたら、全員党幹部を引責辞任しますよね？ 代わりには誰が幹部になったら党勢回復出来ますか？,0,0
797,2026/2/2 6:58,ボートレース（競艇）,T・Aエジソン,9時間39分,3,6,2.0,0,0,0.01,50.0,0.0,0.27,あと3日,https://detail.chiebukuro.yahoo.co.jp/qa/question_detail/q11324922281,2月２日鳴門競艇１１Rの買い目を教えて下さい。,0,0
798,2026/2/2 6:58,K-POP、アジア,1153058634,9時間39分,0,38,38.0,0,0,0.066,0.0,0.0,0.07,あと3日,https://detail.chiebukuro.yahoo.co.jp/qa/question_detail/q10324922280,nct127 nctdreamについて 先日smtownにnctwish目当てで行ったのですが、nct127とdreamのステージがあまりにも楽しくて、もっとしっかりと推したいと思っています。 そこで...,0,0
799,2026/2/2 6:57,恋愛相談、人間関係の悩み,1253318141,9時間40分,3,9,3.0,0,0,0.016,33.33,0.0,0.27,あと3日,https://detail.chiebukuro.yahoo.co.jp/qa/question_detail/q14324922279,浮気するとは？,0,0
800,2026/2/2 6:57,コミック,ss8********,9時間40分,1,4,4.0,0,0,0.007,25.0,0.0,0.09,あと3日,https://detail.chiebukuro.yahoo.co.jp/qa/question_detail/q13324922278,【月曜日のたわわ】チアちゃんの幼馴染野球部くんの兄弟は何歳くらいでしょうか？ チアちゃんの幼馴染の男子（彼女の初代マネージャー）の野球部くんには、弟二人 と妹一人がいるようですが、大体何歳くらいに見え...,0,0
802,2026/2/2 6:57,病気、症状,はな,9時間40分,1,7,7.0,0,0,0.012,14.29,0.0,0.1,あと3日,https://detail.chiebukuro.yahoo.co.jp/qa/question_detail/q10324922275,レボフロキサシン7日目の夜息苦しくて寝れませんでした 副作用でしょうか どうすればよいですか,0,0
803,2026/2/2 6:57,職場の悩み,たかし,9時間40分,1,14,14.0,0,0,0.024,7.14,0.0,0.11,あと3日,https://detail.chiebukuro.yahoo.co.jp/qa/question_detail/q14324922274,勤務先の継続について いままで社員としてひとつのところに長く勤務したのは5年です。 いまは日本語教師をしていて、こちらは最長2年勤務しています。 ほかの日本語学校は社員としては1年ぐらいの勤務ばかりで...,0,0
804,2026/2/2 6:57,ボートレース（競艇）,T・Aエジソン,9時間40分,3,5,1.7,0,0,0.009,60.0,0.0,0.27,あと3日,https://detail.chiebukuro.yahoo.co.jp/qa/question_detail/q11324922271,2月２日鳴門競艇１０Rの買い目を教えて下さい。,0,0
805,2026/2/2 6:57,政治、社会問題,クミンとコリアンダーが肝,9時間40分,0,11,11.0,0,0,0.019,0.0,0.0,0.02,あと3日,https://detail.chiebukuro.yahoo.co.jp/qa/question_detail/q10324922270,共産党、共産主義、毛沢東主義（マオイズム）、その他共産ゲリラ等の犠牲者はこれまでの歴史上、どれくらいの数になりますかね？ （質問が不適説だと判断されて削除されたので、文言を変更して再投稿しています）,0,0
806,2026/2/2 6:57,園芸、ガーデニング,chi********,9時間40分,1,37,37.0,0,0,0.064,2.7,0.02,0.15,不明,https://detail.chiebukuro.yahoo.co.jp/qa/question_detail/q14324922269,7号鉢のマーガレットが売ってありました。 買った後鉢増ししたら、もっと大きくなりますか？できたら来年め大きくしたいです。,0,0
807,2026/2/2 6:57,英語,hou********,9時間41分,4,68,17.0,0,2,0.117,5.88,0.02,0.56,あと3日,https://detail.chiebukuro.yahoo.co.jp/qa/question_detail/q13324922268,正社員をプロパー(proper)と表現しますが、 properのどのような意味を使っているのですか？,0,0
808,2026/2/2 6:57,カラオケ,c892e6f29,9時間41分,3,36,12.0,0,0,0.062,8.33,0.01,0.32,あと3日,https://detail.chiebukuro.yahoo.co.jp/qa/question_detail/q12324922267,至急です！ このまねきねこで買った？借りた？充電ケーブルは返却しないとダメなやつですか？ それとも一応買ったっていうことになって持って帰っていいんですか？,0,0
809,2026/2/2 6:56,動物,b4e2c1b89,9時間42分,3,25,8.3,0,3,0.043,12.0,0.0,0.45,あと3日,https://detail.chiebukuro.yahoo.co.jp/qa/question_detail/q11324922266,至急 このブランケットの動物って何ですか？ このブランケット持っている方や見つけた方画像貼って欲しいです！,0,0
810,2026/2/2 6:56,邦楽,ハル,9時間42分,21,185,8.8,1,13,0.318,11.35,0.03,2.96,あと3日,https://detail.chiebukuro.yahoo.co.jp/qa/question_detail/q10324922265,あなたが邦楽で『50年後も残るだろう曲』は何だと思いますか？ （解釈は自由です♪） https://youtu.be/c6QEhHG_iJQ?si=12WGXJ600YWzmWTW,0,0
811,2026/2/2 6:56,健康、病気、病院,1052263162,9時間42分,6,55,9.2,0,3,0.094,10.91,0.01,0.76,あと3日,https://detail.chiebukuro.yahoo.co.jp/qa/question_detail/q14324922264,質問です。 1週間ほどあとにあるデートで4時起きでなければ間に合わないということなのですが、今から4時起きに慣れるよう生活した方がよいでしょうか、それとも2日前ほどまで普通の生活でいいのでしょうか。,0,0
812,2026/2/2 6:56,ボートレース（競艇）,T・Aエジソン,9時間42分,3,7,2.3,0,0,0.012,42.86,0.0,0.27,あと3日,https://detail.chiebukuro.yahoo.co.jp/qa/question_detail/q13324922263,2月２日鳴門競艇９Rの買い目を教えて下さい。,0,0
813,2026/2/2 6:56,恋愛相談、人間関係の悩み,ake********,9時間42分,2,25,12.5,0,0,0.043,8.0,0.01,0.21,あと3日,https://detail.chiebukuro.yahoo.co.jp/qa/question_detail/q12324922262,元彼に深夜に電話かけたら通話中でした。 誰と電話してるのでしょうか？ 彼女ならLINE電話でしますよね？ 時間を置いてかけ直したら繋がったので着信拒否ではないです。,0,0
814,2026/2/2 6:56,ゲーム,c9aa54b9e,9時間42分,2,43,21.5,0,0,0.074,4.65,0.02,0.25,不明,https://detail.chiebukuro.yahoo.co.jp/qa/question_detail/q14324922259,にゃんこ大戦争について質問です。 まだにゃんこ大戦争を始めたばかりの初心者なのですが、画像のキャラの中で強いキャラ、育てた方が良いキャラと おすすめ編成を教えてください。 今は日本編の2章です。 また...,0,0
815,2026/2/2 6:55,政治、社会問題,ceb9635a1,9時間43分,13,106,8.2,2,2,0.182,12.26,0.01,1.74,あと3日,https://detail.chiebukuro.yahoo.co.jp/qa/question_detail/q11324922256,高市やり方が汚い 投票日の延長求めます。人気あるうちのドタバタ意味なし解散なんて、安倍晋三と同じやり方よね。自民のためなら 雪国の人がどんなに大変でも選挙するなんて、国民のことなんて何も考えてない。 ...,0,0
816,2026/2/2 6:55,ゲーム,.,9時間43分,0,9,9.0,0,0,0.015,0.0,0.0,0.02,あと3日,https://detail.chiebukuro.yahoo.co.jp/qa/question_detail/q10324922255,おすすめの鬱ゲー教えてください‬т т プレイ済みのもの 「ドキドキ文芸部」 「君と彼女と彼女の恋」 持ってる機種 iPhone、Windows、Androidのタブレット おばけ、ゾンビなどのホラー...,0,0
817,2026/2/2 6:55,政治、社会問題,Sesquipedalian,9時間43分,2,27,13.5,0,2,0.046,7.41,0.01,0.32,あと3日,https://detail.chiebukuro.yahoo.co.jp/qa/question_detail/q14324922254,なぜ独裁国家や寡頭政治の国々は、レアアース採掘による環境汚染対策に対してルーズになり、目先の利益を優先してしまうのでしょうか？ 結局、それによって重金属等が流出して河川土壌が汚染され国民が後々苦しむこ...,0,0
818,2026/2/2 6:55,ボートレース（競艇）,T・Aエジソン,9時間43分,3,7,2.3,0,0,0.012,42.86,0.0,0.27,あと3日,https://detail.chiebukuro.yahoo.co.jp/qa/question_detail/q13324922253,2月２日鳴門競艇８Rの買い目を教えて下さい。,0,0
819,2026/2/2 6:55,生理,非公開,9時間44分,0,17,17.0,0,0,0.029,0.0,0.0,0.03,あと3日,https://detail.chiebukuro.yahoo.co.jp/qa/question_detail/q11324922251,50歳女性です。 閉経していなく生理について教えてください。 最後の生理は1月2日でおわりました。 アプリでは予定が22日からですがまだきてません。 いつも定期的にくるのに今回一つ違うことがありました...,0,0
820,2026/2/2 6:55,観光地、行楽地,qdc********,9時間44分,6,38,6.3,0,0,0.065,15.79,0.0,0.58,あと3日,https://detail.chiebukuro.yahoo.co.jp/qa/question_detail/q10324922250,三重県観光 伊勢神宮へ行きますが他に何処へ行けばいいですか。 車移動です。 水族館は別の所に行ったのでいいです。,0,0
821,2026/2/2 6:55,プレイステーション4,非公開,9時間44分,1,4,4.0,0,0,0.007,25.0,0.0,0.09,あと3日,https://detail.chiebukuro.yahoo.co.jp/qa/question_detail/q14324922249,ps4apexでBANされた人いますか？知っていますか？ apex内でチーミングとかしてBANされたらEAアカウントだけじゃなくSONYも介入しpsnアカウントもBANされEAのゲーム以外のゲーム（F...,0,0
822,2026/2/2 6:54,政治、社会問題,1150718023,9時間45分,2,16,8.0,0,2,0.027,12.5,0.0,0.3,あと3日,https://detail.chiebukuro.yahoo.co.jp/qa/question_detail/q13324922248,今回 参政党は 議席は いくつ増えそうですか？,0,0
823,2026/2/2 6:54,英語,hou********,9時間45分,4,37,9.2,0,4,0.063,10.81,0.01,0.61,不明,https://detail.chiebukuro.yahoo.co.jp/qa/question_detail/q12324922247,"if taken properly, 「適切に服用すれば、」 分詞構文にifを使うのですか？ このような例は、他にもありますか？",0,0
824,2026/2/2 6:54,政治、社会問題,非公開,9時間45分,2,15,7.5,0,1,0.026,13.33,0.0,0.25,あと3日,https://detail.chiebukuro.yahoo.co.jp/qa/question_detail/q10324922245,スパイ防止法（現代の治安維持法（悪法））の危険性についてどう思いますか？ スパイ防止法は、一見すると「国家の機密を守るための法律」のように聞こえますが、実際にはとても危険な面を持っています。 まず、一...,0,0
825,2026/2/2 6:54,新車,a2ab8ee9,9時間45分,1,41,41.0,0,0,0.07,2.44,0.03,0.16,あと3日,https://detail.chiebukuro.yahoo.co.jp/qa/question_detail/q14324922244,新型クロスビーの燃費についての質問です。大阪府内で新型クロスビーに乗っている方いれば実燃費について教えていただけませんか。又、実際に使用してよいとこ悪いとこあればご教示ください。,0,0
826,2026/2/2 6:54,恋愛相談、人間関係の悩み,うちだ,9時間45分,4,51,12.8,0,2,0.087,7.84,0.01,0.53,あと3日,https://detail.chiebukuro.yahoo.co.jp/qa/question_detail/q13324922243,男性って、よく話を聞いてくれる女性か、よく話す女性ならどちらがいいですか？？,0,0
827,2026/2/2 6:54,政治、社会問題,fou********,9時間45分,4,54,13.5,1,0,0.092,7.41,0.01,0.6,あと3日,https://detail.chiebukuro.yahoo.co.jp/qa/question_detail/q12324922242,朝日新聞の調査では高市早苗さんの自民党だけで圧倒的な勝利、維新を加えると2/3の議席を得るそうですが、国民は改憲や戦争出来る日本になって欲しいのでしょうか？ 高市早苗さんが安定多数や2/3になったら確...,0,0
828,2026/2/2 6:54,飛行機、空港,hoz********,9時間45分,4,43,10.8,0,3,0.073,9.3,0.01,0.57,あと3日,https://detail.chiebukuro.yahoo.co.jp/qa/question_detail/q10324922240,成田国際空港から韓国仁川空港にエチオピア空港の経由便で行くことって出来ますよね？その際韓国に観光や滞在目的で入国も出来ますか？エチオピアに行く予定はありません。,0,0
829,2026/2/2 6:54,パソコン,lD非公開,9時間45分,1,8,8.0,0,0,0.014,12.5,0.0,0.1,あと3日,https://detail.chiebukuro.yahoo.co.jp/qa/question_detail/q13324922238,Geforceの画面録画機能、Alt＋Z押した時にPC画面左側に出てくると思うんですが 毎度開くたびに一番上のギャラリーってとこにだいぶ前に録画したゲームクリップのサムネイルが表示されるんですが、これ...,0,0
830,2026/2/2 6:53,職場の悩み,非公開,9時間46分,2,15,7.5,0,2,0.026,13.33,0.0,0.3,あと3日,https://detail.chiebukuro.yahoo.co.jp/qa/question_detail/q11324922236,社会人歴が浅い者です。 チンタラ運転している人は仕事でものんびり、ダラダラしている人が多いのでしょうか？,0,0
831,2026/2/2 6:53,法律相談,非公開,9時間46分,2,25,12.5,0,2,0.043,8.0,0.01,0.31,あと3日,https://detail.chiebukuro.yahoo.co.jp/qa/question_detail/q10324922235,刺青、タトゥーは公共の場では隠さなければならないという法律を作る必要があると思いますがどう思いますか？ 法律を考案してみました。 『公共空間における刺青等の露出防止法』 前文 近年、公共の場における刺...,0,0
832,2026/2/2 6:53,季節のおでかけ,a6e0d0894,9時間46分,3,15,5.0,0,1,0.026,20.0,0.0,0.33,あと3日,https://detail.chiebukuro.yahoo.co.jp/qa/question_detail/q14324922234,3月末から4月頭で北海道に行こうと思うのですが気温はどのくらいでしょうか 雪はありますか、？ 滑りやすいと聞いたのですが靴などは滑り防止の靴がよろしいのでしょうか？ 服装はどの程度でしょうか？ ご回答...,0,0
833,2026/2/2 6:53,転職,1051509970,9時間46分,2,10,5.0,0,0,0.017,20.0,0.0,0.19,あと3日,https://detail.chiebukuro.yahoo.co.jp/qa/question_detail/q13324922233,現在転職活動中で1番進みが早い会社(第1希望)の二次面接を控えている状況です。 一次面接の時に前就職先での月収、年収等を聞かれました。 残業40時間ギリギリくらいで額面26万ほど貰っていました。 転職...,0,0
834,2026/2/2 6:53,携帯型ゲーム全般,tkad,9時間46分,1,90,90.0,0,0,0.153,1.11,0.14,0.24,不明,https://detail.chiebukuro.yahoo.co.jp/qa/question_detail/q12324922232,スマホゲームで課金は1000円単位くらいで頭使わない感じで簡単作業的にほとんど戦闘やアクションなしのAUTOかポチポチで短時間でやりたいオープンワールドみたいにガッツリやりたいわけではないんですが何か...,0,0
835,2026/2/2 6:53,ボートレース（競艇）,T・Aエジソン,9時間47分,3,9,3.0,0,0,0.015,33.33,0.0,0.27,あと3日,https://detail.chiebukuro.yahoo.co.jp/qa/question_detail/q11324922231,2月２日鳴門競艇７Rの買い目を教えて下さい。,0,0
836,2026/2/2 6:53,アマチュア無線,IOTA 1,9時間47分,2,125,62.5,0,3,0.213,1.6,0.13,0.54,あと3日,https://detail.chiebukuro.yahoo.co.jp/qa/question_detail/q10324922230,こんにちは、私の小学生の娘が４アマ合格したのですが、アマチュア無線技士（第4級）の国家試験準備中の高校生として、電波伝播理論とアンテナ設計の応用を深く理解するために、 VHF帯域（具体的には144MH...,0,0
837,2026/2/2 6:53,政治、社会問題,非公開,9時間47分,3,48,16.0,0,3,0.082,6.25,0.01,0.49,あと3日,https://detail.chiebukuro.yahoo.co.jp/qa/question_detail/q14324922229,【至急】何故若者は徴兵制や兵役に反対の人が多いのでしょうか？ 私は58歳で独身の参政党支持者ですが徴兵、兵役に賛成で18歳から30歳までの男女に5年間の兵役をさせるべきだと思います。 ヘラヘラと楽しそ...,0,0
838,2026/2/2 6:53,Yahoo!知恵袋,非公開,9時間47分,1,12,12.0,0,0,0.02,8.33,0.0,0.11,あと3日,https://detail.chiebukuro.yahoo.co.jp/qa/question_detail/q13324922228,至急です。 これっていつからですか？パッケージ変わるの スキンアクアの日焼け止め,0,0
839,2026/2/2 6:53,妊娠、出産,bbc701577,9時間47分,1,10,10.0,0,0,0.017,10.0,0.0,0.1,あと3日,https://detail.chiebukuro.yahoo.co.jp/qa/question_detail/q12324922227,産後うつを経験した方いますか？ または今産後うつの方いますか？ 経験した方は今完治していますか？,0,0
840,2026/2/2 6:53,飲食店,gog********,9時間47分,4,23,5.8,0,4,0.039,17.39,0.0,0.58,あと3日,https://detail.chiebukuro.yahoo.co.jp/qa/question_detail/q11324922226,スナックによく来る高齢者男が、この店は個性の強い客多いなぁとか言ってたけど、その高齢者男の方がよっぽど個性強いし話は毎回同じだし、持論がくどいし、どういうつもりなんでしょ？ 周りは話を合わせてるだけな...,0,0
841,2026/2/2 6:53,生理,花粉症,9時間47分,2,20,10.0,0,0,0.034,10.0,0.0,0.2,あと3日,https://detail.chiebukuro.yahoo.co.jp/qa/question_detail/q10324922225,至急お願いします 今まで生理痛そこまで重くなかったのに生理不順で2ヶ月ぶりに来た生理痛が寝れないくらい痛くて昨日も気持ち悪くてご飯食べれなかったです 薬飲んでもどんな体勢になっても良くならなくて生理痛...,0,0
842,2026/2/2 6:53,生き方、人生相談,あかさた,9時間47分,6,63,10.5,0,0,0.107,9.52,0.01,0.62,あと3日,https://detail.chiebukuro.yahoo.co.jp/qa/question_detail/q14324922224,自分の弱さを認めても楽にならない理由を教えてください。 楽になるどころか、かえって辛くなります。 認められない自分を認めても、何も変わりません。,0,0
843,2026/2/2 6:52,病気、症状,aou********,9時間48分,2,53,26.5,0,0,0.09,3.77,0.02,0.26,不明,https://detail.chiebukuro.yahoo.co.jp/qa/question_detail/q13324922223,緊急でお願いします！ 1/25に発熱し、コロナと診断され1/30まで療養期間になりました 30日に解熱したんですが、31日にまた熱があり（37.5くらい）昨日2/1の午後に熱が下がりました。 今日出勤...,0,0
844,2026/2/2 6:52,病気、症状,1053116359,9時間48分,0,5,5.0,0,0,0.008,0.0,0.0,0.01,あと3日,https://detail.chiebukuro.yahoo.co.jp/qa/question_detail/q11324922221,もう少しでピアノの演奏会があるのですが、緊張しすぎて全く思いどうりに弾けません。 初めて薬を試してみようとおもっています。 この判断はリスクが高いですか?また飲んでも大丈夫ならおすすめのお薬を知りたい...,0,0
845,2026/2/2 6:52,ボートレース（競艇）,T・Aエジソン,9時間48分,3,5,1.7,0,0,0.008,60.0,0.0,0.26,あと3日,https://detail.chiebukuro.yahoo.co.jp/qa/question_detail/q10324922220,2月２日鳴門競艇６Rの買い目を教えて下さい。,0,0
846,2026/2/2 6:52,政治、社会問題,非公開,9時間48分,1,19,19.0,0,0,0.032,5.26,0.01,0.12,あと3日,https://detail.chiebukuro.yahoo.co.jp/qa/question_detail/q14324922219,【至急】18歳から30歳までの男女に3年間の兵役義務を課して強く豊かな日本列島を作るという案には賛成ですか？,0,0
847,2026/2/2 6:52,恋愛相談、人間関係の悩み,1053180703,9時間48分,3,9,3.0,0,0,0.015,33.33,0.0,0.27,あと3日,https://detail.chiebukuro.yahoo.co.jp/qa/question_detail/q13324922218,卒業式について質問です。 今時、卒業式で第二ボタンをお願いするのは古いでしょうか？？ 好きな人に告白して、振られると思うのでせめて第二ボタンだけでもほしいなって思っちゃいます。,0,0
848,2026/2/2 6:52,オーディオ,1150162351,9時間48分,0,8,8.0,0,0,0.014,0.0,0.0,0.01,あと3日,https://detail.chiebukuro.yahoo.co.jp/qa/question_detail/q12324922217,添付した画像のようなワイヤレスマイク付き拡声器スピーカー （サンワサプライ：MM-SPAMP14） に、ワイヤレスのピンマイクを入力することは可能でしょうか。 また、不可の場合はどのような機材構成が必...,0,0
849,2026/2/2 6:52,高校受験,はち,9時間48分,2,73,36.5,0,0,0.124,2.74,0.05,0.29,あと3日,https://detail.chiebukuro.yahoo.co.jp/qa/question_detail/q11324922216,至急です。 愛知県公立高校の推薦って当日熱が出たりインフルだったりした場合はどうなりますか？,0,0
850,2026/2/2 6:52,政治、社会問題,qdc********,9時間49分,3,32,10.7,0,0,0.054,9.38,0.01,0.31,あと3日,https://detail.chiebukuro.yahoo.co.jp/qa/question_detail/q10324922215,衆議院解散 何故解散するんですか？ そのシステムがあるのは？ 何か都合悪い時に解散するのですか？ メリットが何かわからないし理由もわかりません。,0,0
851,2026/2/2 6:51,政治、社会問題,非公開,9時間50分,1,20,20.0,0,0,0.034,5.0,0.01,0.12,あと3日,https://detail.chiebukuro.yahoo.co.jp/qa/question_detail/q13324922213,【至急】今の若者は徴兵制に賛成の人が多いし18歳から30歳までの男女に5年間の兵役を課すのはどうでしょうか？ 男女平等に兵役の義務をこなしてもらう,0,0
852,2026/2/2 6:51,トレーニング,cd3bb5ff5,9時間50分,9,126,14.0,0,5,0.214,7.14,0.03,1.23,あと3日,https://detail.chiebukuro.yahoo.co.jp/qa/question_detail/q12324922212,ジムで筋トレするぞってなってきたえてる人ってその器具の使い方とかってどうやって学んだんですか？ パーソナルをおすすめする回答をよく見ますが今ジムできたえてるよってと全てがパーソナル経由ではないだろうと...,0,0
853,2026/2/2 6:51,Yahoo!知恵袋,1053211444,9時間50分,5,47,9.4,1,6,0.08,10.64,0.01,0.98,あと3日,https://detail.chiebukuro.yahoo.co.jp/qa/question_detail/q11324922211,知恵袋する人の9割は何ですか？ どんな人が多いと思いますか？ 自分はその中の9割じゃないと思いますか？,0,0
854,2026/2/2 6:51,資産運用、投資信託、NISA,20251227/1007,9時間50分,3,51,17.0,0,2,0.086,5.88,0.01,0.44,あと3日,https://detail.chiebukuro.yahoo.co.jp/qa/question_detail/q10324922210,株の勝ち組は徐々に買い増している人で信用や先物好きはそろいもそろってビンボーですか？,0,0
855,2026/2/2 6:51,政治、社会問題,mat********,9時間50分,2,34,17.0,1,2,0.058,5.88,0.01,0.5,あと3日,https://detail.chiebukuro.yahoo.co.jp/qa/question_detail/q14324922209,アメリカの不法移民問題について 報道ではあたかも不法移民の取り締まりが「悪」のように映っていますが、 あくまでも「『不法』移民」であって、強制送還されてしかるべき存在と思います。 不法移民からすれば慈...,0,0
856,2026/2/2 6:51,菓子、スイーツ,hdb********,9時間50分,1,10,10.0,0,0,0.017,10.0,0.0,0.1,あと3日,https://detail.chiebukuro.yahoo.co.jp/qa/question_detail/q13324922208,フォンダンショコラを冷凍して生チョコアイスみたいに食べるのか、温めて食べるか、冷蔵で食べるかおすすめはありますか？,0,0
857,2026/2/2 6:51,アニメ、コミック,thi********,9時間50分,1,57,57.0,0,0,0.097,1.75,0.06,0.18,あと3日,https://detail.chiebukuro.yahoo.co.jp/qa/question_detail/q12324922207,機動戦士ガンダム 閃光のハサウェイ キルケーの魔女 ネタバレ質問 レーン・エイムは、ケネスの命令ではなく自分の意志でハサウェイがいるエアーズロックに向かったのですか？,0,0
858,2026/2/2 6:51,邦楽,ハル,9時間50分,24,168,7.0,0,41,0.284,14.29,0.02,4.39,あと3日,https://detail.chiebukuro.yahoo.co.jp/qa/question_detail/q10324922205,あなたが『生まれる前』の好きな邦楽は何ですか？ （数曲okです♪） https://youtu.be/c6QEhHG_iJQ?si=12WGXJ600YWzmWTW,0,0
859,2026/2/2 6:51,アニメ,c8023eacf,9時間50分,1,6,6.0,0,3,0.01,16.67,0.0,0.25,あと3日,https://detail.chiebukuro.yahoo.co.jp/qa/question_detail/q11324922206,真夜中ハートチューンに出てくるアポロは雨月ですか？ アニメ4話にて図書館で御菓子を食べてるシーンで、記憶は曖昧ですが｢私には役割がある、私はこっち。｣のようなことを言ってアポロを食べる描写がありました...,0,0
860,2026/2/2 6:51,プレイステーション4,非公開,9時間50分,1,4,4.0,0,0,0.007,25.0,0.0,0.09,不明,https://detail.chiebukuro.yahoo.co.jp/qa/question_detail/q14324922204,ps4で代行する人は少なからずいると思うんですが、 アカウントの共有は規約違反ですよね？ そこで 代行をした人の本垢とか同じps4内のアカウントとかBANされないんですか？ 代行アカウントOnlyなん...,0,0
861,2026/2/2 6:51,ボートレース（競艇）,T・Aエジソン,9時間50分,3,5,1.7,0,0,0.008,60.0,0.0,0.26,あと3日,https://detail.chiebukuro.yahoo.co.jp/qa/question_detail/q13324922203,2月２日鳴門競艇５Rの買い目を教えて下さい。,0,0
862,2026/2/2 6:51,料理、食材,uaf********,9時間50分,2,47,23.5,0,0,0.08,4.26,0.02,0.25,不明,https://detail.chiebukuro.yahoo.co.jp/qa/question_detail/q12324922202,自宅で作るのに1品に1000円のエビ一袋使うのはお金使いすぎですか？,0,0
863,2026/2/2 6:51,恋愛相談,非公開,9時間51分,9,70,7.8,0,10,0.118,12.86,0.01,1.38,あと3日,https://detail.chiebukuro.yahoo.co.jp/qa/question_detail/q11324922201,同棲していた元彼がいた女性と結婚できますか？私は無理ですね。婚姻届とか出していなかっただけで実質離婚歴あり（バツ付き）と変わらないので。 ただの彼女までならいいけど。,0,0
864,2026/2/2 6:51,国際情勢,めばる,9時間51分,0,11,11.0,0,0,0.019,0.0,0.0,0.02,あと3日,https://detail.chiebukuro.yahoo.co.jp/qa/question_detail/q10324922200,北朝鮮は非常識だけどとても交渉が上手な国だと思います。 残虐な方法で金正恩氏は部下を粛清しますが、何故かクーデターが起きません。とてもとても不思議な事だと思います。 暴政であろうと忠誠を誓う部下が殆ど...,0,0
865,2026/2/2 6:51,アジア・韓国ドラマ,qqh********,9時間51分,0,2,2.0,0,0,0.003,0.0,0.0,0.0,あと3日,https://detail.chiebukuro.yahoo.co.jp/qa/question_detail/q14324922199,殺し愛のソンリャンハはシャトーのこと好きなんですかね…？結局最後まで結ばれた感はなかったので…,0,0
866,2026/2/2 6:50,政治、社会問題,vit********,9時間52分,5,76,15.2,1,0,0.128,6.58,0.02,0.72,あと3日,https://detail.chiebukuro.yahoo.co.jp/qa/question_detail/q13324922198,衆議院選挙について 私は高市総理に期待していましたが、この時期の大義無い解散の判断には賛成出来ません。 私の選挙区の自民党の候補者は嫌いだし、立憲は文句と悪口しか言わないので大嫌いで、そもそも野田さん...,0,0
867,2026/2/2 6:50,福祉、介護,adc9efd62,9時間52分,5,40,8.0,0,14,0.068,12.5,0.01,1.2,あと3日,https://detail.chiebukuro.yahoo.co.jp/qa/question_detail/q12324922197,例えばスマホが3個とか4個とか自宅にあったら生活保護は受けれないと思うのですが、例えば、それらのスマホが壊れていてもですか？,0,0
868,2026/2/2 6:50,ボートレース（競艇）,T・Aエジソン,9時間52分,3,5,1.7,0,0,0.008,60.0,0.0,0.26,あと3日,https://detail.chiebukuro.yahoo.co.jp/qa/question_detail/q11324922196,2月２日鳴門競艇４Rの買い目を教えて下さい。,0,0
869,2026/2/2 6:50,政治、社会問題,非公開,9時間52分,1,23,23.0,0,2,0.039,4.35,0.01,0.22,あと3日,https://detail.chiebukuro.yahoo.co.jp/qa/question_detail/q10324922195,参政党の支持者達が「日本は核保有して中国に先制核攻撃をするべき」とかSNSで主張してますけどこれってかなり危険だと思いませんか？,0,0
870,2026/2/2 6:50,俳優、女優,japsn,9時間52分,2,19,9.5,0,1,0.032,10.53,0.0,0.25,あと3日,https://detail.chiebukuro.yahoo.co.jp/qa/question_detail/q14324922194,売れても自己研鑽に余念がない女優はいますか？,0,0
871,2026/2/2 6:50,Yahoo!知恵袋,horizon,9時間52分,8,67,8.4,0,4,0.113,11.94,0.01,0.99,あと3日,https://detail.chiebukuro.yahoo.co.jp/qa/question_detail/q13324922193,人類が発明した最も凄いと思うものは 何ですか？ 一つだけ教えて下さい。,0,0
872,2026/2/2 6:50,車検、メンテナンス,bla********,9時間52分,1,54,54.0,0,0,0.091,1.85,0.05,0.18,不明,https://detail.chiebukuro.yahoo.co.jp/qa/question_detail/q12324922192,70ヴォクシー なのですが、ロアアームの交換をdiyで行おうと思います。(ロアアームの交換は初めてです) ①ボールジョイントを外す時に手持ちのプーラーが入らないのですが、いい方法はありますか？ かなり...,0,0
873,2026/2/2 6:50,数学,非公開,9時間52分,2,17,8.5,0,0,0.029,11.76,0.0,0.2,あと3日,https://detail.chiebukuro.yahoo.co.jp/qa/question_detail/q11324922191,至急です。 これって別の色のパッケージのやつとかってありませんか？,0,0
874,2026/2/2 6:50,友人関係の悩み,1252787339,9時間52分,2,29,14.5,0,0,0.049,6.9,0.01,0.22,あと3日,https://detail.chiebukuro.yahoo.co.jp/qa/question_detail/q10324922190,友達家にお泊まりにしにいったとき、ドレッサーの鏡のコンセントを１回家の本人が壊していたんですけどなおって、さらに私が後で当たってしまいつかなくなってしまいました。 それが9000円くらいするやつで、、...,0,0
875,2026/2/2 6:50,エアコン、空調家電,非公開,9時間52分,5,40,8.0,0,0,0.067,12.5,0.01,0.49,あと3日,https://detail.chiebukuro.yahoo.co.jp/qa/question_detail/q14324922189,１月は夫婦２人で 電気ガスが３万７千円でした使い過ぎですか？ 暖房はエアコンと都市ガスファンヒーターです,0,0
876,2026/2/2 6:50,事件、事故,**********,9時間53分,2,34,17.0,0,1,0.057,5.88,0.01,0.28,あと3日,https://detail.chiebukuro.yahoo.co.jp/qa/question_detail/q13324922188,横浜市鶴見区馬場の水道道ローソン前が数日前から水浸しになってます 八潮の陥没事故みたいになるんじゃないかと心配ですが大丈夫なんでしょうか？,0,0
877,2026/2/2 6:50,学校の悩み,g_iwf,9時間53分,2,20,10.0,0,0,0.034,10.0,0.0,0.2,あと3日,https://detail.chiebukuro.yahoo.co.jp/qa/question_detail/q12324922187,卒業式が日曜日にあることに納得がいきません。どうして福島県の公立は３月１日なんですか？ ネットを見るとかつてあった授業料制度の名残や大学受験の関係などがありました。 授業料制度が撤廃したくらいなら2月...,0,0
878,2026/2/2 6:50,病気、症状,1150246491,9時間53分,2,54,27.0,0,0,0.091,3.7,0.02,0.26,あと3日,https://detail.chiebukuro.yahoo.co.jp/qa/question_detail/q11324922186,フィリピンでお土産に買ったコーヒー豆で入れたコーヒーを飲むと、下痢と腹痛が来ます。 見た目も悪くはなさそうです。 普段はコーヒーで調子が悪くなることはありません。 味は美味しかったですが、傷んだもので...,0,0
879,2026/2/2 6:49,料理、食材,平凡な人,9時間54分,11,51,4.6,0,31,0.086,21.57,0.0,2.57,あと3日,https://detail.chiebukuro.yahoo.co.jp/qa/question_detail/q14324922184,蒸して作る料理といえば？,0,0
880,2026/2/2 6:49,格闘技、武術全般,dek********,9時間54分,3,49,16.3,0,3,0.082,6.12,0.01,0.49,あと3日,https://detail.chiebukuro.yahoo.co.jp/qa/question_detail/q13324922183,武道で新しい技をマスターして（約束組手で掛かる程度）、いざスパーで使おうとしたら抵抗されてうまくいかない、そもそもその態勢に到達出来ない場合もある。 自分が未熟なだけかも知れませんが、約束組手とスパー...,0,0
881,2026/2/2 6:49,パチンコ,ilo********,9時間54分,3,38,12.7,0,0,0.064,7.89,0.01,0.32,あと3日,https://detail.chiebukuro.yahoo.co.jp/qa/question_detail/q12324922182,パチンコのスペックについて質問です パチンコのスペックってどんなスペックが一番お得ですか？ お得→長く遊べて演出も多く見られることです （１０００円単位で） 例 ＠＠の１／３１９ ＳＴタイプ,0,0
882,2026/2/2 6:49,病気、症状,non********,9時間54分,0,18,18.0,0,0,0.03,0.0,0.0,0.03,あと3日,https://detail.chiebukuro.yahoo.co.jp/qa/question_detail/q11324922181,肋骨骨折についてお聞きしたいです 12月の中旬に肋骨を骨折しました 全治3ヶ月と言われて3月中旬まで重い物など持たないでと言われました 仕事も運送業なのでしないでと言われて休んでます 会社とも話して2...,0,0
883,2026/2/2 6:49,大学受験,くろしお,9時間54分,1,52,52.0,0,0,0.087,1.92,0.05,0.17,あと3日,https://detail.chiebukuro.yahoo.co.jp/qa/question_detail/q10324922180,"今更ですけど今年の共テリーディングって普通に難化じゃないですか？ たしかに長文自体は大門7,8以外読みやすかったような気もしますが、選択肢を選ぶのが難しくて「ん？？ 」と沼ってしまうような設問が多かっ...",0,0
884,2026/2/2 6:49,運転免許,匿名,9時間54分,6,32,5.3,0,5,0.054,18.75,0.0,0.81,あと3日,https://detail.chiebukuro.yahoo.co.jp/qa/question_detail/q14324922179,あと1ヶ月で教習期限が過ぎてしまいます。 あと3コマと見極めをこの一週間でするのでで教習所は卒業できます。ですが残りの3週間以内に本免に受からないとまた一からやり直しになりますか？ それとも卒業証明書...,0,0
885,2026/2/2 6:49,ボートレース（競艇）,T・Aエジソン,9時間54分,3,7,2.3,0,0,0.012,42.86,0.0,0.26,あと3日,https://detail.chiebukuro.yahoo.co.jp/qa/question_detail/q12324922177,2月２日鳴門競艇３Rの買い目を教えて下さい。,0,0
886,2026/2/2 6:49,住宅ローン,nan********,9時間54分,1,26,26.0,0,0,0.044,3.85,0.01,0.13,あと3日,https://detail.chiebukuro.yahoo.co.jp/qa/question_detail/q11324922176,多くの銀行で住宅ローン借入時に50歳を超えていると団信の利率が変わるようなのですが、一般的に申込時年齢ですか？ 複数回に分けて振り込まれる最後の実行時の年齢でしょうか？ よろしくお願いします。 今49...,0,0
887,2026/2/2 6:48,スノーボード,oce********,9時間55分,1,16,16.0,0,0,0.027,6.25,0.0,0.11,あと3日,https://detail.chiebukuro.yahoo.co.jp/qa/question_detail/q10324922175,湯田中駅から志賀高原の長電バスで、スノボ板をトランクに入れることはできますか？,0,0
888,2026/2/2 6:48,ライブ、コンサート,trs********,9時間55分,2,18,9.0,0,0,0.03,11.11,0.0,0.2,あと3日,https://detail.chiebukuro.yahoo.co.jp/qa/question_detail/q14324922174,イコラブ国立ライブの翌日、めざましテレビやzipなどでニュースやると思いますか？,0,0
889,2026/2/2 6:48,政治、社会問題,ＩＤ非公開,9時間55分,4,29,7.2,0,0,0.049,13.79,0.0,0.38,あと3日,https://detail.chiebukuro.yahoo.co.jp/qa/question_detail/q13324922173,高市早苗さんが選挙で大勝したらトランプさんに迎合してイランに攻撃する米軍を後方支援したり、ガザのパレスチナ人追い出しに費用を拠出して積極的に協力したりするのでしょうか？,0,0
890,2026/2/2 6:48,Google Chrome,***********,9時間56分,0,26,26.0,1,0,0.044,0.0,0.0,0.21,あと3日,https://detail.chiebukuro.yahoo.co.jp/qa/question_detail/q12324922172,GoogleのAIジェミニで実際にアカウントがbanにされた人っていますか？ gemini,0,0
891,2026/2/2 6:48,テレビ、DVD、ホームシアター,b7185f67245bd416,9時間56分,3,51,17.0,1,1,0.086,5.88,0.01,0.55,あと3日,https://detail.chiebukuro.yahoo.co.jp/qa/question_detail/q11324922171,どうやら衛星放送の民放の4Kが全局なくなるらしいですね。 例えばNHKが衛星放送の2Kをなくして4Kと8Kだけになったら衛星が受信できる環境でなおかつ受信機は2Kテレビ・レコーダーしか持ってない場合は...,0,0
892,2026/2/2 6:48,病気、症状,ひ,9時間56分,5,44,8.8,0,3,0.074,11.36,0.01,0.64,あと3日,https://detail.chiebukuro.yahoo.co.jp/qa/question_detail/q10324922170,至急 高一です。 今起きたら死ぬほど喉が腫れてて唾が飲み込めません。めっちゃ喉も痛いです、それ以外の症状はありません これはさすがに寝起きで口呼吸してたからおきる喉の痛みではないですよね？ 学校休んだ...,0,0
893,2026/2/2 6:48,ギター、ベース,1251802865,9時間56分,6,86,14.3,0,1,0.144,6.98,0.02,0.7,あと3日,https://detail.chiebukuro.yahoo.co.jp/qa/question_detail/q14324922169,エレキギター 結束バンドの曲を弾きたいのですが、レスポール、ストラト、テレキャスどれを買うのがおすすめですか？,0,0
894,2026/2/2 6:48,スマホアプリ,1151341606,9時間56分,0,3,3.0,0,0,0.005,0.0,0.0,0.01,あと3日,https://detail.chiebukuro.yahoo.co.jp/qa/question_detail/q13324922168,AIチャットアプリ「キャラぷ」でキャラクターにHCGを表示させるにはどうすればいいですか？,0,0
895,2026/2/2 6:48,生き方、人生相談,非公開,9時間56分,2,22,11.0,0,0,0.037,9.09,0.0,0.2,あと3日,https://detail.chiebukuro.yahoo.co.jp/qa/question_detail/q11324922166,身長155.5cmだけど160cmぐらいありそうに見えるって有り得ますか？ 友達と身長の話をしてて、身長聞かれた時、155cmだよーって言ったら、え！160cmぐらいあるかと思ってた！笑って言われまし...,0,0
896,2026/2/2 6:47,経済、景気,霞ヶ関監視機構,9時間57分,3,36,12.0,0,0,0.06,8.33,0.01,0.31,あと3日,https://detail.chiebukuro.yahoo.co.jp/qa/question_detail/q10324922165,「外貨準備の運用でほくほく」と言うなら、為替差益を実現するために保有する米国国債を全額売却すべきではないですか？,0,0
897,2026/2/2 6:47,ヘアスタイル,c95174b44,9時間57分,2,32,16.0,0,0,0.054,6.25,0.01,0.22,あと3日,https://detail.chiebukuro.yahoo.co.jp/qa/question_detail/q14324922164,質問です！至急！ 男で毛量がすごい（特に前髪やサイド）が外で歩いてたら変な目で見ますか？ それともなんも思わないですか？,0,0
898,2026/2/2 6:47,恋愛相談,ysg********,9時間57分,12,250,20.8,1,38,0.418,4.8,0.09,3.49,あと3日,https://detail.chiebukuro.yahoo.co.jp/qa/question_detail/q13324922163,当方５６歳鬱持ち単身者男です。 ５年前に一部上場企業を退職。 現在は鬱が良くなり年収300万のところで生活してます。 新たな出会いを求めているのですが婚活パーティーとマッチングアプリにするか迷ってます...,0,0
899,2026/2/2 6:47,アマチュア無線,IOTA 1,9時間57分,0,37,37.0,0,0,0.062,0.0,0.0,0.06,あと3日,https://detail.chiebukuro.yahoo.co.jp/qa/question_detail/q12324922162,アマチュア無線ハンディ機Yaesu VX-3なんだすが、スプリアス特性（spurious emissions）は、 JARL（日本アマチュア無線連盟）の新スプリアス規格（平成17年総務省令第119号に...,0,0
900,2026/2/2 6:47,ヘアケア,maj********,9時間57分,0,22,22.0,0,0,0.037,0.0,0.0,0.04,あと3日,https://detail.chiebukuro.yahoo.co.jp/qa/question_detail/q10324922160,ドライヤーの購入で迷っています。 パナソニックのナノケアかリファなんですが 元々ナノケアを使っていてドライヤーで髪がしっとりする事で結構気に入っていました。が5、6年前に買った物でその間にも色んなドラ...,0,0
901,2026/2/2 6:47,レシピ,BA&AB777,9時間57分,3,33,11.0,0,0,0.055,9.09,0.01,0.31,不明,https://detail.chiebukuro.yahoo.co.jp/qa/question_detail/q11324922161,醤油ラーメンのスープの 作り方教えてください。 安くて簡単のをお願いします。 醤油・出し・味の素などで 作りますが全然美味しくないです。,0,0
902,2026/2/2 6:47,恋愛相談、人間関係の悩み,1253318141,9時間57分,4,9,2.2,0,0,0.015,44.44,0.0,0.35,あと3日,https://detail.chiebukuro.yahoo.co.jp/qa/question_detail/q14324922159,浮気とは？,0,0
903,2026/2/2 6:47,恋愛相談、人間関係の悩み,c853adbee,9時間58分,1,17,17.0,0,0,0.028,5.88,0.0,0.11,あと3日,https://detail.chiebukuro.yahoo.co.jp/qa/question_detail/q13324922158,付き合って3年になる彼女がいるのですが最近チラッとLINEのトーク欄に元彼と話してるのを見かけました あれ、前までは居なかったのになーと思いつつその事について言おうか言わまいかって感じです 浮気は絶対...,0,0
904,2026/2/2 6:47,国内,倫敦夜,9時間58分,3,46,15.3,0,1,0.077,6.52,0.01,0.38,あと3日,https://detail.chiebukuro.yahoo.co.jp/qa/question_detail/q12324922157,秋田市は青森市に比べて積雪が少ないんですか？,0,0
905,2026/2/2 6:47,メンタルヘルス,理想は目標と向上心,9時間58分,3,25,8.3,1,0,0.042,12.0,0.0,0.46,あと3日,https://detail.chiebukuro.yahoo.co.jp/qa/question_detail/q11324922156,公認心理師と臨床心理士の違いは、国家資格と民間資格の違いというのは認識してますが。 ではメンタルヘルスケアとしては、どちらが高い相談能力があるのでしょうか。,0,0
906,2026/2/2 6:47,ボートレース（競艇）,T・Aエジソン,9時間58分,3,4,1.3,0,0,0.007,75.0,0.0,0.26,あと3日,https://detail.chiebukuro.yahoo.co.jp/qa/question_detail/q10324922155,2月２日鳴門競艇２Rの買い目を教えて下さい。,0,0
908,2026/2/2 6:47,日本語,mpt********,9時間58分,1,16,16.0,0,0,0.027,6.25,0.0,0.11,あと3日,https://detail.chiebukuro.yahoo.co.jp/qa/question_detail/q13324922153,宜しく（よろしく）の宜←を知らなかった方は居ますか。,0,0
909,2026/2/2 6:46,イベント、フェス,、,9時間59分,2,50,25.0,0,2,0.083,4.0,0.02,0.35,あと3日,https://detail.chiebukuro.yahoo.co.jp/qa/question_detail/q12324922152,ギヴン展へ行った方に質問です。 新潟凱旋のギヴン展に行くことになりました。 そこのグッズ販売では新潟の新商品しか買えないのでしょうか？ 私は京都新商品のジャケット風キーホルダーが欲しいのですが、それは...,0,0
910,2026/2/2 6:46,メルカリ,匿名,9時間59分,3,83,27.7,0,9,0.138,3.61,0.04,0.84,不明,https://detail.chiebukuro.yahoo.co.jp/qa/question_detail/q11324922151,メルカリのキャンセルについて 自分は出品者側なのですが、商品に不備が見つかり発送できなくなり、キャンセル申請をしたら相手の同意を得ていないのにキャンセルが即成立しました。 事務局から今後同様の行為を確...,0,0
911,2026/2/2 6:46,携帯型ゲーム全般,ccbab8d08,9時間59分,1,14,14.0,0,0,0.023,7.14,0.0,0.11,あと3日,https://detail.chiebukuro.yahoo.co.jp/qa/question_detail/q10324922150,ヒアンシーとキュレネを現在持ってるのですが長夜月って引いた方がいいですか？それとも愉悦の新キャラに石を使うべきですか？ 崩壊スターレイル,0,0
912,2026/2/2 6:46,ボートレース（競艇）,T・Aエジソン,9時間59分,3,7,2.3,0,0,0.012,42.86,0.0,0.26,あと3日,https://detail.chiebukuro.yahoo.co.jp/qa/question_detail/q13324922148,2月２日鳴門競艇１Rの買い目を教えて下さい。,0,0
913,2026/2/2 6:46,恋愛相談、人間関係の悩み,aya********,9時間59分,2,11,5.5,0,0,0.018,18.18,0.0,0.18,あと3日,https://detail.chiebukuro.yahoo.co.jp/qa/question_detail/q12324922147,★【質問です】昔、元彼にデート中【デートに母と姉を連れてくるからな！お前が〇〇家にそぐえるのか、評価してやる。1度では性格解らんから何度も何度もデートに連れてきて見てやる】と言われました。 悲しくて泣...,0,0
914,2026/2/2 6:45,家族関係の悩み,1052421907,10時間0分,1,20,20.0,0,0,0.033,5.0,0.01,0.12,あと3日,https://detail.chiebukuro.yahoo.co.jp/qa/question_detail/q11324922146,高二女子です。付き合うのもそんな先のことじゃないかもと感じる男の子がいて初めての彼氏が出来そうなのですが、もし付き合えたらお母さんに言うべきか迷っています。 私は親に一切好きな人の話をしたことがありま...,0,0
915,2026/2/2 6:45,Photoshop,mini#black#05,10時間0分,2,11,5.5,0,0,0.018,18.18,0.0,0.18,あと3日,https://detail.chiebukuro.yahoo.co.jp/qa/question_detail/q14324922144,10万以下の低価格でしっかり基本と応用を学べる習得できるphotoshopと Illustratorの講座を知っている方いましたら教えてください！ ※独学でやろうとしたら出来なかったので、 講座で教え...,0,0
916,2026/2/2 6:45,法律相談,tjgtm2j,10時間0分,1,50,50.0,0,0,0.083,2.0,0.04,0.17,あと3日,https://detail.chiebukuro.yahoo.co.jp/qa/question_detail/q13324922143,警察に援助交際がばれてしまい、携帯を押収されました。 １７歳（今年で１８になります）なので、被害者というかたちになったのですが... 援助交際の予定が立っても中止になることが多かったため、実際に援助交...,0,0
917,2026/2/2 6:45,国内,非公開,10時間0分,3,89,29.7,0,3,0.148,3.37,0.04,0.55,あと3日,https://detail.chiebukuro.yahoo.co.jp/qa/question_detail/q12324922142,質問お願いします！ もしもシリーズ！！ もしもあなたが豪雪地帯の青森生まれ 青森育ちで地元にイイ仕事がない場合 首都TOKYOへ脱出しますか？？,0,0
918,2026/2/2 6:45,恋愛相談、人間関係の悩み,☆☆☆☆☆☆☆☆☆☆,10時間1分,2,9,4.5,0,0,0.015,22.22,0.0,0.18,あと3日,https://detail.chiebukuro.yahoo.co.jp/qa/question_detail/q11324922141,あざと可愛いピンク色のヒロインは、誰がいますか？,0,0
919,2026/2/2 6:45,宗教,1150682771,10時間1分,1,19,19.0,0,0,0.032,5.26,0.01,0.11,あと3日,https://detail.chiebukuro.yahoo.co.jp/qa/question_detail/q10324922140,至急・キリスト教の称号について 「殉教者」と「致命者」の違いを教えて欲しいです,0,0
920,2026/2/2 6:45,恋愛相談、人間関係の悩み,t,10時間1分,0,3,3.0,0,0,0.005,0.0,0.0,0.0,あと3日,https://detail.chiebukuro.yahoo.co.jp/qa/question_detail/q13324922138,胆汁質は中々難しい性格をしてますか？,0,0
921,2026/2/2 6:45,政治、社会問題,20251227/1007,10時間1分,3,20,6.7,0,1,0.033,15.0,0.0,0.33,あと3日,https://detail.chiebukuro.yahoo.co.jp/qa/question_detail/q12324922137,株価上昇で富裕層が10年前の2倍になっていますが政府はそれでもビンボー人中心のバラマキ政策をするんでしょうか？,0,0
922,2026/2/2 6:45,恋愛相談、人間関係の悩み,☆☆☆☆☆☆☆☆☆☆,10時間1分,1,3,3.0,0,0,0.005,33.33,0.0,0.09,あと3日,https://detail.chiebukuro.yahoo.co.jp/qa/question_detail/q11324922136,まいやんは、あざと可愛いですか？,0,0
923,2026/2/2 6:44,役所、手続き,lD非公開,10時間2分,4,19,4.8,0,4,0.032,21.05,0.0,0.56,あと3日,https://detail.chiebukuro.yahoo.co.jp/qa/question_detail/q10324922135,高校卒業後、自分だけ生活保護を辞めたら扶養照会が定期的に来ることになりますか？ 生活保護のケースワーカーが定期的に家庭訪問に来て、親を養えないのかと言われる可能性がありますか？ 新居は実家から徒歩5分...,0,0
924,2026/2/2 6:44,絵画,Science2000,10時間2分,3,86,28.7,0,5,0.143,3.49,0.04,0.64,不明,https://detail.chiebukuro.yahoo.co.jp/qa/question_detail/q14324922134,左手に何をもっているか分かりますか？ ラフなんですが、左手にもっている物が何か伝わりますか？,0,0
925,2026/2/2 6:44,特撮,まさかず@ぽっちゃりこそ至高！,10時間2分,2,19,9.5,0,0,0.032,10.53,0.0,0.2,あと3日,https://detail.chiebukuro.yahoo.co.jp/qa/question_detail/q13324922133,マリアなら５人くらい挙げられる？,0,0
926,2026/2/2 6:44,職場の悩み,1149695525,10時間2分,0,25,25.0,0,0,0.041,0.0,0.0,0.04,あと3日,https://detail.chiebukuro.yahoo.co.jp/qa/question_detail/q12324922132,仕事の内容について質問です。 某派遣会社が業務委託している総合病院に 勤めております。20代後半です。 元々クリニックに２年半いて、総合病院に 転職しました。理由としては、結婚をして いずれ子供が欲し...,0,0
927,2026/2/2 6:44,資格,むっく,10時間2分,1,39,39.0,0,0,0.065,2.56,0.03,0.15,あと3日,https://detail.chiebukuro.yahoo.co.jp/qa/question_detail/q11324922131,電気工事に関する質問です。 以前、別の知恵袋で質問させていただいた内容に追加で教えていただきたいです。 ＜以前の質問＞ ------------------------- 敷地内に引込みポールを建て、...,0,0
928,2026/2/2 6:43,鉄道、列車、駅,mne********,10時間3分,2,50,25.0,1,0,0.083,4.0,0.02,0.41,あと3日,https://detail.chiebukuro.yahoo.co.jp/qa/question_detail/q10324922130,朝の新幹線でそれなりに混んでいるのに、2人掛けの窓側の席に座ってフルマックスに座席を倒してくるジジイがいます。 しかも通路側の席には自分の荷物を置いて、何故かその席までフルマックスに倒してくる。通路側...,0,0
929,2026/2/2 6:43,レディース全般,非公開,10時間3分,1,21,21.0,0,1,0.035,4.76,0.01,0.17,あと3日,https://detail.chiebukuro.yahoo.co.jp/qa/question_detail/q14324922129,このコーデだとどっちのアウターが似合いますか？ 他にいいアウターがあれば教えてください,0,0
930,2026/2/2 6:43,政治、社会問題,玉井金次郎,10時間3分,1,10,10.0,0,2,0.017,10.0,0.0,0.2,あと3日,https://detail.chiebukuro.yahoo.co.jp/qa/question_detail/q13324922128,高市早苗総理の選挙演説は…USJの前で説明してくれる探検家みたいな格好したお姉さんと同じですか？,0,0
931,2026/2/2 6:43,料理、食材,ID 非公開,10時間3分,2,15,7.5,0,0,0.025,13.33,0.0,0.19,あと3日,https://detail.chiebukuro.yahoo.co.jp/qa/question_detail/q11324922126,卵焼き器でだし巻き卵を作る時は、テフロン加工されている卵焼き器でもやっぱり油を敷いた方が美味しく作れますか？,0,0
932,2026/2/2 6:43,ニュース、事件,nob********,10時間3分,1,15,15.0,0,0,0.025,6.67,0.0,0.11,あと3日,https://detail.chiebukuro.yahoo.co.jp/qa/question_detail/q12324922127,スマホに内蔵の マイナ保険証を病院で使うときですが なぜ、最初に iPhone か Android か選ばせる仕様なのでしょうか？ リーダーに読ませたら自動的に判定する仕組みに できなかったんですかね...,0,0
933,2026/2/2 6:43,資産運用、投資信託、NISA,ysg********,10時間3分,2,67,33.5,0,1,0.111,2.99,0.04,0.33,あと3日,https://detail.chiebukuro.yahoo.co.jp/qa/question_detail/q10324922125,NISAについて質問です。 R246成長型りそなラップ型ファンドに20万投資しました。 ところがあまりいい評判を聞きません。 いかがでしょうか？ もしりそな銀行でお勧めのNISAがあれば教えて下さい。,0,0
934,2026/2/2 6:43,税金,abc********,10時間3分,5,85,17.0,1,4,0.141,5.88,0.02,0.92,あと3日,https://detail.chiebukuro.yahoo.co.jp/qa/question_detail/q14324922124,"生前贈与で3,000万の現金を親から贈与された場合、贈与税を払うのと相続時精算課税選択制度を利用するのとでは、どちらが支払う税金は少なくなりますでしょうか？ （相続時の財産がない場合） 実際の税金額を...",0,0
935,2026/2/2 6:43,ゲーム,1052706172,10時間4分,0,5,5.0,0,0,0.008,0.0,0.0,0.01,あと3日,https://detail.chiebukuro.yahoo.co.jp/qa/question_detail/q13324922123,スプラ3について。ガチヤグラのxp2512あれば、今期5000位以内入れるでしょうか？現在4578位です。,0,0
936,2026/2/2 6:42,メンズシューズ,a1b0c00e1,10時間5分,0,5,5.0,0,0,0.008,0.0,0.0,0.01,あと3日,https://detail.chiebukuro.yahoo.co.jp/qa/question_detail/q11324922121,ZARA2049/620/800 こんな感じのかわいいブーツありますか？,0,0
937,2026/2/2 6:42,政治、社会問題,ナリトク,10時間5分,1,21,21.0,0,5,0.035,4.76,0.01,0.36,あと3日,https://detail.chiebukuro.yahoo.co.jp/qa/question_detail/q10324922120,日本国憲法を改正し、天皇陛下を象徴の労獄からお救いする。 ↑は正しい日本語ですか？,0,0
938,2026/2/2 6:42,料理、食材,babc79877,10時間5分,7,39,5.6,0,0,0.064,17.95,0.0,0.64,あと3日,https://detail.chiebukuro.yahoo.co.jp/qa/question_detail/q13324922118,ホットサンドメーカーに挟む物 卵もハムもチーズも高くて買えません。何か安くて他にありますか？,0,0
939,2026/2/2 6:42,宝塚,匿名,10時間5分,0,92,92.0,0,0,0.152,0.0,0.0,0.15,あと3日,https://detail.chiebukuro.yahoo.co.jp/qa/question_detail/q14324922119,阪急交通社の宝塚観劇プランで、SS席+ホテル阪急インターナショナルのプランを申し込んだのですが、ご利用になられた方に質問です。 ホテルの客室はどのタイプになるのかご存知でしたらご回答いただきたいです。...,0,0
940,2026/2/2 6:42,ゲーム,非公開,10時間5分,1,17,17.0,0,0,0.028,5.88,0.0,0.11,あと3日,https://detail.chiebukuro.yahoo.co.jp/qa/question_detail/q10324922115,ブルーアーカイブ初心者です 臨戦ふたりを無料のガチャで獲得できて今回の2倍でホシノとケイは獲得できましたがアリスは天井でもらう形でシロコ？だけ取れませんでしたが微妙な結果ですか？,0,0
941,2026/2/2 6:41,ゲーム,1052706172,10時間6分,0,6,6.0,0,0,0.01,0.0,0.0,0.01,あと3日,https://detail.chiebukuro.yahoo.co.jp/qa/question_detail/q13324922113,ススラ3について。持ち武器を変えようとしています。私はキャンピングシェルターを使っているのですが、今回のアプデで相当弱体化されてしまい持ち武器を変えたいです。おすすめをお願いします。 xp2400~2...,0,0
942,2026/2/2 6:41,アマチュア無線,IOTA 1,10時間6分,0,54,54.0,0,0,0.089,0.0,0.0,0.09,あと3日,https://detail.chiebukuro.yahoo.co.jp/qa/question_detail/q12324922112,中２で三アマに合格しました！！ アマチュア無線技士として、HF帯域（具体的には3.5MHzから30MHzの範囲）における長距離通信を最適化するために、垂直偏波のモノポールアンテナと水平偏波のダイポール...,0,0
944,2026/2/2 6:40,菓子、スイーツ,babc79877,10時間7分,2,9,4.5,0,0,0.015,22.22,0.0,0.18,あと3日,https://detail.chiebukuro.yahoo.co.jp/qa/question_detail/q13324922108,チョコボール高くなりましたか？,0,0
945,2026/2/2 6:40,恋愛相談、人間関係の悩み,☆☆☆☆☆☆☆☆☆☆,10時間7分,2,6,3.0,0,0,0.01,33.33,0.0,0.17,あと3日,https://detail.chiebukuro.yahoo.co.jp/qa/question_detail/q12324922107,あざと可愛いイエローをしたキャラクターは、誰ですか？,0,0
946,2026/2/2 6:40,病気、症状,haru,10時間7分,2,35,17.5,0,4,0.058,5.71,0.01,0.42,あと3日,https://detail.chiebukuro.yahoo.co.jp/qa/question_detail/q11324922106,ここ何日か、暖かい部屋にいても布団の中にいるときでも体がゾクゾクします。 全身気になりますが、特に背中がゾクゾクします。 熱が上がる前の悪寒にも似た感覚ですが、風邪を引いている訳でもなく、寒気だけして...,0,0
947,2026/2/2 6:40,YouTube,11356400079,10時間7分,1,22,22.0,0,0,0.036,4.55,0.01,0.12,あと3日,https://detail.chiebukuro.yahoo.co.jp/qa/question_detail/q10324922105,にじさんじの弦月藤四郎さんの確かコラボ歌枠でFirstLoveを歌ってた動画が見当たりません 見つけた方教えて欲しいです,0,0
948,2026/2/2 6:40,学校の悩み,1152971316,10時間7分,6,57,9.5,0,5,0.094,10.53,0.01,0.83,あと3日,https://detail.chiebukuro.yahoo.co.jp/qa/question_detail/q14324922104,高校生です。 学校休みたいです。 でも、休むと成績の事とかに影響出るって言ってんじゃん。休む？お前どうするん？とか色々言われて、でも休みたいです。 友達関係で何か問題起きたとかじゃなく、いじめられても...,0,0
949,2026/2/2 6:40,恋愛相談、人間関係の悩み,be3f93334,10時間8分,4,27,6.8,0,0,0.044,14.81,0.0,0.37,あと3日,https://detail.chiebukuro.yahoo.co.jp/qa/question_detail/q13324922103,カラオケ歌い終わったら、廊下からざまーみろって言われました。普通ですか？,0,0
950,2026/2/2 6:40,邦楽,ハル,10時間8分,6,49,8.2,0,2,0.081,12.24,0.01,0.67,あと3日,https://detail.chiebukuro.yahoo.co.jp/qa/question_detail/q12324922102,『カップル』に因んだ曲は何がありますか？ （2月2日-カップルの日）,0,0
951,2026/2/2 6:39,サッカー,jpm,10時間9分,2,7,3.5,0,0,0.011,28.57,0.0,0.18,あと3日,https://detail.chiebukuro.yahoo.co.jp/qa/question_detail/q10324922100,森保監督は試合の後半相手チームが身長高いヘッドが武器となる選手を交代させてきたら日本も身長高い選手を入れたことありますか？ それとも、もう入れましたか？ 特に日本対ベルギー戦の最後のフェライニにクロス...,0,0
952,2026/2/2 6:39,恋愛相談、人間関係の悩み,1052180113,10時間9分,4,28,7.0,0,6,0.046,14.29,0.0,0.67,あと3日,https://detail.chiebukuro.yahoo.co.jp/qa/question_detail/q12324922097,以前、彼氏と私が起こした行動で不仲になってしまい その件については私から謝って、もちろん彼からは 許すなど言葉はありませんでした。 その後、いつものようにLINEを送り 返信はしてくれます。 なのです...,0,0
953,2026/2/2 6:39,学校の悩み,Ｍ0113,10時間9分,0,7,7.0,0,0,0.011,0.0,0.0,0.01,あと3日,https://detail.chiebukuro.yahoo.co.jp/qa/question_detail/q13324922098,この画像の卓球部の男子中学生の雰囲気は、【The卓球部】という感じの男子中学生ですか？ この画像の卓球部の男子中学生が着ている【卓球シャツのデザイン・卓球パンツの丈】は、どう感じますか？ この画像の卓...,0,0
954,2026/2/2 6:39,iPhone,あるまんど,10時間9分,4,59,14.8,0,0,0.097,6.78,0.01,0.42,あと3日,https://detail.chiebukuro.yahoo.co.jp/qa/question_detail/q11324922096,iPhoneの購入についてです。 現在キャリアはdocomoを使用しており、機種はiPhone13です。 そろそろ買い替えたいので、iPhone17シリーズか、さらにその先に出るシリーズを待とうと思っ...,0,0
955,2026/2/2 6:39,ゲーム,_oysmzzz,10時間9分,0,3,3.0,0,0,0.005,0.0,0.0,0.0,あと3日,https://detail.chiebukuro.yahoo.co.jp/qa/question_detail/q10324922095,WePlayというゲームについて フレンド以外からの贈り物の受け取り拒否設定はどこからするんですか？,0,0
956,2026/2/2 6:39,資産運用、投資信託、NISA,まつたか,10時間9分,14,143,10.2,0,2,0.235,9.79,0.02,1.48,あと3日,https://detail.chiebukuro.yahoo.co.jp/qa/question_detail/q14324922094,早くお金持ちになりたくて全財産投資しようとしてるのは危険ですか？手元に現金いくら残しておけばいいですか？,0,0
957,2026/2/2 6:39,恋愛相談、人間関係の悩み,N,10時間9分,1,21,21.0,0,0,0.034,4.76,0.01,0.12,あと3日,https://detail.chiebukuro.yahoo.co.jp/qa/question_detail/q13324922093,彼氏との会話でホワイトデーのお返しの話になり、少し違和感を抱きました。 彼は、ホワイトデー手作りで返すねって言われてそこはとても嬉しいのですが、そのあとのそっちの方がお金かからないし、混ぜるだけで簡単...,0,0
958,2026/2/2 6:38,妊娠、出産,sui********,10時間10分,1,34,34.0,0,0,0.056,2.94,0.02,0.14,あと3日,https://detail.chiebukuro.yahoo.co.jp/qa/question_detail/q12324922092,これは、陽性反応でしょうか？ お恥ずかしながらもし病院受診をするならいつなのでしょうか？,0,0
959,2026/2/2 6:38,邦楽,horizon,10時間10分,9,87,9.7,1,0,0.142,10.34,0.01,1.04,あと3日,https://detail.chiebukuro.yahoo.co.jp/qa/question_detail/q11324922091,「科学・科学技術」にまつわる曲は何がありますか？ もしあったら1曲ご紹介下さい！！ 松任谷由実‐SAVE OUR SHlP https://youtu.be/zQkxW5CjsRc?si=sNnskQ...,0,0
960,2026/2/2 6:38,イヌ,1252651613,10時間11分,4,27,6.8,0,4,0.044,14.81,0.0,0.57,あと3日,https://detail.chiebukuro.yahoo.co.jp/qa/question_detail/q10324922090,愛犬は可愛いって思うのに他の犬は可愛く見えなくてイライラしちゃいます。これは普通ですか？,0,0
961,2026/2/2 6:38,お酒、ドリンク,epg********,10時間11分,3,26,8.7,0,1,0.043,11.54,0.0,0.34,あと3日,https://detail.chiebukuro.yahoo.co.jp/qa/question_detail/q14324922089,私はお酒を飲むとすぐ酔いますがすぐ冷めます。 飲んですぐほろ酔い3分の1くらいで酔い、動悸もします、顔も真っ赤になります、頭もふわふわします、立つと目眩もします、でも30分くらいすると肌も真っ白になっ...,0,0
962,2026/2/2 6:38,恋愛相談、人間関係の悩み,spt********,10時間11分,1,24,24.0,0,0,0.039,4.17,0.01,0.12,あと3日,https://detail.chiebukuro.yahoo.co.jp/qa/question_detail/q13324922088,私は学生の男です。 バイト先の飲みで女の子に印象聞いたら、「ゆるキャラ」とか、「癒し系」って言われました。 別に顔がカッコ良くもないし、可愛くもないしやはり性格とか内面で判断されてるのですよね？ 体型...,0,0
963,2026/2/2 6:38,政治、社会問題,20251227/1007,10時間11分,0,12,12.0,0,0,0.02,0.0,0.0,0.02,あと3日,https://detail.chiebukuro.yahoo.co.jp/qa/question_detail/q12324922087,与党が選挙で大勝するとこれまでのバラマキを改めまともな政策に戻りますか？,0,0
964,2026/2/2 6:38,病院、検査,２７℃,10時間11分,3,17,5.7,0,3,0.028,17.65,0.0,0.42,あと3日,https://detail.chiebukuro.yahoo.co.jp/qa/question_detail/q11324922086,自分が丸１日検査入院する場合 同居してる家族には何日前に伝えますか？,0,0
965,2026/2/2 6:38,ポケットモンスター,∵∵∵∵,10時間11分,5,21,4.2,0,0,0.034,23.81,0.0,0.44,あと3日,https://detail.chiebukuro.yahoo.co.jp/qa/question_detail/q10324922085,"今のポケモンに必要な事とは 「変わらないという安心と安定」なのでしょうか？ それとも「かわり続ける""本当の意味""での革新性」なのでしょうか？",0,0
966,2026/2/2 6:38,政治、社会問題,ce654e477,10時間11分,5,41,8.2,0,0,0.067,12.2,0.01,0.48,あと3日,https://detail.chiebukuro.yahoo.co.jp/qa/question_detail/q14324922084,高市ムードで、過去に自民党が、犯してきたもの、全て、反故にしちゃうじゃないですかな？、高市発言を見ると ドイツのヒットラー誕生前夜の状況に、似てきたな！,0,0
967,2026/2/2 6:37,職場の悩み,1052674354,10時間12分,7,63,9.0,0,3,0.103,11.11,0.01,0.82,あと3日,https://detail.chiebukuro.yahoo.co.jp/qa/question_detail/q13324922083,ただの風邪だと思い、忙しかったこともありひどい咳でも無理をして出社しました。マスクもしてました。月から木曜日の途中までいたのですがやはりどうしてもきつくて早退し病院にいったらインフルでした。 どうも復...,0,0
968,2026/2/2 6:37,募金、寄付,1253318141,10時間12分,2,6,3.0,0,0,0.01,33.33,0.0,0.17,あと3日,https://detail.chiebukuro.yahoo.co.jp/qa/question_detail/q12324922082,寄付付き商品とは？,0,0
969,2026/2/2 6:37,園芸、ガーデニング,a4f58b119,10時間12分,0,8,8.0,0,0,0.013,0.0,0.0,0.01,あと3日,https://detail.chiebukuro.yahoo.co.jp/qa/question_detail/q11324922081,大々至急 このようなフローリングで田植えをやるとしたら何が一番邪魔だと思いますか,0,0
970,2026/2/2 6:37,法律相談,小松菜ピラフ*****,10時間12分,1,15,15.0,0,0,0.024,6.67,0.0,0.11,あと3日,https://detail.chiebukuro.yahoo.co.jp/qa/question_detail/q10324922080,遺産の調停が終わってから、お金が見つかったり、遺産の範囲に入ってないｱｸｾｻﾘ一類が見つかっても、相手に知らせる必要はない、 知らせたところで相手には請求する権利は100ﾊﾟ一ｾﾝﾄないという理解であ...,0,0
971,2026/2/2 6:37,高校受験,tm.,10時間12分,4,47,11.8,0,2,0.077,8.51,0.01,0.5,あと3日,https://detail.chiebukuro.yahoo.co.jp/qa/question_detail/q14324922079,八千代高校って合格点目安370点なのになぜあんなに偏差値が高いんですか？ ほとんどのサイトで68~69と出てきます。,0,0
972,2026/2/2 6:37,文学、古典,がりやあ,10時間12分,1,17,17.0,0,0,0.028,5.88,0.0,0.11,あと3日,https://detail.chiebukuro.yahoo.co.jp/qa/question_detail/q13324922078,10月の末に江戸を出立して尾張の津島に向かう中空の日記の一節です ┈┈┈┈┈┈┈┈┈┈┈┈┈┈┈┈┈┈┈┈┈┈┈┈┈┈┈┈┈┈┈┈┈┈┈┈┈┈┈┈┈┈┈┈┈┈┈┈┈┈┈┈┈ 十日、朝まだきよりみぞれ降...,0,0
973,2026/2/2 6:37,メンズシューズ,非公開,10時間12分,3,35,11.7,0,0,0.057,8.57,0.01,0.3,あと3日,https://detail.chiebukuro.yahoo.co.jp/qa/question_detail/q12324922077,このスニーカーって大学生が履いてると子供っぽいなって思いますか？ 普段割とキレイめな服を着てるのですが。,0,0
974,2026/2/2 6:37,X（旧Twitter）,1252863002,10時間12分,2,26,13.0,0,0,0.042,7.69,0.01,0.21,あと3日,https://detail.chiebukuro.yahoo.co.jp/qa/question_detail/q11324922076,X(Twitter)での同じアイドルなどの趣味の方がするタグを出すことについてです。(長くなります。 以前歌い手などが好きでその時もタグを出して同じ歌い手オタクの子たちと現場で会ったりしていました。 ...,0,0
975,2026/2/2 6:37,コンビニ,1252924865,10時間13分,0,2,2.0,0,0,0.003,0.0,0.0,0.0,あと3日,https://detail.chiebukuro.yahoo.co.jp/qa/question_detail/q10324922075,工房楔について 今回の抽選で初めて当選したんですけど、支払い方法をpayid後払い(コンビニ)を選択したんですけど、何日くらいで届くのでしょうか。,0,0
976,2026/2/2 6:37,美術館、博物館,匿名,10時間13分,3,31,10.3,0,1,0.051,9.68,0.01,0.34,あと3日,https://detail.chiebukuro.yahoo.co.jp/qa/question_detail/q14324922074,至急！東京都美術館と、国立西洋美術館、どちらがおすすめでしょうか？そこまで美術の知識はありません。2月の頭に行きます。,0,0
977,2026/2/2 6:37,アルバイト、フリーター,1052531635,10時間13分,2,35,17.5,0,0,0.057,5.71,0.01,0.22,あと3日,https://detail.chiebukuro.yahoo.co.jp/qa/question_detail/q13324922073,4月から大学1年生にになりこれからスターバックスでバイトを始めようと思っているのですが、web応募の際に各曜日の出勤する事が出来る時間の開始時刻、終了時刻を答えないといけない欄があるのですが、 まだ学...,0,0
978,2026/2/2 6:36,恋愛相談、人間関係の悩み,☆☆☆☆☆☆☆☆☆☆,10時間14分,0,2,2.0,0,0,0.003,0.0,0.0,0.0,あと3日,https://detail.chiebukuro.yahoo.co.jp/qa/question_detail/q12324922072,元AKB48の髙島祐利奈さんに歌ってほしい曲は、何ですか？,0,0
979,2026/2/2 6:36,政治、社会問題,1053048010,10時間14分,1,19,19.0,0,1,0.031,5.26,0.01,0.16,あと3日,https://detail.chiebukuro.yahoo.co.jp/qa/question_detail/q10324922070,日本では10代が自民党国民民主党などの報道統制側の党に投票する傾向が極端に強いですが外国でも同じ傾向ナンですか？,0,0
980,2026/2/2 6:36,政治、社会問題,SAM,10時間14分,1,45,45.0,1,1,0.073,2.22,0.03,0.37,あと3日,https://detail.chiebukuro.yahoo.co.jp/qa/question_detail/q14324922069,政見放送で 「この春から横浜市は中学校給食が誕生します」 って言ってたんだけどさ え?、横浜って今まで給食なかったん？ ちょっと酷くね？,0,0
981,2026/2/2 6:36,恋愛相談、人間関係の悩み,1150279371,10時間14分,8,60,7.5,0,8,0.098,13.33,0.01,1.14,あと3日,https://detail.chiebukuro.yahoo.co.jp/qa/question_detail/q13324922068,彼氏に「周りから嫌われてるよ」「友達いないよね」と言われたことが何度かあります。 私自身友達も割と多い方だと思っておりあまり周りに嫌な態度を取られた経験もありません。 正直悲しいです。でも彼氏は悲しん...,0,0
982,2026/2/2 6:36,おみやげ、ご当地名物,och********,10時間14分,6,34,5.7,0,0,0.055,17.65,0.0,0.54,あと3日,https://detail.chiebukuro.yahoo.co.jp/qa/question_detail/q11324922066,くまモン好きなんですが、そのことを話すと結構な確率で「熊本（又は九州）出身なんですか？」と聞かれます。 ⋯生まれも育ちも大阪ですが、地元じゃないとくまモンファンだめなのかなあ？,0,0
983,2026/2/2 6:36,職場の悩み,せろり,10時間14分,4,36,9.0,0,1,0.059,11.11,0.01,0.43,あと3日,https://detail.chiebukuro.yahoo.co.jp/qa/question_detail/q10324922065,大至急お願いします 来週から正社員でお仕事始まります、その際に職場の方に菓子折りを用意した方がいいのでしょうか？,0,0
984,2026/2/2 6:36,恋愛相談、人間関係の悩み,「謝」,10時間14分,0,3,3.0,0,0,0.005,0.0,0.0,0.0,あと3日,https://detail.chiebukuro.yahoo.co.jp/qa/question_detail/q14324922064,1990.06.11 1991.03.27 世代差や年齢差 感じますか？？多少は？,0,0
985,2026/2/2 6:35,病気、症状,かまぼこ,10時間15分,0,6,6.0,0,0,0.01,0.0,0.0,0.01,あと3日,https://detail.chiebukuro.yahoo.co.jp/qa/question_detail/q13324922063,睡眠中ずっと思考が止まっていない感覚があり寝た気が全くせず朝とても眠いです。 不安神経症のため入眠が難しくそこは二種の眠剤（エスタゾラム、クービビック）を服用することで改善しましたがを睡眠中の眠りの浅...,0,0
986,2026/2/2 6:35,恋愛相談、人間関係の悩み,☆☆☆☆☆☆☆☆☆☆,10時間15分,0,0,0.0,0,0,0.0,0.0,0.0,0.0,あと3日,https://detail.chiebukuro.yahoo.co.jp/qa/question_detail/q12324922062,イカ娘さんと冬を楽しみたいですか？,0,0
987,2026/2/2 6:35,恋愛相談、人間関係の悩み,aya********,10時間15分,6,103,17.2,0,3,0.167,5.83,0.03,0.8,あと3日,https://detail.chiebukuro.yahoo.co.jp/qa/question_detail/q10324922060,多くの方の意見を聞かせて頂きたい為、内容を修正した上での再質問です。 彼氏がいるのに他の人を気になってしまい、どう気持ちの折り合いをつけていけば良いのかわからないので相談させてください。 彼氏とは一年...,0,0
988,2026/2/2 6:35,外国映画,babc79877,10時間16分,0,4,4.0,0,0,0.006,0.0,0.0,0.01,あと3日,https://detail.chiebukuro.yahoo.co.jp/qa/question_detail/q14324922059,あくまのいけにえシリーズをおすすめ順に教えてください,0,0
989,2026/2/2 6:35,恋愛相談、人間関係の悩み,「謝」,10時間16分,2,10,5.0,0,0,0.016,20.0,0.0,0.18,あと3日,https://detail.chiebukuro.yahoo.co.jp/qa/question_detail/q13324922058,来月3月末で35歳 「男性」 もう殆ど35歳です？？ まだまだ若くて エネルギッシュな若者ですか？？,0,0
990,2026/2/2 6:35,占い,gre********,10時間16分,2,41,20.5,1,0,0.067,4.88,0.01,0.39,あと3日,https://detail.chiebukuro.yahoo.co.jp/qa/question_detail/q12324922057,占いお願いします。 大金払って通ったwebデザインスクールで大した学びもなく卒業し大失敗だったのですが、通った意味はあるのでしょうか？今後何かに活かされますか？,0,0
991,2026/2/2 6:35,飛行機、空港,**,10時間16分,1,12,12.0,0,0,0.019,8.33,0.0,0.1,あと3日,https://detail.chiebukuro.yahoo.co.jp/qa/question_detail/q11324922056,チェジュ航空に初めて乗るのですが、このサイズのカバンは機内持ち込みできますか？預け荷物はありません。至急回答お願いします。,0,0
992,2026/2/2 6:35,数学,b2775fcc3,10時間16分,1,25,25.0,0,0,0.041,4.0,0.01,0.12,あと3日,https://detail.chiebukuro.yahoo.co.jp/qa/question_detail/q14324922054,至急お願いします。高1で習う三角比を用いてこれらの問題を解いて欲しいです。お願いします。,0,0
993,2026/2/2 6:35,自転車、サイクリング,Tom Builder,10時間16分,9,128,14.2,0,9,0.208,7.03,0.03,1.37,あと3日,https://detail.chiebukuro.yahoo.co.jp/qa/question_detail/q11324922051,4月から反則金制度が始まります。 このカテゴリーの皆さんはすでにルールは守ってるので何の問題もないと思います。 質問ですが、自転車のルールを守るようになったのはいつからですか？何かきっかけがありました...,0,0
994,2026/2/2 6:35,恋愛相談、人間関係の悩み,1150808472,10時間16分,4,29,7.2,0,3,0.047,13.79,0.0,0.52,あと3日,https://detail.chiebukuro.yahoo.co.jp/qa/question_detail/q12324922052,彼女の浮気してるか突き止めたいです。 今彼女は2泊3日で東京に行っているのですが、浮気している気がしてます。 どうにか質問か何かで、墓穴掘らせることできませんか？ 東京には知り合いいないし、彼女と1人...,0,0
995,2026/2/2 6:35,女性アイドル,∩ -ω- ),10時間16分,2,18,9.0,0,0,0.029,11.11,0.0,0.19,あと3日,https://detail.chiebukuro.yahoo.co.jp/qa/question_detail/q13324922053,最近のきゅーすとって歌詞も何を伝えたいのか分からないバズ目当て曲多くないですか？- ̫ -正直かわだめも自己肯定感MAXで好きじゃないんですせど＞＜,0,0
996,2026/2/2 6:34,情報番組、ワイドショー,ベンチコート,10時間17分,0,17,17.0,0,0,0.028,0.0,0.0,0.03,あと3日,https://detail.chiebukuro.yahoo.co.jp/qa/question_detail/q10324922050,今、ＢSＮ新潟放送が映らないけどどういうことですか？みなさんのテレビはどうですか？,0,0
997,2026/2/2 6:34,絵画,1052577961,10時間17分,6,52,8.7,0,5,0.084,11.54,0.01,0.81,あと3日,https://detail.chiebukuro.yahoo.co.jp/qa/question_detail/q14324922049,あるイラストレーターさんのオリキャラを別の絵師さんにそのキャラのイラストを依頼しようと思っているのですが大丈夫でしょうか？ 経験のある方、分かる方教えてください。,0,0
998,2026/2/2 6:34,ゲーム,あか,10時間17分,0,3,3.0,0,0,0.005,0.0,0.0,0.0,あと3日,https://detail.chiebukuro.yahoo.co.jp/qa/question_detail/q13324922048,特攻一体で9やったから代行疑われたんですけど こういう状況皆さんありますか？ゲンドリ集めてたけど特攻一体しか引けなかったからスルーしよってなって集めてたゲンドリぶっ放したんですけど... その後10連...,0,0
999,2026/2/2 6:34,動画サービス,a12c3ca57,10時間17分,0,4,4.0,0,0,0.006,0.0,0.0,0.01,あと3日,https://detail.chiebukuro.yahoo.co.jp/qa/question_detail/q12324922047,Netflixについて NetflixのダウンロードというのはWiFiが無い環境でも見れようにするためのものなのでしょうか？ ダウンロードしなくてもWiFiのある環境であればダウンロード数を消費しなく...,0,0
1000,2026/2/2 6:34,数学,kak********,10時間17分,4,47,11.8,0,1,0.076,8.51,0.01,0.45,不明,https://detail.chiebukuro.yahoo.co.jp/qa/question_detail/q10324922045,サイコロを6回ふって、1～6の目が一回づつ出る確率は100%で正しいですか？,0,0
1001,2026/2/2 6:34,受験、進学,非公開,10時間17分,1,37,37.0,0,0,0.06,2.7,0.02,0.14,あと3日,https://detail.chiebukuro.yahoo.co.jp/qa/question_detail/q14324922044,都立看護専門学校の面接を数日前受けてきました。 緊張する事もなく、聞かれた質問に対して答えられなかった事もなかったですが、2箇所くらい的外れな回答をしてしまった自覚があります。この子看護師として向いて...,0,0
1002,2026/2/2 6:34,ドラマ,1151929491,10時間17分,0,25,25.0,0,0,0.04,0.0,0.0,0.04,あと3日,https://detail.chiebukuro.yahoo.co.jp/qa/question_detail/q13324922043,孤独のグルメで井ノ頭が支払いの時に小銭入れから四つ折りになった札を出しますが、あれは原作でもそうなってるんですか？ スーツビシッと着てるのにいつもしわくちゃの札を出すから見ててイラつきます（笑）,0,0
1003,2026/2/2 6:34,車、高速道路,ann********,10時間18分,8,67,8.4,0,16,0.108,11.94,0.01,1.53,あと3日,https://detail.chiebukuro.yahoo.co.jp/qa/question_detail/q12324922042,150キロ車で高速道路を走るとどのくらい時間かかるでしょうか？ 宜しくお願いします。,0,0
1004,2026/2/2 6:34,冷蔵庫、キッチン家電,cgo********,10時間18分,1,11,11.0,0,0,0.018,9.09,0.0,0.1,あと3日,https://detail.chiebukuro.yahoo.co.jp/qa/question_detail/q11324922041,IHについて質問です。 IHを使って8年目になります。先日表面に傷がついているのを見つけました。 このまま使ってていいのでしょうか？,0,0
1005,2026/2/2 6:33,福祉、介護,c95174b44,10時間19分,6,114,19.0,0,7,0.184,5.26,0.03,1.01,あと3日,https://detail.chiebukuro.yahoo.co.jp/qa/question_detail/q14324922039,生活保護受給者です。 今月分が8万円ほどでした。 スマホが壊れたので35000円ほどの中古スマホを購入 ほか諸々支払いして残りが残金1万円程度 今使ってる壊れたスマホを売りに出したとして1万円 1ヶ月...,0,0
1006,2026/2/2 6:33,政治、社会問題,理麗,10時間19分,7,138,19.7,1,43,0.223,5.07,0.04,3.03,あと3日,https://detail.chiebukuro.yahoo.co.jp/qa/question_detail/q13324922038,高市首相の「円安ホクホク発言」は選挙結果に影響すると思いますか？ https://www.nikkei.com/article/DGXZQOUA010HQ0R00C26A2000000/ https:...,0,0
1007,2026/2/2 6:33,国内,非公開,10時間19分,1,29,29.0,0,0,0.047,3.45,0.01,0.13,あと3日,https://detail.chiebukuro.yahoo.co.jp/qa/question_detail/q11324922036,九州沖縄はこんな感じですか？ 福岡県 熊本県 長崎県 大分県 沖縄県 佐賀県 宮崎県 鹿児島県,0,0
1008,2026/2/2 6:33,小学校,うさぎ,10時間19分,1,29,29.0,0,0,0.047,3.45,0.01,0.13,あと3日,https://detail.chiebukuro.yahoo.co.jp/qa/question_detail/q10324922035,公務災害から直って今日から職場復帰します。 ADHDの子供に蹴られて医師の診断書通り、10日休んでました。 職場からどう思われているでしょうか。心配です。,0,0
1009,2026/2/2 6:33,オーディオ,ぽち,10時間19分,2,19,9.5,0,0,0.031,10.53,0.0,0.19,あと3日,https://detail.chiebukuro.yahoo.co.jp/qa/question_detail/q14324922034,中古でKENWOODのA-E7、X -ME7を購入したのですが説明書が無く操作方法が分かりません。公式サイトで調べてみましたがそもそも機番等の情報すら出てきません。 どなたか情報をいただけるとたすかり...,0,0
1010,2026/2/2 6:32,恋愛相談、人間関係の悩み,無名,10時間20分,1,14,14.0,0,1,0.023,7.14,0.0,0.15,あと3日,https://detail.chiebukuro.yahoo.co.jp/qa/question_detail/q12324922032,旦那が推しに「可愛いね 素敵だね お疲れ様 ナデナデ」とコメントするのも、配信にはりつくのも、スパチャするのもものすごく嫌だと思うのは変ですか？ 誕生日もケーキ買ってお祝いしたり手紙書いてました。物凄...,0,0
1011,2026/2/2 6:32,YouTube,1251947492,10時間20分,0,5,5.0,0,0,0.008,0.0,0.0,0.01,あと3日,https://detail.chiebukuro.yahoo.co.jp/qa/question_detail/q11324922031,ぐちつぼさんが、どこかの切り抜き動画で「消えてもらおうか」って言った後に歌ってた気がするのですが、その切り抜きが思い出せないのでどなたか教えて欲しいです！,0,0
1012,2026/2/2 6:32,プロ野球,名無し,10時間20分,1,14,14.0,0,2,0.023,7.14,0.0,0.2,あと3日,https://detail.chiebukuro.yahoo.co.jp/qa/question_detail/q10324922030,楽天イーグルスファンに質問です。 かつて2013年の日本シリーズで巨人と激闘を繰り広げたチームのかつての大黒柱が2人そろって今は巨人にいる＋田中将大は200勝を楽天イーグルスではなく巨人で達成したって...,0,0
1013,2026/2/2 6:32,スキンケア,aa58a158a,10時間20分,2,10,5.0,0,0,0.016,20.0,0.0,0.18,あと3日,https://detail.chiebukuro.yahoo.co.jp/qa/question_detail/q13324922028,唇のシミってなんでできるんですか？,0,0
1014,2026/2/2 6:32,カウンセリング、治療,c90f7e392,10時間20分,4,44,11.0,0,0,0.071,9.09,0.01,0.39,あと3日,https://detail.chiebukuro.yahoo.co.jp/qa/question_detail/q14324922029,心療内科を受診しようと思っているのですがいくつか質問があります。 以下受診しようと思った経緯です。長いので飛ばしていいです。 私は高3でしたが、去年の夏休みに受験と父親からのストレスで頭がパンクしてし...,0,0
1015,2026/2/2 6:32,アニメ、コミック,非公開,10時間20分,0,2,2.0,0,0,0.003,0.0,0.0,0.0,あと3日,https://detail.chiebukuro.yahoo.co.jp/qa/question_detail/q11324922026,「プリキュアオールスターズF」のルミナス・ローズ・エース・ムーンライト・パルフェ・コスモ・フラミンゴがシュプリームの猛攻に倒れるシーンをよく見ると、 追加戦士ではないフラミンゴがいたのはなぜでしょうか...,0,0
1016,2026/2/2 6:32,オンラインゲーム,1050909545,10時間20分,0,1,1.0,0,0,0.002,0.0,0.0,0.0,あと3日,https://detail.chiebukuro.yahoo.co.jp/qa/question_detail/q10324922025,LOLのチャットが途中から打てなくなるんですけど 原因わかる人いませんか,0,0
1017,2026/2/2 6:32,派遣,匿名,10時間21分,3,47,15.7,0,3,0.076,6.38,0.01,0.46,あと3日,https://detail.chiebukuro.yahoo.co.jp/qa/question_detail/q12324922022,派遣社員として入社して6ヶ月も経つのに未だに業務が練習ばかりで本番させて貰えない自分が先輩派遣社員が休んだ時のフォロー役と気付いたら契約終了を検討しますか？ または契約終了にして次に進んだ方がいいです...,0,0
1018,2026/2/2 6:32,スキンケア,aa58a158a,10時間21分,0,8,8.0,0,0,0.013,0.0,0.0,0.01,あと3日,https://detail.chiebukuro.yahoo.co.jp/qa/question_detail/q13324922023,私は唇にシミがあります。それがかなりコンプレックスなので、シミを無くしたいです。まだ中学生なのでレーザーは厳しいんですが消えるリップクリームや増やさないためのことを教えて欲しいです。,0,0
1019,2026/2/2 6:32,ゲーム,b1b77f49f,10時間21分,0,32,32.0,0,0,0.052,0.0,0.0,0.05,あと3日,https://detail.chiebukuro.yahoo.co.jp/qa/question_detail/q11324922021,セルサバイバーで、白衣の天使のコアを入手したのですが、ここからレベルを上げるためにはもう200回引くしかないのでしょうか？ 普通の宝箱からは入手不可能ですか？,0,0
1020,2026/2/2 6:32,恋愛相談、人間関係の悩み,☆☆☆☆☆☆☆☆☆☆,10時間21分,0,0,0.0,0,0,0.0,0.0,0.0,0.0,あと3日,https://detail.chiebukuro.yahoo.co.jp/qa/question_detail/q10324922020,大嶋みくさんと節分を楽しみたいですか？,0,0
1021,2026/2/2 6:31,ヘアケア,ae1fd399f,10時間22分,0,10,10.0,0,0,0.016,0.0,0.0,0.02,あと3日,https://detail.chiebukuro.yahoo.co.jp/qa/question_detail/q14324922019,縮毛矯正をかけた翌日にぱっつん前髪の七三分けってやっても大丈夫でしょうか？,0,0
1022,2026/2/2 6:31,冷蔵庫、キッチン家電,xnr********,10時間22分,0,8,8.0,0,0,0.013,0.0,0.0,0.01,あと3日,https://detail.chiebukuro.yahoo.co.jp/qa/question_detail/q12324922017,IHの一口コンロの購入を検討していますが、どこのメーカーをオススメしますか？あってほしい機能は1400Wで壊れにくくて、静音設計であることです。,0,0
1023,2026/2/2 6:31,転職,waq********,10時間22分,10,199,19.9,0,3,0.32,5.03,0.06,1.27,あと3日,https://detail.chiebukuro.yahoo.co.jp/qa/question_detail/q13324922018,"40歳で転職は厳しいでしょうか？ 主人を転職させたいです。本人もできることなら今の会社を辞めたいと言っています。 年間公休数が決まっている為、基本的には土日祝休みではありますが2,3ヶ月に一度は必ず土...",0,0
1024,2026/2/2 6:30,周辺機器,bc841e174,10時間23分,0,4,4.0,0,0,0.006,0.0,0.0,0.01,あと3日,https://detail.chiebukuro.yahoo.co.jp/qa/question_detail/q11324922016,PRO X2 SUPERSTRIKE LIGHTSPEEDってPowerplayを使いたいのですがPowerplayかPowerplay2どっちを使うのが正解でしょうか？,0,0
1025,2026/2/2 6:30,Yahoo!知恵袋,しろくまカフェ便り,10時間23分,5,42,8.4,1,21,0.067,11.9,0.01,1.64,あと3日,https://detail.chiebukuro.yahoo.co.jp/qa/question_detail/q10324922015,おはようございます。グッド！モーニングでしょうか？,0,0
1026,2026/2/2 6:30,クレジットカード,a7b0bd04a,10時間23分,3,73,24.3,0,2,0.117,4.11,0.03,0.45,あと3日,https://detail.chiebukuro.yahoo.co.jp/qa/question_detail/q13324922013,夫がクレジットカードでキャッシングをしているようです。多分パチンコに行っています。 通帳は私が管理しているのですが、キャッシング分の引き落としはされていないようです。 どのようにして毎月返済しているの...,0,0
1027,2026/2/2 6:30,恋愛相談、人間関係の悩み,よしき,10時間23分,0,6,6.0,0,0,0.01,0.0,0.0,0.01,あと3日,https://detail.chiebukuro.yahoo.co.jp/qa/question_detail/q14324922014,女性の皆さんに質問です今までで一番良かったサイコーの男女の関係は忘れられないものですか？,0,0
1028,2026/2/2 6:30,バスケットボール,Happy Boys&Girls,10時間23分,1,16,16.0,0,0,0.026,6.25,0.0,0.11,あと3日,https://detail.chiebukuro.yahoo.co.jp/qa/question_detail/q12324922012,河村勇輝！ブルズ初公式戦での活躍で選手としての評価は上がりましたか？,0,0
1029,2026/2/2 6:30,音楽,cccf4a976,10時間23分,0,7,7.0,0,0,0.011,0.0,0.0,0.01,あと3日,https://detail.chiebukuro.yahoo.co.jp/qa/question_detail/q11324922011,遠野幻想物語のアレンジなのですが昔ニコニコで聞いて探しています 始まり方が１楽器だけで始まり方がそこから少しずつ他の楽器が合流してくるような感じだった気がしますどなたかわかる方はいらっしゃいますか?,0,0
1030,2026/2/2 6:30,鉄道、列車、駅,1051248098,10時間23分,1,14,14.0,0,4,0.022,7.14,0.0,0.29,あと3日,https://detail.chiebukuro.yahoo.co.jp/qa/question_detail/q10324922010,東武鉄道「スペーシアX」に関する質問です。 コックピットラウンジ(4人用)とプレミアムシートではどちらの方が快適ですか？,0,0
1031,2026/2/2 6:30,職場の悩み,ezv********,10時間23分,3,24,8.0,0,0,0.038,12.5,0.0,0.28,あと3日,https://detail.chiebukuro.yahoo.co.jp/qa/question_detail/q14324922009,あなたの勤務先の会社が完全週休1日制だったら休日の日曜日は何して過ごしますか?,0,0
1032,2026/2/2 6:30,掃除,非公開,10時間24分,2,19,9.5,0,0,0.03,10.53,0.0,0.19,あと3日,https://detail.chiebukuro.yahoo.co.jp/qa/question_detail/q13324922008,掃除が得意な方、教えてください。 キッチンやトイレ、洗面台、玄関など家の各場所の掃除はどれくらいの頻度でやっていますか？ 掃除を習慣化するコツやおすすめの掃除道具があれば教えてほしいです。,0,0
1033,2026/2/2 6:30,就職活動,eob********,10時間24分,2,25,12.5,0,0,0.04,8.0,0.01,0.2,あと3日,https://detail.chiebukuro.yahoo.co.jp/qa/question_detail/q12324922007,田舎製造業で例えばNC旋盤加工求人、女性も活躍してる、子供の子育て学校行事融通がききます、 など記載あれば 比較的優しい仕事でしょうか？ あまり大変、難しい内容なら応募やめようかなと、一応会社見学あり...,0,0
1034,2026/2/2 6:30,邦楽,1150976472,10時間24分,1,14,14.0,0,1,0.022,7.14,0.0,0.15,あと3日,https://detail.chiebukuro.yahoo.co.jp/qa/question_detail/q10324922005,平井堅は外国人の血が入ってますか？結婚してないですよね？,0,0
1035,2026/2/2 6:30,教養、ドキュメンタリー,私の質問内では逆質問は一切禁止,10時間24分,0,2,2.0,0,0,0.003,0.0,0.0,0.0,あと3日,https://detail.chiebukuro.yahoo.co.jp/qa/question_detail/q14324922004,"以下の画像内に記載された、『後1,2曲の「みんなのうた」の未保存の映像素材の楽曲』をアーカイブ保存すれば、その分野がコンプリートされる楽曲の内、どんな映像なのか気になった曲を「理由付き」にして、 教え...",0,0
1036,2026/2/2 6:30,Yahoo!知恵袋,ものみんた,10時間24分,2,30,15.0,0,0,0.048,6.67,0.01,0.21,あと3日,https://detail.chiebukuro.yahoo.co.jp/qa/question_detail/q13324922003,知恵袋で 結婚式に行けなかったから親戚に非難されました みたいな質問を乱発してる人がいたのでそれを指摘したら、逆ギレされたのかブロックされました。 私は何かまちがったことをしたのでしょうか？,0,0
1037,2026/2/2 6:29,病気、症状,aa5526b8b,10時間25分,2,35,17.5,0,1,0.056,5.71,0.01,0.26,あと3日,https://detail.chiebukuro.yahoo.co.jp/qa/question_detail/q12324922002,明日受験なのに39度1の熱が出てしまいました。ほんとに辛すぎてもう嫌です。急激に熱が上がってしまったのでインフルだと思います。 せっかく明日の受験のために薬を飲んで生理を早めにこさせたり、親にも仕事を...,0,0
1038,2026/2/2 6:29,喫煙マナー,うさぎ,10時間25分,2,19,9.5,0,0,0.03,10.53,0.0,0.19,あと3日,https://detail.chiebukuro.yahoo.co.jp/qa/question_detail/q11324922001,IQOSの本体を捨てて禁煙してから10日経ちました。 でも昔を懐かしんで吸いたい気持ちが出てきました。離脱症状はなく、単純にヤニクラしたいという気持ちです。 私は意志の弱い人間ですか。,0,0
1039,2026/2/2 6:29,政治、社会問題,社会問題の人,10時間25分,6,57,9.5,0,4,0.091,10.53,0.01,0.76,あと3日,https://detail.chiebukuro.yahoo.co.jp/qa/question_detail/q10324922000,女系天皇、女性天皇を認めないのはただの保守的な思想によるものですか？ 昔のように天皇には権力は無く、誰が継ぐかによる内紛は無いです、ただの象徴でしかありません 象徴なのだから、その時代、国民が納得出来...,0,0
1040,2026/2/2 6:29,掃除機、洗濯機,fff********,10時間25分,0,3,3.0,0,0,0.005,0.0,0.0,0.0,あと3日,https://detail.chiebukuro.yahoo.co.jp/qa/question_detail/q13324921998,おすすめの掃除機を教えてください ・コードレス ・ブラシレス(フローリングしかないので) ・できれば紙パック ・ハンディとしても使える ・布団掃除用ノズル付属 ・重さ1キロ前後で軽い アイリスは対象外...,0,0
1041,2026/2/2 6:29,政治、社会問題,fou********,10時間25分,10,149,14.9,3,23,0.238,6.71,0.04,2.62,あと3日,https://detail.chiebukuro.yahoo.co.jp/qa/question_detail/q12324921997,高市早苗さんはNHKの日曜講論を手の痛みでパスしたそうですが、その後街頭演説では痛い手をブンブン振り回して元気に街頭演説をしたそうです。 討論番組は椅子に座って手を振り回すこともないのですが、消費税の...,0,0
1042,2026/2/2 6:29,グラビアアイドル,1152510900,10時間25分,0,30,30.0,0,0,0.048,0.0,0.0,0.05,あと3日,https://detail.chiebukuro.yahoo.co.jp/qa/question_detail/q11324921996,この方の名前を教えて頂きたいです,0,0
1043,2026/2/2 6:29,ダイエット,ad7f4fce9,10時間25分,4,42,10.5,0,1,0.067,9.52,0.01,0.43,あと3日,https://detail.chiebukuro.yahoo.co.jp/qa/question_detail/q10324921995,社会人男27歳です。 スポーツジムでダイエットと身体を鍛えたいと思い契約しようと思うのですが、器具の使い方を教えてもらえる所がいいです。 どこがおすすめですか？,0,0
1044,2026/2/2 6:29,Google フォト,b5bf634ef,10時間25分,0,1,1.0,0,0,0.002,0.0,0.0,0.0,あと3日,https://detail.chiebukuro.yahoo.co.jp/qa/question_detail/q14324921994,フォトの写真長押しで選んだ際にごみ箱や共有ボタンが急に青になったんですが、これは何でしょうか？ 教えてください。,0,0
1045,2026/2/2 6:28,Android,バルジーニ,10時間27分,0,8,8.0,0,0,0.013,0.0,0.0,0.01,あと3日,https://detail.chiebukuro.yahoo.co.jp/qa/question_detail/q11324921991,ギャラクシーなんですが、ちょくちょく通知音がしても何も来てなことがあるんてす。 これはなんでしょうか？,0,0
1046,2026/2/2 6:28,中学受験,ash********,10時間27分,0,49,49.0,0,0,0.078,0.0,0.0,0.08,あと3日,https://detail.chiebukuro.yahoo.co.jp/qa/question_detail/q10324921990,滝川中学校 医進選抜について 甲陽に落ちたので、塾に滝川をすすめられ滝川なら 医進選抜がおススメといわれ、受験。合格できたので通うことにしました。共学化しレベルが上がってきているので期待していますが、...,0,0
1047,2026/2/2 6:28,ゲーム,b2a83b58,10時間27分,2,15,7.5,0,0,0.024,13.33,0.0,0.18,あと3日,https://detail.chiebukuro.yahoo.co.jp/qa/question_detail/q14324921989,今のapexってランクは何レベからできるんですか?,0,0
1048,2026/2/2 6:28,テーマパーク,ゆう0805,10時間27分,4,65,16.2,1,1,0.104,6.15,0.02,0.63,あと3日,https://detail.chiebukuro.yahoo.co.jp/qa/question_detail/q13324921988,ディズニーシーでの質問です。 昼寝するようなところはありますか？そのへんのベンチでしょうか。屋内でくつろげるとこあれば教えてください。,0,0
1049,2026/2/2 6:28,ゲーム,xew********,10時間27分,3,24,8.0,0,0,0.038,12.5,0.0,0.28,あと3日,https://detail.chiebukuro.yahoo.co.jp/qa/question_detail/q12324921987,VALORANT シルバーやゴールドをボコせないとシルバーには上がれませんか？,0,0
1050,2026/2/2 6:28,恋愛相談、人間関係の悩み,らら,10時間27分,1,12,12.0,0,0,0.019,8.33,0.0,0.1,あと3日,https://detail.chiebukuro.yahoo.co.jp/qa/question_detail/q10324921985,ショーパンやミニスカート履くなら、パンティストッキング穿きますか？ それともパンスト穿くなら絶対、ミニですか？,0,0
1051,2026/2/2 6:28,政治、社会問題,非公開,10時間27分,6,50,8.3,0,4,0.08,12.0,0.01,0.75,あと3日,https://detail.chiebukuro.yahoo.co.jp/qa/question_detail/q13324921983,スマホでインターネット投票すればいいだけだろ? そうしないのは、自民党が敗北するからなんだよ,0,0
1052,2026/2/2 6:27,病気、症状,1152478062,10時間28分,1,21,21.0,0,0,0.033,4.76,0.01,0.11,あと3日,https://detail.chiebukuro.yahoo.co.jp/qa/question_detail/q12324921982,至急お願いします 昨日の朝から39℃以上の熱があり、症状もインフルに該当していました。 それが1日続き、今朝熱を測ってみると37℃台まで落ちていました。 12時間後に病院というので、今日の午前中に行こ...,0,0
1053,2026/2/2 6:27,政治、社会問題,1150894415,10時間28分,1,25,25.0,0,3,0.04,4.0,0.01,0.26,あと3日,https://detail.chiebukuro.yahoo.co.jp/qa/question_detail/q11324921981,内閣総理大臣に関する質問です。 内閣総理大臣はこの世で一番なりたくない仕事だと考えています。 何をやっても批判・誹謗中傷・陰謀論めいたデマにさらされ、心身ともに大きなダメージを受けるし、実績が過小評価...,0,0
1054,2026/2/2 6:27,病気、症状,bd3a42120,10時間28分,0,0,0.0,0,0,0.0,0.0,0.0,0.0,あと3日,https://detail.chiebukuro.yahoo.co.jp/qa/question_detail/q10324921980,腰から股下までが長いのと膝下が短いので足が短く見えます(><) 短く見えないコーデ？とかってありますか？,0,0
1055,2026/2/2 6:27,動物,b827ea525,10時間28分,3,53,17.7,0,0,0.084,5.66,0.01,0.32,あと3日,https://detail.chiebukuro.yahoo.co.jp/qa/question_detail/q14324921979,沖縄に居たこの鳥はなんでしょうか？ 福州園を観光中に飛んできました！ 気になったので分かる人が居れば 教えてください。 フラミンゴの様に片脚で立ってました！ よろしくお願い致します！,0,0
1056,2026/2/2 6:26,ゲーム,あしうら,10時間29分,0,11,11.0,0,0,0.017,0.0,0.0,0.02,あと3日,https://detail.chiebukuro.yahoo.co.jp/qa/question_detail/q13324921978,イナズマイレブン英雄たちのヴィクトリーロードについての質問です。 パワーチャージパワーブロックのファウル率はどれほどなのでしょうか？,0,0
1057,2026/2/2 6:26,法律相談,tjgtm2j,10時間29分,5,73,14.6,0,2,0.116,6.85,0.02,0.61,あと3日,https://detail.chiebukuro.yahoo.co.jp/qa/question_detail/q12324921977,援助交際をし私が未成年で、警察にスマホを押収されたらどの程度中身を調べられたり聞かれたりするのですか？ この日は何処に行った、何したと事細かに分析するのか、ざーっと見て法律に触れるような画像ないか眺め...,0,0
1058,2026/2/2 6:26,職場の悩み,a4f58b119,10時間29分,0,13,13.0,1,0,0.021,0.0,0.0,0.18,あと3日,https://detail.chiebukuro.yahoo.co.jp/qa/question_detail/q11324921976,大々至急 このようなズボンを履いた状態で特養でおむつ交換をやってる時に汚物が付いたらどんなイメージとなりますか。合成して欲しいです。汚れは、どのあたりに付くと思いますか,0,0
1059,2026/2/2 6:26,家族関係の悩み,cf2998200,10時間29分,8,252,31.5,1,29,0.4,3.17,0.13,2.57,不明,https://detail.chiebukuro.yahoo.co.jp/qa/question_detail/q10324921975,旦那の口臭についてです。毎日酷くてしんどいです。私24.旦那52さいです。付き合ってた時は笑うのが苦手な旦那の歯なんか全然みていなかったのですが、最近口臭ひどくて歯をみてみるとボロボロで、、。 １日一...,0,0
1060,2026/2/2 6:26,シニアライフ、シルバーライフ,kasamira,10時間29分,11,68,6.2,0,5,0.108,16.18,0.01,1.22,あと3日,https://detail.chiebukuro.yahoo.co.jp/qa/question_detail/q14324921974,朝ごはん何ですか？ おはようございます,0,0
1061,2026/2/2 6:26,交通、地図,「謝」,10時間30分,1,30,30.0,0,1,0.048,3.33,0.01,0.17,不明,https://detail.chiebukuro.yahoo.co.jp/qa/question_detail/q13324921973,埼玉の、さいたま市や戸田市は殆ど都内 であり、 かなり東京寄りですか,0,0
1062,2026/2/2 6:26,卓球,ブランキージュニア,10時間30分,3,36,12.0,0,0,0.057,8.33,0.01,0.29,あと3日,https://detail.chiebukuro.yahoo.co.jp/qa/question_detail/q11324921971,全日本卓球 ダブルス、混合ダブルスって どうやって組むの？一切フリー？ 世界相手ならいざ知らず 国内の大会で 強い者同士が即席で組むなら わざわざ全国で予選してまで やる必要なく ベスト16くらいから...,0,0
1064,2026/2/2 6:25,政治、社会問題,fou********,10時間31分,8,86,10.8,1,0,0.136,9.3,0.01,0.93,あと3日,https://detail.chiebukuro.yahoo.co.jp/qa/question_detail/q13324921968,円安ホクホク発言 輸出企業とドル資産を持っている方しか儲かる構図は無いのですが、高市早苗さんは どうやってそれらの円安で儲けた人から税金を巻き上げて、輸入品の値上げで苦しむ庶民に還元するのでしょうか？,0,0
1065,2026/2/2 6:24,政治、社会問題,1,10時間32分,5,37,7.4,0,1,0.059,13.51,0.0,0.5,不明,https://detail.chiebukuro.yahoo.co.jp/qa/question_detail/q11324921966,なぜ日本の経済学者の方は、緊縮財政派の人が多いのですか？,0,0
1066,2026/2/2 6:24,クレジットカード,b7fe2a86c,10時間32分,9,79,8.8,0,2,0.125,11.39,0.01,0.93,あと3日,https://detail.chiebukuro.yahoo.co.jp/qa/question_detail/q14324921964,毎月クレジットカードの返済に追われてます ほぼ分割払い分です 貯金もなくて返済がだんだん厳しくなってきました 給料が支払いに消えてほぼ残らなくて 頭抱えてます。 銀行ローンでお金を借りて一括で返して ...,0,0
1067,2026/2/2 6:24,洗濯、クリーニング,ras********,10時間32分,1,27,27.0,0,0,0.043,3.7,0.01,0.12,あと3日,https://detail.chiebukuro.yahoo.co.jp/qa/question_detail/q13324921963,ちょっとすみません。 デニムを育てていきたいのですが、ある程度の期間着用して汚れてきたら洗濯はしようと思うのですが、乾燥機にかけるのとかけないのでは、色落ちやあたりなどにどのような差が出るのでしょうか...,0,0
1068,2026/2/2 6:24,テレビ、ラジオ,a4f58b119,10時間32分,3,20,6.7,0,0,0.032,15.0,0.0,0.27,あと3日,https://detail.chiebukuro.yahoo.co.jp/qa/question_detail/q12324921962,みなさまは、このNHK受信料の金額を観てどんな気持ちになりますか,0,0
1069,2026/2/2 6:24,LINE,たかむら,10時間32分,1,10,10.0,0,0,0.016,10.0,0.0,0.09,あと3日,https://detail.chiebukuro.yahoo.co.jp/qa/question_detail/q10324921960,LINEについて。 ボイスメッセージとLINEの通話(スピーカー)で聞こえる音声は、全然違いますか？,0,0
1070,2026/2/2 6:24,観光地、行楽地,tak********,10時間32分,1,20,20.0,0,0,0.032,5.0,0.01,0.11,あと3日,https://detail.chiebukuro.yahoo.co.jp/qa/question_detail/q14324921959,沖縄の辺野古の警備員がじっとしてました。 あれはなんでしょうか。 2日前にサイクリングに行ったのですが、夜にゲート前を通ると2人が一切動かいておりませんでしたので、人形だろうと思いました。 1分後に別...,0,0
1071,2026/2/2 6:24,恋愛相談、人間関係の悩み,非公開,10時間32分,2,41,20.5,0,0,0.065,4.88,0.01,0.22,あと3日,https://detail.chiebukuro.yahoo.co.jp/qa/question_detail/q13324921958,被害妄想が強くネガティブな性格をなんとかしたいです。マチアプで知り合って遠距離で半年の彼氏がいます。本当に自分のこと好きか不安になります。LINE頻度少ないし、向こうからは要件無ければ来ない。 昨日も...,0,0
1072,2026/2/2 6:23,政治、社会問題,1251793904,10時間33分,0,8,8.0,0,0,0.013,0.0,0.0,0.01,あと3日,https://detail.chiebukuro.yahoo.co.jp/qa/question_detail/q12324921957,かつて石原慎太郎氏や野中氏らが小沢一郎氏が国を売ったと吹聴していました。テレビ番組でも聞いた覚えかあります。 湾岸戦争時にアメリカに支援した日本の何百億もの資金の内、何10億ものキックバックを受けてい...,0,0
1073,2026/2/2 6:23,職場の悩み,Happy Boys&Girls,10時間33分,3,26,8.7,0,0,0.041,11.54,0.0,0.28,あと3日,https://detail.chiebukuro.yahoo.co.jp/qa/question_detail/q10324921955,みなさんは学校、職場で、どんな時に自分はいじめられているんじゃないかと思いますか？,0,0
1075,2026/2/2 6:23,事件、事故,kaw********,10時間34分,3,31,10.3,0,0,0.049,9.68,0.01,0.29,あと3日,https://detail.chiebukuro.yahoo.co.jp/qa/question_detail/q13324921953,何で除雪の事故が多いんですか？,0,0
1076,2026/2/2 6:23,交通事故,非公開,10時間34分,2,56,28.0,1,0,0.088,3.57,0.02,0.4,あと3日,https://detail.chiebukuro.yahoo.co.jp/qa/question_detail/q12324921952,ウーバー配達中、自転車とタクシー接触時の過失割合について 東京都内の細い路地で、ウーバーイーツ配達中にシェアサイクルを停めてスタンドを立て、発進準備をしていたところ、横を通ったタクシーの側面と接触しま...,0,0
1077,2026/2/2 6:22,政治、社会問題,1053270091,10時間35分,2,26,13.0,0,13,0.041,7.69,0.01,0.81,あと3日,https://detail.chiebukuro.yahoo.co.jp/qa/question_detail/q10324921950,野田さんより高市さんの方が人気がありますか？,0,0
1078,2026/2/2 6:22,エアコン、空調家電,物理的に正しい以外は糞ウンコ,10時間35分,0,32,32.0,0,0,0.05,0.0,0.0,0.05,あと3日,https://detail.chiebukuro.yahoo.co.jp/qa/question_detail/q14324921949,高いところの戸棚の上に置いてあるトイレットペーパーの影が揺れる気がして目を移したのですが止まり風も怒らないので物理的におかしいのですが 3メールぐらいでしょうか 離れてるところにファンヒーターがあるの...,0,0
1079,2026/2/2 6:22,雑誌,セリカ,10時間35分,2,60,30.0,0,0,0.094,3.33,0.03,0.25,あと3日,https://detail.chiebukuro.yahoo.co.jp/qa/question_detail/q12324921947,大雪の影響で遅れている先週号の週刊少年マガジンとサンデーはもう発売はしないんでしょうか？ 今朝の時点でまだコンビニに陳列されていないんですが・・・,0,0
1080,2026/2/2 6:22,資格,1,10時間35分,0,30,30.0,0,0,0.047,0.0,0.0,0.05,あと3日,https://detail.chiebukuro.yahoo.co.jp/qa/question_detail/q11324921946,先週合格発表がありましたが行政書士試験合格された方で、周囲に合格したよって言ったら、何か変わったことございましたか？,0,0
1081,2026/2/2 6:22,邦楽,ハル,10時間35分,5,51,10.2,1,9,0.08,9.8,0.01,1.05,あと3日,https://detail.chiebukuro.yahoo.co.jp/qa/question_detail/q14324921944,『クライスラー』でお好きな曲は何ですか？ （フリッツ・クライスラー 1875年2月2日-誕生日）,0,0
1082,2026/2/2 6:22,資産運用、投資信託、NISA,nen********,10時間35分,0,24,24.0,0,0,0.038,0.0,0.0,0.04,あと3日,https://detail.chiebukuro.yahoo.co.jp/qa/question_detail/q13324921943,"REITを10年前くらいわけわからず少しやってましたが、ほぼ投資初心者です。 分析関係の勉強はこれからです。 資金は3,000万円あり、REIT1000万・現物株500万・国債500万・投信1000万...",0,0
1083,2026/2/2 6:21,外国映画,mou********,10時間36分,1,84,84.0,0,2,0.132,1.19,0.11,0.3,不明,https://detail.chiebukuro.yahoo.co.jp/qa/question_detail/q12324921942,映画「ローマの休日」のオープニングで 画像の場所が分かりません。 教えてください。,0,0
1084,2026/2/2 6:21,病気、症状,ab6124c5,10時間36分,0,11,11.0,0,0,0.017,0.0,0.0,0.02,あと3日,https://detail.chiebukuro.yahoo.co.jp/qa/question_detail/q11324921941,プラノバールとナウゼリンを夕食後に服用しています。朝起きて気持ち悪くなったり、食欲不振で食べられないことがあるので強力わかもと（調整剤）を飲みたいんですが、飲んでも大丈夫でしょうか？,0,0
1085,2026/2/2 6:21,携帯型ゲーム全般,1052998057,10時間36分,1,19,19.0,0,0,0.03,5.26,0.01,0.11,あと3日,https://detail.chiebukuro.yahoo.co.jp/qa/question_detail/q10324921940,原神に関する質問です。 いつか来る復刻で、通常アタッカー型シトラリ(キャラは完凸させます)を作りたいと思っているのですが、聖遺物を逆飛びと余興で悩んでいます。 しめ縄も考えたのですが、スキルクールタイ...,0,0
1086,2026/2/2 6:21,アニメ,kei********,10時間36分,0,6,6.0,0,0,0.009,0.0,0.0,0.01,あと3日,https://detail.chiebukuro.yahoo.co.jp/qa/question_detail/q14324921939,アニメタイムズを昨夜日付けが変わってから(0:05)契約しました。 前に一度無料体験は済んでいたのですぐ月額料金を引き落とされたのですが、契約日が2/1(昨日)になっていて？？？となりました。 アニメ...,0,0
1087,2026/2/2 6:21,ダイエット、フィットネス,1053300457,10時間36分,4,33,8.2,1,0,0.052,12.12,0.0,0.52,あと3日,https://detail.chiebukuro.yahoo.co.jp/qa/question_detail/q13324921938,もうすぐ大学受験生が終わります！ 閲覧ありがとうございます。もうすぐ受験が終わる高三女子です。 そこで、今まで毎日塾にこもって座ってばかりの生活で、運動は週2の体育のみでした。授業は2楽器で終わってる...,0,0
1088,2026/2/2 6:21,YouTube,あんこなし饅頭,10時間36分,3,25,8.3,0,0,0.039,12.0,0.0,0.27,あと3日,https://detail.chiebukuro.yahoo.co.jp/qa/question_detail/q12324921937,YouTubeのコメント欄って文見ると基本男しかいない気がするんですけど実際はどうなんでしょうか？,0,0
1089,2026/2/2 6:21,Windows 10,********,10時間36分,2,10,5.0,0,0,0.016,20.0,0.0,0.17,あと3日,https://detail.chiebukuro.yahoo.co.jp/qa/question_detail/q11324921936,Windows１１を使っています。エクスプローラーのQTTabBarが表示されなくなってしまいました。復活させる方法を教えて下さい。,0,0
1090,2026/2/2 6:21,Yahoo!知恵袋,1151262896,10時間36分,0,3,3.0,0,0,0.005,0.0,0.0,0.0,あと3日,https://detail.chiebukuro.yahoo.co.jp/qa/question_detail/q10324921935,stripchatのSUZU_chaさんって辞められたのですか？ どこかでまた始められているのなら教えていただきたいです。,0,0
1091,2026/2/2 6:20,ニュース、事件,我々のコリブリ,10時間37分,3,28,9.3,0,0,0.044,10.71,0.0,0.28,あと3日,https://detail.chiebukuro.yahoo.co.jp/qa/question_detail/q14324921934,南の鳥島のレアアース事業が成功したかの様に言ってる人が居ますが 違いますよね？ と言うのもレアアースの試掘が成功したと言うニュースを見て さもレアアース事業が成功したかのように誤解している層が一定数居...,0,0
1092,2026/2/2 6:20,福祉、介護,c95174b44,10時間38分,7,88,12.6,0,2,0.138,7.95,0.02,0.78,あと3日,https://detail.chiebukuro.yahoo.co.jp/qa/question_detail/q13324921933,【至急】 20代後半男性、生活保護受給者です。 食費を1ヶ月1万円で抑えようと思っているのですが可能ですか？ 何買えばいいですか？教えてください,0,0
1093,2026/2/2 6:20,家族関係の悩み,t,10時間38分,1,15,15.0,0,1,0.024,6.67,0.0,0.15,あと3日,https://detail.chiebukuro.yahoo.co.jp/qa/question_detail/q12324921932,相手は何もやってないのに自分から腹が立って相手に当たるのは病気ですか？,0,0
1094,2026/2/2 6:20,恋愛相談、人間関係の悩み,1052173255,10時間38分,0,8,8.0,0,0,0.013,0.0,0.0,0.01,あと3日,https://detail.chiebukuro.yahoo.co.jp/qa/question_detail/q11324921931,飲食店アルバイトの同僚、 年下の女の子でその子を沼らせられるような バイト中にそろっと使えそうな使える言葉、単語あれば教えてください。,0,0
1095,2026/2/2 6:20,うつ病,さち,10時間38分,3,82,27.3,0,0,0.128,3.66,0.03,0.36,不明,https://detail.chiebukuro.yahoo.co.jp/qa/question_detail/q14324921929,去年の10月に中等症以上の抑うつ状態と診断されました。身の回りの日常生活はできるし、動けます。 ですが、対人関係が本当に難しくなってしまい、人と関わること（家族は大丈夫です）が何故か疲れてしまって苦痛...,0,0
1096,2026/2/2 6:20,ご近所の悩み,1052113222,10時間38分,2,139,69.5,0,0,0.218,1.44,0.15,0.37,不明,https://detail.chiebukuro.yahoo.co.jp/qa/question_detail/q13324921928,これ、犯人確定だと思いませんか？ 先日、賃貸アパート敷地内にて雪を捨てはいけない所に雪を捨てるのを目撃しました。 同じアパートの隣の住民が車の横からスコップで雪をすくい、敷地内に雪を投げ捨てるのを私が...,0,0
1097,2026/2/2 6:20,恋愛相談、人間関係の悩み,dhp,10時間38分,0,11,11.0,0,0,0.017,0.0,0.0,0.02,あと3日,https://detail.chiebukuro.yahoo.co.jp/qa/question_detail/q12324921927,人間の好き嫌いがあるタイプで接客業してる人って聖人なんですか？ 例えば、僕はプライドの高い人間が生理的に受け付けないのですが、知りもしないことをすべて知ったかしてあー知ってた知ってたとか言う人と同じ空...,0,0
1098,2026/2/2 6:20,株式,ＩＤ非公開,10時間38分,2,35,17.5,0,0,0.055,5.71,0.01,0.21,あと3日,https://detail.chiebukuro.yahoo.co.jp/qa/question_detail/q11324921926,私はテンバガー期待でAIロボティクスという銘柄を少しずつ買い増していますが、この銘柄はかなりの確率で、後2年くらいでテンバガー1万円くらい行きますかね？,0,0
1099,2026/2/2 6:19,邦楽,ハル,10時間39分,9,92,10.2,0,11,0.144,9.78,0.01,1.36,あと3日,https://detail.chiebukuro.yahoo.co.jp/qa/question_detail/q10324921925,『おじいさん』が出てくる曲は何ですか？ （2月2日-おじいさんの日） https://youtu.be/jKe0iMXqp74?si=y0v0mMSixCa5YSJA,0,0
1100,2026/2/2 6:19,恋愛相談、人間関係の悩み,15787348,10時間39分,3,88,29.3,0,2,0.138,3.41,0.04,0.47,あと3日,https://detail.chiebukuro.yahoo.co.jp/qa/question_detail/q14324921924,恋愛相談です。 彼氏に別れを告げられました。理由は、仕事が忙しくて、会えない間に気持ちが薄れていったということです。私は学生で、彼が社会人なのですが、距離も少しあるため、最初の方は2週間に1度、今は1...,0,0
1101,2026/2/2 6:19,クレジットカード,nPBThNYvMP8GhAjc,10時間39分,2,31,15.5,0,0,0.048,6.45,0.01,0.2,あと3日,https://detail.chiebukuro.yahoo.co.jp/qa/question_detail/q12324921922,緊急(>_<)偽ショッピングサイトに引っ掛かったかもしれません。クレジットカード入力して支払いを済ませてしまいました。非情に焦ってます。どうすればいいでしょうか？(>_<),0,0
1102,2026/2/2 6:19,恋愛相談、人間関係の悩み,.,10時間39分,1,18,18.0,0,0,0.028,5.56,0.01,0.11,あと3日,https://detail.chiebukuro.yahoo.co.jp/qa/question_detail/q11324921921,彼氏がインフルエンサーの女、アイドルの女を好きだと言ってた過去があるだけで嫌になって未だに狂いそうになります。 今は好きじゃないと言ってますが私が嫌だと言ったから口だけでそう言ってるだけでどうせタイプ...,0,0
1103,2026/2/2 6:19,邦楽,ysg********,10時間39分,4,30,7.5,0,0,0.047,13.33,0.0,0.36,あと3日,https://detail.chiebukuro.yahoo.co.jp/qa/question_detail/q10324921920,あいみょんのお勧めの曲教えて下さい。 YouTubeの動画を貼り付けていただけると有り難いです。,0,0
1104,2026/2/2 6:18,iPhone,bc872982b,10時間40分,2,14,7.0,0,0,0.022,14.29,0.0,0.18,あと3日,https://detail.chiebukuro.yahoo.co.jp/qa/question_detail/q14324921919,iPhoneについての質問です。 最近動作がガクつくようになってきて、どこを確認してどこを改善すべきかわからないで困っています。 機種はiPhone14Proです。 よろしくお願いしますm(_ _)m,0,0
1105,2026/2/2 6:18,ホテル、旅館,bia********,10時間40分,1,7,7.0,0,0,0.011,14.29,0.0,0.09,あと3日,https://detail.chiebukuro.yahoo.co.jp/qa/question_detail/q13324921918,杉乃井ホテルのアクアビートについて 2024年は6月1日(土)、2025年は5月31日(土)に営業開始されました。 2026年は５月30日(土)、5月31日(日)もしくは6月6日(土)なのか。 みなさ...,0,0
1106,2026/2/2 6:18,政治、社会問題,ketsuominami,10時間41分,2,22,11.0,0,2,0.034,9.09,0.0,0.28,あと3日,https://detail.chiebukuro.yahoo.co.jp/qa/question_detail/q12324921917,選挙中のマスコミの情勢調査って必要ですか？各政党は独自に情勢調査をやっていてその精度は高いそうですが。,0,0
1107,2026/2/2 6:18,結婚,1149844321,10時間41分,2,71,35.5,0,1,0.111,2.82,0.04,0.31,あと3日,https://detail.chiebukuro.yahoo.co.jp/qa/question_detail/q11324921916,付き合って1年で結婚したいと伝えた上で 付き合い始めた彼氏がいます。 付き合って5ヶ月目に同棲したいと言われ、婚約指輪を選んでおいて欲しいと言われたので、結婚前向きな彼氏に安心して同棲開始。 今日から...,0,0
1108,2026/2/2 6:18,あの人は今,kaw********,10時間41分,0,12,12.0,0,0,0.019,0.0,0.0,0.02,あと3日,https://detail.chiebukuro.yahoo.co.jp/qa/question_detail/q14324921914,北原歩氏はグラドル出身ですか？,0,0
1109,2026/2/2 6:18,株式,ＩＤ非公開,10時間41分,4,37,9.2,0,0,0.058,10.81,0.01,0.37,あと3日,https://detail.chiebukuro.yahoo.co.jp/qa/question_detail/q13324921913,半導体の製造装着の後工程に特化しているヤマハ発動機の株価って、現在1200円くらいですが、今後2年保有で5バガーくらい行きますかね？,0,0
1110,2026/2/2 6:18,恋愛相談,レモンスカッシュ,10時間41分,5,36,7.2,0,0,0.056,13.89,0.0,0.45,あと3日,https://detail.chiebukuro.yahoo.co.jp/qa/question_detail/q12324921912,無理して自分を偽るのが一番、疲れますよね。 ありのままの自分でいられる関係が理想ですが、皆さまは恋で『自分を出しすぎたかな？』と後悔したことはありますか？,0,0
1111,2026/2/2 6:18,懸賞、くじ,1153093692,10時間41分,0,8,8.0,0,0,0.012,0.0,0.0,0.01,あと3日,https://detail.chiebukuro.yahoo.co.jp/qa/question_detail/q11324921911,至急ご回答して頂きたいです。 先程anisuiさんにてグッズを色々買いました。(くじ、ランダム商品等) 10個買ったのですが全部発送可能日？出荷日がバラバラです。 10回分送料払わないといけないのでし...,0,0
1112,2026/2/2 6:17,住宅,bf21451aa,10時間42分,0,6,6.0,0,0,0.009,0.0,0.0,0.01,あと3日,https://detail.chiebukuro.yahoo.co.jp/qa/question_detail/q10324921910,壁に穴が空いたんですけど、 ガムテープで貼っとけば大丈夫ですか？ 説明不足ですみません。,0,0
1113,2026/2/2 6:17,料理、食材,非公開,10時間42分,8,25,3.1,0,0,0.039,32.0,0.0,0.66,あと3日,https://detail.chiebukuro.yahoo.co.jp/qa/question_detail/q13324921908,カルビとタンはどちらが好きですか？,0,0
1114,2026/2/2 6:17,バイク,sfh********,10時間42分,6,54,9.0,0,5,0.084,11.11,0.01,0.78,あと3日,https://detail.chiebukuro.yahoo.co.jp/qa/question_detail/q11324921906,バイク パニア 塗装 DIY バイクのパニアケースを塗装しようと思っています。 パニアはSHADのSH44.SH23でどちらも無塗装ブラックというものです。 手順としては 1シリコンリムーバーで脱脂 ...,0,0
1115,2026/2/2 6:17,YouTube,うい,10時間42分,0,14,14.0,0,0,0.022,0.0,0.0,0.02,あと3日,https://detail.chiebukuro.yahoo.co.jp/qa/question_detail/q10324921905,"YouTube見てたら広告の5秒前くらいに音が一瞬途切れたり、繰り返したりします。 例えば、「こんな感じ です」,「こんな感じんじです」みたいな。 アプリの不具合でしょうか？それとも私のスマホが壊れち...",0,0
1116,2026/2/2 6:16,住宅,c95174b44,10時間43分,1,9,9.0,0,0,0.014,11.11,0.0,0.09,あと3日,https://detail.chiebukuro.yahoo.co.jp/qa/question_detail/q13324921903,至急 帝燃産業ガスを使ってるんですけど、料金未納で2週間ぐらいガスが止まっています 本日支払いに行くのですが、支払い後ガス会社に連絡しないといけないのでしょうか？ それとも勝手に開栓されるのでしょうか...,0,0
1117,2026/2/2 6:16,政治、社会問題,11324535I5,10時間43分,5,62,12.4,0,0,0.096,8.06,0.01,0.48,あと3日,https://detail.chiebukuro.yahoo.co.jp/qa/question_detail/q11324921901,野田佳彦さんは高市早苗さんの旧統一教会の件の説明責任を求めているけど 自分のはなぜ説明しないのですか？,0,0
1118,2026/2/2 6:16,飛行機、空港,非公開,10時間43分,2,68,34.0,0,7,0.106,2.94,0.04,0.59,あと3日,https://detail.chiebukuro.yahoo.co.jp/qa/question_detail/q10324921900,都道府県の主要空港の中で、なぜ鹿児島空港だけ酷いのですか？ 鹿児島市から40キロも遠隔地の農村にある。 鹿児島市中心部から一般道路で所要時間は約2時間。 空港アクセス鉄道無し。 駐車場は、平置き、雨ざ...,0,0
1119,2026/2/2 6:15,サッカー,ech********,10時間44分,0,38,38.0,0,0,0.059,0.0,0.0,0.06,あと3日,https://detail.chiebukuro.yahoo.co.jp/qa/question_detail/q12324921897,税リーグ君問題 最近､アンチＪリーグのネット民があれこれ「税リーグ」とレッテル張りして、ネット炎上させていますが、まずネット民は遠くから見てあれこれ言っても現地住民の声を聞かなければただので「ネット炎...,0,0
1120,2026/2/2 6:15,政治、社会問題,Radiguet（ラディゲ）,10時間44分,2,25,12.5,0,2,0.039,8.0,0.0,0.29,あと3日,https://detail.chiebukuro.yahoo.co.jp/qa/question_detail/q11324921896,「20世紀最大の環境破壊」と言われるアラル海の消滅は、ソ連の計画経済の必然だったのでしょうか？ かつて世界第4位の面積を誇ったアラル海が、ソ連の「自然改造計画」による無理な綿花栽培の灌漑によって、ほと...,0,0
1121,2026/2/2 6:15,社会保険,やす,10時間45分,3,37,12.3,0,1,0.057,8.11,0.01,0.34,あと3日,https://detail.chiebukuro.yahoo.co.jp/qa/question_detail/q14324921894,親を扶養に入れた際の件について教えてください 私は50代普通のサラリーマン(妻・息子を扶養)しており、 親は父・母がいて(扶養には入れていません) 80代で年金暮らしです。 同居していますが生計は別々...,0,0
1122,2026/2/2 6:15,不妊,ce41984a2,10時間45分,0,13,13.0,0,0,0.02,0.0,0.0,0.02,あと3日,https://detail.chiebukuro.yahoo.co.jp/qa/question_detail/q13324921893,体外受精 凍結胚移植フライング検査について 本日BT7の朝にiHerbで購入したeasy homeを使ってフライング検査をしました。 真っ白陰性でした。 BT7で陰性はもう望み薄と感じています。 逆転...,0,0
1123,2026/2/2 6:15,小学校,lov********,10時間45分,3,62,20.7,0,3,0.096,4.84,0.02,0.47,あと3日,https://detail.chiebukuro.yahoo.co.jp/qa/question_detail/q12324921892,子供会のビンゴの景品について質問です。 小1から小6までを対象とした場合、今どきはどんなものが喜ばれますか？ 図書カードやQUOカードは訳あって入れずに、モノだけで、1人あたり500〜700円です。 ...,0,0
1124,2026/2/2 6:15,心理学,自由研究(・∀・),10時間45分,5,112,22.4,5,0,0.174,4.46,0.04,1.33,あと3日,https://detail.chiebukuro.yahoo.co.jp/qa/question_detail/q11324921891,(・∀・) . 世の中には「IQテスト」と称したものがいくつも出回ってますが、厳格なものもあればエンタメ的なものもあると思います。 さてそこで質問。 . エンタメ的なものって「誰の」ためにあるんですか...,0,0
1125,2026/2/2 6:15,恋愛相談、人間関係の悩み,a9268757f,10時間45分,2,35,17.5,0,1,0.054,5.71,0.01,0.26,あと3日,https://detail.chiebukuro.yahoo.co.jp/qa/question_detail/q10324921890,今年2月末に20歳を迎える、交際1年半の彼女に誕生日プレゼントをあげるのですが、かなり悩んでいます。 予算は大体10〜15万円までで考えています。 何か良いプレゼントの意見はないですか？？？,0,0
1126,2026/2/2 6:15,マインクラフト,1152591891,10時間45分,0,14,14.0,0,0,0.022,0.0,0.0,0.02,あと3日,https://detail.chiebukuro.yahoo.co.jp/qa/question_detail/q14324921889,pc版マイクラの統合版でこの画面を出さないようにする設定ってありますか？もしなかった場合対処法を教えていただけるとありがたいです！,0,0
1128,2026/2/2 6:14,交通事故,xvt********,10時間46分,3,27,9.0,0,0,0.042,11.11,0.0,0.27,あと3日,https://detail.chiebukuro.yahoo.co.jp/qa/question_detail/q10324921885,社用車自損事故、日にち虚偽について 1週間前、社用車の運転中、後進時に後部を電柱に接触してしまいました。 その場で確認し、へこみがありましたが、そのまま出発、何とか治らないかと思案しましたが、結局2日...,0,0
1129,2026/2/2 6:14,政治、社会問題,Radiguet（ラディゲ）,10時間46分,0,3,3.0,0,0,0.005,0.0,0.0,0.0,あと3日,https://detail.chiebukuro.yahoo.co.jp/qa/question_detail/q14324921884,囚人として研究させられる「シャラーシカ（監獄研究所）」は、ソ連の科学発展に寄与したと言えるのでしょうか？ スターリン時代、大粛清で逮捕された科学者や技術者を刑務所の中に集め、そこで研究を続けさせた「シ...,0,0
1130,2026/2/2 6:14,外国映画,ツインレイ,10時間46分,2,20,10.0,0,1,0.031,10.0,0.0,0.23,不明,https://detail.chiebukuro.yahoo.co.jp/qa/question_detail/q14324921879,マトリックスは好き❓映画,0,0
1131,2026/2/2 6:14,政治、社会問題,Radiguet（ラディゲ）,10時間46分,0,4,4.0,0,0,0.006,0.0,0.0,0.01,あと3日,https://detail.chiebukuro.yahoo.co.jp/qa/question_detail/q13324921878,ソ連時代、レントゲン写真に溝を掘った「肋骨レコード」でジャズを聞いていたというのは本当ですか？ ソ連の検閲体制について調べていて、非常に興味深い話を見つけました。当時、西側のジャズやロックは「退廃的」...,0,0
1132,2026/2/2 6:14,料理、食材,kaw********,10時間46分,1,13,13.0,0,0,0.02,7.69,0.0,0.1,あと3日,https://detail.chiebukuro.yahoo.co.jp/qa/question_detail/q12324921877,先進国で牛蒡を食すのが日本だけなのは何故ですか？,0,0
1133,2026/2/2 6:13,恋愛相談、人間関係の悩み,1251906461,10時間47分,1,11,11.0,0,0,0.017,9.09,0.0,0.09,あと3日,https://detail.chiebukuro.yahoo.co.jp/qa/question_detail/q10324921875,境界知能ですが世の中で広まっているポジティブな話が全て綺麗事にしか感じられません。 ただ、自分は境界知能なのでよくわかりませんが、境界知能の人生のロールモデルからするとあれらの話は全て無関係な事実であ...,0,0
1134,2026/2/2 6:13,友人関係の悩み,ce240cdad,10時間47分,3,40,13.3,0,1,0.062,7.5,0.01,0.34,あと3日,https://detail.chiebukuro.yahoo.co.jp/qa/question_detail/q14324921874,友達への依存をやめたいです。アドバイスください。 友達とはお互い上京してきた身なのですが、私は短大、友達は四年制大学と学校は違います。お互い都内なので会える範囲ではありますが、最近前より避けられている...,0,0
1135,2026/2/2 6:13,職場の悩み,a4f58b119,10時間47分,1,7,7.0,0,1,0.011,14.29,0.0,0.13,あと3日,https://detail.chiebukuro.yahoo.co.jp/qa/question_detail/q13324921873,大々至急 特養の介護職員がいつもはジャージを穿いた状態で仕事をやるのに関わらずにたまたまこのようなズボンを穿いた状態で移乗介護をやるとしたら他の人からはなんて言われる可能性がありますか,0,0
1136,2026/2/2 6:13,政治、社会問題,1053048010,10時間48分,0,11,11.0,0,0,0.017,0.0,0.0,0.02,あと3日,https://detail.chiebukuro.yahoo.co.jp/qa/question_detail/q12324921872,日本の様な世界トップレベルの報道統制がされてる国で選挙しても金の無駄ナンじゃないですか？マスコミが誘導してるだけなのに選挙するのはナンでですか？,0,0
1137,2026/2/2 6:13,K-POP、アジア,1252055885,10時間48分,2,34,17.0,0,0,0.052,5.88,0.01,0.21,あと3日,https://detail.chiebukuro.yahoo.co.jp/qa/question_detail/q11324921871,SMtown福岡の開始前、音源で流れてた曲わかる方いませんか？曲調は男女の合唱のような感じだったと思います。その時の画面が青かったような記憶です。,0,0
1138,2026/2/2 6:13,学校の悩み,12345678910,10時間48分,2,28,14.0,0,0,0.043,7.14,0.01,0.2,あと3日,https://detail.chiebukuro.yahoo.co.jp/qa/question_detail/q14324921869,春から高校生なのですが、入学予定の高校は校則でアルバイトは申請制です。 タイミーなどを使用する際も1回ずつ申請するべきなのでしょうか？,0,0
1139,2026/2/2 6:13,おでかけグルメ,nat********,10時間48分,0,9,9.0,0,0,0.014,0.0,0.0,0.01,あと3日,https://detail.chiebukuro.yahoo.co.jp/qa/question_detail/q13324921868,静岡駅周辺の食事とお酒が楽しめる場所を探しています。 金曜日の夜早くそちらに到着します。 観光では無く、地元の方がよく行くお値打ちの店が知りたいです。 一人ですが入りやすいお店かベストです。 少しは静...,0,0
1140,2026/2/2 6:12,職場の悩み,ID未公開,10時間49分,7,84,12.0,1,3,0.129,8.33,0.02,0.96,あと3日,https://detail.chiebukuro.yahoo.co.jp/qa/question_detail/q12324921867,ゴミ処理場で働いてたという同僚から聞いた話なのですが、燃えるごみプラゴミを分別しても結局最後は燃やしてるらしいです。これって本当です？,0,0
1141,2026/2/2 6:12,声優,lD非公開,10時間49分,0,12,12.0,0,0,0.018,0.0,0.0,0.02,あと3日,https://detail.chiebukuro.yahoo.co.jp/qa/question_detail/q11324921866,松田利冴さんと松田颯水さんという双子声優がいますが、松田颯水さんと「わんだふるぷりきゅあ」で共演があったような声優さん(長縄まりあさんなど)なら松田利冴さんと松田颯水さんの区別は付くと思いますか？ ㅤ...,0,0
1142,2026/2/2 6:12,病気、症状,1252651613,10時間49分,2,21,10.5,0,0,0.032,9.52,0.0,0.19,あと3日,https://detail.chiebukuro.yahoo.co.jp/qa/question_detail/q10324921865,右胸らへんが痛くて少し息苦しいのですがこれはなんですか？,0,0
1143,2026/2/2 6:12,家族関係の悩み,1149987958,10時間49分,2,91,45.5,0,1,0.14,2.2,0.06,0.34,あと3日,https://detail.chiebukuro.yahoo.co.jp/qa/question_detail/q14324921864,相談させてください。 21歳、34歳の旦那と今月で1歳になる息子がいます。 旦那とはコンカフェで出会い、客とキャストの関係から恋人になり19で出会い20でデキ婚しました。 結婚してからもコンカフェに行...,0,0
1144,2026/2/2 6:12,写真、ビデオ,a4f58b119,10時間49分,1,13,13.0,0,0,0.02,7.69,0.0,0.1,あと3日,https://detail.chiebukuro.yahoo.co.jp/qa/question_detail/q13324921863,みなさまは、この写真は何の合成に見えると思いますか,0,0
1145,2026/2/2 6:12,車検、メンテナンス,1151584911,10時間49分,5,103,20.6,0,0,0.159,4.85,0.03,0.54,不明,https://detail.chiebukuro.yahoo.co.jp/qa/question_detail/q12324921862,至急 86(前期)の冷却水を除くと空っぽに 見えて応急処置でリザーバータンクに 水を1Lほど入れてしまいました 青のクーラントを買ってきたのですが ・水は抜かないとダメでしょうか。 (そのままクーラン...,0,0
1146,2026/2/2 6:11,政治、社会問題,Radiguet（ラディゲ）,10時間50分,0,5,5.0,0,0,0.008,0.0,0.0,0.01,あと3日,https://detail.chiebukuro.yahoo.co.jp/qa/question_detail/q11324921861,1991年の「8月クーデター」がもし成功していたら、ソ連は延命できていたのでしょうか？ ソ連崩壊の直前、保守派がゴルバチョフを監禁して起こした「8月クーデター」について質問です。結局、エリツィンの抵抗...,0,0
1147,2026/2/2 6:11,アニメ,lD非公開,10時間50分,1,23,23.0,0,0,0.035,4.35,0.01,0.11,あと3日,https://detail.chiebukuro.yahoo.co.jp/qa/question_detail/q10324921860,ドラえもんの話を探しています。 ㅤㅤㅤㅤㅤㅤㅤㅤㅤㅤㅤㅤㅤ のび太が「月に行ったことある人は居るけど、太陽に行ったことある人は居ないよ」みたいなことを言って、どこでもドアで太陽に行こうとしたが、ドラえ...,0,0
1148,2026/2/2 6:11,サッカー,たまやん,10時間50分,0,13,13.0,0,0,0.02,0.0,0.0,0.02,あと3日,https://detail.chiebukuro.yahoo.co.jp/qa/question_detail/q14324921859,小学生のサッカーとフットサルについて質問です。 今、自分のチームの他にサッカースクールとフットサルスクールに小学3年の息子が通っています。 中学受験をするため3月にスクールを1つ辞めて更に1年後にはも...,0,0
1149,2026/2/2 6:11,バイク,roh********,10時間50分,2,17,8.5,0,0,0.026,11.76,0.0,0.18,不明,https://detail.chiebukuro.yahoo.co.jp/qa/question_detail/q13324921858,CBR250R MC17 のイグナイターは車体のどの辺りについてるか、わかる方いますか？,0,0
1150,2026/2/2 6:11,転職,非公開,10時間51分,7,135,19.3,0,5,0.207,5.19,0.04,0.97,あと3日,https://detail.chiebukuro.yahoo.co.jp/qa/question_detail/q12324921857,29歳男性、ポケモンBDSPのために退職して以来正社員になることが出来ず、現在は転職活動中なのですが50社以上落ちてしまって辛いです。 2021年にポケモンBDSPの為に退職してからキャリアが狂い転職...,0,0
1151,2026/2/2 6:11,iPhone,b7ef7c3dc,10時間51分,1,16,16.0,0,0,0.025,6.25,0.0,0.1,あと3日,https://detail.chiebukuro.yahoo.co.jp/qa/question_detail/q11324921856,先程iTunes Storeで曲を購入したのですが、PayPay残高から引かれていません。PayPayの取引履歴にもありません。 Appleの支払い方法はPayPayしか登録していないので、どこで支払...,0,0
1152,2026/2/2 6:11,ヒト,ckv********,10時間51分,5,40,8.0,0,0,0.061,12.5,0.0,0.44,あと3日,https://detail.chiebukuro.yahoo.co.jp/qa/question_detail/q10324921855,動脈が「血液が心臓から出発する管」である一方、動脈血は「酸素が多い血」と互いの名前の定義が違う理由はなんでしょうか？昔、医学用語の翻訳を勘違いしたためとかでしょうか？,0,0
1153,2026/2/2 6:10,恋愛相談、人間関係の悩み,1150947325,10時間52分,3,55,18.3,0,2,0.084,5.45,0.02,0.41,あと3日,https://detail.chiebukuro.yahoo.co.jp/qa/question_detail/q11324921851,彼氏の家に行ったことが無いのはおかしいですか？ 長文です。 私には付き合って3年半の彼氏がいます。 彼は30代で私は20代です。(6つ離れている) 今まで彼の家の前までは、車で行ったり(忘れ物とか荷物...,0,0
1154,2026/2/2 6:10,職場の悩み,非公開,10時間52分,1,16,16.0,0,0,0.025,6.25,0.0,0.1,あと3日,https://detail.chiebukuro.yahoo.co.jp/qa/question_detail/q12324921852,タイミング悪く風邪をひいて悔しい 先日から風邪を引いているのですが、職場が人手不足で仕事を休めません。 去年同僚はインフルエンザと風邪で、合計10日間は休んでいました。しかし、今年に入ってから休職者が...,0,0
1155,2026/2/2 6:10,法律相談,a16933a3b,10時間52分,1,16,16.0,0,1,0.025,6.25,0.0,0.15,あと3日,https://detail.chiebukuro.yahoo.co.jp/qa/question_detail/q10324921850,【Webから画像保存】死後70年経過の著名人の画像の著作権・肖像権・パブリシティ権をクリアするには？ Webから引っ張ってきた画像を個人使用で少々加工を施しステッカーを作りたいと考えています。死後70...,0,0
1156,2026/2/2 6:10,日本史,kaw********,10時間52分,3,36,12.0,0,0,0.055,8.33,0.01,0.28,あと3日,https://detail.chiebukuro.yahoo.co.jp/qa/question_detail/q11324921846,日本で焼肉が定着したのは戦後ですか？,0,0
1157,2026/2/2 6:10,国内,非公開,10時間52分,2,33,16.5,0,0,0.051,6.06,0.01,0.2,あと3日,https://detail.chiebukuro.yahoo.co.jp/qa/question_detail/q10324921845,鹿児島市で「全国平均以上」は、さつま芋の生産量だけですか？ 鹿児島市は殆どのカテゴリーで全国平均以下のようです。,0,0
1158,2026/2/2 6:10,恋愛相談、人間関係の悩み,a8a36eb3a,10時間52分,1,6,6.0,0,0,0.009,16.67,0.0,0.09,あと3日,https://detail.chiebukuro.yahoo.co.jp/qa/question_detail/q14324921844,高校三年です 彼女に帽子をプレゼントしたいと思っています おすすめの帽子を教えてほしいです,0,0
1159,2026/2/2 6:10,日本語,ba5e0eff7,10時間52分,5,56,11.2,0,1,0.086,8.93,0.01,0.51,あと3日,https://detail.chiebukuro.yahoo.co.jp/qa/question_detail/q13324921843,語彙力を高めたいのですが、小説を読んでいても語彙が増えている様子はありません。 なので試験を受けて高めたいと思うのですが、漢検と日本語検定、どっちの方が語彙力が高まりますか？ また、試験以外にも語彙力...,0,0
1160,2026/2/2 6:09,恋愛相談、人間関係の悩み,1251906461,10時間53分,0,3,3.0,0,0,0.005,0.0,0.0,0.0,あと3日,https://detail.chiebukuro.yahoo.co.jp/qa/question_detail/q10324921840,体力の弱い境界知能でも必要としてくれるような場所は社会に存在しますか？,0,0
1161,2026/2/2 6:09,ゲーム,millionpop,10時間53分,4,26,6.5,0,0,0.04,15.38,0.0,0.35,あと3日,https://detail.chiebukuro.yahoo.co.jp/qa/question_detail/q14324921839,ウマ娘の因子厳選について2つ質問があります。 ①青因子の厳選では育成で足りないステータスを優先し、その後はスピード優先と小耳に挟んだのですが、育成でステータスが足りている場合はスピードを星9まで厳選す...,0,0
1162,2026/2/2 6:09,女性アイドル,ものみんた,10時間53分,0,0,0.0,0,0,0.0,0.0,0.0,0.0,あと3日,https://detail.chiebukuro.yahoo.co.jp/qa/question_detail/q13324921838,昨年12月5日に現体制終了したベンジャス！のメンバー、日高里緒ちゃんがまねきケチャに加入(移籍)しましたが、この例のように、 ・現体制終了が決定していて、事務所の先輩グループのメンバーに現体制終了前に...,0,0
1163,2026/2/2 6:09,ゲーム,もぶA,10時間53分,1,25,25.0,0,0,0.038,4.0,0.01,0.11,あと3日,https://detail.chiebukuro.yahoo.co.jp/qa/question_detail/q12324921837,至急回答お願いします！！ 鳴潮で今来ているペルソナソニックのイベントですが、自分の時間の関係上参加できなさそうです。BGMだけは入手したいのですが、やはりイベントに参加しないと入手は不可能でしょうか。...,0,0
1164,2026/2/2 6:08,政治、社会問題,Radiguet（ラディゲ）,10時間54分,0,8,8.0,0,0,0.012,0.0,0.0,0.01,あと3日,https://detail.chiebukuro.yahoo.co.jp/qa/question_detail/q10324921835,ソ連の地図に載っていない「秘密都市」での生活は、一般市民と比べてどれほど異質だったのでしょうか？ ソ連時代、核開発や宇宙開発のために作られた「アルザマス16」のような閉鎖都市（地図に載らない街）が存在...,0,0
1165,2026/2/2 6:08,女性アイドル,ものみんた,10時間55分,0,1,1.0,0,0,0.002,0.0,0.0,0.0,あと3日,https://detail.chiebukuro.yahoo.co.jp/qa/question_detail/q13324921833,某アイドルグループには特定のメンバーの鍵あけ狙いの鍵あけ厨がいます そのヲタクは(以下例としてまねきケチャを出しますが、この某グループはまねきケチャではありません)、神崎ひなの生誕祭なのに、(三井いろ...,0,0
1166,2026/2/2 6:08,建築,Tacca,10時間55分,0,8,8.0,0,0,0.012,0.0,0.0,0.01,あと3日,https://detail.chiebukuro.yahoo.co.jp/qa/question_detail/q12324921832,VectorMapMaker（以降VMM）について質問です。 現在、大学で建築を学んでいるのですが、設計課題において対象敷地をcadに落とし込みたく、いろいろなサイトを見てVMMの使い方を見たのですが...,0,0
1167,2026/2/2 6:08,海外,nih********,10時間55分,2,10,5.0,0,0,0.015,20.0,0.0,0.17,あと3日,https://detail.chiebukuro.yahoo.co.jp/qa/question_detail/q11324921831,身長が伸びたことが少子化の原因ですか★上位十カ国に絞ると5カ国が男性168センチ 順位 国名 出生率 １位 ニジェール 6.64（170、人口増加率3.3% ２位 アンゴラ 5.7（★168、/3.1...,0,0
1168,2026/2/2 6:08,大学受験,b8dbb03c9,10時間55分,1,15,15.0,0,0,0.023,6.67,0.0,0.1,あと3日,https://detail.chiebukuro.yahoo.co.jp/qa/question_detail/q10324921830,私が受ける私立大学の試験内容が 学科試験200点+小論文(段階評価)なのですが 小論文は重要視されますかね？対策した方がいいですか？,0,0
1169,2026/2/2 6:08,友人関係の悩み,dhp,10時間55分,1,31,31.0,0,0,0.047,3.23,0.01,0.12,あと3日,https://detail.chiebukuro.yahoo.co.jp/qa/question_detail/q13324921828,僕の同級生に自称国立大志望(偏差値45ぐらい)でめちゃくちゃプライドが高いやつがいるのですが、そいつがことあるごとに嫌味を言ってくるのですが、 僕の返しが下手くそ過ぎてそいつがさらに調子に乗ってもうい...,0,0
1170,2026/2/2 6:07,政治、社会問題,Radiguet（ラディゲ）,10時間56分,0,9,9.0,0,0,0.014,0.0,0.0,0.01,あと3日,https://detail.chiebukuro.yahoo.co.jp/qa/question_detail/q12324921827,スターリンの死の直前、ソ連全体を襲った「医師団陰謀事件」の恐怖とはどのようなものだったのでしょうか？ スターリンが亡くなる直前、自身の主治医たちを「指導者の暗殺を企てた」として次々に逮捕した「医師団陰...,0,0
1171,2026/2/2 6:07,職場の悩み,1149731960,10時間56分,2,23,11.5,0,1,0.035,8.7,0.0,0.23,あと3日,https://detail.chiebukuro.yahoo.co.jp/qa/question_detail/q11324921826,就活をしながら、ホテルスタッフのインターンをしている20代女子です。 仕事で毎日ストッキングとタイツにパンプスを履いています。 最近は寒くなってきて靴の中が汗で蒸れるようになり、足がとても臭くなってし...,0,0
1172,2026/2/2 6:07,恋愛相談、人間関係の悩み,bc3bd20ec,10時間56分,10,79,7.9,0,2,0.12,12.66,0.01,0.97,あと3日,https://detail.chiebukuro.yahoo.co.jp/qa/question_detail/q14324921824,なぜ女性はナンパしないのでしょうか？,0,0
1173,2026/2/2 6:07,プロ野球,非公開,10時間56分,1,30,30.0,0,0,0.046,3.33,0.01,0.12,あと3日,https://detail.chiebukuro.yahoo.co.jp/qa/question_detail/q10324921825,九州のプロ野球キャンプ地ですが、以前は宮崎県と鹿児島県がありましたが、近年は宮崎県オンリーになりました。 プロ野球界でも鹿児島県は不人気ですか？ また全てにおいて宮崎県は鹿児島県よりも上位になりました...,0,0
1174,2026/2/2 6:07,周辺機器,ren********,10時間56分,4,34,8.5,0,1,0.052,11.76,0.0,0.4,あと3日,https://detail.chiebukuro.yahoo.co.jp/qa/question_detail/q13324921823,つなが～るというPC周辺機器が出てきました。 これは今でも使えるものですか？ 購入し一度も使わず10年以上しまてありました。,0,0
1175,2026/2/2 6:07,Yahoo!知恵袋,ものみんた,10時間56分,1,12,12.0,0,0,0.018,8.33,0.0,0.09,あと3日,https://detail.chiebukuro.yahoo.co.jp/qa/question_detail/q12324921822,Yahoo知恵袋のカテマスは月曜日に更新されますが、更新データの集計は前週の月曜日〜日曜日までのデータを用いているのですか？,0,0
1176,2026/2/2 6:07,音楽,Ai,10時間56分,0,13,13.0,0,0,0.02,0.0,0.0,0.02,あと3日,https://detail.chiebukuro.yahoo.co.jp/qa/question_detail/q11324921821,至急お願いします！ 私「you are my curse」とか「LibraHeart」とか「sweetly」とか悲しい気持ちになるけど何回も聴きたくなるみたいな曲好きなんですけどほかにこんな感じの曲な...,0,0
1177,2026/2/2 6:07,恋愛相談、人間関係の悩み,bc3bd20ec,10時間56分,1,13,13.0,0,0,0.02,7.69,0.0,0.1,あと3日,https://detail.chiebukuro.yahoo.co.jp/qa/question_detail/q10324921820,なぜ女性はへずまりゅうみたいにいじめ問題に 立ち向かう女性はいないのですか？,0,0
1178,2026/2/2 6:06,政治、社会問題,Radiguet（ラディゲ）,10時間57分,0,4,4.0,0,0,0.006,0.0,0.0,0.01,あと3日,https://detail.chiebukuro.yahoo.co.jp/qa/question_detail/q14324921819,ニクソン大統領が言う「名誉ある撤退」とは、事実上の敗北を認めるということですか？ 最近、パリでの和平交渉が進んでいるというニュースを見ましたが、一方で北ベトナムへの大規模な爆撃（ラインバッカー作戦）も...,0,0
1179,2026/2/2 6:06,菓子、スイーツ,とん,10時間58分,0,2,2.0,0,0,0.003,0.0,0.0,0.0,あと3日,https://detail.chiebukuro.yahoo.co.jp/qa/question_detail/q12324921817,TikTokerのBayashiさんが食べていたスナック菓子の作り方を紹介している動画があったと思うのですが、見つけられません。どなたかご存知ですか？」,0,0
1180,2026/2/2 6:06,コミック,ooi********,10時間58分,2,43,21.5,0,4,0.065,4.65,0.01,0.4,あと3日,https://detail.chiebukuro.yahoo.co.jp/qa/question_detail/q11324921816,ジャンプ以外で売れてる漫画描いてる漫画家は ジャンプに持ちこんだけど、ダメだった人が多いと思う方いらっしゃいますか？ （思わない人の回答はいらないです）,0,0
1181,2026/2/2 6:06,日本史,kaw********,10時間58分,1,13,13.0,0,0,0.02,7.69,0.0,0.1,あと3日,https://detail.chiebukuro.yahoo.co.jp/qa/question_detail/q10324921815,清少納言は生没年が不明で謎の多い人物ですか？,0,0
1182,2026/2/2 6:06,ホームページ作成,a16933a3b,10時間58分,2,32,16.0,0,1,0.049,6.25,0.01,0.25,あと3日,https://detail.chiebukuro.yahoo.co.jp/qa/question_detail/q14324921814,画像貼り付けのデザインと最小限のHTMLでSEO対策？ コストを省く目的で画像貼り付けデザインのLPで SEO対策を図りたいのですが最小限の情報をHTMLで書き込めば可能ですか？,0,0
1183,2026/2/2 6:05,家族関係の悩み,限界JK,10時間59分,6,92,15.3,0,12,0.14,6.52,0.02,1.14,あと3日,https://detail.chiebukuro.yahoo.co.jp/qa/question_detail/q13324921813,女子高校生です 私の家は父親がおらず、母親のみのシングルマザーなのですが、今になっても親から体を触られます 体というのは、おしりだったり胸だったりがほぼ毎日に近く、頻繁では無いですが、陰部に近い所を触...,0,0
1184,2026/2/2 6:05,恋愛相談、人間関係の悩み,iaj********,10時間59分,2,25,12.5,0,0,0.038,8.0,0.0,0.19,あと3日,https://detail.chiebukuro.yahoo.co.jp/qa/question_detail/q12324921812,色々事情があり地元から家を出て他県で彼女と彼女の名義の家に住むことになったのですが、免許証の住所を変更せずに仕事を始める際住所は地元だけど住んでる場所は違う場合でも仕事を始めることは可能でしょうか？？,0,0
1185,2026/2/2 6:05,マインクラフト,ノーチラス29,10時間59分,0,10,10.0,0,0,0.015,0.0,0.0,0.02,あと3日,https://detail.chiebukuro.yahoo.co.jp/qa/question_detail/q10324921810,【MinecraftBE:バイブラントビジュアルズ】 バイブラントビジュアルズが、設定からオンにすることができません。 プレイ中に変更しようとしている訳でもなく、スペックが足りない訳でもありません 「...,0,0
1186,2026/2/2 6:05,情報番組、ワイドショー,大塚兄,10時間59分,0,44,44.0,1,0,0.067,0.0,0.0,0.22,あと3日,https://detail.chiebukuro.yahoo.co.jp/qa/question_detail/q13324921808,2月2日〜6日のZIP!神ワザチャレンジの応募キーワードを教えて下さい。,0,0
1187,2026/2/2 6:05,アニメ,1150446559,10時間59分,1,4,4.0,0,0,0.006,25.0,0.0,0.08,あと3日,https://detail.chiebukuro.yahoo.co.jp/qa/question_detail/q12324921807,NHKのプチプチ・アニメのキャラクターのニャッキ、パルタ、ジャム、カペリートをおじゃる丸で例えたら誰ですか？,0,0
1188,2026/2/2 6:05,超常現象、オカルト,1149727462,10時間59分,4,46,11.5,0,5,0.07,8.7,0.01,0.6,あと3日,https://detail.chiebukuro.yahoo.co.jp/qa/question_detail/q11324921806,波動が高い方(直感力に優れていて、なんでもすぐ直感で良い選択を出来る方)に質問ですが、 どうしたら波動を高められますか？ 一度大きなチャンスを逃すと波動が落ちませんか？,0,0
1189,2026/2/2 6:05,病気、症状,oew********,10時間59分,2,5,2.5,0,0,0.008,40.0,0.0,0.16,あと3日,https://detail.chiebukuro.yahoo.co.jp/qa/question_detail/q10324921805,たまに痛いぐらい辛いものを食べたくなる時があるのですが、病んでるのでしょうか？,0,0
1190,2026/2/2 6:05,交通、運転マナー,匿名,10時間59分,6,32,5.3,0,0,0.048,18.75,0.0,0.5,あと3日,https://detail.chiebukuro.yahoo.co.jp/qa/question_detail/q14324921804,運転が下手慌てる不注意この3つがあると事故が起こりやすい？,0,0
1191,2026/2/2 6:04,職業,1152716763,11時間0分,2,54,27.0,0,0,0.082,3.7,0.02,0.23,あと3日,https://detail.chiebukuro.yahoo.co.jp/qa/question_detail/q13324921803,マシニングセンターでの加工でご教授下さい 工具条件をカタログ数値より✕0.8くらいの数値で回転数を設定しているのですが、上司に周速は求めるなって注意されます そんなものなんですかね? じゃぁカタログ数...,0,0
1192,2026/2/2 6:04,政治、社会問題,1053048010,11時間1分,1,25,25.0,0,5,0.038,4.0,0.01,0.34,あと3日,https://detail.chiebukuro.yahoo.co.jp/qa/question_detail/q11324921801,れいわ新選組がアメリカに対して批判的なスローガンを言っていますが、具体的な公約はナンですか？,0,0
1193,2026/2/2 6:04,高校受験,匿名,11時間1分,6,90,15.0,0,10,0.136,6.67,0.02,1.04,あと3日,https://detail.chiebukuro.yahoo.co.jp/qa/question_detail/q14324921799,高校受験生。これはうつですか？ 頭痛が3週間とまらない。 衝動的に物を投げる。部屋をぐちゃぐちゃにする。 学校に週1以上のペースで遅刻する。 塾へは週1回と毎週日曜にある模試しかいかない。 勉強が身に...,0,0
1194,2026/2/2 6:04,YouTube,1150283408,11時間1分,0,16,16.0,0,0,0.024,0.0,0.0,0.02,あと3日,https://detail.chiebukuro.yahoo.co.jp/qa/question_detail/q13324921798,数年前YouTubeで見たのですが思い出せません 韓国人の女性がキムチを作ってたのですが自分で畑から大根(小さな)を収穫して大量に作っていました。雰囲気でいうとジブリのような雰囲気で作り方というより日...,0,0
1195,2026/2/2 6:04,飲食店,倫敦夜,11時間1分,2,23,11.5,0,3,0.035,8.7,0.0,0.32,あと3日,https://detail.chiebukuro.yahoo.co.jp/qa/question_detail/q12324921797,早朝の吉野家のワンオペ 非常に不愉快。 いらっしゃませ！ありがとうございます！お待たせしました！など言わず無言。 水の提供も料理と同タイミング。 レジは平気で待たせる。 いつも行って後悔するね？,0,0
1196,2026/2/2 6:03,職場の悩み,匿名,11時間2分,5,17,3.4,0,3,0.026,29.41,0.0,0.54,あと3日,https://detail.chiebukuro.yahoo.co.jp/qa/question_detail/q10324921795,仕事にやりがいありますか？,0,0
1197,2026/2/2 6:03,観光地、行楽地,nat********,11時間2分,0,10,10.0,0,0,0.015,0.0,0.0,0.02,あと3日,https://detail.chiebukuro.yahoo.co.jp/qa/question_detail/q13324921793,国立西洋美術館について質問です。 今月美術館巡りをします。 朝イチで行きますが、その後周辺でオススメのスポットはありますか？ 一時間程度しかありませんが、アドバイスお願いします。,0,0
1198,2026/2/2 6:03,スマホアプリ,b580b1358,11時間2分,1,17,17.0,0,0,0.026,5.88,0.0,0.1,あと3日,https://detail.chiebukuro.yahoo.co.jp/qa/question_detail/q14324921794,Tiktok liteのギフト画面が開けなくなりました。 「お持ちのデバイスに別のアカウントにて本イベントに参加したため、再度ご参加はできません」と表示されます。 元々2つのアカウント(ポイ活用と投稿...,0,0
1199,2026/2/2 6:03,アニメ,odo********,11時間2分,0,3,3.0,0,0,0.005,0.0,0.0,0.0,あと3日,https://detail.chiebukuro.yahoo.co.jp/qa/question_detail/q12324921792,クレヨンしんちゃんの人気が出たきっかけはなんですか？ 長年地上波放送され続けて毎年映画化されるぐらいの人気が出たきっかけはなんですか？,0,0
1200,2026/2/2 6:03,郵便、宅配,bcd8846dc,11時間2分,5,128,25.6,0,0,0.193,3.91,0.05,0.57,あと3日,https://detail.chiebukuro.yahoo.co.jp/qa/question_detail/q11324921791,長文失礼します。 業務委託で郵便局の宅配ドライバーを最近始めてもうすぐ1か月になりますが、 自分が回るコースの研修がしっかりなかったのと、道がまだ分からなく、個数を配れず、契約では、70個配達完了すれ...,0,0
1201,2026/2/2 6:03,ゲーム,aa74c90a6,11時間2分,1,16,16.0,0,0,0.024,6.25,0.0,0.1,あと3日,https://detail.chiebukuro.yahoo.co.jp/qa/question_detail/q10324921790,第五人格の回線についてです。 最近、午前1時前は普通に遊べていたのに、午前1時を過ぎ対戦するとPingが900↑になりまともに遊べない時があります。 ゲーム内外の回線を測るやつで測定しても、両方共に快...,0,0
1202,2026/2/2 6:02,ヘアケア,1051580995,11時間3分,0,14,14.0,0,0,0.021,0.0,0.0,0.02,あと3日,https://detail.chiebukuro.yahoo.co.jp/qa/question_detail/q13324921788,TEMUを見ていたらこんな価格のdysonのドライヤーがありました。3万が2万なってるのはクーポンが適応されてるからなんですが、プロモーション価格だとしても3万って安すぎませんか？ 偽物ってことですか...,0,0
1203,2026/2/2 6:02,オーディオ,1052282683,11時間3分,2,9,4.5,0,0,0.014,22.22,0.0,0.16,あと3日,https://detail.chiebukuro.yahoo.co.jp/qa/question_detail/q12324921787,毎回イヤホン買っても片耳しか繋がらないんですけど なぜだか分かりますか 調べても分かりません,0,0
1204,2026/2/2 6:02,プロ野球,kaw********,11時間3分,0,7,7.0,0,0,0.011,0.0,0.0,0.01,あと3日,https://detail.chiebukuro.yahoo.co.jp/qa/question_detail/q11324921786,巨人の佐々木は弱肩ですか？,0,0
1205,2026/2/2 6:02,メンズシューズ,lov********,11時間3分,0,36,36.0,0,0,0.054,0.0,0.0,0.05,あと3日,https://detail.chiebukuro.yahoo.co.jp/qa/question_detail/q14324818924,緊急！ この靴わかる方いませんか？ レザーのシボ加工、ステッチ入り メンズのスリッポンです！ ソールはクレープソールを使ってます！！,0,0
1206,2026/2/2 6:02,俳優、女優,ミント,11時間3分,2,24,12.0,0,2,0.036,8.33,0.0,0.28,不明,https://detail.chiebukuro.yahoo.co.jp/qa/question_detail/q14324818789,1999年に中二に現役の女優さんの中で誰がいますか？,0,0
1207,2026/2/2 6:02,オンラインゲーム,1150312420,11時間3分,0,60,60.0,2,0,0.09,0.0,0.0,0.39,あと3日,https://detail.chiebukuro.yahoo.co.jp/qa/question_detail/q14324818714,ロブロックスの津波から脱出してブレーンローをゲットしようについての質問です。 先日アップデートがありフロアの4階が追加されたんですが、できる人とできない人がおり原因がわかりませんやり方等わかる方教えて...,0,0
1208,2026/2/2 6:02,iPhone,mic********,11時間4分,0,7,7.0,0,0,0.011,0.0,0.0,0.01,あと3日,https://detail.chiebukuro.yahoo.co.jp/qa/question_detail/q14324818864,iPhone15用の覗き見防止(横から)+アンチグレアフィルムのオススメがあれば、サイトもしくは店舗(大阪)があれば教えて下さい。 今まで購入したもので割れたりサイズがイマイチでなかなか満足いくものに...,0,0
1209,2026/2/2 6:02,ドラマ,James1950s,11時間4分,0,6,6.0,0,0,0.009,0.0,0.0,0.01,あと3日,https://detail.chiebukuro.yahoo.co.jp/qa/question_detail/q14324818859,人は見た目じゃないと思ってた。 第2話 『邪魔な元カノ。』はどうでしたか？,0,0
1210,2026/2/2 6:02,読書,James1950s,11時間4分,0,9,9.0,0,0,0.014,0.0,0.0,0.01,あと3日,https://detail.chiebukuro.yahoo.co.jp/qa/question_detail/q14324818829,福沢 諭吉 『福沢諭吉教育論集 』この書籍はおすすめでしょうか?,0,0
1211,2026/2/2 6:01,情報番組、ワイドショー,por********,11時間5分,0,9,9.0,0,0,0.014,0.0,0.0,0.01,あと3日,https://detail.chiebukuro.yahoo.co.jp/qa/question_detail/q14324818634,Mr.サンデー藤本アナは何を謝罪してましたか？,0,0
1212,2026/2/2 6:01,スマホアプリ,1150354558,11時間5分,0,10,10.0,0,0,0.015,0.0,0.0,0.02,あと3日,https://detail.chiebukuro.yahoo.co.jp/qa/question_detail/q14324818579,ファンパレについて 今日、0.2秒五条でリセマラしてたら15時になって終わってしまったのですが、 このまま、唯我独尊と学生硝子、狙いでいいですか？ それとも、まだ強いやつ来ますか？,0,0
1213,2026/2/2 6:01,動画、映像,c32fce73e,11時間5分,0,7,7.0,0,0,0.011,0.0,0.0,0.01,あと3日,https://detail.chiebukuro.yahoo.co.jp/qa/question_detail/q14324818679,アルバム内の昔の方の動画、写真の下に 白のびっくりマークが出ます。 大切なものなので復活させたいのですが、 対処法わかる方いらっしゃいますか？,0,0
1214,2026/2/2 6:01,読書,James1950s,11時間5分,0,6,6.0,0,0,0.009,0.0,0.0,0.01,あと3日,https://detail.chiebukuro.yahoo.co.jp/qa/question_detail/q13324818818,川内 有緒 『ロッコク・キッチン』この書籍はおすすめでしょうか?,0,0
1215,2026/2/2 6:01,病気、症状,hrv********,11時間5分,1,50,50.0,0,0,0.075,2.0,0.04,0.15,あと3日,https://detail.chiebukuro.yahoo.co.jp/qa/question_detail/q13324818733,9ヶ月前から五十肩と診断されてヒアルロン酸5回ステロイド注射を３週間おき、と治療して来ましたが夜間痛どころか24時間痛みがあり精神的に滅入っており、 痛み止めに関してはロキソニンが病気のため飲めないの...,0,0
1216,2026/2/2 6:01,ファッション,c5a465464,11時間5分,1,18,18.0,0,0,0.027,5.56,0.0,0.1,あと3日,https://detail.chiebukuro.yahoo.co.jp/qa/question_detail/q13324818808,このヴェトモンは本物でしょうか？,0,0
1217,2026/2/2 6:01,読書,James1950s,11時間5分,0,6,6.0,0,0,0.009,0.0,0.0,0.01,あと3日,https://detail.chiebukuro.yahoo.co.jp/qa/question_detail/q13324818873,池田 信寛 「児童虐待 僕は空っぽ 絶望の向こう」この書籍はおすすめでしょうか?,0,0
1218,2026/2/2 6:01,ゲーム,★ミスト★,11時間5分,0,8,8.0,0,0,0.012,0.0,0.0,0.01,あと3日,https://detail.chiebukuro.yahoo.co.jp/qa/question_detail/q13324818893,テイルズオブジアビスについて イオンがクローズドスコアを読むシーンで、崩落に関する部分を抜粋して読んでましたよね？ 目的はセントビナーの崩落が読まれてるか確認する為だったと思いますが、この時ついでのよ...,0,0
1219,2026/2/2 6:01,K-POP、アジア,非公開,11時間5分,3,109,36.3,1,2,0.164,2.75,0.06,0.63,あと3日,https://detail.chiebukuro.yahoo.co.jp/qa/question_detail/q13324818688,2026年度のK-POPで起こりそうなことを予想してください。,0,0
1220,2026/2/2 6:01,コミック,1251546191,11時間5分,0,18,18.0,0,0,0.027,0.0,0.0,0.03,あと3日,https://detail.chiebukuro.yahoo.co.jp/qa/question_detail/q13324818623,デスノートのLはワイミーズハウスに来た時点で才能が見込まれ個室が与えられていましたがニアにも個室が与えられていた可能性は高いですか？,0,0
1221,2026/2/2 6:01,喫煙マナー,ara********,11時間5分,1,23,23.0,1,1,0.035,4.35,0.01,0.3,あと3日,https://detail.chiebukuro.yahoo.co.jp/qa/question_detail/q13324818678,アメリカと日本で同じ銘柄でも味に違いがあるタバコってありますか？ 逆にアメリカも日本も同じ味のタバコってありますか？,0,0
1222,2026/2/2 6:01,洋楽,非公開,11時間5分,1,9,9.0,0,0,0.014,11.11,0.0,0.09,あと3日,https://detail.chiebukuro.yahoo.co.jp/qa/question_detail/q13324818648,Nine Inch NailsのおすすめなアルバムやEPは？,0,0
1223,2026/2/2 6:01,コンビニ,非公開,11時間5分,0,24,24.0,0,0,0.036,0.0,0.0,0.04,あと3日,https://detail.chiebukuro.yahoo.co.jp/qa/question_detail/q13324818593,ローソンのセルフレジってそれ用の場所以外じゃホットスナック買えませんよね？どこの店舗でもセルフレジでホットスナック買えるんですか？,0,0
1224,2026/2/2 6:01,ゲーム,1051411162,11時間6分,0,4,4.0,0,0,0.006,0.0,0.0,0.01,あと3日,https://detail.chiebukuro.yahoo.co.jp/qa/question_detail/q13324818723,荒野のマーケットでAW買いたいのですが金ダイヤだと18500でプラットフォームからだと2万3千くらいなので後者の方で買いたいと思ってるのですがその場合は精鋭は上がらないですよね？ また前者のやり方で買...,0,0
1225,2026/2/2 6:01,ドラマ,匿名,11時間6分,0,11,11.0,0,0,0.017,0.0,0.0,0.02,あと3日,https://detail.chiebukuro.yahoo.co.jp/qa/question_detail/q13324818633,グランメゾン東京のスペシャルで湯浅と栞奈が最後道を歩きながら会話してるシーンで 「長いぞ」「長いんかい」「www」の後の「〜〜なぁもう」はなんて言ってますか？,0,0
1226,2026/2/2 6:01,iPhone,ひろせ,11時間6分,1,44,44.0,0,0,0.066,2.27,0.03,0.14,あと3日,https://detail.chiebukuro.yahoo.co.jp/qa/question_detail/q13324818673,スマホのストレージ容量について 設定画面から見た容量とコントロールセンターから見た容量が違うのですが、何故ですか？ どうしたら直りますか？,0,0
1227,2026/2/2 6:01,バンド,非公開,11時間6分,0,14,14.0,0,0,0.021,0.0,0.0,0.02,あと3日,https://detail.chiebukuro.yahoo.co.jp/qa/question_detail/q12324818927,根室市でバンドの練習ができる場所を教えてください,0,0
1228,2026/2/2 6:01,高校,ce8310efb,11時間6分,0,10,10.0,0,0,0.015,0.0,0.0,0.01,あと3日,https://detail.chiebukuro.yahoo.co.jp/qa/question_detail/q12324818892,春から翔洋学園千葉校に通う者です。 翔洋になんちゃって制服の子はいますか？制服を着たいのですがお金がなく、なんちゃって制服にしようと考えているのですが、浮いてしまったら恥ずかしいです。そして体育を行う...,0,0
1229,2026/2/2 6:01,おでかけグルメ,非公開,11時間6分,0,45,45.0,0,0,0.068,0.0,0.0,0.07,あと3日,https://detail.chiebukuro.yahoo.co.jp/qa/question_detail/q12324818907,北海道の回転寿司についてご意見をお願いいたします。 北見のトリトン、釧路のまつりや、なごやか亭、根室の花まるについて、それぞれの特徴やおすすめを教えてください。 予算として大人一人大体いくら位かも分か...,0,0
1230,2026/2/2 6:01,ドラマ,James1950s,11時間6分,0,14,14.0,0,0,0.021,0.0,0.0,0.02,あと3日,https://detail.chiebukuro.yahoo.co.jp/qa/question_detail/q12324818862,人は見た目じゃないと思ってた。 第1話 『ダサい男とモデルの恋。』はどうでしたか？,0,0
1231,2026/2/2 6:01,読書,James1950s,11時間6分,0,7,7.0,0,0,0.011,0.0,0.0,0.01,あと3日,https://detail.chiebukuro.yahoo.co.jp/qa/question_detail/q12324818847,ゴーゴリ 『外套・鼻』この書籍はおすすめでしょうか?,0,0
1232,2026/2/2 6:01,スマートフォン,b7b1b2f74,11時間6分,0,23,23.0,0,0,0.035,0.0,0.0,0.03,あと3日,https://detail.chiebukuro.yahoo.co.jp/qa/question_detail/q12324818812,スマホ紛失で位置情報が判明。 マンションの一室部屋番号までわかる。 対応方法,0,0
1233,2026/2/2 6:01,お笑い芸人,por********,11時間6分,0,15,15.0,0,0,0.023,0.0,0.0,0.02,あと3日,https://detail.chiebukuro.yahoo.co.jp/qa/question_detail/q12324818652,浜ちゃんがトレンド入りしてますがどうしましたか？1/11,0,0
1234,2026/2/2 6:01,車、高速道路,cbc350ff7,11時間6分,0,9,9.0,0,0,0.014,0.0,0.0,0.01,あと3日,https://detail.chiebukuro.yahoo.co.jp/qa/question_detail/q12324818592,にかほ市(平沢地区)方面に由利本荘市内(市役所周辺)への通勤事情について教えてください。 ルートの選択肢は海沿いの国道7号と１本内側の国道108号を選ぶほかありませんが、凡そ朝の通勤時間帯でどのくらい...,0,0
1235,2026/2/2 6:01,コンビニ,a5237456,11時間6分,0,37,37.0,0,0,0.055,0.0,0.0,0.06,あと3日,https://detail.chiebukuro.yahoo.co.jp/qa/question_detail/q12324818757,このカラムーチョはコンビニ売っていますか？,0,0
1236,2026/2/2 6:01,プロ野球,非公開,11時間6分,0,6,6.0,0,0,0.009,0.0,0.0,0.01,あと3日,https://detail.chiebukuro.yahoo.co.jp/qa/question_detail/q12324818637,元西武の渡辺健人を四字熟語に例えるとなんだと思いますか？,0,0
1237,2026/2/2 6:01,メンズ腕時計、アクセサリー,c21bea22f,11時間6分,0,28,28.0,0,0,0.042,0.0,0.0,0.04,あと3日,https://detail.chiebukuro.yahoo.co.jp/qa/question_detail/q12324818577,前日投稿させていただいたものに不備がありましたのでもう一度掲載させてください。 写真の時計を探しています、、、 ごつくて男っぽい 1週間表示があって例えば火曜日 だったらそこが点滅する日付も 書いてる...,0,0
1238,2026/2/2 6:01,ドラマ,James1950s,11時間6分,0,6,6.0,0,0,0.009,0.0,0.0,0.01,あと3日,https://detail.chiebukuro.yahoo.co.jp/qa/question_detail/q11324818856,人は見た目じゃないと思ってた。 第3話 『不可解なワンナイトラブ。』はどうでしたか？,0,0
1239,2026/2/2 6:01,ここ、探してます,非公開,11時間6分,0,26,26.0,0,0,0.039,0.0,0.0,0.04,あと3日,https://detail.chiebukuro.yahoo.co.jp/qa/question_detail/q11324818911,東海オンエアのゆめまるさんの出生地である北海道の根室市はどんなところでしょうか？ 東海オンエアの聖地巡礼で行くことを検討中です。,0,0
1240,2026/2/2 6:01,ファッション,☆0824sngmlv,11時間7分,0,19,19.0,0,0,0.028,0.0,0.0,0.03,あと3日,https://detail.chiebukuro.yahoo.co.jp/qa/question_detail/q11324818896,ファッションデザイナーの方に質問です。 ①歳をとったら別の会社、または部署に送られるんですか？(若い客層向けのデザインをしていた場合) ②デザインした服に合う、小物やアクセサリーは作れますか？ ③歳を...,0,0
1241,2026/2/2 6:01,ゲーム,うん,11時間7分,1,20,20.0,0,0,0.03,5.0,0.01,0.1,あと3日,https://detail.chiebukuro.yahoo.co.jp/qa/question_detail/q11324818631,第五人格実況者のにゅるいさんと君に胸きゅんさんは別人ですか？,0,0
1242,2026/2/2 6:01,洋楽,非公開,11時間7分,0,5,5.0,0,0,0.007,0.0,0.0,0.01,あと3日,https://detail.chiebukuro.yahoo.co.jp/qa/question_detail/q11324818671,Ministryで1番好きなアルバムはなんですか？,0,0
1243,2026/2/2 6:01,プロ野球,nob********,11時間7分,0,22,22.0,0,0,0.033,0.0,0.0,0.03,あと3日,https://detail.chiebukuro.yahoo.co.jp/qa/question_detail/q11324818561,元阪神タイガース、ランディバースの大阪からサンフランシスコ行き航空券の半券を持っています。航空会社はUT4429と記載があります。日付けは7月16日となっていますが、年は分かりません。 日付け的にシー...,0,0
1244,2026/2/2 6:01,恋愛相談、人間関係の悩み,xaq********,11時間7分,0,10,10.0,0,0,0.015,0.0,0.0,0.01,あと3日,https://detail.chiebukuro.yahoo.co.jp/qa/question_detail/q11324818711,1ヶ月のリゾキャバでも、連絡先交換したり、営業ラインは送るべきですか？ 1ヶ月の間本指名ゼロは、リゾキャバで許されますか？,0,0
1245,2026/2/2 6:01,X（旧Twitter）,por********,11時間7分,0,7,7.0,0,0,0.01,0.0,0.0,0.01,あと3日,https://detail.chiebukuro.yahoo.co.jp/qa/question_detail/q11324818656,Xのオススメの本日のニュースって履歴見れますか？更新されて消えましたが…,0,0
1246,2026/2/2 6:01,話題の人物,por********,11時間7分,0,12,12.0,0,0,0.018,0.0,0.0,0.02,あと3日,https://detail.chiebukuro.yahoo.co.jp/qa/question_detail/q11324818661,阿波みなみってだれですか？握手会０人くらいでなぜバズってるんですか？,0,0
1247,2026/2/2 6:01,メンズ腕時計、アクセサリー,szq********,11時間7分,0,15,15.0,0,0,0.022,0.0,0.0,0.02,あと3日,https://detail.chiebukuro.yahoo.co.jp/qa/question_detail/q11324818736,俳優の岩瀬洋志さんがつけているイヤーカフはどこのブランドのものでしょうか。教えていただきたいです。,0,0
1248,2026/2/2 6:01,アニメ,James1950s,11時間7分,0,6,6.0,0,0,0.009,0.0,0.0,0.01,あと3日,https://detail.chiebukuro.yahoo.co.jp/qa/question_detail/q10324818855,GO！GO！チャギントン 第695話 『配達員ココ』はどうでしたか？,0,0
1249,2026/2/2 6:01,タブレット端末,ad757f165,11時間7分,0,10,10.0,0,0,0.015,0.0,0.0,0.01,あと3日,https://detail.chiebukuro.yahoo.co.jp/qa/question_detail/q10324818835,iPadで指では全面問題なく書けるんですけどesrのペンシルと友達のサードパーティ製のペンシルで書くと端でしか反応しません。しかし端から勢いよく書くと真ん中も書けることがあります。 これはiPad側の...,0,0
1250,2026/2/2 6:01,ゲームセンター,非公開,11時間7分,0,17,17.0,0,0,0.025,0.0,0.0,0.03,あと3日,https://detail.chiebukuro.yahoo.co.jp/qa/question_detail/q10324818915,2003年から2006年ごろのムシキング全盛期には北海道の根室市や別海町にもムシキングの筐体はあったんでしょうか？,0,0
1251,2026/2/2 6:01,日本史,James1950s,11時間7分,0,8,8.0,0,0,0.012,0.0,0.0,0.01,あと3日,https://detail.chiebukuro.yahoo.co.jp/qa/question_detail/q10324818880,続・佐藤直太郎郷土研究論文集 この書籍はおすすめでしょうか?,0,0
1252,2026/2/2 6:01,音楽,xse********,11時間7分,0,12,12.0,1,0,0.018,0.0,0.0,0.17,あと3日,https://detail.chiebukuro.yahoo.co.jp/qa/question_detail/q10324818725,この動画の11分47秒あたりに流れているBGMの名前って分かりますか？ 知ってたら教えてください。 https://youtu.be/9CQVDuIR8pk,0,0
1253,2026/2/2 6:01,英語,非公開,11時間7分,1,13,13.0,0,0,0.019,7.69,0.0,0.09,あと3日,https://detail.chiebukuro.yahoo.co.jp/qa/question_detail/q10324818830,「極道脅迫、体育部員たちの逆襲」を英語にしてください。,0,0
1254,2026/2/2 6:01,情報番組、ワイドショー,por********,11時間7分,0,4,4.0,0,0,0.006,0.0,0.0,0.01,あと3日,https://detail.chiebukuro.yahoo.co.jp/qa/question_detail/q10324818680,日テレGoingでスピードタイプの野明選手の紹介で高木菜那が私が〇〇タイプだったので、と言ってたのは何と言ってたのですか?1/11,0,0
1255,2026/2/2 6:01,動画、映像,1153161642,11時間8分,0,13,13.0,0,0,0.019,0.0,0.0,0.02,あと3日,https://detail.chiebukuro.yahoo.co.jp/qa/question_detail/q10324818775,フリー素材などでよくある高画質化禁止改変禁止は、動画の圧縮や動画サイトの機能で色味が変わったり低画質化、アップスケーリングされることを想定しているのでしょうか。 規約読めと言われたらそうですがその話は...,0,0
1256,2026/2/2 6:01,外国映画,a6b0dff2e,11時間8分,0,20,20.0,0,0,0.03,0.0,0.0,0.03,あと3日,https://detail.chiebukuro.yahoo.co.jp/qa/question_detail/q10324818735,この子のマイファンズ出てる作品教えてください！,0,0
1257,2026/2/2 6:01,家計、貯金,非公開,11時間8分,3,111,37.0,0,0,0.166,2.7,0.06,0.39,あと3日,https://detail.chiebukuro.yahoo.co.jp/qa/question_detail/q10324921785,我が家の貯金額、少ないでしょうか？ 50代前半夫、40代後半妻 子供、高校生、小学生の2人。 夫会社員、妻パート 子供用貯金800万、650万 その他の貯金1350万 親が体調が悪く、私が仕事を減らし...,0,0
1258,2026/2/2 6:01,派遣,非公開,11時間8分,8,261,32.6,0,13,0.391,3.07,0.13,1.57,不明,https://detail.chiebukuro.yahoo.co.jp/qa/question_detail/q14324921784,派遣か正社員か。 妻子持ちの男性です。現在派遣で働いてます。時給は1700円です。 朝の5時〜13時まで。休憩1時間で7時間勤務です。給料は20日勤務だと約24万+資格を持ってるので、出荷協力金３万で...,0,0
1259,2026/2/2 6:00,家族関係の悩み,匿名,11時間9分,4,113,28.2,0,8,0.169,3.54,0.05,0.82,あと3日,https://detail.chiebukuro.yahoo.co.jp/qa/question_detail/q13324921783,母子家庭です。 私のお母さんはこの間ODをしました。(4月からうつ病です。) その時は私が救急車を呼びました。今は入院中です。 信頼できる友達にこのことを話したら「虐待？」という言葉を言ってきました。...,0,0
1260,2026/2/2 6:00,大学受験,Aliza,11時間9分,1,28,28.0,0,0,0.042,3.57,0.01,0.12,あと3日,https://detail.chiebukuro.yahoo.co.jp/qa/question_detail/q12324921782,小論文について質問です。わかりにくいかもしれませんが回答よろしくお願いします。 科学は絶対的真理ではなく、多くは事実と推論から成り立つ。推論を真理と混同し多数決や権威で確定させると誤りが修正できず危険...,0,0
1261,2026/2/2 6:00,政治、社会問題,1053048010,11時間9分,0,2,2.0,0,0,0.003,0.0,0.0,0.0,あと3日,https://detail.chiebukuro.yahoo.co.jp/qa/question_detail/q10324921780,自民党や中核連などの議員が政見放送で明らかに耳障りの良いだけで政策と無関係なスローガンを言っていますが、ナンで禁止出来ないのですか？,0,0
1262,2026/2/2 6:00,哲学、倫理,梨白,11時間9分,6,79,13.2,0,15,0.118,7.59,0.02,1.24,あと3日,https://detail.chiebukuro.yahoo.co.jp/qa/question_detail/q14324921779,AIが叩き出した回答はそれは絶対なのですか？ 答えが複数あってしかるべき問題であればAIも絶対にはならないでしょ………………,0,0
1263,2026/2/2 5:59,イヌ,++++,11時間10分,1,44,44.0,0,0,0.066,2.27,0.03,0.14,あと3日,https://detail.chiebukuro.yahoo.co.jp/qa/question_detail/q12324921777,1歳の4kgポメラニアンなのですが、子犬の頃から水をがぶ飲みします 病院にも連れて行き、飲水量を計りましょうとの事で測りましたが、3日間とも300ml以内で異常ではありませんでした。 しかし、普段は多...,0,0
1264,2026/2/2 5:59,ネコ,c90f7e392,11時間10分,0,17,17.0,0,0,0.025,0.0,0.0,0.03,あと3日,https://detail.chiebukuro.yahoo.co.jp/qa/question_detail/q11324921776,猫が時々、「にゅー」と高い鳴き声を出すんですがあれは何を意味しているんでしょう。 人に向かって言ってるなというときもあれば虚空に向かって言うときもあります。 どうすればいいんでしょうか,0,0
1265,2026/2/2 5:59,女性アイドル,1150718796,11時間10分,1,9,9.0,0,0,0.013,11.11,0.0,0.09,あと3日,https://detail.chiebukuro.yahoo.co.jp/qa/question_detail/q10324921775,ノイミーの歌上手いので 櫻井さんと冨田さんぶっちゃけどっちだと思いますか？櫻井さんって声が多いですが 冨田さんの声質もすごいですよね 皆さんのご意見お願いします,0,0
1266,2026/2/2 5:59,家族関係の悩み,t,11時間10分,3,20,6.7,0,1,0.03,15.0,0.0,0.3,あと3日,https://detail.chiebukuro.yahoo.co.jp/qa/question_detail/q14324921774,長女は頑固ですか？,0,0
1267,2026/2/2 5:59,トレーニング,名無し,11時間10分,0,10,10.0,0,0,0.015,0.0,0.0,0.01,あと3日,https://detail.chiebukuro.yahoo.co.jp/qa/question_detail/q13324921773,プロホルモンについて質問です。 先日、ス◯コネにて「DMZ(ジメタジン)」というものを発見しました。 可能な限り英語の文献等を調べ、DHT由来のプロホルモンであること、作用及び副作用がスーパードロール...,0,0
1268,2026/2/2 5:59,釣り,a9dc130ea,11時間10分,3,21,7.0,0,0,0.031,14.29,0.0,0.25,あと3日,https://detail.chiebukuro.yahoo.co.jp/qa/question_detail/q12324921772,ビックベイトシーバスダウスイの220や180を投げるならリーダー何号がいいですか？ １４号を使ってたのですが太いと言われました。,0,0
1269,2026/2/2 5:58,恋愛相談、人間関係の悩み,a4f58b119,11時間11分,1,14,14.0,0,0,0.021,7.14,0.0,0.1,あと3日,https://detail.chiebukuro.yahoo.co.jp/qa/question_detail/q11324921771,みなさまは、実際に使用中のスニーカーを履いた状態でそのまま自宅のフローリングを実際に歩いたことがありますか。どんな時に歩きましたか,0,0
1270,2026/2/2 5:58,ご近所の悩み,at1mdw1÷=6^5555,11時間12分,1,26,26.0,0,3,0.039,3.85,0.01,0.25,あと3日,https://detail.chiebukuro.yahoo.co.jp/qa/question_detail/q14324921769,子供会の役員をやられた方で、どうでしたか？ 楽しくやれましたか？ 私は、子供会は、無くして欲しい派です。 私の地域は、子供会は絶対に辞めれないようで、この前、子供会は辞めれるの？と子供会会長さんに聞い...,0,0
1271,2026/2/2 5:58,ヘアケア,Chamamama,11時間12分,1,24,24.0,0,0,0.036,4.17,0.01,0.11,あと3日,https://detail.chiebukuro.yahoo.co.jp/qa/question_detail/q13324921768,白髪染めをやめたいです。 前回1ヶ月前に縮毛矯正＋根元のみ白髪染めで髪全体はオシャレ染めにしました。 次回はダブルカラー(ブリーチなし、白髪染めなし、色味はアッシュ系予定)で全体を明るくする予定なので...,0,0
1272,2026/2/2 5:58,うつ病,t,11時間12分,2,19,9.5,0,0,0.028,10.53,0.0,0.18,あと3日,https://detail.chiebukuro.yahoo.co.jp/qa/question_detail/q12324921767,鬱病の親はどの家庭でもおりますか？,0,0
1273,2026/2/2 5:58,観光地、行楽地,nat********,11時間12分,2,37,18.5,0,0,0.055,5.41,0.01,0.2,あと3日,https://detail.chiebukuro.yahoo.co.jp/qa/question_detail/q11324921766,築地観光について質問です。 今度上京がてら築地に寄ってみようと思います。 木曜日の午後か金曜日の朝を予定しています。 学生時代に近くでアルバイトしていましたが、こちらには一度も行ったことが無く、観光築...,0,0
1274,2026/2/2 5:57,俳優、女優,1153154304,11時間13分,0,13,13.0,0,0,0.019,0.0,0.0,0.02,あと3日,https://detail.chiebukuro.yahoo.co.jp/qa/question_detail/q14324921764,海外のハリウッド俳優の方々はシンプルな服装を着てる傾向にありませんか？ブラッドピットやレオナルドディカプリオは特に、無地の服装を着ていることが多いですよね？,0,0
1275,2026/2/2 5:57,生き方、人生相談,124569jg,11時間13分,3,19,6.3,0,1,0.028,15.79,0.0,0.3,あと3日,https://detail.chiebukuro.yahoo.co.jp/qa/question_detail/q13324921763,嫌でたまらない家族や仕事。とくに身内に嫌な人がいて自由に動けません じっと見てきたり嫌味はなしたり そのため好きな人あきらめたり、式をしなかったり、仕事 かえれなかったり、その人の目をきにしてしまいま...,0,0
1276,2026/2/2 5:57,病気、症状,dhp,11時間13分,0,3,3.0,0,0,0.004,0.0,0.0,0.0,あと3日,https://detail.chiebukuro.yahoo.co.jp/qa/question_detail/q12324921762,唇にヘルペスが食事中にできることがよくあるのですが、何か原因はあるのでしょうか？食べてる時にいきなりできます。,0,0
1277,2026/2/2 5:57,au,tech21,11時間13分,2,54,27.0,0,0,0.08,3.7,0.02,0.23,不明,https://detail.chiebukuro.yahoo.co.jp/qa/question_detail/q11324921761,緊急！月末にau携帯の支払い引き落としが出来なくて翌月送ってくる支払い表に期限が書いてあるようですが具体的には何日くらいで送られてきますか？ 停止期限は何日くらいでしょうか？ また、au電気ガスも一緒...,0,0
1278,2026/2/2 5:57,政治、社会問題,hid********,11時間13分,1,15,15.0,0,0,0.022,6.67,0.0,0.1,あと3日,https://detail.chiebukuro.yahoo.co.jp/qa/question_detail/q14324921759,メディアで流れる選挙の優勢状況について。 毎回思うのですが、選挙の度に優勢状況をメディアで流すのは何故なんでしょう。 正直、あのような速報は邪魔ですよね。 投票日まで、どこが優勢かわからない状態にして...,0,0
1279,2026/2/2 5:56,CM,1151103085,11時間14分,1,25,25.0,0,0,0.037,4.0,0.01,0.11,あと3日,https://detail.chiebukuro.yahoo.co.jp/qa/question_detail/q13324921758,昔のCMについての質問です 何のCMだったか全く覚えていないのですが男性が「月が綺麗ですね」と言い女性が「死んでもいいわ」と言うCM 覚えている方がいたら何のCMで出演者は誰なのか教えて下さい！ネット...,0,0
1280,2026/2/2 5:56,コミック,c4ce6c98d,11時間14分,0,38,38.0,0,0,0.056,0.0,0.0,0.06,あと3日,https://detail.chiebukuro.yahoo.co.jp/qa/question_detail/q11324921756,漫画のタイトルについて質問です。 記憶が大変あやふやなんですが いくつか覚えている情報を箇条書きにしたいと思います。 ・恐らく2012年〜2014年頃のギャグ漫画 （単行本になっているかは不明） ・小...,0,0
1281,2026/2/2 5:56,iPhone,rih********,11時間14分,1,22,22.0,0,0,0.033,4.55,0.01,0.11,あと3日,https://detail.chiebukuro.yahoo.co.jp/qa/question_detail/q10324921755,Apple accountについてです。 今自分はiPhoneに自身のApple accountを使ってログインしているのですが、昔父親のApple accountを使っていた影響か、定期的に「サイン...,0,0
1282,2026/2/2 5:55,政治、社会問題,116447497,11時間15分,1,8,8.0,0,0,0.012,12.5,0.0,0.09,あと3日,https://detail.chiebukuro.yahoo.co.jp/qa/question_detail/q13324921753,公安調査庁の調査対象団体に追加してほしい団体はありますか。,0,0
1283,2026/2/2 5:55,家族関係の悩み,t,11時間15分,2,9,4.5,0,0,0.013,22.22,0.0,0.16,あと3日,https://detail.chiebukuro.yahoo.co.jp/qa/question_detail/q12324921752,長男、長女の性格は似てますか？,0,0
1284,2026/2/2 5:55,宗教,loveenemy,11時間15分,3,20,6.7,0,1,0.03,15.0,0.0,0.3,あと3日,https://detail.chiebukuro.yahoo.co.jp/qa/question_detail/q11324921751,テサロニケ人への手紙 第一について その８ 『新改訳聖書』第３版のテサロニケ人への手紙 第一５章２節 から４節までに、次のように書かれています。 ＊＊＊ ２節 主の日が夜中の盗人のように来るということ...,0,0
1285,2026/2/2 5:55,トレーニング,1252078871,11時間15分,1,12,12.0,0,0,0.018,8.33,0.0,0.09,あと3日,https://detail.chiebukuro.yahoo.co.jp/qa/question_detail/q10324921750,筋トレ前のエネルギー補給について質問です。 朝起きてすぐジム行く方、何でエネルギー補給してますか？やっぱバナナですか？ バナナ嫌いなので他にいいのあれば知りたいです。,0,0
1286,2026/2/2 5:55,バイク,isq********,11時間16分,7,127,18.1,1,1,0.188,5.51,0.03,0.9,あと3日,https://detail.chiebukuro.yahoo.co.jp/qa/question_detail/q14324921749,バイクのフレーム加工、溶接って店に頼むといくら位でやってくれると思いますか？ Zr7をゼファー仕様にしたいのですが シートフレームの角度を変える必要があります。 私のイメージでは、シートフレームの下の...,0,0
1287,2026/2/2 5:55,ダイエット,fos********,11時間16分,5,50,10.0,0,0,0.074,10.0,0.01,0.44,あと3日,https://detail.chiebukuro.yahoo.co.jp/qa/question_detail/q13324921748,ダイエットに関して 22歳、154cm、64kgです。 中学生の頃から精神疾患になり、躁鬱と診断されてから薬の副作用で三年ほどで25kg太りました。 今までダイエットしてきましたが、どれも続かず、薬も...,0,0
1288,2026/2/2 5:55,iPhone,ピカ子,11時間16分,1,25,25.0,0,0,0.037,4.0,0.01,0.11,あと3日,https://detail.chiebukuro.yahoo.co.jp/qa/question_detail/q11324921746,昨日機種変更をしたのですがクイックスタートができずiCloudだけバックアップをとって手動で引き継ぎしました。しかし写真が全部移りきらず写真や動画が抜けているところが多いです。 何か写真や動画を全部写...,0,0
1289,2026/2/2 5:54,職場の悩み,1051405237,11時間17分,6,47,7.8,0,4,0.069,12.77,0.01,0.69,あと3日,https://detail.chiebukuro.yahoo.co.jp/qa/question_detail/q10324921745,会社に若くて美人な派遣社員が入ってきたらどう思いますか？,0,0
1290,2026/2/2 5:54,政治、社会問題,呉下の阿蒙,11時間17分,2,16,8.0,0,1,0.024,12.5,0.0,0.22,あと3日,https://detail.chiebukuro.yahoo.co.jp/qa/question_detail/q13324921743,昔あった雑民党はLGBTや障害者の権利を訴えるリベラルの先駆だったのになぜ国民からまったく無視されたのですか？,0,0
1291,2026/2/2 5:54,恋愛相談,星野 翔太,11時間17分,0,23,23.0,0,0,0.034,0.0,0.0,0.03,あと3日,https://detail.chiebukuro.yahoo.co.jp/qa/question_detail/q12324921742,今後、彼女とマンボー名駅本店にてシャワールームのみご利用ですが前金支払いですので僕も彼女もシャワー浴びたいけれどアメニティ持参予定で御座居ますも5階のシャワールーム2部屋使用中で地下1階のシャワールー...,0,0
1293,2026/2/2 5:54,パチンコ,tow*********,11時間17分,9,67,7.4,0,1,0.099,13.43,0.01,0.81,あと3日,https://detail.chiebukuro.yahoo.co.jp/qa/question_detail/q13324921738,半年くらいパチンコをやめてたとして、一回だけ打ちに行ったら勝っても負けてもまたパチンコ行きだすと思いますか？ そのままやめた方が無難ですか？,0,0
1295,2026/2/2 5:53,モンスターハンター,han********,11時間18分,5,70,14.0,0,5,0.103,7.14,0.01,0.69,あと3日,https://detail.chiebukuro.yahoo.co.jp/qa/question_detail/q11324921736,モンハンワイルズで双剣を使っているのですが、皆さんなら「連撃」「挑戦者」「巧撃」の優先順位はどのようにしますか？,0,0
1296,2026/2/2 5:53,恋愛相談、人間関係の悩み,ナスビ,11時間18分,2,44,22.0,0,0,0.065,4.55,0.01,0.21,あと3日,https://detail.chiebukuro.yahoo.co.jp/qa/question_detail/q10324921735,私はブスともイケメンとも言われたことはありません。ただ、好青年と言われたことはあります。これってどのくらいの顔面偏差値なんですかね。,0,0
1297,2026/2/2 5:53,ヘアケア,非公開,11時間18分,1,26,26.0,0,0,0.038,3.85,0.01,0.11,あと3日,https://detail.chiebukuro.yahoo.co.jp/qa/question_detail/q14324921734,ホットペッパービューティーの新規向けのクーポン、ホットペッパーでの予約は初めてだけど、そのお店に来店したことがある場合はそのクーポンは使えないという認識でいいでしょうか。,0,0
1298,2026/2/2 5:52,家族関係の悩み,ＩＤ非公開,11時間20分,7,94,13.4,1,13,0.138,7.45,0.02,1.37,あと3日,https://detail.chiebukuro.yahoo.co.jp/qa/question_detail/q13324921733,私は50代の独身男性ですが、未だに親と同居しています。ささいな事で毎年数回喧嘩をします。 母親が幼少の頃からヒステリックな性格で、気が強い性格なので、なるべく逆らわないように過ごしていますが、やはり母...,0,0
1299,2026/2/2 5:52,携帯型ゲーム全般,気ままに知恵袋,11時間20分,2,39,19.5,0,0,0.057,5.13,0.01,0.2,あと3日,https://detail.chiebukuro.yahoo.co.jp/qa/question_detail/q11324921731,LINEツムツムについて 皆さん、お恥ずかしい話ですが、相談に乗ってください。 ツムツムのアカウントを消して1から始めようかと悩んでます。 と言うのも、2014年のリーリース初期から始めていますが、当...,0,0
1300,2026/2/2 5:52,交通事故,ガン玉,11時間20分,6,149,24.8,0,0,0.219,4.03,0.05,0.66,あと3日,https://detail.chiebukuro.yahoo.co.jp/qa/question_detail/q10324921730,事故で高額保証は本当にもらえるのか？ 無制限の保険は日々利用してますが 本当にもらえるのか？ という疑問です 数年前 友人が貰い事故をしました 現在2年近く立ちますが未だ協議中 いつ決着するの？っての...,0,0
1301,2026/2/2 5:52,演劇、ミュージカル,1150319977,11時間20分,1,165,165.0,0,0,0.243,0.61,0.4,0.32,あと3日,https://detail.chiebukuro.yahoo.co.jp/qa/question_detail/q14324921729,2025～2026の東宝版のエリザベートのBluRayの発売が決まりましたが、山崎育三郎トート×明日海りおシシィの収録日はいつですか？？説明欄に1月博多座としか書かれていなかったので、、 博多座の何日...,0,0
1302,2026/2/2 5:52,心理学,1252555844,11時間20分,1,13,13.0,0,0,0.019,7.69,0.0,0.09,あと3日,https://detail.chiebukuro.yahoo.co.jp/qa/question_detail/q13324921728,"心理学レポートの結果の書き方についてです！ x2(13)=NaN,n.s. χ2検定でこんな風に結果が出たのですが、これはそのまま書けばいいのでしょうか。それともχ2値は算出できなかったと書けばいいの...",0,0
1303,2026/2/2 5:52,アジア・韓国ドラマ,KellyRascal,11時間20分,1,24,24.0,0,0,0.035,4.17,0.01,0.11,あと3日,https://detail.chiebukuro.yahoo.co.jp/qa/question_detail/q12324921727,ホジュン〜伝説の心医〜 このドラマの1話と2話の子ども時代なんですけど、ホジュンの子分的な感じのポチャっとした男の子(イルソ？)いましたよね？ ほっぺが赤くて可愛くて、なんていう子なんでしょう。 調べ...,0,0
1304,2026/2/2 5:51,郵便、宅配,匿名,11時間21分,0,10,10.0,0,0,0.015,0.0,0.0,0.01,あと3日,https://detail.chiebukuro.yahoo.co.jp/qa/question_detail/q14324921724,紙コースターを郵送する際の梱包方法について教えていただきたいです。 1枚であればOPP＋厚紙補強＋防水の袋に入れて送るのですが、今回紙コースター数枚と同封の紙グッズがあるため、グッズのみで1cm程の厚...,0,0
1305,2026/2/2 5:51,野球全般,1252507964,11時間21分,1,8,8.0,1,0,0.012,12.5,0.0,0.23,あと3日,https://detail.chiebukuro.yahoo.co.jp/qa/question_detail/q13324921723,最近ユニホームをタイトにしたんですけど どうですかね？,0,0
1306,2026/2/2 5:51,イヌ,sfr********,11時間21分,4,71,17.8,0,1,0.104,5.63,0.02,0.44,あと3日,https://detail.chiebukuro.yahoo.co.jp/qa/question_detail/q12324921722,私の、犬が腎臓病です！末期です！高齢犬です！水飲んでます。ご飯食べません。寝たきりです！どう向き合えば良いのか分かりません。皆さんなら、どうしますか？,0,0
1307,2026/2/2 5:51,恋愛相談、人間関係の悩み,1252926347,11時間21分,6,112,18.7,0,7,0.164,5.36,0.03,0.91,あと3日,https://detail.chiebukuro.yahoo.co.jp/qa/question_detail/q11324921721,はじめまして、バイト先の男性の先輩にインスタかラインの連絡先を聞きたいのですが今の状況で聞いても迷惑じゃないか心配です。 だいぶ文章が長くなっています、申し訳ないです。 お相手の方は男性で彼女はいない...,0,0
1308,2026/2/2 5:50,おもちゃ,por********,11時間22分,0,1,1.0,0,0,0.001,0.0,0.0,0.0,あと3日,https://detail.chiebukuro.yahoo.co.jp/qa/question_detail/q10324921720,アクスタの枠ってどうしてますか？,0,0
1309,2026/2/2 5:50,お酒、ドリンク,cpe********,11時間22分,0,7,7.0,0,0,0.01,0.0,0.0,0.01,あと3日,https://detail.chiebukuro.yahoo.co.jp/qa/question_detail/q14324921719,貢茶(ゴンチャ)のクルー割って一緒に会計すれば友達の分のドリンクにも適用されますか？ 出来るとしても堂々としていいものなのでしょうか,0,0
1310,2026/2/2 5:50,ファッション,1150770564,11時間22分,1,24,24.0,0,3,0.035,4.17,0.01,0.24,あと3日,https://detail.chiebukuro.yahoo.co.jp/qa/question_detail/q13324921718,このアウターが好きで、冬でも一番上に着たいのですが、中にどのようなものを着れば見た目、寒そうに見えませんか？このままだと少し寒そうな見た目になってしまうので…よろしくおねがいいたします。,0,0
1311,2026/2/2 5:50,病気、症状,1151908893,11時間22分,2,15,7.5,0,4,0.022,13.33,0.0,0.34,あと3日,https://detail.chiebukuro.yahoo.co.jp/qa/question_detail/q12324921717,ここ2ヶ月ほど夜中に目が覚めてしまいすぐ入眠できるものの朝寝た気がしなくて困っています。 2ヶ月前は週に1、2日ほどだったけど今は3、4日になってます。 今日も3時半とその前にも何時か分からないけど目...,0,0
1312,2026/2/2 5:50,アジア・韓国ドラマ,すや,11時間23分,0,32,32.0,0,0,0.047,0.0,0.0,0.05,あと3日,https://detail.chiebukuro.yahoo.co.jp/qa/question_detail/q11324921716,韓国女優のイ・ジアさんについて ペントハウスで見てめちゃくちゃお美しいなと思ったのですが、 けっこう中顔面長めですよね？ そして過去の出演作品を見るとやっぱり顔が長くて、ペントハウスほどは綺麗に見えな...,0,0
1313,2026/2/2 5:49,恋愛相談、人間関係の悩み,1052820118,11時間24分,1,8,8.0,0,0,0.012,12.5,0.0,0.08,あと3日,https://detail.chiebukuro.yahoo.co.jp/qa/question_detail/q10324921715,五億年ボタン押す派の人ってどう言う理由なんでしたっけ？ 記憶が消えるからノーリスク？みたいな考えってどう言うことなんですか？,0,0
1314,2026/2/2 5:49,住宅ローン,nwj********,11時間24分,2,78,39.0,0,0,0.114,2.56,0.04,0.26,あと3日,https://detail.chiebukuro.yahoo.co.jp/qa/question_detail/q14324921714,住宅ローンについて お恥ずかしい話なのですが、私自身に借り入れがあり同じような状況で承認が下りた方がいればご回答お願いいたします。不躾な質問なのは承知しているので、否定的なご回答はご遠慮願います。 夫...,0,0
1315,2026/2/2 5:49,政治、社会問題,ソウル,11時間24分,3,20,6.7,0,5,0.029,15.0,0.0,0.47,あと3日,https://detail.chiebukuro.yahoo.co.jp/qa/question_detail/q13324921713,薬高いですよね？価格が下がると色々な問題が良くなるような気もしないですか？そんな単純に考えるなんて、あんたバカ？かな？,0,0
1316,2026/2/2 5:49,政治、社会問題,vvz********,11時間24分,4,55,13.8,0,1,0.08,7.27,0.01,0.42,あと3日,https://detail.chiebukuro.yahoo.co.jp/qa/question_detail/q11324921711,自維で300議席超の予想出てるけど流石に盛りすぎじゃないですかね？,0,0
1317,2026/2/2 5:49,恋愛相談,aut********,11時間24分,5,126,25.2,1,2,0.184,3.97,0.05,0.78,あと3日,https://detail.chiebukuro.yahoo.co.jp/qa/question_detail/q10324921710,スナック嬢への付き合い方について。 ある町のスナック店に通い始めてもうすぐ2年になります。 半年前、話の流れで「ご飯行こう」って誘っても「いつもご飯行きたいって言うけど中身知らないよね？ もっと知って...,0,0
1318,2026/2/2 5:49,飲食店,nat********,11時間24分,1,25,25.0,0,0,0.037,4.0,0.01,0.11,あと3日,https://detail.chiebukuro.yahoo.co.jp/qa/question_detail/q14324921709,下北沢の老舗の飲食店を探しています。ランチ、居酒屋、喫茶店、何でもいいです。 2月に地方から東京に行くついでに半日くらい寄りたいです。 実は40年くらい前学生時代に住んでいましたので、当時に思いを馳せ...,0,0
1319,2026/2/2 5:48,ネコ,1252176179,11時間25分,5,49,9.8,0,0,0.071,10.2,0.01,0.44,あと3日,https://detail.chiebukuro.yahoo.co.jp/qa/question_detail/q13324921708,夏場の猫の留守番でエアコン以外の対策はありますか？,0,0
1320,2026/2/2 5:48,病院、検査,nagomi,11時間25分,1,21,21.0,0,1,0.031,4.76,0.01,0.15,あと3日,https://detail.chiebukuro.yahoo.co.jp/qa/question_detail/q12324921707,肝臓の生検をしたのですが、いつから湯船に浸かれますか。 次の診察は11日後なのですが看護師さんにはそれまではシャワーで、 と言われました。今の時期寒くてたまらないので早くお風呂に 入りたいです。 ジム...,0,0
1321,2026/2/2 5:48,テレビ、ラジオ,ひまり,11時間25分,4,32,8.0,1,5,0.047,12.5,0.0,0.7,あと3日,https://detail.chiebukuro.yahoo.co.jp/qa/question_detail/q11324921706,リモコン付きのテレビが欲しいと思ったこと ありませんか？,0,0
1322,2026/2/2 5:48,自動車,チョッパ,11時間25分,1,25,25.0,0,1,0.036,4.0,0.01,0.15,あと3日,https://detail.chiebukuro.yahoo.co.jp/qa/question_detail/q14324921704,海外の動画で、高圧洗浄機で洗車する時、下から当ててるんですけど、それって普通なんですか？,0,0
1323,2026/2/2 5:47,生き方、人生相談,124569jg,11時間26分,6,45,7.5,0,2,0.066,13.33,0.0,0.59,あと3日,https://detail.chiebukuro.yahoo.co.jp/qa/question_detail/q12324921702,子供いるがそんな執着しないドライ、子供は苦手だ、もういらないと言う人はいますか？ ネットではなしたら、 命より命がけで、とか死ねるとか、そんなのばかりで苦痛になります。親なのにおかしいみたいに言われて...,0,0
1324,2026/2/2 5:47,メンズシューズ,非公開,11時間26分,1,16,16.0,0,0,0.023,6.25,0.0,0.1,あと3日,https://detail.chiebukuro.yahoo.co.jp/qa/question_detail/q11324921701,このスニーカーって大学生が履いてると子供っぽいなって思いますか？ 普段割とキレイめな服を着てるのですが。,0,0
1325,2026/2/2 5:47,大学受験,あ,11時間26分,1,39,39.0,0,0,0.057,2.56,0.02,0.13,あと3日,https://detail.chiebukuro.yahoo.co.jp/qa/question_detail/q10324921700,至急 高3です。看護科に行きたいのですが、受験の勉強のやり方、科目選択、どこの学校を受けようかについて悩んでることがあります。 a大学は倍率が2.0で募集人数が25人、b専門学校は1.2〜1.5倍で募...,0,0
1326,2026/2/2 5:47,自動車,1251774815,11時間27分,3,34,11.3,0,1,0.049,8.82,0.01,0.31,あと3日,https://detail.chiebukuro.yahoo.co.jp/qa/question_detail/q14324921699,配達の車で使いますが、軽自動車で1番燃費良い軽自動車何かありますかね？,0,0
1327,2026/2/2 5:47,取引相手とのトラブル,nsa********,11時間27分,8,101,12.6,0,9,0.147,7.92,0.02,1.12,あと3日,https://detail.chiebukuro.yahoo.co.jp/qa/question_detail/q13324921698,ヤフオクでかなりせっかちな出品者の商品を購入してしまいました。 支払いをすぐやれ、や受取連絡をすぐやれなどマイルールが厳しい方です。 今、支払って発送待ちなんですが、発送連絡があったら受取前にすぐ受取...,0,0
1328,2026/2/2 5:47,病気、症状,1152024957,11時間27分,2,16,8.0,0,0,0.023,12.5,0.0,0.17,あと3日,https://detail.chiebukuro.yahoo.co.jp/qa/question_detail/q12324921697,これってコンジローマですか？ おしりの内側にできてます。,0,0
1329,2026/2/2 5:46,政治、社会問題,IＤ非公開,11時間28分,1,13,13.0,0,0,0.019,7.69,0.0,0.09,あと3日,https://detail.chiebukuro.yahoo.co.jp/qa/question_detail/q11324921696,現状の地方自治体の裁量や権限内でできる過疎化対策ってなにがありますか？,0,0
1330,2026/2/2 5:46,恋愛相談、人間関係の悩み,てやん,11時間28分,2,27,13.5,0,0,0.039,7.41,0.01,0.18,あと3日,https://detail.chiebukuro.yahoo.co.jp/qa/question_detail/q10324921695,私には10個上の恋人がいました。ですが、最近彼が新しい仕事を始め環境が変わってとても忙しそうです。 いいスタートを切れるために、最初のうちは、とほぼ休みもなく朝から夜まで頑張っている彼の姿が私の目には...,0,0
1331,2026/2/2 5:46,政治、社会問題,1150015175,11時間28分,0,4,4.0,0,0,0.006,0.0,0.0,0.01,あと3日,https://detail.chiebukuro.yahoo.co.jp/qa/question_detail/q13324921693,秋田第3区から出馬する御法川さんって高市派ですか？,0,0
1332,2026/2/2 5:46,恋愛相談、人間関係の悩み,T∀BOO,11時間28分,3,26,8.7,0,1,0.038,11.54,0.0,0.3,あと3日,https://detail.chiebukuro.yahoo.co.jp/qa/question_detail/q12324921692,自分の通ってるキャバクラがあるのですが、先日キャバ嬢からコスプレで何を着たらいいのか聞かれました。 2週間に1回同伴してるキャバクラなので、その子の立場からしたら他のお客さんと比べて、僕を呼ぶのも楽と...,0,0
1333,2026/2/2 5:46,家族関係の悩み,t,11時間28分,2,37,18.5,0,0,0.054,5.41,0.01,0.2,あと3日,https://detail.chiebukuro.yahoo.co.jp/qa/question_detail/q11324921691,朝早くに携帯、お財布は持って行かないで袋にタオル、包丁を入れて自転車でどこかに行って夕方にお家に帰って来る親は自殺をしたかったのですか？,0,0
1334,2026/2/2 5:46,政治、社会問題,yosi***,11時間28分,5,87,17.4,1,5,0.126,5.75,0.02,0.85,あと3日,https://detail.chiebukuro.yahoo.co.jp/qa/question_detail/q14324921689,れいわの大石ヤバ子、大阪市民にはこういうのが普通にいるのでしょうか？,0,0
1335,2026/2/2 5:46,デンタルケア,1152207720,11時間28分,0,8,8.0,0,0,0.012,0.0,0.0,0.01,あと3日,https://detail.chiebukuro.yahoo.co.jp/qa/question_detail/q13324921688,矯正治療中の高校生男です。治療が始まって8ヶ月くらい経つのですが、口ゴボが改善しなくて心配です。知り合いには、お前はアデノイドだから矯正じゃ治らないんじゃない？ と言われました。僕はアデノイドなんでし...,0,0
1336,2026/2/2 5:46,ヘアスタイル,ltn********,11時間28分,0,4,4.0,0,0,0.006,0.0,0.0,0.01,あと3日,https://detail.chiebukuro.yahoo.co.jp/qa/question_detail/q12324921687,これってなんていうパーマですか？,0,0
1337,2026/2/2 5:46,恋愛相談、人間関係の悩み,mdr********,11時間28分,5,32,6.4,0,0,0.046,15.62,0.0,0.41,あと3日,https://detail.chiebukuro.yahoo.co.jp/qa/question_detail/q11324921686,どうすれば死にたい気持ちがなくなりますか？,0,0
1338,2026/2/2 5:45,インターネット接続,f7u********,11時間29分,4,45,11.2,0,2,0.065,8.89,0.01,0.44,あと3日,https://detail.chiebukuro.yahoo.co.jp/qa/question_detail/q14324921684,昨夜からパソコンがWi-Fiに繋がらなくなりました。 PC、ルーター、モデム共に何回か電源入れ直しましたがだめです。 スマホはWi-Fiに繋がっています。 何が原因なのでしょうか？,0,0
1339,2026/2/2 5:45,iPhone,***********,11時間29分,1,41,41.0,0,3,0.059,2.44,0.02,0.26,不明,https://detail.chiebukuro.yahoo.co.jp/qa/question_detail/q13324921683,ネットが使える状態のスマホで、かかってきた着信だけ全て留守番センターや只今電話に出れません。など、コールなしでアナウンスされる様に設定することはできますでしょうか？ iPhoneです。,0,0
1340,2026/2/2 5:45,競馬,ひまり,11時間29分,4,38,9.5,0,0,0.055,10.53,0.01,0.34,あと3日,https://detail.chiebukuro.yahoo.co.jp/qa/question_detail/q11324921681,昨日、競馬いきましたか？,0,0
1341,2026/2/2 5:45,カラオケ,ba9fb18aa,11時間30分,1,11,11.0,0,0,0.016,9.09,0.0,0.09,あと3日,https://detail.chiebukuro.yahoo.co.jp/qa/question_detail/q14324921679,弱酸性さんが歌ってる侵蝕のキーを教えてください,0,0
1342,2026/2/2 5:45,iPhone,b9de0eb49,11時間30分,0,16,16.0,0,0,0.023,0.0,0.0,0.02,あと3日,https://detail.chiebukuro.yahoo.co.jp/qa/question_detail/q13324921678,質問です！！auのキャリア決済を使って課金する時は親に通知が行かないのですが、アップ内課金だとどうなるんですかね？ファミリー共有していますが、どちらも同じクレカの決済です。早めによろしくお願いします。,0,0
1343,2026/2/2 5:45,俳優、女優,非公開,11時間30分,3,23,7.7,0,4,0.033,13.04,0.0,0.42,あと3日,https://detail.chiebukuro.yahoo.co.jp/qa/question_detail/q12324921677,女優という呼び方はよくされますが、男優という呼び方があまりされないのはなぜですか？ その代わりに俳優は主として男性を指すイメージですか？,0,0
1344,2026/2/2 5:45,株式,***********,11時間30分,1,26,26.0,0,0,0.038,3.85,0.01,0.11,あと3日,https://detail.chiebukuro.yahoo.co.jp/qa/question_detail/q10324921675,SBI証券で、寄付きで成行で買い注文を出すと同時に、買った株を大引けで成行で売り注文を出す方法をお教えください。,0,0
1345,2026/2/2 5:45,政治、社会問題,lD非公開,11時間30分,3,49,16.3,0,0,0.071,6.12,0.01,0.29,あと3日,https://detail.chiebukuro.yahoo.co.jp/qa/question_detail/q14324921674,川口市長選の結果を見ると、移民の数を抑えるのは相当難しそうですよね 結局これは、ネットでは保守思想が盛り上がっているだけで、移民を求めてる人が多いということなのでしょうか？,0,0
1346,2026/2/2 5:44,学校の悩み,Ｍ0113,11時間31分,3,29,9.7,0,0,0.042,10.34,0.0,0.26,あと3日,https://detail.chiebukuro.yahoo.co.jp/qa/question_detail/q13324921673,この、画像の卓球部の女子中学生が着ているユニフォームの卓球パンツの丈はどう思いますか？ 短いって思いますか？ 卓球のゲームパンツにはもっと長い丈のゲームパンツがあるのに、この画像の女子中学生の卓球部の...,0,0
1347,2026/2/2 5:44,自転車、サイクリング,ひまり,11時間31分,10,70,7.0,0,1,0.101,14.29,0.01,0.87,あと3日,https://detail.chiebukuro.yahoo.co.jp/qa/question_detail/q12324921672,自転車、何台持ってますか？,0,0
1348,2026/2/2 5:44,合唱、声楽,1152119991,11時間31分,1,2,2.0,0,0,0.003,50.0,0.0,0.08,あと3日,https://detail.chiebukuro.yahoo.co.jp/qa/question_detail/q11324921671,戴冠ミサ曲のテノールを実際に歌って指導しているCDまたはSNSがあれば教えて欲しい❗️,0,0
1349,2026/2/2 5:44,高校受験,c6c12876,11時間31分,5,69,13.8,0,0,0.1,7.25,0.01,0.46,あと3日,https://detail.chiebukuro.yahoo.co.jp/qa/question_detail/q13324921668,高校入試について質問です。 私は某サイトにて、偏差値49と示されている公立高校を受けようとしています。 現時点で倍率が1.32です。 実力テストでは240〜270点、 定期テストでは300点前後です。...,0,0
1350,2026/2/2 5:44,鉄道、列車、駅,ＩＤ非表示,11時間31分,6,110,18.3,0,18,0.159,5.45,0.03,1.37,あと3日,https://detail.chiebukuro.yahoo.co.jp/qa/question_detail/q12324921667,知り合いが弟の結婚式を欠席してしまい、弟夫婦をはじめ親族などからかなり非難されてブーイングされました。 その知り合いは青森県弘前市住みです。 先日知り合いの弟の結婚式が東京でありましたが奥羽本線弘前ー...,0,0
1351,2026/2/2 5:44,料理、食材,a4f58b119,11時間31分,4,24,6.0,1,0,0.035,16.67,0.0,0.47,あと3日,https://detail.chiebukuro.yahoo.co.jp/qa/question_detail/q11324921666,みなさまは、写真のカップ麺を食べたことがありますか,0,0
1352,2026/2/2 5:43,インターネット接続,1151324381,11時間32分,5,29,5.8,1,4,0.042,17.24,0.0,0.72,あと3日,https://detail.chiebukuro.yahoo.co.jp/qa/question_detail/q10324921665,PCを有線LANで接続したいです。 有線で接続して、イーサネット接続済みにはなっていますが、別途ブロードバンド接続やwifiに繋げないとdiscordだったりゲームだったりは通信できません。 Goog...,0,0
1353,2026/2/2 5:43,資格,IＤ非公開,11時間32分,4,100,25.0,0,1,0.144,4.0,0.04,0.48,あと3日,https://detail.chiebukuro.yahoo.co.jp/qa/question_detail/q13324921663,ニートだったけど一年くらい一生懸命資格の勉強に励んで、平均以上の年収の仕事にありつけたなんて話がありますが、何の資格だと思いますか？,0,0
1354,2026/2/2 5:43,テーマパーク,pro********,11時間32分,4,61,15.2,1,1,0.088,6.56,0.01,0.56,あと3日,https://detail.chiebukuro.yahoo.co.jp/qa/question_detail/q12324921662,ディズニーランド・ディズニーシーでの、ショーで一部だけ撮影禁止な理由はなんですか？ ドリームステイクフライトは撮影禁止ですが、バラエティマスターは動画がYouTubeに沢山上がってます。撮るだけなら安...,0,0
1355,2026/2/2 5:42,ライブ、コンサート,hir********,11時間34分,2,18,9.0,0,0,0.026,11.11,0.0,0.17,あと3日,https://detail.chiebukuro.yahoo.co.jp/qa/question_detail/q10324921660,Zeppなどのライブハウスについて質問です。 1階はオールスタンディングですが、ライブが始まると2階席でも立つのが普通なのでしょうか？ 私は「座って観たい」と思って2階席を購入したのに、前の人が立って...,0,0
1356,2026/2/2 5:41,家族関係の悩み,まりーごーるど,11時間35分,3,86,28.7,0,5,0.124,3.49,0.04,0.55,あと3日,https://detail.chiebukuro.yahoo.co.jp/qa/question_detail/q14324921659,夫が一緒に買い物など外出中とかに舌打ちをしたりボソボソ何か言ったりします。 それが私が気分が悪くなり、注意したり 喧嘩になります。 夫が不快で一緒に歩きたくなくなります。 何この人みたいなクセもありま...,0,0
1357,2026/2/2 5:41,マッサージ、整体,竜神,11時間35分,0,4,4.0,0,0,0.006,0.0,0.0,0.01,あと3日,https://detail.chiebukuro.yahoo.co.jp/qa/question_detail/q13324921658,アイシング クール枕で腰と左右の肩を冷やそうと思います! 腰は、ＬＬサイズの腹巻きで固定しました! 腹巻きは、安価です! 肩の固定に良い安価な物、ありますか？ 肩のサポーターは、百均でない? バンテリ...,0,0
1358,2026/2/2 5:41,生き方、人生相談,XDr2,11時間35分,4,43,10.8,0,0,0.062,9.3,0.01,0.35,あと3日,https://detail.chiebukuro.yahoo.co.jp/qa/question_detail/q12324921657,私は言葉足らず？で誤解されることが稀にあります。 ・ よく覚えてるのは、大学時代に講堂の長いすで、私は隣の人から数人分のスペースを開けて座っていて、そこへ他の女子が来て「詰めてもらって良いですか」とい...,0,0
1359,2026/2/2 5:40,絵画,fel★★★★★,11時間36分,1,30,30.0,0,6,0.043,3.33,0.01,0.37,あと3日,https://detail.chiebukuro.yahoo.co.jp/qa/question_detail/q11324921656,★おはようごじゃいマシユマロ！昆虫カテのみなしゃん！ 寒い如月の月曜日(東京新宿の外気はただいま、4℃。でしゅよ。）の朝、５分のラクガキ絵でしゅ。何を描いたか、分かりましゅかあ？,0,0
1360,2026/2/2 5:40,家族関係の悩み,TT,11時間36分,2,143,71.5,0,2,0.205,1.4,0.15,0.43,不明,https://detail.chiebukuro.yahoo.co.jp/qa/question_detail/q10324921655,再婚した夫と別れようと思う。 訳あってダメすぎるパートナーと付き合い別れた女性の方の経験談、温かいコメントのみお待ちしています。 ※どうして付き合った？などの逆質問は質問を読んでいない人として通報しま...,0,0
1361,2026/2/2 5:40,動物,fte********,11時間36分,3,20,6.7,1,0,0.029,15.0,0.0,0.39,あと3日,https://detail.chiebukuro.yahoo.co.jp/qa/question_detail/q14324921654,モグラが地面を掘るとき、邪魔になった土をどうしているのでしょうか？ 掘るということは土を移動させることで、地中を掘り進むには必然的に土を自分の後ろに避ける必要がありますが、そうすると空気の流れが止まっ...,0,0
1362,2026/2/2 5:40,アニメ,1252310888,11時間36分,3,107,35.7,0,0,0.154,2.8,0.06,0.37,不明,https://detail.chiebukuro.yahoo.co.jp/qa/question_detail/q13324921653,昔見たアニメを特定して欲しい 私は1995年生まれでして、小学校くらいの時期に見たアニメがふと気になりまして是非特定していただきたいです。 覚えている情報としましては、 海を題材にした話？ 海賊という...,0,0
1363,2026/2/2 5:40,生き方、人生相談,1150894063,11時間36分,5,40,8.0,0,1,0.057,12.5,0.0,0.46,あと3日,https://detail.chiebukuro.yahoo.co.jp/qa/question_detail/q12324921652,天涯孤独の場合、自分が死んだ時の準備は何をしておけば良いのでしょうか？怖いです。,0,0
1364,2026/2/2 5:40,住宅,c95174b44,11時間36分,3,28,9.3,1,0,0.04,10.71,0.0,0.4,あと3日,https://detail.chiebukuro.yahoo.co.jp/qa/question_detail/q11324921651,この時期ガス止まったら風呂どうしますか？,0,0
1365,2026/2/2 5:39,政治、社会問題,1153131462,11時間37分,2,29,14.5,1,1,0.042,6.9,0.01,0.37,あと3日,https://detail.chiebukuro.yahoo.co.jp/qa/question_detail/q13324921648,この仕組み作った人天才だなってものありますか？,0,0
1366,2026/2/2 5:38,資産運用、投資信託、NISA,a,11時間38分,5,65,13.0,0,0,0.093,7.69,0.01,0.45,あと3日,https://detail.chiebukuro.yahoo.co.jp/qa/question_detail/q11324921646,積み立てＮＩＳＡ、余り株など詳しくないので、3年位まえに近くの銀行で口座開設しました。今となったら成長枠の銘柄が少ないので後悔してます。ただ口座変更もできるのですが、面倒でしてません。 今度その銀行の...,0,0
1367,2026/2/2 5:38,派遣、アルバイト、パート,ひまり,11時間38分,0,4,4.0,0,0,0.006,0.0,0.0,0.01,あと3日,https://detail.chiebukuro.yahoo.co.jp/qa/question_detail/q12324921647,アルバイト、かけもちしてますか？,0,0
1368,2026/2/2 5:38,資産運用、投資信託、NISA,1150195022,11時間38分,6,103,17.2,0,2,0.147,5.83,0.03,0.66,あと3日,https://detail.chiebukuro.yahoo.co.jp/qa/question_detail/q10324921645,500万で投資するならどれがいいでしょうか？ オルカンなどの投資信託か個別株三菱やトヨタなどに入れるかどちらのパターンがいいのでしょうか？,0,0
1369,2026/2/2 5:38,家族関係の悩み,ああああ,11時間38分,3,39,13.0,0,3,0.056,7.69,0.01,0.4,あと3日,https://detail.chiebukuro.yahoo.co.jp/qa/question_detail/q14324921644,出産子育てにおいて第1子で女の子を産むメリットってなにかありますか？第1子で女の子産むならその下はもう産みたくないと思ってしまいます。 自分自身、第1子長女で生まれて、下に弟が二人いますが、人間関係や...,0,0
1370,2026/2/2 5:38,結婚,ＩＤ非表示,11時間39分,4,62,15.5,0,3,0.089,6.45,0.01,0.5,あと3日,https://detail.chiebukuro.yahoo.co.jp/qa/question_detail/q13324921643,知り合いが弟の結婚式に欠席してしまい弟夫婦や親族からかなり非難されました。 その知り合いは青森県弘前市住みですが奥羽本線弘前ー青森間がが結婚式前日、当日ともに大雪で終日運転見合わせだったために弟の結婚...,0,0
1371,2026/2/2 5:38,温泉,hir********,11時間39分,4,50,12.5,1,2,0.072,8.0,0.01,0.59,あと3日,https://detail.chiebukuro.yahoo.co.jp/qa/question_detail/q12324921642,「温泉、サウナに入って疲れをとる。リラックスする」と言われることが多いですが、私には全く理解ができません。 温泉、サウナに入ることは好きですが、例えるならスポーツをしているような感じです。 帰宅した後...,0,0
1372,2026/2/2 5:37,Google Chrome,ka*******,11時間40分,1,26,26.0,0,0,0.037,3.85,0.01,0.11,不明,https://detail.chiebukuro.yahoo.co.jp/qa/question_detail/q11324921641,auペイカード利用明細をダウンロードしたいのですが、PCからしかダウンロードできないみたいで、Chromからダウンロードしたのですが、このように出ましたが、マイクロSDに保存すれば、 パソコンから見れ...,0,0
1373,2026/2/2 5:37,資格,1052049760,11時間40分,4,91,22.8,0,0,0.13,4.4,0.03,0.41,あと3日,https://detail.chiebukuro.yahoo.co.jp/qa/question_detail/q10324921640,今年34歳独身女です。 今まで水商売だけをしてきました。 お昼の仕事をしたいと思ってます。 転職にあたり、時間はあるので資格の勉強をしようと思うのですが何がいいでしょうか。 高校の時は偏差値が大体55...,0,0
1374,2026/2/2 5:37,恋愛相談,非公開,11時間40分,4,67,16.8,0,7,0.096,5.97,0.02,0.68,あと3日,https://detail.chiebukuro.yahoo.co.jp/qa/question_detail/q14324921639,とある女性に告白され、友達と思ってたと伝えました。 それ以降、以前のような関係には戻れず、疎遠になってしまいました。 以前のような友人関係（よく連絡したり、たまに遊んだり）に戻ることはもう難しいでしょ...,0,0
1375,2026/2/2 5:37,うつ病,t,11時間40分,4,33,8.2,0,0,0.047,12.12,0.0,0.33,あと3日,https://detail.chiebukuro.yahoo.co.jp/qa/question_detail/q13324921638,鬱病はやりたい気持ちがあっても中々出来ないですか？,0,0
1376,2026/2/2 5:37,物理学,1151204855,11時間40分,2,14,7.0,0,0,0.02,14.29,0.0,0.16,あと3日,https://detail.chiebukuro.yahoo.co.jp/qa/question_detail/q11324921636,クルックス管のマイナスとプラスを入れ替えると影ができなくなるのはなんでですか？,0,0
1377,2026/2/2 5:37,花粉症、アレルギー,ぺこりん,11時間40分,2,23,11.5,0,5,0.033,8.7,0.0,0.39,あと3日,https://detail.chiebukuro.yahoo.co.jp/qa/question_detail/q10324921635,もしかして、もう花粉飛んでますか？ ここ、２、３日 くしゃみ連発だわん。,0,0
1378,2026/2/2 5:36,インターネット接続,afc7474a8,11時間41分,2,36,18.0,0,2,0.051,5.56,0.01,0.28,あと3日,https://detail.chiebukuro.yahoo.co.jp/qa/question_detail/q14324921634,vdsl回線についての質問です。 マンションVDSL（BIGLOBE契約）を使っています。 TP-LinkのルーターでLAN接続しています。 普段はPing 17〜20msですが、たまに300〜400...,0,0
1379,2026/2/2 5:35,ペット,moco,11時間42分,0,9,9.0,0,0,0.013,0.0,0.0,0.01,あと3日,https://detail.chiebukuro.yahoo.co.jp/qa/question_detail/q12324921632,至急回答していただけると助かります！ フクロモモンガベビーですが、現在スポイトがなくお皿だと飲んでくれない場合は、指先であげるなどした方がいいですか？ スポイトはすぐに購入しますが、、 それまでの期間...,0,0
1380,2026/2/2 5:35,俳優、女優,neu********,11時間42分,5,56,11.2,0,2,0.08,8.93,0.01,0.52,あと3日,https://detail.chiebukuro.yahoo.co.jp/qa/question_detail/q11324921631,麻薬には新型があり人格変化を来たすものがあり米倉涼子さんが心配です。 大丈夫でしょうか？,0,0
1381,2026/2/2 5:35,YouTube,1251949592,11時間42分,3,47,15.7,0,2,0.067,6.38,0.01,0.37,あと3日,https://detail.chiebukuro.yahoo.co.jp/qa/question_detail/q10324921630,YouTubeの収益について YouTuberはチャンネル登録者数の話ばかりしますが、結局は何人登録していようが上げた動画を再生しなければ意味はない。となりますかね？ チャンネル登録者数が多いこと自体...,0,0
1382,2026/2/2 5:35,スマートフォン,mir********,11時間42分,2,17,8.5,0,0,0.024,11.76,0.0,0.17,あと3日,https://detail.chiebukuro.yahoo.co.jp/qa/question_detail/q14324921629,インターネット共有をすると、友達が使った分私のスマホのギガが減るのでしょうか？ 仕組みがわからず教えてください、、、,0,0
1383,2026/2/2 5:35,職場の悩み,万博のユスリカ,11時間42分,5,62,12.4,0,10,0.088,8.06,0.01,0.87,あと3日,https://detail.chiebukuro.yahoo.co.jp/qa/question_detail/q13324921628,関西人は普段方言で喋るのに、なぜ文章になると標準語になるんですか？ある関西の会社の事務所に貼られていた、標語のようなポスター、（～せなあかん）といった感じではなく（～します）みたいな。,0,0
1384,2026/2/2 5:35,政治、社会問題,1053048010,11時間42分,2,23,11.5,0,1,0.033,8.7,0.0,0.22,あと3日,https://detail.chiebukuro.yahoo.co.jp/qa/question_detail/q12324921627,この国が変わるにはナンしたら良いのですか？報道統制もジャニーズのごり押しも相変わらずでナンも変わっていませんね。,0,0
1385,2026/2/2 5:35,ニュース、事件,pin********,11時間43分,1,30,30.0,0,0,0.043,3.33,0.01,0.11,あと3日,https://detail.chiebukuro.yahoo.co.jp/qa/question_detail/q10324921625,自維300議席超うかがう 中道半減も 参政・みらい勢い 朝日調査とありますが、投票が終わった訳じゃありません。ネットや電話で反応を見た結果に過ぎません。 朝日新聞は投票行動に移らないような気のゆるみを...,0,0
1386,2026/2/2 5:35,政治、社会問題,hir********,11時間43分,1,18,18.0,0,0,0.026,5.56,0.0,0.1,あと3日,https://detail.chiebukuro.yahoo.co.jp/qa/question_detail/q14324921624,コンビニや飲食店では東南アジア、南アジア系の店員をよく見かけますが、韓国や中国、台湾でも、そのような人が増えてきているのでしょうか？ また、日本に出稼ぎに来るような国のコンビニや飲食店の店員は、さらに...,0,0
1387,2026/2/2 5:34,英語,ひまり,11時間44分,3,19,6.3,0,3,0.027,15.79,0.0,0.37,あと3日,https://detail.chiebukuro.yahoo.co.jp/qa/question_detail/q13324921623,外国人と英語で会話したことありますか？,0,0
1388,2026/2/2 5:34,Yahoo!知恵袋,バルジーニ,11時間44分,6,15,2.5,0,0,0.021,40.0,0.0,0.45,あと3日,https://detail.chiebukuro.yahoo.co.jp/qa/question_detail/q11324921621,おはようございます。ブラック珈琲は飲みましたか？,0,0
1389,2026/2/2 5:33,動物,レモンスカッシュ,11時間45分,3,18,6.0,0,0,0.026,16.67,0.0,0.24,あと3日,https://detail.chiebukuro.yahoo.co.jp/qa/question_detail/q14324921619,四川省はパンダの故郷だから。 上野動物園にいたパンダも向こうの方が良い、過ごしやすいのかもしれないですか？ きっと新鮮で美味しい竹がたくさんあります。,0,0
1390,2026/2/2 5:33,家族関係の悩み,1150166701,11時間45分,5,52,10.4,0,8,0.074,9.62,0.01,0.77,あと3日,https://detail.chiebukuro.yahoo.co.jp/qa/question_detail/q13324921618,アンガーマネジメントを学ぶことで 夫婦喧嘩もなくなっていきますか？,0,0
1391,2026/2/2 5:33,職場の悩み,a4f58b119,11時間45分,0,8,8.0,1,0,0.011,0.0,0.0,0.15,あと3日,https://detail.chiebukuro.yahoo.co.jp/qa/question_detail/q12324921617,何でこのようなズボンは、介護職員が履くのが向いていないと言われているのですか,0,0
1392,2026/2/2 5:33,映画,わ,11時間45分,0,8,8.0,0,0,0.011,0.0,0.0,0.01,あと3日,https://detail.chiebukuro.yahoo.co.jp/qa/question_detail/q11324921616,アマプラで見れるめっちゃくちゃ泣ける映画教えて欲しいです。 邦画と洋画できればどちらとも,0,0
1393,2026/2/2 5:33,ゲーム,a8effafb4,11時間45分,0,8,8.0,0,0,0.011,0.0,0.0,0.01,あと3日,https://detail.chiebukuro.yahoo.co.jp/qa/question_detail/q13324921613,プレステ5でARCしているのですが、クリスマスやハロウィンのイベント時にイベントカラー恐竜が出ないのですが、何か設定でオフなどにしてしまっているのでしょうか？教えていただきたいです,0,0
1394,2026/2/2 5:32,携帯型ゲーム全般,bf27f0242,11時間46分,3,81,27.0,0,0,0.115,3.7,0.03,0.33,あと3日,https://detail.chiebukuro.yahoo.co.jp/qa/question_detail/q12324921612,エンドフィールドが面白かったのでアークナイツを入れようか悩んでるんですけどどうですか？ストーリーが暗そうなのとほぼ別物のような感じならと悩んでいます。,0,0
1395,2026/2/2 5:32,住宅,非公開ユーザー,11時間46分,3,25,8.3,0,0,0.035,12.0,0.0,0.25,あと3日,https://detail.chiebukuro.yahoo.co.jp/qa/question_detail/q11324921611,北側の部屋をわたしのへやにしたいんですけど、タバコのヤニが引っ越す前の時から壁の全面的にあってカビもめっちゃあるので壁紙貼り替えるのありですか？ 貼り替えてもまたカビは発生しますか？教えてください で...,0,0
1396,2026/2/2 5:32,友人関係の悩み,ただまつ11040204,11時間46分,1,16,16.0,0,2,0.023,6.25,0.0,0.18,あと3日,https://detail.chiebukuro.yahoo.co.jp/qa/question_detail/q10324921610,昨年１２月に恋人が天国へ行ってしまい、とてもショックで心がどこかに行ってしまってました。 お正月にある友人から年賀状が来たのですが、年賀状の返事ができなかったので、手紙に理由を書いて送ったのですが１ヶ...,0,0
1397,2026/2/2 5:32,テレビ、ラジオ,1053176179,11時間46分,2,28,14.0,0,0,0.04,7.14,0.01,0.18,あと3日,https://detail.chiebukuro.yahoo.co.jp/qa/question_detail/q14324921609,深夜に見た番組？が思い出せません。9部屋？6部屋？ のマンションに、キャラクター達が住んでいて、おじいさんのキャラクターが幽霊か何かに顔を怪我させられたのか、顔中包帯でぐるぐるなりながら横になっていて...,0,0
1398,2026/2/2 5:32,K-POP、アジア,みるく,11時間46分,0,82,82.0,0,0,0.116,0.0,0.0,0.12,あと3日,https://detail.chiebukuro.yahoo.co.jp/qa/question_detail/q13324921608,SMtownでレドベルのアイリーンとNCTWISHのシオンの絡みが見られましたが、仲良いんですか？？ なぜ仲良いんでしょうか？なぜあのような絡みになったのか理由があれば教えて欲しいです！ NCTWIS...,0,0
1399,2026/2/2 5:32,スマートフォン,ひまり,11時間46分,2,14,7.0,0,1,0.02,14.29,0.0,0.2,あと3日,https://detail.chiebukuro.yahoo.co.jp/qa/question_detail/q12324921607,スマホを何台持ってますか？,0,0
1400,2026/2/2 5:32,プログラミング,1152264804,11時間46分,0,6,6.0,0,0,0.008,0.0,0.0,0.01,あと3日,https://detail.chiebukuro.yahoo.co.jp/qa/question_detail/q11324921606,VScodeでlatexを使っていた際に突然pdf出力されなくなりました。原因が全くわかりませrん。わかる方、教えてください。,0,0
1401,2026/2/2 5:32,スマホアプリ,yxn********,11時間46分,1,16,16.0,0,0,0.023,6.25,0.0,0.09,あと3日,https://detail.chiebukuro.yahoo.co.jp/qa/question_detail/q10324921605,whoo アプリについて教えてください。 1人の親友と私の2人だけで、whoo を使っています。(親友は子供や友人とも共有しているかもしれません) 私が私の母親のスマホをこのwhooにセッティングした...,0,0
1402,2026/2/2 5:32,政治、社会問題,※※※※※※※※※※,11時間47分,3,20,6.7,0,3,0.028,15.0,0.0,0.37,あと3日,https://detail.chiebukuro.yahoo.co.jp/qa/question_detail/q14324921604,憲法9条を堅持するというのは、有権者受けが 悪くて支持されないんでしょうか？,0,0
1403,2026/2/2 5:31,K-POP、アジア,非公開,11時間48分,0,23,23.0,0,0,0.032,0.0,0.0,0.03,あと3日,https://detail.chiebukuro.yahoo.co.jp/qa/question_detail/q13324921603,VERIVERYファンの友人が以前(ボイプラ放送前)「VERIVERYはカンミンのおかげでなんとか解散を免れてる」と言っていたのですが、今もそうなんでしょうか？,0,0
1404,2026/2/2 5:31,恋愛相談、人間関係の悩み,非公開,11時間48分,1,24,24.0,0,0,0.034,4.17,0.01,0.1,あと3日,https://detail.chiebukuro.yahoo.co.jp/qa/question_detail/q12324921602,被害妄想が強くネガティブな性格をなんとかしたいです。マチアプで知り合って遠距離で半年の彼氏がいます。本当に自分のこと好きか不安になります。LINE頻度少ないし、向こうからは要件無ければ来ない。 昨日も...,0,0
1405,2026/2/2 5:31,恋愛相談、人間関係の悩み,c95174b44,11時間48分,1,23,23.0,0,1,0.032,4.35,0.01,0.15,あと3日,https://detail.chiebukuro.yahoo.co.jp/qa/question_detail/q11324921601,この時間に起きてる人はなんなんですか？ ニートですか？,0,0
1406,2026/2/2 5:31,法律相談,a4f58b119,11時間48分,0,4,4.0,0,0,0.006,0.0,0.0,0.01,あと3日,https://detail.chiebukuro.yahoo.co.jp/qa/question_detail/q10324921600,列車の賠償金の必ずあるあるは、何だと思いますか,0,0
1407,2026/2/2 5:31,政治、社会問題,haya*s******,11時間48分,2,9,4.5,0,0,0.013,22.22,0.0,0.15,あと3日,https://detail.chiebukuro.yahoo.co.jp/qa/question_detail/q14324921599,しぱき隊と呼ばれている人達は暴力革命なのですか？,0,0
1408,2026/2/2 5:31,Yahoo!知恵袋,ひまり,11時間48分,3,25,8.3,0,0,0.035,12.0,0.0,0.25,あと3日,https://detail.chiebukuro.yahoo.co.jp/qa/question_detail/q13324921598,知恵袋を愛していますか？,0,0
1409,2026/2/2 5:31,Yahoo!知恵袋,a230d0c3,11時間48分,1,13,13.0,0,0,0.018,7.69,0.0,0.09,あと3日,https://detail.chiebukuro.yahoo.co.jp/qa/question_detail/q12324921597,どちらを選択されましたか。 今はどのように考えていますか。,0,0
1410,2026/2/2 5:31,政治、社会問題,swe********,11時間48分,2,33,16.5,1,0,0.047,6.06,0.01,0.33,あと3日,https://detail.chiebukuro.yahoo.co.jp/qa/question_detail/q11324921596,最近話題になっているいじめ問題ですがテレビ等メディアでいじめへの批判やその動画により加害者に二次被害が起きることへの懸念は扱うのに、教育委員会や学校、 警察が被害者個人からの訴えでは動かず毎回動画投稿...,0,0
1411,2026/2/2 5:30,タブレット端末,1150751854,11時間49分,1,10,10.0,0,0,0.014,10.0,0.0,0.08,あと3日,https://detail.chiebukuro.yahoo.co.jp/qa/question_detail/q12324921592,iPadの修理について 3年ほど前に買ったiPadProの画面をバキバキに割ってしまいました 画面自体はついて反応するのですがガラスがポロポロ出てきて危ないと思うので修理に出そうと見積もりを出して貰っ...,0,0
1412,2026/2/2 5:30,派遣、アルバイト、パート,ba865f087,11時間49分,1,12,12.0,0,0,0.017,8.33,0.0,0.09,あと3日,https://detail.chiebukuro.yahoo.co.jp/qa/question_detail/q10324921590,居酒屋バイトって出会いありますか,0,0
1413,2026/2/2 5:30,恋愛相談,ひまり,11時間49分,1,18,18.0,0,0,0.025,5.56,0.0,0.1,あと3日,https://detail.chiebukuro.yahoo.co.jp/qa/question_detail/q14324921589,ラブレターというのは返事が無いのが正解ですよね？ 「あぁ・・・あの人、読んでくれたかしら・・・」と、せつなさに酔いしれるのが ラブレターというものですよね？ 「いいですよ。付き合いましょう」と 返事が...,0,0
1414,2026/2/2 5:30,動物園、水族館,レモンスカッシュ,11時間49分,8,52,6.5,0,6,0.073,15.38,0.0,0.89,あと3日,https://detail.chiebukuro.yahoo.co.jp/qa/question_detail/q12324921587,ペンギンを見られるおすすめの水族館、動物園はどこですか？,0,0
1415,2026/2/2 5:29,政治、社会問題,呉下の阿蒙,11時間50分,5,55,11.0,0,3,0.077,9.09,0.01,0.55,あと3日,https://detail.chiebukuro.yahoo.co.jp/qa/question_detail/q11324921586,移民反対を叫ぶのは簡単だけどではその仕事は誰がやるのですか？介護とか遠洋漁業とか深夜の弁当工場とか,0,0
1416,2026/2/2 5:29,職場の悩み,pjgmjmdtv,11時間50分,4,93,23.2,0,3,0.131,4.3,0.03,0.54,あと3日,https://detail.chiebukuro.yahoo.co.jp/qa/question_detail/q10324921585,適応障害になった者です。 昨年から多忙とストレスから、精神的に病んでしまい、毎朝吐き気と動悸が発生し、業務はおろか出勤すら難しい状況になってしまいました。 お医者様より結構重たい適応障害らしく、治すな...,0,0
1417,2026/2/2 5:29,オーディオ,TU,11時間50分,1,19,19.0,0,0,0.027,5.26,0.01,0.1,あと3日,https://detail.chiebukuro.yahoo.co.jp/qa/question_detail/q13324921583,お伺いいたします。長年使っていた、ONKYOのFR-X7というCD-MDプレイヤーのトレイが開かなくなってしまいました、何方かお詳しい方～お忙しいところ恐縮ですが教えてくださいお願いいたします。,0,0
1418,2026/2/2 5:29,スノーボード,1153148259,11時間51分,4,67,16.8,0,2,0.094,5.97,0.02,0.46,あと3日,https://detail.chiebukuro.yahoo.co.jp/qa/question_detail/q12324921582,スノボ初めて2年目の初心者で、ビンディング スノボ板について質問です。 去年まで、メルカリにて購入した約14年前の011artisticの板とそれに付属していたfluxの板を使っていたのですが、あまり...,0,0
1419,2026/2/2 5:28,シニアライフ、シルバーライフ,三兆円事件,11時間52分,7,44,6.3,0,2,0.062,15.91,0.0,0.64,あと3日,https://detail.chiebukuro.yahoo.co.jp/qa/question_detail/q10324921580,高齢者と中学生が喧嘩したらどっちが勝ちますか？,0,0
1420,2026/2/2 5:27,病気、症状,MAR,11時間53分,1,10,10.0,0,1,0.014,10.0,0.0,0.13,あと3日,https://detail.chiebukuro.yahoo.co.jp/qa/question_detail/q14324921579,布団をかぶっていないと寝っ転がれなく、地面に座るときも布団やクッションで体を隠していないと座っていられず、立ちたくなります これはどうしたら治りますか?夏場暑くて大変なのと、友達の家に遊びに行った時に...,0,0
1421,2026/2/2 5:27,掃除機、洗濯機,hoj********,11時間53分,0,12,12.0,0,0,0.017,0.0,0.0,0.02,あと3日,https://detail.chiebukuro.yahoo.co.jp/qa/question_detail/q11324921576,ダイソンV6のバッテリーが駄目になり交換なのですが マキタの工具を持っててバッテリーがあるので変換もいいかなと思ってます。 ダイソンの形なら互換を考えてます。 これならどちらがいいでしょうか。,0,0
1422,2026/2/2 5:27,家族関係の悩み,tan********,11時間53分,5,121,24.2,1,6,0.17,4.13,0.04,0.91,あと3日,https://detail.chiebukuro.yahoo.co.jp/qa/question_detail/q10324921575,何かいい仕返しはないですか？ 私が日々の家事育児全般やっていますが、夫に全部自己満に過ぎないと言われとても腹が立っています。 専業主婦ではありますが、未就学児が2人いるのでそれなりに忙しくやっています...,0,0
1423,2026/2/2 5:27,一般教養,Div********,11時間53分,8,53,6.6,0,16,0.074,15.09,0.0,1.31,あと3日,https://detail.chiebukuro.yahoo.co.jp/qa/question_detail/q13324921573,WBC（野球）の今大会は、地上波放送がなくNetflixの独占配信ですが、視聴のために有料登録しますか？,0,0
1424,2026/2/2 5:27,心理学,非公開,11時間53分,6,9,1.5,0,11,0.013,66.67,0.0,0.89,あと3日,https://detail.chiebukuro.yahoo.co.jp/qa/question_detail/q11324921571,カメラを持っている人はおしゃれに見えるのは何故ですか？,0,0
1425,2026/2/2 5:27,恋愛相談、人間関係の悩み,レモンスカッシュ,11時間53分,7,42,6.0,0,5,0.059,16.67,0.0,0.76,あと3日,https://detail.chiebukuro.yahoo.co.jp/qa/question_detail/q10324921570,「本当に縁がある人とは努力しなくても会う」という考え方。 人間関係で悩んでいた時にある言葉に出会いました。 「本当に自分に合う人とは、駆け引きや無理な努力をしなくても自然にうまくいく。逆に、相手の気持...,0,0
1426,2026/2/2 5:26,パソコン,ふへへ,11時間54分,6,58,9.7,0,0,0.081,10.34,0.01,0.5,あと3日,https://detail.chiebukuro.yahoo.co.jp/qa/question_detail/q14324921569,ガレリアのパソコンの購入を 考えているので質問です。AMD Ryzen7 7700、8コア16スレッドが搭載されているものかCore Ultra7 265F、20コア20スレッドかで迷っています。 パ...,0,0
1427,2026/2/2 5:26,賃貸物件,zwq********,11時間54分,0,14,14.0,0,0,0.02,0.0,0.0,0.02,あと3日,https://detail.chiebukuro.yahoo.co.jp/qa/question_detail/q13324921568,檄狭賃貸に暮らすミニマリストがルームツアーをしているYouTube動画を２つ探しています。 数年前に見つけてもう一度見たいのですが、様々なワードで検索しても動画が見つかりません…。 1つ目 ・確か若め...,0,0
1428,2026/2/2 5:26,家族関係の悩み,非公開,11時間54分,5,98,19.6,0,6,0.137,5.1,0.03,0.74,あと3日,https://detail.chiebukuro.yahoo.co.jp/qa/question_detail/q12324921567,姑から『あなたのせいで息子から怒られた』と激怒された場合、どう返すのが良いのでしょうか？ 姑が過干渉、でしゃばりのため『ほっといてほしい』と私が言ったところ、この時点で既に姑は怒っていました。多分、舅...,0,0
1429,2026/2/2 5:26,恋愛相談、人間関係の悩み,くれしんし,11時間54分,0,8,8.0,0,0,0.011,0.0,0.0,0.01,あと3日,https://detail.chiebukuro.yahoo.co.jp/qa/question_detail/q11324921566,この女言うこと聞きそうと思って近づいた（告白して付き合えた）、言うこと聞かせようとする、最初は優しく３つ目からはもうキレてる、でもなかなか言うこと聞かない、断られる、こういう場合諦めて次行くよね？ 諦...,0,0
1430,2026/2/2 5:26,YouTube,l D非公開,11時間54分,0,61,61.0,0,0,0.085,0.0,0.0,0.09,あと3日,https://detail.chiebukuro.yahoo.co.jp/qa/question_detail/q10324921565,Xで最近かなり頻繁に流れてくるのでご存じの方多いと思うのですが おそらく統合失調症で「つげのひろこさん」が意味不明なことを話してる動画が良く出てます。この方は過去にアメブロで名前を出してやっておられま...,0,0
1431,2026/2/2 5:26,日本語,※※※※※※※※※※,11時間54分,3,24,8.0,0,1,0.034,12.5,0.0,0.28,あと3日,https://detail.chiebukuro.yahoo.co.jp/qa/question_detail/q14324921564,「貴殿」と「貴様」は、侮蔑語でしょうか？ それとも、最上位の尊敬語または丁寧語に なりますか？,0,0
1432,2026/2/2 5:25,海外,1150587749,11時間56分,1,14,14.0,0,0,0.02,7.14,0.0,0.09,あと3日,https://detail.chiebukuro.yahoo.co.jp/qa/question_detail/q13324921563,プーケット旅行でピピ島ツアーに行きます。 ツアーの日は前日とは違うホテルに泊まるので、スーツケースはホテルのフロントに預けようと思っています。 この場合パスポート、財布はどう管理するのが1番良いでしょ...,0,0
1433,2026/2/2 5:24,移住、田舎暮らし,ひまり,11時間57分,7,50,7.1,0,6,0.07,14.0,0.01,0.81,あと3日,https://detail.chiebukuro.yahoo.co.jp/qa/question_detail/q10324921560,田舎から東京へ行くのが「上京」なら 東京から田舎へ行くのは「下舎(げなか)」 ですか？,0,0
1434,2026/2/2 5:24,鉄道、列車、駅,非公開,11時間57分,3,56,18.7,1,12,0.078,5.36,0.01,0.93,あと3日,https://detail.chiebukuro.yahoo.co.jp/qa/question_detail/q13324921558,名古屋から伊勢市に乗り換えなしの近鉄特急に乗ります。 名古屋を10時半前後に出る感じですが、列車の編成とトイレ位置を知りたくHPを確認しましたが分かりませんでした。 一般特急のトイレ位置がわかる方がお...,0,0
1435,2026/2/2 5:23,クレジットカード,1250985431,11時間58分,1,22,22.0,0,0,0.031,4.55,0.01,0.1,あと3日,https://detail.chiebukuro.yahoo.co.jp/qa/question_detail/q11324921556,j-westカードについて質問です。 現在、通勤でJR西日本と阪急電車を利用していて、ICOCAの定期券を持っています。 他社と合わせて1枚の定期券にしているため、モバイルICOCAも登録ができません...,0,0
1436,2026/2/2 5:23,飲食店,竜神,11時間58分,2,26,13.0,0,6,0.036,7.69,0.0,0.43,あと3日,https://detail.chiebukuro.yahoo.co.jp/qa/question_detail/q10324921555,前に質問した？けど カロリーの低いラーメンは? スープの出汁は?,0,0
1437,2026/2/2 5:23,日本語,ありもりなりみいまそかり,11時間58分,6,75,12.5,0,6,0.104,8.0,0.01,0.77,不明,https://detail.chiebukuro.yahoo.co.jp/qa/question_detail/q14324921554,近頃、ヤフコメなどで「よね」という語尾が多いのが気になります。 本来は「だよね」ではないのでしょうか？ もちろん砕けた言い回しなので、どちらでも良いということなのでしょうが、なぜ「だ」の一文字くらい省...,0,0
1438,2026/2/2 5:23,生き方、人生相談,レモンスカッシュ,11時間58分,6,46,7.7,0,2,0.064,13.04,0.0,0.56,あと3日,https://detail.chiebukuro.yahoo.co.jp/qa/question_detail/q13324921553,人生のすべては決まっているという考え方。 ある人生訓のような文章を目にしたのですが、心が軽くなった反面、どうなんだろう思います。 ​その内容は、「仕事や学校の縁がなかったのは、そこに自分のストーリーが...,0,0
1439,2026/2/2 5:23,学校の悩み,1252674641,11時間58分,3,64,21.3,0,0,0.089,4.69,0.02,0.3,あと3日,https://detail.chiebukuro.yahoo.co.jp/qa/question_detail/q12324921552,至急お願いします！ 学生170センチ座高が100センチ弱あります( ; ; ) そのため授業中机が遠くて首をしょっちゅう痛め、それを庇うために姿勢を崩したりして、ストレートネックと2箇所の側弯症と頚椎...,0,0
1440,2026/2/2 5:23,恋愛相談、人間関係の悩み,くれしんし,11時間58分,1,13,13.0,0,0,0.018,7.69,0.0,0.09,あと3日,https://detail.chiebukuro.yahoo.co.jp/qa/question_detail/q11324921551,付き合ってすぐに彼氏が豹変、モラハラでDV予備軍になった。わずか１週間で振った。 彼女にたいして支配欲やコントロール欲芽生える人で交際中に一寸もうまくいかず、支配欲もコントロール欲も全くなのに、彼女か...,0,0
1441,2026/2/2 5:23,移住、田舎暮らし,ＩＤ非公開,11時間58分,6,117,19.5,0,3,0.163,5.13,0.03,0.7,あと3日,https://detail.chiebukuro.yahoo.co.jp/qa/question_detail/q10324921550,私の田舎の地域の事で悩んでいます。 私は日本でもわりかし有名な観光地である山間部の田舎に住んでいますが、この田舎は小学生の頃から気がついていましたが、住民の性格がとても悪く、底意地が悪く、変わり者を無...,0,0
1442,2026/2/2 5:22,恋愛相談、人間関係の悩み,aabee323a,11時間59分,4,21,5.2,0,0,0.029,19.05,0.0,0.31,あと3日,https://detail.chiebukuro.yahoo.co.jp/qa/question_detail/q14324921549,彼女と復縁の話し合いは対面がいいでしょうか。いままで対面話し合うときは、学校終わりに近くの公園でしていました。ですが今は受験期終盤になって学校に行かない期間になってしまいます。 お互い家が近いわけでは...,0,0
1443,2026/2/2 5:21,家具、インテリア,daj********,12時間0分,0,26,26.0,0,0,0.036,0.0,0.0,0.04,あと3日,https://detail.chiebukuro.yahoo.co.jp/qa/question_detail/q12324921547,天然木ですが、これは虫食いっぽいですか？前はなかったようにも思います… 洗面台で普段は濡れないように隠れています。 対処法を教えていただければ幸いです。,0,0
1444,2026/2/2 5:21,YouTube,1151199810,12時間0分,0,4,4.0,0,0,0.006,0.0,0.0,0.01,あと3日,https://detail.chiebukuro.yahoo.co.jp/qa/question_detail/q10324921545,よくYouTubeとかでコメントの吹き出しに使われてる効果音ってどれですか？,0,0
1445,2026/2/2 5:21,アニメ,がはは,12時間1分,3,16,5.3,0,0,0.022,18.75,0.0,0.23,あと3日,https://detail.chiebukuro.yahoo.co.jp/qa/question_detail/q14324921544,アニメイトに行ってフィギュアを買おうとしてるのですがいいと思いますか？,0,0
1446,2026/2/2 5:21,iPhone,おと,12時間1分,2,57,28.5,0,0,0.079,3.51,0.02,0.22,あと3日,https://detail.chiebukuro.yahoo.co.jp/qa/question_detail/q13324921543,この機能がめちゃめちゃ鬱陶しいです。 何回OFFにしてもすぐONになってしまいます。 でも兄弟はそんなことなってないし、私がなにか押してしまったのでしょうか… どなたか解決方法を知っている方がいました...,0,0
1447,2026/2/2 5:21,タブレット端末,pjgmjmdtv,12時間1分,1,35,35.0,0,0,0.049,2.86,0.02,0.12,あと3日,https://detail.chiebukuro.yahoo.co.jp/qa/question_detail/q12324921542,iPadについて アプデしてから、なんか文字が打ちにくくなりました 今まで画面の1番右下にキーボードを置けたのに、下まで行けません。 なにかカスタマイズする方法はありませんか？,0,0
1448,2026/2/2 5:21,バイク,あ,12時間1分,9,89,9.9,0,6,0.123,10.11,0.01,1.0,あと3日,https://detail.chiebukuro.yahoo.co.jp/qa/question_detail/q11324921541,小型二輪車のMTについて質問です。まず小型二輪のATだけを対応している教習所がたくさんありMTに対応していないところが多くて探すのに疲れてしまったので、わかる人がいれば教えて欲しいです。 自分は小型二...,0,0
1449,2026/2/2 5:21,恋愛相談、人間関係の悩み,るな,12時間1分,3,32,10.7,0,0,0.044,9.38,0.0,0.25,あと3日,https://detail.chiebukuro.yahoo.co.jp/qa/question_detail/q10324921540,今年21歳になる女です 好きな人が出来ました。相手は34歳です 友人にこのことを言ったら年齢差的に絶対やめた方がいいし無理と言われました 第三者からみてどう思いますか？,0,0
1450,2026/2/2 5:20,資産運用、投資信託、NISA,まつたか,12時間2分,3,63,21.0,0,1,0.087,4.76,0.02,0.34,あと3日,https://detail.chiebukuro.yahoo.co.jp/qa/question_detail/q14324921539,個別株10株とか20株保有する意味とかあるんですか？一般人なので100株とか買えません。,0,0
1451,2026/2/2 5:20,小説,屁こき神,12時間2分,0,20,20.0,0,0,0.028,0.0,0.0,0.03,あと3日,https://detail.chiebukuro.yahoo.co.jp/qa/question_detail/q10324921535,昔少し読んだなろう小説を探しています。 下の条件に合うような作品があれば教えてください。 主人公は厨二病おっさん スキル効果で憑依？があり、女剣士と入れ替われる 世界観は荒廃した現代でダンジョンがある...,0,0
1452,2026/2/2 5:20,事件、事故,fy63ewfchg9,12時間2分,0,7,7.0,0,0,0.01,0.0,0.0,0.01,あと3日,https://detail.chiebukuro.yahoo.co.jp/qa/question_detail/q14324921534,現金強奪事件、奪われた側のビジネスモデルを教えてください,0,0
1453,2026/2/2 5:20,職場の悩み,なんやかんやそうなんや,12時間2分,3,29,9.7,0,1,0.04,10.34,0.0,0.29,あと3日,https://detail.chiebukuro.yahoo.co.jp/qa/question_detail/q13324921533,公共工事 不良工事 隠蔽 公益通報について 昨年9月に12年働いた建設会社を退職しました 退職した建設会社で不正がありました 内容といたしまして、河川の堤防築堤にて軟弱地盤のセメントによる改良を築堤前...,0,0
1454,2026/2/2 5:20,英語,非公開,12時間2分,2,26,13.0,0,0,0.036,7.69,0.0,0.17,あと3日,https://detail.chiebukuro.yahoo.co.jp/qa/question_detail/q12324921532,The combination of Bismarck’s superb political maneuvering and the three armed conflicts that had br...,0,0
1455,2026/2/2 5:20,政治、社会問題,呉下の阿蒙,12時間2分,2,31,15.5,0,2,0.043,6.45,0.01,0.26,あと3日,https://detail.chiebukuro.yahoo.co.jp/qa/question_detail/q11324921531,ここ数十年で非正規が増えたのは、若者が働きたくても就職口がないのではなく、単に高齢者が増えて定年後も働くようになった、というだけの話ですよね？,0,0
1456,2026/2/2 5:20,恋愛相談、人間関係の悩み,lD非公開,12時間2分,4,73,18.2,1,0,0.101,5.48,0.02,0.52,あと3日,https://detail.chiebukuro.yahoo.co.jp/qa/question_detail/q10324921530,どうしても忘れられない昔の恋人っていませんか？ あんな事もあったな、と完全に過去にできる人もいますが、 また会えたらなと思う人が1人だけいます。 生産性がないとわかりながら、また昔のように話したいです...,0,0
1457,2026/2/2 5:19,恋愛相談、人間関係の悩み,Yuuuuuu,12時間3分,6,72,12.0,0,15,0.099,8.33,0.01,1.13,あと3日,https://detail.chiebukuro.yahoo.co.jp/qa/question_detail/q14324921529,彼氏とのことで悩んでいます。 私22歳（フリーター）、彼氏34歳で工業系の仕事をしており年収は約600万円ほどです。付き合ってもうすぐ4年になり、現在同棲しています。 同棲中のお金の負担について、私は...,0,0
1458,2026/2/2 5:19,恋愛相談、人間関係の悩み,レモンスカッシュ,12時間3分,2,9,4.5,0,0,0.012,22.22,0.0,0.15,あと3日,https://detail.chiebukuro.yahoo.co.jp/qa/question_detail/q13324921528,人間関係や縁について。なぜかいつも「裏目」に出てしまいます。 ​人と関わるとき、なぜかいつもタイミングが合わなかったり、良かれと思ってやったことが裏目に出てしまったりします。 ​人と接するのが少し怖く...,0,0
1459,2026/2/2 5:18,気象、天気,匿名,12時間5分,2,17,8.5,1,0,0.023,11.76,0.0,0.3,あと3日,https://detail.chiebukuro.yahoo.co.jp/qa/question_detail/q10324921525,東京の3月後半の夜はどれくらい寒いですか？ 服はどれくらいの薄さが最適ですか？自分は暑がりの方です。,0,0
1460,2026/2/2 5:18,政治、社会問題,竜神,12時間5分,1,18,18.0,0,3,0.025,5.56,0.0,0.22,あと3日,https://detail.chiebukuro.yahoo.co.jp/qa/question_detail/q14324921524,減税日本ゆうこく連合 保守党 どちらが、議席が増えそう？ 河村、百田、揉めたけど？,0,0
1461,2026/2/2 5:18,コミック,c5683610f,12時間5分,4,52,13.0,0,0,0.072,7.69,0.01,0.35,あと3日,https://detail.chiebukuro.yahoo.co.jp/qa/question_detail/q13324921523,ジョジョの奇妙な冒険のスタンドで 日常使いに便利なのは何ですか？,0,0
1462,2026/2/2 5:18,プレイステーション4,vnx********,12時間5分,2,4,2.0,0,2,0.006,50.0,0.0,0.23,あと3日,https://detail.chiebukuro.yahoo.co.jp/qa/question_detail/q11324921521,ps5でps2のゲームできますか？,0,0
1463,2026/2/2 5:18,ポータブル音楽プレーヤー,ang********,12時間5分,1,20,20.0,0,0,0.028,5.0,0.01,0.1,不明,https://detail.chiebukuro.yahoo.co.jp/qa/question_detail/q10324921520,ipodタッチは使えますか？ LINEやネットだけ使えれば良いです。 何世代まで利用出来ますか？,0,0
1464,2026/2/2 5:17,化学,1151204855,12時間6分,2,58,29.0,0,0,0.08,3.45,0.02,0.22,あと3日,https://detail.chiebukuro.yahoo.co.jp/qa/question_detail/q14324921519,子の問題ってどういうことですか？ 気温が違うため飽和水蒸気量は違うのに露点がおなじです。 理解が曖昧なので教えて欲しいです！,0,0
1465,2026/2/2 5:17,デンタルケア,ひまり,12時間6分,6,21,3.5,0,2,0.029,28.57,0.0,0.52,あと3日,https://detail.chiebukuro.yahoo.co.jp/qa/question_detail/q12324921517,親知らず抜いたことありますか？,0,0
1466,2026/2/2 5:17,マラソン、陸上競技,名無し,12時間6分,2,18,9.0,0,0,0.025,11.11,0.0,0.16,あと3日,https://detail.chiebukuro.yahoo.co.jp/qa/question_detail/q11324921516,中2女子なのですが、 持久走2000mで8分31秒はどのぐらい速いですか？,0,0
1467,2026/2/2 5:17,株式,***********,12時間6分,1,24,24.0,0,0,0.033,4.17,0.01,0.1,あと3日,https://detail.chiebukuro.yahoo.co.jp/qa/question_detail/q14324921514,SBI証券は他の証券会社に比べて手数料が安かったり、無料だったりするのに、どうやって儲けているのですか？,0,0
1469,2026/2/2 5:16,洋楽,abcd,12時間7分,17,191,11.2,1,0,0.262,8.9,0.03,1.57,あと3日,https://detail.chiebukuro.yahoo.co.jp/qa/question_detail/q14324921509,【どっちも好きw(Like both)】甲乙つけがたくｗ好きな、まったく同タイトルの2曲がおありでしたらばｗご回答ください【洋楽限定 2曲まで/のみ】 ※下記◆部を必ずご一読ください ． 基本ルールは...,0,0
1470,2026/2/2 5:15,料理、食材,ひまり,12時間8分,2,15,7.5,0,0,0.021,13.33,0.0,0.16,あと3日,https://detail.chiebukuro.yahoo.co.jp/qa/question_detail/q10324921505,やったことありませんが、カレーを作るとき スニッカーズを入れて、グツグツ煮込んだら おいしくなるんじゃないですか？,0,0
1471,2026/2/2 5:15,将棋、囲碁,竜神,12時間9分,3,47,15.7,0,9,0.064,6.38,0.01,0.64,あと3日,https://detail.chiebukuro.yahoo.co.jp/qa/question_detail/q13324921503,ヒフミンは将棋界のレジェンドですか？ 一二三,0,0
1472,2026/2/2 5:15,ドラム、打楽器,cf3ajsfe****,12時間9分,1,21,21.0,0,0,0.029,4.76,0.01,0.1,あと3日,https://detail.chiebukuro.yahoo.co.jp/qa/question_detail/q12324921502,現在メインペダルをヤマハのDFP9500Dを使用していますが、カノウプスのマスターベアリングが対応となっていますが、ツインペダルなので交換ベアリング2個左右とも交換が必要でしょうか。 メインペダルだけ...,0,0
1473,2026/2/2 5:15,スマホアプリ,するめ,12時間9分,0,4,4.0,0,0,0.005,0.0,0.0,0.01,あと3日,https://detail.chiebukuro.yahoo.co.jp/qa/question_detail/q11324921501,最近占ツク(占いツクール)を使う度に起こっている不具合？なのですが、アプリを1度閉じてまた開くとロード？が毎回はいるようになりました。 画面も固まることも多々あり、タスクキルしないと治らないです。 今...,0,0
1474,2026/2/2 5:14,雑誌,1152997038,12時間10分,0,10,10.0,0,0,0.014,0.0,0.0,0.01,あと3日,https://detail.chiebukuro.yahoo.co.jp/qa/question_detail/q10324921500,この雑誌に掲載されている雪平莉左の画像が知りたいです,0,0
1475,2026/2/2 5:14,レディース全般,c347f742f,12時間10分,1,15,15.0,0,3,0.021,6.67,0.0,0.21,あと3日,https://detail.chiebukuro.yahoo.co.jp/qa/question_detail/q14324921499,〈ブレザー〉グレー 〈リボン、スカート〉赤チェック 〈カーディガン〉紺 この制服に合うマフラーの色教えてください！,0,0
1476,2026/2/2 5:14,政治、社会問題,1053048010,12時間10分,5,51,10.2,1,8,0.07,9.8,0.01,0.88,あと3日,https://detail.chiebukuro.yahoo.co.jp/qa/question_detail/q13324921498,国民民主党のようなバラマキ政策しか取り柄のない政党に投票する人はナンでですか？,0,0
1477,2026/2/2 5:14,皮膚の病気、アトピー,名無し,12時間10分,0,9,9.0,0,0,0.012,0.0,0.0,0.01,あと3日,https://detail.chiebukuro.yahoo.co.jp/qa/question_detail/q12324921497,"バスケの試合で頬を引っかかれて傷になったのが、皮膚自体は治ったのですがニキビの腫れていないバージョン？みたいに赤くなってしまったまま治りません。 もう怪我をしてから1ヶ月以上たち、傷が治ってから2,3...",0,0
1478,2026/2/2 5:13,職場の悩み,1153283409,12時間11分,12,108,9.0,0,10,0.148,11.11,0.01,1.38,あと3日,https://detail.chiebukuro.yahoo.co.jp/qa/question_detail/q11324921496,弊社はブラックですか？ 通勤のために車を購入しました しかし、弊社では自動車を買うと任意保険無制限の加入が必要だと言っていました 私はこの事実を入社前に知らなかったし加入したくないと言ったら自動車に乗...,0,0
1479,2026/2/2 5:13,職場の悩み,匿名,12時間11分,0,11,11.0,0,0,0.015,0.0,0.0,0.02,あと3日,https://detail.chiebukuro.yahoo.co.jp/qa/question_detail/q10324921495,スタバのシフトアプリ｢BY WFM｣についてです。最近入ったばかりなのですが、このアプリでシフト反映されるのはいつでしょうか？本日の出勤時間が分からなくて困っています。,0,0
1480,2026/2/2 5:13,コミック,1151722602,12時間11分,3,39,13.0,0,3,0.053,7.69,0.01,0.38,あと3日,https://detail.chiebukuro.yahoo.co.jp/qa/question_detail/q14324921494,最近、TikTokなどで呪術廻戦の両面宿儺のことを『すっくん』と呼ぶ風潮がありますが、どこから発生したのですか？また、個人的にかなり不快に想うんですが同じ人はいますか？,0,0
1481,2026/2/2 5:13,大学受験,c6e013062,12時間11分,0,55,55.0,0,0,0.075,0.0,0.0,0.08,あと3日,https://detail.chiebukuro.yahoo.co.jp/qa/question_detail/q13324921493,今年から日本大学生産工学部は英検利用を始めたのですがA方式2期は建築で最低点が 101/200でした。英検２級を所持してる人が90点扱いになります。今年の合格最低点はどれくらいだと思いますか？ 昨日N...,0,0
1482,2026/2/2 5:12,病気、症状,wln********,12時間12分,1,13,13.0,0,0,0.018,7.69,0.0,0.09,あと3日,https://detail.chiebukuro.yahoo.co.jp/qa/question_detail/q14324921489,嘔吐恐怖症が治った方いらっしゃいますか？ どうやって克服したか教えていただきたいです; 少しでも恐怖を和らげたいです,0,0
1483,2026/2/2 5:12,恋愛相談、人間関係の悩み,感謝,12時間12分,0,9,9.0,0,0,0.012,0.0,0.0,0.01,あと3日,https://detail.chiebukuro.yahoo.co.jp/qa/question_detail/q13324921488,たまに疑問に思うことなんですけど、 YouTubeとかですごい社交的な人をよく、この人すごく頭が良いよねみたいなコメントを見ます。多分立ち回りが上手い的な事を指してると思うんですけど、社交的なのに頭が...,0,0
1484,2026/2/2 5:12,政治、社会問題,呉下の阿蒙,12時間12分,0,15,15.0,0,0,0.02,0.0,0.0,0.02,あと3日,https://detail.chiebukuro.yahoo.co.jp/qa/question_detail/q11324921486,やれ非正規が増えたとか実質賃金が下がり続けてるとか自民党政治を批判するけど、ぶっちゃけその主犯格は高齢者が増えすぎたことですよね？,0,0
1485,2026/2/2 5:12,飛行機、空港,mar********,12時間12分,0,11,11.0,0,0,0.015,0.0,0.0,0.01,あと3日,https://detail.chiebukuro.yahoo.co.jp/qa/question_detail/q10324921485,セントレア駐車場について 3/18（水）の夜中にセントレアに着く予定です 予定ではりんくう常滑駅周辺に停める予定ですが空いてますかね 空いてない場合ターミナル近くのタイムズに行こうと思いますが同じく空...,0,0
1486,2026/2/2 5:12,女性アイドル,ひまり,12時間12分,3,26,8.7,0,0,0.035,11.54,0.0,0.24,あと3日,https://detail.chiebukuro.yahoo.co.jp/qa/question_detail/q14324921484,好きなアイドルは誰ですか？,0,0
1487,2026/2/2 5:12,スマートフォンアクセサリー,しゅるめ,12時間13分,1,14,14.0,0,0,0.019,7.14,0.0,0.09,あと3日,https://detail.chiebukuro.yahoo.co.jp/qa/question_detail/q13324921483,ケースにストーンとかシールでデコる〜みたいなのしてみたいんですけど、少し前の型のケースでネットでしか販売してなくてケースに直ってのが嫌なんですけど何か良い方法ありますかね…？,0,0
1488,2026/2/2 5:11,家族関係の悩み,adg********,12時間14分,3,68,22.7,0,0,0.093,4.41,0.02,0.3,あと3日,https://detail.chiebukuro.yahoo.co.jp/qa/question_detail/q12324921482,疎遠になっていた子がいきなり実家に戻ってこようとしたとき、親として受け入れてはしたくありません。 引越し会社が実家に来て、何も聞いてないし突然来てもらっても困るから帰って下さい、と言ったら荷物を下ろさ...,0,0
1489,2026/2/2 5:11,K-POP、アジア,1252101320,12時間14分,2,64,32.0,0,2,0.087,3.12,0.03,0.3,あと3日,https://detail.chiebukuro.yahoo.co.jp/qa/question_detail/q10324921480,最近好きになったkpopの話をしていたら、「ハウス系が好きなんだね」と言われ、検索して出てきた「kpopハウス系楽曲まとめ」みたいな動画を見たのですが、 私が好きな曲(txtの내일에서 기다릴게)とは...,0,0
1490,2026/2/2 5:11,アニメ,sin********,12時間14分,7,198,28.3,1,26,0.27,3.54,0.08,1.94,あと3日,https://detail.chiebukuro.yahoo.co.jp/qa/question_detail/q13324921478,ガンダム宇宙世紀ってユニコーンから 閃光のハサウェイに整合性を持たせるプロジェクトで 動いてるらしいけど無理がありませんか？ ユニコーンはユニコーンでドラゴンボール超みたいな扱いにした方が自然ですよね...,0,0
1491,2026/2/2 5:10,インターネットサービス,非公開,12時間15分,2,6,3.0,0,0,0.008,33.33,0.0,0.14,あと3日,https://detail.chiebukuro.yahoo.co.jp/qa/question_detail/q12324921477,グーグルディスカバリーっておかしくないですか？ Androidスマホとかで一番左の所に表示されるニュース。 今日、「3歳の少女が3800年前の古代エジプトのスカラベの像を発見。」 というニュースが出て...,0,0
1492,2026/2/2 5:10,化学,1151204855,12時間15分,5,45,9.0,1,1,0.061,11.11,0.01,0.58,あと3日,https://detail.chiebukuro.yahoo.co.jp/qa/question_detail/q10324921475,露点がおなじで飽和水蒸気量が違うことってありますか？,0,0
1493,2026/2/2 5:09,恋愛相談、人間関係の悩み,1151250153,12時間16分,3,60,20.0,0,0,0.081,5.0,0.02,0.28,不明,https://detail.chiebukuro.yahoo.co.jp/qa/question_detail/q13324921473,面白い人や実は優しい人の特徴を教えてください。 私だけかもと思う共通点やジンクスなんでもいいので,0,0
1494,2026/2/2 5:09,妊娠、出産,jjk********,12時間16分,2,31,15.5,0,0,0.042,6.45,0.01,0.18,あと3日,https://detail.chiebukuro.yahoo.co.jp/qa/question_detail/q12324921472,妊娠中の腹痛について 現在12wの初マタです。 子宮の痛みとは別の腹痛があり不安です。 横腹というか腸というか… そこら辺をギューってされてるような変な痛みが結構な時間続きます。そして少し腰も痛いです...,0,0
1495,2026/2/2 5:09,料理、食材,くにまさし,12時間16分,0,17,17.0,0,0,0.023,0.0,0.0,0.02,あと3日,https://detail.chiebukuro.yahoo.co.jp/qa/question_detail/q11324921471,シーフードヌードルには少し前からほぼイカという偽物のイカと本物のイカが半々で入ってますが... なんと！シーフードヌードルBIGなら従来通り本物のイカだけが入ってるそうですこれはうれしすぎますね知って...,0,0
1496,2026/2/2 5:09,家族関係の悩み,avo********,12時間16分,3,20,6.7,0,1,0.027,15.0,0.0,0.27,あと3日,https://detail.chiebukuro.yahoo.co.jp/qa/question_detail/q14324921469,妻や子供が居て、家族を養ってる状況での転職は凄く勇気が入りますよね、、。 ですが興味ある仕事が見つかり、転職した方が自分の為になるのであれば正しい判断なのでしょうか？ それかどれだけ辛くきつい仕事でも...,0,0
1497,2026/2/2 5:08,ダイエット,1150472045,12時間17分,3,23,7.7,0,0,0.031,13.04,0.0,0.23,あと3日,https://detail.chiebukuro.yahoo.co.jp/qa/question_detail/q13324921468,171センチ84キロのデブなんですけど 4キロのダンベルが家にあってそれで毎日やり続けたら体変わりますか？食事はあまり偏ってないです 薬の副作用でこの体重です。ダンベルで何をしたらいいかも気になります,0,0
1498,2026/2/2 5:08,恋愛相談、人間関係の悩み,skf********,12時間17分,3,87,29.0,0,1,0.118,3.45,0.03,0.36,あと3日,https://detail.chiebukuro.yahoo.co.jp/qa/question_detail/q12324921467,同棲しようと思っていた彼、私への扱いがあまりにも雑で連絡を絶っています。 私と彼共に30歳 交際してまだ3ヶ月ですが、彼の賃貸の更新もあり、付き合って1ヶ月くらいのタイミングで同棲しないか？と彼から1...,0,0
1499,2026/2/2 5:07,Facebook,shi********,12時間18分,0,4,4.0,0,0,0.005,0.0,0.0,0.01,あと3日,https://detail.chiebukuro.yahoo.co.jp/qa/question_detail/q11324921466,Facebookのストーリーのことなのですが、 今まではストーリーに出てくるインスタのアカウントをタップすればストーリーの画面の中でそのアカウントの人のインスタのページが表示されてたのですが2日前ぐら...,0,0
1500,2026/2/2 5:07,スロット,panda.iove,12時間18分,2,42,21.0,0,0,0.057,4.76,0.01,0.19,あと3日,https://detail.chiebukuro.yahoo.co.jp/qa/question_detail/q10324921465,沖ドキduo アンコールでボーナス終了画面に次回天国以上とか次回ドキドキ以上とかの示唆画面ありますがあれってどういう仕組みであらわしてるんですか？ モードに天国準備とかドキドキ準備はないはずなんですけ...,0,0
1501,2026/2/2 5:07,X（旧Twitter）,ら,12時間19分,0,17,17.0,0,0,0.023,0.0,0.0,0.02,あと3日,https://detail.chiebukuro.yahoo.co.jp/qa/question_detail/q14324921464,Twitterの人間関係について相談です。 私はTwitterで仲良くさせていただいている相互さんが何人かいます。その方々は基本的に創作などをされている方が多く、私は作品を見るのもその方々の人間性も好...,0,0
1502,2026/2/2 5:07,国内,rir********,12時間19分,3,26,8.7,0,2,0.035,11.54,0.0,0.32,あと3日,https://detail.chiebukuro.yahoo.co.jp/qa/question_detail/q13324921463,名古屋にはなんでブランドのカフェレストランがないんでしょうか。 東京とか大阪には、ブルガリ、シャネル、ルイヴィトン、エルメス、ディオ一ル、ティファニー、グッチ、アルマ一ニ、ジミ一チュウ、マルニ、、おし...,0,0
1503,2026/2/2 5:06,模型、プラモデル、ラジコン,idn********,12時間20分,2,11,5.5,0,0,0.015,18.18,0.0,0.15,あと3日,https://detail.chiebukuro.yahoo.co.jp/qa/question_detail/q12324921462,ヨコモ BL-PRO4 TURBO はタミヤ DT-04に無加工で搭載可能でしょうか。,0,0
1504,2026/2/2 5:06,政治、社会問題,呉下の阿蒙,12時間20分,1,9,9.0,0,0,0.012,11.11,0.0,0.08,あと3日,https://detail.chiebukuro.yahoo.co.jp/qa/question_detail/q10324921460,最近の政見放送は党のプロパガンダのビデオを流すばかりで全体主義化してると思いませんか？,0,0
1505,2026/2/2 5:06,大学受験,1153220556,12時間20分,1,36,36.0,0,0,0.049,2.78,0.02,0.12,あと3日,https://detail.chiebukuro.yahoo.co.jp/qa/question_detail/q11324921461,参考書についてお聞きしたいことがあります。 明治薬科大学 東京薬科大学 順天堂大学 あたりの薬学部志望です。 【英語】 単語帳はLEAPと準1級exと速読英熟語 を使用しているのですがこちらの3冊を使...,0,0
1506,2026/2/2 5:06,法律相談,sin********,12時間20分,1,12,12.0,0,2,0.016,8.33,0.0,0.16,あと3日,https://detail.chiebukuro.yahoo.co.jp/qa/question_detail/q13324921458,行政の債務不履行、行政に貸した土地が期限が過ぎても返してもらえません、 契約違反だと訴えましたが裁判所は契約通りだと言って罪を認めず損害も認めず土地も返してはもらえない厳しい判決を出しました、 それで...,0,0
1507,2026/2/2 5:05,自動車,ga***********,12時間21分,6,65,10.8,0,1,0.088,9.23,0.01,0.53,あと3日,https://detail.chiebukuro.yahoo.co.jp/qa/question_detail/q12324921457,スズキパレットに乗っているんですが この前鍵を刺してドアを開けたらハザードランプがついて十秒するかしないかぐらいで盗難防止？のためかクラクションが何回も鳴ってすぐエンジンかけたら治りました。 これって...,0,0
1508,2026/2/2 5:05,コミック,非公開,12時間21分,8,102,12.8,1,19,0.138,7.84,0.02,1.58,あと3日,https://detail.chiebukuro.yahoo.co.jp/qa/question_detail/q11324921456,呪術廻戦 十種影法術もちって摩虎羅調伏するのめちゃくちゃ難しいというか無理ゲーな気がするんですがどのようにすれば可能性あると思いますか？ 宿儺は御厨子という別の術式があり技術が高すぎて超高火力だから行...,0,0
1509,2026/2/2 5:04,恋愛相談、人間関係の悩み,ae2e539dd,12時間22分,3,54,18.0,0,4,0.073,5.56,0.01,0.44,あと3日,https://detail.chiebukuro.yahoo.co.jp/qa/question_detail/q10324921455,失恋してしまい生きる価値が見い出せません。 もういつ死んでも良いって思ってるし、なんなら死にたいって思ってます。 死んでもいいと思いますか？ 今さっき失恋しました。 自分のミスで復縁の可能性も完全に潰...,0,0
1510,2026/2/2 5:04,家族関係の悩み,ccw********,12時間22分,3,45,15.0,0,4,0.061,6.67,0.01,0.42,あと3日,https://detail.chiebukuro.yahoo.co.jp/qa/question_detail/q14324921454,旦那が昼も夜も寒いからと言ってやたら暖房をつける、昼はまだ分かる、でも夜、布団で寝てるだけなのに暖房つける、夏に暑いからつけっぱは分かるけど冬はつけなくても大丈夫なのに ありえません！昼間でも旦那は2...,0,0
1511,2026/2/2 5:04,ゲーム,チワワ界隈,12時間22分,1,52,52.0,0,1,0.07,1.92,0.04,0.18,不明,https://detail.chiebukuro.yahoo.co.jp/qa/question_detail/q13324921453,原神についての質問です今きてるイベントの友と集う歓びってイベントあるんですけどどの子選べばいいでしょうか今いるキャラは以下にいるとおりですどのキャラがいいかプラスパーティも教えてくださると幸いです泣,0,0
1512,2026/2/2 5:04,男性アイドル,nih********,12時間22分,1,22,22.0,0,0,0.03,4.55,0.01,0.1,あと3日,https://detail.chiebukuro.yahoo.co.jp/qa/question_detail/q12324921452,なんか最近は男なのにお化粧してて 妙に綺麗で違和感ある ショートヘアセンターパートの これゃまた量産型イケメンみたいなんが 男アイドルに沢山いるけど なんでアイドル界はどの世代になっても こんな感じの...,0,0
1513,2026/2/2 5:03,職場の悩み,カテゴリバスター,12時間23分,2,15,7.5,1,0,0.02,13.33,0.0,0.29,あと3日,https://detail.chiebukuro.yahoo.co.jp/qa/question_detail/q10324921450,完全子会社と言っても、元キッコーマン系の三井物産流通グループや、元雪印系の日本アクセスみたいに、外様では支配無理ですか？,0,0
1514,2026/2/2 5:03,社会保険,f_l********,12時間23分,3,95,31.7,0,1,0.128,3.16,0.04,0.37,あと3日,https://detail.chiebukuro.yahoo.co.jp/qa/question_detail/q14324921449,転職時における社保の切り替えについて質問です。 先月末で退職しました。 暫くはのんびり転職先をさがすつもりだったのですが、このたびご縁があり今月中旬より再就職が決まりました。 ここからが質問なのですが...,0,0
1516,2026/2/2 5:03,政治、社会問題,faa********,12時間24分,12,114,9.5,0,2,0.153,10.53,0.01,1.04,あと3日,https://detail.chiebukuro.yahoo.co.jp/qa/question_detail/q12324921447,【政治・経済】シンプルに、なぜ給与が上がらないんですか？ 物価が高くなっていくのは経済として当然のこと、今が「物価高」と言われるのは、それに給与が追い付いてないため。給与が物価の上昇率と同じかそれ以上...,0,0
1517,2026/2/2 5:03,ニュース、事件,駐車禁止,12時間24分,2,10,5.0,0,0,0.013,20.0,0.0,0.15,あと3日,https://detail.chiebukuro.yahoo.co.jp/qa/question_detail/q11324921446,サーモグラフィカメラで本当に隠しカメラみつけられる事ができるんですか？ みつけられない隠しカメラもありますか。,0,0
1518,2026/2/2 5:02,ドラマ,c9ef0976f,12時間25分,5,326,65.2,1,15,0.437,1.53,0.29,1.51,あと3日,https://detail.chiebukuro.yahoo.co.jp/qa/question_detail/q10324921445,「豊臣兄弟」の第五話では秀吉・秀長が鵜沼城の大沢次郎左衛門を調略し小牧城の信長に大沢を面会させることに成功しましたが、 大沢の従者が毒を塗ったくない(手裏剣)を持っていたことが発覚し信長は怒って大沢を...,0,0
1519,2026/2/2 5:02,株式,inm********,12時間25分,2,51,25.5,0,0,0.068,3.92,0.02,0.2,あと3日,https://detail.chiebukuro.yahoo.co.jp/qa/question_detail/q13324921443,パランティア株は連日なぜ下落しているのでしょうか？,0,0
1520,2026/2/2 5:02,職場の悩み,zua********,12時間25分,2,33,16.5,0,1,0.044,6.06,0.01,0.22,あと3日,https://detail.chiebukuro.yahoo.co.jp/qa/question_detail/q12324921442,友人が毎週、仕事のグチを言って来ます。みなさんも、仕事のグチは言いますか？,0,0
1521,2026/2/2 5:02,恋愛相談、人間関係の悩み,r18********,12時間25分,1,13,13.0,0,0,0.017,7.69,0.0,0.08,あと3日,https://detail.chiebukuro.yahoo.co.jp/qa/question_detail/q10324921440,前にも同じ質問しましたが回答にしっくり来てないのでもう一度質問します おっちゃんがおっちゃんに声掛ける時おっちゃん以外に適切な声の掛け方を教えてください,0,0
1522,2026/2/2 5:01,哲学、倫理,レモンスカッシュ,12時間26分,4,40,10.0,0,0,0.054,10.0,0.01,0.32,あと3日,https://detail.chiebukuro.yahoo.co.jp/qa/question_detail/q14324921439,運命じゃない！ってことなのかな？ 後づけだってことなのでしょうか？ 辛い経験も、いつか「運命だった」と思える日が来るのでしょうか。 スティーブ・ジョブズ先生の「点と点をつなぐ」という言葉を思い出しまし...,0,0
1523,2026/2/2 5:01,メール,b3c252bbf,12時間26分,1,6,6.0,0,0,0.008,16.67,0.0,0.07,あと3日,https://detail.chiebukuro.yahoo.co.jp/qa/question_detail/q13324921438,昔使っていたロブロックスのIDが通ってパスワードは忘れてしまい、変更をする為にメールアドレスを入れてメールに承認コード？が届くはずなんですけど届かなくて。どうしたらいいですか？,0,0
1524,2026/2/2 5:01,芸能人,非公開,12時間26分,0,19,19.0,1,0,0.025,0.0,0.0,0.16,あと3日,https://detail.chiebukuro.yahoo.co.jp/qa/question_detail/q14324818374,MAZZELのOnlyYouのLINEMUSICキャンペーンのポスターって当選者にいつ頃発送だと思いますか？,0,0
1525,2026/2/2 5:01,トレーディングカード,vaz********,12時間26分,0,41,41.0,0,0,0.055,0.0,0.0,0.05,あと3日,https://detail.chiebukuro.yahoo.co.jp/qa/question_detail/q14324818544,PSA鑑定について 画像のように凹みのようなものがあるのですが、PSA10を取得することは可能でしょうか。 どうぞよろしくお願いいたします。,0,0
1526,2026/2/2 5:01,アジア・韓国ドラマ,あ,12時間26分,0,14,14.0,0,0,0.019,0.0,0.0,0.02,あと3日,https://detail.chiebukuro.yahoo.co.jp/qa/question_detail/q14324818379,親愛なるXについて インガンはアジンのことをどうして好きになったのでしょうか。途中嫌っていて共演NG希望も出していたのに、、,0,0
1527,2026/2/2 5:01,大学受験,adb2b23ce,12時間26分,2,118,59.0,0,0,0.158,1.69,0.09,0.29,あと3日,https://detail.chiebukuro.yahoo.co.jp/qa/question_detail/q14324818314,高校三年生です。 私は日本赤十字看護大学さいたま看護学部を受験する予定です。そこで一つ心配なのが欠席日数です。高校三年生になってから友人関係での悩み、生理痛、体調不良などの理由でかなりの日数を休んでし...,0,0
1528,2026/2/2 5:01,洋楽,1249750452,12時間26分,0,19,19.0,0,0,0.025,0.0,0.0,0.03,あと3日,https://detail.chiebukuro.yahoo.co.jp/qa/question_detail/q14324818289,リボーンというYouTuberが2人組になってから、動画の最後に流れている曲(洋楽)があるのですが、知っている方がいましたら教えていただきたいです。,0,0
1529,2026/2/2 5:01,オンラインゲーム,馬場,12時間26分,0,12,12.0,0,0,0.016,0.0,0.0,0.02,あと3日,https://detail.chiebukuro.yahoo.co.jp/qa/question_detail/q13324818548,今nitradoでArkのサーバーを 借りようとしてるのですが 日本サーバーが見当たらなくて もしかして無くなりました？,0,0
1530,2026/2/2 5:01,邦楽,1052597512,12時間26分,0,36,36.0,0,0,0.048,0.0,0.0,0.05,あと3日,https://detail.chiebukuro.yahoo.co.jp/qa/question_detail/q14324818259,数年前にソロアーティストで、MVでは赤いツナギを着ていて、ダンスは一時期youtubeのショート動画で流行ってたと思います。 どうしても思い出せなくてこちらに質問させていただきました。,0,0
1531,2026/2/2 5:01,読書,rai********,12時間27分,2,95,47.5,0,0,0.127,2.11,0.06,0.26,あと3日,https://detail.chiebukuro.yahoo.co.jp/qa/question_detail/q13324818523,皆さん宜しくです。 本についてです。 多少先入観もあるのでしょうが…。 クリエイティブ（小説家、創作全般、音楽家）な方が好んだり影響を受けたりする物は…。 なんとも言い難い雰囲気だったり曖昧だったりす...,0,0
1532,2026/2/2 5:01,英語,1052091067,12時間27分,0,8,8.0,0,0,0.011,0.0,0.0,0.01,あと3日,https://detail.chiebukuro.yahoo.co.jp/qa/question_detail/q14324818234,ブロスタしてるTensaeさんの英語勉強アプリは何使ってますか？,0,0
1533,2026/2/2 5:01,iPhone,c95174b44,12時間27分,2,54,27.0,0,0,0.072,3.7,0.02,0.21,あと3日,https://detail.chiebukuro.yahoo.co.jp/qa/question_detail/q13324818478,【急募】 中古のiPhone13 128GBバッテリー最大容量85%を33000円で買うか、中古のPOCOx7 pro 258GB バッテリー最大容量99%を35000円で買うかで悩んでいます。 みな...,0,0
1534,2026/2/2 5:01,スポーツ,qgv********,12時間27分,0,11,11.0,0,0,0.015,0.0,0.0,0.01,あと3日,https://detail.chiebukuro.yahoo.co.jp/qa/question_detail/q13324818378,ゆうさくスポーツさんの身長って分かりますか？？,0,0
1535,2026/2/2 5:01,100円ショップ,osp********,12時間27分,1,100,100.0,0,0,0.134,1.0,0.13,0.2,あと3日,https://detail.chiebukuro.yahoo.co.jp/qa/question_detail/q13324818318,ダイソーて、ブリリアントタイプイヤホンはもう店舗には置かなくなったんでしょうか？ どこの店舗にも見かけなくなりました。,0,0
1536,2026/2/2 5:01,Instagram,1252878218,12時間27分,0,11,11.0,0,0,0.015,0.0,0.0,0.01,あと3日,https://detail.chiebukuro.yahoo.co.jp/qa/question_detail/q13324818208,インスタについて質問です。私は今アプデ後の縦横の比率(4:5？ )に合わせて画像投稿してるのですが、プロフィールから見ると横幅が少し短くなってる気がします。インスタの一つ一つ投稿をタップして見る時の比...,0,0
1537,2026/2/2 5:01,大学受験,1153224672,12時間27分,1,41,41.0,1,0,0.055,2.44,0.02,0.26,あと3日,https://detail.chiebukuro.yahoo.co.jp/qa/question_detail/q13324818263,2月から通信制高校に編入する高校3年生です。 通信制高校ではパソコン等で行う課題によって単位が取得されます。 以前通ってた高校で取れる範囲での単位は取ってあり、残り16単位必要です。 卒業までの１ヶ月...,0,0
1538,2026/2/2 5:01,大学,1252164257,12時間27分,3,26,8.7,0,0,0.035,11.54,0.0,0.24,あと3日,https://detail.chiebukuro.yahoo.co.jp/qa/question_detail/q13324818213,北大の工学部で、24時間使える自習室的なところはありますか？ 情エレなので、情エレ棟だとありがたいのですが、工学部棟でもいいです！,0,0
1539,2026/2/2 5:01,菓子、スイーツ,nic********,12時間27分,0,15,15.0,0,0,0.02,0.0,0.0,0.02,あと3日,https://detail.chiebukuro.yahoo.co.jp/qa/question_detail/q12324818417,2000年頃の心斎橋大丸で 小さなミニチュアみたいなチョコレートを売っていた店を探しています 小さな小箱に小さなチョコレートがぎっしり入ってて後にも先にもその時しか見た事ないものでした チョコレートも...,0,0
1540,2026/2/2 5:01,観光地、行楽地,1150970970,12時間27分,0,10,10.0,0,0,0.013,0.0,0.0,0.01,あと3日,https://detail.chiebukuro.yahoo.co.jp/qa/question_detail/q12324818522,宮古島で流行りのガチャガチャが置いてある所ってありますか？ めじるしアクセサリー などです。,0,0
1541,2026/2/2 5:01,学校の悩み,あ,12時間27分,1,64,64.0,0,0,0.086,1.56,0.06,0.15,あと3日,https://detail.chiebukuro.yahoo.co.jp/qa/question_detail/q12324818537,飛鳥未来の追試は1度目のテストと同じ問題ですか？ また、追試になった場合、勉強会？で何教科も赤点の人はどの教科の勉強をするか自分で決める感じですか？ 知ってる方いれば回答お願いします…,0,0
1542,2026/2/2 5:01,ゲーム,Shibaken,12時間27分,0,50,50.0,0,0,0.067,0.0,0.0,0.07,あと3日,https://detail.chiebukuro.yahoo.co.jp/qa/question_detail/q12324818312,switch2をモニターに繋いだ時の音について 前置きが長くて申し訳ないのですが… 最近switch2を購入し、オンラインゲームで遊んでいるのですが、無線で遊ぶと接続が不安定なのでLANケーブルを購入...,0,0
1543,2026/2/2 5:01,iPhone,よ,12時間27分,0,17,17.0,0,0,0.023,0.0,0.0,0.02,あと3日,https://detail.chiebukuro.yahoo.co.jp/qa/question_detail/q12324818307,アライトモーションがずっとくるくるしていて開けません泣泣iPhone自体を再起動しても、アプリを入れ直してもなおりません。助けてください どうしたらいいですか？,0,0
1544,2026/2/2 5:01,洋楽,。,12時間27分,0,29,29.0,0,0,0.039,0.0,0.0,0.04,あと3日,https://detail.chiebukuro.yahoo.co.jp/qa/question_detail/q12324818277,至急！ どなたかレディーガガのライブ行った方で開演時間を教えてください！！ 18：45開演で実際には何時に出演したのかを知りたいです！,0,0
1545,2026/2/2 5:01,絵画,lD非公開,12時間27分,1,65,65.0,1,0,0.087,1.54,0.06,0.29,不明,https://detail.chiebukuro.yahoo.co.jp/qa/question_detail/q12324818302,少し前にXで見たイラストメイキング画像を探してます。東方の確か霊夢を描いたもので、かなりプロっぽくて描き込みも多く上手でした。 下から見上げるアオリ構図で、夜の森の中のような雰囲気だったと思います。 ...,0,0
1546,2026/2/2 5:01,アニメ,c905983dd,12時間27分,0,15,15.0,0,0,0.02,0.0,0.0,0.02,あと3日,https://detail.chiebukuro.yahoo.co.jp/qa/question_detail/q11324818481,カウボーイビバップ #19の回で知っていたら教えてください。 ドゥーハンの所の壁に貼ってある写真に、どう見てもコスモゼロが写っている様に思うのですが、気のせいでしょか？ ドゥーハンの声がヤマトの真田さ...,0,0
1547,2026/2/2 5:01,音楽,1251772625,12時間28分,0,9,9.0,0,0,0.012,0.0,0.0,0.01,あと3日,https://detail.chiebukuro.yahoo.co.jp/qa/question_detail/q11324818396,プリティーリズム・オーロラドリームの天宮りずむのココロ充電という歌で前奏の海で聞こえるような高いキーのあの音の事はなんというのか分かる方はいますか？,0,0
1548,2026/2/2 5:01,iPhone,ID,12時間28分,1,23,23.0,0,0,0.031,4.35,0.01,0.1,あと3日,https://detail.chiebukuro.yahoo.co.jp/qa/question_detail/q11324818401,カメラアプリでビデオを撮ると、音が収録されず「ザーザザー」という雑音が収録されます。 電話をかけた際も、相手の声は聞こえるけど、相手に私の声が聞こえないと言うことが頻回にあります。 どちらも再起動すれ...,0,0
1549,2026/2/2 5:01,動画、映像,お手を挙げい！,12時間28分,1,42,42.0,1,0,0.056,2.38,0.02,0.26,あと3日,https://detail.chiebukuro.yahoo.co.jp/qa/question_detail/q11324818326,ゆっくりボイスについて質問です 私はゆっくり実況を始めたいと思うのですが、霊夢や魔理沙の声が上手く作れません。一般的に使用されている声に近づけるためには速度や高さをどのように設定すれば良いのでしょうか...,0,0
1550,2026/2/2 5:01,ネコ,寝不足@猫ラブ,12時間28分,1,49,49.0,0,0,0.065,2.04,0.03,0.13,あと3日,https://detail.chiebukuro.yahoo.co.jp/qa/question_detail/q10324818410,15歳のオス猫がローグレードのリンパ腫ではないかと診断されました。ではないか…というのは、生検では確実な診断がおりず、心臓が悪いため全身麻酔での内視鏡検査が出来ないためです。 盲腸のあたりに腫瘍があり...,0,0
1551,2026/2/2 5:01,大学受験,b37912560,12時間28分,0,21,21.0,0,0,0.028,0.0,0.0,0.03,あと3日,https://detail.chiebukuro.yahoo.co.jp/qa/question_detail/q10324818485,東京工芸大学芸術学部映像学科に興味があります。雰囲気や、授業について。友達関係など色々教えて欲しいです。 調べられる限りの口コミだけだとなんだか偏っていて…。,0,0
1552,2026/2/2 5:01,YouTube,てんてん,12時間28分,0,29,29.0,0,0,0.039,0.0,0.0,0.04,あと3日,https://detail.chiebukuro.yahoo.co.jp/qa/question_detail/q10324818460,白と紫が左右で半分ずつの髪色（左右ツートンスプリットカラー）で、ツインテールの個人Vtuberさんを探しています。 最名前を忘れてしまいました。 覚えている特徴は以下です。 ・髪：白×紫の左右ツートン...,0,0
1553,2026/2/2 5:01,アニメ,1151064382,12時間28分,0,15,15.0,1,0,0.02,0.0,0.0,0.15,あと3日,https://detail.chiebukuro.yahoo.co.jp/qa/question_detail/q10324818320,YouTubeに上がっていたバナナフィッシュのmadの中でも結構な再生数を持っていた、英語の曲の題名を覚えている方、教えてほしいです。,0,0
1554,2026/2/2 5:01,消費者問題,lhr********,12時間28分,0,40,40.0,0,0,0.053,0.0,0.0,0.05,あと3日,https://detail.chiebukuro.yahoo.co.jp/qa/question_detail/q10324818390,これは年会費取られていますでしょうか？ またどこから取られますか？ ウーバーイーツのuber oneの1ヶ月トライアルで注文して解約しようと思ってました。一年間プランに変更の案内が来て間違ってボタンを...,0,0
1555,2026/2/2 5:01,ギター、ベース,1052728246,12時間28分,1,19,19.0,0,0,0.025,5.26,0.0,0.09,あと3日,https://detail.chiebukuro.yahoo.co.jp/qa/question_detail/q10324818205,渋谷オンエアで上杉昇さんが歌った世界中の誰よりきっとのギターTAB譜ってどなたか分かりませんか？,0,0
1556,2026/2/2 5:01,音楽,baf4c6335,12時間28分,0,29,29.0,0,0,0.039,0.0,0.0,0.04,あと3日,https://detail.chiebukuro.yahoo.co.jp/qa/question_detail/q10324818200,最近Tiktokで「ケバブのダンス 朝まで踊ろうー」みたいな曲流行ってるじゃないですか？ 声とかリズムがめっちゃ聞いたことある感じがして、なにか似た曲ありましたっけ？ なんかあった気がするんですよ、,0,0
1557,2026/2/2 5:01,職場の悩み,匿名,12時間28分,1,16,16.0,0,0,0.021,6.25,0.0,0.09,あと3日,https://detail.chiebukuro.yahoo.co.jp/qa/question_detail/q12324921437,キャバクラのモチベーションについて 前在籍していたお店が潰れ別の店舗の移籍しましたがお客さんが複数切れてしまいモチベが上がらなくなりました。 最近は既読無視されることも増えて自分に原因があるんですがわ...,0,0
1558,2026/2/2 5:01,YouTube,shi********,12時間28分,0,14,14.0,1,0,0.019,0.0,0.0,0.15,あと3日,https://detail.chiebukuro.yahoo.co.jp/qa/question_detail/q11324921436,YouTubeで非公開になった動画はどうやって見るんでしょうか？ その方法が知りたいです！よろしくお願いします。,0,0
1559,2026/2/2 5:00,恋愛相談、人間関係の悩み,知恵袋ユーザｰ,12時間29分,4,36,9.0,0,0,0.048,11.11,0.0,0.31,あと3日,https://detail.chiebukuro.yahoo.co.jp/qa/question_detail/q10324921435,男性の方に質問したいです。 今度好きな人と遊びに行くのですが｢香水作り体験｣など体験系は重いのでしょうか?? リング可愛いなと思ったのですが流石に重すぎるので香水ならいいかなと思ったのですが香水でも重...,0,0
1560,2026/2/2 5:00,サッカー,我々のコリブリ,12時間29分,4,20,5.0,0,0,0.027,20.0,0.0,0.29,あと3日,https://detail.chiebukuro.yahoo.co.jp/qa/question_detail/q14324921434,サッカー これは個人スタッツとしてのゴールには認められるのですか？ 当然得点としてカウントされるのは理解してます。 足元にパスされたボールをシュートし空振りして転倒 ハンドなどの反則にならない場所に意...,0,0
1561,2026/2/2 5:00,テーマパーク,nih********,12時間29分,2,27,13.5,0,0,0.036,7.41,0.0,0.17,あと3日,https://detail.chiebukuro.yahoo.co.jp/qa/question_detail/q13324921433,やっぱりディズニーランドもユニバーサルスタジオも ハリボテ着ぐるみばかりで お子様向けちゃう？,0,0
1562,2026/2/2 5:00,温泉,温泉旅館番頭,12時間30分,0,7,7.0,0,0,0.009,0.0,0.0,0.01,あと3日,https://detail.chiebukuro.yahoo.co.jp/qa/question_detail/q12324921432,温泉などのレジオネラ菌は、循環用パイプ内で増殖する事が多く、ぬめりとなってコロニーを作り増殖するそうです^_^ コロニーを作って増殖するレジオネラ菌って温泉にもいるんですか？,0,0
1563,2026/2/2 5:00,競馬,凸,12時間30分,4,49,12.2,0,0,0.065,8.16,0.01,0.33,あと3日,https://detail.chiebukuro.yahoo.co.jp/qa/question_detail/q11324921431,凸の一日一問！（第1489問） 【シルクロードS、結果？】 1着⑭フィオライア（太宰） 2着⑰レイピア（佐々木） 3着⑥ヤマニンアルリフラ（団野） ・ 16着⑦オタルエバー（幸）凸本命 3連単243万...,0,0
1564,2026/2/2 5:00,ライブ、コンサート,K,12時間30分,1,30,30.0,0,0,0.04,3.33,0.01,0.11,あと3日,https://detail.chiebukuro.yahoo.co.jp/qa/question_detail/q10324921430,にじフェスの入場券のファンクラブ先行、イープラス先行の倍率はそれぞれどのくらいですか？なんとなくでいいので教えていただきたいです。 一旦ヒーローグリーティングの入場券のみ申し込むか外れた場合も考えて普...,0,0
1565,2026/2/2 4:59,温泉,温泉旅館番頭,12時間31分,0,9,9.0,0,0,0.012,0.0,0.0,0.01,あと3日,https://detail.chiebukuro.yahoo.co.jp/qa/question_detail/q12324921427,温泉や地下水は毛細管現象で上がってくるとカテゴリマスターさんから教えてもらいました^_^ 毛細管現象で地表に上がっている温泉を教えて下さい^_^,0,0
1566,2026/2/2 4:59,Instagram,sun********,12時間31分,0,9,9.0,0,0,0.012,0.0,0.0,0.01,あと3日,https://detail.chiebukuro.yahoo.co.jp/qa/question_detail/q13324921428,Instagram インスタのストーリーで使えるスタンプについて質問なのですが前にお気に入りやその日よく使用されるスタンプで出てきた♡マークの中にある猫がパーティ用の帽子をかぶってるこのスタンプを探し...,0,0
1567,2026/2/2 4:59,転職,非公開ID,12時間31分,2,47,23.5,0,0,0.063,4.26,0.01,0.2,あと3日,https://detail.chiebukuro.yahoo.co.jp/qa/question_detail/q11324921426,【※至急※転職先で悩んでいます。どんな職種が向いていると思いますか？】 ・30歳女性 ・独身 ・低学歴 ・職歴は接客業10年以上 転職先でずっと悩んでいます。 転職サイトの適職診断を多数受け、 自己分...,0,0
1568,2026/2/2 4:59,病気、症状,ba2161b03,12時間31分,0,3,3.0,0,0,0.004,0.0,0.0,0.0,あと3日,https://detail.chiebukuro.yahoo.co.jp/qa/question_detail/q13324921423,動画とか見て笑うとくすぐられてないのに首がくすぐったくなるのですがなぜでしょうか?,0,0
1569,2026/2/2 4:59,テーマパーク,nih********,12時間31分,2,20,10.0,0,0,0.027,10.0,0.0,0.16,あと3日,https://detail.chiebukuro.yahoo.co.jp/qa/question_detail/q12324921422,なんでユニバもディズニーも アトラクションに ハリボテセットを見せてまわる系の ライドものか多いの？,0,0
1570,2026/2/2 4:59,お酒、ドリンク,ドキンちゃん,12時間31分,0,8,8.0,0,0,0.011,0.0,0.0,0.01,あと3日,https://detail.chiebukuro.yahoo.co.jp/qa/question_detail/q11324921421,イタリアンバル conaで飲んだピーチウーロンが美味しかったのですがどのリキュールを使ってると思いますか？,0,0
1571,2026/2/2 4:58,労働条件、給与、残業,1150740871,12時間32分,0,33,33.0,0,0,0.044,0.0,0.0,0.04,あと3日,https://detail.chiebukuro.yahoo.co.jp/qa/question_detail/q14324921419,辞めたバイト先の給料について質問です。 契約書がなかったり、給料面の話ができなかったりと様々な理由で不安になり4日間働いた後(連絡手段がなく)オーナーにLINEで退職の意を伝えました。 →1度既読無視...,0,0
1572,2026/2/2 4:58,パート,fes********,12時間32分,2,53,26.5,0,1,0.07,3.77,0.02,0.24,あと3日,https://detail.chiebukuro.yahoo.co.jp/qa/question_detail/q12324921417,スタジオアリスのパートの面接を受けるか悩んでいます。下記の条件だと厳しいでしょうか。 子ども年少と2歳（1歳クラス） 30代後半 日祝か、土日できれば休みたい 振袖スタジオで10年正社員経験有り ブラ...,0,0
1573,2026/2/2 4:58,アニメ,c5683610f,12時間32分,3,18,6.0,0,0,0.024,16.67,0.0,0.22,あと3日,https://detail.chiebukuro.yahoo.co.jp/qa/question_detail/q11324921416,アンパンマンって 幼児向けアニメだと思いますが オープニングテーマの歌詞って ハードボイルドだと思います。 どうですか？,0,0
1574,2026/2/2 4:58,模型、プラモデル、ラジコン,idn********,12時間32分,1,7,7.0,0,0,0.009,14.29,0.0,0.08,あと3日,https://detail.chiebukuro.yahoo.co.jp/qa/question_detail/q14324921414,ヨコモ BL-PRO4 TURBO に対応するブラシレスモーターのおすすめを教えてください。,0,0
1575,2026/2/2 4:58,プロ野球,osa********,12時間32分,3,12,4.0,0,0,0.016,25.0,0.0,0.21,あと3日,https://detail.chiebukuro.yahoo.co.jp/qa/question_detail/q13324921413,かつてヤクルトで活躍した岩村選手は何か個人タイトルを獲得したことがありますか。また優勝経験はありますか。能力的には青木選手よりも上でしたか。,0,0
1576,2026/2/2 4:58,恋愛相談,ziz********,12時間32分,3,60,20.0,0,4,0.08,5.0,0.02,0.44,あと3日,https://detail.chiebukuro.yahoo.co.jp/qa/question_detail/q12324921412,彼女が毎晩脱毛しているのですが、脱毛している時にサングラスをかけています。 サングラスをかけた彼女がどうしてもKBTITにしか見えません。 笑いが込み上げてきてしまいどうしたらいいでしょうか？ 彼女に...,0,0
1577,2026/2/2 4:57,コミック,1051803388,12時間34分,1,30,30.0,0,0,0.04,3.33,0.01,0.11,あと3日,https://detail.chiebukuro.yahoo.co.jp/qa/question_detail/q11324921411,俺にトラウマを与えた女子達がチラチラ見てくるけど、残念ですが手遅れです のように心がキュッとなるような漫画を探してます 候補を教えてください！ 誰も信用出来ないけど徐々に…的なのとか恋愛的にキュッとな...,0,0
1578,2026/2/2 4:57,恋愛相談、人間関係の悩み,1150113331,12時間34分,2,32,16.0,0,0,0.042,6.25,0.01,0.17,あと3日,https://detail.chiebukuro.yahoo.co.jp/qa/question_detail/q14324921409,男は女性に対して、その人がモテてるとか遊んでるとかリア充かどうかより、見た目とか性格が自分の好みであるかを基準にするけど、女性は、 チャラくて経験豊富で1軍でモテそうな男じゃないと恋愛対象から外す人が...,0,0
1579,2026/2/2 4:56,英語,dans kat,12時間35分,1,75,75.0,0,0,0.099,1.33,0.07,0.17,あと3日,https://detail.chiebukuro.yahoo.co.jp/qa/question_detail/q13324921408,学校英語がどうしても教えきれない「何か」が、日常会話のいちばん面白い部分に潜んでいます。 それは、文法でも語彙でも構文でもなく、テストの点数にもなりにくい、けれど実際の会話では決定的な役割を果たす「間...,0,0
1580,2026/2/2 4:56,日本史,1053048010,12時間35分,2,26,13.0,0,3,0.034,7.69,0.0,0.29,あと3日,https://detail.chiebukuro.yahoo.co.jp/qa/question_detail/q12324921407,秀吉は指が6本だったのですが、そう言った多指症の人は手と足の指の本数が同じナンですか？,0,0
1581,2026/2/2 4:56,恋愛相談,ad9e17d,12時間35分,3,104,34.7,0,6,0.138,2.88,0.05,0.57,あと3日,https://detail.chiebukuro.yahoo.co.jp/qa/question_detail/q11324921406,お互いに好きになっていればスキンシップは当然の欲求ですよね。男女関係なく。 女の人でもそんな気持ちはありますよね。 愛情表現という意味で、ちゃんと男から求めた方が女の人も嬉しいですよね。 もちろん嫌が...,0,0
1582,2026/2/2 4:56,就職活動,eob********,12時間35分,1,12,12.0,0,0,0.016,8.33,0.0,0.08,あと3日,https://detail.chiebukuro.yahoo.co.jp/qa/question_detail/q10324921405,出会いが欲しい場合、 医療事務歯科助手より、もちろん製造業ですよね？,0,0
1583,2026/2/2 4:56,家具、インテリア,1251749639,12時間35分,0,6,6.0,0,0,0.008,0.0,0.0,0.01,あと3日,https://detail.chiebukuro.yahoo.co.jp/qa/question_detail/q14324921404,ギュテさんの新居のリビングに置かれてるアーチ型フロアランプがどこのブランドの物か知りたいです https://youtu.be/CilC0M8vn98?si=vjAshpSpxz43B4U3,0,0
1584,2026/2/2 4:56,恋愛相談、人間関係の悩み,あ,12時間35分,6,66,11.0,0,2,0.087,9.09,0.01,0.56,あと3日,https://detail.chiebukuro.yahoo.co.jp/qa/question_detail/q13324921403,至急お願いしたいです。相談です。 私は、身長が160cmで周りよりもすごく高いです。 周りは145〜155cmくらいです。 （高校1年生です） 周りが低いとやっぱりそっちが可愛く見えてしまうし、正直言...,0,0
1585,2026/2/2 4:55,英語,あ,12時間36分,2,37,18.5,0,0,0.049,5.41,0.01,0.18,あと3日,https://detail.chiebukuro.yahoo.co.jp/qa/question_detail/q11324921401,I apologized for not coming on time 直訳したら 時間通りに来ないことについて謝った じゃないんですか、 来ないことじゃなくて来なかったことって書いてあります,0,0
1586,2026/2/2 4:55,この仕事教えて,1150918982,12時間36分,0,8,8.0,0,0,0.011,0.0,0.0,0.01,あと3日,https://detail.chiebukuro.yahoo.co.jp/qa/question_detail/q10324921400,NTTのベースアップについて NTTの春闘では，1万数千のベアが行われていますが、これは実際に月額が増えていますか？ NTTグループの企業の方にお聞きしたいです。,0,0
1587,2026/2/2 4:55,これ、探してます,nPBThNYvMP8GhAjc,12時間36分,1,8,8.0,0,0,0.011,12.5,0.0,0.08,あと3日,https://detail.chiebukuro.yahoo.co.jp/qa/question_detail/q12324921397,すきバサミの3％～5％がどこにも売ってません(>_<) どうかネットでどこかで買える店舗があれば教えてくださいm(_ _)m,0,0
1588,2026/2/2 4:54,生理,cqx********,12時間37分,4,37,9.2,0,0,0.049,10.81,0.0,0.31,あと3日,https://detail.chiebukuro.yahoo.co.jp/qa/question_detail/q11324921396,５０代ですが、 生理がとまって3か月目に少量の出血があります。 医者に行くべきですか？ 閉経するまでこういうことは多々あるのでしょうか？ 出血するたびに医者にいかなきゃ駄目ですか？ 子宮がん検診は年一...,0,0
1589,2026/2/2 4:50,占い,ルッコラー,12時間41分,3,38,12.7,0,2,0.05,7.89,0.01,0.33,あと3日,https://detail.chiebukuro.yahoo.co.jp/qa/question_detail/q10324921395,最近死ぬ夢を見て叫んで起きたり、平和な夢で笑ったり(家族の報告により)夢の内容の起伏が日によってめちゃくちゃなのですが何か疾患のサインとかありますか？ 昨年度から役職に就きプレッシャー、責任感で正直心...,0,0
1590,2026/2/2 4:50,料理、食材,a6c2cd114,12時間41分,0,20,20.0,1,0,0.026,0.0,0.0,0.16,あと3日,https://detail.chiebukuro.yahoo.co.jp/qa/question_detail/q14324921394,金柑の調理方法について… 旦那が小さい頃に食べていた金柑を再現したいです。 旦那の祖母が作ってくれていたようで、他界しており、作り方を教わっていた人もいません。 旦那の記憶だけが頼りです… ①かなりの...,0,0
1592,2026/2/2 4:49,政治、社会問題,Nagasinogonnbei,12時間43分,6,56,9.3,1,30,0.073,10.71,0.01,1.77,あと3日,https://detail.chiebukuro.yahoo.co.jp/qa/question_detail/q11324921391,日本のトイレって世界から見て不衛生で汚いトイレなのですか？,0,0
1593,2026/2/2 4:49,うつ病,非公開,12時間43分,7,51,7.3,0,5,0.067,13.73,0.0,0.72,あと3日,https://detail.chiebukuro.yahoo.co.jp/qa/question_detail/q14324921389,死ぬのが怖いです うつで休学中の大学生です とあるきっかけから自分の体が物質的なものに感じるようになり、周りの人が死んでいくことや自分自身が死ぬのがとても怖くなりました 夜も眠れず、なにをしてても死が...,0,0
1594,2026/2/2 4:49,転職,MORIWAKU,12時間43分,4,67,16.8,0,6,0.088,5.97,0.01,0.58,あと3日,https://detail.chiebukuro.yahoo.co.jp/qa/question_detail/q10324921390,ハローワークって実際どんな感じですか？ よくハローワークはブラック企業が多いから辞めとけという話を聞きますが実際どうなんですかね？ 私はなるべく地元に近いところで働きたいのですが、ネットの転職エージェ...,0,0
1595,2026/2/2 4:49,正月、年末年始,あ,12時間43分,4,30,7.5,0,0,0.039,13.33,0.0,0.3,あと3日,https://detail.chiebukuro.yahoo.co.jp/qa/question_detail/q13324921388,至急お願いします。 初詣には必ず行かなきゃダメなのでしょうか…？ 2/3までに行けないかもしれなくて…,0,0
1596,2026/2/2 4:49,アニメ,1053075907,12時間43分,1,19,19.0,0,1,0.025,5.26,0.0,0.13,不明,https://detail.chiebukuro.yahoo.co.jp/qa/question_detail/q12324921387,ナルトの画像で探しているものがあります ナルトと日向のカップリングで、 その横にサスケとサクラがいるの画像を探しています ナルトたちは、全員大人でヒナタが中指を立ててる感じです どうかわかる人がいたら...,0,0
1598,2026/2/2 4:48,Amazon,1151543061,12時間44分,2,34,17.0,0,1,0.044,5.88,0.01,0.21,あと3日,https://detail.chiebukuro.yahoo.co.jp/qa/question_detail/q14324921384,Amazonで約98000円のゲーミングモニターを買いました。 付属品のDPケーブルが使えなかったので返品したのですが、現在、返金処理中の段階で69000円お支払い方法に返金されましたと記載があります...,0,0
1599,2026/2/2 4:48,恋愛相談、人間関係の悩み,ね,12時間44分,1,57,57.0,0,0,0.075,1.75,0.04,0.14,不明,https://detail.chiebukuro.yahoo.co.jp/qa/question_detail/q13324921383,彼氏のberealのリアクションが女の子しかいなくてそれに嫉妬して涙がとまりません。毎日泣いてます。 こんなことで泣く自分嫌すぎる もう、どうしたらいいですか？ 束縛はしたくないので言えないです、、。,0,0
1600,2026/2/2 4:48,恋愛相談、人間関係の悩み,cffd5040f,12時間44分,7,136,19.4,0,3,0.178,5.15,0.03,0.75,あと3日,https://detail.chiebukuro.yahoo.co.jp/qa/question_detail/q12324921382,異性とサシで宅飲みしました。バックハグ添い寝をされたのですが、一切手は出されず、そのまま寝ました。 バイバイする時にまた会おう、また誘うねと言ってくれたのですが、バイバイした後一切LINEが無いのは私...,0,0
1601,2026/2/2 4:47,物理学,uru********,12時間45分,1,17,17.0,0,0,0.022,5.88,0.0,0.09,あと3日,https://detail.chiebukuro.yahoo.co.jp/qa/question_detail/q11324921381,【第338回】【美声法への道】【2026】【2/2】 お題『平均的な光の質量は、2.5404817×10^-36(kg)？』 解答 多分。 合っていますか？ 【根拠】 次男モツ『バハ兄さん！やっと、光...,0,0
1602,2026/2/2 4:47,文房具,est********,12時間45分,6,51,8.5,1,0,0.067,11.76,0.01,0.59,あと3日,https://detail.chiebukuro.yahoo.co.jp/qa/question_detail/q10324921380,万年筆で字を書くと鳥肌が立ちます 鉛筆やボールペンは書き心地が滑らかなので全然余裕なのですが、万年筆はなんか硬い金属で紙にガリガリ擦りながら書く感じがめちゃくちゃ生理的に不快な感じがして鳥肌がやばいで...,0,0
1603,2026/2/2 4:47,特撮,sin********,12時間45分,4,24,6.0,0,6,0.031,16.67,0.0,0.53,あと3日,https://detail.chiebukuro.yahoo.co.jp/qa/question_detail/q14324921379,歴代牙狼でどれが一番好きですか？ 自分は流牙ですね。 鋼牙は無骨だし雷牙は天才だし。 世襲じゃなく努力で這い上がったから人の痛みが解り 「弱くて狡いのが人間だろ！」と認めて守れるんだと思う。 流牙シリ...,0,0
1604,2026/2/2 4:47,携帯型ゲーム全般,1251929114,12時間45分,0,1,1.0,0,0,0.001,0.0,0.0,0.0,あと3日,https://detail.chiebukuro.yahoo.co.jp/qa/question_detail/q12324921377,ブルプロ 昔のオリジナル版のデータって新しい方に引き継げますか？,0,0
1605,2026/2/2 4:46,恋愛相談、人間関係の悩み,1253318141,12時間47分,4,16,4.0,0,5,0.021,25.0,0.0,0.48,あと3日,https://detail.chiebukuro.yahoo.co.jp/qa/question_detail/q10324921375,聖書の私は道であり真理であり命であるとは！意味は？,0,0
1606,2026/2/2 4:46,画像処理、制作,一般人,12時間47分,2,32,16.0,0,0,0.042,6.25,0.01,0.17,あと3日,https://detail.chiebukuro.yahoo.co.jp/qa/question_detail/q14324921374,画像のVALORANTのイラストレーターさんは誰ですか？ この様な色の塗り方のコツなどありますか？,0,0
1607,2026/2/2 4:46,エステ、脱毛,1151385495,12時間47分,1,21,21.0,0,0,0.027,4.76,0.01,0.09,あと3日,https://detail.chiebukuro.yahoo.co.jp/qa/question_detail/q13324921373,脱毛について質問です。 僕は全身脱毛(VIO含む)をやりたいと思っています。 なるべく女性スタッフに脱毛をお願いしたいです。 女性スタッフが施術してくれるおすすめな脱毛会社を教えて欲しいです。 よろし...,0,0
1608,2026/2/2 4:46,マラソン、陸上競技,afc93cc85,12時間47分,4,33,8.2,0,4,0.043,12.12,0.0,0.46,あと3日,https://detail.chiebukuro.yahoo.co.jp/qa/question_detail/q11324921371,早朝ランニングについての質問です。中3男子です。田舎に住んでいます。 朝4時30分~5時30分ごろにランニングをしようと思っているのですが、今の時期だとまだ暗いので犯罪に巻き込まれないかなどがとても不...,0,0
1609,2026/2/2 4:46,コミック,064*******,12時間47分,3,33,11.0,0,11,0.043,9.09,0.0,0.67,不明,https://detail.chiebukuro.yahoo.co.jp/qa/question_detail/q10324921370,キン肉マンファンの方々に質問です。 どっちのプリズマンが好きですか？,0,0
1610,2026/2/2 4:45,幼児教育、幼稚園、保育園,qcb********,12時間48分,3,61,20.3,0,3,0.079,4.92,0.02,0.39,あと3日,https://detail.chiebukuro.yahoo.co.jp/qa/question_detail/q11324921366,子供にタンクトップで寒い中走らせるのに大人は呑気に防寒してるのはおかしくないですか？ 子供に寒い思いさせるなら大人はふんどしで冷水浴びるぐらいの事をすべきではないのか？ しかも女の子は長袖て女尊男卑で...,0,0
1611,2026/2/2 4:45,恋愛相談、人間関係の悩み,モカ,12時間48分,2,15,7.5,0,0,0.02,13.33,0.0,0.15,あと3日,https://detail.chiebukuro.yahoo.co.jp/qa/question_detail/q10324921365,半年記念日でディナーでケーキはずかしいですか？ お互い大1です。もう少しで彼氏と半年になるので、記念日にいつもよりお高いディナーに行くことにしました。 記念日コースというものがあって最後にかわいいケー...,0,0
1612,2026/2/2 4:45,政治、社会問題,1150976472,12時間48分,6,38,6.3,0,0,0.049,15.79,0.0,0.44,あと3日,https://detail.chiebukuro.yahoo.co.jp/qa/question_detail/q13324921363,トランプ大統領って変人ですよね？悪い意味ではなく,0,0
1613,2026/2/2 4:45,YouTube,我々のコリブリ,12時間48分,1,11,11.0,2,0,0.014,9.09,0.0,0.34,あと3日,https://detail.chiebukuro.yahoo.co.jp/qa/question_detail/q12324921362,YouTube 動画にコメントをした上でいいねが着いた場合はブロックされてないと考えて良いのですよね。 ぎゃくに全てのコメントにいいねをつけるタイプの人で自分は付かないのに後のコメントに付いている場合...,0,0
1614,2026/2/2 4:44,友人関係の悩み,y,12時間49分,4,42,10.5,0,0,0.055,9.52,0.01,0.31,あと3日,https://detail.chiebukuro.yahoo.co.jp/qa/question_detail/q11324921361,雑談でたまにある「もし〜だったらどうする」系の話が苦手です。考えるのが面倒だし何が面白いのかもわかりません。別に起こらないのに。mbtiがINTPなのですが、INTPの方は皆さん同じ考えですか？ どう...,0,0
1615,2026/2/2 4:44,ペット,moco,12時間49分,1,19,19.0,0,1,0.025,5.26,0.0,0.13,あと3日,https://detail.chiebukuro.yahoo.co.jp/qa/question_detail/q13324921358,フクロモモンガベビーについて質問です。 昨日１２月生まれの子をお迎えしました。 ミルクのスポイトの購入がまだで、どのようにミルクを与えたらいいか分かりません。 スポイトは本日購入しますが、それまでのミ...,0,0
1616,2026/2/2 4:44,料理、食材,a4f58b119,12時間49分,9,33,3.7,0,0,0.043,27.27,0.0,0.63,あと3日,https://detail.chiebukuro.yahoo.co.jp/qa/question_detail/q12324921357,みなさまが好きなうどんの種類を教えて欲しいです,0,0
1617,2026/2/2 4:44,スキンケア,1149746966,12時間49分,2,63,31.5,0,0,0.082,3.17,0.03,0.21,あと3日,https://detail.chiebukuro.yahoo.co.jp/qa/question_detail/q11324921356,大至急お願いします。 再度投稿です。 30代（女性） 30代になり鼻下のところに肝斑がでてきて髭のように見えて恥ずかしいです。 若い時に日焼け止めを塗らなかったのは承知の上ですが… 化粧しても鼻下のと...,0,0
1618,2026/2/2 4:43,冷蔵庫、キッチン家電,153132a,12時間51分,1,12,12.0,0,0,0.016,8.33,0.0,0.08,あと3日,https://detail.chiebukuro.yahoo.co.jp/qa/question_detail/q10324921355,冷凍庫について質問します。 もう30年も上から扉を開けて詰め込むタイプを使っています。 下のものを出すのも上に乗っかっているもの取り除いてから取るので大変です。 食事ホームセンター見に行ったり家電店に...,0,0
1619,2026/2/2 4:43,ゲーム,b7b127e80,12時間51分,0,1,1.0,0,0,0.001,0.0,0.0,0.0,あと3日,https://detail.chiebukuro.yahoo.co.jp/qa/question_detail/q14324921354,Summer Pockets(ゲーム版)の鴎ルートについて質問です。 私は鴎ルートをクリアしました。 話の流れからして鴎は亡くなっているのではないかと思ったのですが、最後のシーンで手紙が届いていました...,0,0
1620,2026/2/2 4:43,外国映画,1252390022,12時間51分,0,7,7.0,0,0,0.009,0.0,0.0,0.01,あと3日,https://detail.chiebukuro.yahoo.co.jp/qa/question_detail/q13324921353,スペースマンに出てくるハヌーシュやハリーポッターに出てくるアラゴグのような知性を持った蜘蛛がほんとに好きなんです!!!おすすめの映画あったらぜひ教えてほしいです!,0,0
1621,2026/2/2 4:42,ラジオ,ひじり,12時間52分,2,15,7.5,0,0,0.019,13.33,0.0,0.15,あと3日,https://detail.chiebukuro.yahoo.co.jp/qa/question_detail/q12324921352,面白いラジオ番組 ありますか？ 勉強になるような。 宜しくお願いします。,0,0
1622,2026/2/2 4:42,超常現象、オカルト,1253318141,12時間52分,4,12,3.0,0,0,0.016,33.33,0.0,0.27,あと3日,https://detail.chiebukuro.yahoo.co.jp/qa/question_detail/q11324921351,夢の種類は？何種類ですか？,0,0
1623,2026/2/2 4:42,運転免許,あ,12時間52分,7,80,11.4,0,2,0.104,8.75,0.01,0.63,あと3日,https://detail.chiebukuro.yahoo.co.jp/qa/question_detail/q10324921350,今普通自動二輪の教習に通っていてまだ5回とかしか乗ってないのですが 運転？がへったくそなんですね、 運転とかは乗りまくれば何とかなると思うのですがまだ余裕が無くて信号とか左からほかのバイク来てるとか見...,0,0
1624,2026/2/2 4:42,同人誌、コミケ,cdc2c80e1,12時間52分,1,23,23.0,0,0,0.03,4.35,0.01,0.09,あと3日,https://detail.chiebukuro.yahoo.co.jp/qa/question_detail/q14324921349,日光企画様をご利用した方にお聞きしたいです。 赤ブー様の同人誌即売会に初サークル参加予定で、印刷所は日光企画様に頼む予定です。その際に見積もりフォームにて見積もって頂いたのですが、イベント搬入の場合、...,0,0
1625,2026/2/2 4:42,恋愛相談、人間関係の悩み,1251906461,12時間52分,0,9,9.0,0,0,0.012,0.0,0.0,0.01,あと3日,https://detail.chiebukuro.yahoo.co.jp/qa/question_detail/q13324921348,境界知能の人生に救いはないって本当ですか？,0,0
1626,2026/2/2 4:42,恋愛相談、人間関係の悩み,ID非公開です,12時間52分,0,38,38.0,0,0,0.049,0.0,0.0,0.05,あと3日,https://detail.chiebukuro.yahoo.co.jp/qa/question_detail/q12324921347,浮気や不倫、ヒモだったり、ギャンブルや酒に溺れたり。 概ねこういうひと達のことを「◯ズ」と表現されているこが多いと思いますが、本当の◯ズはどれもできないですよね？,0,0
1627,2026/2/2 4:42,周辺機器,非公開,12時間52分,5,27,5.4,0,2,0.035,18.52,0.0,0.44,あと3日,https://detail.chiebukuro.yahoo.co.jp/qa/question_detail/q11324921346,5000円くらいでテンキーレスのおすすめゲーミングキーボード教えてください。,0,0
1628,2026/2/2 4:42,スマートフォン,非公開,12時間52分,3,22,7.3,0,0,0.028,13.64,0.0,0.22,不明,https://detail.chiebukuro.yahoo.co.jp/qa/question_detail/q10324921345,スマホの分割払い、その支払いかたについての質問です 今月は余裕があるから二か月分払えるとか、三か月分先払いできそうってときがあったとしたら、少しでも早く完済するためにまとめて支払うということはできます...,0,0
1629,2026/2/2 4:42,iPhone,b67836bb3,12時間52分,3,17,5.7,0,0,0.022,17.65,0.0,0.22,あと3日,https://detail.chiebukuro.yahoo.co.jp/qa/question_detail/q14324921344,スマホの容量が128中127でiCloud+というものに入ったんですがバックアップしたほうがいいのでしょうかこれしたらアプリデータ消えるとかないですか,0,0
1630,2026/2/2 4:41,政治、社会問題,momo,12時間53分,11,100,9.1,1,6,0.129,11.0,0.01,1.2,あと3日,https://detail.chiebukuro.yahoo.co.jp/qa/question_detail/q13324921343,高市総理が総理になってから移民が何十万人も増えたそうです。高市総理って言ってることとやってることが違いませんか？,0,0
1631,2026/2/2 4:41,マインクラフト,cb68f808a,12時間53分,0,6,6.0,0,0,0.008,0.0,0.0,0.01,あと3日,https://detail.chiebukuro.yahoo.co.jp/qa/question_detail/q12324921342,マイクラのメカニズムMODについて質問です。 タービンから核融合炉へ供給する水の量がかなり少ないです。メルトダウン起こして爆発する前まではずっと送れてました。 タービンの蒸気がパンパンなのも原因のひと...,0,0
1632,2026/2/2 4:41,模型、プラモデル、ラジコン,idn********,12時間54分,1,22,22.0,0,0,0.028,4.55,0.01,0.09,あと3日,https://detail.chiebukuro.yahoo.co.jp/qa/question_detail/q11324921341,タミヤDT-04に搭載予定のESCを探しています。 ハンダ不要のできるだけ高スペックなものを教えていただきたいと思います。,0,0
1633,2026/2/2 4:41,美術、芸術,あ,12時間54分,3,29,9.7,0,1,0.037,10.34,0.0,0.27,あと3日,https://detail.chiebukuro.yahoo.co.jp/qa/question_detail/q13324921338,デザイン学校の体験授業での話なのですが、 自分の作品だけ、他の人と比べて質素で、誰でも思いつきそうなものに感じてしまい、とても恥ずかしく、悔しい思いをしました。 周りの作品は工夫や完成度が高く、「自分...,0,0
1634,2026/2/2 4:40,メイク、コスメ,mid********,12時間55分,2,17,8.5,0,1,0.022,11.76,0.0,0.19,あと3日,https://detail.chiebukuro.yahoo.co.jp/qa/question_detail/q11324921336,プレストパウダーを探しています •カバー力が高い •厚塗り感がない •マット過ぎない •粉っぽくない この条件に当てはまるパウダーがあれば教えていただきたいです！,0,0
1635,2026/2/2 4:40,職場の悩み,a4f58b119,12時間55分,0,14,14.0,1,0,0.018,0.0,0.0,0.15,あと3日,https://detail.chiebukuro.yahoo.co.jp/qa/question_detail/q10324921335,大々至急 みなさまは、実際に勤め先の特養でそのままデニムを穿いた状態で仕事をやった事が実際にありましたか,0,0
1636,2026/2/2 4:40,恋愛相談,c87d075ce,12時間55分,6,86,14.3,0,4,0.111,6.98,0.02,0.65,あと3日,https://detail.chiebukuro.yahoo.co.jp/qa/question_detail/q14324921334,ある女の子に声をかけています。 初めは本当に短い時間でしたけど、だんだんお話をするようになっていました。 彼女は本当に可愛い女の子で、そしてお洒落な感じの女の子でした。雰囲気は「お金持ち」風のファッシ...,0,0
1637,2026/2/2 4:40,釣り,tak********,12時間55分,6,93,15.5,2,6,0.12,6.45,0.02,1.0,あと3日,https://detail.chiebukuro.yahoo.co.jp/qa/question_detail/q13324921333,釣り具のウエーダーのフェルト底の張替の場合，途中まで取れかかってる場合は， 全部はがして張り直しですか，それとも，はがれている部分だけでいいんでしょうか。,0,0
1638,2026/2/2 4:40,ゲーム,トラフグ,12時間55分,1,15,15.0,0,0,0.019,6.67,0.0,0.08,あと3日,https://detail.chiebukuro.yahoo.co.jp/qa/question_detail/q12324921332,スプラトゥーンについて質問です。 最高XPがアサリで1838.3です。一度18にいったのですが連敗で17に戻ってしまいました。 各ルートの最高XPはエリア1723.1 ヤグラ1731.1 ホコ1791...,0,0
1639,2026/2/2 4:39,病気、症状,愁,12時間56分,4,46,11.5,1,0,0.059,8.7,0.01,0.45,あと3日,https://detail.chiebukuro.yahoo.co.jp/qa/question_detail/q11324921331,満月の日って体調悪くなりません？,0,0
1640,2026/2/2 4:39,鉄道、列車、駅,nor********,12時間56分,2,63,31.5,0,4,0.081,3.17,0.03,0.36,あと3日,https://detail.chiebukuro.yahoo.co.jp/qa/question_detail/q10324921330,博多駅から東舞鶴駅まで新幹線で行くには、分かりやすいルートはありますでしょうか？ よろしくお願いします。,0,0
1641,2026/2/2 4:39,パソコン,ああああ,12時間56分,0,10,10.0,0,0,0.013,0.0,0.0,0.01,あと3日,https://detail.chiebukuro.yahoo.co.jp/qa/question_detail/q14324921329,Ryzen 7 9800X3DとASUSの800シリーズのマザボを組み合わせてCPUが燃え出した人って、あなたの周りに居ましたか？ https://www.youtube.com/shorts/Mod...,0,0
1642,2026/2/2 4:39,健康、病気、病院,b,12時間56分,3,26,8.7,0,0,0.033,11.54,0.0,0.23,あと3日,https://detail.chiebukuro.yahoo.co.jp/qa/question_detail/q13324921328,ジャンクフードやインスタントラーメンを食べるのを極力やめた人。 何か体や心に良い事ありましたか？？,0,0
1643,2026/2/2 4:38,外国映画,匿名,12時間57分,0,3,3.0,0,0,0.004,0.0,0.0,0.0,あと3日,https://detail.chiebukuro.yahoo.co.jp/qa/question_detail/q12324921327,ガールインザベースメントっていう映画が面白かったです。他に、実際の事件を基にした映画でおすすめの作品があれば教えてください。,0,0
1644,2026/2/2 4:38,アニメ,あ,12時間57分,4,48,12.0,0,0,0.062,8.33,0.01,0.32,あと3日,https://detail.chiebukuro.yahoo.co.jp/qa/question_detail/q14324921324,名前は知っていますが、見たことがないアニメが沢山あるので皆さんのおすすめ教えてください！,0,0
1645,2026/2/2 4:37,政治、社会問題,1053048010,12時間58分,4,43,10.8,1,1,0.055,9.3,0.01,0.48,あと3日,https://detail.chiebukuro.yahoo.co.jp/qa/question_detail/q11324921321,フジテレビが27歳以下が令和世代と意味不明な主張をしてるのはナンでですか？,0,0
1646,2026/2/2 4:37,動物,レモンスカッシュ,12時間58分,3,10,3.3,0,0,0.013,30.0,0.0,0.21,あと3日,https://detail.chiebukuro.yahoo.co.jp/qa/question_detail/q14324921319,ホッキョクグマはそんなに太って見えないですよね？ マイナス数十度にもなる北極で暮らすため、厚さ10センチ以上の脂肪の層を持っています。 ホッキョクグマにとってはこの「脂肪」がエネルギー源であり、防寒着...,0,0
1647,2026/2/2 4:37,料理、食材,vnx********,12時間58分,1,12,12.0,0,0,0.015,8.33,0.0,0.08,あと3日,https://detail.chiebukuro.yahoo.co.jp/qa/question_detail/q13324921318,梅干しにチャレンジしてみたい人はいますか？,0,0
1648,2026/2/2 4:37,Android,1052134543,12時間59分,0,4,4.0,0,0,0.005,0.0,0.0,0.01,あと3日,https://detail.chiebukuro.yahoo.co.jp/qa/question_detail/q12324921317,スマホ OPPO 画面ロック掛けても、画面の上から下になぞると画面の明るさは調整できますが、よりセキュリティ強化で、画面の上から下になぞっても画面ロックのままにする設定あれば教えて下さい,0,0
1649,2026/2/2 4:36,数学,mes********,13時間0分,2,41,20.5,0,2,0.053,4.88,0.01,0.26,不明,https://detail.chiebukuro.yahoo.co.jp/qa/question_detail/q11324921316,（おそらく）数学の世界に関する質問です。 まず二つの数字を思い浮かべます。 「0」と「10」があるとします。この二つの数の差は10ですが、0には何をかけても10には辿り着かない、別の言い方での差がある...,0,0
1650,2026/2/2 4:36,外国映画,Cvvgffde,13時間0分,0,4,4.0,0,0,0.005,0.0,0.0,0.01,あと3日,https://detail.chiebukuro.yahoo.co.jp/qa/question_detail/q10324921315,至急！映画「ロストフライト」で、最後に機長が無視されたのは、なぜ？ 最後、無事に島に着陸して、機長がタラップから出てきましたよね。 でも、みんなが機長に対して、無視するような態度だったのは、なぜですか...,0,0
1651,2026/2/2 4:36,職場の悩み,avo********,13時間0分,4,53,13.2,0,1,0.068,7.55,0.01,0.36,あと3日,https://detail.chiebukuro.yahoo.co.jp/qa/question_detail/q14324921314,自分に合っていて長年続けられて来た仕事内容からいきなり誰もがやりたくない鬱の人も出る様な辛い仕事内容にいきなり移されたらどうします？ 我慢してやりますか？,0,0
1652,2026/2/2 4:36,ピアス,かまぼこ,13時間0分,1,18,18.0,0,0,0.023,5.56,0.0,0.09,あと3日,https://detail.chiebukuro.yahoo.co.jp/qa/question_detail/q13324921313,軟骨ピアスを開けるのですが、フラットバックのピアスがいいと聞いてそれを購入しました。 しかしフラットバック側はハズレず反対側がキャッチとなって外れる商品でした。 これはニードルでピアスをあける際、刺し...,0,0
1653,2026/2/2 4:36,デジタル一眼レフ,Aaabbbcccddd,13時間0分,11,128,11.6,1,1,0.164,8.59,0.02,1.03,あと3日,https://detail.chiebukuro.yahoo.co.jp/qa/question_detail/q12324921312,本気でカメラをやってる方には怒られそうですが… 1年前ほどにキャノンR6MarkIIを買ったのですがレンズがEFマウントのしか持っておらず、カメラを買ったこともありあまりお金もなかったので純正ではない...,0,0
1654,2026/2/2 4:35,恋愛相談、人間関係の悩み,aut********,13時間1分,1,30,30.0,0,0,0.038,3.33,0.01,0.1,あと3日,https://detail.chiebukuro.yahoo.co.jp/qa/question_detail/q11324921311,スナック嬢への告白について。 ある町のスナック店に通い始めてもうすぐ2年になります。 半年前、話の流れで「ご飯行こう」って誘っても「いつもご飯行きたいって言うけど中身知らないよね？ もっと知ってほしい...,0,0
1655,2026/2/2 4:35,ヘアスタイル,187421kymsm,13時間1分,2,35,17.5,0,1,0.045,5.71,0.01,0.21,あと3日,https://detail.chiebukuro.yahoo.co.jp/qa/question_detail/q14324921309,毛量アホみたいに多い人って結局はどんな髪型にすればいいんですか？,0,0
1656,2026/2/2 4:34,ファーストフード,mar********,13時間2分,3,17,5.7,0,0,0.022,17.65,0.0,0.21,あと3日,https://detail.chiebukuro.yahoo.co.jp/qa/question_detail/q12324921307,マクドナルドの期間限定で買えるガーリック黒コショウのチキンナゲットと炙り醤油風 トリプル肉厚ビーフバーガーが大好きですが一度でどれだけの期間販売しているものなんでしょうか？ いまはガーリック黒コショウ...,0,0
1657,2026/2/2 4:34,職場の悩み,非公開,13時間2分,0,24,24.0,0,0,0.031,0.0,0.0,0.03,あと3日,https://detail.chiebukuro.yahoo.co.jp/qa/question_detail/q11324921306,仕事も生活も普通にできています。友人を続けてくれている人達にも迷惑がかからないように常に意識し適切な距離感を保っているので、長い年月友人でいてくれています。 しかし、仕事の休憩時間やプライベートで自分...,0,0
1658,2026/2/2 4:34,メンズ全般,悠斗,13時間2分,2,24,12.0,0,0,0.031,8.33,0.0,0.16,あと3日,https://detail.chiebukuro.yahoo.co.jp/qa/question_detail/q10324921305,ファッションについての質問です。 スラックスを買いたいのですが、何が定番かイマイチ分かりません。チノパンと言えばディッキーズ874、デニムと言えばリーバイス501のように定番の品、またはオススメの品が...,0,0
1659,2026/2/2 4:34,ニュース、事件,マリンブルー,13時間2分,3,25,8.3,0,1,0.032,12.0,0.0,0.26,あと3日,https://detail.chiebukuro.yahoo.co.jp/qa/question_detail/q14324921304,北海道や東北地方で新聞配達の方がクマに襲われたニュースがありましたが、これってエリアが段々広がる可能性もありませんかね？ 私は神奈川在住で副業で新聞配達も考えたんですけど、丹沢区域も近く、周辺の道路に...,0,0
1660,2026/2/2 4:34,就職、転職,id非公開,13時間2分,2,48,24.0,0,0,0.061,4.17,0.01,0.19,あと3日,https://detail.chiebukuro.yahoo.co.jp/qa/question_detail/q13324921303,前職の給与がだいたい23万円でした。 A社から27万程での提案があります。 これから本命のB社との面談なのですが、他の企業で27万と提示されたからこの金額を目安にして欲しいと言って大丈夫でしょうか、、...,0,0
1661,2026/2/2 4:34,ポケットモンスター,1151033297,13時間2分,1,36,36.0,0,0,0.046,2.78,0.02,0.11,あと3日,https://detail.chiebukuro.yahoo.co.jp/qa/question_detail/q12324921302,ポケモンGo アローラキュウコンの個体値評価をお願いします 今回のコミュティディで1番良さそうな個体です 評価をお願いします,0,0
1662,2026/2/2 4:34,結婚,もも,13時間2分,5,47,9.4,0,2,0.06,10.64,0.01,0.46,あと3日,https://detail.chiebukuro.yahoo.co.jp/qa/question_detail/q11324921301,結婚式で両親へ渡すプレゼントについて悩んでいます。 子育て感謝状 花束 ウェイトベア 辺りが今のところの候補です。 花束を渡す場合ですが自分の両親は生花を飾る習慣がないためできれば加工された花の商品(...,0,0
1663,2026/2/2 4:34,洗濯、クリーニング,a282d6b8d,13時間2分,0,3,3.0,0,0,0.004,0.0,0.0,0.0,あと3日,https://detail.chiebukuro.yahoo.co.jp/qa/question_detail/q10324921300,液体の色が水色の柔軟剤を探しています！ SNSで見かけて液体の色可愛いな〜買おうかな〜と思ってそのままスクロールして… なんの柔軟剤だったか忘れてしまいました(>_<) パッケージは全然覚えていません...,0,0
1664,2026/2/2 4:33,恋愛相談、人間関係の悩み,ece********,13時間4分,5,48,9.6,0,5,0.061,10.42,0.01,0.57,あと3日,https://detail.chiebukuro.yahoo.co.jp/qa/question_detail/q14324921299,歳の差カップル、夫婦って何歳までならありですか？ またもし友達などから報告された時に「えっ？」ってならないのは何歳差までですか？ 私は22歳女性ですが、自分的には上は10下は3まで、他人なら上は10下...,0,0
1665,2026/2/2 4:33,ピアス,b67836bb3,13時間4分,3,26,8.7,0,0,0.033,11.54,0.0,0.22,あと3日,https://detail.chiebukuro.yahoo.co.jp/qa/question_detail/q13324921298,昨日ピアス開けました先生にバレて外せと言われた時にそん時だけ外してガラスの透ピにするのは危険でしょうか,0,0
1666,2026/2/2 4:33,政治、社会問題,非公開,13時間4分,2,15,7.5,0,1,0.019,13.33,0.0,0.18,あと3日,https://detail.chiebukuro.yahoo.co.jp/qa/question_detail/q12324921297,れいわの政見放送って本人が一度もでず辞めた党首のプロモーションビデオだけって酷すぎませんか？,0,0
1667,2026/2/2 4:32,幼児教育、幼稚園、保育園,www********,13時間5分,2,86,43.0,0,4,0.11,2.33,0.05,0.39,あと3日,https://detail.chiebukuro.yahoo.co.jp/qa/question_detail/q10324921295,保育園の入園が取り消し(退園)になったらどうなりますか？ 子供が4月からの保育園に通えることになりました。 私は派遣社員なので職場復帰するには 派遣先を探さなければなりません。 住んでる自治体では、入...,0,0
1668,2026/2/2 4:31,資産運用、投資信託、NISA,11403021987,13時間6分,3,73,24.3,0,4,0.093,4.11,0.02,0.44,あと3日,https://detail.chiebukuro.yahoo.co.jp/qa/question_detail/q12324921292,最近NISAを始めて月5万円オルカンに投資しております。 毎月残り8万投資できる金額があり、ボーナスが年に2回50万ずつあるのですが、高配当株を買うべきなのか何が別の投資方法があれば教えていただきたい...,0,0
1669,2026/2/2 4:31,学校の悩み,1051763311,13時間6分,2,18,9.0,0,1,0.023,11.11,0.0,0.19,あと3日,https://detail.chiebukuro.yahoo.co.jp/qa/question_detail/q11324921291,とー横キッズの子たちは訳ありの子たちが多いのですか？ちゃんと学校とか行っているのでしょうか？,0,0
1670,2026/2/2 4:31,職場の悩み,avo********,13時間6分,3,29,9.7,0,1,0.037,10.34,0.0,0.27,あと3日,https://detail.chiebukuro.yahoo.co.jp/qa/question_detail/q10324921290,男性で工場のライン作業。 同じグループのおばちゃん達に怒られ、単純作業で時間の流れも遅くやり甲斐も無い。 精神的に病むし、毎日仕事考えると体調悪くなって給料も安い。 これなら自分が少しでも興味ある職種...,0,0
1671,2026/2/2 4:31,株式,neu********,13時間6分,1,16,16.0,0,0,0.02,6.25,0.0,0.08,あと3日,https://detail.chiebukuro.yahoo.co.jp/qa/question_detail/q14324921289,NY株価が先物を含めて芳しくない状況が続いています。 トランプさんが傀儡のFRB議長を探してきた模様ですが やはりトランプさんもろとも落日のアメリカでしょうか？,0,0
1672,2026/2/2 4:31,ラジオ,std********,13時間6分,2,22,11.0,0,2,0.028,9.09,0.0,0.23,あと3日,https://detail.chiebukuro.yahoo.co.jp/qa/question_detail/q13324921288,ラジコのエリアフリー機能についてですが、パソコンからだとプレミアム会員にならないと聴けないエリアがありますが、スマホのラジコからだとパソコンでは聴けないエリアのも聴けるのはなぜですか？,0,0
1673,2026/2/2 4:31,大学、短大、大学院,q,13時間6分,3,47,15.7,0,0,0.06,6.38,0.01,0.25,不明,https://detail.chiebukuro.yahoo.co.jp/qa/question_detail/q12324921287,至急です。 高校生です。卒業したら短大に行こうと思ってます。そこで、奨学金を借りる【支給される】予定なのですが、卒業証明書を提出することはありますでしょうか？締め切りが近いので教えてくださると嬉しいで...,0,0
1674,2026/2/2 4:31,バンド,匿名,13時間6分,3,68,22.7,0,0,0.086,4.41,0.02,0.28,あと3日,https://detail.chiebukuro.yahoo.co.jp/qa/question_detail/q11324921286,バンドを教えて欲しいです！ 大学でバンドをやっているものです！ 私の大学では、文化祭の大きなステージでライブをするためにオーディションが存在します。 そのオーディションは例年かなりシビアな戦いが繰り広...,0,0
1675,2026/2/2 4:31,政治、社会問題,1053048010,13時間6分,0,6,6.0,0,0,0.008,0.0,0.0,0.01,あと3日,https://detail.chiebukuro.yahoo.co.jp/qa/question_detail/q10324921285,報道統制に沿った主張しかしないでお馴染みの国民民主党が中国共産党朝鮮労働党と価値観を共有するから同盟しようと言わない二枚舌なのはナンでですか？,0,0
1676,2026/2/2 4:31,アニメ,1051960621,13時間6分,0,8,8.0,0,0,0.01,0.0,0.0,0.01,あと3日,https://detail.chiebukuro.yahoo.co.jp/qa/question_detail/q14324921284,セクロス堂について 近頃、ハイプロン届くの遅すぎだと思いませんか？私だけですか？,0,0
1677,2026/2/2 4:31,携帯型ゲーム全般,c1f2ef554,13時間6分,3,51,17.0,0,0,0.065,5.88,0.01,0.26,あと3日,https://detail.chiebukuro.yahoo.co.jp/qa/question_detail/q12324921282,原神のガチャについて質問です 現在のガチャでコロンビーナをGETしたのですが武器ガチャを回そうか迷っています 2凸を目指してコロンビーナを引くか、未所持のイネファを引くか、武器ガチャを回すか、それとも...,0,0
1678,2026/2/2 4:31,病気、症状,パワー,13時間6分,3,59,19.7,0,0,0.075,5.08,0.01,0.27,不明,https://detail.chiebukuro.yahoo.co.jp/qa/question_detail/q11324921281,基本発熱すると菌を免疫細胞が固めて黄色の痰、鼻水として体外に出てくると思うのですが、土曜日から発熱して一度も出たことがありません。症状は喉の痛み、乾いた咳、熱38.6℃、透明な鼻水や痰のようなもの。 ...,0,0
1679,2026/2/2 4:30,恋愛相談、人間関係の悩み,非公開,13時間8分,2,44,22.0,0,3,0.056,4.55,0.01,0.3,あと3日,https://detail.chiebukuro.yahoo.co.jp/qa/question_detail/q12324921277,被害妄想が強くネガティブな性格をなんとかしたいです。マチアプで知り合って遠距離で半年の彼氏がいます。本当に自分のこと好きか不安になります。LINE頻度少ないし、向こうからは要件無ければ来ない。 昨日も...,0,0
1680,2026/2/2 4:30,おもちゃ,野村楓,13時間8分,0,7,7.0,0,0,0.009,0.0,0.0,0.01,あと3日,https://detail.chiebukuro.yahoo.co.jp/qa/question_detail/q11324921276,新品赤箱トミカの売却について質問です。 今年買った赤箱トミカを30個程リサイクルショップかおもちゃ屋さんで売ろうと思ってるのですが、一台いくらぐらいで買い取ってもらあるのでしょうか？？ 最近売ったよ〜...,0,0
1681,2026/2/2 4:30,病気、症状,ちょこれーと,13時間8分,1,50,50.0,0,1,0.063,2.0,0.03,0.16,あと3日,https://detail.chiebukuro.yahoo.co.jp/qa/question_detail/q10324921275,夕方5時くらいから今までずっっと腹痛で、最初は別に耐えれるくらいだったんですけど深夜1時くらいから痛み増してきて今に至ります。お腹の上らへんと横が痛いです。皆さん痛い時どうしてましたか、、,0,0
1682,2026/2/2 4:30,自動車,radebeuler121212,13時間8分,13,89,6.8,0,1,0.113,14.61,0.01,0.97,あと3日,https://detail.chiebukuro.yahoo.co.jp/qa/question_detail/q14324921274,車って内部のパーツを変えれば極論何十年前の車でも稼働可能ですか？,0,0
1683,2026/2/2 4:30,携帯型ゲーム全般,b7210dd18,13時間8分,1,19,19.0,0,0,0.024,5.26,0.0,0.09,あと3日,https://detail.chiebukuro.yahoo.co.jp/qa/question_detail/q13324921273,5周年からブルアカ始めた者です！ 臨戦ホシノのメモロビって見るの対策委員会3章より後の方がいいですかね？,0,0
1684,2026/2/2 4:30,労働問題,nov********,13時間8分,3,24,8.0,0,0,0.03,12.5,0.0,0.22,あと3日,https://detail.chiebukuro.yahoo.co.jp/qa/question_detail/q12324921272,ハラスメント？良いor悪いと言った感情論は置いておき、客観的に見てどう判断しますか？ ぽっちゃり目の女子社員に対して、同じ部署の男性社員がその女子社員に対して「この部署、太っている人いないしね」と唐突...,0,0
1685,2026/2/2 4:29,恋愛相談、人間関係の悩み,ID,13時間9分,0,8,8.0,0,0,0.01,0.0,0.0,0.01,あと3日,https://detail.chiebukuro.yahoo.co.jp/qa/question_detail/q11324921271,皆さんの恋事情教えてください 私はなんも無いです,0,0
1686,2026/2/2 4:29,コミック,cabd1f6f9,13時間9分,1,13,13.0,0,0,0.016,7.69,0.0,0.08,あと3日,https://detail.chiebukuro.yahoo.co.jp/qa/question_detail/q10324921270,おやすみプンプンの関くんと清水というキャラの関係性、2人の最初から最後までの物語、最後2人はどうなってその後を知りたいです！,0,0
1687,2026/2/2 4:29,友人関係の悩み,ＩＤ非公開,13時間9分,6,62,10.3,1,4,0.079,9.68,0.01,0.74,あと3日,https://detail.chiebukuro.yahoo.co.jp/qa/question_detail/q12324921267,私は高校２年女子です。 特に美人でない人ですごくモテる人いますよね。 女子からみたら普通だけど、男子から見たら魅力的みたいなんです。 学年に美人、可愛い子って何人かいます。 だけど、その人を美人とも可...,0,0
1688,2026/2/2 4:29,スマホアプリ,1052372161,13時間9分,4,61,15.2,0,0,0.077,6.56,0.01,0.33,不明,https://detail.chiebukuro.yahoo.co.jp/qa/question_detail/q11324921266,ブルアカについて質問です 他のユーザーの意見を聞くと、クレジットが足りないと言うのをよく聞きます しかし、初めてから2年ほど経ちますが、まっっっっっっったく枯渇しません 何をどうしたらクレジットが足り...,0,0
1689,2026/2/2 4:29,メルカリ,1153345938,13時間9分,8,143,17.9,0,4,0.181,5.59,0.03,0.84,あと3日,https://detail.chiebukuro.yahoo.co.jp/qa/question_detail/q10324921265,メルカリで悪い評価付けた場合、相手から取引メッセージが来る確率はどのくらいでしょうか？ 皆さんなら悪い評価されたら相手にメッセージしますか？ 悪い評価つけようと思っているんですが、トラブルになりたくな...,0,0
1690,2026/2/2 4:29,気象、天気,1151204855,13時間9分,3,25,8.3,1,0,0.032,12.0,0.0,0.35,あと3日,https://detail.chiebukuro.yahoo.co.jp/qa/question_detail/q13324921263,下の天気図についてです。 図1のQから見た断面なんですけど 寒冷前線なら 寒気 ／暖気 にならないんですか？,0,0
1691,2026/2/2 4:29,スロット,コア,13時間9分,4,118,29.5,0,5,0.149,3.39,0.04,0.59,不明,https://detail.chiebukuro.yahoo.co.jp/qa/question_detail/q12324921262,スロット・パチンコのお遊び質問です。10年くらい前に実際に起きた出来事です。 1つ目(当時のルールでは下記の代打ち・台確保はルール的にOKでした) A君とB君がゴッド 神々の凱旋の導入日に一緒にスロッ...,0,0
1692,2026/2/2 4:29,妊娠、出産,sui********,13時間9分,4,159,39.8,0,6,0.201,2.52,0.08,0.68,あと3日,https://detail.chiebukuro.yahoo.co.jp/qa/question_detail/q11324921261,友人の結婚式2ヶ月前です。 招待状の返信の締め切りは来週なのですが 生理予定日当日に検査薬をしたところ 薄い陽性反応が出ました。 まだ、生理予定日当日のため病院には今週の金曜日に 受診しようかと思って...,0,0
1693,2026/2/2 4:28,恋愛相談、人間関係の悩み,1153149489,13時間11分,2,29,14.5,0,0,0.037,6.9,0.01,0.16,あと3日,https://detail.chiebukuro.yahoo.co.jp/qa/question_detail/q14324921259,遠距離3年弱の彼氏と別れるか悩んでいます 私22(東北)彼氏25(関東)の遠距離カップルです。 出会ってから3年弱で、1.2ヶ月に1回私が会いに行く形です。 付き合った頃はお互い仕事の時間以外電話を繋...,0,0
1694,2026/2/2 4:28,ギター、ベース,a5be2c1dd,13時間11分,0,20,20.0,0,0,0.025,0.0,0.0,0.03,あと3日,https://detail.chiebukuro.yahoo.co.jp/qa/question_detail/q13324921258,現在、アーティストのtkのサウンドを目指してエフェクターを研究、購入しているのですが、 ガーゴイルは高くてまだ買えなさそうなので迫真機材部のGagogogoが中古でで回るのを待っていたのですが中々出ま...,0,0
1695,2026/2/2 4:28,政治、社会問題,ナリトク,13時間11分,2,13,6.5,0,3,0.016,15.38,0.0,0.26,あと3日,https://detail.chiebukuro.yahoo.co.jp/qa/question_detail/q11324921256,国会議員は国から多額の歳費を貰いますが、それを全部使ってしまうことは出来ず、落選時に備えてプールする必要がありますか？,0,0
1696,2026/2/2 4:28,恋愛相談、人間関係の悩み,pna********,13時間11分,2,57,28.5,0,4,0.072,3.51,0.02,0.35,あと3日,https://detail.chiebukuro.yahoo.co.jp/qa/question_detail/q10324921255,振られた元カノからLINEきた(長文ごめんなさい) 年上女性と1年半付き合ってた男です。 ひと月ほど前に大好きだった彼女に振られました。振られたと言うかもう無理だよねどうするの？みたいな感じになって僕...,0,0
1697,2026/2/2 4:27,Yahoo!知恵袋,1151368631,13時間12分,3,44,14.7,2,1,0.056,6.82,0.01,0.53,あと3日,https://detail.chiebukuro.yahoo.co.jp/qa/question_detail/q14324921254,知恵袋について。 知恵袋の利用方法について。 いろんな質問に回答する人は理解できるんです。暇つぶしに知恵袋で回答して回ろうみたいな。 知恵袋で意味わからない質問をずっとし続けてる人。 高校生だったり、...,0,0
1698,2026/2/2 4:26,政治、社会問題,20251227/1007,13時間13分,4,42,10.5,0,0,0.053,9.52,0.01,0.3,あと3日,https://detail.chiebukuro.yahoo.co.jp/qa/question_detail/q11324921251,AIの普及で無能は単純労働しかなくなるので経済格差が広がりますか？,0,0
1699,2026/2/2 4:26,アニメ,Hamanattou133,13時間13分,0,4,4.0,0,0,0.005,0.0,0.0,0.01,あと3日,https://detail.chiebukuro.yahoo.co.jp/qa/question_detail/q14324921249,よう実の綾小路の1個上の代は谷間の世代ですか？,0,0
1700,2026/2/2 4:25,動画サービス,名無し,13時間14分,0,3,3.0,0,0,0.004,0.0,0.0,0.0,あと3日,https://detail.chiebukuro.yahoo.co.jp/qa/question_detail/q13324921248,Twitchのサブスクの支払い方法はどこで変更可能でしょうか…？,0,0
1701,2026/2/2 4:25,メルカリ,a15f069b0,13時間14分,3,84,28.0,0,2,0.106,3.57,0.03,0.37,不明,https://detail.chiebukuro.yahoo.co.jp/qa/question_detail/q12324921247,メルカリ・購入・キャンセルについて 探してた商品があったので購入しました 白黒の宅配ビニールに入れてある状態で 専用ケースの箱を保護する箱が付いてなかったので 専用ケースの箱が破れてました スマホグリ...,0,0
1702,2026/2/2 4:25,病気、症状,ひじり,13時間14分,2,38,19.0,0,0,0.048,5.26,0.01,0.17,不明,https://detail.chiebukuro.yahoo.co.jp/qa/question_detail/q11324921246,皮膚科に行けば 体臭について診察 してくれますか？ 体臭が気になります。 臭いみたいな,0,0
1703,2026/2/2 4:25,生物、動物、植物,レモンスカッシュ,13時間14分,2,20,10.0,0,0,0.025,10.0,0.0,0.15,あと3日,https://detail.chiebukuro.yahoo.co.jp/qa/question_detail/q10324921245,シロクマと似てると思いますか？ パンダを白く塗ってみました。,0,0
1704,2026/2/2 4:25,家族関係の悩み,ヴァ,13時間14分,3,47,15.7,0,1,0.059,6.38,0.01,0.29,あと3日,https://detail.chiebukuro.yahoo.co.jp/qa/question_detail/q14324921244,私には歳が10歳ほど離れた姉がいます。その姉とは父親が違うと気づきました。 (↓長いのですが見ていただけると嬉しいです。) きっかけは遡ること私が小学生の頃、私は姉のおさがりの物をよく使っていたため、...,0,0
1705,2026/2/2 4:24,ウイルス対策、セキュリティ対策,+,13時間15分,1,32,32.0,0,0,0.04,3.12,0.01,0.1,あと3日,https://detail.chiebukuro.yahoo.co.jp/qa/question_detail/q13324921243,2/2から東京キャンペーンで11000ポイントもらえるって、本当ですか？ウイルス情報ではないのですか。なぜタダでもらえるのですか。今回が初めてですか？,0,0
1706,2026/2/2 4:24,恋愛相談、人間関係の悩み,bdbd6fd2b,13時間15分,2,26,13.0,0,0,0.033,7.69,0.0,0.16,あと3日,https://detail.chiebukuro.yahoo.co.jp/qa/question_detail/q12324921242,ネット上だけの関係を浮気と呼ぶのは厳しすぎますか？ 彼氏がある女性と通話していて私に隠しています。 遠くに住んでいる人で、会うことはないと思います。 Xで仲のいい界隈20人くらいがいてその中の1人です...,0,0
1707,2026/2/2 4:24,占い,1152009777,13時間15分,3,46,15.3,0,2,0.058,6.52,0.01,0.32,あと3日,https://detail.chiebukuro.yahoo.co.jp/qa/question_detail/q11324921241,あるタロット占いで相談してましたが、iPhoneにてアプリをとらないと結果が見れないと言うことで私はアンドロイドのため断念しました。それでも、結果が気になり投稿しました。 タロット占いがわかるかたいま...,0,0
1708,2026/2/2 4:24,大学受験,c69f7aa51,13時間16分,6,217,36.2,0,10,0.273,2.76,0.1,1.03,不明,https://detail.chiebukuro.yahoo.co.jp/qa/question_detail/q10324921240,獨協大学と東洋大学の両方に合格したのですがどちらの大学の方がおすすめですか？また就職や大学生活だとどうですか？ どちらも経済学部です,0,0
1709,2026/2/2 4:24,母子家庭、父子家庭,gnl********,13時間16分,3,24,8.0,0,1,0.03,12.5,0.0,0.26,あと3日,https://detail.chiebukuro.yahoo.co.jp/qa/question_detail/q13324921238,ひとり親家庭は水道代は補助が出て無料でしょうか？ 教えていただけたら有り難いです。宜しくお願いします,0,0
1710,2026/2/2 4:23,芸能人,1052011828,13時間17分,1,12,12.0,0,0,0.015,8.33,0.0,0.08,あと3日,https://detail.chiebukuro.yahoo.co.jp/qa/question_detail/q12324921237,顔タイプ メイン ソフトエレガントのフレッシュ寄り 骨格タイプ ウェーブ パーソナルカラー 1thブルベ夏 2ndイエベ秋 の芸能人・インフルエンサーなど表で活動してる人で似てる人探してます！！！！ ...,0,0
1711,2026/2/2 4:23,社会保険,my********,13時間17分,2,10,5.0,0,0,0.013,20.0,0.0,0.14,あと3日,https://detail.chiebukuro.yahoo.co.jp/qa/question_detail/q11324921236,社会保険についてしつもんです アルバイトで月80時間毎週20時間働くシフトだった場合社会保険には入らないといけませんか？ 仮にシフトが週20時間ちょうどで、毎週少し残業になった場合はどうなりますか？,0,0
1712,2026/2/2 4:23,コミック,こんぺいとう,13時間17分,2,21,10.5,0,0,0.026,9.52,0.0,0.15,不明,https://detail.chiebukuro.yahoo.co.jp/qa/question_detail/q14324921234,TSUTAYAでbl本を買ったら年齢確認されますか？ もしもされるなら内容が過激な場合だけされますか？,0,0
1713,2026/2/2 4:23,アニメ,nik********,13時間17分,3,41,13.7,0,9,0.051,7.32,0.01,0.58,あと3日,https://detail.chiebukuro.yahoo.co.jp/qa/question_detail/q13324921233,昔あったアニメなのですが 幼女とおっさん（関係不明）のアニメで日常モノだった気がします。（ほんのり恋愛風味かも？） 確か最終回で20歳くらいになったその幼女とおっさんが結婚するエンドが酷評されたアニメ...,0,0
1714,2026/2/2 4:22,ここ、探してます,マー,13時間18分,0,32,32.0,0,0,0.04,0.0,0.0,0.04,あと3日,https://detail.chiebukuro.yahoo.co.jp/qa/question_detail/q12324921232,断片的な画像ですが、どこの池かわかる方いらっしゃいませんか？ でかい亀のモニュメントが池の中にありました。 場所は佐賀、福岡、長崎、大分、山口、のどこかだったと思います。,0,0
1715,2026/2/2 4:22,男性アイドル,***********,13時間18分,2,122,61.0,0,4,0.153,1.64,0.09,0.43,あと3日,https://detail.chiebukuro.yahoo.co.jp/qa/question_detail/q11324921231,timeleszの篠塚くんが可哀想で見てられないんですけど同じ方いますか？ 将生は風磨と匂わせしたり家に入り浸ったり私服貰ったり風磨の友達と遊んだりイチャイチャしてるし 周杜は勝利に愛でられてる他、原...,0,0
1716,2026/2/2 4:22,携帯型ゲーム全般,すー,13時間18分,1,27,27.0,0,1,0.034,3.7,0.01,0.13,不明,https://detail.chiebukuro.yahoo.co.jp/qa/question_detail/q10324921230,鳴潮でリュークを引く予定ですが、モーニエ1凸してる場合あと1枠誰入れればいいでしょうか？ ちなみにリンネーは引けてないです。,0,0
1717,2026/2/2 4:21,Yahoo!知恵袋,hir********,13時間19分,4,49,12.2,0,2,0.061,8.16,0.01,0.39,あと3日,https://detail.chiebukuro.yahoo.co.jp/qa/question_detail/q11324921226,やはり今は知恵袋よりチャットgptの方が人気があるのでしょうか？,0,0
1718,2026/2/2 4:20,エアコン、空調家電,kan********,13時間20分,7,53,7.6,1,4,0.066,13.21,0.0,0.78,あと3日,https://detail.chiebukuro.yahoo.co.jp/qa/question_detail/q14324921224,オイルヒーターは、部屋が暖かくなりますか？,0,0
1719,2026/2/2 4:20,日本語,ozm********,13時間20分,7,68,9.7,0,6,0.085,10.29,0.01,0.75,あと3日,https://detail.chiebukuro.yahoo.co.jp/qa/question_detail/q13324921223,どうして真っ赤な嘘というんですか？ 抹茶色や真っ黒ではだめなのですか？,0,0
1720,2026/2/2 4:20,携帯型ゲーム全般,ジェリーズ,13時間20分,1,27,27.0,0,1,0.034,3.7,0.01,0.13,あと3日,https://detail.chiebukuro.yahoo.co.jp/qa/question_detail/q11324921221,シャドバビヨンドについての質問です！ イマリが登場した時「うらめくるめ」みたいな言ってると思うんですけど、あれ実際にはなんで言ってるんですか？,0,0
1721,2026/2/2 4:20,家族関係の悩み,mik********,13時間20分,7,172,24.6,1,7,0.215,4.07,0.05,1.04,あと3日,https://detail.chiebukuro.yahoo.co.jp/qa/question_detail/q10324921220,私は専業主婦です。 もうすぐ一歳になる子供がいます。 最近、私の実家の近くに家を購入しました。 旦那は14時ごろに仕事に行き、終電で帰ってきます。 旦那は時間的にも育児に参加できません。 子供は抱っこ...,0,0
1722,2026/2/2 4:20,友人関係の悩み,1151996529,13時間21分,2,61,30.5,0,0,0.076,3.28,0.02,0.2,あと3日,https://detail.chiebukuro.yahoo.co.jp/qa/question_detail/q14324921219,ネットの仲良かった女友達と、数年フレンドしてたその彼氏と、元彼と縁が切れました。 4人で一度だけ会って遊んだことがあります。 内容は長くなるのでそこまで書けませんが、私が悪かったところは縁を切る理由を...,0,0
1723,2026/2/2 4:20,恋愛相談、人間関係の悩み,名無し,13時間21分,4,93,23.2,0,1,0.116,4.3,0.03,0.4,不明,https://detail.chiebukuro.yahoo.co.jp/qa/question_detail/q13324921218,警察署に電話をしました。 実家に帰省中、家に残ってる彼氏と喧嘩してしまい連絡がまったくつかなくなってしまったので、何か嫌な予感がしていても立ってもいられず住んでる地域の警察署に電話をしました。 連絡先...,0,0
1724,2026/2/2 4:20,アルバイト、フリーター,c3dd2f4d9,13時間21分,2,33,16.5,0,0,0.041,6.06,0.01,0.17,あと3日,https://detail.chiebukuro.yahoo.co.jp/qa/question_detail/q12324921217,至急 ペットショップバイト初出勤はどのような事をしますか？？,0,0
1725,2026/2/2 4:19,ゲーム,もう1人の僕がすみません,13時間22分,1,21,21.0,0,0,0.026,4.76,0.01,0.09,あと3日,https://detail.chiebukuro.yahoo.co.jp/qa/question_detail/q11324921216,ウィザードリィダフネ 2週目 ヘルムート戦 敵のターンで敵が攻撃してこなくて進まない どこをタッチしても動きません 倍速ボタンとか自動戦闘のボタンなどは押せて、ただ敵が攻撃してこない。 フリーズはして...,0,0
1726,2026/2/2 4:19,ピアス,b67836bb3,13時間22分,3,22,7.3,0,0,0.027,13.64,0.0,0.21,あと3日,https://detail.chiebukuro.yahoo.co.jp/qa/question_detail/q10324921215,昨日ピアス片方開けたんですけど学校で一回は絶対バレると思うんですけどそん時にはずしてまだ同じのをつけるのは穴が塞がったりそう言うのは大丈夫なんでしょうか開けてすぐ違うピアスにするとはよくないとは聞いた...,0,0
1727,2026/2/2 4:19,iPhone,1052196040,13時間22分,0,10,10.0,0,0,0.012,0.0,0.0,0.01,あと3日,https://detail.chiebukuro.yahoo.co.jp/qa/question_detail/q14324921214,スマホを17proに変えてからスクリーンショットや画面録画をすると画面の枠部分までいっぱいに写るのですが、枠部分を範囲に含めない設定方法などはないでしょうか？ 今はスクショの際毎回上下の余白をトリミン...,0,0
1728,2026/2/2 4:19,エステ、脱毛,もも,13時間22分,0,6,6.0,0,0,0.007,0.0,0.0,0.01,あと3日,https://detail.chiebukuro.yahoo.co.jp/qa/question_detail/q13324921213,ブライダルシェービングについて質問です。 結婚式前にレザーシェービング(顔含む)をする予定です。さらに眉ワックスとマツパ(同じサロン)もする予定です。 シェービング(眉周りは避けてもらう)→数日後眉ワ...,0,0
1729,2026/2/2 4:19,政治、社会問題,pit********,13時間22分,13,140,10.8,1,13,0.174,9.29,0.02,1.59,あと3日,https://detail.chiebukuro.yahoo.co.jp/qa/question_detail/q12324921212,中道改革連合惨敗か 戦況の分析が報道各社から出ていますが、中道改革連合はかなりの苦戦となっている模様。半減するとも伝えられてます。 皆さんは中道改革連合が支持を得られていない理由をどう見ますか？,0,0
1730,2026/2/2 4:19,携帯型ゲーム全般,非公開,13時間22分,2,31,15.5,0,0,0.039,6.45,0.01,0.16,あと3日,https://detail.chiebukuro.yahoo.co.jp/qa/question_detail/q11324921211,ブロスタに関して コインが圧倒的に足りてないのですが、皆さんはどうやって集めてますか？？ やっぱり課金したほうがいいんですかね？？ また、パワー11でガジェットやギア、チャージが揃ってるのは現在ティッ...,0,0
1731,2026/2/2 4:18,病院、検査,1151657199,13時間23分,0,4,4.0,0,0,0.005,0.0,0.0,0.0,あと3日,https://detail.chiebukuro.yahoo.co.jp/qa/question_detail/q10324921210,大阪府内で内科開業は既にレッドオーシャンで厳しいでしょうか？,0,0
1732,2026/2/2 4:18,外国為替、FX,mwq********,13時間23分,1,16,16.0,0,1,0.02,6.25,0.0,0.12,あと3日,https://detail.chiebukuro.yahoo.co.jp/qa/question_detail/q14324921209,DMM.com FXドル/円 1万通貨、1ロットに、必要な資金はいくら必要ですか？7ロット保有したいのですが。教えてください。,0,0
1733,2026/2/2 4:18,アナウンサー,非公開,13時間23分,0,5,5.0,0,0,0.006,0.0,0.0,0.01,あと3日,https://detail.chiebukuro.yahoo.co.jp/qa/question_detail/q13324921208,女子アナと職業の前に女子とつけるのを差別だと言うけど、オリンピックの女子ボクシングで男と女の戦いの話で盛り上がってから冷静に女子アナはアナウンサーとアイドルの要素あるからそれで良いだろと思いました。 ...,0,0
1734,2026/2/2 4:17,妊娠、出産,1251612758,13時間24分,4,61,15.2,0,0,0.076,6.56,0.01,0.32,あと3日,https://detail.chiebukuro.yahoo.co.jp/qa/question_detail/q11324921206,妊娠検査薬使ったんですがこれって妊娠ですか？ 左側が出たら陽性だと思うのですが。 右側が薄くなっているんですけど関係ないですよね？ 2本線だったら陽性だと思っているのですがちょっと不安で。 ちなみに妊...,0,0
1735,2026/2/2 4:17,インフルエンザ,a99a876af,13時間24分,3,44,14.7,0,0,0.055,6.82,0.01,0.24,あと3日,https://detail.chiebukuro.yahoo.co.jp/qa/question_detail/q10324921205,熱でしんどくて寝れない時ってスマホを見ても大丈夫ですか？？ おそらくインフルになったのですが、（今日病院に行きます）しんどくて寝れません。 しんどいというか、寝たら怖い夢というか変な考えをしてしまいま...,0,0
1736,2026/2/2 4:17,動物,レモンスカッシュ,13時間25分,4,33,8.2,0,3,0.041,12.12,0.0,0.4,あと3日,https://detail.chiebukuro.yahoo.co.jp/qa/question_detail/q14324921204,パンダを白く塗ってみました。 シロクマに見えますか？,0,0
1737,2026/2/2 4:17,水泳,a4f58b119,13時間25分,1,14,14.0,0,1,0.017,7.14,0.0,0.12,あと3日,https://detail.chiebukuro.yahoo.co.jp/qa/question_detail/q13324921203,至急 着衣水泳と水泳大会を同じ日に同じ場所でやる際に着衣水泳を先にやるとしたらどんな影響が出始めると思いますか。このような格好で着衣水泳をやった後に引き続き水泳大会をやるとしたらどんな影響がありますか,0,0
1738,2026/2/2 4:17,冷蔵庫、キッチン家電,ysj********,13時間25分,0,7,7.0,0,0,0.009,0.0,0.0,0.01,あと3日,https://detail.chiebukuro.yahoo.co.jp/qa/question_detail/q12324921202,アイリスオーヤマのihは5段階中の1は75度以上ありますか？加熱モードです。,0,0
1739,2026/2/2 4:16,就職、転職,eob********,13時間26分,1,17,17.0,0,0,0.021,5.88,0.0,0.08,あと3日,https://detail.chiebukuro.yahoo.co.jp/qa/question_detail/q14324921199,医療事務、歯科助手は、出会いなくて、有給使って土曜日やすことすらできない、、 個人病院は閉鎖的、稼げない 稼げないなら正社員で病院働きながら副業します、 副業で気晴らしなるし、きっと出会いある 仕事選...,0,0
1740,2026/2/2 4:16,ニキビケア,ひ,13時間26分,1,21,21.0,0,0,0.026,4.76,0.01,0.09,あと3日,https://detail.chiebukuro.yahoo.co.jp/qa/question_detail/q13324921198,大至急！！！！！ 今にも爆発しそうな赤ニキビってニキビパッチ貼っても大丈夫ですかね？！？！ ちなみにCICAのニキビパッチを貼る予定です！！,0,0
1741,2026/2/2 4:16,ホテル、旅館,えだまめ,13時間26分,2,33,16.5,0,0,0.041,6.06,0.01,0.16,あと3日,https://detail.chiebukuro.yahoo.co.jp/qa/question_detail/q12324921197,ホテルで座ったら水が一旦流れる仕様のトイレで、準備中のランプが点灯し終わったら使ってくださいみたいな感じなんですけど、だいぶ長くて、初めて見る仕様なんですけど結構多いんですかね、、,0,0
1742,2026/2/2 4:16,法律、消費者問題,非公開,13時間26分,8,136,17.0,0,7,0.169,5.88,0.03,0.92,不明,https://detail.chiebukuro.yahoo.co.jp/qa/question_detail/q11324921196,至急。 今さっきコンビニに行ったらパトカーが2台、止まってて「何かあったのかな？」と思い見てました。 そうしたら警察官が「店長さん！通報時と話が違うじゃないですか！万引きは店の外に出たら万引きでその時...,0,0
1743,2026/2/2 4:16,恋愛相談、人間関係の悩み,b59ccdabf,13時間26分,0,18,18.0,0,0,0.022,0.0,0.0,0.02,あと3日,https://detail.chiebukuro.yahoo.co.jp/qa/question_detail/q14324921194,20代、男性です。 好きな女性がいます。 ですが、人と付き合うことに対して、どうしようもなく気持ち悪いと思ってしまう自分がいます。 私の中でも整理がついていないのですが、その嫌悪感は自己嫌悪や不安など...,0,0
1744,2026/2/2 4:16,ゲーム,非公開,13時間26分,0,24,24.0,0,0,0.03,0.0,0.0,0.03,あと3日,https://detail.chiebukuro.yahoo.co.jp/qa/question_detail/q13324921193,エンドフィールドについてです。 ギルベルタって現状どの編成に一番相性良いんですか？それとも探索快適枠でしょうか？ あと、ギルベルタをレーヴァテイン編成のアルデリアと入れ替えた場合、灼熱のスタック管理っ...,0,0
1745,2026/2/2 4:16,洋楽,Freewill,13時間26分,23,129,5.6,0,0,0.16,17.83,0.01,1.58,あと3日,https://detail.chiebukuro.yahoo.co.jp/qa/question_detail/q12324921192,「”風” が出て来る、もしくはまつわる」という曲がありましたら、1曲お願い出来ますか？ 洋邦・歌モノ・インストを問いません。 日本語でも外国語でも、前後に文字や単語を足していただいても、何かに例えたり...,0,0
1746,2026/2/2 4:15,友人関係の悩み,1052000464,13時間27分,1,17,17.0,0,0,0.021,5.88,0.0,0.08,あと3日,https://detail.chiebukuro.yahoo.co.jp/qa/question_detail/q13324921188,友達の恋バナ毎日聞けますか？ 私の友達はまだ付き合ってはいないですが頻繁に会っている男の人がいます。話を聞く限り関係は良さそうですが、お互い告白までは行かず。私の友達はかなり好意を寄せています。 学校...,0,0
1747,2026/2/2 4:15,スキンケア,1051771531,13時間27分,4,38,9.5,0,0,0.047,10.53,0.0,0.29,あと3日,https://detail.chiebukuro.yahoo.co.jp/qa/question_detail/q12324921187,頬の写真です。 写真のようにニキビではないのに毛穴が赤いです。これはもう美容医療しかないのでしょうか、、詳しい方いたら教えていただきたいです！！,0,0
1748,2026/2/2 4:15,恋愛相談,ad9e17d,13時間27分,1,47,47.0,0,3,0.058,2.13,0.03,0.23,あと3日,https://detail.chiebukuro.yahoo.co.jp/qa/question_detail/q11324921186,私の彼女のことなんですけど。 まだお付き合いを始めたばかりの頃です。まずは彼女はとても可愛い感じの女の子でした。そしてお話をしていてなんだか盛り上がっていて、だからなんだか仲良くなれそうな予感がありま...,0,0
1749,2026/2/2 4:15,写真、ビデオ,1152503121,13時間27分,2,10,5.0,0,0,0.012,20.0,0.0,0.14,あと3日,https://detail.chiebukuro.yahoo.co.jp/qa/question_detail/q12324921182,(サイズを)トリミングした写真にLiitでフレームをつけるとフレームの文字がガビガビになってしまうのですが対処法ありますか？,0,0
1750,2026/2/2 4:15,アニメ,c1addbc42,13時間28分,1,55,55.0,0,5,0.068,1.82,0.04,0.32,あと3日,https://detail.chiebukuro.yahoo.co.jp/qa/question_detail/q11324921181,Fateシリーズをなんとなくで見てきたのですが、イマイチ理解できていない部分があります。ギルガメッシュさんはなんで色んなシリーズに出てくるんですか？ ストレンジフェイクのギルと、ZEROのギルの頃の記...,0,0
1751,2026/2/2 4:15,ゲーム,マイクロブタ可愛い,13時間28分,0,7,7.0,0,0,0.009,0.0,0.0,0.01,あと3日,https://detail.chiebukuro.yahoo.co.jp/qa/question_detail/q10324921180,スプラ3を初期化しようと思っているのですが、追加コンテンツ購入済みの場合買ったことも消されるのでしょうか？ 又、スプラ2も持っているのですが、データを移行するって最初に出てたやつって出るんですか？ あ...,0,0
1752,2026/2/2 4:15,恋愛相談、人間関係の悩み,afs********,13時間28分,2,34,17.0,0,0,0.042,5.88,0.01,0.17,あと3日,https://detail.chiebukuro.yahoo.co.jp/qa/question_detail/q14324921179,彼氏が自分の下着の写真を撮っていたらどう思いますか？ 付き合って3年の彼氏がいますが、彼氏の写真フォルダを見たら非表示リストに私の下着の写真がありました。私がお風呂に入っているときに撮ったもので、私の...,0,0
1753,2026/2/2 4:15,スマホアプリ,c8f2501a9,13時間28分,1,5,5.0,0,0,0.006,20.0,0.0,0.07,あと3日,https://detail.chiebukuro.yahoo.co.jp/qa/question_detail/q13324921178,geminiについての質問です。 先程、AIのgeminiを思考モードにして使っていたのですが、1日の利用制限まで使っていないのに、使用できなくなりました。 何が原因か教えていただきたいです。また実際...,0,0
1754,2026/2/2 4:14,Yahoo!オークション,西川薫,13時間29分,1,21,21.0,0,0,0.026,4.76,0.01,0.09,あと3日,https://detail.chiebukuro.yahoo.co.jp/qa/question_detail/q11324921176,とあるアニメキャラクターの箱無しの絆創膏をヤフオクやメルカリなどで出品すると強制消去されますか？,0,0
1755,2026/2/2 4:13,恋愛相談、人間関係の悩み,あ,13時間30分,2,22,11.0,0,0,0.027,9.09,0.0,0.15,あと3日,https://detail.chiebukuro.yahoo.co.jp/qa/question_detail/q10324921175,昨日ゲームをしてて、野良の5人と同じチームになってボイスチャットを使って話してたんですよ。そしたら、1人が小5のがきんちょで、暴言や下ネタなどを言いまくってたんです。私も暴言を吐かれました。 私もまだ...,0,0
1756,2026/2/2 4:13,中学受験,asho,13時間30分,5,46,9.2,0,6,0.057,10.87,0.01,0.59,不明,https://detail.chiebukuro.yahoo.co.jp/qa/question_detail/q14324921174,夜分にすみません。 中学受験 算数の計算問題について、 工夫して解く方法を教えてください。 途中の過程などを省略せずに教えていただけると理解しやすく大変助かります。 また、こういった工夫して解く計算問...,0,0
1758,2026/2/2 4:13,ライブ、コンサート,あー,13時間30分,4,31,7.8,0,0,0.038,12.9,0.0,0.28,あと3日,https://detail.chiebukuro.yahoo.co.jp/qa/question_detail/q11324921171,ライブ抽選応募とかで2次抽選って1次抽選の入金漏れのものを出してるんですか？,0,0
1759,2026/2/2 4:13,洋楽,b33df4f24,13時間30分,1,10,10.0,0,0,0.012,10.0,0.0,0.07,あと3日,https://detail.chiebukuro.yahoo.co.jp/qa/question_detail/q12324921172,洋楽を探しています。 MVはYoutubeで見たときは緑色ベースでお椀型にした両手上に曲？が書いてありました。男性二人組で、日本のどこかの高校がその曲を使ってtiktokで流行らせたみたいでアンサー曲...,0,0
1760,2026/2/2 4:13,恋愛相談、人間関係の悩み,グラノーラ,13時間30分,2,19,9.5,0,0,0.023,10.53,0.0,0.15,あと3日,https://detail.chiebukuro.yahoo.co.jp/qa/question_detail/q10324921170,真面目な出会いアプリのプロフィールの書き方について質問です。 登録しようと思っているアプリは自由に自己アピール出来る欄はあるのですが、年収を書く欄がありません。 自分は年収が1000万円を超えているの...,0,0
1761,2026/2/2 4:13,観光地、行楽地,561186%542269,13時間30分,0,72,72.0,1,0,0.089,0.0,0.0,0.21,あと3日,https://detail.chiebukuro.yahoo.co.jp/qa/question_detail/q13324921168,石川県の県民性について教えてください 東京の人と合うかもお願いします,0,0
1762,2026/2/2 4:13,携帯型ゲーム全般,adcc5477f,13時間30分,2,23,11.5,0,0,0.028,8.7,0.0,0.15,あと3日,https://detail.chiebukuro.yahoo.co.jp/qa/question_detail/q12324921167,原神の編成についてなんですけどネフェルパにイネファってありですか？ 編成として考えてるのは全員無凸でネフェル（霜辰 天穹4）コロンビーナ（金箔 月紡ぎ4）イネファ（死闘の槍 暁の星4）ラウマ（天光のリ...,0,0
1763,2026/2/2 4:13,メイク、コスメ,ま,13時間30分,1,18,18.0,0,0,0.022,5.56,0.0,0.08,あと3日,https://detail.chiebukuro.yahoo.co.jp/qa/question_detail/q11324921166,マツエクのお直しについて質問です。 先日初めて行くサロンでマツエク140本をしました。マツエクをして5日くらいで両目ともマツエクがポロポロ取れてきてかなりスカスカになりました。 これはお直ししてもらえ...,0,0
1764,2026/2/2 4:13,コミック,pomero,13時間30分,1,25,25.0,0,0,0.031,4.0,0.01,0.09,あと3日,https://detail.chiebukuro.yahoo.co.jp/qa/question_detail/q10324921165,ハンターハンターでゴンたちが受けた第287期ハンター試験のキャラの中での最強ランキングトップ10教えてください。 根拠もあると嬉しいです。,0,0
1765,2026/2/2 4:12,ライブ、コンサート,cf023ed87,13時間32分,0,9,9.0,0,0,0.011,0.0,0.0,0.01,あと3日,https://detail.chiebukuro.yahoo.co.jp/qa/question_detail/q14324921164,2月14日に行われるavamさんの単独公演は一般エリアの3000円のチケットを買っても特典会に参加できますか？教えていただきたいです。,0,0
1766,2026/2/2 4:12,恋愛相談、人間関係の悩み,1252559633,13時間32分,3,27,9.0,0,0,0.033,11.11,0.0,0.22,あと3日,https://detail.chiebukuro.yahoo.co.jp/qa/question_detail/q13324921163,彼女からもうそばにはいられない、月数回しか会えないのにそれも体調不良とか親の介護でキャンセルなってしんどいときました。 みなさんならどうしますか。もちろんわざとではありません。,0,0
1767,2026/2/2 4:12,トレーディングカード,c,13時間32分,5,67,13.4,0,4,0.082,7.46,0.01,0.54,あと3日,https://detail.chiebukuro.yahoo.co.jp/qa/question_detail/q12324921162,ポケカにお金を使うことってどう思いますか？ （一万〜二万円くらいです。）,0,0
1768,2026/2/2 4:12,アルバイト、フリーター,非公開,13時間32分,2,45,22.5,0,0,0.055,4.44,0.01,0.18,あと3日,https://detail.chiebukuro.yahoo.co.jp/qa/question_detail/q11324921161,単発、スキマバイト探してます タイミーやシェアフルでは遠方にしか仕事がなく、ネット検索してみたらバイトルなどにありますが、 どれも派遣会社経由です いずれも派遣会社に登録しても、近隣にあるとして上がっ...,0,0
1769,2026/2/2 4:11,高校受験,匿名,13時間33分,4,61,15.2,0,0,0.075,6.56,0.01,0.32,あと3日,https://detail.chiebukuro.yahoo.co.jp/qa/question_detail/q10324921160,高校受験で、面接官の男性に、 ｢将来の夢は何ですか？｣ と聞かれて、 ｢人との関わりが少ない仕事です｣ と言った、中３の女子は、非常識ですか？,0,0
1770,2026/2/2 4:11,恋愛相談、人間関係の悩み,1251490655,13時間33分,1,15,15.0,0,1,0.018,6.67,0.0,0.12,あと3日,https://detail.chiebukuro.yahoo.co.jp/qa/question_detail/q14324921159,原神について イネファ1凸餅、コロンビーナ2凸餅の場合どちらに暁どちらに夜の歌つけますか？,0,0
1771,2026/2/2 4:11,アニメ,ぬぬ,13時間33分,0,10,10.0,0,0,0.012,0.0,0.0,0.01,あと3日,https://detail.chiebukuro.yahoo.co.jp/qa/question_detail/q13324921158,呪術アニメ勢です 禪院真依が回想入る前の最期に頭から流している水のようなものはなんですか また、海のシーンではなぜ真依だけ夏服なんですか。,0,0
1772,2026/2/2 4:11,恋愛相談、人間関係の悩み,kam********,13時間33分,2,21,10.5,0,2,0.026,9.52,0.0,0.22,あと3日,https://detail.chiebukuro.yahoo.co.jp/qa/question_detail/q12324921157,コーヒー豆。 1と2ならどっちがいいですかね。 1 エチオピア・METAD社・アラカ農園｢N｣ 2 エチオピア・モカ・ナチュラル ｢N｣,0,0
1773,2026/2/2 4:10,ドラゴンクエスト,非公開,13時間34分,1,56,56.0,0,0,0.069,1.79,0.04,0.13,不明,https://detail.chiebukuro.yahoo.co.jp/qa/question_detail/q11324921156,『至急』ドラクエ9のリメイクについての質問です。 2009年当時、僕は小学校4年生でした。ドラクエ9の発売日に買ってもらうことが出来ました。 しかし、僕は発売日の次の日に僕に虐めを続けていた奴をガラス...,0,0
1774,2026/2/2 4:10,職場の悩み,1150071526,13時間34分,5,29,5.8,1,1,0.036,17.24,0.0,0.5,あと3日,https://detail.chiebukuro.yahoo.co.jp/qa/question_detail/q10324921155,若い人は、汚くなる工場勤務はイヤですか？,0,0
1775,2026/2/2 4:10,ゲーム,うああああああ,13時間34分,0,5,5.0,0,0,0.006,0.0,0.0,0.01,あと3日,https://detail.chiebukuro.yahoo.co.jp/qa/question_detail/q14324921154,ユーロトラックシュミレーターについてです。 日本マップで遊んでいるのですが、制限速度が80とか70とかで遅いです。ai車もそれに合わせて走っているせいか周りの車が遅いです。自分が80とかの速さで走って...,0,0
1776,2026/2/2 4:10,不動産,nek********,13時間34分,7,43,6.1,0,2,0.053,16.28,0.0,0.56,あと3日,https://detail.chiebukuro.yahoo.co.jp/qa/question_detail/q13324921153,東京23区のマンションは中古でも1億円超えですが、30年後はもっと高くなっていると思いますか？2億円に達しますか？,0,0
1777,2026/2/2 4:10,Amazon,bfea068bf,13時間34分,0,3,3.0,0,0,0.004,0.0,0.0,0.0,あと3日,https://detail.chiebukuro.yahoo.co.jp/qa/question_detail/q12324921152,Amazon等でスピナーリングを買いたいと思っているのですが、どこの物がよく回るのでしょうか？ シンプルな物で値段は3000円以内だと助かります。 また、どれ程の期間使うと回らなくなりますか？,0,0
1778,2026/2/2 4:09,妊娠、出産,すず,13時間35分,0,14,14.0,0,0,0.017,0.0,0.0,0.02,あと3日,https://detail.chiebukuro.yahoo.co.jp/qa/question_detail/q11324921151,基礎体温について質問です。 今日2月2日夜中なぜか3時間おきや、2時間おきに目が冷めて寝ぼけて3回位基礎体温測ってたのですが、最初の睡眠時間多分3時間半位で36.78で2回目36.64で睡眠2時間ちょ...,0,0
1779,2026/2/2 4:09,数学,1151352533,13時間36分,6,80,13.3,0,3,0.098,7.5,0.01,0.58,あと3日,https://detail.chiebukuro.yahoo.co.jp/qa/question_detail/q10324921150,"三角関数って 角度がわかってればsin,cos,tanとかがわかって、sin,cos,tanとかがわかれば角度がわかるってこと(わかるようにしたもの) の認識であってますか？",0,0
1780,2026/2/2 4:08,この仕事教えて,猫好き,13時間37分,4,44,11.0,0,0,0.054,9.09,0.01,0.3,あと3日,https://detail.chiebukuro.yahoo.co.jp/qa/question_detail/q14324921149,職人さんに質問です。 現在ホームセンターでネジやビス、鋼製建材など、 金物を担当しています。 皆様の素直な意見でいいです。 商品がこんなの欲しいとか、 こんな棚だったら見やすいとか こんなのがあったら...,0,0
1781,2026/2/2 4:08,テレビゲーム全般,紅月鏡夜,13時間37分,1,2,2.0,0,0,0.002,50.0,0.0,0.06,あと3日,https://detail.chiebukuro.yahoo.co.jp/qa/question_detail/q13324921148,アセコルについてです。 最近Windowsの挙動がおかしく、もうインストールしてから2年間ほどかなり酷使していたので再インストール(ゲーム用ドライブ等含めて全部クリーンにしたい)のですが、アセットコル...,0,0
1782,2026/2/2 4:08,DIY,hoj********,13時間37分,3,52,17.3,0,0,0.064,5.77,0.01,0.25,あと3日,https://detail.chiebukuro.yahoo.co.jp/qa/question_detail/q12324921147,電柱の支線カバーにスリットがあります。 どん詰まりでうちしかない狭い道路でスリットに引っ掛けてしまい 電力会社に言ったらこの形状しかないからテープで塞ぐしかないと言われました。 自分でやってもいいとの...,0,0
1783,2026/2/2 4:08,アルバイト、フリーター,にゃん,13時間37分,0,25,25.0,0,0,0.031,0.0,0.0,0.03,あと3日,https://detail.chiebukuro.yahoo.co.jp/qa/question_detail/q11324921146,引越のサカイでバイトをしようと思っている高校生女子です。 現場で荷物を運ぶ訳ではなく、サカイ引越センターでの荷解きや梱包のバイトをしようと考えているんですが、私はピアスが沢山付いていて、髪も染めていま...,0,0
1784,2026/2/2 4:08,恋愛相談,My Hair is No1,13時間37分,7,114,16.3,0,12,0.139,6.14,0.02,1.01,あと3日,https://detail.chiebukuro.yahoo.co.jp/qa/question_detail/q14324921144,【相談】彼女と別れるべきか悩んでいます 付き合って7ヶ月ほどになる彼女との関係について悩んでいます。 付き合い始めた頃は、精神的に自立している子だと思っていました。 ですが、付き合っていくうちに、徐々...,0,0
1785,2026/2/2 4:07,テレビ、DVD、ホームシアター,oew********,13時間38分,1,10,10.0,0,1,0.012,10.0,0.0,0.11,あと3日,https://detail.chiebukuro.yahoo.co.jp/qa/question_detail/q13324921143,古いDVDが決まったところで止まります DVD研磨機を買えば直りますか?,0,0
1786,2026/2/2 4:07,ヘアケア,んれも,13時間38分,3,24,8.0,0,0,0.029,12.5,0.0,0.21,あと3日,https://detail.chiebukuro.yahoo.co.jp/qa/question_detail/q12324921142,至急、回答！！！ 男性の方に質問です。 髪をセットするのに何を使ってるのか教えてください。 初心者にも使いやすい物があれば教えてください。,0,0
1787,2026/2/2 4:07,テレビ、DVD、ホームシアター,03043202,13時間38分,7,77,11.0,1,5,0.094,9.09,0.01,0.83,不明,https://detail.chiebukuro.yahoo.co.jp/qa/question_detail/q11324921141,HDMI端子が使えるモニターってありますか？firetvの端子使いたいです。 もし大きさもバリエーションがあるならテレビくらいの大きさがあるものだと嬉しいです。 あまり値段が高くないものだとより嬉しい...,0,0
1788,2026/2/2 4:07,ピアス,c8922434f,13時間38分,1,8,8.0,0,0,0.01,12.5,0.0,0.07,あと3日,https://detail.chiebukuro.yahoo.co.jp/qa/question_detail/q10324921140,最近ピアスを開けたのですがカツ喜のバイトでピアス付けてたらダメとかありますか？ 詳しい方が居れば教えて頂きたいです,0,0
1789,2026/2/2 4:06,園芸、ガーデニング,a4f58b119,13時間39分,0,15,15.0,1,0,0.018,0.0,0.0,0.14,あと3日,https://detail.chiebukuro.yahoo.co.jp/qa/question_detail/q14324921139,イライラしているので今直ぐに回答をお願いします。このようなフローリングの上で田植えをやる際に稲の苗の苗を植えるにはどうやって植えるのが分かりやすいと思いますか。実際に合成して欲しいです,0,0
1790,2026/2/2 4:06,ゲーム,c441316f4,13時間39分,0,20,20.0,0,0,0.024,0.0,0.0,0.02,あと3日,https://detail.chiebukuro.yahoo.co.jp/qa/question_detail/q13324921138,原神に関する質問です。 海灯祭期間中、璃月に何人かキャラが配置されてると思うのですが、そのキャラ達って写真撮影したり、キャラが飛ばした霄灯に添付されている贈り物を受け取った後、マップ上からいなくなって...,0,0
1791,2026/2/2 4:06,国内,1151657199,13時間40分,2,23,11.5,1,0,0.028,8.7,0.0,0.27,あと3日,https://detail.chiebukuro.yahoo.co.jp/qa/question_detail/q12324921137,大阪の夏はすごく暑いですよね。 皆さんどのように対策しておられますか？,0,0
1792,2026/2/2 4:05,ゲーム,ラーメンに溺れたい,13時間41分,1,17,17.0,0,0,0.021,5.88,0.0,0.08,あと3日,https://detail.chiebukuro.yahoo.co.jp/qa/question_detail/q11324921136,ゲームで物凄く強いひとの集いのような場所に誘われて入ったのですが、場違いだとかないですかね、？？？,0,0
1793,2026/2/2 4:05,友人関係の悩み,匿名,13時間41分,3,29,9.7,0,2,0.035,10.34,0.0,0.29,あと3日,https://detail.chiebukuro.yahoo.co.jp/qa/question_detail/q14324921134,オフ会できた20代後半の女性が化粧無し、一般女性に比べて太っているだとやはり幻滅しますか？ 友人ら複数人(20-30代)がオフ会をする予定でとても楽しそうとは思うのですが、 行って印象が違うとかで万が...,0,0
1794,2026/2/2 4:05,生き方、人生相談,愁,13時間41分,5,39,7.8,2,1,0.047,12.82,0.0,0.63,あと3日,https://detail.chiebukuro.yahoo.co.jp/qa/question_detail/q13324921133,4時まで起きてると寝るか寝ないか迷いません？,0,0
1795,2026/2/2 4:05,生理,myu********,13時間41分,1,25,25.0,0,0,0.03,4.0,0.01,0.09,あと3日,https://detail.chiebukuro.yahoo.co.jp/qa/question_detail/q12324921132,生理終わりかけのときに自慰行為をして また、出血量が増えることってありますか？ 今日、終わって何もつかないことを確認して したのですが、また出血が始まりました...,0,0
1796,2026/2/2 4:05,住宅,a923f1e82,13時間41分,1,21,21.0,0,0,0.026,4.76,0.01,0.09,あと3日,https://detail.chiebukuro.yahoo.co.jp/qa/question_detail/q14324921129,うちの賃貸アパート 、二つ窓があるんですが、二つとも窓のゴムパッキンが左側だけにしかついてないんですがなぜだと思いますか？なぜ右側にはないんでしょうか？,0,0
1797,2026/2/2 4:05,恋愛相談、人間関係の悩み,^_^,13時間41分,1,13,13.0,0,0,0.016,7.69,0.0,0.08,あと3日,https://detail.chiebukuro.yahoo.co.jp/qa/question_detail/q13324921128,恋愛相談です。 バイト先で少し気になっている後輩の男の子(私大2相手高3)がいました。バイト先はスーパーのレジのお仕事なので話すことも少なかったので良いなーくらいです。ですが、バイト先が1月末で閉店と...,0,0
1798,2026/2/2 4:05,モンスターハンター,mm,13時間41分,1,56,56.0,0,1,0.068,1.79,0.04,0.17,あと3日,https://detail.chiebukuro.yahoo.co.jp/qa/question_detail/q12324921127,モンハンワイルズ ゴグマジオスなのですが ソロの場合ファビウスがガードしてくれません。 走り回って一緒に死にます 戻り玉でタイミング掴んで40分で倒せましたが、、 オンラインだとしてくれます なぜでし...,0,0
1799,2026/2/2 4:05,アニメ,1153132827,13時間41分,2,36,18.0,1,0,0.044,5.56,0.01,0.29,あと3日,https://detail.chiebukuro.yahoo.co.jp/qa/question_detail/q11324921126,10年以上前で恐らく2007年から2011年位の作品だと思うのですが、アニメに詳しい方協力していただけますか、、 当時、最終回のみをたまたま視聴し、その後そのアニメが気になるもタイトルも分からなければ...,0,0
1800,2026/2/2 4:05,iPhone,う,13時間41分,3,55,18.3,0,2,0.067,5.45,0.01,0.32,あと3日,https://detail.chiebukuro.yahoo.co.jp/qa/question_detail/q10324921125,韓国旅行にサブ用のiPhone7（カメラしか使ってない）を持っていきたいのですがeSIM対応していないみたいでこのまま何も設定せずに持っていくと多分通信料高くなってしまいますよね、、、？ どーやったら...,0,0
1801,2026/2/2 4:04,イヌ,1151657199,13時間42分,1,11,11.0,0,0,0.013,9.09,0.0,0.07,あと3日,https://detail.chiebukuro.yahoo.co.jp/qa/question_detail/q14324921124,大阪府北摂は犬を飼いやすい環境ですか？ 将来、大型犬と小型犬1匹ずつ飼えたらいいなと考えております。,0,0
1802,2026/2/2 4:04,幼児教育、幼稚園、保育園,1253161403,13時間42分,3,51,17.0,0,0,0.062,5.88,0.01,0.24,あと3日,https://detail.chiebukuro.yahoo.co.jp/qa/question_detail/q13324921123,世の中のママにはキャラものを極端に嫌う人がいますが、あれってなんなんでしょう。 アンパンマンを避けることでこの先、何かメリットはあるのでしょうか？ この前ママ宅訪問したら、アンパンマンは意地でも見せな...,0,0
1803,2026/2/2 4:04,エステ、脱毛,a593d7d68,13時間42分,1,5,5.0,0,0,0.006,20.0,0.0,0.07,あと3日,https://detail.chiebukuro.yahoo.co.jp/qa/question_detail/q12324921122,痛くない脱毛サロン・クリニックを教えてください。,0,0
1804,2026/2/2 4:04,就職、転職,・,13時間42分,3,43,14.3,0,4,0.052,6.98,0.01,0.38,不明,https://detail.chiebukuro.yahoo.co.jp/qa/question_detail/q10324921120,体育系部活 にしても 就職初陣 にしても大抵は初日は 「ビギナーズハッスル」でスタート。 その後4～5日して必ず「中だるみ」が来ますよね。 そこをどう乗り越えるか？ ですよね？,0,0
1805,2026/2/2 4:04,一人暮らし、シングルライフ,マリ,13時間42分,9,65,7.2,0,10,0.079,13.85,0.01,0.99,あと3日,https://detail.chiebukuro.yahoo.co.jp/qa/question_detail/q13324921118,現在一人暮らししてます。質問なのですが手取り16万で生活はできますか？ 家賃30000円、ガス電気13000円、水道5000円 、WiFi3000円 なのですがどうでしょうか？わかる方いれば教えてくだ...,0,0
1806,2026/2/2 4:04,マインクラフト,s64********,13時間43分,0,13,13.0,0,0,0.016,0.0,0.0,0.02,あと3日,https://detail.chiebukuro.yahoo.co.jp/qa/question_detail/q12324921117,マイクラ統合版での質問です。(Switch版) パーティクル？と呼ばれるものがめちゃデカくて、骨粉を使うと画面緑になって周り見えなくなるくらいデカいです… パーティクルを小さくすることはできますか？ ...,0,0
1807,2026/2/2 4:04,賃貸物件,非公開,13時間43分,1,52,52.0,0,0,0.063,1.92,0.03,0.12,あと3日,https://detail.chiebukuro.yahoo.co.jp/qa/question_detail/q11324921116,退去費用について 新築の1Kで5.6〜7畳ほどの賃貸アパートに2年住んでいました。 先月末、更新のタイミングで退去立ち会いを行い退去費用の請求書を貰いました。 名義人の私は現在里帰り出産中で立ち会いが...,0,0
1808,2026/2/2 4:04,バンド,a877fe35d,13時間43分,5,61,12.2,1,0,0.074,8.2,0.01,0.5,あと3日,https://detail.chiebukuro.yahoo.co.jp/qa/question_detail/q10324921115,エレキギターを始めて1年が経った19歳です。DTMなど何もわかりませんが、いずれ作曲した曲でバンドを組みたいと考えています。今から友達などを誘ってコピバンなどを始めた方がいいのでしょうか？ 音楽経験も...,0,0
1809,2026/2/2 4:03,同人誌、コミケ,匿名,13時間44分,0,11,11.0,0,0,0.013,0.0,0.0,0.01,あと3日,https://detail.chiebukuro.yahoo.co.jp/qa/question_detail/q14324921114,二次創作において、 NL、BL、GLをかいている人の男女比はそれぞれどのくらいだと思いますか？,0,0
1810,2026/2/2 4:03,メンズ全般,a78b7269d,13時間44分,1,11,11.0,0,0,0.013,9.09,0.0,0.07,不明,https://detail.chiebukuro.yahoo.co.jp/qa/question_detail/q13324921113,海外ライセンス公式シールとは結局偽物のシールってことですか？,0,0
1811,2026/2/2 4:03,病院、検査,1151657199,13時間44分,2,26,13.0,1,2,0.032,7.69,0.0,0.35,あと3日,https://detail.chiebukuro.yahoo.co.jp/qa/question_detail/q12324921112,医師の方、総資産額と医師歴を教えてください。 また、周りにFIREしている医師はいますか？,0,0
1812,2026/2/2 4:03,バイク,ts271,13時間44分,3,40,13.3,0,2,0.049,7.5,0.01,0.3,あと3日,https://detail.chiebukuro.yahoo.co.jp/qa/question_detail/q11324921111,NS-1 (1998)について質問です。 リアブレーキの効きに不満があり、強化をしたいと思っているのですが、マスターシリンダーからブレーキパッドパッドまで、ブレーキ周りは交換できるものが多く、手っ取り...,0,0
1813,2026/2/2 4:03,恋愛相談、人間関係の悩み,非公開,13時間44分,5,188,37.6,0,4,0.228,2.66,0.09,0.68,不明,https://detail.chiebukuro.yahoo.co.jp/qa/question_detail/q10324921110,至急…。 今付き合ってる彼女の変貌ぶりが凄いです。 僕、高2で相手は28歳、看護師の女性。 話が弾んで可愛いしＩＤ交換しました。 ２日に1回のペースでラインして付き合う事になったのですが「授業中は返事...,0,0
1814,2026/2/2 4:03,健康、病気、病院,2570ac85ye,13時間44分,1,28,28.0,0,1,0.034,3.57,0.01,0.13,あと3日,https://detail.chiebukuro.yahoo.co.jp/qa/question_detail/q14324921109,雪国に住んだことがないのでよくわからないのですが、最近リフトから降りられなくなって吊られて死亡したとか、雪を排除する１ｍほどの幅の排雪構に落ちて流されて死亡したとかどういう状況なのかよくわかりません。...,0,0
1815,2026/2/2 4:02,病気、症状,XDr2,13時間45分,1,27,27.0,1,0,0.033,3.7,0.01,0.21,あと3日,https://detail.chiebukuro.yahoo.co.jp/qa/question_detail/q13324921108,重度自閉症、知的障害の17歳少年が作家になるという動画を見て衝撃を受けました。 https://www.youtube.com/watch?v=2bnBV6HGm7I 動画ではローマ字入力のタブレット...,0,0
1816,2026/2/2 4:02,恋愛相談、人間関係の悩み,1051827940,13時間45分,3,78,26.0,0,6,0.094,3.85,0.02,0.49,あと3日,https://detail.chiebukuro.yahoo.co.jp/qa/question_detail/q12324921107,婚活うつです。 どれだけ頑張っても両思いになれません。 お付き合いすら出来たことありません。 朝起きて、目覚めたくありません。 生きていたくありません。 この半年以上、結婚相談所、アプリの掛け持ち、パ...,0,0
1817,2026/2/2 4:02,音楽,エルモ,13時間45分,1,21,21.0,0,0,0.025,4.76,0.01,0.09,あと3日,https://detail.chiebukuro.yahoo.co.jp/qa/question_detail/q11324921106,家の整理をしていて、XJAPAN（当時Ｘ）のBLUE BLOODというレコードが出てきました。 これは、当時何かの限定版で、LP2枚、クリア版です。 まず、これが何の限定版だったか忘れたのと、今どれく...,0,0
1818,2026/2/2 4:02,哲学、倫理,またぎ師,13時間45分,9,92,10.2,0,17,0.111,9.78,0.01,1.27,あと3日,https://detail.chiebukuro.yahoo.co.jp/qa/question_detail/q10324921105,中革連は、高齢者支持率が異様に高いらしいですが、やっぱり、このカテだと中道改革連合の支持者が多いのでしょうか。,0,0
1819,2026/2/2 4:02,テレビ、DVD、ホームシアター,teh********,13時間45分,0,25,25.0,0,0,0.03,0.0,0.0,0.03,あと3日,https://detail.chiebukuro.yahoo.co.jp/qa/question_detail/q14324817999,VITURE Luma AR/XRグラスを購入しました いわゆるエントリーモデルです LightningのiPhone14Pro MAXで使いたいので HDMI XR アダプター iPhone14対応...,0,0
1821,2026/2/2 4:02,ヘアスタイル,ポテトチップス,13時間46分,0,13,13.0,0,0,0.016,0.0,0.0,0.02,あと3日,https://detail.chiebukuro.yahoo.co.jp/qa/question_detail/q14324818099,男でエラハリの人に合う髪型ってありますか？今のところシースルーマッシュやスパイラルパーマ無造作マッシュなどいいかなと思っています。,0,0
1822,2026/2/2 4:02,オーディオ,1052114938,13時間46分,0,23,23.0,0,0,0.028,0.0,0.0,0.03,あと3日,https://detail.chiebukuro.yahoo.co.jp/qa/question_detail/q14324818159,Huawei free clip2について 1/16にクラファンにて購入したのですが、いつ頃届きそうですかね？ 早期発送するって書いてあったのですが 早く使いたいです！,0,0
1823,2026/2/2 4:02,健康、病気、病院,yat********,13時間46分,0,6,6.0,0,0,0.007,0.0,0.0,0.01,あと3日,https://detail.chiebukuro.yahoo.co.jp/qa/question_detail/q14324817969,オスナルっていう装置、急に体が苦しくなったりして救急車がすぐに必要な場合とかには役立ちますか？,0,0
1824,2026/2/2 4:02,高校数学,非公開,13時間46分,0,18,18.0,0,0,0.022,0.0,0.0,0.02,あと3日,https://detail.chiebukuro.yahoo.co.jp/qa/question_detail/q14324818049,高校数学のことで質問します。 数学入門問題精講と数学基礎問題精講それぞれの違いや使い方について教えて欲しいです。,0,0
1825,2026/2/2 4:02,トレーディングカード,GGG0105,13時間46分,0,18,18.0,0,0,0.022,0.0,0.0,0.02,あと3日,https://detail.chiebukuro.yahoo.co.jp/qa/question_detail/q14324818004,PSAに出したいカードがあるのですが、公式サイトを見ても出し方がいまいちわかりません。 揃えるものが売っているサイトのURLとやり方を教えてほしいです。,0,0
1826,2026/2/2 4:02,Yahoo!知恵袋,a9ceacff3,13時間46分,0,12,12.0,0,0,0.015,0.0,0.0,0.01,あと3日,https://detail.chiebukuro.yahoo.co.jp/qa/question_detail/q14324817759,paypayドーム6ゲート3塁側スタンドa-1ブロックはどこですか？,0,0
1827,2026/2/2 4:02,タブレット端末,yat********,13時間46分,0,36,36.0,0,0,0.044,0.0,0.0,0.04,あと3日,https://detail.chiebukuro.yahoo.co.jp/qa/question_detail/q14324817789,当方、スマホは持たずiPadしか持ちません。 iPadの方でインストールできる緊急通報アプリ(急に苦しくなって救急車を呼びたい場合)はありますか？ ＬＩＮＥも一応利用はしています。,0,0
1828,2026/2/2 4:02,スマホアプリ,名無し,13時間46分,1,31,31.0,0,0,0.038,3.23,0.01,0.1,あと3日,https://detail.chiebukuro.yahoo.co.jp/qa/question_detail/q14324817794,今日海外旅行から帰って来たのですが、TikTok liteでポイントを貯められなくなってしまいました。「本キャンペーンの参加条件を満たしていません」と表示されます。どうすればいいですか？,0,0
1829,2026/2/2 4:02,ゲーム,1251778646,13時間46分,0,87,87.0,1,0,0.105,0.0,0.0,0.23,あと3日,https://detail.chiebukuro.yahoo.co.jp/qa/question_detail/q14324817894,エンドフィールドの任務の仕様について質問です。完了した任務を後から確認する方法はありますか？,0,0
1830,2026/2/2 4:02,トレーディングカード,Ryzen,13時間46分,1,23,23.0,0,0,0.028,4.35,0.01,0.09,不明,https://detail.chiebukuro.yahoo.co.jp/qa/question_detail/q14324817864,デュエマクラシックとは公式公認のルールですか？ また使うカードは当時のものでなければなりませんか？例えば比較的新しく再録された青銅の鎧とかは使えませんか？,0,0
1831,2026/2/2 4:02,健康、病気、病院,c154ff991,13時間46分,1,28,28.0,1,0,0.034,3.57,0.01,0.22,あと3日,https://detail.chiebukuro.yahoo.co.jp/qa/question_detail/q14324817859,私はどうしても入りたいゼミがあって県外の大学に進学したのですが面接の時間を間違えて遅刻をかますという本当に馬鹿なことをしました。 ちょくちょくこういうことをしてしまい最近発達障害的ななにかなのか疑って...,0,0
1832,2026/2/2 4:02,コミック,1152389559,13時間46分,0,11,11.0,1,0,0.013,0.0,0.0,0.13,あと3日,https://detail.chiebukuro.yahoo.co.jp/qa/question_detail/q14324817914,学園アリス初手で蜜柑を持ち上げたこの坊主みたいな頭の男の子ってどんだけ調べても名前と能力出てこないんですけど誰か分かりませんか！！！！,0,0
1833,2026/2/2 4:02,これ、探してます,Jda834dtpa4,13時間46分,0,15,15.0,0,0,0.018,0.0,0.0,0.02,あと3日,https://detail.chiebukuro.yahoo.co.jp/qa/question_detail/q13324817873,ガラスケースを探しています。 高さ160～180cmでできるだけ枠なしのものがいいです。 売ってるところなども追加で教えてくれたらちすかります！,0,0
1835,2026/2/2 4:02,趣味,1253233166,13時間46分,0,13,13.0,0,0,0.016,0.0,0.0,0.02,あと3日,https://detail.chiebukuro.yahoo.co.jp/qa/question_detail/q13324818033,アイスリンク仙台で行っているスケート教室では、初心者の大人の方で習っている人はいますか？ 最近スケートに興味があり、通ってみたいのですが、お子さんやプロの方がほとんどの教室なら少し行きずらいかなと思い...,0,0
1836,2026/2/2 4:02,アニメ,匿名,13時間46分,0,14,14.0,0,0,0.017,0.0,0.0,0.02,あと3日,https://detail.chiebukuro.yahoo.co.jp/qa/question_detail/q13324818058,2026年にリルリルフェアリルの様な、いわゆる女児向け？のかわいいもえもえアニメは何か放送されますか？ アニメ詳しくないので教えてください！> <,0,0
1837,2026/2/2 4:02,アニメ、コミック,c61a416a0,13時間47分,0,29,29.0,0,0,0.035,0.0,0.0,0.04,あと3日,https://detail.chiebukuro.yahoo.co.jp/qa/question_detail/q13324817843,アニメ、MFゴーストseason3について質問です 1.初っ端のレースで86は2位終わりでしたが、カナタの腕が元から万全だったら1位取れていましたか？ 今回の怪我はリゼロのスバルでいう記憶喪失みたいな...,0,0
1838,2026/2/2 4:02,スキンケア,unkonow,13時間47分,0,7,7.0,0,0,0.008,0.0,0.0,0.01,あと3日,https://detail.chiebukuro.yahoo.co.jp/qa/question_detail/q13324817878,ナンバーズイン5番のグルタチオンクリームで肌荒れた人いないですか！めっちゃ膨れ上がって赤くなってます、,0,0
1839,2026/2/2 4:02,ゲーム,1150365720,13時間47分,1,56,56.0,1,0,0.068,1.79,0.04,0.25,あと3日,https://detail.chiebukuro.yahoo.co.jp/qa/question_detail/q13324817778,イナイレv steam版で起動したらランチャーエラーと出ました。 対処の仕方がわかる方いらっしゃいますか？,0,0
1840,2026/2/2 4:01,アニメ、コミック,b4d4894d0,13時間48分,0,22,22.0,0,0,0.027,0.0,0.0,0.03,あと3日,https://detail.chiebukuro.yahoo.co.jp/qa/question_detail/q12324818082,許してもらおうなんて思ってないから！というセリフありませんでしたっけ？,0,0
1841,2026/2/2 4:01,ヘアケア,xed********,13時間48分,1,13,13.0,0,0,0.016,7.69,0.0,0.08,あと3日,https://detail.chiebukuro.yahoo.co.jp/qa/question_detail/q12324818157,プリュスオーのカラーシャンプーブルーの後にカラートリートメントのgot2bグラビティブルーを使おうと思っているのですが カラーシャンプーもカラートリートメントなるべく 同じブランドの方がいいとかありま...,0,0
1842,2026/2/2 4:01,恋愛相談、人間関係の悩み,c55d729cf,13時間48分,0,29,29.0,0,0,0.035,0.0,0.0,0.03,あと3日,https://detail.chiebukuro.yahoo.co.jp/qa/question_detail/q12324817952,あなたが自分の童貞鬱に気づいたのは？,0,0
1843,2026/2/2 4:01,アニメ,shi********,13時間48分,0,33,33.0,0,0,0.04,0.0,0.0,0.04,あと3日,https://detail.chiebukuro.yahoo.co.jp/qa/question_detail/q12324818052,アニメちびまる子ちゃんの今のOPはAdoさんですが、その前のアーティストさんの曲で、初めの［タッタタラリラ］のあと［ピーヒャラピーヒャラ］の前、この間、拍がごく僅か短くありませんか？ ここだけテンポが...,0,0
1844,2026/2/2 4:01,ゲーム,こんちわ,13時間48分,1,14,14.0,0,0,0.017,7.14,0.0,0.08,あと3日,https://detail.chiebukuro.yahoo.co.jp/qa/question_detail/q12324817947,duoringoで連続700日以上だったのにも関わらず4日やっておらず1日になってしまいました‪泣 フリーズも3回ありジェムも2700あるのですが これはどうあっても戻せないですか？？？？,0,0
1845,2026/2/2 4:01,ピアス,1150915363,13時間48分,0,16,16.0,0,0,0.019,0.0,0.0,0.02,あと3日,https://detail.chiebukuro.yahoo.co.jp/qa/question_detail/q12324817782,スクランパーピアスを開けようと考えています。爪が長いためキャッチが付けずらく、本来はボールクラッパーなどの道具を使った方が良いと思うのですが、明日開けたくて、ピンセットで代用してつけれると思いますか？,0,0
1846,2026/2/2 4:01,ゲーム,p3a********,13時間48分,0,25,25.0,0,0,0.03,0.0,0.0,0.03,あと3日,https://detail.chiebukuro.yahoo.co.jp/qa/question_detail/q12324817837,ペルソナ5xについて質問です。 うちの祐介は啓示を全て外した状態なのに、「速さ」が102あり、これを100以下にしたいです。 主人公以外のキャラの「速さ」ステータスを啓示以外で調節するにはどうすれば良...,0,0
1847,2026/2/2 4:01,野球全般,77568479240,13時間48分,4,22,5.5,0,0,0.027,18.18,0.0,0.27,あと3日,https://detail.chiebukuro.yahoo.co.jp/qa/question_detail/q13324921103,高校野球でウォーミングアップの時に、2人1組でトスバッティングをよくやるのを目にするのですが、トスバッティングはどのような目的の練習なのですか？ かなりバットをゆっくり振ってゴロを打っているのは器用で...,0,0
1848,2026/2/2 4:01,日本映画,非公開,13時間48分,0,45,45.0,0,0,0.054,0.0,0.0,0.05,あと3日,https://detail.chiebukuro.yahoo.co.jp/qa/question_detail/q11324818131,映画「岬の兄弟」の最後の電話シーンはどういうことだったのでしょうか？？,0,0
1849,2026/2/2 4:01,占い,majtdtrovu,13時間48分,0,17,17.0,0,0,0.021,0.0,0.0,0.02,あと3日,https://detail.chiebukuro.yahoo.co.jp/qa/question_detail/q12324817752,兵庫(出来れば神戸)で当たる占いどこですか？恋愛面みていただきたいとおもってます！,0,0
1850,2026/2/2 4:01,ゲーム,てんてん,13時間48分,0,18,18.0,0,0,0.022,0.0,0.0,0.02,あと3日,https://detail.chiebukuro.yahoo.co.jp/qa/question_detail/q11324817851,白✕紫のはず？左右ツートン（スプリットカラー）でツインテールの個人Vtuberさんを探しています 白と紫が左右で半分ずつの髪色（左右ツートン／スプリットカラー）で、ツインテールの個人Vtuberを探し...,0,0
1851,2026/2/2 4:01,大学,c53ebcf1,13時間48分,1,23,23.0,0,0,0.028,4.35,0.01,0.09,あと3日,https://detail.chiebukuro.yahoo.co.jp/qa/question_detail/q11324817966,来年の春から教育学部に通うものです。 私は家庭科専修なのですが大学に入学してからどのような生活を送るのかイメージがつきません。 １年生はどのくらい授業に出るのか、単位はどのくらい取っておけば後々楽にな...,0,0
1852,2026/2/2 4:01,カラオケ,ari********,13時間49分,1,26,26.0,0,0,0.031,3.85,0.01,0.09,あと3日,https://detail.chiebukuro.yahoo.co.jp/qa/question_detail/q11324817971,カラオケで音消して作業してたら窓磨くみたいなキュキュキュって高い音がときどき上の方から聞こえて気になります これは何ですか,0,0
1853,2026/2/2 4:01,コミック,ac0d5743b,13時間49分,0,22,22.0,0,0,0.027,0.0,0.0,0.03,あと3日,https://detail.chiebukuro.yahoo.co.jp/qa/question_detail/q11324817866,漫画の台詞について質問です。 「人生って短いらしいわよ、いらないものはさっさと捨てて自由にならなくちゃ」 何の漫画の誰の台詞なのか思い出せず気になっています。 心当たりのある方回答お願いします！ 女性...,0,0
1854,2026/2/2 4:01,健康、病気、病院,あ,13時間49分,0,16,16.0,0,0,0.019,0.0,0.0,0.02,あと3日,https://detail.chiebukuro.yahoo.co.jp/qa/question_detail/q11324817946,布団3枚かけて寝ているのですが、寝ている間に外側2枚を器用に除けて、1枚だけになって寒くて、それで毎日こういう時間に起きてしまうのですが、外側の布団だけを剥げる理由が分かりません。なんで？ また、こう...,0,0
1855,2026/2/2 4:01,メイク、コスメ,******,13時間49分,0,24,24.0,0,0,0.029,0.0,0.0,0.03,あと3日,https://detail.chiebukuro.yahoo.co.jp/qa/question_detail/q11324817806,カラコン、メイクに詳しい方、 この画像の方のカラコンわかりませんか？ かわいいと思ったのですが、カラコンに詳しくなく自力では見つけられなそうで（ ; ; ） 似てるなっていうのでもあれば、教えていただ...,0,0
1856,2026/2/2 4:01,ファーストフード,最近の流行り腹立つ,13時間49分,0,29,29.0,0,0,0.035,0.0,0.0,0.03,あと3日,https://detail.chiebukuro.yahoo.co.jp/qa/question_detail/q11324817816,マクドに詳しい人に質問です。 三角チョコパイが急に流行りだしたのはなぜですか？ ミーハーが多くなってきたせいで、今までは普通に買えたのに突然買いづらくなってしまったので流行らせた人に対して腹が立ってい...,0,0
1857,2026/2/2 4:01,ファッション,MY,13時間49分,1,12,12.0,0,0,0.014,8.33,0.0,0.07,あと3日,https://detail.chiebukuro.yahoo.co.jp/qa/question_detail/q11324817751,東京でパーカー買うならどこで買いますか？ 20歳メンズです。,0,0
1858,2026/2/2 4:01,音楽,非公開,13時間49分,0,6,6.0,0,0,0.007,0.0,0.0,0.01,あと3日,https://detail.chiebukuro.yahoo.co.jp/qa/question_detail/q10324818165,NoGoDで歌詞が好きな曲をたくさん挙げてみてください！！,0,0
1859,2026/2/2 4:01,就職活動,pan********,13時間49分,0,12,12.0,0,0,0.014,0.0,0.0,0.01,あと3日,https://detail.chiebukuro.yahoo.co.jp/qa/question_detail/q10324818135,豊田スチールセンターって就職先として諸々どうですか？（給料や休みなど） 調べてもあまり出てこなくて…,0,0
1860,2026/2/2 4:01,げっ歯類、ウサギ,あ,13時間49分,2,7,3.5,0,0,0.008,28.57,0.0,0.13,あと3日,https://detail.chiebukuro.yahoo.co.jp/qa/question_detail/q12324921102,ハムスター 生後2ヶ月半 回し車26cm 小さい、軽い、動きが活発から来てるのか回し車がうるさ過ぎて。 回し車がってよりも回し車を乗せてる台がケージに当たってカタカタしてる？ような感じがします。 紙材...,0,0
1861,2026/2/2 4:01,飲食店,知恵袋ユ一ザ一,13時間49分,0,13,13.0,0,0,0.016,0.0,0.0,0.02,あと3日,https://detail.chiebukuro.yahoo.co.jp/qa/question_detail/q10324817865,ラーメン屋さんの青葉って食券渡してから何分くらいで提供されますか？,0,0
1862,2026/2/2 4:01,iPhone,匿名,13時間49分,0,14,14.0,0,0,0.017,0.0,0.0,0.02,あと3日,https://detail.chiebukuro.yahoo.co.jp/qa/question_detail/q10324817775,iPhoneで初心者にもおすすめのポーカーアプリって何がありますか？,0,0
1863,2026/2/2 4:01,大学受験,ツバキの森,13時間49分,3,96,32.0,0,2,0.116,3.12,0.04,0.37,あと3日,https://detail.chiebukuro.yahoo.co.jp/qa/question_detail/q11324921101,北野高校から大阪教育大学は受験大成功ですかね？,0,0
1864,2026/2/2 4:01,日本史,かとう,13時間49分,0,1,1.0,0,0,0.001,0.0,0.0,0.0,あと3日,https://detail.chiebukuro.yahoo.co.jp/qa/question_detail/q10324921100,三重海軍航空隊について質問します。三重海軍の特乙５～９期は、高野山分遣隊に異動しましたが、本隊時の分隊は崩さず、そのまま異動したのでしょうか？御回答宜しく御願いします。,0,0
1865,2026/2/2 4:00,この仕事教えて,1052238400,13時間50分,2,7,3.5,0,0,0.008,28.57,0.0,0.13,あと3日,https://detail.chiebukuro.yahoo.co.jp/qa/question_detail/q14324921099,海上保安官の主計と通信はCLやPC等の小型巡視艇には乗りませんか？,0,0
1866,2026/2/2 4:00,病院、検査,1151657199,13時間50分,1,19,19.0,0,0,0.023,5.26,0.0,0.08,あと3日,https://detail.chiebukuro.yahoo.co.jp/qa/question_detail/q12324921097,医師の資産形成について 医師の皆さん、どのように資産形成していますか？ インデックス？個別株？不動産？などなど,0,0
1867,2026/2/2 4:00,アルバイト、フリーター,ojy********,13時間50分,1,27,27.0,0,0,0.032,3.7,0.01,0.09,あと3日,https://detail.chiebukuro.yahoo.co.jp/qa/question_detail/q11324921096,短期バイトの面接って何聞かれますか？ 家電量販店の接客なのですが、なぜうちの店にしたかとか聞かれますか？ 正直な動機としては、遠い学校に通っているから学校がある日にバイトするのが厳しく、春休みのうちに...,0,0
1868,2026/2/2 4:00,メガネ、サングラス,********,13時間51分,0,9,9.0,0,0,0.011,0.0,0.0,0.01,あと3日,https://detail.chiebukuro.yahoo.co.jp/qa/question_detail/q10324921095,このサイトの https://roco2web.com/blogs/koromobito/20240726_44?srsltid=AfmBOoqUwvJmQ2ZuWYh906Ch-Xvs0VqQ2Np...,0,0
1869,2026/2/2 4:00,車、高速道路,a4f58b119,13時間51分,1,7,7.0,1,0,0.008,14.29,0.0,0.19,あと3日,https://detail.chiebukuro.yahoo.co.jp/qa/question_detail/q14324921094,八風山トンネルのイメージと言えば何だと思いますか,0,0
1870,2026/2/2 4:00,邦楽,1252552748,13時間51分,3,38,12.7,0,2,0.046,7.89,0.01,0.3,あと3日,https://detail.chiebukuro.yahoo.co.jp/qa/question_detail/q13324921093,もし1990年代に日本版we are the worldがあったら出演者はこんなかんじですか？↓ 男女比も本家と同じくらいにしました。 男↓ 桜井和寿 稲葉浩志 飛鳥涼 CHAGE 桜井賢 玉置浩二 ...,0,0
1871,2026/2/2 4:00,ライブ、コンサート,あ,13時間51分,0,27,27.0,1,0,0.032,0.0,0.0,0.15,あと3日,https://detail.chiebukuro.yahoo.co.jp/qa/question_detail/q12324921092,他界隈から最近mazzelを好きになった新規なので色々と無知で申し訳ないのですが、 ライブの際うちわやボードの持ち込みが禁止ですよね。 しかしファンサをしてくれるみたいなので、一定数自分が誰の推しなの...,0,0
1872,2026/2/2 3:59,受験、進学,ちか,13時間52分,1,23,23.0,0,0,0.028,4.35,0.01,0.09,不明,https://detail.chiebukuro.yahoo.co.jp/qa/question_detail/q11324921091,医学部に進学する場合、卒業までにかかる学費は、国公立と私立では、それぞれいくらくらいですか？,0,0
1873,2026/2/2 3:58,恋愛相談、人間関係の悩み,*******,13時間53分,1,38,38.0,0,1,0.046,2.63,0.02,0.14,あと3日,https://detail.chiebukuro.yahoo.co.jp/qa/question_detail/q14324921089,職場で威圧的で癇癪起こして周囲に怒鳴り散らす40代男性管理職がいるのですが、このような人は結婚してると思いますか？ スペックだけ見たら結婚できると思いますが、明らかに普通じゃないのでプライベートが想像...,0,0
1874,2026/2/2 3:58,インターネット接続,hic********,13時間53分,2,65,32.5,0,0,0.078,3.08,0.03,0.2,あと3日,https://detail.chiebukuro.yahoo.co.jp/qa/question_detail/q13324921088,デスクトップPC使ってますがWindows11 25H2 KB5074109の状態にしてからWi-Fiが繋がらなくなり「操作が必要ですがインターネットがありません」となってしまいました。 PCにはWi...,0,0
1875,2026/2/2 3:58,ヒト,aqa********,13時間53分,5,27,5.4,1,11,0.032,18.52,0.0,0.85,あと3日,https://detail.chiebukuro.yahoo.co.jp/qa/question_detail/q12324921087,素朴な疑問です。 お茶を飲むと決まって尿が出ます。 水を飲むとお茶程もよおさないです。 水を飲む習慣があまりなくお茶ばかりなのですが、体内の水分は足りてますか？ 飲めば排尿。 これは浄化されていますか...,0,0
1876,2026/2/2 3:58,タブレット端末,b9d9b25b8,13時間53分,2,26,13.0,0,0,0.031,7.69,0.0,0.15,あと3日,https://detail.chiebukuro.yahoo.co.jp/qa/question_detail/q11324921086,恋と深空をプレイするために別端末を購入したいと思っています！ iPad？タブレット？のことが全然わからないため、快適にプレイできるものでオススメのものがあったら教えて欲しいです。 それと中古でも大丈夫...,0,0
1877,2026/2/2 3:58,恋愛相談、人間関係の悩み,san********,13時間53分,4,66,16.5,0,1,0.079,6.06,0.01,0.35,あと3日,https://detail.chiebukuro.yahoo.co.jp/qa/question_detail/q10324921085,恋愛が出来ません 誰かと交際する、という事に妙な嫌さを感じます。他人と一緒にいると妙に疲れるのです。 学生の頃、あの頃は割と友人が多くて でも人とトラブルになる事が多かったのです。 持ち物を壊されたり...,0,0
1878,2026/2/2 3:58,キッチン用品,toh********,13時間53分,3,28,9.3,0,0,0.034,10.71,0.0,0.21,あと3日,https://detail.chiebukuro.yahoo.co.jp/qa/question_detail/q14324921084,マグカップでお茶やコーヒーのような飲み物を飲んでるとだんだんコップに色がついてきますが、飲んですぐ洗えばそういう色はつかないのでしょうか？,0,0
1879,2026/2/2 3:57,Yahoo!知恵袋,babc79877,13時間54分,9,74,8.2,1,8,0.089,12.16,0.01,1.03,あと3日,https://detail.chiebukuro.yahoo.co.jp/qa/question_detail/q13324921083,最近一番ムカついたことなんですか？,0,0
1880,2026/2/2 3:57,恋愛相談、人間関係の悩み,非公開,13時間54分,4,166,41.5,0,3,0.199,2.41,0.08,0.55,不明,https://detail.chiebukuro.yahoo.co.jp/qa/question_detail/q12324921082,むねがＡカップもありません。 もう自分が大嫌いです。 むねさえあればもっと自信もって生きれました。 どうしたらよいですか？ 豊胸やホルモン注射は嫌です。 偽物では意味がないからです。 タンパク質を摂っ...,0,0
1881,2026/2/2 3:57,バンド,にゃ,13時間54分,0,11,11.0,0,0,0.013,0.0,0.0,0.01,あと3日,https://detail.chiebukuro.yahoo.co.jp/qa/question_detail/q10324921080,あつ森をやってるバンド好きです 仲間に質問したいです^_^ 島メロとか旗とか島クリなどでバンド好きだなあって感じる島にしたいです！！ 旗はpizza of deathにしてたり、ライブハウスを作ったり...,0,0
1882,2026/2/2 3:57,グラビアアイドル,a291d8300,13時間54分,0,37,37.0,1,0,0.044,0.0,0.0,0.16,あと3日,https://detail.chiebukuro.yahoo.co.jp/qa/question_detail/q14324921079,この人の名前はわかりますか？ できれば教えてほしいです！,0,0
1883,2026/2/2 3:57,ヘアケア,bpo********,13時間55分,1,14,14.0,0,0,0.017,7.14,0.0,0.08,あと3日,https://detail.chiebukuro.yahoo.co.jp/qa/question_detail/q13324921078,4月中旬または下旬に初めて髪の毛を染めようと思っています。 黒染め・縮毛矯正はやったことありません。ヘアアイロンは普段は120℃ちょい上ぐらいで使用しています。やりたい色は1番は赤です。もちろん残留が...,0,0
1884,2026/2/2 3:56,政治、社会問題,zat********,13時間56分,12,110,9.2,1,67,0.132,10.91,0.01,3.37,あと3日,https://detail.chiebukuro.yahoo.co.jp/qa/question_detail/q11324921076,手が痛いと、討論会は欠席ですか？,0,0
1885,2026/2/2 3:56,大学受験,ツバキの森,13時間56分,1,62,62.0,0,3,0.074,1.61,0.05,0.24,あと3日,https://detail.chiebukuro.yahoo.co.jp/qa/question_detail/q12324921077,大阪公立大学と大阪教育大学はどっちの方が難関ですか？,0,0
1886,2026/2/2 3:56,政治、社会問題,rcs********,13時間56分,3,33,11.0,0,0,0.039,9.09,0.0,0.22,あと3日,https://detail.chiebukuro.yahoo.co.jp/qa/question_detail/q10324921075,今度の選挙で社民党に投票するかれいわ新撰組に投票するか非常に悩んでいます。 消費税廃止と平和憲法維持どちらが大事ですか？,0,0
1887,2026/2/2 3:55,カスタマイズ,匿名,13時間57分,1,30,30.0,0,0,0.036,3.33,0.01,0.1,あと3日,https://detail.chiebukuro.yahoo.co.jp/qa/question_detail/q14324921074,六甲アイランドのゼロヨンについて質問です。 90年代頃に関西のチューナーや走り屋が六甲アイランドに集まり、ゼロヨンをやっていたと聞いたのですが、本当なのでしょうか？ また、その当時の映像が残っているサ...,0,0
1888,2026/2/2 3:55,英語,非公開,13時間57分,2,53,26.5,0,1,0.063,3.77,0.02,0.22,あと3日,https://detail.chiebukuro.yahoo.co.jp/qa/question_detail/q13324921073,"He did so by (1)crafting a diplomatic incident, (2)selectively modifying key phrases and (3)omitting...",0,0
1889,2026/2/2 3:55,政治、社会問題,m1o********,13時間57分,11,123,11.2,0,16,0.147,8.94,0.02,1.38,あと3日,https://detail.chiebukuro.yahoo.co.jp/qa/question_detail/q12324921072,あんたさまは この女性総理の指の包帯を どうかんじますか？ 痛々しいですね。 あなたは すてきな 一言をください＞ センスの良い 一言をください 高市さ～ん,0,0
1890,2026/2/2 3:55,プロ野球,c2719c5c9,13時間57分,1,17,17.0,0,0,0.02,5.88,0.0,0.08,あと3日,https://detail.chiebukuro.yahoo.co.jp/qa/question_detail/q11324921071,至急です 今度野球選手の春季キャンプに行くのですが、差し入れタオルはダメでしょうか？,0,0
1891,2026/2/2 3:54,園芸、ガーデニング,a4f58b119,13時間58分,2,13,6.5,1,0,0.016,15.38,0.0,0.25,あと3日,https://detail.chiebukuro.yahoo.co.jp/qa/question_detail/q13324921068,スニーカーを履いた状態でそのまま稲刈りの後の田んぼを歩くのは可能だと思いますか,0,0
1892,2026/2/2 3:54,ゲーム,ごめんね,13時間58分,1,33,33.0,0,0,0.039,3.03,0.01,0.1,あと3日,https://detail.chiebukuro.yahoo.co.jp/qa/question_detail/q11324921066,セルサバイバーについて質問です。 今日白衣の天使のパスを買おうと思い買う前は 終了期間が20時間だったのですが、 iTunesを買ってアプリを開いたら12時間に延期されてました。購入の所を押しても全く...,0,0
1893,2026/2/2 3:54,大学受験,1053247726,13時間58分,2,36,18.0,0,2,0.043,5.56,0.01,0.23,あと3日,https://detail.chiebukuro.yahoo.co.jp/qa/question_detail/q10324921065,明日というか今日受験なんですけど寝た方がいいですよね？,0,0
1894,2026/2/2 3:54,オンラインゲーム,1051883164,13時間58分,0,8,8.0,0,0,0.01,0.0,0.0,0.01,あと3日,https://detail.chiebukuro.yahoo.co.jp/qa/question_detail/q14324921064,タルコフのコレクターのアイテムについて質問です。 Domontovich Ushanka というイベントの時よく見かけると言われている帽子がコレクターで必要なのですが、見つかりません。 どこで手に入れ...,0,0
1895,2026/2/2 3:54,政治、社会問題,1150902365,13時間58分,3,23,7.7,0,0,0.027,13.04,0.0,0.21,あと3日,https://detail.chiebukuro.yahoo.co.jp/qa/question_detail/q13324921063,ホワイトカラー安泰な時代は終わりましたよね。 ブルーカラーの企業に就職した方が安泰ですか？ AI普及してからたった3年しか経っていないのに、社会が大きく変化しましたよね。 私はz世代ですが、今後40年...,0,0
1896,2026/2/2 3:53,経済、景気,James1950s,13時間59分,1,14,14.0,0,3,0.017,7.14,0.0,0.18,あと3日,https://detail.chiebukuro.yahoo.co.jp/qa/question_detail/q12324921062,銅は希少価値は高いですか?,0,0
1897,2026/2/2 3:53,温泉,1052038567,14時間0分,1,28,28.0,0,1,0.033,3.57,0.01,0.13,あと3日,https://detail.chiebukuro.yahoo.co.jp/qa/question_detail/q11324921061,彼女と東京から日帰りで温泉に行きたいのですが、2人きりで入れる内風呂的なのがある場所ってご存知の方いますか？？ 旅館で泊まらず日中のみ過ごす、又は温泉施設などなんでもいいのですが、2人で入れるところが...,0,0
1898,2026/2/2 3:53,Yahoo!知恵袋,1053247726,14時間0分,5,26,5.2,0,5,0.031,19.23,0.0,0.51,あと3日,https://detail.chiebukuro.yahoo.co.jp/qa/question_detail/q10324921060,寝るのが怖い、明日が来てほしくないときってどうやって寝ていますか？,0,0
1899,2026/2/2 3:53,就職活動,1252090577,14時間0分,1,25,25.0,0,0,0.03,4.0,0.01,0.09,あと3日,https://detail.chiebukuro.yahoo.co.jp/qa/question_detail/q14324921059,高専卒です 就職先で関西電力送配電か大阪ガスエナジーの二つで迷ってるのですが、どちらの方が良いと思いますか？ 世間では大阪ガスの評価が高いのですが、実際どうなのか知りたいです。 現場上等 転職する気は...,0,0
1900,2026/2/2 3:53,ゲーム,ID 非公開,14時間0分,1,14,14.0,0,0,0.017,7.14,0.0,0.08,あと3日,https://detail.chiebukuro.yahoo.co.jp/qa/question_detail/q13324921058,鳴潮 グローリーヒルズの偽りの神王デッキについて 領域をそよぐ竹林にしています。 盤面に3体の音骸がいて、手札にハンティングホーンがあり、偽りの神王を場に出すだけという状況の時。 ①ハンティングホーン...,0,0
1901,2026/2/2 3:53,ゲーム,nsd********,14時間0分,4,14,3.5,0,0,0.017,28.57,0.0,0.25,あと3日,https://detail.chiebukuro.yahoo.co.jp/qa/question_detail/q12324921057,放置少女ってどんなアプリですか？彼氏のスマホに入ってました。なんかキモいイメージしかないんですけど,0,0
1902,2026/2/2 3:52,恋愛相談、人間関係の悩み,b51a72b9e,14時間1分,1,48,48.0,1,0,0.057,2.08,0.03,0.24,あと3日,https://detail.chiebukuro.yahoo.co.jp/qa/question_detail/q10324921055,特になにもされてないのに好きになっちゃうのなんでだと思いますか。とくに悩みを話せる訳でもなく、困ったときに助けてくれるとかでもないのに、一方的に好きになったりするのなんでだと思いますか？,0,0
1903,2026/2/2 3:52,将来の夢,非公開,14時間1分,7,35,5.0,0,6,0.042,20.0,0.0,0.67,あと3日,https://detail.chiebukuro.yahoo.co.jp/qa/question_detail/q14324921054,高校を卒業するまでにやりたいことが一切見つからない場合、どうするのが良いと思いますか？又はどうしましたか？,0,0
1904,2026/2/2 3:52,邦楽,1252552748,14時間1分,6,262,43.7,2,2,0.311,2.29,0.14,0.98,あと3日,https://detail.chiebukuro.yahoo.co.jp/qa/question_detail/q13324921053,もし2020年代を代表するアーティスト10組を紹介するならこうなりますか？ Mrs.GreenApple official髭男dism 米津玄師 Ado YOASOBI 藤井風 KING GNU ba...,0,0
1905,2026/2/2 3:52,料理、食材,ysj********,14時間1分,2,17,8.5,0,0,0.02,11.76,0.0,0.14,あと3日,https://detail.chiebukuro.yahoo.co.jp/qa/question_detail/q12324921052,牛肉、焼く時、75度以上で１分以上、加熱しなくても表面に焼き目が付いて透明な汁が出ていれば大丈夫なんですか？,0,0
1906,2026/2/2 3:51,飲食店,エチオピアという名の魚,14時間2分,0,13,13.0,0,0,0.015,0.0,0.0,0.02,あと3日,https://detail.chiebukuro.yahoo.co.jp/qa/question_detail/q10324921050,ラーメン屋さんのすりおろしニンニク（トッピング）が辛い。 男塾というラーメン屋で提供されているラーメンのトッピングのにんにくが辛いです。辛いを通り越して痛いです。 なぜ、痛辛いのでしょうか？新鮮or逆...,0,0
1907,2026/2/2 3:51,YouTube,非公開,14時間2分,0,4,4.0,0,0,0.005,0.0,0.0,0.0,あと3日,https://detail.chiebukuro.yahoo.co.jp/qa/question_detail/q14324921049,ぷにぷにおさんの別名義ってなんですか？ 歌ってみたを投稿しているらしいです,0,0
1908,2026/2/2 3:51,レディースシューズ,おとーちゃん,14時間2分,2,12,6.0,0,0,0.014,16.67,0.0,0.13,あと3日,https://detail.chiebukuro.yahoo.co.jp/qa/question_detail/q13324921048,爪先7cmかかと13cmの厚底を履いた場合、身長は何cm盛れますか,0,0
1909,2026/2/2 3:51,結婚,ＩＤ非公開,14時間2分,6,71,11.8,0,2,0.084,8.45,0.01,0.51,あと3日,https://detail.chiebukuro.yahoo.co.jp/qa/question_detail/q12324921047,２５才のときお見合いをしました。 私は高校から好きな人はいたのですが、その人は私と別れて、その後ある女性と付き合い始めました。 両親はしばらくは黙って見ていてくれましたが、２５才くらいからお見合いをす...,0,0
1910,2026/2/2 3:50,政治、社会問題,c9754b617,14時間3分,1,7,7.0,1,1,0.008,14.29,0.0,0.22,あと3日,https://detail.chiebukuro.yahoo.co.jp/qa/question_detail/q11324921046,飯塚市、および近郊の催しの調べるには,0,0
1911,2026/2/2 3:50,ゲーム,ID 非公開,14時間4分,1,33,33.0,0,0,0.039,3.03,0.01,0.1,あと3日,https://detail.chiebukuro.yahoo.co.jp/qa/question_detail/q10324921045,原神 エスコフィエについて 復刻で確保する予定で、現時点で305連ほどあります。祝福課金してるしガチャ禁してるので、エスコフィエが次に復刻すると仮定しても350連くらいは用意出来ると思います。 天井カ...,0,0
1912,2026/2/2 3:50,トレーニング,a52136967,14時間4分,2,30,15.0,0,0,0.036,6.67,0.01,0.15,あと3日,https://detail.chiebukuro.yahoo.co.jp/qa/question_detail/q14324921044,筋トレ歴もうすぐ5ヶ月です。自分は右利きなんですが、右側の筋肉は力を入れると硬くなります。でも左側の腕や広背筋は力を入れても右側より硬くなりません。なぜか左側の肩は右より硬くなります。 これって筋肉が...,0,0
1913,2026/2/2 3:49,シニアライフ、シルバーライフ,m1o********,14時間5分,7,82,11.7,1,7,0.097,8.54,0.01,0.88,あと3日,https://detail.chiebukuro.yahoo.co.jp/qa/question_detail/q12324921042,知恵袋の回答に その「質問の言葉の定義はなんですか？」 と 質問をしてくる人を どう思いますか？ とても頭のいい人 生真面目な人 議論好きなひと 頭の悪い人 正義感の強い人 知恵袋を 学校の議論の場と...,0,0
1914,2026/2/2 3:49,オーディオ,The Rubettes mania,14時間5分,0,28,28.0,0,0,0.033,0.0,0.0,0.03,あと3日,https://detail.chiebukuro.yahoo.co.jp/qa/question_detail/q11324921041,オールパスフィルターでステレオ音源のモノラル成分(センターから聞こえる)の増幅を0(或いは左右に位置していた音が小さくならない)にモノラル化したいのですが、電子工学無知識の素人には難しいでしょうか？ ...,0,0
1915,2026/2/2 3:49,幼児教育、幼稚園、保育園,a54a34ccf,14時間5分,2,31,15.5,0,0,0.037,6.45,0.01,0.15,あと3日,https://detail.chiebukuro.yahoo.co.jp/qa/question_detail/q10324921040,至急！！！ 保育学生です。 4年生の大学に通っていて私は今1年生が終わり、春休みに入りました。 約3ヶ月ほどの長期休みで経験として保育園や学童でバイトをしたいと思っています。(春休み前に大学の先生から...,0,0
1916,2026/2/2 3:49,美容整形,lD非公開,14時間5分,0,8,8.0,0,0,0.009,0.0,0.0,0.01,あと3日,https://detail.chiebukuro.yahoo.co.jp/qa/question_detail/q14324921039,渡韓して二重切開したかたいますか？ 埋没一回しているので抜糸後に二重にして欲しい場合渡韓した方が安いのですか？また韓国語話せないといけませんか？,0,0
1917,2026/2/2 3:49,コミック,aio********,14時間5分,0,19,19.0,1,0,0.022,0.0,0.0,0.14,あと3日,https://detail.chiebukuro.yahoo.co.jp/qa/question_detail/q13324921038,以前読んだBL漫画が思い出せないのでわかる方、教えてください。 ・主人公の父親が工場の社長で、工場を継ぐため実家に帰ってくる。 ・その工場には歳下の従兄弟？親戚？が働いている。 ・その従兄弟は自分の家...,0,0
1918,2026/2/2 3:49,政治、社会問題,アホウ,14時間5分,1,3,3.0,0,0,0.004,33.33,0.0,0.06,あと3日,https://detail.chiebukuro.yahoo.co.jp/qa/question_detail/q11324921036,サマータイムレンダについてです。なぜ慎平の仇が小早川しおりなんですか？,0,0
1919,2026/2/2 3:49,園芸、ガーデニング,a4f58b119,14時間5分,0,11,11.0,0,0,0.013,0.0,0.0,0.01,あと3日,https://detail.chiebukuro.yahoo.co.jp/qa/question_detail/q12324921037,イライラしているので回答をお願いします。このようなフローリングの継ぎ目に水を溜めた後に稲の苗を植えた後は、どんなことになりますか,0,0
1920,2026/2/2 3:48,ドラマ,あ,14時間6分,2,50,25.0,0,0,0.059,4.0,0.01,0.18,あと3日,https://detail.chiebukuro.yahoo.co.jp/qa/question_detail/q10324921035,北村一輝がボコボコにされたり苦しんだり嘔吐してるドラマや映画知りたいです。 地面師は見ました。あれくらいボコボコにされてる作品ありますでしょうか。,0,0
1921,2026/2/2 3:48,ヘアケア,シベリアンハスキー,14時間6分,1,479,479.0,0,0,0.566,0.21,2.7,0.62,あと3日,https://detail.chiebukuro.yahoo.co.jp/qa/question_detail/q14324921034,ホットペッパーのビビビ祭りって ヘアサロン20000円 エステ20000円のものを予約したら 20000ポイントもらえるってことですか？ かならずもらえるんですか？,0,0
1922,2026/2/2 3:48,ニキビケア,btpmdgdX,14時間6分,1,31,31.0,0,0,0.037,3.23,0.01,0.1,あと3日,https://detail.chiebukuro.yahoo.co.jp/qa/question_detail/q13324921033,肌についての質問です。 前からほっぺにニキビできてずっと気になり 皮膚科に通いました。 処方してくれた薬は塗り薬？でエピデュオやべピオ、ゼビアックス、など保湿としてヘパリンローションも貰いました。 け...,0,0
1923,2026/2/2 3:48,政治、社会問題,※※※※※※※※※※,14時間6分,6,54,9.0,0,3,0.064,11.11,0.01,0.52,あと3日,https://detail.chiebukuro.yahoo.co.jp/qa/question_detail/q12324921032,日本政府や日本企業はなんで大学や研究への 資金拠出をケチるんでしょうか？,0,0
1924,2026/2/2 3:48,恋愛相談、人間関係の悩み,1252559633,14時間6分,3,26,8.7,0,0,0.031,11.54,0.0,0.21,あと3日,https://detail.chiebukuro.yahoo.co.jp/qa/question_detail/q11324921031,彼が風邪やら胃腸炎やらになります。前の彼もでした。私が原因なんでしょうか。,0,0
1925,2026/2/2 3:48,携帯型ゲーム全般,a2fa90079,14時間7分,0,14,14.0,0,0,0.017,0.0,0.0,0.02,あと3日,https://detail.chiebukuro.yahoo.co.jp/qa/question_detail/q10324921030,FGOのドラコーってサーヴァントとして ゲーム内性能ではなく設定的にはどれくらい強いんでしょうか？,0,0
1926,2026/2/2 3:47,恋愛相談、人間関係の悩み,1252559633,14時間8分,1,15,15.0,0,0,0.018,6.67,0.0,0.08,あと3日,https://detail.chiebukuro.yahoo.co.jp/qa/question_detail/q14324921029,彼が風邪やら胃腸炎やらになります。前の彼もでした。私が原因ですか。,0,0
1927,2026/2/2 3:47,美容整形,春麻酔,14時間8分,1,21,21.0,0,0,0.025,4.76,0.01,0.08,あと3日,https://detail.chiebukuro.yahoo.co.jp/qa/question_detail/q12324921027,目の整形についてです。※画像付き 私は自分の目がコンプレックスで二重整形と 涙袋にヒアルを打ちたいのですが、オススメの施術やクリニックはありますか？ 整形に関する知識がほとんど無いので有識者様のアドバ...,0,0
1928,2026/2/2 3:47,ゲームセンター,1150253436,14時間8分,0,4,4.0,0,0,0.005,0.0,0.0,0.0,あと3日,https://detail.chiebukuro.yahoo.co.jp/qa/question_detail/q11324921026,愛知県内でフィギュア、ぬいぐるみが取れやすいゲームセンターが知りたいです。 交通機関で行けるところと車があると楽な店舗両方知りたいです。よろしくお願いします。,0,0
1929,2026/2/2 3:47,賃貸物件,こうたろう,14時間8分,3,33,11.0,0,0,0.039,9.09,0.0,0.22,あと3日,https://detail.chiebukuro.yahoo.co.jp/qa/question_detail/q14324921024,他県から福岡市に移住する場合、正社員でないとマンション借りれないですか？派遣、契約では難しいでしょうか？,0,0
1930,2026/2/2 3:47,恋愛相談、人間関係の悩み,dzy********,14時間8分,2,30,15.0,0,0,0.035,6.67,0.01,0.15,あと3日,https://detail.chiebukuro.yahoo.co.jp/qa/question_detail/q12324921022,もう四年も都合のいい関係の人がいます。 家でご飯食べたりデートしたり旅行したりしますが付き合ってはいません。 けれど、友達とか親には付き合ってるとかなり前に言ってしまいました。 私は好きで付き合いたい...,0,0
1931,2026/2/2 3:47,恋愛相談,bedda83da,14時間8分,2,58,29.0,0,0,0.068,3.45,0.02,0.19,あと3日,https://detail.chiebukuro.yahoo.co.jp/qa/question_detail/q11324921021,20歳のバーテンダーの男性です。 気になっている女性について相談させて下さい。 僕が2年前に就職したバーに、僕が入社する以前から通っている常連のAさんという女性がいます。Aさんのことを2年前からずっと...,0,0
1932,2026/2/2 3:46,模型、プラモデル、ラジコン,shinazumi,14時間9分,1,16,16.0,0,0,0.019,6.25,0.0,0.08,あと3日,https://detail.chiebukuro.yahoo.co.jp/qa/question_detail/q14324921019,SMPタイムロボが不良品（ジョイント径がゆるくて全くハマらない）だったんですが、これはバンダイに問い合わせたら交換してもらえますか？,0,0
1933,2026/2/2 3:46,恋愛相談、人間関係の悩み,dzy********,14時間9分,1,21,21.0,0,0,0.025,4.76,0.01,0.08,あと3日,https://detail.chiebukuro.yahoo.co.jp/qa/question_detail/q13324921018,もう四年も都合のいい関係の人がいます。 家でご飯食べたりデートしたり旅行したりしますが付き合ってはいません。 けれど、友達とか親には付き合ってるとかなり前に言ってしまいました。 私は好きで付き合いたい...,0,0
1934,2026/2/2 3:46,レディースバッグ、財布、小物類,1052872579,14時間9分,3,21,7.0,0,0,0.025,14.29,0.0,0.2,あと3日,https://detail.chiebukuro.yahoo.co.jp/qa/question_detail/q11324921016,Diorやルイヴィトンの店舗で商品を予約した場合、支払いは受け取り時ですか？,0,0
1936,2026/2/2 3:46,ゲーム,a,14時間9分,0,1,1.0,0,0,0.001,0.0,0.0,0.0,あと3日,https://detail.chiebukuro.yahoo.co.jp/qa/question_detail/q14324921014,東方幻想エクリプス初心者です 石の集め方教えてください,0,0
1937,2026/2/2 3:46,留学、ホームステイ,まんまみーや,14時間9分,0,23,23.0,0,0,0.027,0.0,0.0,0.03,あと3日,https://detail.chiebukuro.yahoo.co.jp/qa/question_detail/q13324921013,トビタテ！留学JAPANで、夏休みに留学に行こうと思っている大学3年生です。(4月から4年生) アドバイス下さい( .. ) テーマは『教育』オルタナティブ教育に興味があり、自然の中で自分で考える力を...,0,0
1938,2026/2/2 3:46,法律相談,1151286451,14時間9分,4,54,13.5,0,0,0.064,7.41,0.01,0.3,あと3日,https://detail.chiebukuro.yahoo.co.jp/qa/question_detail/q12324921012,こんにちは。 今日、駐車場に止めていた軽自動車（ハスラー タフワイルド）のタイヤがパンクしていたため、出張タイヤ交換サービスを呼びました。 作業前に「空気を入れるだけか、修理になるか、交換になるかわか...,0,0
1939,2026/2/2 3:45,掃除機、洗濯機,blue sky,14時間10分,1,4,4.0,0,0,0.005,25.0,0.0,0.06,あと3日,https://detail.chiebukuro.yahoo.co.jp/qa/question_detail/q14324921009,シャープの洗濯機を５年前に購入しましたが、乾燥がなかなか乾かなくなりました。この修理ってどれくらいかかりますか？ また小型ではあるけど 量販店で買いました とりあえず量販店に相談すればいいですか？,0,0
1940,2026/2/2 3:45,ゲームセンター,ac1******,14時間10分,0,14,14.0,0,0,0.016,0.0,0.0,0.02,あと3日,https://detail.chiebukuro.yahoo.co.jp/qa/question_detail/q13324921008,アーケードゲームについて質問です、回答よろしくお願いします! 最近、仮面ライダーガンバライジングがガンバレジェンズに変わったのを知り、久々にやろうと思ってるんですが、ガンバレジェンズってライジング時代...,0,0
1941,2026/2/2 3:45,ゲーム,アニメ教信者,14時間11分,1,6,6.0,0,0,0.007,16.67,0.0,0.07,あと3日,https://detail.chiebukuro.yahoo.co.jp/qa/question_detail/q11324921006,進撃の巨人２のPC版をsteamでプレイしていたのですが、 最近やろうとするとプレイできなくなってしまって原因を調べて、再ダウンロードやsteamのゲームファイルの整合性を確認などしたのですがプレイで...,0,0
1942,2026/2/2 3:45,超常現象、オカルト,561186%542269,14時間11分,9,69,7.7,1,4,0.081,13.04,0.01,0.87,あと3日,https://detail.chiebukuro.yahoo.co.jp/qa/question_detail/q14324921004,霊感が強い人ってどんなことができるんですか？,0,0
1943,2026/2/2 3:44,メルカリ,1149901661,14時間12分,3,49,16.3,0,0,0.057,6.12,0.01,0.23,あと3日,https://detail.chiebukuro.yahoo.co.jp/qa/question_detail/q13324921003,メルカリのメルカードポイント還元についてです クレジットカードによくある「分割払い」や「後払い」が嫌で今までバンドルカードで支払いをしていました メルペイにもバンドルカードみたいな「コンビニチャージ」...,0,0
1944,2026/2/2 3:44,au,par********,14時間12分,0,14,14.0,0,0,0.016,0.0,0.0,0.02,あと3日,https://detail.chiebukuro.yahoo.co.jp/qa/question_detail/q11324921001,auのプランでYouTubeプレミアムが入ってるものに入りました。1/31まではもともと別で契約してたYouTubeプレミアムがあったので2月に変わってから……と思ってました。 昨日、マイauから利用...,0,0
1945,2026/2/2 3:44,携帯型ゲーム全般,a60a30b1d,14時間12分,0,15,15.0,0,0,0.018,0.0,0.0,0.02,あと3日,https://detail.chiebukuro.yahoo.co.jp/qa/question_detail/q12324921002,ヘブンバーンズレッドの氷属性パーティーについて質問です。 キョンタマ•白ルカ•白蒼井•哀情つかさ• 夏宵色緋雨•ユニゾンユイナで編成を組みたいのですがスコアタなどでの動かし方がいまいちよくわかりません...,0,0
1946,2026/2/2 3:44,アルバイト、フリーター,c9866c948,14時間12分,0,31,31.0,0,0,0.036,0.0,0.0,0.04,あと3日,https://detail.chiebukuro.yahoo.co.jp/qa/question_detail/q14324920999,すき家のバイトについて質問です。最近バイトを始めて、この前2回目のバイトだったのですが、お店の方に今日は一回目に教えられたことをやってと言われました。 ちなみに、この時は全然暇だったので忙しくて教える...,0,0
1947,2026/2/2 3:44,職場の悩み,b178acbaa,14時間12分,1,18,18.0,0,0,0.021,5.56,0.0,0.08,あと3日,https://detail.chiebukuro.yahoo.co.jp/qa/question_detail/q12324920997,最近仕事が24時までの勤務になりました。 いつも仕事終わりは唯一のストレス発散法の晩酌をしていたのですが、気づいたら朝方になっています。 肌にも悪いですし、精神疾患を持っているので酷くならないか心配で...,0,0
1948,2026/2/2 3:43,コミック,oew********,14時間13分,4,47,11.8,0,1,0.055,8.51,0.01,0.32,あと3日,https://detail.chiebukuro.yahoo.co.jp/qa/question_detail/q11324920996,呪術廻戦、乙骨と夏油ですが、乙骨が死んだらリカは夏油に従うんですか？ 仮にそうなったら五条に勝てますか？,0,0
1949,2026/2/2 3:43,病気、症状,1252559633,14時間13分,1,9,9.0,0,0,0.011,11.11,0.0,0.07,あと3日,https://detail.chiebukuro.yahoo.co.jp/qa/question_detail/q10324920995,毎月のように風邪や胃腸炎。なんでしょうか。,0,0
1950,2026/2/2 3:43,生き方、人生相談,akatuki,14時間13分,11,164,14.9,0,10,0.192,6.71,0.03,1.19,あと3日,https://detail.chiebukuro.yahoo.co.jp/qa/question_detail/q14324920994,皆さんはなぜ生きていますか？ もしくは人の生きる意味とはなんだと思いますか？,0,0
1951,2026/2/2 3:43,ネットワークセキュリティ,1252552748,14時間13分,1,37,37.0,0,0,0.043,2.7,0.02,0.1,あと3日,https://detail.chiebukuro.yahoo.co.jp/qa/question_detail/q13324920993,高校生です。チャットGPTやGeminiにこんな事を送ってしまいました。実在の同級生の名前を20人くらい勝手に使って探偵物（殺人事件を解決する感じの）を使ってしまいました。 名前の他、物語のために髪型...,0,0
1952,2026/2/2 3:43,パソコン,非公開,14時間13分,6,89,14.8,0,0,0.104,6.74,0.02,0.46,あと3日,https://detail.chiebukuro.yahoo.co.jp/qa/question_detail/q12324920992,ゲーミングPCでゲームをしたいと思ってます ゲーミングPCは初めてなんですが、どのくらいのスペックがあればFPS等のゲームでも快適に遊べますか？ 機材等一式揃えた時、大体どのくらいの値段になるかも教え...,0,0
1953,2026/2/2 3:43,喫煙マナー,a3112798a,14時間14分,0,1,1.0,0,0,0.001,0.0,0.0,0.0,あと3日,https://detail.chiebukuro.yahoo.co.jp/qa/question_detail/q11324920991,クールブーストとクールミンティはどちらがメンソール強いですか？,0,0
1954,2026/2/2 3:43,音楽,やっふー（ごきげんよう方式）,14時間14分,1,3,3.0,0,0,0.004,33.33,0.0,0.06,あと3日,https://detail.chiebukuro.yahoo.co.jp/qa/question_detail/q10324920990,令和ちゃんねるさんのBGMについて質問です。 Div1の企画で集中する時によく流れる8bitのような曲の名前を教えてほしいです。自分もdiv1目指す時に聞きたいので。,0,0
1955,2026/2/2 3:43,YouTube,桐一葉,14時間14分,0,1,1.0,0,0,0.001,0.0,0.0,0.0,あと3日,https://detail.chiebukuro.yahoo.co.jp/qa/question_detail/q14324920989,（ユーチュウブ動画の真贋） 真贋の確認方法を教えてください。,0,0
1956,2026/2/2 3:43,飛行機、空港,rie********,14時間14分,2,50,25.0,0,0,0.059,4.0,0.01,0.18,あと3日,https://detail.chiebukuro.yahoo.co.jp/qa/question_detail/q13324920988,JALの予約、座席指定について質問です。 予約自体は完了し、料金も支払い済みですが、座席指定をしようとしても選択できません。 この場合でも一応搭乗はできるということでしょうか？出発の48時間前に解放さ...,0,0
1957,2026/2/2 3:42,菓子、スイーツ,min********,14時間15分,2,16,8.0,0,0,0.019,12.5,0.0,0.14,あと3日,https://detail.chiebukuro.yahoo.co.jp/qa/question_detail/q11324920986,横浜駅周辺でお店で食べれるスイーツ屋さんあれば教えてください,0,0
1958,2026/2/2 3:42,アニメ,ad70aca03,14時間15分,1,135,135.0,1,0,0.158,0.74,0.21,0.33,あと3日,https://detail.chiebukuro.yahoo.co.jp/qa/question_detail/q14324920984,地獄楽についてです 雲霧の死亡シーンは原作の何話でしょうか？ アニメでやっていた部分はアニオリでしょうか？,0,0
1959,2026/2/2 3:42,生き方、人生相談,愁,14時間15分,6,32,5.3,0,5,0.037,18.75,0.0,0.56,あと3日,https://detail.chiebukuro.yahoo.co.jp/qa/question_detail/q13324920983,なぜ皆さんこの時間に起きているのですか。,0,0
1960,2026/2/2 3:42,特撮,48643I,14時間15分,1,4,4.0,0,0,0.005,25.0,0.0,0.06,あと3日,https://detail.chiebukuro.yahoo.co.jp/qa/question_detail/q12324920982,ウルトラマンXで滝裕可里さんが全面に出る、特化したエピソードがあれば教えてください。,0,0
1961,2026/2/2 3:41,ライブ、コンサート,b9bbcdc00,14時間16分,1,23,23.0,0,0,0.027,4.35,0.01,0.09,あと3日,https://detail.chiebukuro.yahoo.co.jp/qa/question_detail/q11324920981,KCON JAPAN 2026 について教えてください ・チケットは先着順ですか？抽選ですか？ ・何日目にどのグループが出演するのかは何月ぐらいに発表されますか？ ・友人と行きたいと思っているのですが...,0,0
1962,2026/2/2 3:41,労働条件、給与、残業,puwm,14時間16分,0,59,59.0,0,0,0.069,0.0,0.0,0.07,あと3日,https://detail.chiebukuro.yahoo.co.jp/qa/question_detail/q10324920980,アルバイトの解雇について質問です。 オープン前の店舗で採用され一ヶ月間、週一ペースで呼ばれた日に出勤していました。 雇用契約書も労働通知書もないまま一ヶ月が経ち、今後について質問すると店舗を解約したの...,0,0
1963,2026/2/2 3:41,Yahoo!オークション,1153136586,14時間16分,1,23,23.0,0,0,0.027,4.35,0.01,0.09,あと3日,https://detail.chiebukuro.yahoo.co.jp/qa/question_detail/q14324920979,Yahooフリマって一度違反してしまうとその時や以降のキャンペーンのポイント付与などの対象から全て外れてしまうのですか？,0,0
1964,2026/2/2 3:41,家計、節約,b178acbaa,14時間16分,3,28,9.3,0,0,0.033,10.71,0.0,0.21,あと3日,https://detail.chiebukuro.yahoo.co.jp/qa/question_detail/q13324920978,金遣いが荒く困っています。 双極性障害ということもあり、躁状態の時なんかは何も考えず買い物をしてしまいギリギリで支払いをしています。 それは休職していた仕事を初めて徐々に膨れ上がった感じです。 ただの...,0,0
1965,2026/2/2 3:41,テーマパーク,a999d8a84,14時間16分,3,92,30.7,0,1,0.107,3.26,0.03,0.32,あと3日,https://detail.chiebukuro.yahoo.co.jp/qa/question_detail/q12324920977,ディズニーホテルの顧客登録についてです めちゃくちゃ頻回ではないですが、コロナ禍を除いて年1くらいで割と泊まっている方です 1回目→ランドホテル 2回目→アンバサダーホテル 3回目→ランドホテル(ラウ...,0,0
1966,2026/2/2 3:40,K-POP、アジア,b9bbcdc00,14時間17分,2,17,8.5,0,1,0.02,11.76,0.0,0.17,あと3日,https://detail.chiebukuro.yahoo.co.jp/qa/question_detail/q11324920976,KCONJAPANって、グループ別にグッズ売り場がありますか？,0,0
1967,2026/2/2 3:40,テーマパーク,con********,14時間17分,1,99,99.0,0,0,0.115,1.01,0.11,0.17,不明,https://detail.chiebukuro.yahoo.co.jp/qa/question_detail/q10324920975,すみません。ディズニーホテル宿泊に関してとハッピーエントリーについて質問させて下さい。 予約は私のアカウントでしています。 例えば ①1月下旬に2月10日のアンバサダーホテルのスティッチルーム、2月頭...,0,0
1968,2026/2/2 3:40,ファッション,1150898923,14時間18分,1,20,20.0,0,0,0.023,5.0,0.0,0.08,あと3日,https://detail.chiebukuro.yahoo.co.jp/qa/question_detail/q14324920974,178センチ骨格ウェーブ男です。足長く見せたくてハイウエストに挑戦したいのですがaiはあやふやなことしか教えてくれないので困ってます。ヘソかれ指3本上げた位置は上げすぎですか？ また肋骨のすぐ下まで上...,0,0
1969,2026/2/2 3:40,動画サービス,つまんない,14時間18分,1,9,9.0,1,3,0.01,11.11,0.0,0.29,あと3日,https://detail.chiebukuro.yahoo.co.jp/qa/question_detail/q13324920973,tverの動画を無料でダウンロードできるサイトを教えてください。,0,0
1970,2026/2/2 3:40,メルカリ,非公開,14時間18分,5,106,21.2,0,11,0.124,4.72,0.03,0.8,あと3日,https://detail.chiebukuro.yahoo.co.jp/qa/question_detail/q12324920972,メルカリで、購入したいものがあって、私自身は購入させていただいたのですが、 商品説明欄にこのような記載がありました。 購入意思のないいいねは控えてください、 売り切りたいのでコメントで対応しますので、...,0,0
1971,2026/2/2 3:40,ゲーム,にゃん,14時間18分,1,17,17.0,0,1,0.02,5.88,0.0,0.11,あと3日,https://detail.chiebukuro.yahoo.co.jp/qa/question_detail/q11324920971,第五人格キャラって誕生日に歳をとるんですか？ とる場合バーメイドは今年で何歳になりますか？,0,0
1972,2026/2/2 3:40,K-POP、アジア,カ,14時間18分,1,24,24.0,0,1,0.028,4.17,0.01,0.12,あと3日,https://detail.chiebukuro.yahoo.co.jp/qa/question_detail/q14324920969,kpop triplesってどんくらいの知名度ですか？,0,0
1973,2026/2/2 3:40,郵便、宅配,b9bbcdc00,14時間18分,1,2,2.0,0,0,0.002,50.0,0.0,0.06,あと3日,https://detail.chiebukuro.yahoo.co.jp/qa/question_detail/q13324920968,cortisにファンレター（紙）を送る方法はありますか？,0,0
1974,2026/2/2 3:39,テーマパーク,てて,14時間19分,0,41,41.0,0,0,0.048,0.0,0.0,0.05,あと3日,https://detail.chiebukuro.yahoo.co.jp/qa/question_detail/q12324920967,ディズニーランドの混み具合についてです。 2月の11日祝日にディズニーランドに行きます。遠方のため、到着が12:00前くらいです。 美女と野獣はなりたいなと思っているんですが、 DPAも販売終わってま...,0,0
1975,2026/2/2 3:39,生き方、人生相談,レモンスカッシュ,14時間19分,2,16,8.0,0,6,0.019,12.5,0.0,0.34,あと3日,https://detail.chiebukuro.yahoo.co.jp/qa/question_detail/q10324920965,「人生は親に感謝して努力すれば良くなる」という精神論。 親がたかいした後だと、そんな気もしますか？ ある程度、年齢を重ねた後なら何だか分かるものなのでしょうか？ うんと若い人はそんな根拠のないスピリチ...,0,0
1977,2026/2/2 3:39,ゲーム,K,14時間19分,2,12,6.0,0,1,0.014,16.67,0.0,0.17,あと3日,https://detail.chiebukuro.yahoo.co.jp/qa/question_detail/q13324920963,マジックカードの装備➕15にするのはどうしたらできますか？ 13まではあげれたのですがそこからレベルはMAXですとでていてこれ以上強化ができなくて困ってます。。,0,0
1978,2026/2/2 3:39,X（旧Twitter）,tra********,14時間19分,0,52,52.0,1,0,0.06,0.0,0.0,0.18,あと3日,https://detail.chiebukuro.yahoo.co.jp/qa/question_detail/q11324920961,Xアカウントの凍結解除について。 Xのアカウントが凍結されてしまい、異議申し立てをしていたところ、画像のメールが届きました。 しかし確認してみても解除はされておらず、(私の訳や解釈が間違っていなければ...,0,0
1979,2026/2/2 3:39,Yahoo!オークション,hir********,14時間19分,4,30,7.5,0,9,0.035,13.33,0.0,0.58,あと3日,https://detail.chiebukuro.yahoo.co.jp/qa/question_detail/q10324920960,やっぱりヤフオクでも亡くなった人の遺品を出品したりする人もいるのでしょうか？,0,0
1980,2026/2/2 3:39,K-POP、アジア,b9bbcdc00,14時間19分,3,24,8.0,0,1,0.028,12.5,0.0,0.24,あと3日,https://detail.chiebukuro.yahoo.co.jp/qa/question_detail/q14324920959,KCONJAPANに行きたいんですけど、ペンライト持ってないんです。推しグルの正式ペンラが出てないのもあって、、。市販のシンプルなペンラでもいいんですかね？,0,0
1981,2026/2/2 3:39,超常現象、オカルト,名無し,14時間19分,5,61,12.2,0,2,0.071,8.2,0.01,0.43,あと3日,https://detail.chiebukuro.yahoo.co.jp/qa/question_detail/q13324920958,青森の恐山って観光地ですよね？なんで心霊スポットとして有名なんですか？,0,0
1982,2026/2/2 3:39,運転免許,1253171486,14時間19分,1,38,38.0,0,0,0.044,2.63,0.02,0.1,あと3日,https://detail.chiebukuro.yahoo.co.jp/qa/question_detail/q12324920957,AT車の第一段階でS字・クランクと進路変更まで終わって、みきわめに向けて復習のような項目をやってるのですが、 項目が14～20くらいまでがみきわめに向けての復習項目で今日ちょうど14～20項目まで問題...,0,0
1983,2026/2/2 3:38,飛行機、空港,radebeuler121212,14時間20分,1,33,33.0,0,5,0.038,3.03,0.01,0.27,あと3日,https://detail.chiebukuro.yahoo.co.jp/qa/question_detail/q11324920956,キャセイパシフィック航空で東京からドイツに行きたいと思っているのですが、サイトを見ると往路は約20万円かかるのになぜ復路は無料となっていました。なぜでしょうか？怪しいですかね？ 一応公式サイトからみた...,0,0
1984,2026/2/2 3:38,メルカリ,1150150252,14時間21分,1,21,21.0,0,0,0.024,4.76,0.01,0.08,あと3日,https://detail.chiebukuro.yahoo.co.jp/qa/question_detail/q10324920955,kpopのラキドロなど転売禁止とサイトやトレカに書いてある物があると思いますが、このトレカをメルカリで売ることは駄目なのでしょうか？ Xで転売ヤーだとメルカリのアカウントを晒している人がいたので気にな...,0,0
1985,2026/2/2 3:38,インターネットショッピング,b9bbcdc00,14時間21分,0,1,1.0,0,0,0.001,0.0,0.0,0.0,あと3日,https://detail.chiebukuro.yahoo.co.jp/qa/question_detail/q14324920954,ウィバースショップについて泣 これ、上の安い方はなんで下のような表記じゃないのでしょうか？上の方はクレカ、コンビニ決済できないのですか？,0,0
1986,2026/2/2 3:38,政治、社会問題,any********,14時間21分,3,47,15.7,0,6,0.055,6.38,0.01,0.44,あと3日,https://detail.chiebukuro.yahoo.co.jp/qa/question_detail/q12324920952,自民党は単独過半数伺う状況ですが、その場合に維新と組む理由はあるのですか？,0,0
1987,2026/2/2 3:38,トレーニング,ce6f0d5a7,14時間21分,1,21,21.0,0,1,0.024,4.76,0.01,0.12,あと3日,https://detail.chiebukuro.yahoo.co.jp/qa/question_detail/q11324920951,最近ジムに通い始めた女です。 美味しいプロテインを教えてください！ 以前買ってみましたが味が苦手で飲み続けられませんでした,0,0
1988,2026/2/2 3:38,ゲーム,bcb1f2914,14時間21分,0,5,5.0,0,0,0.006,0.0,0.0,0.01,あと3日,https://detail.chiebukuro.yahoo.co.jp/qa/question_detail/q10324920950,バイオ7をSteamdeckでプレイしていたのですが、ラスボス撃破後エンディングに入ると画像のようになってからエンドロールに入りメインメニューに戻りました。 終わり方が突然だったので疑問に思い調べると...,0,0
1989,2026/2/2 3:38,Instagram,sukeeeeee,14時間21分,0,20,20.0,0,0,0.023,0.0,0.0,0.02,あと3日,https://detail.chiebukuro.yahoo.co.jp/qa/question_detail/q14324920949,インスタグラムの利用規約に違反した覚えがないにもかかわらず、下記の画像のようにアカウントが停止（BAN）されてしまいました。 そこでいくつかお伺いしたい点があります。 まず、永久停止されたアカウントの...,0,0
1990,2026/2/2 3:37,子育て、出産,ipf********,14時間22分,5,65,13.0,1,10,0.075,7.69,0.01,0.83,あと3日,https://detail.chiebukuro.yahoo.co.jp/qa/question_detail/q13324920948,女の子の名付けで、【桜】は枯れてしまうから避けたほうが良いと占い師さんに忠告されてしまいました。【咲良】ならネガティブなイメージは緩和されますかね？さくらと読めて、良い漢字があれば教えてください。,0,0
1991,2026/2/2 3:37,アニメ,c1b1b7220,14時間22分,0,0,0.0,0,0,0.0,0.0,0.0,0.0,あと3日,https://detail.chiebukuro.yahoo.co.jp/qa/question_detail/q12324920947,アニメcitrusを見た人に質問です。 アニメ12話の中で、柚子が芽衣に「急にいなくならないよね？」みたいなことを言うのって、何話ですか？ それとも私の勘違いで、そんな発言は無かったでしょうか？,0,0
1992,2026/2/2 3:37,病気、症状,addb59b49,14時間22分,3,38,12.7,0,3,0.044,7.89,0.01,0.32,不明,https://detail.chiebukuro.yahoo.co.jp/qa/question_detail/q11324920946,11月に挟んで内出血を起こし、根元の状態からここまで伸びましたが内出血の爪の表面が剥げて来ています。どういう状況でしょうか？怖いです。わかる方がいらっしゃれば教えて欲しいです。,0,0
1993,2026/2/2 3:37,アニメ,1150989441,14時間22分,1,24,24.0,0,0,0.028,4.17,0.01,0.09,不明,https://detail.chiebukuro.yahoo.co.jp/qa/question_detail/q10324920945,このアニメキャラは誰ですか？,0,0
1994,2026/2/2 3:36,ギター、ベース,§MIYABI§,14時間23分,8,189,23.6,0,10,0.219,4.23,0.05,1.03,あと3日,https://detail.chiebukuro.yahoo.co.jp/qa/question_detail/q14324920944,エレキギター歴1ヶ月の超初心者です。 始めたての頃、練習とか色々すっ飛ばしていきなりライラックのイントロを練習してたのですが、最近ようやくbpm100程度で完璧に弾けるようになったんですけど、毎日30...,0,0
1995,2026/2/2 3:36,恋愛相談、人間関係の悩み,ず,14時間23分,3,20,6.7,0,0,0.023,15.0,0.0,0.2,あと3日,https://detail.chiebukuro.yahoo.co.jp/qa/question_detail/q13324920943,遠距離恋愛について質問です。 私は現在東京に住んでいる彼氏がいます。 私は愛知県で彼の方が6歳年上です。 私は18歳なのでまだ親の管理下にいる状況で彼氏と簡単に会うことができません。 高校を卒業するの...,0,0
1996,2026/2/2 3:36,アニメ,1150989441,14時間23分,1,16,16.0,0,0,0.019,6.25,0.0,0.08,不明,https://detail.chiebukuro.yahoo.co.jp/qa/question_detail/q12324920942,このアニメキャラは誰ですか？,0,0
1997,2026/2/2 3:36,コミック,ΙD非公開,14時間23分,2,35,17.5,0,1,0.041,5.71,0.01,0.19,あと3日,https://detail.chiebukuro.yahoo.co.jp/qa/question_detail/q11324920941,ジャンプラにて「話がチェンソーマンに似てる」「絵がチェンソーマン」みたいなコメントをいくつかの漫画のコメント欄で見かけるのですがこういうひとたちは皆んなタツキ信者ですかね。 自分はチェンソーマン含め色...,0,0
1998,2026/2/2 3:36,恋愛相談、人間関係の悩み,たかむら,14時間23分,1,12,12.0,0,0,0.014,8.33,0.0,0.07,あと3日,https://detail.chiebukuro.yahoo.co.jp/qa/question_detail/q10324920940,太ってる人の声の特徴は何ですか？ 出来るだけ多めにお願いします。,0,0
1999,2026/2/2 3:36,本、雑誌,1152651255,14時間24分,0,2,2.0,0,0,0.002,0.0,0.0,0.0,あと3日,https://detail.chiebukuro.yahoo.co.jp/qa/question_detail/q14324920939,BL作家のもちの米さんは以前DAYSのBL同人誌を描いていますか？,0,0
2000,2026/2/2 3:36,ゲーム,mis******,14時間24分,1,25,25.0,0,0,0.029,4.0,0.01,0.09,あと3日,https://detail.chiebukuro.yahoo.co.jp/qa/question_detail/q12324920937,エンドフィールドについてです 孤喉沢の左下の霧はどうやったら晴らすことができますか？ 一応武陵城のそれ以外の部分は全部探索できたのですが,0,0
2001,2026/2/2 3:35,カードゲーム,1150940393,14時間25分,0,5,5.0,0,0,0.006,0.0,0.0,0.01,あと3日,https://detail.chiebukuro.yahoo.co.jp/qa/question_detail/q11324920936,ドラゴンボールダイバーズについて質問です。 SDV7-SEC2 ゴジータ：BRと相性の良いカードを教えてください。 SR以下の低レアもしくはあまり高額でないカードでお願いしたいです。 また、どのような...,0,0
2002,2026/2/2 3:35,高校野球,非公開,14時間25分,1,17,17.0,0,0,0.02,5.88,0.0,0.08,あと3日,https://detail.chiebukuro.yahoo.co.jp/qa/question_detail/q10324920935,愛工大名電ってなぜ夏の甲子園てわ勝てないのでしょうか？ 夏の甲子園の成績が 8勝15敗と大きく負け越しています。 出ても殆ど初戦敗退です。 中京、東邦との差はなんでしょうか？ 名電はたくさんでるのに殆...,0,0
2003,2026/2/2 3:35,恋愛相談、人間関係の悩み,nn,14時間25分,0,8,8.0,0,0,0.009,0.0,0.0,0.01,あと3日,https://detail.chiebukuro.yahoo.co.jp/qa/question_detail/q13324920933,遠距離の彼氏とバレンタインデーの日に3ヶ月ぶりに会います。 12日に美容院を予約したのですが、どうせならまつパもしたいなと思っています。 まつパをしたことがないのですが、どれくらい持つのでしょうか。 ...,0,0
2004,2026/2/2 3:35,家族関係の悩み,匿名,14時間25分,3,23,7.7,0,0,0.027,13.04,0.0,0.2,あと3日,https://detail.chiebukuro.yahoo.co.jp/qa/question_detail/q12324920932,時計を見て、ゾロ目だった時...嬉しいなって感じて家族に見て！見て！ほら！ゾロ目！っていつも言ってたのですが姉に死ねと唐突に言われました。.....何故でしょうか？ 毎時間言ってる訳ではありません。時...,0,0
2005,2026/2/2 3:35,プロ野球,ily********,14時間25分,0,14,14.0,0,0,0.016,0.0,0.0,0.02,あと3日,https://detail.chiebukuro.yahoo.co.jp/qa/question_detail/q11324920931,"エスコンフィールド北海道のツアーについて質問です。 1,試合のない平日(3月)の空き状況はどうですか？当日予約は出来ますか？ 2,ホークスファンの私1人での参加なんですけど浮きませんか？ ベーシックツ...",0,0
2006,2026/2/2 3:35,職場の悩み,1152355356,14時間25分,0,38,38.0,0,0,0.044,0.0,0.0,0.04,あと3日,https://detail.chiebukuro.yahoo.co.jp/qa/question_detail/q10324920930,リンツで働いています。 試食だけさっさと欲しい 袋入らない、買えと言われてる気分 試食の味を選ばせて欲しい とたびたび、クレームでコールセンターに言われてしまいます。 言いたいことは分かるのですが、 ...,0,0
2007,2026/2/2 3:35,薄毛、抜け毛,c4c2d4468,14時間25分,1,25,25.0,1,1,0.029,4.0,0.01,0.24,あと3日,https://detail.chiebukuro.yahoo.co.jp/qa/question_detail/q14324920929,M字ハゲですか？,0,0
2008,2026/2/2 3:34,恋愛相談、人間関係の悩み,匿名希望,14時間26分,1,20,20.0,0,0,0.023,5.0,0.0,0.08,あと3日,https://detail.chiebukuro.yahoo.co.jp/qa/question_detail/q12324920927,【まゆき】って名前の響きは男性ですか？それとも、女性ですか？？直感で構いません。,0,0
2010,2026/2/2 3:34,ダイエット,oae********,14時間26分,5,19,3.8,0,0,0.022,26.32,0.0,0.31,あと3日,https://detail.chiebukuro.yahoo.co.jp/qa/question_detail/q10324920925,ダイエットについて 普通の自転車と電動自転車パワーで30分走ったカロリーは違いますか？,0,0
2011,2026/2/2 3:34,大学受験,非公開,14時間26分,0,18,18.0,0,0,0.021,0.0,0.0,0.02,あと3日,https://detail.chiebukuro.yahoo.co.jp/qa/question_detail/q14324920924,実際に僕が受けるわけじゃないんですが、東大理系の入試に関して 理科、数学、英語で80ずつ、国語で40，共テ100は現実的な目標設定と言えますか？ 言えない場合、どこがおかしいのか教えてくれると嬉しいで...,0,0
2012,2026/2/2 3:34,恋愛相談、人間関係の悩み,1251906461,14時間26分,1,13,13.0,0,0,0.015,7.69,0.0,0.07,あと3日,https://detail.chiebukuro.yahoo.co.jp/qa/question_detail/q13324920923,境界知能の人生に救いはないって本当ですか？,0,0
2013,2026/2/2 3:34,学校の悩み,.,14時間26分,3,42,14.0,0,3,0.048,7.14,0.01,0.32,あと3日,https://detail.chiebukuro.yahoo.co.jp/qa/question_detail/q12324920922,至急 高３ 今は毎日学校でも放課後とかに友達も遊びまくってます。でも4月から仕事が始まります。仕事終わりに遊びまくるのってしんどいですかね？やっぱり働くと遊べる時間めちゃくちゃ減りますか？,0,0
2014,2026/2/2 3:33,アニメ,1150989441,14時間27分,0,13,13.0,0,0,0.015,0.0,0.0,0.01,あと3日,https://detail.chiebukuro.yahoo.co.jp/qa/question_detail/q11324920921,このアニメキャラは誰ですか？,0,0
2015,2026/2/2 3:33,メンズ全般,1149986925,14時間28分,0,2,2.0,0,0,0.002,0.0,0.0,0.0,あと3日,https://detail.chiebukuro.yahoo.co.jp/qa/question_detail/q10324920920,ユニクロのサーマルSでいい感じなんですが、アビレックスのサーマルだとどのサイズがいいですかね,0,0
2016,2026/2/2 3:32,学校の悩み,ca1fb906f,14時間29分,3,49,16.3,0,6,0.056,6.12,0.01,0.44,あと3日,https://detail.chiebukuro.yahoo.co.jp/qa/question_detail/q14324920914,現在中学2年生の不登校です。 もう4ヶ月くらい学校に行けていません。 特にいじめとか病気とかそういう問題でもなく、精神的な問題で学校に行くのがしんどくなってしまいました。 休んでる間も罪悪感と、学校に...,0,0
2017,2026/2/2 3:32,ドラマ,iar********,14時間29分,0,22,22.0,0,0,0.025,0.0,0.0,0.03,あと3日,https://detail.chiebukuro.yahoo.co.jp/qa/question_detail/q13324920913,見たいドラマがあるのですが思い出せません たすかる為なら○○はしんでもいいです と泣きながら言ってるシーンがあったと思います 犯人は確か動画をまわしていて、もっとでかい声で言え！と何回も言わせてたと思...,0,0
2018,2026/2/2 3:32,恋愛相談、人間関係の悩み,愁,14時間29分,3,51,17.0,0,0,0.059,5.88,0.01,0.23,あと3日,https://detail.chiebukuro.yahoo.co.jp/qa/question_detail/q12324920912,遠距離恋愛の経験ある皆さん。遠距離恋愛を決意して後悔していますか？,0,0
2019,2026/2/2 3:32,ゲーム,cfwk16407649734,14時間29分,0,15,15.0,0,0,0.017,0.0,0.0,0.02,あと3日,https://detail.chiebukuro.yahoo.co.jp/qa/question_detail/q11324920911,DBD チャッキーの板下潜るやつと強硬手段はどっちが優先されますか？ キラーの板破壊と強硬手段は板破壊が優先されて、リージョンの乗り越えは強硬手段が優先されるらしいんですが。,0,0
2020,2026/2/2 3:32,家族関係の悩み,b134a1136,14時間29分,5,123,24.6,0,4,0.141,4.07,0.03,0.57,あと3日,https://detail.chiebukuro.yahoo.co.jp/qa/question_detail/q10324920910,女性の方、男性の方色々な方に意見を聞きたいです。 私は現在21歳妊娠中で34週です。 夫が寝てる間にたくさん通知がきてうるさくて寝れなかったのでスマホをみてしまいました。 最初は通知音を消すだけでスマ...,0,0
2021,2026/2/2 3:32,ゲーム,c80375c9f,14時間29分,0,9,9.0,0,0,0.01,0.0,0.0,0.01,あと3日,https://detail.chiebukuro.yahoo.co.jp/qa/question_detail/q13324920908,ディズニードリームライトバレーについて質問です。 Switchでやっています。 忘却の主にお気に入りをプレゼントしたいのですが、マップのどこにもいません。 キャラクター一覧開いたら家マークがついてます...,0,0
2022,2026/2/2 3:32,カラオケ,1052633017,14時間29分,4,111,27.8,0,1,0.128,3.6,0.04,0.39,不明,https://detail.chiebukuro.yahoo.co.jp/qa/question_detail/q11324920906,JOYSOUNDとDAMって違いがあったりするですか？ 初ヒトカラ行こうと思ってて、どっちにしたらいいかִֶָ. 分かんなくて悩んでます。 アニソンメインで、できたらアニメ映像の種類多い方が良いと思っ...,0,0
2023,2026/2/2 3:31,同人誌、コミケ,baee02f8f,14時間30分,0,9,9.0,0,0,0.01,0.0,0.0,0.01,あと3日,https://detail.chiebukuro.yahoo.co.jp/qa/question_detail/q10324920905,同人誌を探してます わからせ系でかつてのいじめっ子の娘を教師がわからせるやつです。(情報少なくてすいません)どなたかご存知ないですか？,0,0
2024,2026/2/2 3:31,アニメ,1150989441,14時間30分,1,22,22.0,0,0,0.025,4.55,0.01,0.08,不明,https://detail.chiebukuro.yahoo.co.jp/qa/question_detail/q14324920904,このアニメキャラは誰ですか？,0,0
2025,2026/2/2 3:31,イヌ,1149769125,14時間30分,0,10,10.0,0,0,0.011,0.0,0.0,0.01,あと3日,https://detail.chiebukuro.yahoo.co.jp/qa/question_detail/q13324920903,11歳10ヶ月のトイプードルを飼っています。 以前、僧帽弁閉鎖不全症と診断されました。ステージはB1とB2の間と言われました。 最近、夜中に徘徊することがあります。その際に隣に座ると心音が大きく、心拍...,0,0
2026,2026/2/2 3:31,職場の悩み,のんちゃん,14時間30分,4,64,16.0,0,0,0.074,6.25,0.01,0.3,あと3日,https://detail.chiebukuro.yahoo.co.jp/qa/question_detail/q12324920902,40歳代男性です。 職場に私にだけ不機嫌で仕事上重要なホウレンソウをしても、常に喧嘩腰で、気に入らなけば、反抗的な態度で意見をしてくる同僚がいます。何年もそのような態度で、ストレスになります。挨拶して...,0,0
2027,2026/2/2 3:31,アニメ,1150989441,14時間30分,1,20,20.0,0,0,0.023,5.0,0.0,0.08,不明,https://detail.chiebukuro.yahoo.co.jp/qa/question_detail/q11324920901,このアニメキャラは誰ですか？,0,0
2028,2026/2/2 3:31,香水,tam********,14時間30分,0,15,15.0,0,0,0.017,0.0,0.0,0.02,あと3日,https://detail.chiebukuro.yahoo.co.jp/qa/question_detail/q10324920900,雪組咲城けいさんが使っている香水はわかりますか？ 過去のものでも結構です。,0,0
2029,2026/2/2 3:30,俳優、女優,1152924270,14時間31分,3,25,8.3,0,0,0.029,12.0,0.0,0.2,あと3日,https://detail.chiebukuro.yahoo.co.jp/qa/question_detail/q14324920899,最近吉沢亮さんにどハマりしたものです。吉沢亮さんのおすすめの作品はありますか？ネトフリでみれるものだと助かります（見れなくても大丈夫です）東リべ、国宝、リバーズ・エッジは見ました。,0,0
2030,2026/2/2 3:30,家族関係の悩み,あ,14時間31分,1,36,36.0,0,0,0.041,2.78,0.01,0.1,あと3日,https://detail.chiebukuro.yahoo.co.jp/qa/question_detail/q13324920898,私の祖母は今認知症で、きっと軽い方なんですが、私からしたら重いです。 悲しいし、寂しいし。 昔喫茶店に連れて行ってもらった時食べたパフェが美味しかった。どこのだったっけ。私がそういって、うーんとたしか...,0,0
2031,2026/2/2 3:30,政治、社会問題,Sesquipedalian,14時間32分,8,177,22.1,0,21,0.203,4.52,0.04,1.38,あと3日,https://detail.chiebukuro.yahoo.co.jp/qa/question_detail/q12324920897,日本の学校教育や報道では、「右」や「右傾化」という言葉が、まるで悪いことのように教えられてきた印象があります。 その影響で、愛国心やナショナリズム、保守的な価値観を持つこと自体が、否定的に受け取られが...,0,0
2032,2026/2/2 3:30,ゲーム,1051638931,14時間32分,0,1,1.0,0,0,0.001,0.0,0.0,0.0,あと3日,https://detail.chiebukuro.yahoo.co.jp/qa/question_detail/q11324920896,月神の瞳全部奉納したらいま何レベまで行きますか？,0,0
2033,2026/2/2 3:30,大学,a7e18be88,14時間32分,8,128,16.0,0,13,0.147,6.25,0.02,1.05,あと3日,https://detail.chiebukuro.yahoo.co.jp/qa/question_detail/q10324920895,一般的な感覚が分からないので聞かせてください。大学の学費についてです。 私は第一種の給付型奨学金を借りている国立大学生です。 今の所、入学費用・前期学費・後期学費等、学費は全て私の貯金から出しています...,0,0
2034,2026/2/2 3:30,一般教養,kiy********,14時間32分,4,127,31.8,0,0,0.146,3.15,0.05,0.37,あと3日,https://detail.chiebukuro.yahoo.co.jp/qa/question_detail/q12324920892,メンサの無料公開のIQ TEST受けてみたところ 時間切れで終わってIQ131と表示されました。 正直頭が熱くなるほど考えたけど、こんなふらっと立ち寄った僕が上位98%なのは嘘なんじゃないかと思ってし...,0,0
2035,2026/2/2 3:30,アニメ,1150989441,14時間32分,1,16,16.0,0,0,0.018,6.25,0.0,0.08,不明,https://detail.chiebukuro.yahoo.co.jp/qa/question_detail/q11324920891,このアニメキャラは誰ですか？,0,0
2036,2026/2/2 3:30,バイク,1052169760,14時間32分,1,48,48.0,0,0,0.055,2.08,0.03,0.11,あと3日,https://detail.chiebukuro.yahoo.co.jp/qa/question_detail/q10324920890,バイクと仮面ライダーについて質問です。 最近CBR250RRの23年式、白青を納車しました。 で、やりたい事は「仮面ライダーWのハードボイルダー」風にしたくて、聞きたい事があります。 まず、ハードボイ...,0,0
2037,2026/2/2 3:30,特撮,ぬ,14時間32分,4,29,7.2,1,0,0.033,13.79,0.0,0.38,あと3日,https://detail.chiebukuro.yahoo.co.jp/qa/question_detail/q14324920889,仮面ライダー，スーパー戦隊について質問です 感動したな、この作品は本当に良かった…！と感じられる作品をそれぞれ教えて欲しいです！ ネタバレはなしでお願いします。,0,0
2038,2026/2/2 3:29,アニメ,1150989441,14時間33分,1,22,22.0,0,0,0.025,4.55,0.01,0.08,不明,https://detail.chiebukuro.yahoo.co.jp/qa/question_detail/q13324920888,このアニメキャラは誰ですか？,0,0
2039,2026/2/2 3:28,大学受験,a1f114bab,14時間34分,2,633,316.5,0,0,0.724,0.32,2.26,0.84,あと3日,https://detail.chiebukuro.yahoo.co.jp/qa/question_detail/q10324920885,昨日受けた獨協大学の全学統一についての質問です。解答速報は大学側が出すのでしょうか？また、経営学科は英語7割、国語6割で受かりそうですか？受けた方など手応え教えていただけると幸いです。,0,0
2040,2026/2/2 3:28,恋愛相談、人間関係の悩み,1251906461,14時間34分,0,2,2.0,0,0,0.002,0.0,0.0,0.0,あと3日,https://detail.chiebukuro.yahoo.co.jp/qa/question_detail/q14324920884,現代において境界知能の人生を救うきっかけはなんだと思いますか？,0,0
2041,2026/2/2 3:28,総合格闘技、K-1,あ,14時間34分,0,1,1.0,0,0,0.001,0.0,0.0,0.0,あと3日,https://detail.chiebukuro.yahoo.co.jp/qa/question_detail/q13324920883,RIZINについて RIZINのオープニングセレモニーについて ・超RIZIN4.真夏の喧嘩祭りのオープニングセレモニーがRIZIN公式YouTubeで流されてないのはなぜですか。 ・RIZIN師走の...,0,0
2042,2026/2/2 3:28,アニメ,1150989441,14時間34分,1,21,21.0,0,0,0.024,4.76,0.01,0.08,不明,https://detail.chiebukuro.yahoo.co.jp/qa/question_detail/q12324920882,このアニメキャラは誰ですか？,0,0
2043,2026/2/2 3:28,生き方、人生相談,b1db163f0,14時間34分,4,75,18.8,0,0,0.086,5.33,0.02,0.31,あと3日,https://detail.chiebukuro.yahoo.co.jp/qa/question_detail/q11324920881,私は若くてお金も仕事の実績もなかった頃、女性からあまりモテない時期を過ごしましたが、今はそれなりにお金も仕事の実力もあるように思っています。だから女性にもそれなりに苦労しないと言った感じです。 しかし...,0,0
2044,2026/2/2 3:28,Windows 全般,つまんない,14時間34分,3,21,7.0,0,0,0.024,14.29,0.0,0.2,あと3日,https://detail.chiebukuro.yahoo.co.jp/qa/question_detail/q10324920880,ＮＵＭＬＯＣＫはどこにあるんですか？,0,0
2045,2026/2/2 3:28,生き方、人生相談,ID 非公開,14時間35分,1,19,19.0,0,0,0.022,5.26,0.0,0.08,あと3日,https://detail.chiebukuro.yahoo.co.jp/qa/question_detail/q14324920879,なんなんですかね？ 普段はクラスとかで話しかけてこないのにこっそりメアド聞いてきてメールで「気になってたから話したい」と伝えてくる男子とか、普段話しかけてこないのにSNSだけ無言フォローしてくる男子と...,0,0
2046,2026/2/2 3:27,パソコン,非公開,14時間36分,1,12,12.0,0,0,0.014,8.33,0.0,0.07,あと3日,https://detail.chiebukuro.yahoo.co.jp/qa/question_detail/q13324920878,ラピットトリガー機能のついたおすすめキーボードを教えてください。 今度初めてゲーミングPCを買います。 初めてですし、他のものも買うし、そんなにガチ勢じゃないのでまずは安くていいです。 1万円以下でお...,0,0
2047,2026/2/2 3:27,アニメ,1150989441,14時間36分,0,9,9.0,0,0,0.01,0.0,0.0,0.01,あと3日,https://detail.chiebukuro.yahoo.co.jp/qa/question_detail/q11324920876,このアニメキャラは誰ですか？,0,0
2048,2026/2/2 3:27,恋愛相談、人間関係の悩み,ID 非公開,14時間36分,4,48,12.0,1,2,0.055,8.33,0.01,0.47,あと3日,https://detail.chiebukuro.yahoo.co.jp/qa/question_detail/q10324920875,なんなんですかね？ 普段はクラスとかで話しかけてこないのにこっそりメアド聞いてきてメールで「気になってたから話したい」と伝えてくる男子とか、普段話しかけてこないのにSNSだけ無言フォローしてくる男子と...,0,0
2049,2026/2/2 3:27,高校受験,1152291258,14時間36分,1,6,6.0,0,0,0.007,16.67,0.0,0.06,あと3日,https://detail.chiebukuro.yahoo.co.jp/qa/question_detail/q14324920874,姫路別所高校を受験予定です。 内心が142.5点で加算点30点 当日のテストの点数が200点だったとして合計が272.5って合格ライン超えると思いますか？ 合併とかも重なって難しいかもですがお願いしま...,0,0
2050,2026/2/2 3:27,恋愛相談、人間関係の悩み,、,14時間36分,0,22,22.0,0,0,0.025,0.0,0.0,0.03,あと3日,https://detail.chiebukuro.yahoo.co.jp/qa/question_detail/q13324920873,enfp男子の落とし方教えてください ちゃっかりうさぎですごく奥手らしいです。 合えば普通に楽しく話すんですけどプライベートであったことないしLINEでも話したことないまま時間が過ぎてます。年下なので...,0,0
2051,2026/2/2 3:27,運転免許,ねこまままま,14時間36分,4,65,16.2,0,0,0.074,6.15,0.01,0.3,不明,https://detail.chiebukuro.yahoo.co.jp/qa/question_detail/q11324920871,教習所の受け方。順番教えてください。 オンライン授業と運転(技能)が終わり次は効果測定(筆記テスト)受けて45点以上取れば予約の紙をもらってね。と言われました。 効果測定が受かったら運転のテストですか...,0,0
2052,2026/2/2 3:27,パソコン,aoino,14時間36分,4,57,14.2,0,0,0.065,7.02,0.01,0.29,あと3日,https://detail.chiebukuro.yahoo.co.jp/qa/question_detail/q10324920870,PCが得意な人に質問です。 私はPCが得意でない電気科高専生です。 ３年位前に下記URLのパソコンを購入して使っていたのですが、ハズレを引いて修理祭りでした。今すぐにでも分解して自分で直したいですが、...,0,0
2053,2026/2/2 3:27,料理、食材,lxu********,14時間36分,4,35,8.8,0,0,0.04,11.43,0.0,0.27,あと3日,https://detail.chiebukuro.yahoo.co.jp/qa/question_detail/q13324920868,カップヌードルのシーフードって味変わりましたよね？ 美味しいんですけど味が薄くなった気がします... これを何回も繰り返してます(笑) 前はひとくち飲んだだけでじわぁ..となってうまぁ..てなるんです...,0,0
2054,2026/2/2 3:27,ヘアケア,sdf********,14時間36分,1,6,6.0,0,0,0.007,16.67,0.0,0.06,あと3日,https://detail.chiebukuro.yahoo.co.jp/qa/question_detail/q14324920869,毎日ヘアセットしてます、予洗いしてトリートメントした際指通りがいいのはスタイリング剤が落ちていますか？ シャンプーして洗い流した後はギシギシ感強めです。,0,0
2055,2026/2/2 3:27,テレビゲーム全般,1251490655,14時間36分,0,4,4.0,0,0,0.005,0.0,0.0,0.0,あと3日,https://detail.chiebukuro.yahoo.co.jp/qa/question_detail/q12324920867,イネファ1凸餅、コロンビーナ2凸餅の場合どちらに暁どちらに夜の歌つけますか？,0,0
2056,2026/2/2 3:27,家族関係の悩み,mik********,14時間36分,18,311,17.3,0,4,0.355,5.79,0.06,1.52,あと3日,https://detail.chiebukuro.yahoo.co.jp/qa/question_detail/q11324920866,妻は専業主婦です。 私は年収1000万円程です。 最近妻の実家の近くに家を購入しました。 仕事に行くのは14時ごろです。 深夜に帰宅します。 休みは週一回です。 子供は一歳です。 時間的に育児に参加が...,0,0
2057,2026/2/2 3:26,Yahoo!オークション,1252609694,14時間37分,1,23,23.0,0,0,0.026,4.35,0.01,0.08,あと3日,https://detail.chiebukuro.yahoo.co.jp/qa/question_detail/q13324920863,Yahoo!フリマアプリ上で商品を購入し受け取り完了しました。 Yahoo!フリマでは出品者側は評価できないと記載されていますが、出品者からの評価がYahoo!オークションの評価一覧に反映されています...,0,0
2058,2026/2/2 3:26,株式,hst********,14時間37分,1,38,38.0,0,1,0.043,2.63,0.02,0.13,あと3日,https://detail.chiebukuro.yahoo.co.jp/qa/question_detail/q10324920860,株をやっているのですが今年から通算損益するかなと特定口座年間取引報告書を確認したところマイナスのはずがプラスと書いてありました。 調べてみたところ年末に損を確定させるためにした同日売買が原因でそれが反...,0,0
2059,2026/2/2 3:26,トレーディングカード,ba9b44ecb,14時間37分,0,3,3.0,0,0,0.003,0.0,0.0,0.0,あと3日,https://detail.chiebukuro.yahoo.co.jp/qa/question_detail/q11324920861,ハースストーンデッキについて質問です。 今使っているローグのデッキコードですが、どうでしょうか。修正するところあれば教えてほしいです！ AAECAbrGBwrHpAaX1wa16gbh6waQgwfy...,0,0
2060,2026/2/2 3:26,男性アイドル,匿名希望,14時間38分,3,59,19.7,0,0,0.067,5.08,0.01,0.24,あと3日,https://detail.chiebukuro.yahoo.co.jp/qa/question_detail/q14324920859,EBiDANごと好きになりました M!LKから入ったのですが、ダンエビやエビライ、各グループのyoutubeチャンネル等を観たらどこのグループもカッコよくて面白かったです。 特にワンエンとスパドラにど...,0,0
2061,2026/2/2 3:26,ニュース、事件,tan********,14時間38分,5,46,9.2,0,0,0.052,10.87,0.0,0.34,あと3日,https://detail.chiebukuro.yahoo.co.jp/qa/question_detail/q12324920857,「首相、日曜朝のNHK出演をドタキャン」 Yahoo!トップ面のニュースに「自維300議席超をうかがうか」という朝日の調査結果で出る中、同時に複数のこういった見出しが同時に出ました。 朝日以外でも与党...,0,0
2062,2026/2/2 3:25,ショッピング,1053210778,14時間39分,0,6,6.0,0,0,0.007,0.0,0.0,0.01,あと3日,https://detail.chiebukuro.yahoo.co.jp/qa/question_detail/q14324920854,2月1日にSHEINで買ったものをその日にキャンセルしたら1月の確定分から引かれてしまって2月の分がキャンセル表示されていなくて未確定のものは自動的になくなりますか？ 青い線が引いてあるのがキャンセル...,0,0
2063,2026/2/2 3:25,学校の悩み,a4f58b119,14時間39分,1,29,29.0,0,0,0.033,3.45,0.01,0.09,あと3日,https://detail.chiebukuro.yahoo.co.jp/qa/question_detail/q13324920853,至急 この男性が着ている私服を着た状態でそのまま運動会の騎馬戦をやるとしたら私服は、どんな影響が出始めると思いますか,0,0
2064,2026/2/2 3:25,観光地、行楽地,cpe********,14時間39分,4,24,6.0,0,4,0.027,16.67,0.0,0.39,あと3日,https://detail.chiebukuro.yahoo.co.jp/qa/question_detail/q11324920851,大阪で食べ歩き中に紅生姜天ぷらが食べれる場所ってありますか？ 食べてみたい^︎︎^︎,0,0
2065,2026/2/2 3:25,スマホアプリ,a8089ad0b,14時間39分,0,9,9.0,0,0,0.01,0.0,0.0,0.01,あと3日,https://detail.chiebukuro.yahoo.co.jp/qa/question_detail/q10324920850,通知音だけでどのアプリからの通知がきてるとか分かりますか？ 「ポ⤴︎～～～ン⤵︎｣ ︎って言う通知音なんですけどどんなアプリか分かりますか？ それともLINEとかの設定で通知音変えてるんですか？ 機種...,0,0
2066,2026/2/2 3:25,お笑い芸人,88659,14時間39分,1,19,19.0,0,0,0.022,5.26,0.0,0.08,あと3日,https://detail.chiebukuro.yahoo.co.jp/qa/question_detail/q13324920848,質問です！ 今年のM-1の決勝に出た方で現在結婚orお付き合いされている方はいらっしゃいますか？ たくろうの赤木さんは結婚発表したのは知っています！ あと、たまにYouTube等のコメント欄でドンデコ...,0,0
2067,2026/2/2 3:25,恋愛相談,非公開,14時間39分,1,33,33.0,0,0,0.038,3.03,0.01,0.09,あと3日,https://detail.chiebukuro.yahoo.co.jp/qa/question_detail/q12324920847,付き合った当初は彼氏が優しかったのですが、最近は冷たく感じることが増えました。 例えば、私が相談したことに対して軽く流されたり、結婚の話をしても他人事な感じです。 このままでは不安で、どうしたら気持ち...,0,0
2069,2026/2/2 3:25,文房具,a1bc8ab2e,14時間39分,9,92,10.2,1,1,0.105,9.78,0.01,0.76,あと3日,https://detail.chiebukuro.yahoo.co.jp/qa/question_detail/q14324920844,筆箱にシャーペン何本入ってますか？,0,0
2070,2026/2/2 3:24,アニメ,1150989441,14時間40分,1,23,23.0,0,0,0.026,4.35,0.01,0.08,不明,https://detail.chiebukuro.yahoo.co.jp/qa/question_detail/q12324920842,このアニメキャラは誰ですか？,0,0
2071,2026/2/2 3:24,園芸、ガーデニング,a4f58b119,14時間40分,0,13,13.0,0,0,0.015,0.0,0.0,0.01,あと3日,https://detail.chiebukuro.yahoo.co.jp/qa/question_detail/q11324920841,めちゃくちゃ大々至急 必ず回答をお願いします。もしもこのようなフローリングの部屋が苗を植えた後のミニ田んぼだったらどのようなイメージとなりますか。合成して欲しいです,0,0
2072,2026/2/2 3:24,新築一戸建て,mak********,14時間40分,3,118,39.3,0,1,0.134,2.54,0.05,0.34,あと3日,https://detail.chiebukuro.yahoo.co.jp/qa/question_detail/q14324920839,新築の給湯器について質問です。 大阪のとある狭小地に注文住宅で、マイホーム建築計画中です。 現在間取りを計画しているところですが、 土地が狭小であるため、民法上の隣地離隔をギリギリに攻めており、南接道...,0,0
2073,2026/2/2 3:24,就職活動,1153051122,14時間40分,1,18,18.0,0,0,0.02,5.56,0.0,0.08,あと3日,https://detail.chiebukuro.yahoo.co.jp/qa/question_detail/q13324920838,就職活動についての質問です。 私は1年遅れで通信制の高校を卒業してから2年ほどフリーターをしています。 実家で暮らしていて両親や姉妹にも迷惑をかけているので正規で雇っていただける会社に就職し、自立した...,0,0
2074,2026/2/2 3:24,ライブ、コンサート,1150990678,14時間41分,0,40,40.0,0,0,0.045,0.0,0.0,0.05,あと3日,https://detail.chiebukuro.yahoo.co.jp/qa/question_detail/q12324920837,フルーツジッパーの東京ドーム公演に行きました。 スタンド2階だったのですが、8列目に居た方が、 男性９人前後くらいの人数で来て、ライブ中ずっと携帯触っていたし、興味なさそうでした。関係者でしょうか？？...,0,0
2075,2026/2/2 3:23,デンタルケア,な,14時間42分,4,22,5.5,0,0,0.025,18.18,0.0,0.25,あと3日,https://detail.chiebukuro.yahoo.co.jp/qa/question_detail/q10324920835,夜間の歯の痛みについて 彼氏が急に、歯が痛い寝れないと言って唸り始めました。 寝る直前に歯磨きする前まで全く言ってなかったのに… おやすみなさいをしてから30分くらい経ったら急に苦しそうにしだして、｢...,0,0
2076,2026/2/2 3:23,古着、リメイク,あ,14時間42分,2,15,7.5,0,4,0.017,13.33,0.0,0.27,あと3日,https://detail.chiebukuro.yahoo.co.jp/qa/question_detail/q14324920834,ハートピアスローライフの先人の皆様に質問です。この森のキャンプ場横の服のバブルはどうやって取るのですか？ 写真のレースとパイプの所に登ろうとしたのですが、すぐに落ちてしまい、バブル下のパイプにたどり着...,0,0
2077,2026/2/2 3:23,学校の悩み,1052955841,14時間42分,6,65,10.8,0,0,0.074,9.23,0.01,0.41,あと3日,https://detail.chiebukuro.yahoo.co.jp/qa/question_detail/q13324920833,皆さん、こんばんは。至急お願いします。 現在高校3年生です。10時にベッドに入ったんですが、それから一睡もできていません。コーヒーなどのカフェインが入っているものは一切飲んでいなくて、起きるのが遅かっ...,0,0
2078,2026/2/2 3:23,大学,いがいがのこう,14時間42分,2,45,22.5,0,1,0.051,4.44,0.01,0.2,不明,https://detail.chiebukuro.yahoo.co.jp/qa/question_detail/q12324920832,友人からの相談で自分では上手く答えられない事が多いのでここで皆様の意見を聞かせて下さい （私は現在大学4年で、友人は一年遅れで入った大学3年といった状況になります） 私たちの大学では、大学3年から4年...,0,0
2079,2026/2/2 3:23,デンタルケア,nn,14時間42分,2,20,10.0,0,0,0.023,10.0,0.0,0.14,あと3日,https://detail.chiebukuro.yahoo.co.jp/qa/question_detail/q11324920831,1月19日に親知らずを抜いて、1週間後抜糸も終わりました。 傷跡も何もないのですが、5ミリほどの穴が空いたままになっていて、食べ物を食べたあとは何かしら詰まってしまい爪楊枝で歯磨きの時にいつもほじくり...,0,0
2080,2026/2/2 3:23,就職、転職,my_********,14時間42分,2,12,6.0,0,0,0.014,16.67,0.0,0.13,あと3日,https://detail.chiebukuro.yahoo.co.jp/qa/question_detail/q10324920830,公務員から定年退職後に民間に再就職して、一番苦労したことは何ですか？,0,0
2081,2026/2/2 3:23,トレーディングカード,ゆき,14時間42分,1,11,11.0,0,0,0.012,9.09,0.0,0.07,あと3日,https://detail.chiebukuro.yahoo.co.jp/qa/question_detail/q14324920829,至急です！ アイカツの公式バインダーに入れるリフィルを探しています。バンダイ公式のリフィルが2種類ありどちらが良いかどなたか教えてください(>_<),0,0
2082,2026/2/2 3:22,法律相談,c170e9b1a,14時間43分,3,67,22.3,0,0,0.076,4.48,0.02,0.25,あと3日,https://detail.chiebukuro.yahoo.co.jp/qa/question_detail/q13324920828,セフレに関係を終わらせたいと伝えたら、不幸せになって父親みたいに首吊り自殺して死ねと言われて、ホテル代や玩具代を返せと言われました。 これって、刑法に触れますか？ 証拠保全とか何かあったときの為のアド...,0,0
2083,2026/2/2 3:22,X（旧Twitter）,aa6c0985,14時間43分,0,8,8.0,0,0,0.009,0.0,0.0,0.01,あと3日,https://detail.chiebukuro.yahoo.co.jp/qa/question_detail/q11324920826,TwitterでいいねこなかったらブロックしますっていうFF整理するツイートしたんですけど今日整理するためにブロックしたらとある同担からブロック返されて結構傷つきました 相手から縁切りたかったんだよね...,0,0
2084,2026/2/2 3:22,生き方、人生相談,kasa,14時間43分,6,67,11.2,0,9,0.076,8.96,0.01,0.72,あと3日,https://detail.chiebukuro.yahoo.co.jp/qa/question_detail/q10324920825,ずっと連絡を無視してた不仲な親から 「自分はもう長くないから保険金の受け取りの話をしたかったけど、他の人に受け取ってもらう」というような内容のメッセージが届いた場合、みなさんなら返信しますか？ 正直、...,0,0
2085,2026/2/2 3:22,アニメ,1150989441,14時間43分,1,15,15.0,0,0,0.017,6.67,0.0,0.07,不明,https://detail.chiebukuro.yahoo.co.jp/qa/question_detail/q14324920824,このアニメキャラは誰ですか？,0,0
2086,2026/2/2 3:22,この仕事教えて,aqa********,14時間43分,2,36,18.0,0,6,0.041,5.56,0.01,0.36,あと3日,https://detail.chiebukuro.yahoo.co.jp/qa/question_detail/q13324920823,行政の除排雪ですが、こちら雪国、融雪溝のない地域で時々除排雪に行政下請の地区管轄の建設会社が来ます。 除雪車くればコーナー路肩に一旦雪山に集積し、後日排雪に来るやり方が大概で、時にロータリーとセットで...,0,0
2088,2026/2/2 3:22,法律相談,ttd********,14時間44分,1,14,14.0,0,0,0.016,7.14,0.0,0.07,あと3日,https://detail.chiebukuro.yahoo.co.jp/qa/question_detail/q11324920821,少額訴訟について 話し合いの際に当事者と代理人である弁護士と、未成年者の場合は親権者と、証言人が入れることは知っています。 成人している人間が親を連れてきて話し合いの場に親が入ることはできるのでしょう...,0,0
2089,2026/2/2 3:21,クレジットカード,vtq********,14時間45分,5,108,21.6,0,12,0.122,4.63,0.03,0.81,あと3日,https://detail.chiebukuro.yahoo.co.jp/qa/question_detail/q10324920820,2年以上前に作ったアイフルのクレジットカードが勝手にリボ払いになるカードで未成年で無知で収入も無かった為初めは15万円の上限にし使っていましたが何故か勝手に増額され45万の枠になり、 そこからリボ払い...,0,0
2090,2026/2/2 3:21,テーマパーク,fre********,14時間45分,3,39,13.0,0,0,0.044,7.69,0.01,0.21,あと3日,https://detail.chiebukuro.yahoo.co.jp/qa/question_detail/q14324920819,2月7日土曜日に、数十年ぶりのユニバへ家族と行きます。 マリオ好きな子供の為に行くのですが、開園後1時間程度遅れての入場ですとマリオエリアに入る事も難しいのでしょうか？ 昔と違いとにかく混雑のイメージ...,0,0
2091,2026/2/2 3:21,家族関係の悩み,1149912772,14時間45分,7,151,21.6,0,6,0.171,4.64,0.04,0.77,あと3日,https://detail.chiebukuro.yahoo.co.jp/qa/question_detail/q13324920818,妊娠中で4月頃の出産予定です 旦那と子供の名前決める話をしてて まな、めいちゃん とかどう？ってきいたら 旦那が 女の子だからもしかしたらブサイクになるかもしれないから可愛い名前じゃなくて 名前負けし...,0,0
2092,2026/2/2 3:21,邦楽,1252552748,14時間45分,0,13,13.0,0,0,0.015,0.0,0.0,0.01,あと3日,https://detail.chiebukuro.yahoo.co.jp/qa/question_detail/q12324920817,2025年ヒット曲TOP10 1位 ライラック 2位 ROSE 3位 IRIS OUT 4位 クスシキ 5位 かわいいだけじゃだめですか？ 6位 カリスマックス 7位 Blue jeans 8位 JA...,0,0
2093,2026/2/2 3:21,アウトドア,非公開,14時間45分,12,204,17.0,0,4,0.23,5.88,0.04,1.04,あと3日,https://detail.chiebukuro.yahoo.co.jp/qa/question_detail/q10324920815,護身用ナイフが欲しいです。18歳女です。 どのナイフを買えばいいですか？ 持ち運びできて、安いものでお願いします クマがいたり、誘拐されるのが怖いですし、反抗できるものを持ってないといけないと思いまし...,0,0
2094,2026/2/2 3:21,恋愛相談,非公開,14時間45分,5,62,12.4,0,3,0.07,8.06,0.01,0.45,あと3日,https://detail.chiebukuro.yahoo.co.jp/qa/question_detail/q14324920814,私は結婚したい気持ちがありますが、なぜかうまくいかず、理不尽だと感じています。 結婚できない理由もはっきりわからず、もし早くから知っていれば準備できたのに…と思うこともあります。 こんなとき、どうやっ...,0,0
2095,2026/2/2 3:20,友人関係の悩み,a223102f0,14時間46分,1,25,25.0,0,0,0.028,4.0,0.01,0.08,あと3日,https://detail.chiebukuro.yahoo.co.jp/qa/question_detail/q13324920813,私主体で書いているので自意識過剰な面や、私に有利な書き方になっている場所があるかもしれませんが、どうかご容赦ください ずっと仲良かった友達(A)がいたんです。 ほかの友達と仲良くするようになって、私が...,0,0
2096,2026/2/2 3:20,政治、社会問題,jkf********,14時間46分,1,19,19.0,0,0,0.021,5.26,0.0,0.08,あと3日,https://detail.chiebukuro.yahoo.co.jp/qa/question_detail/q12324920812,確実な完治が見込め副作用のない治療ができる事実があるならば、確実な完治が見込めず副作用がある現代医学は、理論的に間違った体系であることを意味していることになりませんか。,0,0
2097,2026/2/2 3:20,アニメ,1150989441,14時間46分,1,16,16.0,0,0,0.018,6.25,0.0,0.07,不明,https://detail.chiebukuro.yahoo.co.jp/qa/question_detail/q11324920811,このアニメキャラは誰ですか？,0,0
2098,2026/2/2 3:20,園芸、ガーデニング,a4f58b119,14時間46分,1,7,7.0,0,0,0.008,14.29,0.0,0.06,あと3日,https://detail.chiebukuro.yahoo.co.jp/qa/question_detail/q10324920810,スニーカーを履いた状態でそのまま田んぼで稲刈りをやるとしたらどのようなイメージとなりますか,0,0
2099,2026/2/2 3:20,菓子、スイーツ,1252597514,14時間46分,0,13,13.0,0,0,0.015,0.0,0.0,0.01,あと3日,https://detail.chiebukuro.yahoo.co.jp/qa/question_detail/q14324920809,バレンタイン何作るか悩んでいます！ SNSでガナッシュサンドクッキーを見ておしゃれでいいじゃんと思いこの前作ったのですが、個人的に美味しくはありましたがもう一個食べたいと思えなくて、バレンタインに同じ...,0,0
2100,2026/2/2 3:20,大学,kiuf40,14時間46分,4,83,20.8,0,6,0.094,4.82,0.02,0.52,あと3日,https://detail.chiebukuro.yahoo.co.jp/qa/question_detail/q12324920807,なぜ茨城には筑波大と茨城大の2個の国立大学があるのですか？,0,0
2101,2026/2/2 3:20,職場の悩み,1152629037,14時間46分,5,84,16.8,3,4,0.095,5.95,0.02,0.85,あと3日,https://detail.chiebukuro.yahoo.co.jp/qa/question_detail/q11324920806,軽く鬱っぽい人、あるいは軽度自閉症傾向にある人にとって オフィスワーカーと肉体労働者 どちらの方が向いてますか？ 最近、運動が楽しいと気づき始め、 身体を動かす仕事の方がずっと座りっぱなしの仕事より健...,0,0
2102,2026/2/2 3:20,家計、節約,adacd0023,14時間46分,8,165,20.6,0,6,0.186,4.85,0.04,0.84,不明,https://detail.chiebukuro.yahoo.co.jp/qa/question_detail/q10324920805,彼氏との同棲について質問です。 私は現在高校２年生で同い年の彼氏がいます。 彼と高校を卒業したら同棲をしたいと考えています。しかし、他の同じ意見の方の知恵袋を拝見させていただきそこに書かれていた返信を...,0,0
2103,2026/2/2 3:19,恋愛相談,非公開,14時間48分,1,20,20.0,0,1,0.023,5.0,0.0,0.11,あと3日,https://detail.chiebukuro.yahoo.co.jp/qa/question_detail/q13324920803,女性は異性として好意のない男性と二人きりで観覧車には乗れますか？ また、友人なら乗れますか？,0,0
2104,2026/2/2 3:19,避妊,1051755295,14時間48分,3,25,8.3,0,0,0.028,12.0,0.0,0.2,あと3日,https://detail.chiebukuro.yahoo.co.jp/qa/question_detail/q12324920802,ピルについての質問です 初めてのピルで休薬期間中なのですが、休薬期間が開けたら薬をまた読み始めますよね？その場合の避妊効果ってあるんでしょうか？ また7日間くらい連続服用しなければ避妊効果は復活しませ...,0,0
2105,2026/2/2 3:19,アニメ,1150989441,14時間48分,1,14,14.0,0,0,0.016,7.14,0.0,0.07,不明,https://detail.chiebukuro.yahoo.co.jp/qa/question_detail/q11324920801,このアニメキャラは誰ですか？,0,0
2106,2026/2/2 3:19,バンド,Think***********,14時間48分,0,5,5.0,0,0,0.006,0.0,0.0,0.01,あと3日,https://detail.chiebukuro.yahoo.co.jp/qa/question_detail/q10324920800,来年度から東洋大学白山キャンパスに通うものです。 バンドができるサークルに入りたいと思っていますが、オリジナルの曲をやっていわゆるインディーズバンドといったような活動をしたいです。たくさん軽音サークル...,0,0
2107,2026/2/2 3:19,将来の夢,レモンスカッシュ,14時間48分,12,112,9.3,0,1,0.126,10.71,0.01,0.83,あと3日,https://detail.chiebukuro.yahoo.co.jp/qa/question_detail/q13324920798,運命は「決まっている」と思った方が楽ですか？ 「努力で人生は変えられる」という言葉は希望にも聞こえますが、時にプレッシャーにもなります。 逆に「すべては決まっている」と考えれば、失敗も不幸も自分のせい...,0,0
2108,2026/2/2 3:18,ヒト,1252552748,14時間49分,4,48,12.0,1,2,0.054,8.33,0.01,0.46,あと3日,https://detail.chiebukuro.yahoo.co.jp/qa/question_detail/q12324920797,人ってそんな簡単に首絞められただけで死ぬんですか？いまいち理解できません。ドラマとかで死にますが鼻で息できるじゃないですか。,0,0
2109,2026/2/2 3:18,恋愛相談,非公開,14時間49分,2,26,13.0,0,0,0.029,7.69,0.0,0.14,あと3日,https://detail.chiebukuro.yahoo.co.jp/qa/question_detail/q10324920795,現在、親と同居中で毎日息が詰まっています。 私には借金があり、貯金はほとんどありません。 できれば彼氏と一緒に家を借りて暮らしたいです。 こんな状態でも安全に家を借りたり、一人暮らしを始める方法はある...,0,0
2110,2026/2/2 3:18,大学受験,名無し,14時間49分,3,35,11.7,0,0,0.039,8.57,0.0,0.21,あと3日,https://detail.chiebukuro.yahoo.co.jp/qa/question_detail/q14324920794,大至急回答お願いします！！ 産業能率大学の奨学金についてです。 出願時に奨学生採用候補者通知のコピーを同封せずに郵送してしまいました。まだ出願期間は終わっていませんが、どうにかなるのでしょうか？,0,0
2111,2026/2/2 3:18,携帯型ゲーム全般,たろう,14時間49分,0,9,9.0,0,0,0.01,0.0,0.0,0.01,あと3日,https://detail.chiebukuro.yahoo.co.jp/qa/question_detail/q12324920792,原神のかいとうさいのコンテンツ全開放される日はいつですか？,0,0
2112,2026/2/2 3:18,職場の悩み,endegaa***,14時間49分,2,71,35.5,0,1,0.08,2.82,0.03,0.23,あと3日,https://detail.chiebukuro.yahoo.co.jp/qa/question_detail/q11324920791,職場の監視カメラで監視されているのが精神的にキツいです… 私は副業でワンオペのホテルで働いています。清掃のスタッフや社員さんは別でいますが、ホテルのシフト的には1人のみで基本的に全部回します。会社の持...,0,0
2113,2026/2/2 3:18,ライブ、コンサート,あー,14時間49分,1,25,25.0,0,0,0.028,4.0,0.01,0.08,あと3日,https://detail.chiebukuro.yahoo.co.jp/qa/question_detail/q10324920790,ローチケなんですけど、両日応募したはずなのに日曜日だけ多分応募されてませんでした。 メールも土曜日分しかありません。これって応募できてませんか？,0,0
2114,2026/2/2 3:18,恋愛相談,非公開,14時間49分,1,27,27.0,0,1,0.03,3.7,0.01,0.12,あと3日,https://detail.chiebukuro.yahoo.co.jp/qa/question_detail/q14324920789,私は彼氏と将来の結婚を考えていますが、結婚の話をするとあまり乗り気ではありません。 私は彼と一緒にいたい気持ちが強く、不安になってしまいます。 こんなとき、どうやって気持ちを整理したり、二人の関係を良...,0,0
2115,2026/2/2 3:17,職場の悩み,1053007042,14時間50分,2,23,11.5,0,0,0.026,8.7,0.0,0.14,あと3日,https://detail.chiebukuro.yahoo.co.jp/qa/question_detail/q13324920788,バイトでのやらかしについて 大学生です。 先日バイトでお客様のクーポンを1万円だったのに10万円と一桁間違えて入力する大きなミスをしてしまいました。 その日に気づきお客さんにももう一度ご来店いただいて...,0,0
2116,2026/2/2 3:17,海外サッカー,jin********,14時間50分,1,19,19.0,1,0,0.021,5.26,0.0,0.19,あと3日,https://detail.chiebukuro.yahoo.co.jp/qa/question_detail/q12324920787,ベッカム夫婦が息子の嫁をそこまで嫌う原因って何でしょう？ ベッカム＆ビクトリア夫妻が長男夫婦と断絶状態にあって、結婚前に別れさそうとしたとかドレスの事でもいろいろトラブルが噂されていますが、息子の嫁が...,0,0
2117,2026/2/2 3:17,デンタルケア,mlj********,14時間51分,1,29,29.0,0,0,0.033,3.45,0.01,0.09,不明,https://detail.chiebukuro.yahoo.co.jp/qa/question_detail/q10324920785,歯医者さんのホワイトニングって、歯医者によって効果とか実感？変わってきますか？それともどこでやっても大して変わらないのでしょうか。,0,0
2118,2026/2/2 3:17,政治、社会問題,lD非公開,14時間51分,4,40,10.0,0,9,0.045,10.0,0.0,0.57,あと3日,https://detail.chiebukuro.yahoo.co.jp/qa/question_detail/q14324920784,ヤマトが運転手に移民を活用するのは、補助金がもらえるからですか？,0,0
2119,2026/2/2 3:17,ネットワークセキュリティ,1252552748,14時間51分,1,62,62.0,0,1,0.07,1.61,0.04,0.16,あと3日,https://detail.chiebukuro.yahoo.co.jp/qa/question_detail/q13324920783,高校生です。チャットGPTやGeminiにこんな事を送ってしまいました。実在の同級生の名前を20人くらい勝手に使って探偵物（殺人事件を解決する感じの）を使ってしまいました。 名前の他、物語のために髪型...,0,0
2120,2026/2/2 3:17,政治、社会問題,mko********,14時間51分,4,68,17.0,0,0,0.076,5.88,0.01,0.3,あと3日,https://detail.chiebukuro.yahoo.co.jp/qa/question_detail/q12324920782,東京の大金の盗みですが、金の売買と言っていますが。 これは、金の密輸? 香港で金を購入して、東京で売却したら、消費税10%が浮く? 税関に申告は要るよね。 詳しい人教えて~~ https://news...,0,0
2121,2026/2/2 3:17,結婚,xzs********,14時間51分,3,66,22.0,0,0,0.074,4.55,0.02,0.24,あと3日,https://detail.chiebukuro.yahoo.co.jp/qa/question_detail/q10324920780,結婚式についての質問です。 前の職場で仲良かったA.B.C.Dちゃんがいます。 Aちゃんが1年前に結婚して、この前久々会いました。その時結婚式するの？と聞いたら今年の3月にあげるらしく、BCDちゃんは...,0,0
2122,2026/2/2 3:17,アニメ、コミック,土掘った名無し,14時間51分,2,20,10.0,0,0,0.022,10.0,0.0,0.13,あと3日,https://detail.chiebukuro.yahoo.co.jp/qa/question_detail/q14324920779,ヒロアカのストーリーに自分のオリキャラを入れた小説を書こうと思ってるのですがこれって夢小説でいいんでしょうか。 色んな定義がありそうでよくわからなくて……,0,0
2123,2026/2/2 3:17,メール,eao********,14時間51分,1,21,21.0,1,0,0.024,4.76,0.01,0.19,あと3日,https://detail.chiebukuro.yahoo.co.jp/qa/question_detail/q13324920778,先ほどメールが大量に届いていて、左下の写真のマークをクリックしたらそのメールが出てきました。普通の全受信のところに表示されなかったのですがなぜですか？容量がいっぱいだとこうなりますか？ それとも新しく...,0,0
2124,2026/2/2 3:17,ご近所の悩み,eri********,14時間51分,5,119,23.8,0,2,0.133,4.2,0.03,0.48,あと3日,https://detail.chiebukuro.yahoo.co.jp/qa/question_detail/q12324920777,隣人のボールの扱い方についてです。 隣の家の子が、野球の練習？遊び？を親としています。それは全然構わないのですが… 我が家の庭にボールが入っても、何日も取りに来ず、ほったらかしにしたり、取りに来ても勝...,0,0
2125,2026/2/2 3:17,ヘアケア,ひ,14時間51分,1,45,45.0,0,0,0.05,2.22,0.02,0.11,あと3日,https://detail.chiebukuro.yahoo.co.jp/qa/question_detail/q11324920776,52歳のおっさんでこの襟足のボリュームはすごいですか？,0,0
2126,2026/2/2 3:16,言葉、語学,非公開,14時間52分,4,49,12.2,1,6,0.055,8.16,0.01,0.59,不明,https://detail.chiebukuro.yahoo.co.jp/qa/question_detail/q13324920773,有名人の経歴を紹介する時に、よく「単身渡米」とか「単身渡欧」とか言いますね。なぜわざわざ「単身」と言うのでしょうか？,0,0
2127,2026/2/2 3:16,バスケットボール,考える人,14時間52分,0,22,22.0,0,0,0.025,0.0,0.0,0.02,あと3日,https://detail.chiebukuro.yahoo.co.jp/qa/question_detail/q12324920772,もしもゴールがめちゃくちゃ低い位置にあるバスケが存在するとしたら、選手の身長はどうなると思いますか？ 高身長有利のままなのか、もしくはディフェンス寄りの選手が高身長になり、アタック寄りの選手が低身長に...,0,0
2128,2026/2/2 3:16,家族関係の悩み,1253070992,14時間52分,4,85,21.2,0,0,0.095,4.71,0.02,0.32,あと3日,https://detail.chiebukuro.yahoo.co.jp/qa/question_detail/q10324920770,知恵コイン500 現在高校1年生女子です。通信制高校に通っています。 数年前に家族関係に悩んで精神科を通うようになりました。 酷かった時、小学校6年生くらいの時に自分でも意味わからないことをしていた覚...,0,0
2129,2026/2/2 3:15,スノーボード,c48aa3d41,14時間53分,2,43,21.5,0,0,0.048,4.65,0.01,0.16,あと3日,https://detail.chiebukuro.yahoo.co.jp/qa/question_detail/q14324920769,３月中旬にスノボへ行く計画を考えているのですが、今年の積雪量や例年の積雪量など考慮して、奥伊吹や余呉高原で３月中旬は滑走可能でしょうか？ オープン予定ではありますが、まともに滑れるのかどうかなど、湖北...,0,0
2130,2026/2/2 3:15,プレイステーション4,b24b41fab,14時間53分,0,4,4.0,0,0,0.004,0.0,0.0,0.0,あと3日,https://detail.chiebukuro.yahoo.co.jp/qa/question_detail/q13324920768,ウィッチャー3で付呪を付けたウィッチャー装備を強化すると消えてしまいますか？例:付呪あり高級→最高級にするとどうなる？,0,0
2131,2026/2/2 3:15,外国映画,n8y,14時間53分,24,297,12.4,2,5,0.332,8.08,0.04,2.06,あと3日,https://detail.chiebukuro.yahoo.co.jp/qa/question_detail/q12324920767,n8yと申します。 映画ファンのみな様にご質問です。 あなたの好きな“こども視点の映画”を教えてください。 外国映画、日本映画、アニメ、ドキュメンタリーなどなんでも結構です。 最近、少なくなったような...,0,0
2132,2026/2/2 3:15,コミック,f19********,14時間54分,0,58,58.0,0,0,0.065,0.0,0.0,0.06,あと3日,https://detail.chiebukuro.yahoo.co.jp/qa/question_detail/q11324920766,枯れた花に涙を ネタバレ質問 原作？ではジョージが蓮の父親に殺される との事ですが、何故ですか？,0,0
2133,2026/2/2 3:15,ゲーム,1252597514,14時間54分,1,25,25.0,0,0,0.028,4.0,0.01,0.08,あと3日,https://detail.chiebukuro.yahoo.co.jp/qa/question_detail/q10324920765,ハートピアスローライフというゲームでフレンドになった人が突然 ちゅ とか ちう など打ってきて、気持ち悪と思ったので逃げたらフレンド切ってきた人がいたのですが、出会い目的なんですかね？ 初めてゲームで...,0,0
2134,2026/2/2 3:15,プレイステーション4,ペイントン,14時間54分,1,4,4.0,0,0,0.004,25.0,0.0,0.06,あと3日,https://detail.chiebukuro.yahoo.co.jp/qa/question_detail/q12324920762,PS5でアークナイツエンドフィールドやってるんですけどログインしようとするとサーバーとの接続がタイムアウトしましたと何度も出てきます。 何回か繰り返しているとログインできるんですが酷い時だと30分以上...,0,0
2135,2026/2/2 3:15,料理、食材,鬼畜島,14時間54分,1,2,2.0,0,1,0.002,50.0,0.0,0.09,あと3日,https://detail.chiebukuro.yahoo.co.jp/qa/question_detail/q11324920761,ヤスダヨーグルトでおすすめのヨーグルトを教えて下さい。,0,0
2136,2026/2/2 3:15,病気、症状,kiuf40,14時間54分,1,8,8.0,0,1,0.009,12.5,0.0,0.1,あと3日,https://detail.chiebukuro.yahoo.co.jp/qa/question_detail/q10324920760,1週間ほど前に転んで頭を強く打ったあと、首に痛みが残っています。 通常の姿勢でいる分には問題ないのですが、飲み物を飲み干そうとしたり目薬をさそうとしたりして上を向こうとすると痛みがはしります。 病院に...,0,0
2137,2026/2/2 3:15,パソコン,ブドウ糖 オリゴ糖,14時間54分,5,90,18.0,0,0,0.101,5.56,0.02,0.38,あと3日,https://detail.chiebukuro.yahoo.co.jp/qa/question_detail/q14324920759,デスクトップPCのメモリ増設について相談です。 現在のPC構成は以下の通りです。 OS：Windows 11 CPU：Intel Core i7-8700 GPU：NVIDIA GeForce GTX...,0,0
2138,2026/2/2 3:14,ゲーム,be1981c15,14時間55分,1,4,4.0,0,0,0.004,25.0,0.0,0.06,あと3日,https://detail.chiebukuro.yahoo.co.jp/qa/question_detail/q12324920757,男性アイドルゲームのポスターの詳細を探しています。素敵だったのでもう一度見たいのですが、詳細が分かりません。 【記憶を頼りにした情報】 ・Twitterで見た（恐らく駅広告をファンの方が写真に撮ってア...,0,0
2139,2026/2/2 3:14,スマホアプリ,a3ca24597,14時間55分,1,28,28.0,0,0,0.031,3.57,0.01,0.09,あと3日,https://detail.chiebukuro.yahoo.co.jp/qa/question_detail/q11324920756,こんな質問すいません。 彼氏のスマホにTikTokの通知がありました。 アイコンが白い背景で、黒文字で「股間」と書いたアカウントでした。 検索で股間と調べても出てこなくて。。 特定できる方いたら協力し...,0,0
2140,2026/2/2 3:14,家族関係の悩み,1252691852,14時間55分,5,54,10.8,0,2,0.06,9.26,0.01,0.41,あと3日,https://detail.chiebukuro.yahoo.co.jp/qa/question_detail/q10324920755,私は母子家庭なのですが、初対面の方にその事を言うと謝られます。なんかごめんなさい みたいな。 正直まったく気分は良くないです。 困ったこともないですし、可愛がられて育ってきたし経済的に苦労をしたことも...,0,0
2141,2026/2/2 3:14,ゲームセンター,非公開,14時間55分,0,5,5.0,0,0,0.006,0.0,0.0,0.01,あと3日,https://detail.chiebukuro.yahoo.co.jp/qa/question_detail/q13324920753,アイプリバース、ミルフィーユカードについてです。 ミルフィーユカードのアイプリカードの裏面のQRコードはチャンスコードになりますか？ フレンドコードになるだけですか？,0,0
2142,2026/2/2 3:13,職場の悩み,あ,14時間56分,2,42,21.0,0,0,0.047,4.76,0.01,0.16,あと3日,https://detail.chiebukuro.yahoo.co.jp/qa/question_detail/q10324920750,はま寿司の防犯カメラについて質問です。 私は、キッチンのものなんですが、ラストで廃棄が多すぎていつも勿体無いな…と思ってしまいます。防犯カメラにバレないように、視覚に入って袋に入れて持って帰ってもバレ...,0,0
2143,2026/2/2 3:13,友人関係の悩み,off********,14時間56分,4,54,13.5,0,0,0.06,7.41,0.01,0.28,あと3日,https://detail.chiebukuro.yahoo.co.jp/qa/question_detail/q14324920749,こんな友人どう思いますか？ 10年ほど前のわたしが20のとき、東京の狭い部屋で一人暮らしをしていたとき散らかっていた時があったのですがその時のことをよく泊まりに来る友人にいじられます。 他の人の結婚式...,0,0
2144,2026/2/2 3:13,プレイステーション4,kokok,14時間56分,1,4,4.0,0,1,0.004,25.0,0.0,0.09,あと3日,https://detail.chiebukuro.yahoo.co.jp/qa/question_detail/q13324920748,プレステ5についての質問です。 ヘッドセットの接続はできるのですがヘッドセットから音が聞こえずマイクも反応しません。(スマホ等では問題ないので壊れてるということはないと思います。) 使用ヘッドセットは...,0,0
2145,2026/2/2 3:13,葬儀,1251525278,14時間56分,4,54,13.5,0,0,0.06,7.41,0.01,0.28,あと3日,https://detail.chiebukuro.yahoo.co.jp/qa/question_detail/q12324920747,前回の事で質問させて頂いた者なのですが、新たに知恵を貸して頂きたい 問題が出来きましたので、今回もどうぞよろしくお願いします。 今年の６月に母の１周忌があります。私は一応けじめとして、父、私、主人 の...,0,0
2146,2026/2/2 3:13,携帯型ゲーム全般,abc********,14時間57分,0,6,6.0,0,0,0.007,0.0,0.0,0.01,あと3日,https://detail.chiebukuro.yahoo.co.jp/qa/question_detail/q11324920746,シャイニングニキのこの衣装はいつのなんという衣装でふか？図鑑のどこで確認できますか？ シャイニキ,0,0
2147,2026/2/2 3:13,バイク,R設定,14時間57分,3,30,10.0,0,0,0.033,10.0,0.0,0.2,あと3日,https://detail.chiebukuro.yahoo.co.jp/qa/question_detail/q10324920745,VT250F「MC15」を知り合いから購入したのですが、エンジンはかかりアイドリングも安定するのですが、パワーがなさすぎて初速も回転数を上げながらゆっくり繋げないと発進ができません、 最高速も引っ張っ...,0,0
2148,2026/2/2 3:12,恋愛相談、人間関係の悩み,名無し,14時間58分,2,11,5.5,0,0,0.012,18.18,0.0,0.12,あと3日,https://detail.chiebukuro.yahoo.co.jp/qa/question_detail/q13324920743,私は彼氏の匂いが大好きです。それが体臭なのか服の匂いなのかは分かりませんが、服の匂いも好きです。となると、柔軟剤の匂いが好きということにもなるのですがここで疑問があります。 もし同棲した場合、同じ洗濯...,0,0
2149,2026/2/2 3:12,ピアス,1150351286,14時間58分,3,32,10.7,0,0,0.036,9.38,0.0,0.2,あと3日,https://detail.chiebukuro.yahoo.co.jp/qa/question_detail/q11324920741,至急お願いします！！！ 軟骨ピアス(ヘリックス)を5日前に開けたのですが、裏側がかなり腫れていて膿が出ており、物凄く痛いです。 これはそのままにしていれば腫れが引いて段々安定してくるものですか？バイ菌...,0,0
2150,2026/2/2 3:12,恋愛相談、人間関係の悩み,kiuf40,14時間58分,1,7,7.0,0,0,0.008,14.29,0.0,0.06,あと3日,https://detail.chiebukuro.yahoo.co.jp/qa/question_detail/q10324920740,彼女とのペアリングはどのタイミングで作るべきですか？,0,0
2151,2026/2/2 3:12,ネットワークセキュリティ,1252552748,14時間58分,1,25,25.0,0,0,0.028,4.0,0.01,0.08,あと3日,https://detail.chiebukuro.yahoo.co.jp/qa/question_detail/q14324920739,高校生です。チャットGPTやGeminiにこんな事を送ってしまいました。実在の同級生の名前を20人くらい勝手に使って探偵物（殺人事件を解決する感じの）を使ってしまいました。 名前の他、物語のために髪型...,0,0
2152,2026/2/2 3:12,ゲーム,b2861e7d7,14時間58分,0,15,15.0,0,0,0.017,0.0,0.0,0.02,あと3日,https://detail.chiebukuro.yahoo.co.jp/qa/question_detail/q13324920738,急募‼️‼️セルサバイバーでこの武器たちで最適解のパーティを教えてください！,0,0
2153,2026/2/2 3:12,アニメ,X_killl.007,14時間58分,1,15,15.0,0,2,0.017,6.67,0.0,0.14,あと3日,https://detail.chiebukuro.yahoo.co.jp/qa/question_detail/q11324920736,恋と深空のグッズについてです。 3つ質問させて下さい。 ①マヒルのグッズは、少ないのでしょうか? アニメイト通販を見たところ他4人にはあり、マヒルだけない種類のグッズを見かけました。 アニメイト店舗で...,0,0
2154,2026/2/2 3:11,政治、社会問題,※※※※※※※※※※,14時間59分,4,36,9.0,0,2,0.04,11.11,0.0,0.33,あと3日,https://detail.chiebukuro.yahoo.co.jp/qa/question_detail/q10324920735,日本で、いちばんブレていなくて節操がある 政党はどの政党ですか？,0,0
2155,2026/2/2 3:11,ピアス,ほ,14時間59分,1,17,17.0,0,0,0.019,5.88,0.0,0.07,不明,https://detail.chiebukuro.yahoo.co.jp/qa/question_detail/q14324920734,昨日の夕方リップピアスを開けたのですが少し腫れてしまってこれは埋もれそうな状態ですか？押し込むくらいの力で押すとまだ少しフラットが見えます！,0,0
2156,2026/2/2 3:11,大学,a4c7dbdaf,14時間59分,3,49,16.3,0,0,0.054,6.12,0.01,0.22,あと3日,https://detail.chiebukuro.yahoo.co.jp/qa/question_detail/q12324920732,至急回答お願いします 大学のjassoの利子ありの貸与奨学金を借りていたのですが、継続手続きが1月30日まででして、 この締切日が大学の方の締め切りじゃなくて多分機関の締め切りだと思うんですよ、 一様...,0,0
2157,2026/2/2 3:11,生理,to_iy,14時間59分,3,19,6.3,0,0,0.021,15.79,0.0,0.19,あと3日,https://detail.chiebukuro.yahoo.co.jp/qa/question_detail/q13324920733,ファボワール錠28について、休薬期間に入ったのですが、休薬2日目に間違えて偽薬ではなく実薬を飲んでしまいました（生理をずらすため、実薬はいくつか残して偽薬期間に入ったので、同じシートです。） 3日目は...,0,0
2158,2026/2/2 3:11,コンタクトレンズ、視力矯正,b965de162,14時間59分,0,4,4.0,0,0,0.004,0.0,0.0,0.0,あと3日,https://detail.chiebukuro.yahoo.co.jp/qa/question_detail/q11324920731,カラコンについて質問です。 「N’s COLLECTION（エヌズコレクション）‐ 玉こんにゃく」というカラコンの色味がとても好きなのですが、着色直径が13.00mmで、少し小さく感じています。 でき...,0,0
2159,2026/2/2 3:11,大学受験,愁,14時間59分,3,72,24.0,0,0,0.08,4.17,0.02,0.25,あと3日,https://detail.chiebukuro.yahoo.co.jp/qa/question_detail/q10324920730,私は受験が終わり、彼氏は2次に向けて勉強中。 10月から月に1回、10分ほどしか会ってません。 彼氏のことを考えて、会いたくても会わないようにしてきましたが、最近どうしても会いたいんです。 ｢10分だ...,0,0
2160,2026/2/2 3:11,避妊,1150261781,14時間59分,4,39,9.8,0,0,0.043,10.26,0.0,0.27,あと3日,https://detail.chiebukuro.yahoo.co.jp/qa/question_detail/q14324920729,アフターピル服用後の生理について 11月28日に生理開始 12月16日行為、アフピル服用 12月18日〜24日消退出血だと思われる出血 そのまま1月の生理が来ず、現在(2/2)に至ります。 これはアフ...,0,0
2161,2026/2/2 3:11,恋愛相談、人間関係の悩み,やすに,15時間0分,2,12,6.0,0,0,0.013,16.67,0.0,0.12,あと3日,https://detail.chiebukuro.yahoo.co.jp/qa/question_detail/q13324920728,ENTJ-A(指揮官)とENTJ-T同士の恋愛は難しいと思う？ 僕がAで相手がTです 同じような経験のある方回答してくださいな また、同じENTJから見て、ENFJってどんな印象ですか,0,0
2162,2026/2/2 3:11,うつ病,mdr********,15時間0分,6,83,13.8,0,2,0.092,7.23,0.01,0.49,あと3日,https://detail.chiebukuro.yahoo.co.jp/qa/question_detail/q10324920725,うつ病で受診しました煉炭自殺をしたい気持ちがあります どうすれば死にたい気持ちがなくなりますか？,0,0
2163,2026/2/2 3:11,恋愛相談、人間関係の悩み,ねこ,15時間0分,0,50,50.0,0,0,0.056,0.0,0.0,0.06,あと3日,https://detail.chiebukuro.yahoo.co.jp/qa/question_detail/q14324920724,大至急お願いします！ 好きな人がいてその人色んな人から告られたりされたり抱かせてとか言われてて結構モテる人なんですよ。でも最近自分と毎日連絡は大体とってますし、インスタのサブでお互いバイトなくなれって...,0,0
2164,2026/2/2 3:11,男性アイドル,kiuf40,15時間0分,1,66,66.0,0,2,0.073,1.52,0.05,0.2,あと3日,https://detail.chiebukuro.yahoo.co.jp/qa/question_detail/q13324920723,札幌の、嵐のライブツアーと北大後期日程被り騒動は結局どうなりましたか？,0,0
2165,2026/2/2 3:11,ホテル,1251991163,15時間0分,0,10,10.0,0,0,0.011,0.0,0.0,0.01,あと3日,https://detail.chiebukuro.yahoo.co.jp/qa/question_detail/q10324920720,香港ディズニーランドのホテルの朝食について ハリウッドホテルを予約し、朝食のビュッフェを付けました。予定が変わり、ビュッフェの日を1日後にずらしたいのですが、朝食を付ける日の変更は公式サイトからできま...,0,0
2166,2026/2/2 3:11,K-POP、アジア,匿名希望,15時間0分,0,29,29.0,0,0,0.032,0.0,0.0,0.03,あと3日,https://detail.chiebukuro.yahoo.co.jp/qa/question_detail/q14324920719,エニーカラー様で行われている 最新のVTAオーディションに締切1日前（1月19日締、18日提出）に応募したのですが、この場合何週間以上動画再生、合格通知がなければ不合格だと思った方がいいですか？,0,0
2167,2026/2/2 3:10,動画サービス,a194f3304,15時間1分,0,4,4.0,0,0,0.004,0.0,0.0,0.0,あと3日,https://detail.chiebukuro.yahoo.co.jp/qa/question_detail/q13324920718,おじさんが｢このガキ共は金使ってるな 今日はジャスミン割でグッパイ｣って言ってる動画持ってませんか？,0,0
2168,2026/2/2 3:10,ゲーム,D,15時間1分,1,15,15.0,0,4,0.017,6.67,0.0,0.2,不明,https://detail.chiebukuro.yahoo.co.jp/qa/question_detail/q12324920717,プロセカの星3イラストって缶バッジで販売されますか？,0,0
2169,2026/2/2 3:10,税金,iea********,15時間1分,1,21,21.0,0,0,0.023,4.76,0.0,0.08,あと3日,https://detail.chiebukuro.yahoo.co.jp/qa/question_detail/q10324920715,税金や社会保障について。 現在夫婦ともに副業をしています。令和7年度の世帯年収は約980万でした。 質問ですが、世帯年収1000万を越えた場合のデメリットを教えてください(2年前までだと高校授業料無料...,0,0
2171,2026/2/2 3:10,恋愛相談、人間関係の悩み,1252597514,15時間1分,1,15,15.0,0,0,0.017,6.67,0.0,0.07,あと3日,https://detail.chiebukuro.yahoo.co.jp/qa/question_detail/q13324920713,連絡どうすればいい？ 付き合って3ヶ月の彼氏が今1人になりたい期間みたいで、連絡を一旦やめています。 今まで報連相してる訳では無いですが、友達と遊んでくるとかそういうのはした方がいいのかなと思いちょっ...,0,0
2172,2026/2/2 3:10,男性の病気,hkk********,15時間1分,4,36,9.0,0,1,0.04,11.11,0.0,0.29,あと3日,https://detail.chiebukuro.yahoo.co.jp/qa/question_detail/q12324920712,陰茎の皮の先の部分だけ腫れてしまったのですが皮膚科か泌尿器科どっちに行くといいですかね？ 水膨れみたいな感じです しこりみたいなのも感じます,0,0
2173,2026/2/2 3:10,アニメ,1151202580,15時間1分,3,60,20.0,1,2,0.067,5.0,0.01,0.41,あと3日,https://detail.chiebukuro.yahoo.co.jp/qa/question_detail/q10324920710,葬送のフリーレンの先日のアニメ放送、あれだけで好きになるくらい南の勇者に惹かれた者です。でも疑問があります なぜ南の勇者はヒンメル達と共に戦わなかったのかということです。南の勇者とシュラハトが未来予知...,0,0
2174,2026/2/2 3:10,動物,レモンスカッシュ,15時間1分,6,18,3.0,0,0,0.02,33.33,0.0,0.35,あと3日,https://detail.chiebukuro.yahoo.co.jp/qa/question_detail/q14324920709,タケノコは好きですか？ 人間はあんまりたくさん食べちゃダメと聞きますが。 タケノコはおいしいのでしょうか？ よくパンダがおいしそうにタケノコを食べています。,0,0
2175,2026/2/2 3:10,メンタルヘルス,非公開,15時間1分,3,37,12.3,0,1,0.041,8.11,0.01,0.24,あと3日,https://detail.chiebukuro.yahoo.co.jp/qa/question_detail/q12324920707,中2女子です とにかく過去のことを引きずる性格です。 中1の時に同じクラスの大半の女子に聞こえるように悪口を言われたり馬鹿にされたりしました。また、女子が他の子の容姿を馬鹿にしたり集団でいじめたりして...,0,0
2176,2026/2/2 3:09,ゲーム,c1bb66838,15時間2分,1,14,14.0,0,0,0.016,7.14,0.0,0.07,あと3日,https://detail.chiebukuro.yahoo.co.jp/qa/question_detail/q10324920705,ナイトレインの遺物で「特定の武器が出やすくなる」についてです。 各キャラに付けているのですが、 1マッチで1つも出ないか、出てもアンコモンが1〜2個しか出ない事が多く、 キャラが変わるとポンポン出ます...,0,0
2177,2026/2/2 3:09,菓子、スイーツ,チ。ーチキンナゲットについてー,15時間3分,4,40,10.0,0,0,0.044,10.0,0.0,0.27,不明,https://detail.chiebukuro.yahoo.co.jp/qa/question_detail/q14324920704,甘いものは別腹ですか？自分は同腹です。,0,0
2178,2026/2/2 3:08,コミック,b56f8f0aa,15時間4分,1,25,25.0,0,0,0.028,4.0,0.01,0.08,あと3日,https://detail.chiebukuro.yahoo.co.jp/qa/question_detail/q12324920702,ピッコマを毎日40話くらい見ててそれを4年くらい続けてます1万円くらい課金もしてるんですけど28レベルです普通こんなもんですか？それともなんか上がりやすい条件とかあるんですか？,0,0
2179,2026/2/2 3:08,政治、社会問題,cfe913668,15時間4分,2,45,22.5,0,1,0.05,4.44,0.01,0.19,あと3日,https://detail.chiebukuro.yahoo.co.jp/qa/question_detail/q11324920701,自民党の圧勝予測に焦る創価学会が学会員に本気になれと指示したからと、学会員がお願いする友人や知人が立憲民主党候補や与党じゃない公明党に票を入れてくれるわけじゃないのに、そんなこともわからないのですか？...,0,0
2180,2026/2/2 3:08,友人関係の悩み,いっぬ,15時間4分,7,69,9.9,1,4,0.076,10.14,0.01,0.71,あと3日,https://detail.chiebukuro.yahoo.co.jp/qa/question_detail/q10324920700,中2です。学校行きたくないです。誰かお話聞いて欲しいです(；；) 私だけ未だにクラスに馴染めてなくて、休み時間も移動教室もぼっちなのが辛いです。 1人が辛い訳じゃないけど、他クラスの友達に1人のところ...,0,0
2181,2026/2/2 3:08,コミック,ちゃねーふけ,15時間4分,1,31,31.0,0,0,0.034,3.23,0.01,0.09,不明,https://detail.chiebukuro.yahoo.co.jp/qa/question_detail/q14324920699,今週の週刊少年ジャンプでワンピースは掲載されていましたか？,0,0
2182,2026/2/2 3:08,友人関係の悩み,********,15時間4分,5,26,5.2,0,0,0.029,19.23,0.0,0.3,あと3日,https://detail.chiebukuro.yahoo.co.jp/qa/question_detail/q13324920698,大学で友人を作れるか不安です。 高校に入学した時は背伸びして金魚のフンみたいなことしていたのですが、結局それを友達と呼べるようなことはありませんでした。 3年次が終わるまでに友達はある程度できたのです...,0,0
2183,2026/2/2 3:08,学校の悩み,りず,15時間4分,6,82,13.7,0,0,0.091,7.32,0.01,0.42,あと3日,https://detail.chiebukuro.yahoo.co.jp/qa/question_detail/q12324920697,至急答えてください。 高校3年生女子です。通信に在学しています。 2月3日の17:00までにデジタルレポートを仕上げないとなりません。 まだ30個やらなきゃいけないレポートが残ってます。 それが終わら...,0,0
2185,2026/2/2 3:08,携帯型ゲーム全般,1152988467,15時間4分,0,4,4.0,0,0,0.004,0.0,0.0,0.0,あと3日,https://detail.chiebukuro.yahoo.co.jp/qa/question_detail/q13324920693,ドッカンバトルについて質問です。 現在開催中のドッカンフェスで未所持が魔人ドゥー、グロリオ、ベジータ3ダイマなのですが、この3体は追ったほうがいいですか？,0,0
2186,2026/2/2 3:08,ヘアケア,1250535923,15時間4分,2,24,12.0,0,0,0.027,8.33,0.0,0.14,あと3日,https://detail.chiebukuro.yahoo.co.jp/qa/question_detail/q12324920692,縮毛矯正について詳しい方 先日縮毛矯正をかけたところ1週間で写真のようにチリチリになってしまったのですが、（元の癖よりもひどい状態）この状態でもう一度縮毛矯正をかけても大丈夫でしょうか？（現在2ヶ月経...,0,0
2187,2026/2/2 3:07,職場の悩み,b78914daf,15時間5分,2,29,14.5,1,0,0.032,6.9,0.0,0.25,あと3日,https://detail.chiebukuro.yahoo.co.jp/qa/question_detail/q11324920691,仕事を辞めたいと思っていますが辞める原因となる店長がそのまま居続けるのが納得いきません… パワハラ、自己中、えこひいき… どうにかしてから辞めたいですけどもうほっといてさっさと次に行った方がいいですか...,0,0
2188,2026/2/2 3:07,数学,非公開,15時間5分,3,59,19.7,0,1,0.065,5.08,0.01,0.26,あと3日,https://detail.chiebukuro.yahoo.co.jp/qa/question_detail/q14324920689,1×2×3×4×5×6×7×8×9×10は3628800です。 1の位から数えて最初に0でない数字は8です。 1~20までかけたとき、1~30までかけたとき、1の位から数えて最初に0でない数字は1~1...,0,0
2189,2026/2/2 3:07,タブレット端末,にっしっし,15時間5分,0,11,11.0,0,0,0.012,0.0,0.0,0.01,あと3日,https://detail.chiebukuro.yahoo.co.jp/qa/question_detail/q13324920688,iPadでの質問です現在iPadPro(11インチ)を使ってます、このまえ来た26.2.1のアプデ以降キーボードに不具合が起きてます、 それが※1フローティング状態にすると※2キーボードハンドルが出な...,0,0
2190,2026/2/2 3:07,ゲーム,b56f8f0aa,15時間6分,1,12,12.0,0,0,0.013,8.33,0.0,0.07,あと3日,https://detail.chiebukuro.yahoo.co.jp/qa/question_detail/q12324920687,付けてもないのに30分くらいゲームのBGMが聞こえますデデデンというスマブラのBGMですこれって統合失調症なんですか？,0,0
2191,2026/2/2 3:07,観光地、行楽地,1051390228,15時間6分,3,34,11.3,0,0,0.038,8.82,0.0,0.2,あと3日,https://detail.chiebukuro.yahoo.co.jp/qa/question_detail/q11324920686,静岡の日帰り旅行について 友人と3月に静岡への旅行を計画しています。基本的には日帰り、あって1泊2日を予定していますが、この時期に特におすすめのエリアなどあれば知りたいです。 調べていて、最初は伊豆の...,0,0
2192,2026/2/2 3:07,メルカリ,1153345938,15時間6分,3,85,28.3,0,2,0.094,3.53,0.03,0.33,あと3日,https://detail.chiebukuro.yahoo.co.jp/qa/question_detail/q10324920685,メルカリで缶バッジのセットを売ったのですが、傷凹みがあったから返品したいと言われました。 写真を送ってもらいましたが、私にはわかりませんでしたが相手は凹みがあると言い張っています。どうすればいいでしょ...,0,0
2193,2026/2/2 3:07,Android,こめ,15時間6分,1,36,36.0,1,0,0.04,2.78,0.01,0.21,あと3日,https://detail.chiebukuro.yahoo.co.jp/qa/question_detail/q13324920683,至急スマホのロック解除のパスワードがわからなくなってしまいました。 Android Oneのs8です。 前に中古で買ったものでSIMカードは入っていません。 起動していない間に家のWiFiが変わったの...,0,0
2194,2026/2/2 3:07,音楽,非公開,15時間6分,2,23,11.5,0,0,0.025,8.7,0.0,0.14,あと3日,https://detail.chiebukuro.yahoo.co.jp/qa/question_detail/q12324920682,絶対音感って音を聞いた瞬間にどの音名かわかるんですか？ あと自分はピアノをやっていて曲とかを聴いたらある程度弾けるんですけどこれって絶対音感なんですか？（多分違うと思いますけど笑）,0,0
2195,2026/2/2 3:06,妊娠、出産,hho********,15時間7分,2,18,9.0,0,0,0.02,11.11,0.0,0.13,あと3日,https://detail.chiebukuro.yahoo.co.jp/qa/question_detail/q11324920681,直腸内視鏡の為の全身麻酔をした翌日に性行をして、もし妊娠した場合、奇形などのリスクはありますか？,0,0
2196,2026/2/2 3:06,化学,James1950s,15時間7分,2,25,12.5,0,7,0.028,8.0,0.0,0.37,あと3日,https://detail.chiebukuro.yahoo.co.jp/qa/question_detail/q10324920680,銅は、レアメタルに含まれますか?,0,0
2197,2026/2/2 3:06,恋愛相談、人間関係の悩み,1052175121,15時間7分,2,12,6.0,0,0,0.013,16.67,0.0,0.12,あと3日,https://detail.chiebukuro.yahoo.co.jp/qa/question_detail/q14324920679,現在はもう接点がない小学生の頃の同級生が未だに忘れられません。 現在高校3年の女です。 小学生の頃の好きぴに唐突すぎるけど告白しようか迷ってます。理由は簡単で、引きずったままで次に進めないからです。告...,0,0
2198,2026/2/2 3:06,邦楽,非公開,15時間7分,19,158,8.3,1,8,0.174,12.03,0.01,1.59,あと3日,https://detail.chiebukuro.yahoo.co.jp/qa/question_detail/q13324920678,最近の曲で、ハマったり刺さったりしたオススメの曲はありますか？ マイナーな曲でも良いです。,0,0
2199,2026/2/2 3:06,声優,af18ecc4f,15時間7分,1,15,15.0,0,0,0.017,6.67,0.0,0.07,あと3日,https://detail.chiebukuro.yahoo.co.jp/qa/question_detail/q12324920677,チャットGPTに化物語の羽川つばさの声優さんの名前聞いたら間違って答えてきました。 ちなみに坂本真綾さんってきます。 指摘しても変えません。 どうでもいいことはわかっておりますが、同じような方いらっし...,0,0
2200,2026/2/2 3:06,恋愛相談、人間関係の悩み,ngabr,15時間7分,3,12,4.0,0,0,0.013,25.0,0.0,0.18,あと3日,https://detail.chiebukuro.yahoo.co.jp/qa/question_detail/q11324920676,高校生です 今度好きな女子に直接会って告白します。 それでですが、告白したあとってどんな反応というかなんて言うべきですか？ 成功した時、失敗したとき、保留された時。 個人の意見でいいので教えてください...,0,0
2201,2026/2/2 3:06,スマホアプリ,aaaaggg,15時間7分,2,49,24.5,0,0,0.054,4.08,0.01,0.16,あと3日,https://detail.chiebukuro.yahoo.co.jp/qa/question_detail/q10324920675,マッチングアプリアプリで会った人の顔が違いました 相手は自分でプロフィールの顔とそこまで変わらないと言っていました。 雰囲気は似てるんですけど、正直顔のほとんどのパーツが違いました。加工はしていなかっ...,0,0
2202,2026/2/2 3:06,アニメ,うん,15時間7分,2,15,7.5,0,0,0.017,13.33,0.0,0.13,あと3日,https://detail.chiebukuro.yahoo.co.jp/qa/question_detail/q14324920674,呪術廻戦ってアニメだとシーズン4で終わりそうですか？,0,0
2203,2026/2/2 3:06,園芸、ガーデニング,a4f58b119,15時間7分,4,16,4.0,0,0,0.018,25.0,0.0,0.24,あと3日,https://detail.chiebukuro.yahoo.co.jp/qa/question_detail/q13324920673,今直ぐに回答をお願いします。田植えをやる際にやってはいけないことを教えて欲しいです,0,0
2204,2026/2/2 3:06,インターネットショッピング,1252187948,15時間7分,2,30,15.0,0,3,0.033,6.67,0.0,0.24,あと3日,https://detail.chiebukuro.yahoo.co.jp/qa/question_detail/q12324920672,ZOZOTOWNでツケ払いしました。1月頃支払い期限のものを今まで放置して電話が来てました。 今月中には払おうと思いますがハガキなどはいつ頃に来るのでしょうか？,0,0
2205,2026/2/2 3:06,ギター、ベース,Paralydium874565,15時間8分,0,3,3.0,0,0,0.003,0.0,0.0,0.0,あと3日,https://detail.chiebukuro.yahoo.co.jp/qa/question_detail/q11324920671,このプログレッシヴ・メタル・バンドとドリーム・シアターはどっちがメロディックでキャッチーですか？ リリックビデオ https://youtu.be/k3FJaCAGP9o?t=25 PV https:...,0,0
2206,2026/2/2 3:05,気象、天気,非公開,15時間9分,4,42,10.5,1,1,0.046,9.52,0.0,0.41,あと3日,https://detail.chiebukuro.yahoo.co.jp/qa/question_detail/q10324920670,冬の気象に興味がありますが、そのくせ知識は乏しい者です。 日本海一面に大量の筋状の雲が覆っていてそれが日本の陸地に押し寄せてるのに山を越えられないのは何故ですか？ 途中の山なんかせいぜい2〜3kmで地...,0,0
2207,2026/2/2 3:05,コンタクトレンズ、視力矯正,1152781893,15時間9分,1,18,18.0,0,1,0.02,5.56,0.0,0.11,あと3日,https://detail.chiebukuro.yahoo.co.jp/qa/question_detail/q14324920669,カラコンに詳しい方、教えてください！ 髪色は黒で、イエベ秋です。 メイクは薄めで服の系統はカジュアルです。 ↓↓悩み↓↓ ・目の色が漆黒(自然光でも瞳孔がほぼ見えない程) ・一重(縦1cm、横2.5c...,0,0
2208,2026/2/2 3:05,ゲーム,m,15時間9分,0,7,7.0,0,0,0.008,0.0,0.0,0.01,あと3日,https://detail.chiebukuro.yahoo.co.jp/qa/question_detail/q13324920668,泡沫のユークロニアの真相ルートや後日談などを読んだのですが、各キャラクターの画像が2枚解放されていない状態です。 すべての画像を解放するには、どのようにすればよろしいでしょうか？,0,0
2209,2026/2/2 3:05,恋愛相談、人間関係の悩み,kan********,15時間9分,4,27,6.8,0,1,0.03,14.81,0.0,0.28,あと3日,https://detail.chiebukuro.yahoo.co.jp/qa/question_detail/q12324920667,彼女に振られるのが怖いです 付き合って2年ほどになる彼女がいます。 昨年末頃に、僕の言動が原因で彼女に「体目的」「所有物でしかない」と感じさせ幻滅させてしまい、気持ちが戻らないと言われてしまっています...,0,0
2210,2026/2/2 3:05,ヘアスタイル,紡木,15時間9分,0,7,7.0,0,0,0.008,0.0,0.0,0.01,あと3日,https://detail.chiebukuro.yahoo.co.jp/qa/question_detail/q10324920665,山口理容室の動画を見て行きたいなって思ったのですが遠くて気軽に行けないので。。あの動画のようなカットしてシャンプーマッサージしてくれるお店愛知県にありませんか？,0,0
2211,2026/2/2 3:04,ヘアケア,1252933514,15時間10分,1,19,19.0,0,1,0.021,5.26,0.0,0.11,あと3日,https://detail.chiebukuro.yahoo.co.jp/qa/question_detail/q12324920662,1月末にワンブリーチをし、今週青に染めたいのですが、この場合ブリーチはいるのでしょうか？ そこまで髪が伸びていないのでリタッチは無しでいいかなと思っています。画像は今の髪色です。ブルーブラックに近い色...,0,0
2212,2026/2/2 3:04,高校受験,c8cb97532,15時間10分,2,20,10.0,0,0,0.022,10.0,0.0,0.13,あと3日,https://detail.chiebukuro.yahoo.co.jp/qa/question_detail/q11324920661,至急です！ 通信高校の入試の髪型は、下ろしているより括っている方が清潔感がありいいですよね？？ 私の場合、すっぴんの時に髪の毛を括っていたら顔がきつく見えるのがコンプレックスでそれが嫌なんですけど、入...,0,0
2213,2026/2/2 3:04,算数,非公開,15時間10分,5,53,10.6,0,0,0.058,9.43,0.01,0.33,あと3日,https://detail.chiebukuro.yahoo.co.jp/qa/question_detail/q10324920660,算数の問題をお願いします 300 ÷ 5 = 60 これを掛け算にする問題があります。 300 x ( ) = 60 で答えは 0.2 になりますが、 0.2 はどうやって求めるのでしょうか。 また、...,0,0
2214,2026/2/2 3:04,恋愛相談、人間関係の悩み,kir********,15時間10分,6,36,6.0,0,0,0.04,16.67,0.0,0.37,あと3日,https://detail.chiebukuro.yahoo.co.jp/qa/question_detail/q14324920659,遅刻され続けて、謝られ続けて、許してって言われ続けて、許し続けて、前にもあったけどいつ直してくれるの？ と聞くと、今は今の話をしているのであって、過去のことはもう許してくれて解決してることだから掘り返...,0,0
2215,2026/2/2 3:04,友人関係の悩み,1152535989,15時間10分,1,15,15.0,0,0,0.016,6.67,0.0,0.07,あと3日,https://detail.chiebukuro.yahoo.co.jp/qa/question_detail/q13324920658,友達と久しぶりにゲームしてて、勝ったらお前は受験落ちるけど俺受かるからとか煽ってきました。普通の煽りならまだしもこれはライン越えじゃないですか？,0,0
2216,2026/2/2 3:04,デンタルケア,匿名,15時間10分,1,19,19.0,0,2,0.021,5.26,0.0,0.14,あと3日,https://detail.chiebukuro.yahoo.co.jp/qa/question_detail/q12324920657,1か月前に神経ギリギリの虫歯治療をして治療後1週間経ったあたりから冷たい飲み物を飲むと染みたりします。（3秒くらい） あと血は出てないのに血の味がする事もあります。 お風呂上がりには何もしてなくてもじ...,0,0
2217,2026/2/2 3:04,コミュニケーションサービス,1151696223,15時間10分,0,1,1.0,0,0,0.001,0.0,0.0,0.0,あと3日,https://detail.chiebukuro.yahoo.co.jp/qa/question_detail/q11324920656,discordのメールアドレスについて つい先月、discordを始めたばかりなのですが、運営から「メールアドレスを登録してください」とメッセージが届いたので、 登録しようとしているのですが、なぜか ...,0,0
2218,2026/2/2 3:04,恋愛相談、人間関係の悩み,ガミルダ鈴木,15時間10分,0,1,1.0,0,0,0.001,0.0,0.0,0.0,あと3日,https://detail.chiebukuro.yahoo.co.jp/qa/question_detail/q10324920655,サトラレですけどバイトするの、きまずいです どうしたら？,0,0
2219,2026/2/2 3:04,Yahoo!知恵袋,チ。ーチキンナゲットについてー,15時間10分,1,16,16.0,0,0,0.018,6.25,0.0,0.07,不明,https://detail.chiebukuro.yahoo.co.jp/qa/question_detail/q14324920654,眠れないので子守歌歌ってくれませんか？,0,0
2220,2026/2/2 3:04,音楽,非公開,15時間11分,0,16,16.0,0,0,0.018,0.0,0.0,0.02,あと3日,https://detail.chiebukuro.yahoo.co.jp/qa/question_detail/q13324920653,こういう系統のボカロ曲教えてください https://youtu.be/PyrUR0jVhWk?si=FLkv1mMf54GOXf-q,0,0
2221,2026/2/2 3:04,Google フォト,1251443402,15時間11分,0,8,8.0,0,0,0.009,0.0,0.0,0.01,あと3日,https://detail.chiebukuro.yahoo.co.jp/qa/question_detail/q12324920652,Googleフォトの容量を、200GBに拡張していたのですが、パンパンになってしまいました。次の大きさが、2TBしかなく、200GBを２つ登録するようなやり方はできないでしょうか,0,0
2222,2026/2/2 3:04,国際情勢,tom********,15時間11分,5,18,3.6,0,8,0.02,27.78,0.0,0.56,あと3日,https://detail.chiebukuro.yahoo.co.jp/qa/question_detail/q11324920651,ロシアとウクライナが戦争をしているから物価が上がっているんですか？経済とか物価とかに詳しいかた、よろしくお願いします。,0,0
2223,2026/2/2 3:03,Yahoo!知恵袋,1253025599,15時間12分,1,25,25.0,0,0,0.027,4.0,0.01,0.08,あと3日,https://detail.chiebukuro.yahoo.co.jp/qa/question_detail/q10324920650,どこが馬なんとか県になったんですか？,0,0
2224,2026/2/2 3:03,釣り,アクアリウムしの助,15時間12分,0,13,13.0,1,0,0.014,0.0,0.0,0.12,あと3日,https://detail.chiebukuro.yahoo.co.jp/qa/question_detail/q14324920649,エリアミノーイングで、ザッガー65を買おうと思っているのですが、Ｆ、ＳＰ、ＳＳの中でどれを1番使いますか？ またカラーはグローピンクとトッピングフード以外におすすめのカラーありますか？,0,0
2225,2026/2/2 3:03,料理、食材,あ,15時間12分,2,30,15.0,0,2,0.033,6.67,0.0,0.21,あと3日,https://detail.chiebukuro.yahoo.co.jp/qa/question_detail/q10324920645,すごく至急です。ゴボウが腐っているか聞きたいです。 水分がないだけなのかどうか… わかりやすく言うとこの画像の右側みたいな感じでした。 なんかなかの方がしわしわで、くしゃってしてました。外側は丈夫でし...,0,0
2226,2026/2/2 3:03,メイク、コスメ,lD非公開,15時間12分,0,2,2.0,0,0,0.002,0.0,0.0,0.0,あと3日,https://detail.chiebukuro.yahoo.co.jp/qa/question_detail/q14324920644,頬の赤みを消せる下地教えてください,0,0
2227,2026/2/2 3:03,友人関係の悩み,名前非公開,15時間12分,2,23,11.5,0,0,0.025,8.7,0.0,0.13,あと3日,https://detail.chiebukuro.yahoo.co.jp/qa/question_detail/q13324920643,友達関連の相談をさせて下さい。以前友達グループで遊んだ際に、その中のAを怒らせてしまったかもしれず、今後の動きについてアドバイスを頂きたいです。 数週間前に皆で遊んでいる最中にAが突然、帰ると一言伝え...,0,0
2228,2026/2/2 3:03,パズルゲーム,ててネキ,15時間12分,1,16,16.0,0,0,0.018,6.25,0.0,0.07,あと3日,https://detail.chiebukuro.yahoo.co.jp/qa/question_detail/q12324920642,スタレのキャストリスについて聞きたいです 復帰勢で、昔キャストリスを引いたままヒアンシー引かずに終わってしまっていました。 キャストリスパーティのヒーラーは誰で代用すべきでしょうか。限定のヒーラーがい...,0,0
2229,2026/2/2 3:02,テレビゲーム全般,非公開,15時間13分,0,12,12.0,0,0,0.013,0.0,0.0,0.01,あと3日,https://detail.chiebukuro.yahoo.co.jp/qa/question_detail/q11324920641,この時代のゲーム業界のことをどう思いますか？ https://youtu.be/6TIM1guHdLg?si=SFQl9VDrAG8595vk,0,0
2230,2026/2/2 3:02,恋愛相談、人間関係の悩み,1252559633,15時間13分,2,38,19.0,0,0,0.042,5.26,0.01,0.15,あと3日,https://detail.chiebukuro.yahoo.co.jp/qa/question_detail/q10324920640,彼女からもうそばにはいられない、月数回しか会えないのにそれも体調不良とか親の介護でキャンセルなってしんどいときました。みなさんならどうしますか。,0,0
2231,2026/2/2 3:02,バスケットボール,1251949592,15時間13分,1,66,66.0,0,0,0.072,1.52,0.05,0.13,あと3日,https://detail.chiebukuro.yahoo.co.jp/qa/question_detail/q14324920639,高校バスケ 昨年ウィンター王者福岡大附属大濠高校ですが、 ユニフォームに「TROJANS」と書かれていますが、これって大学のアメフト部なんかでよくあるミドルネームみたいなもんですよね？ ドルフィンズと...,0,0
2232,2026/2/2 3:02,イヌ,1253025599,15時間13分,5,21,4.2,0,0,0.023,23.81,0.0,0.3,あと3日,https://detail.chiebukuro.yahoo.co.jp/qa/question_detail/q13324920638,皆様は犬派ですか？猫派ですか？,0,0
2233,2026/2/2 3:02,予備校、進学塾,1153127910,15時間13分,1,12,12.0,0,0,0.013,8.33,0.0,0.07,あと3日,https://detail.chiebukuro.yahoo.co.jp/qa/question_detail/q10324920635,駿台の春季講習についてです。 関西圏で春季講習を受けようと思っているのですがおすすめの講師を教えて欲しいです！ 科目は物理科です。,0,0
2234,2026/2/2 3:02,生き方、人生相談,********,15時間13分,1,24,24.0,0,1,0.026,4.17,0.01,0.11,あと3日,https://detail.chiebukuro.yahoo.co.jp/qa/question_detail/q14324817679,自分の女性性を自分の男性性が守るって日常に落とし込むとどういうことだと思いますか？色々な場面やケースでのことを教えてください。 自分と分離ではなく、ラブラブになりたいので。,0,0
2235,2026/2/2 3:02,男性アイドル,★,15時間14分,0,24,24.0,0,0,0.026,0.0,0.0,0.03,あと3日,https://detail.chiebukuro.yahoo.co.jp/qa/question_detail/q14324817694,SixTONES チェンエラのペンライトについてです。 フリマアプリで購入したのですが、デザインシートの「SixTONES」のロゴの向きが電池を入れる側になっています。 他の方のペンライトをみると、持...,0,0
2236,2026/2/2 3:02,ギター、ベース,658355,15時間14分,0,27,27.0,0,0,0.03,0.0,0.0,0.03,あと3日,https://detail.chiebukuro.yahoo.co.jp/qa/question_detail/q14324817719,PRS ストップテール mccarty custom 22 など。 ストップテールのみで構成されてるこれらは標準の高さとかはメーカー公表ありますか？？調べても出てこないのですが、基本的にはベタ付けでし...,0,0
2237,2026/2/2 3:02,香水,1251726932,15時間14分,0,9,9.0,0,0,0.01,0.0,0.0,0.01,あと3日,https://detail.chiebukuro.yahoo.co.jp/qa/question_detail/q14324817559,ヴェルサーチのエロスの香水について質問です 青と赤どちらがおすすめですか？ プレゼントなんですが、、 元々はDiorのソヴァージュを使っていた人です。 ソヴァージュよりは甘すぎない方がいいかなと思うん...,0,0
2238,2026/2/2 3:02,コミック,1052497522,15時間14分,0,49,49.0,1,0,0.054,0.0,0.0,0.16,あと3日,https://detail.chiebukuro.yahoo.co.jp/qa/question_detail/q14324817504,私が昔読んだ漫画が思い出せなくて悩んでます。 ヒロイン的な女の子が実はスライムぽい化け物で、戦闘シーンで正体が主人公男にバレたけど、なんか全然余裕ある感じで許してくれた的な話だけ覚えてます。多分異世界...,0,0
2239,2026/2/2 3:02,恋愛相談、人間関係の悩み,adf61eb54,15時間14分,0,11,11.0,0,0,0.012,0.0,0.0,0.01,あと3日,https://detail.chiebukuro.yahoo.co.jp/qa/question_detail/q14324817634,知り合って浅く恋愛で絶対的な恋愛感情がないとはいえ、女性が告白を受け入れるのと保留して断るのでは雲泥の差ですか,0,0
2240,2026/2/2 3:02,コミック,1053172645,15時間14分,0,8,8.0,0,0,0.009,0.0,0.0,0.01,あと3日,https://detail.chiebukuro.yahoo.co.jp/qa/question_detail/q14324817554,帝幻における幻太郎のLoveType16はなんだと思いますか？帝統の方もできれば。,0,0
2241,2026/2/2 3:02,邦楽,1149715962,15時間14分,0,14,14.0,0,0,0.015,0.0,0.0,0.02,あと3日,https://detail.chiebukuro.yahoo.co.jp/qa/question_detail/q14324817549,rainy blue bellの1st、2ndアルバムってもう手に入れる方法ないですか…？最近ハマったパンピーにわかです…,0,0
2242,2026/2/2 3:02,音楽,afv********,15時間14分,0,23,23.0,0,0,0.025,0.0,0.0,0.03,あと3日,https://detail.chiebukuro.yahoo.co.jp/qa/question_detail/q14324817639,VAWSの方に質問です。Vaundyの未公開曲である「かくれんぼ」について、なぜ歌詞だけ流通しているのか分かる方いたら教えてください。,0,0
2243,2026/2/2 3:02,ゲーム,.,15時間14分,0,63,63.0,0,0,0.069,0.0,0.0,0.07,あと3日,https://detail.chiebukuro.yahoo.co.jp/qa/question_detail/q14324817394,男女キャラ同士の恋愛要素がのない面白いソシャゲ探しています 自分は夢女でキャラに恋人が出来たりしないでほしいタイプです 唐突に婚約者が出てくるとかも無理です . 以下の条件に当てはまるゲームを探してい...,0,0
2244,2026/2/2 3:02,X（旧Twitter）,.,15時間14分,0,7,7.0,0,0,0.008,0.0,0.0,0.01,あと3日,https://detail.chiebukuro.yahoo.co.jp/qa/question_detail/q14324817309,Xでアカをフォローされた厳密な日時って分かりますか？企業がそれを調べることはあるのでしょうか？ . 某ゲームのコンテストに応募したのですが、条件にXのフォローがあることが分かりました。自分はそれを知ら...,0,0
2245,2026/2/2 3:02,プレイステーション4,a8eb461e,15時間14分,0,4,4.0,0,0,0.004,0.0,0.0,0.0,あと3日,https://detail.chiebukuro.yahoo.co.jp/qa/question_detail/q14324817299,ps5のMARVELスパイダーマン2というゲームをプレイしていたのですが、 「スパイダーバースバース ノワールスーツ」というスーツを解放した時に一瞬なんかのメッセージが出たのですが間違えてすぐに×ボタ...,0,0
2246,2026/2/2 3:02,ゲーム,1050652346,15時間14分,0,34,34.0,1,0,0.037,0.0,0.0,0.15,あと3日,https://detail.chiebukuro.yahoo.co.jp/qa/question_detail/q14324817194,ゲーム[イナズマイレブン 英雄たちのヴィクトリーロード]にて 写真のような状態になってしまい、[L][R]ボタンや[ZL][ZR]ボタンを押しても 「選択しているチームの編成に問題があるためチーム編成...,0,0
2247,2026/2/2 3:02,オーディオ,c7352f644,15時間14分,0,14,14.0,0,0,0.015,0.0,0.0,0.02,あと3日,https://detail.chiebukuro.yahoo.co.jp/qa/question_detail/q14324817429,ヘッドセットの購入を検討しているのですが動画編集をしたいと考えてます。 その場合無線よりも有線のものの方が音のズレを考えると良いのでしょうか？ またおすすめのものございましたら教えて頂きたいです。,0,0
2248,2026/2/2 3:02,病気、症状,cdv********,15時間14分,0,39,39.0,0,0,0.043,0.0,0.0,0.04,あと3日,https://detail.chiebukuro.yahoo.co.jp/qa/question_detail/q14324817184,食中毒について質問です。 土曜日の23時頃に生牡蠣×2 日曜日の20時頃に肉刺し盛り（鳥ささみ、鳥レバー、豚タン） どちらも居酒屋で食べました。 月曜日の午前9時頃に、吐き気、嘔吐、腹痛、下痢に襲われ...,0,0
2249,2026/2/2 3:02,海外,tjgtm2j,15時間14分,0,15,15.0,0,0,0.016,0.0,0.0,0.02,あと3日,https://detail.chiebukuro.yahoo.co.jp/qa/question_detail/q13324817688,海外治験で参加したことのあるサイトでおすすめのところ教えて,0,0
2250,2026/2/2 3:02,イヌ,うぉううぉう,15時間14分,1,41,41.0,0,0,0.045,2.44,0.02,0.1,あと3日,https://detail.chiebukuro.yahoo.co.jp/qa/question_detail/q13324817548,今年14歳になるオスのトイプードルについてですが、1週間ほど前から毎日夜になると赤チンが2センチほどずっと出ている状態になります 昼間は必ずしまえているので、老犬だと寝ている時そうなるのは普通と自己判...,0,0
2251,2026/2/2 3:02,皮膚の病気、アトピー,a4d43dc5f,15時間14分,1,16,16.0,0,0,0.017,6.25,0.0,0.07,あと3日,https://detail.chiebukuro.yahoo.co.jp/qa/question_detail/q13324817608,温熱蕁麻疹は保湿の怠りですか？ 保湿をしたら完全に治りますか？,0,0
2252,2026/2/2 3:02,ゲーム,kyl********,15時間15分,0,10,10.0,0,0,0.011,0.0,0.0,0.01,あと3日,https://detail.chiebukuro.yahoo.co.jp/qa/question_detail/q13324817393,ゼンゼロ ゼンレスゾーンゼロのBGMについて 「配送トラブル」の戦闘中に流れるBGM Fairyが初登場(リンorアキラが目覚めたとき)のbgm それぞれ曲名を教えていただきたいです！,0,0
2253,2026/2/2 3:02,大学受験,a37c02456,15時間15分,1,41,41.0,0,0,0.045,2.44,0.02,0.1,あと3日,https://detail.chiebukuro.yahoo.co.jp/qa/question_detail/q13324817573,1月27日に京都産業大学前期共通テストプラスで法学部法律学科に出願した者です。共通テストの点数が114点で個別試験の英語が76点なので合計190/300点ですが合格できると思いますか？ 去年の合格最低...,0,0
2254,2026/2/2 3:02,スマホアプリ,jetagm3k,15時間15分,1,21,21.0,0,0,0.023,4.76,0.0,0.08,あと3日,https://detail.chiebukuro.yahoo.co.jp/qa/question_detail/q13324817413,TikTokはどうして一定の人はフォロワーが欲しいのですか？ライブしてる人とかはフォローしてねって言ってますしライブで何か投げられたらありがとーって言ってますしあれは何の意味があるのでしょうか？,0,0
2255,2026/2/2 3:02,アニメ,qqh********,15時間15分,0,16,16.0,0,0,0.017,0.0,0.0,0.02,あと3日,https://detail.chiebukuro.yahoo.co.jp/qa/question_detail/q13324817643,PSYCHO-PASS の縢秀星って実はめっちゃ子供と猫好きですか？ 子供に関しては選択なき幸福で、でもあれは自分と重ねたから……なのかもしれませんが、縢くんならそうじゃなくても子供に対して優しくしっ...,0,0
2256,2026/2/2 3:02,K-POP、アジア,非公開,15時間15分,0,27,27.0,0,0,0.03,0.0,0.0,0.03,あと3日,https://detail.chiebukuro.yahoo.co.jp/qa/question_detail/q13324817648,Cravityを生で見たことがある人に質問です。 みんなガチイケメンでしたか？ ソンミンとヒョンジュンは男を感じましたか？（本当に男なの？って思いまして） 中性的で可愛い男の子大好きです（笑） ソンミ...,0,0
2257,2026/2/2 3:02,コスメ、美容,匿名,15時間15分,0,15,15.0,1,0,0.016,0.0,0.0,0.13,あと3日,https://detail.chiebukuro.yahoo.co.jp/qa/question_detail/q13324817588,眉毛に詳しい方！！！ 写真のようにつり眉になりたいです、私は生まれた時から平行寄りなので吊らせる事が難しいかとおもいます。 眉毛アートも検討しましたが、たまにブリーチして眉無しにしたいので諦めました。...,0,0
2258,2026/2/2 3:02,スマホアプリ,蘭,15時間15分,0,16,16.0,0,0,0.017,0.0,0.0,0.02,あと3日,https://detail.chiebukuro.yahoo.co.jp/qa/question_detail/q13324817498,TikTokのライブ配信を見ながら他のアプリを見ることは出来ますが、TikTokの他の画面は見れないんでしょうかね？ ライブ中に購入する配信なので見ながら他のページに移りたいんですがそれは出来ないんで...,0,0
2259,2026/2/2 3:02,Instagram,匿名,15時間15分,0,22,22.0,0,0,0.024,0.0,0.0,0.02,あと3日,https://detail.chiebukuro.yahoo.co.jp/qa/question_detail/q13324817308,インスタでとある人のプロフィールに飛んだ時だけ 「〇〇さんにおすすめ（紹介）したいアカウント｣ って出てくるのですが、これはなんですか？ プロフィールに飛んだら相手に分かる通知とかそういうものですか？,0,0
2260,2026/2/2 3:02,ゲーム,aef41c9f8,15時間15分,0,6,6.0,0,0,0.007,0.0,0.0,0.01,あと3日,https://detail.chiebukuro.yahoo.co.jp/qa/question_detail/q13324817368,なぜp-pのマリカ配信はキヨに、“世界一見やすいマリカ配信”と言われているのですか？詳しい方いたらよろしくお願いします。,0,0
2261,2026/2/2 3:02,バイク,cf8035bd1,15時間15分,1,97,97.0,0,0,0.106,1.03,0.1,0.16,あと3日,https://detail.chiebukuro.yahoo.co.jp/qa/question_detail/q13324817303,ホンダスーパーカブJA10の ニュートラル時に発生する 「モーター音が回る音」 異音がします。 エンジン始動時は音はしないのですが エンジンが温まり ニュートラルに入れると モーターが回るような唸る ...,0,0
2262,2026/2/2 3:02,女性アイドル,ixq********,15時間15分,0,13,13.0,0,0,0.014,0.0,0.0,0.01,あと3日,https://detail.chiebukuro.yahoo.co.jp/qa/question_detail/q13324817363,乃木坂の森平麗美ちゃんは地毛ですか？,0,0
2263,2026/2/2 3:02,投稿練習,.,15時間15分,1,36,36.0,0,0,0.039,2.78,0.01,0.09,不明,https://detail.chiebukuro.yahoo.co.jp/qa/question_detail/q13324817268,自分の嫌いな人について占っていただきたいです。霊視や占いの方法は何でも構いません。相手の生年月日は不明です。 占いでない回答、数文字、1行のみなどの荒らし回答はやめてください。 . 嫌っているのはある...,0,0
2264,2026/2/2 3:02,pixiv,.,15時間15分,0,63,63.0,0,0,0.069,0.0,0.0,0.07,あと3日,https://detail.chiebukuro.yahoo.co.jp/qa/question_detail/q13324817328,こちらのイラストを描いた絵師様を探しています。絵柄が好きで現在も活動されているのであれば現在の名義、pixiv、あればXのアカウントが知りたいです。 . 以前のpixivのユーザーIDは「725927...,0,0
2265,2026/2/2 3:01,ライブ、コンサート,非公開,15時間16分,1,29,29.0,0,0,0.032,3.45,0.01,0.09,あと3日,https://detail.chiebukuro.yahoo.co.jp/qa/question_detail/q12324817722,WESTのライブに応募しました！ 当落が2月16日です。 当落分かってからグッズ購入になりますか？それともそれじゃ遅いですか？,0,0
2266,2026/2/2 3:01,恋愛相談、人間関係の悩み,c554f8f57,15時間16分,1,19,19.0,0,0,0.021,5.26,0.0,0.08,あと3日,https://detail.chiebukuro.yahoo.co.jp/qa/question_detail/q12324817627,恋愛関係に発展するためには友達のように仲良くなることも大事ですか,0,0
2267,2026/2/2 3:01,資格,ただの学生,15時間16分,0,39,39.0,0,0,0.043,0.0,0.0,0.04,あと3日,https://detail.chiebukuro.yahoo.co.jp/qa/question_detail/q12324817732,ウィッグについて質問です。 美容国家試験について質問です。 写真のようにワインディングウィッグの顔に黒い点々のような汚れがついてしまいまた。原因はわかりません。いろいろ試しましたが落ちませんでした。落...,0,0
2268,2026/2/2 3:01,K-POP、アジア,非公開,15時間16分,0,11,11.0,0,0,0.012,0.0,0.0,0.01,あと3日,https://detail.chiebukuro.yahoo.co.jp/qa/question_detail/q12324817687,Cravityを生で見たことがある方、一番、綺麗だと思ったメンバーは誰ですか？ 生で見た感想教えてください！,0,0
2269,2026/2/2 3:01,携帯型ゲーム全般,.,15時間17分,0,26,26.0,0,0,0.028,0.0,0.0,0.03,あと3日,https://detail.chiebukuro.yahoo.co.jp/qa/question_detail/q12324817377,ソシャゲの運営に詳しい方に質問です。これはコスト削減なのでしょうか。 それとも単に運営が楽をして稼ぎたいと思っているだけですか？ . 運営はXでユーザーにサービス終了を疑われると「(イベント開始日の)...,0,0
2270,2026/2/2 3:01,ゲーム,sgniiwthukuro,15時間17分,0,9,9.0,0,0,0.01,0.0,0.0,0.01,あと3日,https://detail.chiebukuro.yahoo.co.jp/qa/question_detail/q12324817402,シティーズスカイラインで路線設定できていたのに路線設定できていないマークがめっちゃ出ます 交通機関は問題なく動くんですけど… あと停車番線とかを変えようとしたら経路が見つかりませんマークが出てきます…...,0,0
2272,2026/2/2 3:01,職場の悩み,1151214855,15時間17分,0,17,17.0,0,0,0.019,0.0,0.0,0.02,あと3日,https://detail.chiebukuro.yahoo.co.jp/qa/question_detail/q12324817537,野村證券営業部門出身の方に質問です。入社後は独身寮に入る方がほとんどだと思うのですが、私は東京以外の大阪の都心部以外の支店だった場合車を購入しようと考えているのですが、社宅に駐車場はございますか？ あ...,0,0
2273,2026/2/2 3:01,ポータブル音楽プレーヤー,185549195,15時間17分,0,18,18.0,1,0,0.02,0.0,0.0,0.13,あと3日,https://detail.chiebukuro.yahoo.co.jp/qa/question_detail/q12324817457,音楽を聴きながら寝て、朝起きたら音楽が聴こえてなかったので不思議に思ってBluetooth設定を見ると見ず知らずの人のBluetoothに接続されていました。こんなことってありえるんですか？ その人は...,0,0
2274,2026/2/2 3:01,就職活動,1052928202,15時間17分,0,15,15.0,0,0,0.016,0.0,0.0,0.02,あと3日,https://detail.chiebukuro.yahoo.co.jp/qa/question_detail/q12324817442,エンカレッジ利用終了時にアンケートはありますか？ エンカレッジの利用終了、退会手続きについて質問です。 僕は、エンターとしてエンカレッジを利用しているのですが、内定を頂いた企業に就職することを決め、就...,0,0
2275,2026/2/2 3:01,バンド,b689762cb,15時間17分,0,24,24.0,0,0,0.026,0.0,0.0,0.03,あと3日,https://detail.chiebukuro.yahoo.co.jp/qa/question_detail/q12324817317,Mrs. GREEN APPLE、lulu のMVで大森元貴さんが着用してた洋服ってどこのでしょうか？ それか、似てるものがあれば教えてください,0,0
2276,2026/2/2 3:01,アジア・韓国ドラマ,おちば,15時間17分,0,62,62.0,0,0,0.068,0.0,0.0,0.07,あと3日,https://detail.chiebukuro.yahoo.co.jp/qa/question_detail/q12324817252,韓国ドラマ、金よ出てこいコンコン を後1話で最終話で見終えます。 大変面白く、一気見してしまいました。 感想は毒親達のいざこざといった感じ。 疑問点があります。 ちゃんと見ていたつもりなんですが、 ヒ...,0,0
2277,2026/2/2 3:01,ファッション,時代遅れ,15時間17分,0,16,16.0,0,0,0.017,0.0,0.0,0.02,あと3日,https://detail.chiebukuro.yahoo.co.jp/qa/question_detail/q12324817207,スペ96のデブ女でもアンドマリーは着れますか？ ウエスト74、ヒップ102です。 出来ればこの画像のお洋服が欲しいですが厳しいですよね…ニットとかなら着れますか？,0,0
2278,2026/2/2 3:01,アニメ,cc8130fb4,15時間17分,0,12,12.0,0,0,0.013,0.0,0.0,0.01,あと3日,https://detail.chiebukuro.yahoo.co.jp/qa/question_detail/q12324817357,Xでのハイキュー宮治の夢小説を探しています。 宮治の夢小説で、付き合っているのですが、治がバレーの調子が悪くなり、女バレの女の子に相談してる所を何度か見てしまって、女バレの子が治の頭を撫でようとする手...,0,0
2279,2026/2/2 3:01,コミック,b14f1cf21,15時間17分,2,46,23.0,0,2,0.05,4.35,0.01,0.22,あと3日,https://detail.chiebukuro.yahoo.co.jp/qa/question_detail/q14324920634,呪術廻戦でまこらの適応が裏目に出たのところがよくわからないのですが適応の何が裏目に出てしまったのですか？,0,0
2280,2026/2/2 3:01,子育ての悩み,c458df371,15時間17分,0,25,25.0,0,0,0.027,0.0,0.0,0.03,あと3日,https://detail.chiebukuro.yahoo.co.jp/qa/question_detail/q11324817656,しまむらのベビーカーフックの取り付けについて質問です。 裏側の取り付け方法をきちんと見る前に捨ててしまい、使用してる最中にズレたりして使いにくいです。 もしこの裏側を全部見れる方がいたら共有していただ...,0,0
2281,2026/2/2 3:01,メンズ全般,匿名がりあ,15時間17分,0,8,8.0,0,0,0.009,0.0,0.0,0.01,あと3日,https://detail.chiebukuro.yahoo.co.jp/qa/question_detail/q11324817711,アークテリクスのジャケットのサイズ感について。 ベータARかアルファSVの購入を検討しているのですが180/65の体型でインナーダウンを着用する想定だとどの程度のサイズが良いのでしょうか？,0,0
2282,2026/2/2 3:01,ヘアスタイル,物理的に正しい以外は糞ウンコ,15時間17分,0,56,56.0,0,0,0.061,0.0,0.0,0.06,あと3日,https://detail.chiebukuro.yahoo.co.jp/qa/question_detail/q11324817581,今の髪型が終わってる感じあるのですが 髪整えたいのと色を脱色するので髪型の案だしてほしいです かっこいい、中性的、ウルフけい、V系、今どきの個性な髪型、 とりあえず案ください 髪色もできれば。赤色無し...,0,0
2283,2026/2/2 3:01,ゲーム,匿名,15時間17分,0,6,6.0,0,0,0.007,0.0,0.0,0.01,あと3日,https://detail.chiebukuro.yahoo.co.jp/qa/question_detail/q11324817531,とかワールドっていうゲームにある屋台みたいなところにある辛いスープ？みたいなやつは作れないんでしょうか。 教えて欲しいです。,0,0
2284,2026/2/2 3:01,大学受験,1152404769,15時間17分,0,29,29.0,0,0,0.032,0.0,0.0,0.03,あと3日,https://detail.chiebukuro.yahoo.co.jp/qa/question_detail/q11324817621,英検二級を受けた者です。 作文の採点が甘いと聞いたので、満点近くを取りたいと思っていたのですが、本番で意見論述で80語ぴったり(ワンチャン79くらいかも)で書いてしまいました。 満点近くの点数はほぼ無...,0,0
2285,2026/2/2 3:01,pixiv,.,15時間18分,0,34,34.0,0,0,0.037,0.0,0.0,0.04,あと3日,https://detail.chiebukuro.yahoo.co.jp/qa/question_detail/q11324817361,これらのイラストを描いた絵師様を教えてください。 以前ヒメキスというサービス終了済みのソシャゲで絵を描いていた方です。 / pixivで仕事報告をしている中にはいませんでした。ヒメキスのイラストレータ...,0,0
2286,2026/2/2 3:01,カフェ、喫茶,田中,15時間18分,0,26,26.0,0,0,0.028,0.0,0.0,0.03,あと3日,https://detail.chiebukuro.yahoo.co.jp/qa/question_detail/q11324817431,ずっとメイドカフェに行ってみたくて、先日初めて行ってきました。 そこのメイドさんがめちゃくちゃフレンドリーで、自分のスマホを取りだしてプライベートな写真を見せてきたりと、期待していたメイドカフェとは少...,0,0
2287,2026/2/2 3:01,小説,.,15時間18分,0,13,13.0,0,0,0.014,0.0,0.0,0.01,あと3日,https://detail.chiebukuro.yahoo.co.jp/qa/question_detail/q11324817291,小説版Motherの性描写って結局鍾乳洞のところでいいんですかね？ 個人的には性描写ではなく精神的な交わりというか、PSIが使える者同士で共鳴し合ったのではないかと思っているのですが。 鍾乳洞を出てか...,0,0
2288,2026/2/2 3:01,病気、症状,1149704659,15時間18分,0,5,5.0,0,0,0.005,0.0,0.0,0.01,あと3日,https://detail.chiebukuro.yahoo.co.jp/qa/question_detail/q11324817386,エアードック モイについて質問です。夜にスリープモードにしていると目が覚めてしまうほど大きな異音が鳴ることがあります。傾けたり、押さえたりすると症状が治ることがあります。 エアーがかんだりして異音が鳴...,0,0
2289,2026/2/2 3:01,大学受験,あ。,15時間18分,0,58,58.0,0,0,0.063,0.0,0.0,0.06,あと3日,https://detail.chiebukuro.yahoo.co.jp/qa/question_detail/q11324817246,法政大学社会学部社会政策科学科に共テ利用で出願しました。得点率が77%台でパスナビに書いてある今年のボーダー78%に0.4%ほど届きませんでした。合格の可能性はほぼないと思った方が良いでしょうか？ ま...,0,0
2290,2026/2/2 3:01,趣味,ささ,15時間18分,0,8,8.0,0,0,0.009,0.0,0.0,0.01,あと3日,https://detail.chiebukuro.yahoo.co.jp/qa/question_detail/q10324817725,57mm缶バッジを3×5の15個で組める、黒色の痛バを教えてください！出来れば、普段使いできるように薄っぺらくないものやショルダー付きのものが好ましいです。,0,0
2291,2026/2/2 3:01,コミュニケーションサービス,1253342585,15時間18分,0,10,10.0,0,0,0.011,0.0,0.0,0.01,あと3日,https://detail.chiebukuro.yahoo.co.jp/qa/question_detail/q10324817730,weiboに新規登録できないです。 電話番号だとSMSが届かなくて進まないし、 メアドだとアドレスとパスワードが間違ってると出て進まないです。,0,0
2292,2026/2/2 3:01,同人誌、コミケ,1051859011,15時間18分,0,47,47.0,0,0,0.051,0.0,0.0,0.05,あと3日,https://detail.chiebukuro.yahoo.co.jp/qa/question_detail/q10324817670,クリスタを使い始めて2日目の初心者です。 コマ割りをした後、人物に重なってしまう部分の枠を「コマ枠消しペン」というのを作成して、消したのですが、下の基本枠の線も一部消えてしまっていることに気がつきまし...,0,0
2293,2026/2/2 3:01,健康、病気、病院,b94837b46,15時間18分,0,8,8.0,0,0,0.009,0.0,0.0,0.01,あと3日,https://detail.chiebukuro.yahoo.co.jp/qa/question_detail/q10324817380,最近生活習慣が乱れて困っています 朝食抜き、午前中まで学校があり、昼食をたくさん食べて寝ます 夕方くらいに目が覚めて、晩御飯食べて、眠れなくて夜食食べて…の繰り返しです 健康に悪いし太りました… 解決...,0,0
2294,2026/2/2 3:01,決済、ポイントサービス,1252771205,15時間18分,0,19,19.0,0,0,0.021,0.0,0.0,0.02,あと3日,https://detail.chiebukuro.yahoo.co.jp/qa/question_detail/q10324817505,TikTok ライトで今まで普通にポイント貯めてましたが、本日から 本キャンペーンの参加条件を満たしていません。詳細はFAQをご参照の上、条件満たして再度お試しください。 と出ました。 どうすれば良い...,0,0
2295,2026/2/2 3:01,ホテル、旅館,1150948605,15時間18分,0,35,35.0,0,0,0.038,0.0,0.0,0.04,あと3日,https://detail.chiebukuro.yahoo.co.jp/qa/question_detail/q10324817700,TOWAピュアコテージの写真の一戸建て貸別荘に宿泊したいのですが、ここの露天風呂が周りの施設から見えないか心配です。 どなたかわかる方いたら教えていただきたいです。,0,0
2296,2026/2/2 3:01,病気、症状,1150063107,15時間18分,0,23,23.0,0,0,0.025,0.0,0.0,0.03,あと3日,https://detail.chiebukuro.yahoo.co.jp/qa/question_detail/q10324817580,写真失礼します。汚くてすみません。 頭皮がとても痒くてかいてしまったんですけど火傷の後のようになってしまいました。触らなくてもヒリヒリします。対処法教えていただきたいです!過去に数え切れないほどのブリ...,0,0
2297,2026/2/2 3:01,大学受験,1150687328,15時間18分,0,13,13.0,0,0,0.014,0.0,0.0,0.01,あと3日,https://detail.chiebukuro.yahoo.co.jp/qa/question_detail/q10324817385,兵庫県立大学工学部電気電子情報工学科の３年生以降の楽単を教えてください！,0,0
2298,2026/2/2 3:01,恋愛相談、人間関係の悩み,あ,15時間18分,1,22,22.0,0,3,0.024,4.55,0.01,0.18,不明,https://detail.chiebukuro.yahoo.co.jp/qa/question_detail/q13324920633,良い事でも悪い事でも友達などの自分以外の人が言ったことが本当の事になりやすいのはなぜですか？,0,0
2299,2026/2/2 3:01,メンズ全般,MY,15時間18分,0,17,17.0,0,0,0.019,0.0,0.0,0.02,あと3日,https://detail.chiebukuro.yahoo.co.jp/qa/question_detail/q10324817570,みなさん東京で服買う時どこで買ってますか？ ジーパンやスウェットに合わせられる服がいいです。 20歳メンズです。 かっこいいスウェット売ってる場所も教えてくれるとありがたいです。 よろしくお願いします...,0,0
2300,2026/2/2 3:01,恋愛相談、人間関係の悩み,adf61eb54,15時間18分,0,9,9.0,0,0,0.01,0.0,0.0,0.01,あと3日,https://detail.chiebukuro.yahoo.co.jp/qa/question_detail/q10324817645,知り合って浅く恋愛で絶対的な恋愛感情がないとはいえ、女性が告白を受け入れるのと保留して断るのでは雲泥の差ですか,0,0
2301,2026/2/2 3:01,アニメ,.,15時間18分,0,12,12.0,0,0,0.013,0.0,0.0,0.01,あと3日,https://detail.chiebukuro.yahoo.co.jp/qa/question_detail/q10324817300,月のワルツのPVについて質問です。アニメの解釈が聞きたいだけなので曲とは関係無いです。以前似たような質問をしています。 . 以前某動画サイトにみんなのうたで流れたPVが転載されていました。 そこにいく...,0,0
2302,2026/2/2 3:01,メイク、コスメ,slxjfbfbfk,15時間19分,0,12,12.0,0,0,0.013,0.0,0.0,0.01,あと3日,https://detail.chiebukuro.yahoo.co.jp/qa/question_detail/q10324817285,バイユアとヒンスのファンデーションで乾燥肌よりの混合肌におすすめなのはどっちですか？,0,0
2303,2026/2/2 3:01,ゲーム,.,15時間19分,0,16,16.0,0,0,0.017,0.0,0.0,0.02,あと3日,https://detail.chiebukuro.yahoo.co.jp/qa/question_detail/q10324817335,恋愛要素があり主人公の性別が選べるゲームは今後台詞などで男女での差分無しが主流となるのでしょうか？ ソシャゲやポケモン、ルンファク5、龍ファクとかやってて思ったのですが。 ○○ちゃん/○○くん、彼/彼...,0,0
2304,2026/2/2 3:01,エアコン、空調家電,ナナシ,15時間19分,3,35,11.7,0,0,0.038,8.57,0.0,0.2,あと3日,https://detail.chiebukuro.yahoo.co.jp/qa/question_detail/q12324920632,エアコン室外機の不良について 去年12月にエアコンを新調したのですが、起動時にキーンという高周波音が常に鳴り、たいへん困っております。 2025年 Eolia Jシリーズ CS-255DJR-W です...,0,0
2305,2026/2/2 3:01,鉄道、列車、駅,kiuf40,15時間19分,2,64,32.0,0,0,0.07,3.12,0.02,0.18,あと3日,https://detail.chiebukuro.yahoo.co.jp/qa/question_detail/q11324920631,JRのきっぷ制度に詳しい方に質問です。 大阪〜上越妙高をサンダーバードと北陸新幹線で移動しようとした時、 大阪→糸魚川は北陸・関西チケットレス（早特7）で発券（あらかじめ紙で発券）し、糸魚川→上越妙高...,0,0
2306,2026/2/2 3:01,文房具,owj********,15時間19分,1,20,20.0,0,1,0.022,5.0,0.0,0.11,あと3日,https://detail.chiebukuro.yahoo.co.jp/qa/question_detail/q10324920630,シャチハタ印鑑の蓋と底の部分に小さな穴が一つずつあったんですが、何のための穴ですか？,0,0
2307,2026/2/2 3:01,政治、社会問題,ティム・ポスライス,15時間19分,2,38,19.0,0,6,0.041,5.26,0.01,0.35,あと3日,https://detail.chiebukuro.yahoo.co.jp/qa/question_detail/q14324920629,竹中平蔵さんは「日本の毛沢東だ」と辛辣に批判する意見もネット上にはありますがなぜ奴はここまで嫌われたのか纏めてご教示願えますか?,0,0
2309,2026/2/2 3:01,お酒、ドリンク,b8fbb920,15時間19分,0,2,2.0,0,0,0.002,0.0,0.0,0.0,あと3日,https://detail.chiebukuro.yahoo.co.jp/qa/question_detail/q12324920627,スタンレーのクラシックボトルって直飲みできますかね？,0,0
2310,2026/2/2 3:01,日本映画,yoi********,15時間19分,1,25,25.0,0,0,0.027,4.0,0.01,0.08,あと3日,https://detail.chiebukuro.yahoo.co.jp/qa/question_detail/q11324920626,君たちはどう生きるかを配信で見ました。 劇場でも見たのですが、ラストや夏子が激昂するシーンなどで自分の記憶とは違う演出がありました。 自分中でこういうカットだったという記憶が映像として残っているのです...,0,0
2311,2026/2/2 3:00,高校受験,lD非公開,15時間20分,5,62,12.4,0,0,0.067,8.06,0.01,0.34,あと3日,https://detail.chiebukuro.yahoo.co.jp/qa/question_detail/q14324920624,京都で校則がほぼない高校って何がありますか？？偏差値はなんでも大丈夫です。,0,0
2312,2026/2/2 3:00,数学,チ。ーチキンナゲットについてー,15時間20分,4,52,13.0,0,0,0.056,7.69,0.01,0.27,不明,https://detail.chiebukuro.yahoo.co.jp/qa/question_detail/q13324920623,1分と60秒の違いは何ですか？,0,0
2313,2026/2/2 3:00,マラソン、陸上競技,agn********,15時間20分,0,9,9.0,0,0,0.01,0.0,0.0,0.01,あと3日,https://detail.chiebukuro.yahoo.co.jp/qa/question_detail/q12324920622,大阪マラソンについて この赤い矢印のところ(日本橋の下寺側)から自転車(押すのも可)から堺筋本町方面に抜けたいのですが 夕方までこれは抜けることができないのでしょうか？,0,0
2314,2026/2/2 3:00,ドラゴンクエスト,非公開,15時間20分,1,24,24.0,0,0,0.026,4.17,0.01,0.08,不明,https://detail.chiebukuro.yahoo.co.jp/qa/question_detail/q11324920621,ドラゴンクエストのエスタークと言いますと、どのようなイメージでしょうか？ https://youtube.com/shorts/UWAAtIwNBjM?si=t3M00lOHQkNUMZmC,0,0
2315,2026/2/2 3:00,韓国・朝鮮語,1151232687,15時間20分,2,72,36.0,0,2,0.078,2.78,0.03,0.25,あと3日,https://detail.chiebukuro.yahoo.co.jp/qa/question_detail/q10324920620,KーPOPアイドルなど韓国オタクで韓国語が翻訳なしで理解できるようになった方達はどんな勉強法でわかるようになりましたか？ 大好きな推しのLIVEをファンの方の切り抜き動画などを待たずに楽しめるように、...,0,0
2316,2026/2/2 3:00,携帯型ゲーム全般,名無し,15時間20分,0,10,10.0,0,0,0.011,0.0,0.0,0.01,あと3日,https://detail.chiebukuro.yahoo.co.jp/qa/question_detail/q14324920619,ドッカンバトルのスキル玉って何レベまであるんですか？,0,0
2317,2026/2/2 3:00,邦楽,非公開,15時間20分,4,20,5.0,0,0,0.022,20.0,0.0,0.24,あと3日,https://detail.chiebukuro.yahoo.co.jp/qa/question_detail/q13324920618,浜崎あゆみの中で好きなバラード曲はなんですか？,0,0
2318,2026/2/2 3:00,芸能人,あ,15時間21分,1,29,29.0,0,0,0.031,3.45,0.01,0.09,あと3日,https://detail.chiebukuro.yahoo.co.jp/qa/question_detail/q12324920617,しょまたくは付き合ってますか？ 南雲奨馬 濱家拓斗,0,0
2319,2026/2/2 2:59,税金,rig****,15時間22分,2,13,6.5,0,0,0.014,15.38,0.0,0.12,あと3日,https://detail.chiebukuro.yahoo.co.jp/qa/question_detail/q11324920616,業務委託で1年の手取りの合計が220万程度だった場合、確定申告時に払う金額はいくらになる見込みでしょうか。,0,0
2320,2026/2/2 2:59,パソコン,ああああ,15時間22分,2,10,5.0,0,1,0.011,20.0,0.0,0.15,あと3日,https://detail.chiebukuro.yahoo.co.jp/qa/question_detail/q14324920614,RTX30シリーズがうんkとか言い出すヤカラが居るようですが、普通に今でも通用するスペックなのでは？ 特にRTX3070以上ならVRAM8GBでもAPEX、ヴァロ、フォトナ辺りなどは全く問題ないはずで...,0,0
2321,2026/2/2 2:59,英語,非公開,15時間22分,1,32,32.0,0,0,0.035,3.12,0.01,0.09,あと3日,https://detail.chiebukuro.yahoo.co.jp/qa/question_detail/q13324920613,中学英語の質問です。 There was serious damage done to the bridge by the earthquake last year. この文構造など詳しく教えてくださ...,0,0
2322,2026/2/2 2:59,大学受験,a,15時間22分,0,27,27.0,0,0,0.029,0.0,0.0,0.03,あと3日,https://detail.chiebukuro.yahoo.co.jp/qa/question_detail/q12324920612,高一です。 進研模試1月の自己採点を行ったところ、 英語11 数学30 国語31 合計72 でした。 この点数でかなり恥ずかしいのですが、九州大学放射線専攻を目指しはじめた直後の進研模試がこれです。 ...,0,0
2323,2026/2/2 2:58,注文住宅,むーんちゃん。,15時間23分,3,88,29.3,0,0,0.095,3.41,0.03,0.26,あと3日,https://detail.chiebukuro.yahoo.co.jp/qa/question_detail/q11324920611,注文住宅の悩み 現在注文住宅を建てる為にハウスメーカーを決めている段階です。 デザイン、機能性、価格から見ても絶対1番に選びたいハウスメーカーがあるのですが 数回ほど契約前の打ち合わせをしたのですが店...,0,0
2324,2026/2/2 2:58,刀剣乱舞,duk********,15時間23分,3,89,29.7,0,6,0.096,3.37,0.03,0.45,あと3日,https://detail.chiebukuro.yahoo.co.jp/qa/question_detail/q10324920610,刀剣乱舞の周回について質問です。 大阪城を自動周回していますが、手動でポチポチ操作した場合と完全放置した場合で明確な周回差は出ますでしょうか？そんなに変わらないなら放置しようと思うのですが結構差がある...,0,0
2325,2026/2/2 2:58,大学,非公開,15時間23分,5,57,11.4,0,3,0.062,8.77,0.01,0.43,あと3日,https://detail.chiebukuro.yahoo.co.jp/qa/question_detail/q14324920609,専修大学の商学部と東洋大学の経済学部の場合、どちらに進学した方がよいのでしょうか。 私自身、どちらも学びたいことがあり、都心型キャンパスであるため、どちらに進学するか迷っています。就活の面や、私自身、...,0,0
2326,2026/2/2 2:58,子育ての悩み,kod********,15時間23分,9,107,11.9,0,2,0.116,8.41,0.01,0.67,あと3日,https://detail.chiebukuro.yahoo.co.jp/qa/question_detail/q13324920608,3歳児ママ、ママ友０人寂しいです 専業主婦、３歳の双子ママですが 双子が幼稚園に通ってますが、未だに ママ友が出来なくて寂しいです。 ここの幼稚園はPTAなどなく、保護者参加の行事も少ないので、ママ友...,0,0
2327,2026/2/2 2:58,コミック,a397b25,15時間23分,1,22,22.0,1,1,0.024,4.55,0.01,0.22,あと3日,https://detail.chiebukuro.yahoo.co.jp/qa/question_detail/q12324920607,助けてくださいNTRの漫画を見てしまいました。 このモヤモヤを取るにはどうしたらいいですか？,0,0
2328,2026/2/2 2:58,政治、社会問題,dgj********,15時間23分,0,21,21.0,0,0,0.023,0.0,0.0,0.02,あと3日,https://detail.chiebukuro.yahoo.co.jp/qa/question_detail/q11324920606,平成や昭和も、子連れは新幹線に乗ったり、美術館やデパート、おしゃれカフェに行ったりしましたか？ 周囲の迷惑考えたら、子連れなら控えるでしょうと思う人をたまに見かけます。 こうした非常識は昔からいたので...,0,0
2329,2026/2/2 2:58,釣り,アクアリウムしの助,15時間23分,0,24,24.0,2,0,0.026,0.0,0.0,0.24,あと3日,https://detail.chiebukuro.yahoo.co.jp/qa/question_detail/q14324920604,フライのゲームチェンジャーのおすすめカラー教えてください。 経験談などもあればお聞かせください。,0,0
2330,2026/2/2 2:58,就職活動,非公開,15時間23分,4,46,11.5,0,1,0.05,8.7,0.01,0.3,あと3日,https://detail.chiebukuro.yahoo.co.jp/qa/question_detail/q12324920602,青山学院大学から、三菱商事に入れますか？,0,0
2331,2026/2/2 2:57,子育ての悩み,非公開,15時間24分,3,25,8.3,0,0,0.027,12.0,0.0,0.19,あと3日,https://detail.chiebukuro.yahoo.co.jp/qa/question_detail/q10324920600,約生後1ヶ月の赤ちゃんを育児している20代前半女です。 最近汗だくで起きることが多く、2～3時間寝ると服が湿るくらい汗をかいており、ズボンは一瞬漏らしたのかと焦るくらい濡れています。 起きる時は自分の...,0,0
2332,2026/2/2 2:57,就職活動,非公開,15時間24分,7,143,20.4,0,13,0.155,4.9,0.03,0.95,あと3日,https://detail.chiebukuro.yahoo.co.jp/qa/question_detail/q12324920597,日大理工と成蹊理工は就職を考えてどっちに入るべきですか？ また、成蹊理工はどのような大企業に入っていますか？ 日大は大企業に数多く入っていますが、学生の人数が多いため競争になるかと。 成蹊は理系という...,0,0
2333,2026/2/2 2:57,サッカー,ryu********,15時間25分,1,4,4.0,0,0,0.004,25.0,0.0,0.06,不明,https://detail.chiebukuro.yahoo.co.jp/qa/question_detail/q11324920596,FC26の監督キャリアについて質問です。レンタルさせた選手のスタッツは確認することができないんでしょうか？,0,0
2334,2026/2/2 2:57,恋愛相談、人間関係の悩み,0,15時間25分,1,32,32.0,0,0,0.035,3.12,0.01,0.09,あと3日,https://detail.chiebukuro.yahoo.co.jp/qa/question_detail/q10324920595,どうしたら前向きに彼氏と付き合って行けるか教えてください。 とても長くなりますが一年以上悩んでいるので誰かに見て頂きたいです。 同い年で高校3年の夏頃から付き合い始めて現在2人とも社会人です。環境が変...,0,0
2335,2026/2/2 2:56,政治、社会問題,非公開,15時間26分,0,11,11.0,0,0,0.012,0.0,0.0,0.01,あと3日,https://detail.chiebukuro.yahoo.co.jp/qa/question_detail/q13324920593,新しい川口市長はクルド人に対してどういう姿勢で臨もうとしている市長ですか？ 公約を鵜のみにしても大丈夫だと思いますか？,0,0
2336,2026/2/2 2:56,病気、症状,非公開,15時間26分,0,10,10.0,0,0,0.011,0.0,0.0,0.01,あと3日,https://detail.chiebukuro.yahoo.co.jp/qa/question_detail/q12324920592,私はおならが多くて病院に通っていて漢方薬と下剤と整腸剤を飲んでいます。 それでも午後は特におならが出やすいのでガスピタンという薬を飲もうか悩んでいます。 ガスピタンは処方されている薬と一緒に飲んでも大...,0,0
2337,2026/2/2 2:56,アナウンサー,bkf********,15時間26分,0,8,8.0,0,0,0.009,0.0,0.0,0.01,あと3日,https://detail.chiebukuro.yahoo.co.jp/qa/question_detail/q11324920591,みのもんたさんが女性アナウンサーを泣かせるまで厳しい指導をしたのは適切ですか？,0,0
2338,2026/2/2 2:56,恋愛相談、人間関係の悩み,kir********,15時間26分,3,30,10.0,0,0,0.032,10.0,0.0,0.19,あと3日,https://detail.chiebukuro.yahoo.co.jp/qa/question_detail/q10324920590,一人暮らしを初めて、彼氏に、お金が大変なんだよね、と落ち込んでたら、頑張ってるね、と言われました。他人事みたいに言わないでよと言ったらキレられました。 私が他人事と思った理由は、実家暮らしで休学中で余...,0,0
2339,2026/2/2 2:56,鉄道、列車、駅,匿名,15時間26分,5,82,16.4,0,17,0.089,6.1,0.01,0.91,あと3日,https://detail.chiebukuro.yahoo.co.jp/qa/question_detail/q14324920589,今度初めて一人で電車に乗るのですが、よくどっちの電車に乗ればいいか分からない時ってあるじゃないですか、ホームの左右に電車が来てる時とか、1本前のやつが遅れてきて今目の前に停まってるのか、 今から乗るや...,0,0
2340,2026/2/2 2:56,政治、社会問題,may************,15時間26分,1,34,34.0,1,0,0.037,2.94,0.01,0.2,あと3日,https://detail.chiebukuro.yahoo.co.jp/qa/question_detail/q13324920588,選挙で落選した候補者があとから 「不正選挙だからだ」「組織票だからだ」と 主張するのはダサくないですか？ 圧倒的な実力や、都民や市民からのあきらかな人気があるならわかりますが 劣っているにもかかわらず...,0,0
2341,2026/2/2 2:56,ゲーム,a7a90ff03,15時間26分,1,26,26.0,0,0,0.028,3.85,0.01,0.08,あと3日,https://detail.chiebukuro.yahoo.co.jp/qa/question_detail/q11324920586,ハートピアスローライフのドリームで超大型パズルと書いてあるのですが超大型パズルは何処で入手できますか？,0,0
2342,2026/2/2 2:56,大学受験,匿名０９８,15時間26分,3,69,23.0,0,0,0.074,4.35,0.02,0.24,あと3日,https://detail.chiebukuro.yahoo.co.jp/qa/question_detail/q10324920585,阪大受験を考えている浪人生です。 近年、倍率が大学の基準を上回っていないのに足切りが発生したように、志願者数から受験者数が減ってあります。これは足切りが発生したのでしょうか？あるいはただ受験者が受験会...,0,0
2343,2026/2/2 2:56,恋愛相談、人間関係の悩み,1150486655,15時間26分,1,15,15.0,0,0,0.016,6.67,0.0,0.07,あと3日,https://detail.chiebukuro.yahoo.co.jp/qa/question_detail/q14324920584,挑発されて、挑発に乗ってしまう人は、挑発する人と脳は同じレベルのことが多いですよね,0,0
2344,2026/2/2 2:56,病気、症状,非公開,15時間26分,4,28,7.0,1,2,0.03,14.29,0.0,0.42,あと3日,https://detail.chiebukuro.yahoo.co.jp/qa/question_detail/q13324920583,小6女子です。最近嫌な事や悲しい事があると、喉の中に指を入れて満足するまで嗚咽を繰り返します。 吐くのが心地良い、というよりかは喉に異物が入って嗚咽をする感覚が安心するみたいな感じなのでなので嘔吐症で...,0,0
2345,2026/2/2 2:56,生き方、人生相談,、。,15時間26分,1,9,9.0,0,0,0.01,11.11,0.0,0.06,あと3日,https://detail.chiebukuro.yahoo.co.jp/qa/question_detail/q12324920582,スマホに夢中になりすぎて睡眠時間が４時間しか残ってない時に、３時間くらい時間巻き戻せたら今度こそちゃんと寝るのにって思うことはありますか？,0,0
2346,2026/2/2 2:55,恋愛相談、人間関係の悩み,mtd@gmw,15時間27分,4,40,10.0,0,2,0.043,10.0,0.0,0.32,あと3日,https://detail.chiebukuro.yahoo.co.jp/qa/question_detail/q11324920581,32歳独身女です。 電車で隣に座っていた男の子が受験勉強か何かをしていたのですが、そのうちウトウトして私の方にもたれてきました。 彼の髪からものすごくいい匂いがして正直ドキドキしました。 ずっといい匂...,0,0
2347,2026/2/2 2:55,会計、経理、財務,wes********,15時間28分,1,12,12.0,0,0,0.013,8.33,0.0,0.07,あと3日,https://detail.chiebukuro.yahoo.co.jp/qa/question_detail/q10324920580,やよいの青色申告オンライン26を利用しています。銀行口座やクレジットカードをスマート取引を用いて取り込みました。 （質問1）銀行口座から27日に引き落とされるクレジットカード10万円の仕訳は「未払金」...,0,0
2348,2026/2/2 2:55,ゲーム,rsa********,15時間28分,1,8,8.0,0,1,0.009,12.5,0.0,0.09,不明,https://detail.chiebukuro.yahoo.co.jp/qa/question_detail/q14324920579,Dead by Daylightを最近初めてました。 ナースが強いと聞いて練習しているのですが難しいためレイスに乗り換えようか迷ってます。どうすればいいですか,0,0
2349,2026/2/2 2:55,周辺機器,1253286902,15時間28分,0,2,2.0,0,0,0.002,0.0,0.0,0.0,あと3日,https://detail.chiebukuro.yahoo.co.jp/qa/question_detail/q13324920578,Artisanのマウスパッドについての質問です。 Artisanのマウスパッドは色によって滑りが変わると聞いたことがあるのですが、そこまで実感できるものなのでしょうか？ 少しでも違うということなら、色...,0,0
2350,2026/2/2 2:55,大学受験,名無し,15時間28分,1,31,31.0,0,0,0.033,3.23,0.01,0.09,あと3日,https://detail.chiebukuro.yahoo.co.jp/qa/question_detail/q12324920577,産業能率大学の入試について 今年から新しく追加された方式の、英検四技能利用方式では、何割取れば合格できると思いますか？ 科目は国語と政経の予定です。 英検の点数は90点換算です。,0,0
2351,2026/2/2 2:55,病気、症状,非公開,15時間28分,3,24,8.0,0,0,0.026,12.5,0.0,0.19,あと3日,https://detail.chiebukuro.yahoo.co.jp/qa/question_detail/q11324920576,小5女子です、食べすぎてお腹が気持ち悪くなってしまった時に吐きたくなるんですが指を喉の奥に突っ込んでもえずくだけで吐けないです、上手く吐く方法教えてください 至急よろしくお願いします。,0,0
2352,2026/2/2 2:55,ヘアケア,あ,15時間28分,3,22,7.3,0,0,0.024,13.64,0.0,0.19,あと3日,https://detail.chiebukuro.yahoo.co.jp/qa/question_detail/q10324920575,この写真のように何度とかしても ボサボサ？になっちゃいます。 昔からこれでヘアミルクもヘアオイルも試してみましたがあまり効果はありませんでした。 どうすればいいでしょうか？ そもそもこれは何故このよう...,0,0
2353,2026/2/2 2:55,メイク、コスメ,bce5094c6,15時間28分,1,3,3.0,0,0,0.003,33.33,0.0,0.06,あと3日,https://detail.chiebukuro.yahoo.co.jp/qa/question_detail/q14324920574,オペラ リップティント N106 ピンクフレイズにそっくりなリップを知りたいです。 母から貰いとても好きでリピートしたいのですが限定色だったため手に入らず、メルカリなどにはあるのですが少し抵抗がありま...,0,0
2354,2026/2/2 2:54,音楽,非公開,15時間29分,5,338,67.6,2,34,0.364,1.48,0.25,1.94,あと3日,https://detail.chiebukuro.yahoo.co.jp/qa/question_detail/q13324920573,BE:FIRST、HANA、Number_iなどのグループが批判されている件について質問です 昨年、ちゃんみなに向けてNENEがビーフしたことがありますが、 最近はNumber_iが批判されていますよ...,0,0
2355,2026/2/2 2:54,生き方、人生相談,j,15時間29分,3,24,8.0,1,0,0.026,12.5,0.0,0.29,あと3日,https://detail.chiebukuro.yahoo.co.jp/qa/question_detail/q12324920572,最近「人生は楽より苦の方が多いのでは」と考えるようになりました。皆さんはどのように感じていますか。,0,0
2356,2026/2/2 2:54,iPhone,r********,15時間29分,2,19,9.5,0,1,0.02,10.53,0.0,0.16,あと3日,https://detail.chiebukuro.yahoo.co.jp/qa/question_detail/q11324920571,iPhoneの天気アプリで市区町村の気温とは別に、現在地の温度が表示されますが、現在地の気温って、どういうことですか？？ 市区町村の観測地点の気温ではなく、現在地？？ どうやって測っているのですか？？...,0,0
2357,2026/2/2 2:54,菓子、スイーツ,abdb4eadd,15時間29分,0,2,2.0,0,0,0.002,0.0,0.0,0.0,あと3日,https://detail.chiebukuro.yahoo.co.jp/qa/question_detail/q10324920570,すかいらーくの桃菜で食べた杏仁豆腐が自分の好みにあっていて凄く好きだったのですが、 それと似た市販の杏仁豆腐わかる人いませんか？ どこで買えるかも教えて欲しいです,0,0
2358,2026/2/2 2:54,飛行機、空港,1150264792,15時間29分,1,30,30.0,0,3,0.032,3.33,0.01,0.18,あと3日,https://detail.chiebukuro.yahoo.co.jp/qa/question_detail/q14324920569,大阪国際空港、伊丹空港について 空港についてから大阪市内のホテルまで荷物を送るサービスを利用したいです。 ANAを利用するのですが専用のサービスなどはありますか？ 無ければ他のサービスを教えていただき...,0,0
2359,2026/2/2 2:54,音楽,非公開,15時間29分,9,79,8.8,0,0,0.085,11.39,0.01,0.57,あと3日,https://detail.chiebukuro.yahoo.co.jp/qa/question_detail/q13324920568,小4女子です。生きるの辛すぎる時に泣ける曲教えて欲しいです（ ; ; ）もう疲れました,0,0
2360,2026/2/2 2:54,賃貸物件,ID 非公開,15時間29分,3,32,10.7,0,4,0.034,9.38,0.0,0.32,あと3日,https://detail.chiebukuro.yahoo.co.jp/qa/question_detail/q11324920566,スーモやホームズで賃貸物件を探していますが、 「24時間ゴミ出し可」や「光ファイバー」と記載がなくても、実際には対応している場合はありますか？,0,0
2361,2026/2/2 2:54,Yahoo!知恵袋,チ。ーチキンナゲットについてー,15時間30分,6,30,5.0,0,0,0.032,20.0,0.0,0.35,不明,https://detail.chiebukuro.yahoo.co.jp/qa/question_detail/q10324920565,もう寝ていいですか？,0,0
2362,2026/2/2 2:54,大学数学,1151686932,15時間30分,1,27,27.0,0,0,0.029,3.7,0.01,0.08,あと3日,https://detail.chiebukuro.yahoo.co.jp/qa/question_detail/q14324920564,数学B 統計の問題です。 マーケティング調査で得られた「購買金額」のデータの歪 度が −1.5 だった。この分布の解釈として最も適切なのはどれ か。 の回答が、 A. 安価な購買が多い 解説:歪度が負...,0,0
2363,2026/2/2 2:53,アニメ,非公開,15時間31分,1,11,11.0,0,0,0.012,9.09,0.0,0.07,あと3日,https://detail.chiebukuro.yahoo.co.jp/qa/question_detail/q12324920562,アニメ魔術師クノンは見えているは早見沙織出演アニメの中で1番面白いですか？,0,0
2364,2026/2/2 2:53,K-POP、アジア,kanae.auro,15時間31分,1,10,10.0,0,0,0.011,10.0,0.0,0.06,あと3日,https://detail.chiebukuro.yahoo.co.jp/qa/question_detail/q11324920561,ゼベワンの2月のアンコン、顔認証ありますか？,0,0
2365,2026/2/2 2:53,iPhone,非公開,15時間31分,2,17,8.5,0,0,0.018,11.76,0.0,0.13,あと3日,https://detail.chiebukuro.yahoo.co.jp/qa/question_detail/q10324920560,これをIPhoneの壁紙にするのってどう思いますか？,0,0
2366,2026/2/2 2:53,高校野球,osa********,15時間31分,2,10,5.0,0,0,0.011,20.0,0.0,0.12,あと3日,https://detail.chiebukuro.yahoo.co.jp/qa/question_detail/q14324920559,昨年夏の甲子園で優勝した沖縄尚学は比較的対戦相手に恵まれていましたか？(優勝候補に当たらなかった),0,0
2367,2026/2/2 2:53,スマートフォン,aat********,15時間31分,2,21,10.5,1,0,0.023,9.52,0.0,0.24,あと3日,https://detail.chiebukuro.yahoo.co.jp/qa/question_detail/q12324920557,スマホのメモリで悩んでます。 メモリ16GBか24GBで悩んでます。 特に重いゲームはしません。 やはり変わりますか？,0,0
2368,2026/2/2 2:53,恋愛相談、人間関係の悩み,1150475008,15時間31分,0,18,18.0,0,0,0.019,0.0,0.0,0.02,あと3日,https://detail.chiebukuro.yahoo.co.jp/qa/question_detail/q13324920558,農家さんへ質問です。 今度お付き合いしている彼氏と1年記念日で、彼は果樹園の農家さんをしています。ペアアクセサリーをプレゼントしたいと考えているのですが、ブレスレットか足につけるアンクレットで悩んでい...,0,0
2369,2026/2/2 2:53,ポケットモンスター,月輝夜,15時間31分,3,44,14.7,0,0,0.047,6.82,0.01,0.21,あと3日,https://detail.chiebukuro.yahoo.co.jp/qa/question_detail/q11324920556,ポケカ(ポケポケじゃない方)について質問です。ポケカを始めたいのですが何すればいいかわかりません！ 数年前やってたんですけどもうほぼ初心者です。ちょっとお高めなやつでもいいので、何を買えばいいか教えて...,0,0
2370,2026/2/2 2:53,俳優、女優,a4f58b119,15時間31分,1,4,4.0,0,0,0.004,25.0,0.0,0.06,あと3日,https://detail.chiebukuro.yahoo.co.jp/qa/question_detail/q14324920554,平山優のイメージと言えば何だと思いますか,0,0
2371,2026/2/2 2:53,病院、検査,名無し,15時間31分,2,29,14.5,1,3,0.031,6.9,0.0,0.34,あと3日,https://detail.chiebukuro.yahoo.co.jp/qa/question_detail/q10324920555,検査のweisの最高と最低の数値の差が30（紙なくしたがそれくらいだった）だとどれくらい日常生活が困難ですか？,0,0
2372,2026/2/2 2:52,YouTube,b60b609d0,15時間32分,0,18,18.0,0,0,0.019,0.0,0.0,0.02,あと3日,https://detail.chiebukuro.yahoo.co.jp/qa/question_detail/q12324920552,ホロスターズに本気で応募しようと考えています。 今は大学生なのですが、本気でホロスターズに入りたいと考えています。そこでいくつかお優しい方、質問に答えていただけると幸いです。 １、今応募して書類や動画...,0,0
2373,2026/2/2 2:52,ゲーム,1150662532,15時間32分,1,65,65.0,0,0,0.07,1.54,0.05,0.12,不明,https://detail.chiebukuro.yahoo.co.jp/qa/question_detail/q10324920550,スト6について質問・相談です。 新アクトが開幕したということで、スト6を数ヶ月ぶりに復帰してみようと思います。 前使っていたキャラはクラシックエドで、この数ヶ月間トレモでドリームを中心にいろんなコンボ...,0,0
2374,2026/2/2 2:52,恋愛相談、人間関係の悩み,affa62d34,15時間32分,0,26,26.0,0,0,0.028,0.0,0.0,0.03,あと3日,https://detail.chiebukuro.yahoo.co.jp/qa/question_detail/q14324920549,長文になります。 仲のいいネッ友4人でグルチャをしてました。私、彼氏、男友達、女友達です。私は二十代であとの三人は30代40代です。 4人であつ森をよくやっているのですが、ある日彼と私は喧嘩をしてしま...,0,0
2375,2026/2/2 2:52,カウンセリング、治療,chococoa09,15時間32分,7,50,7.1,1,5,0.054,14.0,0.0,0.7,あと3日,https://detail.chiebukuro.yahoo.co.jp/qa/question_detail/q12324920547,カウンセリングで、希死念慮がある死にたいなどと言ったら、驚かれてしまうでしょうか。(汗),0,0
2376,2026/2/2 2:52,メンズ全般,mtmtotnps,15時間33分,1,9,9.0,0,0,0.01,11.11,0.0,0.06,あと3日,https://detail.chiebukuro.yahoo.co.jp/qa/question_detail/q13324920548,supremeについて質問です。 こちらの商品偽物でしょうか？本物でしょうか？明らかに価格が安すぎて怖いです。,0,0
2377,2026/2/2 2:52,K-POP、アジア,非公開,15時間33分,1,29,29.0,0,0,0.031,3.45,0.01,0.08,あと3日,https://detail.chiebukuro.yahoo.co.jp/qa/question_detail/q11324920546,KーPOPの曲で、恋愛、自己肯定感爆上げ、強い女、系の曲が多くて全部歌詞も同じようなのばっかでつまらなくないですか？ 至急、よろしくお願いします。,0,0
2378,2026/2/2 2:52,X（旧Twitter）,1051835461,15時間33分,0,5,5.0,0,0,0.005,0.0,0.0,0.01,あと3日,https://detail.chiebukuro.yahoo.co.jp/qa/question_detail/q10324920545,Xのアカウントを追加で作りたいのですが、アカウントを作成を押すとエラーになって作れません。 Xの問い合わせも何処にしたらいいのかよく分からないです。 どうしたらいいですか,0,0
2379,2026/2/2 2:52,生き方、人生相談,レモンスカッシュ,15時間33分,3,36,12.0,0,0,0.039,8.33,0.0,0.2,あと3日,https://detail.chiebukuro.yahoo.co.jp/qa/question_detail/q14324920544,人生や運命が初めから決まってるなら楽ちんでしょうか？ 「人生は一本の映画である」という考え方について。 ふと思ったのですが、人生ってすでに脚本が決まっている映画のようなものではないでしょうか。 私たち...,0,0
2380,2026/2/2 2:52,病院、検査,uni********,15時間33分,2,7,3.5,0,0,0.008,28.57,0.0,0.11,あと3日,https://detail.chiebukuro.yahoo.co.jp/qa/question_detail/q12324920542,妊活におけるワクチン摂取について。 20代の頃(10年以上前)の抗体検査の結果でおたふくの免疫がありませんでした。 これはおたふくのワクチンをした方がいいのはわかりますが、水痘については基準値4未満の...,0,0
2381,2026/2/2 2:51,音楽,非公開,15時間34分,1,18,18.0,0,0,0.019,5.56,0.0,0.07,あと3日,https://detail.chiebukuro.yahoo.co.jp/qa/question_detail/q11324920541,ボカロの曲で、明日デートだけど眠れないみたいな内容の曲がどうしても思い出せません 教えてください,0,0
2382,2026/2/2 2:51,恋愛相談、人間関係の悩み,1251235389,15時間34分,2,24,12.0,0,0,0.026,8.33,0.0,0.13,あと3日,https://detail.chiebukuro.yahoo.co.jp/qa/question_detail/q10324920540,女が来ちゃったって男に言ったら 男はどう思いますか？,0,0
2383,2026/2/2 2:51,マラソン、陸上競技,1252682243,15時間34分,1,28,28.0,0,0,0.03,3.57,0.01,0.08,あと3日,https://detail.chiebukuro.yahoo.co.jp/qa/question_detail/q14324920539,私は中学三年生の女子です。 体育で持久走をやっていて、約3.5キロを走るのですが、走っている途中に2キロあたりから必ず下腹部？が痛くなります。 終わって休むとすぐ治ります。 学年1位を狙っているので、...,0,0
2384,2026/2/2 2:51,K-POP、アジア,非公開,15時間34分,0,21,21.0,0,0,0.022,0.0,0.0,0.02,あと3日,https://detail.chiebukuro.yahoo.co.jp/qa/question_detail/q13324920538,昨日福岡で開催されたSMタウンにHearts2Heartsのイアンの両親いましたよね？ あと近くに少し太って日焼けしたイ•スマンがいる！って思ったんですがあれはジウ父ですかね？ジウ父とジウ母もジウと顔...,0,0
2385,2026/2/2 2:51,恋愛相談、人間関係の悩み,bbf0e707b,15時間34分,1,27,27.0,0,0,0.029,3.7,0.01,0.08,あと3日,https://detail.chiebukuro.yahoo.co.jp/qa/question_detail/q12324920537,1週間前に23歳、社会人の彼に振られました。 しかし、別れてからも彼は私とのBeRealの投稿をピン留めしており、ピン留め外すの忘れたのかな〜と思っていたのですが、今日もう一度みたら、私との投稿のみピ...,0,0
2386,2026/2/2 2:51,職場の悩み,my_********,15時間34分,2,31,15.5,1,0,0.033,6.45,0.01,0.25,あと3日,https://detail.chiebukuro.yahoo.co.jp/qa/question_detail/q10324920535,公務員を羨ましいとか言って馬鹿にする人は多いですが、安定と高収入のどちらを取るかで職業選択しただけの違いではないですか？ そんなに馬鹿にすること？,0,0
2387,2026/2/2 2:50,ゲーム,1151550192,15時間35分,1,21,21.0,0,0,0.022,4.76,0.0,0.08,あと3日,https://detail.chiebukuro.yahoo.co.jp/qa/question_detail/q14324920534,現時点で、蛍ちゃんに恋愛感情を向けているキャラはいますか？ よく、魈などが挙げられていると思うのですが、個人的に、確かに旅人に対して特別な感情は抱いていると思いますが、深い信頼、友情、仲間への愛情の類...,0,0
2388,2026/2/2 2:50,洋楽,非公開,15時間35分,0,2,2.0,0,0,0.002,0.0,0.0,0.0,あと3日,https://detail.chiebukuro.yahoo.co.jp/qa/question_detail/q12324920532,Twenty One Pilotsの1番初めに聴くべきなアルバムと音楽性の特徴などについても教えて欲しいです。 また、2026年度のサマソニに来る可能性はあると思いますか？,0,0
2389,2026/2/2 2:50,恋愛相談、人間関係の悩み,匿名,15時間35分,3,28,9.3,0,6,0.03,10.71,0.0,0.38,あと3日,https://detail.chiebukuro.yahoo.co.jp/qa/question_detail/q11324920531,寝れなくて不安な時、どうやって心を落ち着けますか？ 散歩するかスマホ見るか頑張って寝ようとするか…,0,0
2390,2026/2/2 2:50,政治、社会問題,1251793904,15時間35分,0,15,15.0,0,0,0.016,0.0,0.0,0.02,あと3日,https://detail.chiebukuro.yahoo.co.jp/qa/question_detail/q10324920530,2/1の日曜討論はみれなかったので教えてください。れいわの代表は今回も時間を守らずテンパっていましたか？,0,0
2391,2026/2/2 2:50,鉄道、列車、駅,vyc********,15時間35分,4,80,20.0,0,5,0.085,5.0,0.02,0.46,あと3日,https://detail.chiebukuro.yahoo.co.jp/qa/question_detail/q14324920529,大至急の質問です！！ICカードの入出場記録について。 昨日、親の実家へ帰省した際に、初めてJR九州の鉄道を利用しました。 私はICカードが使えない可能性を完全に失念しており、ICカード対応駅→ICカー...,0,0
2392,2026/2/2 2:50,画像処理、制作,b683c30c5,15時間36分,2,9,4.5,0,1,0.01,22.22,0.0,0.15,あと3日,https://detail.chiebukuro.yahoo.co.jp/qa/question_detail/q13324920528,Blenderでキャラクターをリギングしています。 添付画像のようなアーマチュア構造で、首を曲げると顔と体の境界が分離して見えてしまいます。 首周りのウェイト調整を試しましたが、うまく改善しませんでし...,0,0
2393,2026/2/2 2:50,ヘアスタイル,S。,15時間36分,1,21,21.0,0,0,0.022,4.76,0.0,0.08,あと3日,https://detail.chiebukuro.yahoo.co.jp/qa/question_detail/q11324920526,前髪 この画像の女性のような前髪を作りたいのですがどのようにしたら作れますか？ この薄さにするためのアドバイスや、崩れなくする方法を教えて頂きたいです,0,0
2394,2026/2/2 2:50,アニメ,非公開,15時間36分,1,21,21.0,0,3,0.022,4.76,0.0,0.17,あと3日,https://detail.chiebukuro.yahoo.co.jp/qa/question_detail/q10324920525,画像の女の子が誰だか知っていますか？ また、彼女にこちょこちょは効きそうですか？,0,0
2395,2026/2/2 2:49,パソコン,aeff83917,15時間37分,5,49,9.8,0,0,0.052,10.2,0.01,0.32,あと3日,https://detail.chiebukuro.yahoo.co.jp/qa/question_detail/q14324920524,現在高校1年生なのですかバイトでお金を貯めてロードバイクかゲーミングPCを買おうと思うんですけどどちらがいいと思いますか？,0,0
2396,2026/2/2 2:49,プロ野球,非公開,15時間37分,1,26,26.0,0,0,0.028,3.85,0.01,0.08,あと3日,https://detail.chiebukuro.yahoo.co.jp/qa/question_detail/q13324920523,斎藤佑樹の全盛期の頃のストレートはすごかったですよね？ こちらです→ https://youtube.com/shorts/ojlHPQv0bMo?si=E6n9XOIQC0pZvXNi,0,0
2397,2026/2/2 2:49,恋愛相談、人間関係の悩み,1150809281,15時間37分,1,21,21.0,0,3,0.022,4.76,0.0,0.17,あと3日,https://detail.chiebukuro.yahoo.co.jp/qa/question_detail/q12324920522,20夜職女です バレンタインなにをしたらいいですか？ 他にもクリスマス、ハロウィン、新年、誕生日（お客様、自分の両方）など、なにかアドバイスやご経験ありましたら教えてほしいです。 自分の誕生日はシャン...,0,0
2398,2026/2/2 2:49,レディースシューズ,a4f58b119,15時間37分,1,12,12.0,0,0,0.013,8.33,0.0,0.07,あと3日,https://detail.chiebukuro.yahoo.co.jp/qa/question_detail/q10324920520,このブーツは、どのあたりまでがぬれていると思いますか,0,0
2399,2026/2/2 2:49,携帯型ゲーム全般,ほし,15時間37分,0,25,25.0,0,0,0.027,0.0,0.0,0.03,あと3日,https://detail.chiebukuro.yahoo.co.jp/qa/question_detail/q14324920519,原神で質問です コロンビーナの天賦について 今コロンビーナのスキル9、元素爆発8なのですが、先にスキルを10にするのがいいか、元素爆発を9にするの、どちらがいいですか? 餅武器は所持しています。,0,0
2400,2026/2/2 2:49,税金,goo********,15時間37分,0,18,18.0,0,0,0.019,0.0,0.0,0.02,あと3日,https://detail.chiebukuro.yahoo.co.jp/qa/question_detail/q13324920518,市民税、府民税 申告書という物が届きました 障害者基礎年金のみが収入です この場合、乙 障害年金に丸 個人番号 名前、電話番号 これだけ記入で OKですか？ また これは、毎年届き、記入ですか？ 一年...,0,0
2401,2026/2/2 2:48,友人関係の悩み,1051819129,15時間38分,4,20,5.0,0,2,0.021,20.0,0.0,0.3,あと3日,https://detail.chiebukuro.yahoo.co.jp/qa/question_detail/q12324920517,何人かの友達が毎回バイト中に、お腹痛いとか、頭痛がする、頭が気持ち悪いとか言ってきます。 それで、うちの市販の痛み止めとか貰う？って聞いたら、薬に頼りたくないとかいらないって言って断られます。 ただ言...,0,0
2402,2026/2/2 2:48,オーディオ,1152706536,15時間38分,2,11,5.5,0,0,0.012,18.18,0.0,0.12,あと3日,https://detail.chiebukuro.yahoo.co.jp/qa/question_detail/q11324920516,AirPods4について質問です 先日購入したのですが、ノイズキャンセリングや外部音取り込みを使用すると小さい砂嵐みたいな音が聞こえます。オフにすると聞こえなくなるのですがこれはそういう仕様でしょうか...,0,0
2403,2026/2/2 2:48,性の悩み、相談,a9a13ba31,15時間38分,8,170,21.2,0,8,0.181,4.71,0.04,0.86,あと3日,https://detail.chiebukuro.yahoo.co.jp/qa/question_detail/q14324920514,10cmは短いですか？,0,0
2404,2026/2/2 2:48,大学受験,エンジー,15時間38分,2,13,6.5,0,0,0.014,15.38,0.0,0.12,あと3日,https://detail.chiebukuro.yahoo.co.jp/qa/question_detail/q13324920513,MARCH経済学部経営学部狙いです。英熟語で点を落とします。何で勉強すれば良いでしょうか。,0,0
2405,2026/2/2 2:48,ゲーム,1050485139,15時間38分,0,4,4.0,0,0,0.004,0.0,0.0,0.0,あと3日,https://detail.chiebukuro.yahoo.co.jp/qa/question_detail/q10324920510,PC版ステラーブレイドについて質問です ベリアル1戦目（ハイパーチューブ）が大好きで、何度もやりたいのですが、周回でそのシーンに行くまでまた何度もやるしかないと聞き少々絶望中です。 そのためMODでど...,0,0
2406,2026/2/2 2:48,デンタルケア,lD非公開,15時間38分,2,13,6.5,0,0,0.014,15.38,0.0,0.12,あと3日,https://detail.chiebukuro.yahoo.co.jp/qa/question_detail/q11324920511,歯医者に久しぶり+一人で初めて行くので緊張します。 歯医者により多少流れが違うことはあると思いますが、大体の歯医者に着いてからの流れを教えていただきたいです。,0,0
2407,2026/2/2 2:48,数学,非公開,15時間39分,4,21,5.2,0,0,0.022,19.05,0.0,0.24,あと3日,https://detail.chiebukuro.yahoo.co.jp/qa/question_detail/q12324920512,おもしろ統計学 1〜99であなたが今思いついた数字を5個書いて さぁ、はやく！,0,0
2408,2026/2/2 2:48,就職活動,潤羽みゆ。,15時間39分,1,40,40.0,0,0,0.043,2.5,0.02,0.1,あと3日,https://detail.chiebukuro.yahoo.co.jp/qa/question_detail/q13324920508,indeedで未経験でもできるって書いてあって雇用形態が正社員だったので応募したら無期雇用派遣でした。明日面接があるのですがやるべきでしょうか？ ミラエールです。ミラエールのこと調べたのですがあまり良...,0,0
2409,2026/2/2 2:48,あの人は今,aca442a4f,15時間39分,0,16,16.0,0,0,0.017,0.0,0.0,0.02,あと3日,https://detail.chiebukuro.yahoo.co.jp/qa/question_detail/q12324920507,告野展子さんは何があったのですか？,0,0
2410,2026/2/2 2:48,マインクラフト,cfwk16407649734,15時間39分,0,44,44.0,0,0,0.047,0.0,0.0,0.05,あと3日,https://detail.chiebukuro.yahoo.co.jp/qa/question_detail/q11324920506,とあるマイクラの動画を探しています。 ・5〜6年以上前に投稿（多分） ・チャンネル名は一切不明 ・ゆっくり実況（立ち絵なし、魔理沙がメインだった気がします） ・バニラマイクラ（MODは無し） ・作業厨...,0,0
2411,2026/2/2 2:48,日本語,may************,15時間39分,5,52,10.4,1,0,0.055,9.62,0.01,0.43,あと3日,https://detail.chiebukuro.yahoo.co.jp/qa/question_detail/q10324920505,玄嗣 この名前読める人どれくらいいますか？,0,0
2412,2026/2/2 2:48,恋愛相談、人間関係の悩み,1050144219,15時間39分,0,14,14.0,0,0,0.015,0.0,0.0,0.01,あと3日,https://detail.chiebukuro.yahoo.co.jp/qa/question_detail/q14324920504,今の彼氏がAmazonの物流の夜勤してます。48です。夜勤だけどお給料はそこまで多くなく 養育費も、払っているので、外食も気を使ってお店をきめています。 彼氏から、色々なお店に行きたいと言われるのがプ...,0,0
2413,2026/2/2 2:48,外国映画,1152847422,15時間39分,5,67,13.4,0,1,0.071,7.46,0.01,0.37,あと3日,https://detail.chiebukuro.yahoo.co.jp/qa/question_detail/q13324920503,映画シックスセンスについて。気になることがあります。 コールの母が、マルコムにコールの診断をするよう頼んだのですか？その場合、マルコムはすでに死んでるのでおかしいと思うんですけど。,0,0
2414,2026/2/2 2:48,大学受験,非公開,15時間39分,3,63,21.0,0,0,0.067,4.76,0.01,0.23,あと3日,https://detail.chiebukuro.yahoo.co.jp/qa/question_detail/q12324920502,帝京大学医学部、埼玉医科大学、東海大学医学部、東京女子医科大学医学部と早稲田大学や慶應義塾大学の理系ならどちらの方が難易度は高いでしょうか？,0,0
2415,2026/2/2 2:47,公務員試験,1152601590,15時間40分,3,49,16.3,2,0,0.052,6.12,0.01,0.42,あと3日,https://detail.chiebukuro.yahoo.co.jp/qa/question_detail/q10324920500,刑務官に受かるコツってなんですか？ また落ちた人に質問です。 落ちた原因ってなんですか？,0,0
2416,2026/2/2 2:47,超常現象、オカルト,1151224588,15時間40分,1,15,15.0,0,0,0.016,6.67,0.0,0.07,あと3日,https://detail.chiebukuro.yahoo.co.jp/qa/question_detail/q11324920501,原神の蒼霊の鯉を残り1つだけ見つけられていないのですが、神の瞳のように探す方法はあるのでしょうか？,0,0
2417,2026/2/2 2:47,音楽,a76f168ad,15時間40分,0,6,6.0,0,0,0.006,0.0,0.0,0.01,あと3日,https://detail.chiebukuro.yahoo.co.jp/qa/question_detail/q14324920499,死亡遊戯で飯を食うの、コミックのpvの、後ろで流れてる曲を、教えてくれませんか。,0,0
2418,2026/2/2 2:47,iPhone,ゅ,15時間40分,0,1,1.0,0,0,0.001,0.0,0.0,0.0,あと3日,https://detail.chiebukuro.yahoo.co.jp/qa/question_detail/q13324920498,ボタンで変更できないようにしてるのに真ん中からいちばん小さいところまで戻ってしまってる日が何回があります、なにか対処法ありますか？,0,0
2419,2026/2/2 2:47,高校数学,c6881444d,15時間40分,0,76,76.0,0,0,0.081,0.0,0.0,0.08,あと3日,https://detail.chiebukuro.yahoo.co.jp/qa/question_detail/q12324920497,質問です！飛鳥未来高校の数1のテストってどんな感じですか？今年から記述になったんですけど不安で仕方ないです。文字式、方程式、因数分解、二次方程式、二次関数はできるようになりました,0,0
2420,2026/2/2 2:47,家族関係の悩み,Akgnup225lol0we,15時間40分,9,88,9.8,0,1,0.094,10.23,0.01,0.6,あと3日,https://detail.chiebukuro.yahoo.co.jp/qa/question_detail/q11324920496,高校生で、毎日お弁当を自分で作るのは当たり前ですか？ 私は今中学２年生で、来年高校生になります。進学する上で1番心配なのが、お母さんがお弁当を作ってくれるかです、、 理由は、今までほとんど母が朝ごはん...,0,0
2421,2026/2/2 2:47,アニメ,James1950s,15時間40分,4,28,7.0,0,12,0.03,14.29,0.0,0.62,あと3日,https://detail.chiebukuro.yahoo.co.jp/qa/question_detail/q10324920495,『劇場版アニメ 忍たま乱太郎 忍術学園 全員出動！の段』2011年 声・高山みなみ。 藤森雅也監督。この映画はおすすめでしょうか?,0,0
2422,2026/2/2 2:47,画像処理、制作,おおおかかかか,15時間41分,0,5,5.0,0,0,0.005,0.0,0.0,0.01,あと3日,https://detail.chiebukuro.yahoo.co.jp/qa/question_detail/q14324920494,Mayaに関する質問です。 展開したUVが勝手に消えてしまいます。 消え方は2種類あります。 一つ目は、PCを一度再起動したら特定のUVシェルだけ消えたり、または動かして整えた位置から遠くに勝手に行っ...,0,0
2423,2026/2/2 2:47,文房具,名もない永遠の華,15時間41分,0,6,6.0,0,0,0.006,0.0,0.0,0.01,あと3日,https://detail.chiebukuro.yahoo.co.jp/qa/question_detail/q12324920492,ペン回しについて質問です。 自分はJapEnを目指して 日々ペンを回しているのですが、 ペンスピナー名がまだ決まっていません。 そこで質問なのですが、 ペンスピナー名は漢字でも 大丈夫なのかがとても心...,0,0
2424,2026/2/2 2:47,家族関係の悩み,c95174b44,15時間41分,4,81,20.2,1,1,0.086,4.94,0.02,0.44,あと3日,https://detail.chiebukuro.yahoo.co.jp/qa/question_detail/q10324920490,皆さん今日お仕事ですか？ 僕は生活保護受給者なので毎日がお休みです^_^,0,0
2425,2026/2/2 2:47,アニメ、コミック,ちゃねーふけ,15時間41分,1,9,9.0,0,0,0.01,11.11,0.0,0.06,不明,https://detail.chiebukuro.yahoo.co.jp/qa/question_detail/q14324920489,漫画ワンピースは好きですか？,0,0
2426,2026/2/2 2:47,恋愛相談、人間関係の悩み,ami,15時間41分,2,13,6.5,0,0,0.014,15.38,0.0,0.12,あと3日,https://detail.chiebukuro.yahoo.co.jp/qa/question_detail/q13324920488,彼氏がゲームとかで話せない日はゲーム始める前か後におやすみ言うねって言ってから1週間くらいなんも無いんですけど言った方が良いのか迷います。 もう少し時間経ってから言った方がいいのか 今もう言った方がい...,0,0
2427,2026/2/2 2:46,病気、症状,1151257584,15時間42分,0,21,21.0,0,0,0.022,0.0,0.0,0.02,あと3日,https://detail.chiebukuro.yahoo.co.jp/qa/question_detail/q11324920486,マラセチア毛包炎と診断されました。 治療を開始してから6年ほど経っていますがぼんやりとしか良くなりません。 マラセチアと診断される前にデュアックを処方していただきかなり良くなりました。 当時は中学生だ...,0,0
2428,2026/2/2 2:46,Yahoo!知恵袋,akv********,15時間42分,3,28,9.3,0,1,0.03,10.71,0.0,0.22,あと3日,https://detail.chiebukuro.yahoo.co.jp/qa/question_detail/q12324920487,知恵袋で質問してついた回答って消せませんか？,0,0
2429,2026/2/2 2:46,大学受験,1051765723,15時間42分,3,9,3.0,0,0,0.01,33.33,0.0,0.17,あと3日,https://detail.chiebukuro.yahoo.co.jp/qa/question_detail/q10324920485,ターゲット1900が終わったらreapやるべきですか？ex行っていいですか？,0,0
2430,2026/2/2 2:46,インターネット接続,法月正臣,15時間42分,4,16,4.0,0,0,0.017,25.0,0.0,0.23,あと3日,https://detail.chiebukuro.yahoo.co.jp/qa/question_detail/q14324920484,ポケットWi-Fiって良いですか？大手キャリアやめて格安キャリアとポケットWi-Fi併用しようと思ってます,0,0
2431,2026/2/2 2:46,アニメ,につめし愚鈍ちゅるちゅる,15時間42分,1,19,19.0,0,0,0.02,5.26,0.0,0.07,あと3日,https://detail.chiebukuro.yahoo.co.jp/qa/question_detail/q11324920481,阿頼耶識、ニュータイプ、コーディネーター、月光蝶、トランザムなどガンダムシリーズにはいろいろ能力？とか技術がでてきますがそれらの中で一番強いのや長く使えるとか一番使いやすいとかあったら教えてください,0,0
2432,2026/2/2 2:46,iPhone,c95174b44,15時間42分,1,26,26.0,0,0,0.028,3.85,0.01,0.08,あと3日,https://detail.chiebukuro.yahoo.co.jp/qa/question_detail/q12324920482,急募！ フリマサイトで中古iPhone13pro 120GB ゴールド バッテリー最大容量76% （バッテリーApple純正）画面割れ背面割れなし、修理歴なしを37000円で買いました お買い得ですか...,0,0
2433,2026/2/2 2:46,大学院,reacter,15時間42分,0,7,7.0,0,0,0.007,0.0,0.0,0.01,あと3日,https://detail.chiebukuro.yahoo.co.jp/qa/question_detail/q13324920483,外部の大学院を2専攻受験する予定なのですが、第一志望の入試が先で、第二志望の入試よりも先に第一志望の合否が出るので、第一志望の専攻に合格していた場合、 第二志望の専攻で志望してた研究室の教授にメールで...,0,0
2434,2026/2/2 2:46,ライブ、コンサート,匿名,15時間42分,1,9,9.0,0,0,0.01,11.11,0.0,0.06,あと3日,https://detail.chiebukuro.yahoo.co.jp/qa/question_detail/q14324920479,あんスタ スタライ 10thのライビュのプレリクエスト？の締切がいつかわかる方いらっしゃいますか？ 多分自分が見落としてるだけだと思うんですが、サイトのどこを見ても締切日が見つからなくて… 泣 教えて...,0,0
2435,2026/2/2 2:46,新車,、。,15時間42分,0,18,18.0,0,0,0.019,0.0,0.0,0.02,あと3日,https://detail.chiebukuro.yahoo.co.jp/qa/question_detail/q13324920478,新型エルグランド、日産サクラ、北米のムラーノとセントラ、これらのリアテールの形状はほとんど同じじゃないですか？,0,0
2436,2026/2/2 2:46,メルカリ,ptjgmwt,15時間42分,4,51,12.8,0,8,0.054,7.84,0.01,0.52,あと3日,https://detail.chiebukuro.yahoo.co.jp/qa/question_detail/q12324920477,メルカリで、商品を購入する前は質問を沢山し、購入できた後は急に取引メッセージもスルー？する人がいます。受け取り評価もかなり遅いです。 どういう性格なんでしょうか。,0,0
2437,2026/2/2 2:46,コンタクトレンズ、視力矯正,1149935602,15時間42分,0,1,1.0,0,0,0.001,0.0,0.0,0.0,あと3日,https://detail.chiebukuro.yahoo.co.jp/qa/question_detail/q10324920475,キャンマジ五番がリニューアルされて、ワンデーの方がマンスリーより着色直径が大きくなったと思うのですが、リニューアル後のワンデーとマンスリーはどちらが体感大きいですか？,0,0
2438,2026/2/2 2:45,iPhone,moi********,15時間43分,1,28,28.0,0,0,0.03,3.57,0.01,0.08,あと3日,https://detail.chiebukuro.yahoo.co.jp/qa/question_detail/q13324920473,中古でiPhoneを購入するなら何がおすすめですか。また、どちらで購入するのが良いのですか。 5万円以下のもので、各価格帯のものを教えていただけますと幸いです。 出先で写真を撮ったり通話をしたりなどに...,0,0
2440,2026/2/2 2:45,大学受験,非公開,15時間44分,3,69,23.0,0,1,0.073,4.35,0.02,0.26,あと3日,https://detail.chiebukuro.yahoo.co.jp/qa/question_detail/q11324920471,関東圏で1番入りやすい国立大学といえば群馬大学か茨城大学か山梨大学でしょうか？,0,0
2441,2026/2/2 2:45,男性アイドル,nanya********,15時間44分,1,21,21.0,0,2,0.022,4.76,0.0,0.14,あと3日,https://detail.chiebukuro.yahoo.co.jp/qa/question_detail/q14324920469,私はジュニアの子たちが満足にいきいきと活躍できていたら、それが何よりなのですが、 今STARTOに残留して活動しているジュニアたちは、他に行くところが無いから仕方なくってことはないですよね...？,0,0
2442,2026/2/2 2:45,自動車,1151264391,15時間44分,1,27,27.0,0,0,0.029,3.7,0.01,0.08,あと3日,https://detail.chiebukuro.yahoo.co.jp/qa/question_detail/q13324920468,SUZUKIパレット平成23年式に乗ってます。今度ATOTOの9インチか10インチの Androidナビ付けようかと思ってます ハザードランプとかシフトノブとか邪魔になったりハザードランプ見えなくなっ...,0,0
2443,2026/2/2 2:45,海外,yahoo user,15時間44分,0,5,5.0,0,0,0.005,0.0,0.0,0.01,あと3日,https://detail.chiebukuro.yahoo.co.jp/qa/question_detail/q12324920467,トルコ留学ちょっと興味あるんですけど英語とトルコ語並行して勉強した方がいいですか,0,0
2444,2026/2/2 2:44,恋愛相談、人間関係の悩み,1252559633,15時間45分,3,54,18.0,0,0,0.057,5.56,0.01,0.22,あと3日,https://detail.chiebukuro.yahoo.co.jp/qa/question_detail/q11324920466,彼女からもうそばにはいられない、月数回しか会えないのにそれも体調不良とか親の介護でキャンセルなってしんどいときました。 どう思いますか。,0,0
2445,2026/2/2 2:44,大学受験,非公開,15時間45分,1,32,32.0,0,0,0.034,3.12,0.01,0.09,あと3日,https://detail.chiebukuro.yahoo.co.jp/qa/question_detail/q10324920465,共通テストで59%しか取れませんでしたが、茨城大学工学部は可能性的にはどうでしょうか？,0,0
2446,2026/2/2 2:44,恋愛相談、人間関係の悩み,ワシン,15時間45分,1,39,39.0,0,0,0.041,2.56,0.02,0.09,不明,https://detail.chiebukuro.yahoo.co.jp/qa/question_detail/q13324920463,自分がインスタでブロックされている人にDMしたら、相手が自分へのブロックを外した時に送ったDMを見れますか？,0,0
2447,2026/2/2 2:44,韓国・朝鮮語,1153244046,15時間45分,1,19,19.0,0,0,0.02,5.26,0.0,0.07,あと3日,https://detail.chiebukuro.yahoo.co.jp/qa/question_detail/q12324920462,韓国語で｢まぁ、それなりに...｣って言いたいときは｢뭐 그런대로..｣って言ったら伝わりますか？,0,0
2448,2026/2/2 2:44,ヘアスタイル,ひなた,15時間45分,1,17,17.0,0,0,0.018,5.88,0.0,0.07,あと3日,https://detail.chiebukuro.yahoo.co.jp/qa/question_detail/q11324920461,この髪型に名前ありますか？,0,0
2449,2026/2/2 2:44,園芸、ガーデニング,a4f58b119,15時間45分,0,8,8.0,0,0,0.008,0.0,0.0,0.01,あと3日,https://detail.chiebukuro.yahoo.co.jp/qa/question_detail/q10324920460,至急 このようなフローリングの部屋で田植え準備をやった後はどんなイメージとなりますか。合成して欲しいです,0,0
2450,2026/2/2 2:44,英語,1150809281,15時間45分,3,122,40.7,0,4,0.129,2.46,0.05,0.41,あと3日,https://detail.chiebukuro.yahoo.co.jp/qa/question_detail/q14324920459,コイン500 こんにちは。20女です。 社会人ですが、時間がたくさんあります。 英語をゼロから始めたいのですが、なにが良いのでしょうか？ スタディサプリ、デュオリンゴ、 YouTubeの動画視聴、単語...,0,0
2451,2026/2/2 2:44,恋愛相談、人間関係の悩み,1251906461,15時間45分,0,12,12.0,1,0,0.013,0.0,0.0,0.12,あと3日,https://detail.chiebukuro.yahoo.co.jp/qa/question_detail/q13324920458,現代において境界知能の人生を救うきっかけはなんだと思いますか？,0,0
2452,2026/2/2 2:44,政治、社会問題,1253066267,15時間45分,3,37,12.3,1,0,0.039,8.11,0.0,0.3,あと3日,https://detail.chiebukuro.yahoo.co.jp/qa/question_detail/q12324920457,韓国と防衛協力という話題をよく耳にしますが、笑えますよね。 日本の領土を占領されてるのですから、それは韓国からの宣戦布告ともみれますし、実質戦争状態とか休戦状態と変わらないと思います。 AIに聞いたら...,0,0
2453,2026/2/2 2:43,ヘアスタイル,1250896542,15時間46分,0,17,17.0,0,0,0.018,0.0,0.0,0.02,あと3日,https://detail.chiebukuro.yahoo.co.jp/qa/question_detail/q11324920456,この髪の巻き髪の名前を教えてください！ 身バレ怖いのでモザイク多めで画質粗いのはごめんなさい(ᴗᴗ) 美容院でやってもらった↓画像の巻き髪が可愛くて自分でもしたいと思ったのですが名前を聞き忘れてやり方...,0,0
2454,2026/2/2 2:43,家族関係の悩み,Yakyudaisuii,15時間46分,1,14,14.0,0,0,0.015,7.14,0.0,0.07,あと3日,https://detail.chiebukuro.yahoo.co.jp/qa/question_detail/q10324920455,妹が来週高校受験を控えています 受験が終わったら私の方からサプライズでバイト代でなにかプレゼントをあげようと計画しています。ですが、何をあげたらいいのか分かりません。食べ物？好きな物？なにをあげたら喜...,0,0
2455,2026/2/2 2:43,アルバイト、フリーター,にゃおっす,15時間46分,0,10,10.0,0,0,0.011,0.0,0.0,0.01,あと3日,https://detail.chiebukuro.yahoo.co.jp/qa/question_detail/q14324920454,すき家のアルバイトについて質問です。 現在、通信制高校に通っています! ① 朝の時間帯に高校生が働いているのでしょうか？やっぱり少ないですよね… ②もうすぐ18歳になるんですけど通信制で、深夜帯で働け...,0,0
2456,2026/2/2 2:42,世界史,柴野友紀,15時間48分,3,47,15.7,0,0,0.05,6.38,0.01,0.21,あと3日,https://detail.chiebukuro.yahoo.co.jp/qa/question_detail/q13324920453,モンゴル帝国のバトゥは、ヨーロッパでドイツ騎士団やテンプル騎士団を圧倒しましたが、途中でオゴタイ=ハンが亡くならなかった場合、ヨーロッパ全土はモンゴル帝国の領土になっていたと思いますか？ イタリアやイ...,0,0
2457,2026/2/2 2:42,映画,匿名,15時間48分,2,98,49.0,0,0,0.103,2.04,0.05,0.21,あと3日,https://detail.chiebukuro.yahoo.co.jp/qa/question_detail/q12324920452,ズートピア 2っていつまで上映すると思いますか？ もう1回観たいんですが、次は2月25日以降しか観に行けません…。 25日以降はもう終わっちゃいますかね…？泣,0,0
2458,2026/2/2 2:42,職場の悩み,あ,15時間48分,5,88,17.6,0,0,0.093,5.68,0.02,0.36,あと3日,https://detail.chiebukuro.yahoo.co.jp/qa/question_detail/q10324920450,何度も同じことを聞いてくる新人さんについて。 老人ホームの厨房で働いている者(20代女)です。1週間前から新人さん(50代女性)に仕事を教えているのですが、何度も同じ質問をしてきます。 新人さんには主...,0,0
2459,2026/2/2 2:42,失業、リストラ,atw********,15時間48分,1,16,16.0,0,0,0.017,6.25,0.0,0.07,あと3日,https://detail.chiebukuro.yahoo.co.jp/qa/question_detail/q14324920449,今失業保険を受給しながら週20時間以内に抑えて働いています。認定日が水曜日なのですが認定日を挟んでいても週20時間以上働くのはアウトなのでしょうか？ もし何も言われないならその週だけもうちょっと働きた...,0,0
2460,2026/2/2 2:42,アニメ,非公開,15時間48分,1,8,8.0,0,0,0.008,12.5,0.0,0.06,あと3日,https://detail.chiebukuro.yahoo.co.jp/qa/question_detail/q13324920448,アニメ姫様“拷問”の時間です。オレオのダブルクリームサンド笑いましたか？,0,0
2461,2026/2/2 2:42,芸能人,1150976472,15時間48分,2,11,5.5,0,0,0.012,18.18,0.0,0.12,あと3日,https://detail.chiebukuro.yahoo.co.jp/qa/question_detail/q12324920447,お金で結婚した女性を批判する方がいますが、なぜなんですか？お金を稼げるのって凄い魅力的だと思うんですけど。,0,0
2462,2026/2/2 2:42,妊娠、出産,1151307329,15時間48分,3,28,9.3,0,0,0.03,10.71,0.0,0.19,あと3日,https://detail.chiebukuro.yahoo.co.jp/qa/question_detail/q10324920445,排卵痛が先程から始まったのですが、1/30~1/31の仲良しでは妊娠の可能性はやはり低いでしょうか？,0,0
2463,2026/2/2 2:42,皮膚の病気、アトピー,c2743e75,15時間48分,1,15,15.0,0,0,0.016,6.67,0.0,0.07,あと3日,https://detail.chiebukuro.yahoo.co.jp/qa/question_detail/q11324920446,恐らくカミソリ負けしました、しっかり保湿してシェービングフォームを使ったのですが見事ぶつぶつができました。 元々肌質が柔らかく、猫の引っかき傷でもスッパリ切れてよく跡になります。 超敏感肌用の除毛クリ...,0,0
2464,2026/2/2 2:42,発達障害,非公開,15時間48分,3,23,7.7,1,0,0.024,13.04,0.0,0.29,あと3日,https://detail.chiebukuro.yahoo.co.jp/qa/question_detail/q14324920444,ADHDです。興味のあることがある時に、そればっかり話してしまう癖がやばすぎて、どうにかなんないですかね。薬はコンサータ飲んでます。 特に興味のあることがない時は割と普通だったりします。,0,0
2465,2026/2/2 2:41,恋愛相談、人間関係の悩み,1250455223,15時間49分,2,28,14.0,0,0,0.029,7.14,0.0,0.13,あと3日,https://detail.chiebukuro.yahoo.co.jp/qa/question_detail/q12324920442,話を聞いて欲しいです。 私は20代前半で何も無い人間です。何をしても中途半端で飽き性、上手くできた方が少ないです。 昔から何を食べても太らないため体が細くて、痩せてるのを褒められてきました。 恋人から...,0,0
2466,2026/2/2 2:41,職場の悩み,.,15時間49分,3,39,13.0,0,1,0.041,7.69,0.01,0.23,あと3日,https://detail.chiebukuro.yahoo.co.jp/qa/question_detail/q11324920441,水商売をしていない男性に限って女は水で稼げるから楽だと言い張るのはなぜでしょうか。男もホストがありますし楽だと言うならやれよと思います。 実際に水商売の経験がある方ならわかると思いますが採用率も単価も...,0,0
2467,2026/2/2 2:41,家族関係の悩み,非公開,15時間49分,6,58,9.7,0,6,0.061,10.34,0.01,0.57,あと3日,https://detail.chiebukuro.yahoo.co.jp/qa/question_detail/q10324920440,義父(妻の父)の口の悪さが気になるのですがどうしたものでしょう？ 結婚当初は真面目な人、常識的な人という印象だったのですが、結婚5年目、子供(孫)も大きくなり慣れてきたのか、ちょっとした暴言みたいなの...,0,0
2468,2026/2/2 2:41,恋愛相談、人間関係の悩み,cc663d588,15時間49分,1,15,15.0,0,0,0.016,6.67,0.0,0.07,あと3日,https://detail.chiebukuro.yahoo.co.jp/qa/question_detail/q14324920439,美容師の方に質問です。 客側から食事に誘うのは迷惑でしょうか。 行きつけの美容室で、たまにシャンプーやドライヤーをして下さる方がいるのですが、その方ともっと仲良くなりたいです。 正直、一目惚れに近いで...,0,0
2469,2026/2/2 2:41,アニメ,非公開,15時間49分,0,5,5.0,0,0,0.005,0.0,0.0,0.01,あと3日,https://detail.chiebukuro.yahoo.co.jp/qa/question_detail/q13324920438,アニメ姫様“拷問”の時間です。山椒笑いましたか？,0,0
2470,2026/2/2 2:41,恋愛相談,*******,15時間49分,1,31,31.0,0,0,0.033,3.23,0.01,0.09,あと3日,https://detail.chiebukuro.yahoo.co.jp/qa/question_detail/q12324920437,付き合ってないけれど私を影から見守ってくれていて困ったときに助けてくれたり特別扱いしてくれる男性がいます。外から見たら付き合ってると勘違いされるような行動です。 その男性から特に何かアクションがあった...,0,0
2471,2026/2/2 2:41,健康、病気、病院,名無し,15時間49分,0,4,4.0,0,0,0.004,0.0,0.0,0.0,あと3日,https://detail.chiebukuro.yahoo.co.jp/qa/question_detail/q13324920433,メイバランスを飲んでる人、何味が好きですか？,0,0
2472,2026/2/2 2:41,パチンコ,b2c3eebdc,15時間50分,3,45,15.0,0,0,0.047,6.67,0.01,0.21,あと3日,https://detail.chiebukuro.yahoo.co.jp/qa/question_detail/q12324920432,1パチ？のおすすめ教えてください。まだ1度も行ったことがないです また、上限額を決めてから行きたいのですが初めて行く時はいくらくらいが目安なのでしょうか。大体でいいのでかかる時間と共に教えていただける...,0,0
2473,2026/2/2 2:41,職場の悩み,1150809281,15時間50分,3,74,24.7,1,3,0.078,4.05,0.02,0.44,あと3日,https://detail.chiebukuro.yahoo.co.jp/qa/question_detail/q11324920431,コイン500 こんにちは。20夜職女です。今はゆるめのラウンジに在籍しています。 クラブのママがスカウトしてくれて、今すごく悩んでいます。条件比較してみました。どちらがいいと思いますか？ エリアは銀座...,0,0
2474,2026/2/2 2:41,携帯型ゲーム全般,1153243233,15時間50分,1,30,30.0,0,0,0.032,3.33,0.01,0.08,あと3日,https://detail.chiebukuro.yahoo.co.jp/qa/question_detail/q10324920430,ブルアカを最近本格的に始めたのですが色々ありすぎてよく分かりません。知っておいた方がいいことなどを教えて頂きたいです。,0,0
2475,2026/2/2 2:40,恋愛相談、人間関係の悩み,非公開,15時間51分,2,21,10.5,0,0,0.022,9.52,0.0,0.13,あと3日,https://detail.chiebukuro.yahoo.co.jp/qa/question_detail/q12324920427,質問失礼します 長文です 気になってる人（仮にAさん）がいたんですけど、その人は5個上の方です（私、18.相手、23） 私とAさんの関係は教師と生徒です （教師と生徒が叶わないというのは承知の上です）...,0,0
2476,2026/2/2 2:40,料理、食材,非公開,15時間51分,5,55,11.0,0,7,0.058,9.09,0.01,0.54,不明,https://detail.chiebukuro.yahoo.co.jp/qa/question_detail/q11324920426,料理が大変という主婦をよく知恵袋で見るのですがチャットGPTに聞けばいいのになんで聞かないのでしょうか？,0,0
2477,2026/2/2 2:40,カフェ、喫茶,dor********,15時間51分,1,5,5.0,0,0,0.005,20.0,0.0,0.06,あと3日,https://detail.chiebukuro.yahoo.co.jp/qa/question_detail/q10324920425,スタバとダンケン 双方どっちがいいか 決めがたいです。 双方の長所 短所を教えて。,0,0
2478,2026/2/2 2:40,プレイステーション3,und********,15時間51分,3,3,1.0,0,0,0.003,100.0,0.0,0.16,あと3日,https://detail.chiebukuro.yahoo.co.jp/qa/question_detail/q14324920424,psvitaで購入したゲームをps3でダウンロードすることはできますか。調べたところ2022年でダウンロードだか何かが終了した、みたいなことを見たのですがよくわかりませんでした。 どなたか教えていただ...,0,0
2479,2026/2/2 2:40,生き方、人生相談,1053247726,15時間51分,7,49,7.0,0,9,0.051,14.29,0.0,0.7,あと3日,https://detail.chiebukuro.yahoo.co.jp/qa/question_detail/q13324920423,努力も才能だと思いますか？,0,0
2480,2026/2/2 2:40,生き方、人生相談,非公開,15時間51分,2,24,12.0,0,0,0.025,8.33,0.0,0.13,あと3日,https://detail.chiebukuro.yahoo.co.jp/qa/question_detail/q12324920422,僕は現在の置かれている状況が原因で毎日鬱な気分になりながら過ごしているのですが、その状況を訳あってどうしても変えることができません。 その状況に陥ったのは全て自分が原因なのですが、どうしたら楽しく過ご...,0,0
2481,2026/2/2 2:40,ドラマ,ひろし,15時間51分,0,7,7.0,0,0,0.007,0.0,0.0,0.01,あと3日,https://detail.chiebukuro.yahoo.co.jp/qa/question_detail/q11324920421,たくさんBLドラマが見れるアプリありますか！例えばネトフリとか,0,0
2483,2026/2/2 2:40,英語,我々のコリブリ,15時間51分,3,17,5.7,0,0,0.018,17.65,0.0,0.18,あと3日,https://detail.chiebukuro.yahoo.co.jp/qa/question_detail/q14324920419,英語 相撲の巡業ってsumo tourって訳して大丈夫なんですかね？ 日本独自な物って中々訳語を探すの難しいですよね,0,0
2484,2026/2/2 2:40,恋愛相談,*******,15時間51分,4,42,10.5,0,2,0.044,9.52,0.0,0.32,あと3日,https://detail.chiebukuro.yahoo.co.jp/qa/question_detail/q12324920417,付き合ってない男性が私（女性）の行動とか様子を把握したがるのですが何故ですか？ もし好意や興味があったとしても行動を把握したがる意味が分かりません。,0,0
2485,2026/2/2 2:39,友人関係の悩み,といととと,15時間52分,2,12,6.0,0,0,0.013,16.67,0.0,0.12,あと3日,https://detail.chiebukuro.yahoo.co.jp/qa/question_detail/q14324920414,中学3年です。 小学校の時から結構仲が良かった友達がいたのですが最近はその友達がストーカーのような感じでほかの友達と話している時もだいたい僕のところに来るんですよね。 ほかの友達と遊びにいく話がそのつ...,0,0
2486,2026/2/2 2:39,デビットカード,1152955803,15時間52分,0,3,3.0,0,0,0.003,0.0,0.0,0.0,あと3日,https://detail.chiebukuro.yahoo.co.jp/qa/question_detail/q13324920413,Dカーシェアアプリについて、 過去の使用分の引き落としが何回もあるのはなんでしょうか。 デビットカードを使用しているため 一回入金されてまた引き落としの繰り返しが多いです。 また、締日とは関係ない日に...,0,0
2487,2026/2/2 2:39,ヘアスタイル,1252442450,15時間52分,2,13,6.5,0,2,0.014,15.38,0.0,0.18,あと3日,https://detail.chiebukuro.yahoo.co.jp/qa/question_detail/q12324920412,至急‼︎タッセルボブでワンホン前髪っておかしいですか（ ; ; ）,0,0
2488,2026/2/2 2:39,写真、ビデオ,a4f58b119,15時間53分,1,12,12.0,0,0,0.013,8.33,0.0,0.06,あと3日,https://detail.chiebukuro.yahoo.co.jp/qa/question_detail/q11324920411,皆さんは、この真ん中の写真を見てどんな汚れが付くと思いますか,0,0
2489,2026/2/2 2:39,コミック,ちゃねーふけ,15時間53分,0,3,3.0,0,0,0.003,0.0,0.0,0.0,あと3日,https://detail.chiebukuro.yahoo.co.jp/qa/question_detail/q14324920409,漫画ワンピースの最終章ってどこから始まりましたか？ エッグヘッド編からですか？,0,0
2490,2026/2/2 2:39,女性アイドル,cd7897cbf,15時間53分,3,66,22.0,0,0,0.069,4.55,0.02,0.23,あと3日,https://detail.chiebukuro.yahoo.co.jp/qa/question_detail/q13324920408,アイドルを推している皆さんからアドバイスが欲しいです。 私はアイドルを本気で推すことができません。 大好きでLIVEも行きたいしFCにも入ってどっぷり沼っちゃいたいんですけど虚しくなるんです。 どんな...,0,0
2491,2026/2/2 2:39,デンタルケア,あいう。,15時間53分,1,40,40.0,0,0,0.042,2.5,0.02,0.09,あと3日,https://detail.chiebukuro.yahoo.co.jp/qa/question_detail/q12324920407,親知らずを抜いてから3日ほど経ちます。 痛みも腫れも全くないのですが、ドライソケットになるのが本当に怖いです。コーラは飲んで大丈夫でしょうか？ 先生には特に禁止とも言われてないしいいとも言われてません...,0,0
2492,2026/2/2 2:39,ポケットモンスター,(´･ω･)っ旦~お茶,15時間53分,1,44,44.0,0,1,0.046,2.27,0.02,0.13,不明,https://detail.chiebukuro.yahoo.co.jp/qa/question_detail/q11324920406,ポケモンユナイトのサイコロミッション(ネギガナイト)についてです ウッウが味方または相手チームにいる状態でバトルに1回参加 というミッションがあり、ウッウを味方にしてやったのですが、クリアになりません...,0,0
2493,2026/2/2 2:39,ゲーム,爽健美茶。,15時間53分,6,33,5.5,0,1,0.035,18.18,0.0,0.38,あと3日,https://detail.chiebukuro.yahoo.co.jp/qa/question_detail/q10324920405,今更になってPS5が欲しくなってきたんですけどもう遅いでしょうか。APEXとか今後出るグラセフとかやりたいなーって思ってます。最近ほんとにAPEXやりたい欲が出てきて買おうか迷ってます。 買うなら日本...,0,0
2494,2026/2/2 2:39,洋楽,もち,15時間53分,0,10,10.0,0,0,0.01,0.0,0.0,0.01,あと3日,https://detail.chiebukuro.yahoo.co.jp/qa/question_detail/q14324920404,マイケルジャクソンのヒストリーツアーがアルバム発売から一年後になったのは何故ですか？ アルバムを引っ提げたツアーにしては開催するのが遅い気がしました。,0,0
2495,2026/2/2 2:39,生理,c2bf5f853,15時間53分,1,11,11.0,0,0,0.012,9.09,0.0,0.06,あと3日,https://detail.chiebukuro.yahoo.co.jp/qa/question_detail/q13324920403,ファボワールを服用しています。 生理を早めたいです。 2/9が予定日なのですが2/3に来させたい場合は、偽薬を2/2の夜に飲めばくるでしょうか？ お薬は12個までいまのんでいます。,0,0
2496,2026/2/2 2:39,税金,1151324381,15時間53分,1,5,5.0,0,0,0.005,20.0,0.0,0.06,あと3日,https://detail.chiebukuro.yahoo.co.jp/qa/question_detail/q12324920402,確定申告について フリーで働いていて、弥生の白色申告オンラインで確定申告の予定なのですが、ゲームの課金などは一纏めにしてはいけないんでしょうか？ 漫画アプリなどで60円の課金が数十回行われていたりする...,0,0
2497,2026/2/2 2:39,邦楽,知恵袋盛り上げ隊,15時間53分,4,31,7.8,0,1,0.033,12.9,0.0,0.27,あと3日,https://detail.chiebukuro.yahoo.co.jp/qa/question_detail/q11324920401,以心伝心 で思い浮かぶ曲は？,0,0
2498,2026/2/2 2:38,クレジットカード,fas********,15時間54分,2,33,16.5,0,4,0.035,6.06,0.01,0.26,あと3日,https://detail.chiebukuro.yahoo.co.jp/qa/question_detail/q10324920400,三井住友銀行について ネット用(？)のクレジットカードしかなく 手元にクレジットカードが欲しいんですけどどうすればいいんでしょう,0,0
2499,2026/2/2 2:38,アニメ,ﾔﾝｸﾞｺｰﾝ,15時間54分,1,14,14.0,0,0,0.015,7.14,0.0,0.07,あと3日,https://detail.chiebukuro.yahoo.co.jp/qa/question_detail/q14324920399,進撃の巨人のOADについてです。 今、2期を見終わったところです。OADはいつ見ればいいでしょうか？？ 調べたら2期前に見ておいた方がいい話があると書いてあったり3期の中盤までに見ておくといいかもなど...,0,0
2500,2026/2/2 2:38,恋愛相談、人間関係の悩み,a7e075f92,15時間54分,1,12,12.0,0,0,0.013,8.33,0.0,0.06,あと3日,https://detail.chiebukuro.yahoo.co.jp/qa/question_detail/q13324920398,恋愛相談です。 私の友達は私が彼氏と付き合う前から彼氏と知り合いだったので今も少し仲のいい知り合い程度だと思うのですが、同じグループラインに入っているらしく、その友達と彼氏から私に送られるラインが同じ...,0,0
2501,2026/2/2 2:38,恋愛相談、人間関係の悩み,c753df10a,15時間54分,3,14,4.7,0,0,0.015,21.43,0.0,0.17,あと3日,https://detail.chiebukuro.yahoo.co.jp/qa/question_detail/q12324920397,3年間お世話になった習い事の先生にお礼のプレゼントを贈ろうと思っています。 あげても迷惑にならないようアドバイスをください! 渡そうと思っているものは、 手紙・ハンドクリーム・ホットアイマスク・ バレ...,0,0
2502,2026/2/2 2:38,観光地、行楽地,fuk********,15時間54分,1,16,16.0,0,0,0.017,6.25,0.0,0.07,あと3日,https://detail.chiebukuro.yahoo.co.jp/qa/question_detail/q11324920396,函館山に行くのに、車で頂上にのぼる際、 冬季シーズン以外では午前中は、いつの時間でも通行できますか？ ロープウェイは10時からしか運転しないので、その前から行きたいですが・・,0,0
2503,2026/2/2 2:38,外国映画,1150322761,15時間55分,1,11,11.0,0,0,0.012,9.09,0.0,0.06,あと3日,https://detail.chiebukuro.yahoo.co.jp/qa/question_detail/q10324920395,今YoutubeでSAW the final3Dが無料で見れているんですが、何かのイベントですか？ 字幕もしっかり機能してるし、Youtubeの映画やテレビのチャンネルがあげているので無断転載という訳...,0,0
2504,2026/2/2 2:38,言葉、語学,わんど,15時間55分,0,2,2.0,0,0,0.002,0.0,0.0,0.0,あと3日,https://detail.chiebukuro.yahoo.co.jp/qa/question_detail/q14324920394,Isla Nichole Brandywine 上の人名の翻訳した時のカタカナ表記を考えていただけませんか？ HarryPotter風でお願いしたいです。,0,0
2505,2026/2/2 2:38,女性アイドル,jpe********,15時間55分,0,6,6.0,0,0,0.006,0.0,0.0,0.01,あと3日,https://detail.chiebukuro.yahoo.co.jp/qa/question_detail/q12324920392,最近M!LKを好きになったものです。M!LKのツーショット撮影会が3月にあると思うのですが、そちらを応募しました。 当落発表はいつ頃になりますか？ また、ツーショット撮影会当日の流れや、OKなこと、N...,0,0
2506,2026/2/2 2:38,ライブ、コンサート,gepw,15時間55分,1,12,12.0,0,0,0.013,8.33,0.0,0.06,あと3日,https://detail.chiebukuro.yahoo.co.jp/qa/question_detail/q10324920390,イコノイジョイの生誕祭についてです｡ FC限定チケットの2次って席が若干数しかなく､ほぼ空売りみたいなもんなんですかね？ イコラブ ノイミー ニアジョイ,0,0
2507,2026/2/2 2:37,生き方、人生相談,uqj********,15時間56分,1,27,27.0,0,0,0.028,3.7,0.01,0.08,不明,https://detail.chiebukuro.yahoo.co.jp/qa/question_detail/q14324920389,21歳大学生です。 漠然とした将来への不安をどう対処していますか。 就活が上手くいっていないとかではありませんが、言葉にならない不安感があります。 上手く寝れません。 ーーーーーーーーーーーーーーーー...,0,0
2508,2026/2/2 2:37,政治、社会問題,pjk********,15時間56分,6,95,15.8,0,13,0.099,6.32,0.02,0.82,あと3日,https://detail.chiebukuro.yahoo.co.jp/qa/question_detail/q13324920388,自民大勝の予測見てこんな国イヤになってきませんか？,0,0
2509,2026/2/2 2:37,法律相談,1152103647,15時間56分,0,10,10.0,0,0,0.01,0.0,0.0,0.01,あと3日,https://detail.chiebukuro.yahoo.co.jp/qa/question_detail/q12324920387,行政法の問題なんですが、以下の問題にお答えいただきたいです。法律の根拠の要否に関する問題だとは思うんですが、これって取り消しって書いてはあるものの授益的行政処分の撤回の話なんでしょうか？ そうだとすれ...,0,0
2510,2026/2/2 2:37,音楽,cb33334af,15時間56分,2,39,19.5,0,0,0.041,5.13,0.01,0.15,不明,https://detail.chiebukuro.yahoo.co.jp/qa/question_detail/q11324920386,曲を探してるんですが、、全然歌詞などは覚えて無くて、アプリで出てくる画像？が赤い背景に紺色か黒色で羊？が書いてあるんです、手掛かりがこれだけしかなくて、すみません 米津玄師さんや神山羊さんではなくて日...,0,0
2511,2026/2/2 2:37,バイク,naz********,15時間56分,9,108,12.0,0,1,0.113,8.33,0.01,0.61,あと3日,https://detail.chiebukuro.yahoo.co.jp/qa/question_detail/q10324920385,最近400ccのバイクの購入を考えている27歳です。 現在は普通車(1200ccクラス)を所有しており、車と400ccバイクを同時に所有した場合の年間の維持費がどれぐらいかかるか教えていただきたいです...,0,0
2512,2026/2/2 2:37,スマホアプリ,1153303431,15時間56分,0,4,4.0,0,0,0.004,0.0,0.0,0.0,あと3日,https://detail.chiebukuro.yahoo.co.jp/qa/question_detail/q14324920384,ツムツムの質問です。 ボムキャン繰り越しとはなんですか？ 普通の連打して繰り越しするのと何が違うのでしょうか…？,0,0
2514,2026/2/2 2:36,恋愛相談、人間関係の悩み,1151325429,15時間57分,2,72,36.0,1,0,0.075,2.78,0.03,0.28,あと3日,https://detail.chiebukuro.yahoo.co.jp/qa/question_detail/q12324920382,付き合って半年になる彼女がいます。つい、彼女のスマホを見てしまいました。これは確信犯ですよね。,0,0
2515,2026/2/2 2:36,政治、社会問題,チ。ーチキンナゲットについてー,15時間57分,5,32,6.4,0,21,0.033,15.62,0.0,0.95,不明,https://detail.chiebukuro.yahoo.co.jp/qa/question_detail/q11324920381,日本が好きですか？自分は好きです。,0,0
2516,2026/2/2 2:36,日本語,、。,15時間57分,2,23,11.5,0,0,0.024,8.7,0.0,0.13,あと3日,https://detail.chiebukuro.yahoo.co.jp/qa/question_detail/q14324920379,ベントレーやベンツの頭２文字は日本ではあれを想像してしまいますか？,0,0
2517,2026/2/2 2:36,哲学、倫理,*********,15時間58分,7,45,6.4,0,1,0.047,15.56,0.0,0.44,あと3日,https://detail.chiebukuro.yahoo.co.jp/qa/question_detail/q13324920378,子育ては「無償の愛」の実践なのか、それとも「自分を必要としてくれる存在」への依存なのか？,0,0
2518,2026/2/2 2:36,小説,1051725025,15時間58分,5,47,9.4,0,0,0.049,10.64,0.0,0.31,あと3日,https://detail.chiebukuro.yahoo.co.jp/qa/question_detail/q11324920376,絵画を始めた友人が、描いた絵を私に隠すようになった。今までどんなに下手でも笑ったりしたことないのに。こっそり絵を盗み見て、わかった。上手くなったから見せられなくなったのだ。 上手くなって、それが私であ...,0,0
2519,2026/2/2 2:36,美容整形,cd241a025,15時間58分,1,7,7.0,0,0,0.007,14.29,0.0,0.06,あと3日,https://detail.chiebukuro.yahoo.co.jp/qa/question_detail/q12324920377,TCBの二重整形って結構どえなんですか？,0,0
2520,2026/2/2 2:36,就職活動,Gidindi,15時間58分,6,45,7.5,0,1,0.047,13.33,0.0,0.39,あと3日,https://detail.chiebukuro.yahoo.co.jp/qa/question_detail/q10324920375,大卒や大学院卒で大手のメーカーに就職して工場に配属？された場合、どのような仕事をするのですか？高卒人やバイトで来てる人と同じような業務ですか？,0,0
2521,2026/2/2 2:36,恋愛相談、人間関係の悩み,1052915956,15時間58分,4,97,24.2,0,0,0.101,4.12,0.02,0.31,あと3日,https://detail.chiebukuro.yahoo.co.jp/qa/question_detail/q14324920374,大学生…お金がかかる、そう痛感して霹靂しています。 自分は都内某大学に通う3年生です。 お金のことで悩んでいます。 人から見たらとても恵まれているのは理解しています。でも、私自身は本当に大変だし、もう...,0,0
2522,2026/2/2 2:36,携帯型ゲーム全般,nee********,15時間58分,2,66,33.0,0,0,0.069,3.03,0.02,0.17,あと3日,https://detail.chiebukuro.yahoo.co.jp/qa/question_detail/q13324920373,FGOのキャラが思い出せません ・女性キャラ ・全体的に赤かった気がする ・尖ったあばら骨が４本(左右２本ずつ)でてる コレだけなのですがわかりますでしょうか,0,0
2523,2026/2/2 2:36,メルカリ,hxk********,15時間58分,2,57,28.5,0,3,0.059,3.51,0.02,0.26,あと3日,https://detail.chiebukuro.yahoo.co.jp/qa/question_detail/q12324920372,メルカリで、発送方法が普通郵便のものを購入していただいたのですが、ゆうパケットポストで投函したく、ゆうゆうメルカリ便に変更する際、購入者である相手に連絡を入れるべきですか？ だとしたらなんて言えばいい...,0,0
2524,2026/2/2 2:35,政治、社会問題,*********,15時間59分,0,4,4.0,0,0,0.004,0.0,0.0,0.0,あと3日,https://detail.chiebukuro.yahoo.co.jp/qa/question_detail/q11324920371,社会を維持するための「次世代の育成」を、なぜ個人の負担と責任だけで担わなければならないのか？,0,0
2525,2026/2/2 2:35,飲食店,1253067056,15時間59分,0,7,7.0,0,0,0.007,0.0,0.0,0.01,あと3日,https://detail.chiebukuro.yahoo.co.jp/qa/question_detail/q13324920368,渋谷にある居酒屋ワープって年確されますか？,0,0
2526,2026/2/2 2:35,労働条件、給与、残業,sam********,15時間59分,0,19,19.0,0,0,0.02,0.0,0.0,0.02,あと3日,https://detail.chiebukuro.yahoo.co.jp/qa/question_detail/q14324920369,マッチボックスで当日急遽残業の場合について質問です。 １０時から２時までの4時間勤務の予定が、人手不足により退勤手続き後、２時半〜５時まで延長（２時から２時半までの３０分は空白）と言う状況です。 ①そ...,0,0
2527,2026/2/2 2:35,大学受験,b88e9d9db,15時間59分,1,29,29.0,0,0,0.03,3.45,0.01,0.08,あと3日,https://detail.chiebukuro.yahoo.co.jp/qa/question_detail/q12324920367,今年の静岡大学は、去年までとは違い共通テスト出願前に学校推薦の出願をし、年内に面接が行われました。そのため去年よりボーダーが下がると予想しています。 今年の人文社会科学部法学科の推薦だと、共通テストが...,0,0
2528,2026/2/2 2:35,うつ病,a_i********,15時間59分,7,135,19.3,0,15,0.141,5.19,0.03,0.97,あと3日,https://detail.chiebukuro.yahoo.co.jp/qa/question_detail/q11324920366,重度の双極性障害らしいですが病院に行くのをやめました 薬をやめる、やめないについて意見がもらえればと思います。 自分:28歳男性現在会社員 病気のきっかけ：家庭環境によるもの(ストレスで脳内麻薬が出す...,0,0
2529,2026/2/2 2:35,飛行機、空港,aiu********,15時間59分,4,58,14.5,0,28,0.06,6.9,0.01,1.14,あと3日,https://detail.chiebukuro.yahoo.co.jp/qa/question_detail/q10324920365,新幹線や電車や飛行機の荷物棚、 なぜ高い位置にあるのですか？ 日本の女性は背が低いので、 あの高さへ荷物を乗せるのほぼ無理ではないでしょうか？ 棚へ乗せれば良いのに、 手が届かなくて諦めています。 足...,0,0
2531,2026/2/2 2:35,ゲーム,a,16時間0分,3,45,15.0,1,2,0.047,6.67,0.01,0.37,あと3日,https://detail.chiebukuro.yahoo.co.jp/qa/question_detail/q13324920363,クトゥルフ神話trpgに興味があってはじめてみたいなと思っているのですが分からない事が多くて困っています；；可能な限り教えて頂けたら幸いです；； とりあえず6版のルールブックを買ってルールを頭に入れて...,0,0
2532,2026/2/2 2:35,政治、社会問題,cfe913668,16時間0分,4,39,9.8,0,5,0.041,10.26,0.0,0.4,あと3日,https://detail.chiebukuro.yahoo.co.jp/qa/question_detail/q12324920362,自民党が圧勝予測に意気消沈してる左翼って本気で中道が旋風を巻き起こすと思ってたんですか？ 何をどう見てたら自民党圧勝にならないと思えたんだろうと不思議で仕方ありません。,0,0
2533,2026/2/2 2:35,マラソン、陸上競技,osa********,16時間0分,2,15,7.5,0,0,0.016,13.33,0.0,0.12,あと3日,https://detail.chiebukuro.yahoo.co.jp/qa/question_detail/q10324920360,今年の箱根駅伝で早大は往路2位でしたが、復路のみは何位でしたか？,0,0
2534,2026/2/2 2:34,化学,栗村アイリ,16時間1分,3,20,6.7,0,0,0.021,15.0,0.0,0.18,あと3日,https://detail.chiebukuro.yahoo.co.jp/qa/question_detail/q14324920359,錯体って高校化学で扱わないんですか？ 生物系の大学に通う理系です。高校時代に化学を取ってなかったこともあり、大学時代に初めて「錯体」という言葉に触れて、以降3年間当たり前のように使ってきましたが、ふと...,0,0
2535,2026/2/2 2:34,政治、社会問題,*********,16時間1分,4,15,3.8,0,0,0.016,26.67,0.0,0.22,あと3日,https://detail.chiebukuro.yahoo.co.jp/qa/question_detail/q13324920358,かつては「労働力」だった子供が、現代では「贅沢な消費財（コスト）」になった。それなのに産み育てるのはなぜか？,0,0
2536,2026/2/2 2:34,職場の悩み,kon********,16時間1分,3,15,5.0,0,0,0.016,20.0,0.0,0.17,あと3日,https://detail.chiebukuro.yahoo.co.jp/qa/question_detail/q12324920357,会社のパソコン（Googleアカウントは上司）で社員が上司のプライベートの写真（上司がプライベートで撮っているスマホの写真）を勤務中に見る行為について、不正アクセス禁止法に違反する違法行為等、 違法や...,0,0
2537,2026/2/2 2:34,パチンコ,あたたた,16時間1分,7,117,16.7,0,11,0.122,5.98,0.02,0.83,あと3日,https://detail.chiebukuro.yahoo.co.jp/qa/question_detail/q11324920356,パチンコの打ち手について質問です。 パチンコカテゴリを見ててふと思ったのですが、『打ち手が変わったから当たった』『あなたが打ち続けてたら当たってない』的なことを言ってる人をちょくちょく見かけますが、も...,0,0
2538,2026/2/2 2:34,電子マネー、電子決済,、。,16時間1分,3,41,13.7,0,1,0.043,7.32,0.01,0.23,あと3日,https://detail.chiebukuro.yahoo.co.jp/qa/question_detail/q10324920355,キャッシュレス決済で使ってるのは、メルカリで物を買う際にメルペイを使うだけで、店で物を買う際はメルペイでは支払わないし現金しか使わない、 というのでもキャッシュレス決済を使いこなしていると言えるのです...,0,0
2539,2026/2/2 2:34,プレイステーション4,Chapliny,16時間1分,1,4,4.0,0,3,0.004,25.0,0.0,0.15,あと3日,https://detail.chiebukuro.yahoo.co.jp/qa/question_detail/q14324920354,デッドオアアライブシリーズの「DOAXVV」こと「DEAD OR ALIVE Xtreme Venus Vacation（デッド オア アライブ エクストリーム ヴィーナス バケーション）」にトレンド...,0,0
2540,2026/2/2 2:34,病気、症状,fud********,16時間1分,0,19,19.0,0,0,0.02,0.0,0.0,0.02,あと3日,https://detail.chiebukuro.yahoo.co.jp/qa/question_detail/q13324920353,今日かゆくてかいてその夜ちょっと痛いなと思って見てみたらこんなことになってました…帯状疱疹とかでしょうか…？ 場所は右横腹のちょい下くらいです 数日で治るかもしれないので少しの間は様子見してひどくなる...,0,0
2541,2026/2/2 2:34,邦楽,知恵袋盛り上げ隊,16時間1分,3,16,5.3,0,0,0.017,18.75,0.0,0.17,あと3日,https://detail.chiebukuro.yahoo.co.jp/qa/question_detail/q12324920352,通じる で思い浮かぶ曲は？,0,0
2542,2026/2/2 2:34,恋愛相談、人間関係の悩み,1152620985,16時間1分,2,21,10.5,0,0,0.022,9.52,0.0,0.13,あと3日,https://detail.chiebukuro.yahoo.co.jp/qa/question_detail/q10324920350,先日彼女と別れました。別れた直後は嫌いじゃないから今は友達として接していきたいと言われましたんですけど、連絡取っててしつこく縋ってしまいました。 LINEブロックされて自分の未熟さでインスタでも数日後...,0,0
2543,2026/2/2 2:34,写真、ビデオ,m_a********,16時間1分,2,13,6.5,0,0,0.014,15.38,0.0,0.12,あと3日,https://detail.chiebukuro.yahoo.co.jp/qa/question_detail/q11324920351,質問です。 最近、スタジオで写真を撮ったのですが、その写真をUSB等に入れて保存したいと考えています。 高画質の写真なら、1ギガあたり何枚ぐらいの写真が保存できるのでしょうか？ また、思い出なので撮っ...,0,0
2544,2026/2/2 2:34,ライブ、コンサート,あ,16時間2分,1,26,26.0,0,3,0.027,3.85,0.01,0.17,あと3日,https://detail.chiebukuro.yahoo.co.jp/qa/question_detail/q14324920349,今度Zepp大阪ベイサイドで行われるきゅーすとのきゅーてすとのつどいに行きます。 整理番号的に恐らく1番前で、身長は160cmです。 ライブ後にメンバーとの交流があるので可愛くしていきたいと思ってて、...,0,0
2545,2026/2/2 2:34,スロット,A,16時間2分,1,30,30.0,0,0,0.031,3.33,0.01,0.08,不明,https://detail.chiebukuro.yahoo.co.jp/qa/question_detail/q13324920348,"スマスロのアズールレーンについて質問です。 合算やRB,BB確率,出玉率など、どのデータを見ればある程度の設定が可能になりますか?",0,0
2546,2026/2/2 2:34,料理、食材,James1950s,16時間2分,2,18,9.0,0,6,0.019,11.11,0.0,0.31,あと3日,https://detail.chiebukuro.yahoo.co.jp/qa/question_detail/q12324920347,白菜とカキのサラダはおすすめでしょうか?,0,0
2547,2026/2/2 2:34,高校,c2b966227,16時間2分,0,6,6.0,0,0,0.006,0.0,0.0,0.01,あと3日,https://detail.chiebukuro.yahoo.co.jp/qa/question_detail/q11324920346,"今日N高等学校の本校スクーリングに参加する者です。 午後からの3コマしかありません。 1,朝のHRには参加しないといけないのか 2,受付はどのようにするのか 有識者の方、教えてください！！",0,0
2549,2026/2/2 2:33,バレーボール,1053273172,16時間3分,0,3,3.0,0,0,0.003,0.0,0.0,0.0,あと3日,https://detail.chiebukuro.yahoo.co.jp/qa/question_detail/q14324920344,コラントッテの飾り(留め具)の部分だけ変えれることって出来ますか？,0,0
2550,2026/2/2 2:33,携帯型ゲーム全般,wat********,16時間3分,1,18,18.0,0,0,0.019,5.56,0.0,0.07,あと3日,https://detail.chiebukuro.yahoo.co.jp/qa/question_detail/q13324920343,ブルアカのシロコテラーの経緯が明かされるのってどのあたりでしたっけ。読み返したいんですけどどの辺だったか忘れてしまって、覚えてる方いませんか？,0,0
2551,2026/2/2 2:33,映画,kom********,16時間3分,1,10,10.0,0,0,0.01,10.0,0.0,0.06,あと3日,https://detail.chiebukuro.yahoo.co.jp/qa/question_detail/q12324920342,映画の入場者特典入手目的のみで来る人いますか？ 【流れ】 入場チケットを購入 ↓ 入場ゲート又はシアタールームの入口近くのスタッフから入場者特典を貰う ↓ 上映開始前及び上映中に退室,0,0
2552,2026/2/2 2:33,ドラゴンクエスト,1052784481,16時間3分,2,26,13.0,0,0,0.027,7.69,0.0,0.13,不明,https://detail.chiebukuro.yahoo.co.jp/qa/question_detail/q11324920341,ドラゴンクエスト トレジャーズが今セールなので買おうと思いますが、評価はイマイチのようです。 モンスターズ3もセールで、どちらを買おうか悩んでいるのですが、おすすめはどちらですか？ それぞれの善し悪し...,0,0
2553,2026/2/2 2:33,家族関係の悩み,非公開,16時間3分,1,37,37.0,0,0,0.038,2.7,0.01,0.09,あと3日,https://detail.chiebukuro.yahoo.co.jp/qa/question_detail/q10324920340,子なし兄弟不仲って人生詰みポイントでしょうか？ 私達夫婦は選択子なしで夫は妹とは可もなく、不可もなくですが私が不仲です。 兄が1人います。原因は兄の妻です。 高学歴のバリキャリで親は社会人になったら殆...,0,0
2554,2026/2/2 2:33,動画サービス,iyk********,16時間3分,1,29,29.0,0,0,0.03,3.45,0.01,0.08,あと3日,https://detail.chiebukuro.yahoo.co.jp/qa/question_detail/q13324920338,スペックはCore i7-14700F/GeForce RTX 4070 Ti SUPER/メモリー32GB/水冷クーラー/Windows 11 Homeです。 PCのゲームしながらOBSでツイキャス...,0,0
2555,2026/2/2 2:33,恋愛相談,ylq********,16時間3分,2,33,16.5,0,2,0.034,6.06,0.01,0.2,不明,https://detail.chiebukuro.yahoo.co.jp/qa/question_detail/q12324920337,ハートピアスローライフのスタンプはどうやって出来ますか？,0,0
2556,2026/2/2 2:33,害虫、ねずみ,osa********,16時間3分,3,31,10.3,0,0,0.032,9.68,0.0,0.19,あと3日,https://detail.chiebukuro.yahoo.co.jp/qa/question_detail/q11324920336,ネズミはゴキブリを食べますか？苦手ですか？,0,0
2557,2026/2/2 2:33,iPhone,123456789,16時間3分,2,49,24.5,0,0,0.051,4.08,0.01,0.15,あと3日,https://detail.chiebukuro.yahoo.co.jp/qa/question_detail/q10324920335,大至急お願いしたいです。 AppleMusicについてです。 AppleMusicのプレイリストはファイルごとに分けれるようになっていると思うのですが、これは、ファイルに入れてしまったら、全体のプレイ...,0,0
2558,2026/2/2 2:33,性の悩み、相談,人見知らず,16時間3分,9,116,12.9,0,5,0.12,7.76,0.02,0.74,あと3日,https://detail.chiebukuro.yahoo.co.jp/qa/question_detail/q14324920334,女性の性欲、ネットはともかく社会じゃ割となかったことにされがち問題って何でだと思いますか？ AVは男性だけが見るもの、みたいな風潮がありますが女でも見ますよね？エロ漫画読みますよね？私だけじゃないです...,0,0
2559,2026/2/2 2:32,邦楽,知恵袋盛り上げ隊,16時間4分,19,66,3.5,0,3,0.068,28.79,0.0,1.14,あと3日,https://detail.chiebukuro.yahoo.co.jp/qa/question_detail/q13324920333,夢 で思い浮かぶ曲は？,0,0
2560,2026/2/2 2:32,ミュージック,cqkrlz,16時間5分,1,88,88.0,0,0,0.091,1.14,0.08,0.14,あと3日,https://detail.chiebukuro.yahoo.co.jp/qa/question_detail/q12324920332,Applemusicの月間リプレイ、1月のデータはいつ出るのでしょうか？,0,0
2561,2026/2/2 2:32,CM,kfr********,16時間5分,1,16,16.0,0,3,0.017,6.25,0.0,0.16,あと3日,https://detail.chiebukuro.yahoo.co.jp/qa/question_detail/q10324920330,ソフトバンクのCMソングに使われたNiziUのあの楽曲の曲名はなんですか？,0,0
2562,2026/2/2 2:32,テレビ、DVD、ホームシアター,おおとり,16時間5分,4,64,16.0,1,0,0.066,6.25,0.01,0.38,あと3日,https://detail.chiebukuro.yahoo.co.jp/qa/question_detail/q14324920329,パナソニックってこれからどうなっていくんですか？ テレビ事業の撤退は白紙化されたのは本当ですか？,0,0
2563,2026/2/2 2:32,スマホアプリ,bc8a12bd2,16時間5分,1,26,26.0,0,0,0.027,3.85,0.01,0.08,あと3日,https://detail.chiebukuro.yahoo.co.jp/qa/question_detail/q13324920328,にゃんこ大戦争についてです。 今キャッツアイ闇が15個あって、初めてレベル60のキャラを作りたいんですが、候補の中からオススメ教えてください。 （進行状況は真レジェのドロンまで終わったところです。また...,0,0
2564,2026/2/2 2:32,恋愛相談、人間関係の悩み,csq********,16時間5分,2,38,19.0,0,0,0.039,5.26,0.01,0.14,あと3日,https://detail.chiebukuro.yahoo.co.jp/qa/question_detail/q12324920327,どこまで信用していいのか？ 大学生の女です。 最近、同じバイト先の男性（1つ上、彼女なし）を好きになりました。 大学は別で、共通点はバイトだけです。 先週、その人に私から誘って2人でご飯に行きました。...,0,0
2565,2026/2/2 2:32,音楽,b4974a28a,16時間5分,0,18,18.0,0,0,0.019,0.0,0.0,0.02,あと3日,https://detail.chiebukuro.yahoo.co.jp/qa/question_detail/q11324920326,"MAZZELについて質問です MAZZELの曲でCounterattack、CAME TO DANCE、Ain’t no fun、Our Life Is Always Right、I’m yours,...",0,0
2566,2026/2/2 2:32,高校,c2b966227,16時間5分,1,8,8.0,0,0,0.008,12.5,0.0,0.06,あと3日,https://detail.chiebukuro.yahoo.co.jp/qa/question_detail/q10324920325,"今日N高等学校の本校スクーリングに参加する者です。 午後からの3コマしかありません。 1,朝のHRには参加しないといけないのか 2,受付はどのようにするのか 有識者の方、教えてください！！",0,0
2567,2026/2/2 2:32,ゲーム,1152862107,16時間5分,0,3,3.0,0,0,0.003,0.0,0.0,0.0,あと3日,https://detail.chiebukuro.yahoo.co.jp/qa/question_detail/q14324920324,１年前くらいの黒神話波風水門がプレ１位だった頃くらい？に一緒にやってた、キーマウの最強パスファインダーの人の名前知ってる人いませんか？,0,0
2568,2026/2/2 2:32,恋愛相談、人間関係の悩み,なすぴ,16時間5分,4,41,10.2,0,1,0.042,9.76,0.0,0.28,あと3日,https://detail.chiebukuro.yahoo.co.jp/qa/question_detail/q13324920323,私は29歳女、2人の子持ち、結婚4年目の既婚者です。 既婚者同士のサシ飲みについて質問です。 相手の心情がわからずどうしたらいいのかわからないので、恋愛マスターのみなさん教えてください。 5年ほど前か...,0,0
2569,2026/2/2 2:31,ネコ,1251793904,16時間6分,2,47,23.5,0,1,0.049,4.26,0.01,0.18,不明,https://detail.chiebukuro.yahoo.co.jp/qa/question_detail/q12324920322,飼い猫がネズミが苦手に見えますが、私の勘違いでしょうか。本能的にあり得ないですよね。,0,0
2570,2026/2/2 2:31,日本映画,cecdc60c0,16時間6分,0,3,3.0,0,0,0.003,0.0,0.0,0.0,あと3日,https://detail.chiebukuro.yahoo.co.jp/qa/question_detail/q11324920321,映画俺物語で砂川に誕生日プレゼント何をあげたんですか？,0,0
2571,2026/2/2 2:31,観光地、行楽地,cdc332cf8,16時間6分,1,14,14.0,0,0,0.014,7.14,0.0,0.07,あと3日,https://detail.chiebukuro.yahoo.co.jp/qa/question_detail/q10324920320,小樽周辺でおすすめの夜ごはん教えてください,0,0
2572,2026/2/2 2:31,カラオケ,vya********,16時間6分,0,6,6.0,0,0,0.006,0.0,0.0,0.01,あと3日,https://detail.chiebukuro.yahoo.co.jp/qa/question_detail/q14324920319,花譜さんのこの動画の音域(最低音・最高音)がどこの箇所で出ているのか教えてください。 https://youtu.be/95StjiPHQYk?si=yw7VSga2_BW0f3JA,0,0
2573,2026/2/2 2:31,メルカリ,734550764508,16時間6分,2,62,31.0,0,1,0.064,3.23,0.02,0.2,あと3日,https://detail.chiebukuro.yahoo.co.jp/qa/question_detail/q13324920318,メルカリの問い合わせページがなくて、問い合わせできてもチャットしかないのですがどうすればいいですか？結局担当者入室してこなくて問い合わせできません。,0,0
2575,2026/2/2 2:31,アニメ,a1e10172e,16時間7分,0,3,3.0,0,0,0.003,0.0,0.0,0.0,あと3日,https://detail.chiebukuro.yahoo.co.jp/qa/question_detail/q11324920316,小さい頃に見たアンパンマンの映画？を探しています。 私の記憶が正しければ、SLマンが割れた地面の上？を走っていた様な気がします。 情報が少なすぎて申し訳ないですが、よろしくお願いします。,0,0
2576,2026/2/2 2:31,ライブ、コンサート,ないない,16時間7分,1,11,11.0,0,0,0.011,9.09,0.0,0.06,あと3日,https://detail.chiebukuro.yahoo.co.jp/qa/question_detail/q10324920315,徳永英明さんの大宮ソニックシティでのコンサート一般チケットはもう販売終わりましたか？詳細がなくて分からなくて分かる方いらっしゃいましたら、教えてください><,0,0
2577,2026/2/2 2:30,恋愛相談、人間関係の悩み,るな,16時間8分,2,8,4.0,0,0,0.008,25.0,0.0,0.11,あと3日,https://detail.chiebukuro.yahoo.co.jp/qa/question_detail/q14324920314,彼氏との1年記念日にサプライズで手作りアルバムを渡そうと思っています。 アルバムってどんなことを書いたら良いのでしょうか？ 写真だけ貼ってデコるだけだと寂しい気がして… 作ったことがある方、どのような...,0,0
2578,2026/2/2 2:30,香水,oen********,16時間8分,0,20,20.0,0,0,0.021,0.0,0.0,0.02,あと3日,https://detail.chiebukuro.yahoo.co.jp/qa/question_detail/q12324920312,初めまして。香水初心者です。 先日ルラボのアンブレット9のディスカバリーを頂き、あまりにも気に入った為本品購入に踏み切りました。 同じ香水ばかりを使っていると飽きてしまうし、鼻が慣れて物足りなくなって...,0,0
2579,2026/2/2 2:30,ゲーム,Gm,16時間8分,0,6,6.0,0,0,0.006,0.0,0.0,0.01,あと3日,https://detail.chiebukuro.yahoo.co.jp/qa/question_detail/q11324920311,ドッカンバトルについての質問です リセマラ中のものです、ミッションクリアしているのにサポートメモリーが獲得できていないのですが何故でしょうか汗,0,0
2580,2026/2/2 2:30,病気、症状,r,16時間8分,0,20,20.0,0,0,0.021,0.0,0.0,0.02,あと3日,https://detail.chiebukuro.yahoo.co.jp/qa/question_detail/q10324920310,これの対処法知ってる方助けてください。ほんとにお願いします。,0,0
2581,2026/2/2 2:30,ゲーム,y********,16時間8分,1,89,89.0,0,1,0.092,1.12,0.08,0.17,不明,https://detail.chiebukuro.yahoo.co.jp/qa/question_detail/q14324920309,【至急】あつ森でこの部屋オシャレだなって見てたんですけど、このキッチンの横の台は何の家具か分からなくて... キッチンと同じ高さの何かがくっついてると思うんですけど、分かる方居たら教えて欲しいです!,0,0
2582,2026/2/2 2:30,ゲーム,青梨蒼莉,16時間8分,1,20,20.0,0,0,0.021,5.0,0.0,0.07,あと3日,https://detail.chiebukuro.yahoo.co.jp/qa/question_detail/q13324920308,ブルーアーカイブのSRT特殊学園の設定についての質問です。 pixivに「SRT特殊学園が連邦生徒会長の意向で設立された」とありますが、これは失踪した連邦生徒会長が設立した、という捉え方であっているの...,0,0
2583,2026/2/2 2:30,バイク,1152529554,16時間8分,3,20,6.7,0,0,0.021,15.0,0.0,0.18,あと3日,https://detail.chiebukuro.yahoo.co.jp/qa/question_detail/q12324920307,2010年式のcb400sf nc42を乗っているものです。 走行中4500〜5000回転の間のみ前からギーギーと低い音がなります。アクセルon of関わらず鳴ってます。 原因はなんなのでしょうか。ま...,0,0
2584,2026/2/2 2:30,メルカリ,734550764508,16時間8分,4,83,20.8,0,4,0.086,4.82,0.02,0.42,あと3日,https://detail.chiebukuro.yahoo.co.jp/qa/question_detail/q11324920306,至急お願いします。 メルカリで先程、発送通知を送信しましたが 発送時にQRコードを読み込んだにも関わらず、発送ページへ遷移しなかったため、他の商品と混ざり誤発送が起きる可能性があると判断し、袋を破って...,0,0
2585,2026/2/2 2:30,アルバイト、フリーター,非公開,16時間8分,1,35,35.0,0,1,0.036,2.86,0.01,0.12,あと3日,https://detail.chiebukuro.yahoo.co.jp/qa/question_detail/q14324920304,バイトについての質問です。 私は今、高校1年生（2月生まれの15歳）です。 誕生日を迎えたらバイトを受けようと思っています。（16歳にならない採用されにくいと聞いたため。） 平日は16:30（遅くとも...,0,0
2586,2026/2/2 2:30,アニメ,だだだだ,16時間8分,1,6,6.0,0,0,0.006,16.67,0.0,0.06,あと3日,https://detail.chiebukuro.yahoo.co.jp/qa/question_detail/q10324920305,超かぐや姫のいろはとかぐやが花火大会に向かう最中に流れたbgmの原曲があれは教えて欲しいです！,0,0
2587,2026/2/2 2:29,邦楽,知恵袋盛り上げ隊,16時間9分,9,47,5.2,0,6,0.048,19.15,0.0,0.7,あと3日,https://detail.chiebukuro.yahoo.co.jp/qa/question_detail/q12324920302,未来 で思い浮かぶ曲は？,0,0
2588,2026/2/2 2:29,アルバイト、フリーター,1153147986,16時間9分,1,24,24.0,0,0,0.025,4.17,0.01,0.08,あと3日,https://detail.chiebukuro.yahoo.co.jp/qa/question_detail/q11324920301,最近バイトを始めたんですが小銭がお釣りでいっぱい出てくる時バラバラではなく揃えて出したいのですか難しくて苦手です。コツなどやり方はありますか？ あと多汗症で少しベタついてしまいます。ちなみにレジは画像...,0,0
2589,2026/2/2 2:29,化学,hisamatumura,16時間9分,0,10,10.0,0,0,0.01,0.0,0.0,0.01,あと3日,https://detail.chiebukuro.yahoo.co.jp/qa/question_detail/q10324920300,化学？についての質問です。 私は昆虫採集を趣味でやっているのですが、蛾を締める時に使うアンモニア水を広口ボトルで保管しています。 置いておく分には何も問題ないのですが(1年ぐらい置いてても変化無し)、...,0,0
2590,2026/2/2 2:29,バイク,afd251414,16時間10分,5,77,15.4,0,4,0.079,6.49,0.01,0.46,あと3日,https://detail.chiebukuro.yahoo.co.jp/qa/question_detail/q14324920299,SNSでは、学生(高校生、大学生)は多くの方が中型バイクに乗っている動画をアップロードされていますが、大型バイクはなぜ少ないのでしょうか。やはり維持費や、車体、免許代などよりお金がかかるからですか？ ...,0,0
2591,2026/2/2 2:29,メイク、コスメ,moi********,16時間10分,1,10,10.0,0,0,0.01,10.0,0.0,0.06,あと3日,https://detail.chiebukuro.yahoo.co.jp/qa/question_detail/q13324920298,ヒロインメイクとマジョリカマジョルカ、どちらのマスカラがおすすめですか。 他におすすめがあったら上記のもの以外でも問題ございません。,0,0
2592,2026/2/2 2:29,自動車,gia********,16時間10分,3,33,11.0,0,1,0.034,9.09,0.0,0.22,あと3日,https://detail.chiebukuro.yahoo.co.jp/qa/question_detail/q12324920297,マツダCX5 ke2awについて質問なのですが、この青い部分のパーツ名称は何ていうんですか？ またこの部分の取り外し方分かる方いたら教えてください 自分でできるものなのでしょうか,0,0
2593,2026/2/2 2:29,メルカリ,非公開,16時間10分,5,51,10.2,0,12,0.053,9.8,0.01,0.68,あと3日,https://detail.chiebukuro.yahoo.co.jp/qa/question_detail/q10324920295,メルカリで、荷物を着払いで送る予定です。 大きさ的にダンボールでしか発送できないのですが、ダンボールの半分しかないんです。厚みがかなりあるだけで、幅がそんなにない場合、このままダンボール発送でもいいの...,0,0
2594,2026/2/2 2:29,生き方、人生相談,くま弁慶。,16時間10分,11,61,5.5,0,34,0.063,18.03,0.0,1.68,あと3日,https://detail.chiebukuro.yahoo.co.jp/qa/question_detail/q14324920294,もし【5億円】あったらまず何をしますか？ ∑(ﾟДﾟ),0,0
2595,2026/2/2 2:29,プログラミング,c5f6a8432,16時間10分,1,13,13.0,0,0,0.013,7.69,0.0,0.06,あと3日,https://detail.chiebukuro.yahoo.co.jp/qa/question_detail/q13324920293,pythonについて質問です。 https://www.amazon.co.jp/dp/B0F9FCRB8G?ref=fed_asin_title から商品画像と商品説明を取得するコードがどうしてもエ...,0,0
2596,2026/2/2 2:28,Yahoo!知恵袋,*********,16時間11分,3,31,10.3,0,9,0.032,9.68,0.0,0.46,あと3日,https://detail.chiebukuro.yahoo.co.jp/qa/question_detail/q12324920292,ブロックしても回答出来る知恵袋の仕組みは理論上正しいのか？,0,0
2597,2026/2/2 2:28,メンズシューズ,我々のコリブリ,16時間11分,2,23,11.5,0,0,0.024,8.7,0.0,0.13,あと3日,https://detail.chiebukuro.yahoo.co.jp/qa/question_detail/q11324920291,アメリカさんが独自の単位を使い続けているのはまだ理解出来るのですが 何で世界にメートル法をごり押し続けて実際に広めたフランスが 何故靴のサイズでパリポイントなんて訳の分からん単位を使い続けているのです...,0,0
2598,2026/2/2 2:28,アニメ,b34165390,16時間11分,0,9,9.0,0,0,0.009,0.0,0.0,0.01,あと3日,https://detail.chiebukuro.yahoo.co.jp/qa/question_detail/q10324920290,すみません 以前カクヨムで読んでいたはずの作品を忘れてしまいまして、 学園ラブコメに当たるもののはずなのですが、 主人公とヒロインが子供に馴れ初めを聞かれて回想と言った形で進行していく物語で、 確か冒...,0,0
2599,2026/2/2 2:28,恋愛相談、人間関係の悩み,*********,16時間11分,1,6,6.0,0,0,0.006,16.67,0.0,0.06,あと3日,https://detail.chiebukuro.yahoo.co.jp/qa/question_detail/q13324920288,エーペックスやってて思ったんですけど人間って仲間がいると性格が変わるんですかね？ 野良デュオに観戦画面からチャットで笑われて。なんか悲しかったです。,0,0
2600,2026/2/2 2:28,日本語,c9f013fa4,16時間11分,7,93,13.3,0,2,0.096,7.53,0.01,0.52,あと3日,https://detail.chiebukuro.yahoo.co.jp/qa/question_detail/q12324920287,なんで韓国人って「つ」って言えないんですか,0,0
2601,2026/2/2 2:28,バイク,1152988467,16時間11分,6,65,10.8,0,0,0.067,9.23,0.01,0.38,あと3日,https://detail.chiebukuro.yahoo.co.jp/qa/question_detail/q11324920286,バイクのサーキット走行について サーキットデビューしたいなと思っているですが、ある程度バイクを自分でいじれるようになっていたほうがいいですか？ 定期的なメンテナンスは自分でやってます。 また用意しとい...,0,0
2602,2026/2/2 2:28,カラオケ,c23d772a9,16時間11分,2,11,5.5,0,0,0.011,18.18,0.0,0.11,あと3日,https://detail.chiebukuro.yahoo.co.jp/qa/question_detail/q10324920285,至急です。 まねきねこ（東北）2人でフリータイムワンドリンクだと料金はどれくらいかかるでしょうか？ ドリンクバーの方が安いですか？ ちなみに午前中から〜のフリータイムです。,0,0
2603,2026/2/2 2:28,パズルゲーム,初心者,16時間12分,1,41,41.0,0,0,0.042,2.44,0.02,0.09,あと3日,https://detail.chiebukuro.yahoo.co.jp/qa/question_detail/q14324920284,パズドラでベアトリスパーティー作りたいのですが、8号&鳴海の代用っていますか？,0,0
2604,2026/2/2 2:28,スロット,1151307656,16時間12分,1,19,19.0,0,0,0.02,5.26,0.0,0.07,あと3日,https://detail.chiebukuro.yahoo.co.jp/qa/question_detail/q13324920283,スロット、ディスクアップウルトラリミックスに最近打ち始めたんですが、通常時バーか7どっち狙った方がいいですか？狙った方がいい方の出やすいリーチ目などあれば教えてください！,0,0
2605,2026/2/2 2:28,恋愛相談、人間関係の悩み,あ,16時間12分,2,66,33.0,0,0,0.068,3.03,0.02,0.17,あと3日,https://detail.chiebukuro.yahoo.co.jp/qa/question_detail/q12324920282,男性の方に質問です。 好きな男性から、インスタをブロックされたかもしれません。 彼はとても硬い感じの人でしたが、最近は砕けてきて質問もしてくれるようになったり、長く会話が続いたりいい感じだったんです。...,0,0
2606,2026/2/2 2:27,恋愛相談、人間関係の悩み,.,16時間13分,1,54,54.0,0,1,0.055,1.85,0.03,0.14,あと3日,https://detail.chiebukuro.yahoo.co.jp/qa/question_detail/q11324920281,16歳女です。私はリセット症候群なのでしょうか。幼少期から人間関係を築くのが苦手でどうしてもめんどくさいと感じてしまいます。 最近バイトを始めたのですがバイト先の先輩方からのLINEなども返信するのが...,0,0
2607,2026/2/2 2:27,病気、症状,限界JK,16時間13分,2,28,14.0,0,0,0.029,7.14,0.0,0.13,あと3日,https://detail.chiebukuro.yahoo.co.jp/qa/question_detail/q10324920280,高校生です 体育の授業で持久走(グラウンド10週と校舎まわり20分を入れ替えで)があるのですが、それを走る度に毎回肺(？)が痛くなってしまい、呼吸もしずらくなってしまいます。 それに加え、頭痛や軽い吐...,0,0
2608,2026/2/2 2:27,職場の悩み,a4f58b119,16時間13分,2,10,5.0,0,0,0.01,20.0,0.0,0.11,あと3日,https://detail.chiebukuro.yahoo.co.jp/qa/question_detail/q14324920279,特養でもしもデニムを穿いた状態でそのまま介護職員の仕事をやるとしたらどんな事を疑われると思いますか,0,0
2609,2026/2/2 2:27,生き方、人生相談,a9f9aa571,16時間13分,2,31,15.5,0,0,0.032,6.45,0.0,0.13,あと3日,https://detail.chiebukuro.yahoo.co.jp/qa/question_detail/q13324920278,毎日幸せで辛いことは一瞬しかないのに毎日頻繁に死にたいと思ってしまいます。自分でも理由がよくわかりません。数年前、だいたい小1、小2ぐらいからなんか疲れたから死にてえと思うことがありました。 これはな...,0,0
2610,2026/2/2 2:27,ゲーム,jas********,16時間13分,0,3,3.0,0,0,0.003,0.0,0.0,0.0,あと3日,https://detail.chiebukuro.yahoo.co.jp/qa/question_detail/q11324920276,SwitchとWindows10で使うコントローラー探しています。 WindowsでBluetoothだとあんまり良くないらしいのでドングルで探しています。 ・条件 Windowsで接続するドングルあ...,0,0
2611,2026/2/2 2:27,工学,owj********,16時間13分,2,46,23.0,1,2,0.047,4.35,0.01,0.31,あと3日,https://detail.chiebukuro.yahoo.co.jp/qa/question_detail/q12324920277,電線に四角いのがあるんですが何ですか？,0,0
2612,2026/2/2 2:27,職場の悩み,1252888073,16時間13分,1,12,12.0,0,0,0.012,8.33,0.0,0.06,あと3日,https://detail.chiebukuro.yahoo.co.jp/qa/question_detail/q14324920274,大阪あたりでUberで月20万て可能ですか どれぐらい働かないといけないでしょうか,0,0
2613,2026/2/2 2:27,K-POP、アジア,ba261fdca,16時間13分,0,18,18.0,0,0,0.018,0.0,0.0,0.02,あと3日,https://detail.chiebukuro.yahoo.co.jp/qa/question_detail/q13324920273,今現在のMAZZELのメンバー人気順を教えて欲しいです,0,0
2614,2026/2/2 2:27,映画,お花見,16時間13分,4,20,5.0,0,0,0.021,20.0,0.0,0.23,あと3日,https://detail.chiebukuro.yahoo.co.jp/qa/question_detail/q12324920272,映画館でメラニアとか2人しかいなかったけどもし誰もいない時っていつもの通り映像って流れるんですか？,0,0
2615,2026/2/2 2:27,国際情勢,初信【龍神】,16時間13分,7,88,12.6,2,28,0.09,7.95,0.01,1.52,あと3日,https://detail.chiebukuro.yahoo.co.jp/qa/question_detail/q10324920270,高市早苗首相が選挙演説で「円安だから悪いと言われるが、輸出産業にとっては大チャンス」「外為特会の運用、ホクホク状態」と発言した件で、ロイター通信が「日本の総理大臣は、 政府が通貨下落に対抗しようと取り...,0,0
2616,2026/2/2 2:26,恋愛相談、人間関係の悩み,1251744782,16時間14分,3,35,11.7,0,0,0.036,8.57,0.0,0.19,あと3日,https://detail.chiebukuro.yahoo.co.jp/qa/question_detail/q14324920269,初めて彼氏が出来ました。 20歳にして初めての彼氏だったのですごく嬉しいのですが、彼氏のことをすごいすきだなって思うことが無いと最近気付きました。 嫌いとかここが気に入らないというところはありません。...,0,0
2617,2026/2/2 2:26,病気、症状,はむ,16時間14分,1,20,20.0,0,0,0.021,5.0,0.0,0.07,あと3日,https://detail.chiebukuro.yahoo.co.jp/qa/question_detail/q13324920268,汚い写真でごめんなさい 今ふと起きたら左脇が痛いです。じくじくする感じで、これってなんでしょう？ 脇を剃ったのは先週の水曜日です。,0,0
2618,2026/2/2 2:26,邦楽,知恵袋盛り上げ隊,16時間15分,6,34,5.7,0,8,0.035,17.65,0.0,0.59,あと3日,https://detail.chiebukuro.yahoo.co.jp/qa/question_detail/q12324920267,明るい で思い浮かぶ曲は？,0,0
2619,2026/2/2 2:26,大学受験,1153136274,16時間15分,4,19,4.8,0,0,0.019,21.05,0.0,0.22,あと3日,https://detail.chiebukuro.yahoo.co.jp/qa/question_detail/q10324920265,大学選びのアドバイスくださると嬉しいです 現在、進学校の理系高校2年生です 物理地理をとってます やりたいことがわからなくて大学選びについて困っています みなさんの体験談などおしえてください,0,0
2620,2026/2/2 2:26,メルカリ,ささ,16時間15分,2,33,16.5,0,0,0.034,6.06,0.01,0.14,あと3日,https://detail.chiebukuro.yahoo.co.jp/qa/question_detail/q14324920264,痛バを作りたいオタクです！！ 私が今回収している缶バが高レートかつメルカリでもなかなか出回っていないんですが、公式サイトでも販売期間が終わっていて、現在ほとんど入手出来ない状態です。最終手段として別キ...,0,0
2621,2026/2/2 2:26,生き方、人生相談,スカッシュ,16時間15分,6,55,9.2,0,3,0.056,10.91,0.01,0.46,あと3日,https://detail.chiebukuro.yahoo.co.jp/qa/question_detail/q13324920263,もし自分が老人になり、年を取った時、寝たきりで全介助の状態になったら、自分の人生に意味があると思えますか？ 寝たきりになった後の人生の意味。 以前、おばあちゃんの介護してたのですが。 自力で動くことが...,0,0
2622,2026/2/2 2:26,自動車,非公開,16時間15分,6,34,5.7,0,12,0.035,17.65,0.0,0.71,あと3日,https://detail.chiebukuro.yahoo.co.jp/qa/question_detail/q12324920262,自動車のタイヤワックスですが洗車する時にタイヤを洗剤で洗ってから塗るのと水洗いだけして塗るのはどちらが良いですが？,0,0
2623,2026/2/2 2:25,病気、症状,1150635917,16時間16分,0,10,10.0,0,0,0.01,0.0,0.0,0.01,あと3日,https://detail.chiebukuro.yahoo.co.jp/qa/question_detail/q10324920260,最近夜寝れません。多分スマホとかの見過ぎなのだと思うのですが、眠気がきているのにいざ寝るぞってなると寝れません。あとよくめを瞑っている時に考え事をしてしまいます。 特に悩みとかで考え事をしているわけで...,0,0
2624,2026/2/2 2:25,中学数学,fkh********,16時間16分,3,48,16.0,0,0,0.049,6.25,0.01,0.2,あと3日,https://detail.chiebukuro.yahoo.co.jp/qa/question_detail/q13324920258,中学生の数学の問題だと思いますが、解き方を教えてください。 Ａの車とＢの車がいる。 Ａの車は時速８０キロで走行している。 Ｂの車は、Ａを追いかける形で時速１００キロで走行している。 ＡとＢの間の距離は...,0,0
2625,2026/2/2 2:25,病気、症状,1250939564,16時間16分,4,31,7.8,0,0,0.032,12.9,0.0,0.24,あと3日,https://detail.chiebukuro.yahoo.co.jp/qa/question_detail/q12324920257,私は匂いを感じ方が人より鈍感なのか教えてほしいです。 周りの人が匂いに対して言及してるときよく分からないことが多いです。あの辺りは汗臭いとかあの人はにんにく臭い、生乾き臭い、香水臭いと言われても全然分...,0,0
2626,2026/2/2 2:25,Amazon,tkg********,16時間16分,1,9,9.0,0,0,0.009,11.11,0.0,0.06,あと3日,https://detail.chiebukuro.yahoo.co.jp/qa/question_detail/q11324920256,Amazonでお菓子をまとめ買い(同じ商品6個入りなど)する時にプライム会員だと外箱はAmazon専用の箱になりますか？ それとも元々のお菓子の箱になりますか？ 注文したことある人教えて頂きたいです！,0,0
2627,2026/2/2 2:25,交通、運転マナー,、。,16時間16分,6,55,9.2,0,9,0.056,10.91,0.01,0.64,不明,https://detail.chiebukuro.yahoo.co.jp/qa/question_detail/q10324920255,お店の駐車場が右折入場禁止なのに右折で入ろうとセンターラインに寄って止まってる車のうしろから、2台も3台も右折で入ろうと待つ車が現れる光景を目にします。 この車の運転手たちは、右折入場禁止に気づいてな...,0,0
2628,2026/2/2 2:25,資格,agn********,16時間16分,1,19,19.0,0,0,0.019,5.26,0.0,0.07,あと3日,https://detail.chiebukuro.yahoo.co.jp/qa/question_detail/q14324920254,消防設備士として働かれている方に質問です。 実務においてPC操作やデスクワークはどの程度ありますか？ PCについてどういった技能が必要になりますか？,0,0
2629,2026/2/2 2:25,Android,ma********,16時間16分,4,50,12.5,0,4,0.051,8.0,0.01,0.38,あと3日,https://detail.chiebukuro.yahoo.co.jp/qa/question_detail/q13324920253,最近アンドロイドを購入したのですが、水滴が落ちるような音がしてこのような通知が次々と来るようになりました。 もちろん開いたり閲覧したりはしていませんが、これを止めるにはどうすれば良いのでしょうか?,0,0
2630,2026/2/2 2:24,恋愛相談、人間関係の悩み,gjpp,16時間17分,1,31,31.0,0,0,0.032,3.23,0.01,0.08,あと3日,https://detail.chiebukuro.yahoo.co.jp/qa/question_detail/q12324920252,最近TikTokで女性のライブ配信をよくみているのですがやめたいです。 ギフトを投げることもあるレベル..... 誰かやめさせてください。 メリット、デメリットというかすぐにやめたくなるような説明とい...,0,0
2631,2026/2/2 2:24,病気、症状,1252309703,16時間17分,1,15,15.0,0,0,0.015,6.67,0.0,0.07,あと3日,https://detail.chiebukuro.yahoo.co.jp/qa/question_detail/q11324920251,8日前に下腹部に突っ張ったような痛みがあり、 次の日に38.5くらいの発熱をしました。 喉の痛み、咳などはありません。 病院ではインフル、コロナには引っかからず、解熱剤を出してもらいました。 その後上...,0,0
2632,2026/2/2 2:24,賃貸物件,1052088814,16時間18分,3,28,9.3,0,2,0.029,10.71,0.0,0.24,あと3日,https://detail.chiebukuro.yahoo.co.jp/qa/question_detail/q14324920249,退居時のクリーニング費用の基本料金は大体数万円程度みたいな表記が契約書にあるのですが、書いてある費用より大幅にかかってしまう可能性もあるのでしょうか。 よくネット上で20万以上かかってしまったなどの話...,0,0
2633,2026/2/2 2:24,アジア・韓国ドラマ,1251723968,16時間18分,0,20,20.0,0,0,0.02,0.0,0.0,0.02,あと3日,https://detail.chiebukuro.yahoo.co.jp/qa/question_detail/q10324920250,Netflixで見れる韓国ドラマで女性側がメンヘラでかまちょやけど束縛気味でドロドロしてるのってありますか？ 涙の女王、イドゥナ、サイコだとわかっていても、愛と、利とは観ましたそれ以外でこういう系統の...,0,0
2634,2026/2/2 2:24,邦楽,知恵袋盛り上げ隊,16時間18分,1,6,6.0,0,3,0.006,16.67,0.0,0.15,あと3日,https://detail.chiebukuro.yahoo.co.jp/qa/question_detail/q13324920248,寛大 で思い浮かぶ曲は？,0,0
2635,2026/2/2 2:24,メルカリ,yahoo user,16時間18分,8,126,15.8,0,4,0.129,6.35,0.02,0.66,あと3日,https://detail.chiebukuro.yahoo.co.jp/qa/question_detail/q11324920246,古着を100円で仕入れてメルカリで1000円ぐらいで売ったりメルカリで稼ぐみたいなのって今もう難しいですか,0,0
2636,2026/2/2 2:24,生き方、人生相談,たこわさ,16時間18分,3,15,5.0,0,0,0.015,20.0,0.0,0.17,あと3日,https://detail.chiebukuro.yahoo.co.jp/qa/question_detail/q10324920245,遺書には何を書けばいいですか？,0,0
2637,2026/2/2 2:24,K-POP、アジア,あ,16時間18分,0,31,31.0,0,0,0.032,0.0,0.0,0.03,あと3日,https://detail.chiebukuro.yahoo.co.jp/qa/question_detail/q14324920244,KickFlipの青春、初恋コンセプトが可愛くて羨ましいです。パークさんが何かでNEXZは情熱と言っていた気がするので、やはりコンセプトは変わらないと思いますか？ ダンスがハードなのでbeat box...,0,0
2638,2026/2/2 2:24,ラジオ,*********,16時間18分,0,5,5.0,0,0,0.005,0.0,0.0,0.01,あと3日,https://detail.chiebukuro.yahoo.co.jp/qa/question_detail/q13324920243,【とあるラジオドラマについて】 2000年前半頃に流れていたラジオドラマのタイトルが知りたいです。 情報は以下になります。 放送時期：2000年代前半頃 放送時間：毎週夕方頃？ （夕飯を食べながら家族...,0,0
2639,2026/2/2 2:24,アニメ、コミック,1153067268,16時間18分,2,17,8.5,0,0,0.017,11.76,0.0,0.12,不明,https://detail.chiebukuro.yahoo.co.jp/qa/question_detail/q12324920242,アニメイトで、1月11日に発売されたアルバムと、1月20日に発売された漫画を同時購入すると付いてくる連動特典？があって、 通販もお店も、買いに行った時に片方が売り切れている場合が多かったのですが、 先...,0,0
2640,2026/2/2 2:24,政治、社会問題,tnj********,16時間18分,4,51,12.8,1,8,0.052,7.84,0.01,0.6,あと3日,https://detail.chiebukuro.yahoo.co.jp/qa/question_detail/q11324920241,衆院選前のＮＨＫの党首討論で、 統一教会や裏金問題の追及に、 血眼になる奴等は日本の国益害してますか？ どう考えても経済国防だろう‼️？ 高市首相もガツンと言わないと駄目‼️ 敵前逃亡は大きなマイナス...,0,0
2641,2026/2/2 2:24,ヘアスタイル,1150492660,16時間18分,1,23,23.0,0,0,0.024,4.35,0.01,0.07,あと3日,https://detail.chiebukuro.yahoo.co.jp/qa/question_detail/q10324920240,次美容室行く時どういうオーダーしたらいいか迷ってます。 今画像の左のような感じで、３、４ヶ月前に一回ブリーチして地毛が5センチぐらい伸びちゃってます。 次やりたい色は画像右のオリーブ系の色で、なるべく...,0,0
2642,2026/2/2 2:24,ヒト,*********,16時間18分,5,16,3.2,0,3,0.016,31.25,0.0,0.36,あと3日,https://detail.chiebukuro.yahoo.co.jp/qa/question_detail/q14324920239,子供や卵産むオスっているんですか？,0,0
2643,2026/2/2 2:23,恋愛相談、人間関係の悩み,1251528971,16時間19分,3,39,13.0,0,1,0.04,7.69,0.01,0.22,あと3日,https://detail.chiebukuro.yahoo.co.jp/qa/question_detail/q12324920237,変な質問でごめんなさい。 半分愚痴みたいで申し訳ない話なのですが小さい頃、というより気づいた時から普通に過ごしてたら好きな人が出来たり恋人ができたり恋バナしたりできると思っていました しかし私は現在1...,0,0
2644,2026/2/2 2:23,水泳,a4f58b119,16時間19分,1,20,20.0,0,1,0.02,5.0,0.0,0.1,あと3日,https://detail.chiebukuro.yahoo.co.jp/qa/question_detail/q14324920234,大々至急 このような格好でそのままプールにドブンした後にクロールや背泳ぎ、平泳ぎをやるとしたらどんな影響がありますか,0,0
2645,2026/2/2 2:23,ゲーム,AzuKL,16時間19分,1,9,9.0,0,0,0.009,11.11,0.0,0.06,あと3日,https://detail.chiebukuro.yahoo.co.jp/qa/question_detail/q13324920233,バックパックバトルズについて有識者に現環境を教えて欲しいです。 Demo版をプレイしていましたが、正式版リリースとともにキャラやアイテムも増えて全くついていけなくなってしまいました、元々はリーパーの回...,0,0
2646,2026/2/2 2:23,プレイステーション4,1252774463,16時間19分,0,4,4.0,0,0,0.004,0.0,0.0,0.0,あと3日,https://detail.chiebukuro.yahoo.co.jp/qa/question_detail/q12324920232,Ark: Survival Ascendedについての質問です． 現在はエクスティンクションのソロ攻略を頑張っています． 先日，フォレストタイタンをタンクに，アイスタイタンで殴るという戦法でキングタイ...,0,0
2647,2026/2/2 2:23,手芸,ac505ec81,16時間20分,0,16,16.0,0,0,0.016,0.0,0.0,0.02,あと3日,https://detail.chiebukuro.yahoo.co.jp/qa/question_detail/q11324920231,この鍵のチャームが何かわかる方いらっしゃますか？ マルカンとキーホルダーパーツはあとから付けました。,0,0
2648,2026/2/2 2:23,ライブ、コンサート,こつぶ,16時間20分,3,21,7.0,0,0,0.021,14.29,0.0,0.17,あと3日,https://detail.chiebukuro.yahoo.co.jp/qa/question_detail/q10324920230,Da-iCEのライブって、ライブ会場も撮影禁止ですか？,0,0
2649,2026/2/2 2:23,キャンプ、バーベキュー,Mr.X Bomber,16時間20分,1,15,15.0,0,0,0.015,6.67,0.0,0.07,あと3日,https://detail.chiebukuro.yahoo.co.jp/qa/question_detail/q14324920229,スタックラダーについてです。 材質が色々なものがありますが、スタックから抜け出すのに最高の物はどの素材のものが良いのでしょう？ 雪、砂、ぬかるみで変わるものでしょうか？ 麻ロープを板状に編んだ物 プラ...,0,0
2651,2026/2/2 2:22,恋愛相談、人間関係の悩み,。。。。。,16時間21分,3,13,4.3,0,0,0.013,23.08,0.0,0.17,あと3日,https://detail.chiebukuro.yahoo.co.jp/qa/question_detail/q11324920226,お店でじっと見てくる男性ってなんなんでしょう？,0,0
2652,2026/2/2 2:22,アニメ、コミック,0tngdnr,16時間21分,0,10,10.0,0,0,0.01,0.0,0.0,0.01,あと3日,https://detail.chiebukuro.yahoo.co.jp/qa/question_detail/q14324920224,HUNTER×HUNTERのキルアだと思われるきぐるみ？ がバタバタダンスしている、大地をふみしめて～大地をふみしめて～大地をふ～み～し～め～て～のリミックス音源当てはめられているミーム動画探していま...,0,0
2653,2026/2/2 2:22,日本語,*********,16時間21分,4,44,11.0,1,2,0.045,9.09,0.0,0.41,あと3日,https://detail.chiebukuro.yahoo.co.jp/qa/question_detail/q13324920223,もし男性が子供を産んだ場合女性になるのですか？,0,0
2654,2026/2/2 2:22,自動車,匿名です,16時間21分,7,55,7.9,0,0,0.056,12.73,0.0,0.41,あと3日,https://detail.chiebukuro.yahoo.co.jp/qa/question_detail/q10324920220,シャコタンにしている人やフルスモーク車がたまに公道で見かけますが、あれはどういう目で見られてるんでしょうか,0,0
2655,2026/2/2 2:22,コミュニケーションサービス,awaawa,16時間21分,0,15,15.0,0,0,0.015,0.0,0.0,0.02,あと3日,https://detail.chiebukuro.yahoo.co.jp/qa/question_detail/q11324920221,アルゴリズム的に交流が重視されないSNSってないでしょうか？ Xでイラストを投稿しているのですが、アルゴリズムのためにリポストやリプで交流をしていくのが辛いです。 1次創作メインで活動しておりフォロワ...,0,0
2656,2026/2/2 2:22,文房具,ce8329dd1,16時間21分,1,19,19.0,0,0,0.019,5.26,0.0,0.07,あと3日,https://detail.chiebukuro.yahoo.co.jp/qa/question_detail/q13324920218,六角形のシャーペンでおすすめを教えて下さい。予算は大体3000円です。,0,0
2657,2026/2/2 2:22,トレーディングカード,be74844a3,16時間21分,0,7,7.0,0,0,0.007,0.0,0.0,0.01,あと3日,https://detail.chiebukuro.yahoo.co.jp/qa/question_detail/q12324920217,デュエル・マスターズのNoteを書きたいですその時に公式サイトの画像や田園補完計画様の画像やデネブログ様の画像やガチまとめ様の画像やデッキメーカーの画像がつかいたいです。 使う際どのような注意点があり...,0,0
2658,2026/2/2 2:22,YouTube,117000円君,16時間21分,1,19,19.0,0,1,0.019,5.26,0.0,0.1,不明,https://detail.chiebukuro.yahoo.co.jp/qa/question_detail/q11324920216,Switchプレー動画をPCからYouTubeに投稿する方法を教えてください。 PCアプリ無いのでwebとかでいいんですか？ 無料で編集できるおすすめ物があれば知りたいです。 YouTubeに投稿した...,0,0
2660,2026/2/2 2:22,恋愛相談、人間関係の悩み,1151360261,16時間21分,6,92,15.3,2,6,0.094,6.52,0.01,0.79,あと3日,https://detail.chiebukuro.yahoo.co.jp/qa/question_detail/q14324920214,生理中の彼女との関わり方について教えてください。長くなりますが、最後まで読んでくださるとありがたいです。 生理中の彼女と喧嘩した話です。 彼女は相当生理の症状が重いらしく、それが原因でイライラすること...,0,0
2661,2026/2/2 2:22,ヒト,*********,16時間21分,1,12,12.0,0,0,0.012,8.33,0.0,0.06,あと3日,https://detail.chiebukuro.yahoo.co.jp/qa/question_detail/q13324920213,もし男性が子供を産んだ場合女性になるのですか？,0,0
2662,2026/2/2 2:21,恋愛相談、人間関係の悩み,gjpp,16時間22分,3,24,8.0,0,0,0.024,12.5,0.0,0.18,あと3日,https://detail.chiebukuro.yahoo.co.jp/qa/question_detail/q12324920212,黒い服が似合わない人の特徴を教えてください！ 黒い服って基本的に男性なら似合いますかね？,0,0
2663,2026/2/2 2:21,病気、症状,bc3bd20ec,16時間23分,1,4,4.0,0,0,0.004,25.0,0.0,0.05,あと3日,https://detail.chiebukuro.yahoo.co.jp/qa/question_detail/q14324920209,舌下免疫療法って具体的にどうやって治療するのでしょうか？,0,0
2664,2026/2/2 2:21,就職活動,zru********,16時間23分,2,24,12.0,0,1,0.024,8.33,0.0,0.16,あと3日,https://detail.chiebukuro.yahoo.co.jp/qa/question_detail/q13324920208,SCSKとNTTドコモソリューションズってどっちの方がいいと思いますか？ SCSKの早期選考案内が推薦と一般の2つがあって、推薦だと1次面接を飛ばせますが、内定がでれば確定で入社しないといけないので慎...,0,0
2665,2026/2/2 2:21,病気、症状,1250982772,16時間23分,2,28,14.0,0,2,0.028,7.14,0.0,0.19,あと3日,https://detail.chiebukuro.yahoo.co.jp/qa/question_detail/q12324920207,至急 ふるさと納税で購入した冷凍の牡蠣を加熱して昨日の19時頃に食べました。 食後からお腹の張り、苦しさを感じていたのですが、1時間ほど前に吐き気で目が覚め、それ以降数回嘔吐しています。 ノロウイルス...,0,0
2666,2026/2/2 2:21,女性の病気,zntpidmj,16時間23分,1,29,29.0,0,0,0.029,3.45,0.01,0.08,あと3日,https://detail.chiebukuro.yahoo.co.jp/qa/question_detail/q11324920206,女性の方に質問です。 お恥ずかしい話にはなってしまいますが、 2ヶ月ほど前から乳頭と乳輪の境目に黒いほくろというよりも血豆？みたいな黒い異物があります。 それ自体に痒み等はないですが、乳頭と乳輪が痒く...,0,0
2667,2026/2/2 2:21,パソコン,yahoo user,16時間23分,1,51,51.0,0,1,0.052,1.96,0.03,0.13,あと3日,https://detail.chiebukuro.yahoo.co.jp/qa/question_detail/q10324920205,未成年学生です。型落ちではありますがまあまあいいスペックのゲーミングPCを持ってます。ずっとゲームとか娯楽にしかってなかったんですけどなにか小遣い稼ぎぐらいでできることはありますか？ 3d映像制作など...,0,0
2668,2026/2/2 2:21,バイク,c588ab067,16時間23分,4,151,37.8,0,3,0.154,2.65,0.06,0.45,不明,https://detail.chiebukuro.yahoo.co.jp/qa/question_detail/q14324920204,昨日レッドバロンで購入したバイクを今日初走行してきました！ 展示してあったブレンボキャリパー勝手に純正に変えてあったりしました(連絡なし) ブレンボキャリパーは売るなりしていいよみたいな感じで手渡され...,0,0
2669,2026/2/2 2:21,男性アイドル,sbn-1249,16時間23分,3,120,40.0,1,2,0.122,2.5,0.05,0.44,あと3日,https://detail.chiebukuro.yahoo.co.jp/qa/question_detail/q13324920203,なにわ男子ってYouTubeあんまり回ってないのは何故ですか？ 最初から回ってなかったら気にならないのですが、alphaは1500万いってるのに対して、それ以降1000万いかなくないですか？なんなら落...,0,0
2670,2026/2/2 2:20,数学,タコピー,16時間24分,1,17,17.0,0,1,0.017,5.88,0.0,0.1,不明,https://detail.chiebukuro.yahoo.co.jp/qa/question_detail/q11324920201,写像について。 慣習として、値域と像集合は同じ意味で使われることは多いのでしょうか？,0,0
2671,2026/2/2 2:20,生理,1151242062,16時間24分,1,7,7.0,0,0,0.007,14.29,0.0,0.06,あと3日,https://detail.chiebukuro.yahoo.co.jp/qa/question_detail/q12324920202,現在ヤーズフレックスを服用していて、婦人科の先生からは3日以上の出血が起きた場合4日間の休薬という指示を受けました。 今日ふと下着を見たら、生理の終わりかけに近い茶色いおりもののようなものが付いていま...,0,0
2672,2026/2/2 2:20,メルカリ,匿名,16時間24分,2,80,40.0,0,2,0.081,2.5,0.03,0.24,不明,https://detail.chiebukuro.yahoo.co.jp/qa/question_detail/q10324920200,メルカリで値段を間違えて出品した商品が売れてしまったのでキャンセルしたいです。違反・迷惑行為に値することは重々承知しております。 ですのでこちらに何かしらのペナルティが加算さてる「商品がない」でキャン...,0,0
2673,2026/2/2 2:20,メイク、コスメ,鬱血,16時間24分,3,14,4.7,0,0,0.014,21.43,0.0,0.17,あと3日,https://detail.chiebukuro.yahoo.co.jp/qa/question_detail/q14324920199,至急です！！ 混合肌にTIRTIRの下地てどうですか> < 崩れやすかったりしますか？ あとノーファンデででも出来は綺麗ですか？メイク初心者なのでお願いします！,0,0
2674,2026/2/2 2:20,家計、貯金,無題********,16時間24分,4,72,18.0,1,1,0.073,5.56,0.01,0.41,あと3日,https://detail.chiebukuro.yahoo.co.jp/qa/question_detail/q13324920198,共働きの家計の負担について これは平等か教えてください。また皆さまのケースも参考にしたいです。 前回の質問が分かりにくいかなと思い状況を整理しました。 ○夫 おそらく33万～35万円 家のローン、光熱...,0,0
2675,2026/2/2 2:20,釣り,アクアリウムしの助,16時間24分,2,88,44.0,2,9,0.089,2.27,0.04,0.67,あと3日,https://detail.chiebukuro.yahoo.co.jp/qa/question_detail/q12324920197,マラブーフライは単色の物しか見たことないのですが、色を混合したものでは反応が悪いのでしょうか？ 学生で管理釣り場に頻繁に行けないので、経験談などお聞かせください。 また、マラブーフライは毛量多過ぎると...,0,0
2676,2026/2/2 2:20,格闘技、武術全般,c4cf20765,16時間24分,6,44,7.3,0,1,0.045,13.64,0.0,0.38,あと3日,https://detail.chiebukuro.yahoo.co.jp/qa/question_detail/q11324920196,質問失礼します。 私は高校から弓道部を始めたのですが、 打起しの時によく肩が上がってしまい、とても悩んでいます。 どうしたら肩が上がらなくなりますか？ 至急答えてくれると嬉しいです。,0,0
2677,2026/2/2 2:20,固定電話,ccb799779,16時間24分,1,45,45.0,0,0,0.046,2.22,0.02,0.1,あと3日,https://detail.chiebukuro.yahoo.co.jp/qa/question_detail/q10324920195,まじ至急です。 今寝ようしていて布団にいたんですが急に家の固定電話が鳴って無視してたんですが切れたなって思ったら3分くらいピビピという音が流れてきていて怖すぎて寝れません 原因は何かわかりますか？,0,0
2678,2026/2/2 2:19,物理学,1053201055,16時間26分,8,37,4.6,0,0,0.038,21.62,0.0,0.44,あと3日,https://detail.chiebukuro.yahoo.co.jp/qa/question_detail/q14324920194,時間を巻き戻したり、過去にいける技術ってなぜ発達しないのでしょうか？ 今までも「ああすればよかった」「しなきゃよかった」ってなるので、そうなる前に戻れる技術あったほうがいいのに、なぜ発展の兆しすら見え...,0,0
2679,2026/2/2 2:19,生き方、人生相談,c50857532,16時間26分,0,24,24.0,0,0,0.024,0.0,0.0,0.02,あと3日,https://detail.chiebukuro.yahoo.co.jp/qa/question_detail/q13324920193,最近家族や友人から口下手と言われました。私はとてもお喋りなタイプなので驚いています。お喋りと口下手は両立するのですか?から回っているということですか?,0,0
2680,2026/2/2 2:19,パチンコ,wtr********,16時間26分,2,12,6.0,0,0,0.012,16.67,0.0,0.11,あと3日,https://detail.chiebukuro.yahoo.co.jp/qa/question_detail/q12324920192,パチンコリゼロ2について質問です。ラッシュ中に画面真ん中に大きく数字でるやつと、真ん中にキャラが座ってて数字が小さく表示されるパターンあるけど、あれってなんなんですか？ 数字小さいやつのほうが当たりや...,0,0
2682,2026/2/2 2:19,Yahoo!知恵袋,*********,16時間26分,8,57,7.1,0,0,0.058,14.04,0.0,0.46,あと3日,https://detail.chiebukuro.yahoo.co.jp/qa/question_detail/q14324920189,子育てって何のためにするのですか？ 大変だし自分の子供（DNA）を残すことに何か意味があるのですか？,0,0
2683,2026/2/2 2:19,福祉、介護,非公開,16時間26分,6,72,12.0,1,1,0.073,8.33,0.01,0.51,あと3日,https://detail.chiebukuro.yahoo.co.jp/qa/question_detail/q13324920188,精神障害者で働けず生活保護も無理な場合、死ぬしかないでしょうか。,0,0
2684,2026/2/2 2:19,アニメ、コミック,cecdc60c0,16時間26分,2,12,6.0,0,0,0.012,16.67,0.0,0.11,あと3日,https://detail.chiebukuro.yahoo.co.jp/qa/question_detail/q12324920187,俺物語の映画すごい面白かったのですがアニメも面白いですか？,0,0
2685,2026/2/2 2:19,コミック,非公開,16時間26分,2,22,11.0,0,0,0.022,9.09,0.0,0.12,あと3日,https://detail.chiebukuro.yahoo.co.jp/qa/question_detail/q11324920186,最近ヤリチンビッチ部を読んでBLの良さに気づきました。キュンキュンして最高でした。もっと高校生の、ヤリ部みたいに絵がきれいなキュンキュンBLを読んでみたいんですけどおすすめはありますか？ いっぱい知り...,0,0
2686,2026/2/2 2:19,学校の悩み,a5e2fde2c,16時間26分,1,43,43.0,0,0,0.044,2.33,0.02,0.09,不明,https://detail.chiebukuro.yahoo.co.jp/qa/question_detail/q10324920185,500コイン 急ぎです。 奈良教育大の出願確認票が、白色A4サイズと書いてあり、間違えてカラーで刷ってしまいました。出願に関係のないところだけが赤文字で書いてあり、他は白黒でできてます。白黒でコピーし...,0,0
2687,2026/2/2 2:19,メルカリ,colokke_,16時間26分,5,91,18.2,0,0,0.092,5.49,0.02,0.35,あと3日,https://detail.chiebukuro.yahoo.co.jp/qa/question_detail/q13324920183,メルカリで確実に2キロ超えてるものをみんなゆうパケットポストで送ってるんですけど返されないんですか？,0,0
2688,2026/2/2 2:19,邦楽,知恵袋盛り上げ隊,16時間26分,2,14,7.0,0,0,0.014,14.29,0.0,0.12,あと3日,https://detail.chiebukuro.yahoo.co.jp/qa/question_detail/q11324920181,慰め で思い浮かぶ曲は？,0,0
2689,2026/2/2 2:19,プレイステーション4,るる,16時間26分,0,4,4.0,0,0,0.004,0.0,0.0,0.0,あと3日,https://detail.chiebukuro.yahoo.co.jp/qa/question_detail/q10324920180,PS5でゲームベース→フレンドからプレイヤーを検索しても何故か読み込めませんでした、と表示されるようになってしまいました。 再起動し、オンラインであることも確認したのですが対処法はわかりますか？,0,0
2690,2026/2/2 2:19,恋愛相談、人間関係の悩み,1251744782,16時間26分,1,29,29.0,0,0,0.029,3.45,0.01,0.08,あと3日,https://detail.chiebukuro.yahoo.co.jp/qa/question_detail/q14324920179,自分の恋愛を客観視してしまい自分が気持ち悪いと思ってしまう人いますか？？,0,0
2691,2026/2/2 2:19,会計、経理、財務,hap********,16時間27分,2,34,17.0,0,0,0.034,5.88,0.01,0.14,あと3日,https://detail.chiebukuro.yahoo.co.jp/qa/question_detail/q13324920178,個人事業主です。 近所のお店に、自分の所の商品を置いてもらったりしていますが、毎月振り込みで、売れた分から、販売手数料なるものが引かれて入金してもらっています。この際の仕訳を教えてください。 普通預金...,0,0
2692,2026/2/2 2:19,新築一戸建て,1150517550,16時間27分,3,44,14.7,0,0,0.045,6.82,0.01,0.2,あと3日,https://detail.chiebukuro.yahoo.co.jp/qa/question_detail/q12324920177,北海道から京都に引越します、新築の家なのですがゴギブリが出る可能性はありますか？？もちろんゴギブリを見た事はあるのですが虫が苦手で対処できる自信がありません。対策などもあれば教え欲しいです！,0,0
2693,2026/2/2 2:19,中古車,nqy********,16時間27分,5,51,10.2,0,2,0.052,9.8,0.01,0.37,あと3日,https://detail.chiebukuro.yahoo.co.jp/qa/question_detail/q11324920176,神戸トヨペットで認定中古車を購入しました。 車検なしで希望ナンバーにしました。 書類関係は全て済ませて納車待ちの状況です。 納車まで2〜3週間ぐらいと言われたのですが実際何日ぐらいで納車されるでしょう...,0,0
2694,2026/2/2 2:18,同人誌、コミケ,see********,16時間28分,1,5,5.0,0,0,0.005,20.0,0.0,0.06,不明,https://detail.chiebukuro.yahoo.co.jp/qa/question_detail/q10324920175,2015-20辺りの同人音楽CDの入手についての質問です。 サークル「Confetto」さんのアルバムなのですが、Youtube MusicやSpotifyなどの音楽配信サイトに掲載されていないような...,0,0
2695,2026/2/2 2:18,恋愛相談、人間関係の悩み,jid********,16時間28分,4,24,6.0,0,0,0.024,16.67,0.0,0.23,あと3日,https://detail.chiebukuro.yahoo.co.jp/qa/question_detail/q14324920174,年収が低い若い女性(20代)は、10歳20歳上の男性に行かないと、結婚出来ないですか？ 理由もお願いします。 ※100～200万の女性を想定してください。,0,0
2697,2026/2/2 2:18,マインクラフト,黒猫,16時間28分,2,26,13.0,0,1,0.026,7.69,0.0,0.16,あと3日,https://detail.chiebukuro.yahoo.co.jp/qa/question_detail/q12324920172,マイクラの、影MODを入れたら、不鮮明？になってしまいました。対処法はありますか？自分でも他のMOD入れたりしたのですが、アイリスもオプティもどちらもこの現象が治りません。,0,0
2698,2026/2/2 2:18,Yahoo!知恵袋,*********,16時間28分,8,49,6.1,2,12,0.05,16.33,0.0,1.02,あと3日,https://detail.chiebukuro.yahoo.co.jp/qa/question_detail/q11324920171,カップヌードルってお湯入れてから何分待つのが正解ですか？ 私はいつも10分待ってます。,0,0
2699,2026/2/2 2:18,ゲーム,kat********,16時間28分,0,2,2.0,0,0,0.002,0.0,0.0,0.0,あと3日,https://detail.chiebukuro.yahoo.co.jp/qa/question_detail/q10324920170,パワプロのペナントで、何度やっても阿部慎之助が転生で出てこないのですが、 どうやったら出てくるようになりますか？ 単純に出ないだけでしょうか？ または条件があるのでしょうか？,0,0
2700,2026/2/2 2:18,インフルエンザ,jy90204002,16時間28分,1,48,48.0,0,0,0.049,2.08,0.02,0.1,あと3日,https://detail.chiebukuro.yahoo.co.jp/qa/question_detail/q14324920169,インフルエンザにかかってから6日が経ちました。 熱や関節痛、体のだるさなどはすべて治ったのですが、喉の痛みだけがなかなか治りません。 咳も少し落ち着いてきましたが、まだ出ますし、何より声がほとんど出な...,0,0
2701,2026/2/2 2:18,スロット,ID***表示,16時間28分,0,13,13.0,0,0,0.013,0.0,0.0,0.01,あと3日,https://detail.chiebukuro.yahoo.co.jp/qa/question_detail/q13324920168,ニューキングハナハナについて。 異常に不具合がありまくる気がします。 ほとんど左ビスカスの右上の花びらのLEDが切れてたり、やたらビッグ中にスイカ溢すなと思ったらサイドランプ球切れでそもそも光ってない...,0,0
2702,2026/2/2 2:17,ネイルケア,chocomint,16時間29分,1,24,24.0,0,0,0.024,4.17,0.01,0.07,あと3日,https://detail.chiebukuro.yahoo.co.jp/qa/question_detail/q12324920167,痛ネイルをするにあたってネイルチップを作ろうと考えているのですが、ジェルネイルではなくネイルポリッシュでもプレインシートを用いて作れるでしょうか？,0,0
2704,2026/2/2 2:17,海外,000000010,16時間29分,2,40,20.0,0,0,0.04,5.0,0.01,0.14,あと3日,https://detail.chiebukuro.yahoo.co.jp/qa/question_detail/q10324920165,1人で香港行くつもりです。 (木)金曜発→月曜日着か(日)月曜発→金曜日着だとどちらがいいと思いますか？ 空港まで遠いので、出発日前日は空港近くで前泊するつもりです。 あまり費用をかけようとせずにする...,0,0
2705,2026/2/2 2:17,日本語,James1950s,16時間29分,4,24,6.0,0,12,0.024,16.67,0.0,0.59,あと3日,https://detail.chiebukuro.yahoo.co.jp/qa/question_detail/q14324920164,『同い年・・・?』これはどういう状況での台詞でしょうか?,0,0
2706,2026/2/2 2:17,就職活動,1051988281,16時間30分,4,50,12.5,0,0,0.051,8.0,0.01,0.25,あと3日,https://detail.chiebukuro.yahoo.co.jp/qa/question_detail/q13324920163,高専からの就職と成績の関係についての質問です、今高専2年生で、就職希望なんですけど、就職する際に企業に成績を送るんですけど、その成績って結構大事ですかね？ 100点から80点は「優」79から65は「良...,0,0
2707,2026/2/2 2:17,菓子、スイーツ,1150664792,16時間30分,3,28,9.3,0,0,0.028,10.71,0.0,0.18,あと3日,https://detail.chiebukuro.yahoo.co.jp/qa/question_detail/q12324920162,【至急】バレンタインのお菓子について アレルギー持ちの彼にバレンタインのお菓子を手作りしたいのですが、チョイスが難しくて協力して欲しいです！ ・ナッツ不使用 ・チョコも苦手だそうなので出来れば× ・チ...,0,0
2708,2026/2/2 2:17,政治、社会問題,b9b1ba48,16時間30分,1,5,5.0,0,0,0.005,20.0,0.0,0.06,あと3日,https://detail.chiebukuro.yahoo.co.jp/qa/question_detail/q11324920161,令和は何年まであると思いますか？,0,0
2709,2026/2/2 2:17,芸能人,chii,16時間30分,0,13,13.0,0,0,0.013,0.0,0.0,0.01,あと3日,https://detail.chiebukuro.yahoo.co.jp/qa/question_detail/q10324920160,instaで見つけたこの人が知りたいです！有識者教えてください！,0,0
2710,2026/2/2 2:17,病気、症状,1150645318,16時間30分,1,36,36.0,0,0,0.036,2.78,0.01,0.09,あと3日,https://detail.chiebukuro.yahoo.co.jp/qa/question_detail/q14324920159,鼻整形後1ヶ月です。 現在DT33日目なのですが、アイコス3本吸ってしまいました。 施術したクリニックからは1ヶ月禁煙禁酒と言われていたのでいいかと思ったのですが、クリニックから6週間という意味でした...,0,0
2711,2026/2/2 2:17,公務員試験,1252452983,16時間30分,6,64,10.7,1,0,0.065,9.38,0.01,0.47,あと3日,https://detail.chiebukuro.yahoo.co.jp/qa/question_detail/q12324920157,警察官の試験の面接で最近関心を持った事柄について。これを山本由伸のwbc参戦と書くのはダメでしょうか。そのほか代案あればお願いします,0,0
2712,2026/2/2 2:16,邦楽,知恵袋盛り上げ隊,16時間31分,7,30,4.3,0,0,0.03,23.33,0.0,0.38,あと3日,https://detail.chiebukuro.yahoo.co.jp/qa/question_detail/q10324920155,希望 で思い浮かぶ曲は？,0,0
2713,2026/2/2 2:16,哲学、倫理,スカッシュ,16時間31分,6,37,6.2,0,0,0.037,16.22,0.0,0.34,あと3日,https://detail.chiebukuro.yahoo.co.jp/qa/question_detail/q14324920154,​人生の意義について、最近、考え方がほんの少しだけ変わりました。 以前は、誰かの役に立つことや社会的な成功が「意味」だと思っていましたが、「自分自身を納得させ、自分の望みを叶えてあげること」こそが真の...,0,0
2714,2026/2/2 2:16,テレビ、DVD、ホームシアター,おおとり,16時間31分,3,34,11.3,1,1,0.034,8.82,0.0,0.32,あと3日,https://detail.chiebukuro.yahoo.co.jp/qa/question_detail/q13324920153,テレビについての質問です。 4K有機ELで画質も音も全て評判のいいテレビってありますか？ 外部スピーカーは使わない程でお願いします。 値段は気にしなくて大丈夫です。,0,0
2715,2026/2/2 2:16,アルバイト、フリーター,ポテトチップス,16時間31分,1,72,72.0,0,0,0.073,1.39,0.05,0.12,不明,https://detail.chiebukuro.yahoo.co.jp/qa/question_detail/q12324920152,バイトの面接で一度落ちたところをまた受け直したいです。半年前に受けたのですが前は髪も長く声も小さく長所短所も言えない人でした。 ですが今それを克服し髪も3日前に美容院で清潔にしハキハキと喋れるようにな...,0,0
2716,2026/2/2 2:16,YouTube,pek********,16時間31分,1,20,20.0,2,0,0.02,5.0,0.0,0.27,あと3日,https://detail.chiebukuro.yahoo.co.jp/qa/question_detail/q11324920151,YouTubeで投稿した動画の字幕に間違いがあり修正したいです。でも修正した動画をアップすると再生回数がリセットされますよね。再生回数はそのままで動画を差し替えることは可能ですか？,0,0
2717,2026/2/2 2:16,政治、社会問題,あげ丸,16時間31分,1,11,11.0,0,0,0.011,9.09,0.0,0.06,あと3日,https://detail.chiebukuro.yahoo.co.jp/qa/question_detail/q10324920150,中革連は、公明が名称変更したものに、立民の一部が合流した。という形になってるんでしょうか？ 全くの新党にすると政党助成金がもらえないと思うので、公明か立民の名称変更、という形になってるのかなと思うので...,0,0
2718,2026/2/2 2:16,テーマパーク,1250911995,16時間31分,2,21,10.5,0,0,0.021,9.52,0.0,0.12,あと3日,https://detail.chiebukuro.yahoo.co.jp/qa/question_detail/q12324920147,春休みに横浜から富士急ハイランドに行こうと考えています。 そこで往復バスとワンデイパスがセットになった日帰りツアーバスを予約しようかと思っているのですが、20人満たない場合は5日前に催行中止だと連絡が...,0,0
2719,2026/2/2 2:16,Android,han********,16時間31分,3,38,12.7,0,1,0.038,7.89,0.0,0.22,あと3日,https://detail.chiebukuro.yahoo.co.jp/qa/question_detail/q11324920146,中1の子にスマホを持たせる時に制限をかけるのを忘れました。 既にロックをかけられているのでさわれません。 初期化するしかないですが、グーグルアカウントがわからなければ写真も見れなくなります。 本人は絶...,0,0
2720,2026/2/2 2:16,幼児教育、幼稚園、保育園,ipf********,16時間32分,4,48,12.0,0,2,0.048,8.33,0.01,0.31,あと3日,https://detail.chiebukuro.yahoo.co.jp/qa/question_detail/q10324920145,幼稚園に入園したら、保育園みたいに長い髪を毎日結び直して貰えなくなりますか？短くカットするのにためらいます。。,0,0
2721,2026/2/2 2:16,レディース全般,1150764872,16時間32分,3,20,6.7,0,0,0.02,15.0,0.0,0.17,あと3日,https://detail.chiebukuro.yahoo.co.jp/qa/question_detail/q14324920144,地黒にこの色のコートは似合いますか？,0,0
2722,2026/2/2 2:15,薄毛、抜け毛,a2adb0bf8,16時間33分,3,24,8.0,0,0,0.024,12.5,0.0,0.18,あと3日,https://detail.chiebukuro.yahoo.co.jp/qa/question_detail/q11324920141,高校1年生です最近自分が禿げてるように感じます頭皮の所も赤くなっており右側だけこうたいしていってる気がします見た感じどうか教えて欲しいです,0,0
2723,2026/2/2 2:15,発達障害,1153251330,16時間33分,6,62,10.3,1,3,0.062,9.68,0.01,0.56,あと3日,https://detail.chiebukuro.yahoo.co.jp/qa/question_detail/q10324920140,至急お願いします 私は躁鬱などの精神疾患を患っているものです。 最近SNSで自分とおなじ病気の方が自閉症という診断を受けたというふうな投稿を見ました。 そので話されていた内容(発達障害に当てはまる項目...,0,0
2724,2026/2/2 2:15,テレビ、ラジオ,非公開,16時間33分,3,49,16.3,1,5,0.049,6.12,0.01,0.45,不明,https://detail.chiebukuro.yahoo.co.jp/qa/question_detail/q14324920139,ひろゆきラジオ 高市早苗「裏金じゃない」発言が批判殺到してる件 https://www.youtube.com/watch?v=axbJqvIK6tg 高市けっこうヤバいですか？,0,0
2726,2026/2/2 2:15,株式,匿名希望,16時間33分,3,44,14.7,0,0,0.044,6.82,0.01,0.2,あと3日,https://detail.chiebukuro.yahoo.co.jp/qa/question_detail/q12324920137,「つなぎ売り」で株主優待を貰っても配当落調整金の額の方が多かったら、損失に成ってしまうのですか？,0,0
2727,2026/2/2 2:15,恋愛相談、人間関係の悩み,.,16時間33分,1,19,19.0,0,0,0.019,5.26,0.0,0.07,あと3日,https://detail.chiebukuro.yahoo.co.jp/qa/question_detail/q11324920136,どれだけいいなと思う男性でも恋愛として見れないのはなぜでしょうか。付き合ってなくてもハグやキス、体の関係を持つことも出来るし恋愛ごっこだって出来る。なのにわざわざ付き合う理由が分かりません。 もちろん...,0,0
2728,2026/2/2 2:15,電子マネー、電子決済,、。,16時間33分,1,20,20.0,0,0,0.02,5.0,0.0,0.07,あと3日,https://detail.chiebukuro.yahoo.co.jp/qa/question_detail/q14324920134,メルカリの売上金でメルペイ残高が貯まりそれで店で購入した品の支払いをするのでも、立派なキャッシュレス決済をしていることになるのですか？,0,0
2729,2026/2/2 2:15,Instagram,あ,16時間33分,0,12,12.0,0,0,0.012,0.0,0.0,0.01,あと3日,https://detail.chiebukuro.yahoo.co.jp/qa/question_detail/q13324920133,この写真の子わかる方いますか？ TikTokやインスタをやっていたらどのアカウントかも教えてほしいです( ᐡᴗ ̫ ᴗᐡ)♡,0,0
2730,2026/2/2 2:15,恋愛相談、人間関係の悩み,非公開,16時間33分,1,13,13.0,0,0,0.013,7.69,0.0,0.06,あと3日,https://detail.chiebukuro.yahoo.co.jp/qa/question_detail/q12324920132,レズ界隈にいる美人の人はほぼ整形してますか？,0,0
2732,2026/2/2 2:15,中国語,owj********,16時間33分,1,17,17.0,0,0,0.017,5.88,0.0,0.07,あと3日,https://detail.chiebukuro.yahoo.co.jp/qa/question_detail/q10324920130,漢字の「陧 」に①あぶない。危険なさま。不安定なさま。②決まり。のり。と違う意味があるのはどうしてですか？由来を教えてください。,0,0
2733,2026/2/2 2:14,洋楽,知恵袋盛り上げ隊,16時間34分,2,14,7.0,0,0,0.014,14.29,0.0,0.11,あと3日,https://detail.chiebukuro.yahoo.co.jp/qa/question_detail/q14324920129,シャキーラ で好きな曲は？,0,0
2734,2026/2/2 2:14,交通、運転マナー,1051********,16時間34分,5,55,11.0,0,0,0.055,9.09,0.01,0.31,あと3日,https://detail.chiebukuro.yahoo.co.jp/qa/question_detail/q13324920128,4月から車両通行帯のある道路の場合 一番左側の通行帯を通行しなければなりません。 https://www.keishicho.metro.tokyo.lg.jp/kotsu/jikoboshi/bic...,0,0
2735,2026/2/2 2:14,家族関係の悩み,あああ,16時間34分,1,13,13.0,0,0,0.013,7.69,0.0,0.06,あと3日,https://detail.chiebukuro.yahoo.co.jp/qa/question_detail/q12324920127,お腹がいっぱいになると、気分が悪くなります。 多分そういう体質で、腹5〜6分目くらいで食べるのを止めたいのですが、母はご飯を残すのを許してくれませんし、量を少なめにしてほしいと頼んでも、成長期だから食...,0,0
2736,2026/2/2 2:14,メルカリ,FYP,16時間35分,2,56,28.0,0,2,0.056,3.57,0.02,0.22,不明,https://detail.chiebukuro.yahoo.co.jp/qa/question_detail/q10324920125,2月1日限定のメルカリ出品手数料半額キャンペーンで出品していたものをまとめて購入したいというコメントが来たのですが、まとめ買い機能を今日（2/2以降に）使って承認した場合、 キャンペーン対象外になるの...,0,0
2737,2026/2/2 2:14,妊娠、出産,ska********,16時間35分,7,115,16.4,0,14,0.116,6.09,0.02,0.89,あと3日,https://detail.chiebukuro.yahoo.co.jp/qa/question_detail/q11324920126,二人目を作るか迷っています。 去年、一人目（娘）を出産した20代後半の主婦です。 一人っ子の予定でしたが兄弟がいたほうがいいのかなあと揺らいでおり、二人目を作るか迷ってます。 以下の不安要素から二人目...,0,0
2738,2026/2/2 2:14,職場の悩み,ad40d5dcb,16時間35分,1,22,22.0,0,0,0.022,4.55,0.0,0.07,あと3日,https://detail.chiebukuro.yahoo.co.jp/qa/question_detail/q14324920124,⚠️急募⚠️ ミスドで働いている方本当にお願いします！ミスドバイトを初めて1週間ほどですが、タピオカ、台湾フングイの作り方が分からないので教えてください。どうしても他の従業員の方に聞けない状況にあるの...,0,0
2739,2026/2/2 2:14,法律相談,p,16時間35分,1,15,15.0,0,0,0.015,6.67,0.0,0.07,あと3日,https://detail.chiebukuro.yahoo.co.jp/qa/question_detail/q13324920123,NOTEなどのコンテンツに記事を書く際、雑誌の一部写真を載せることは、著作権的に問題はないですか? また、それを例えば抜粋と記載しても、何か引っかかりますか？ 詳しい人いらっしゃいましたら、教えて下さ...,0,0
2740,2026/2/2 2:14,Yahoo!知恵袋,*********,16時間35分,0,2,2.0,0,0,0.002,0.0,0.0,0.0,あと3日,https://detail.chiebukuro.yahoo.co.jp/qa/question_detail/q12324920122,モナリザの絵って、なんであんなに中途半端なんですか？ 誰か続きを描かないんですか？,0,0
2741,2026/2/2 2:14,家族関係の悩み,a9f9aa571,16時間35分,1,13,13.0,0,0,0.013,7.69,0.0,0.06,あと3日,https://detail.chiebukuro.yahoo.co.jp/qa/question_detail/q11324920121,怒鳴ったとしても鉄拳制裁をしても何度もくり返し約束を破ってしまう子供ってどうすればいいと思いますか？ずっと何年も前からです。,0,0
2742,2026/2/2 2:13,子育て、出産,ipf********,16時間36分,7,38,5.4,0,4,0.038,18.42,0.0,0.51,あと3日,https://detail.chiebukuro.yahoo.co.jp/qa/question_detail/q14324920119,【名前】愛葵と書いてあおいと読めますか？,0,0
2743,2026/2/2 2:13,インターネットショッピング,bd4c3ba8e,16時間36分,0,1,1.0,0,0,0.001,0.0,0.0,0.0,あと3日,https://detail.chiebukuro.yahoo.co.jp/qa/question_detail/q13324920118,ヨドバシでグラフギア500を買いたいのですが、ヨドバシ公式のサイトで売ってある物の値段に交渉して変えてもらう事は可能なのでしょうか？それともし可能なら頼み方なども教えて欲しいです。,0,0
2744,2026/2/2 2:13,ゲーム,それは彼氏が悪いわ笑,16時間36分,0,3,3.0,0,0,0.003,0.0,0.0,0.0,あと3日,https://detail.chiebukuro.yahoo.co.jp/qa/question_detail/q12324920117,ハートピアでレシピを受け取ったんですが持ち物いっぱいでポスターに送られたって出て受け取ったのに貰えてないです,0,0
2745,2026/2/2 2:13,高校受験,b4b4f3163,16時間36分,1,18,18.0,0,0,0.018,5.56,0.0,0.07,あと3日,https://detail.chiebukuro.yahoo.co.jp/qa/question_detail/q10324920115,今年西大和高校を併願で受験する中学3年です。 過去問や赤本を解いているのですか、合格率が50%かそれ以下ほどです。聞いた話によると、過去問で一度も合格点に達したことがなかったにもかかわらず受かった人も...,0,0
2746,2026/2/2 2:13,ミュージシャン,知恵袋盛り上げ隊,16時間36分,5,19,3.8,0,0,0.019,26.32,0.0,0.27,あと3日,https://detail.chiebukuro.yahoo.co.jp/qa/question_detail/q14324920114,EXILE で好きな曲は？,0,0
2747,2026/2/2 2:13,デンタルケア,1252779446,16時間36分,1,23,23.0,0,0,0.023,4.35,0.01,0.07,あと3日,https://detail.chiebukuro.yahoo.co.jp/qa/question_detail/q13324920113,歯医者が憂鬱、、痛くなくても重症虫歯の可能性はありますか？ 2年前に治療して詰め物をした歯が、先週からときおりムズムズします。 痛みや、食べ物で沁みるなどはありません。 明後日歯医者の予約が取れたので...,0,0
2748,2026/2/2 2:13,マインクラフト,あいうえお,16時間36分,0,16,16.0,0,0,0.016,0.0,0.0,0.02,あと3日,https://detail.chiebukuro.yahoo.co.jp/qa/question_detail/q12324920112,マイクラpaper鯖で使えるパルクールプラグインおすすめありますか？ パルクール開始とパルクール終了とプレイヤーごとのランキングスコアボードとチェックポイントと途中終了できるのを探してます あとそのプ...,0,0
2749,2026/2/2 2:13,消費者問題,匿名希望,16時間36分,1,12,12.0,0,2,0.012,8.33,0.0,0.12,あと3日,https://detail.chiebukuro.yahoo.co.jp/qa/question_detail/q11324920111,このサイトに名前、電話番号、メールアドレス、生年月日、住所を入力してしまったのですが、怪しいサイトですか？ https://zsxviql.avitypwroo.click/index.php?mai...,0,0
2750,2026/2/2 2:13,レディース全般,af9da9216,16時間37分,1,30,30.0,0,1,0.03,3.33,0.01,0.11,あと3日,https://detail.chiebukuro.yahoo.co.jp/qa/question_detail/q10324920110,このジャケットって、卒業式に着ていけますか？黒のジャケットにした方が無難でしょうか？,0,0
2751,2026/2/2 2:13,トレーニング,KZ,16時間37分,4,56,14.0,0,4,0.056,7.14,0.01,0.38,不明,https://detail.chiebukuro.yahoo.co.jp/qa/question_detail/q14324920109,大食いのトレーニングをしたことがある人に質問です。 二郎系の小ラーメンを食べると吐く2.3歩手前ぐらいまでお腹が張ってしまいます。 小ラーメンを最後まで美味しく食べたいので胃拡張をしたいのですが、実際...,0,0
2752,2026/2/2 2:12,スポーツ,我々のコリブリ,16時間38分,1,8,8.0,0,0,0.008,12.5,0.0,0.06,あと3日,https://detail.chiebukuro.yahoo.co.jp/qa/question_detail/q12324920107,バスケではロスター、野球ではロースターと言う事が多いです。 これは同じ物の名前がたまたま違うだけだと思いますが こうなった理由は何なんでしょうか？,0,0
2753,2026/2/2 2:12,恋愛相談、人間関係の悩み,1252161740,16時間38分,1,33,33.0,0,0,0.033,3.03,0.01,0.08,あと3日,https://detail.chiebukuro.yahoo.co.jp/qa/question_detail/q11324920106,至急教えてください インスタで相互だったはずの人から｢あなたをフォローしました｣というリクエストが来ていました。私は鍵垢です。向こうは１回間違えてフォロー外して、またフォローしてきたってことですか？,0,0
2754,2026/2/2 2:12,恋愛相談、人間関係の悩み,1153206714,16時間38分,3,11,3.7,0,0,0.011,27.27,0.0,0.16,あと3日,https://detail.chiebukuro.yahoo.co.jp/qa/question_detail/q10324920105,人を好きになって何日でやめるべきですか？ 片思いで脈なしだなってわかってての話です。,0,0
2755,2026/2/2 2:12,テレビ、ラジオ,解決したらベストアンサー,16時間38分,1,129,129.0,0,2,0.129,0.78,0.17,0.24,あと3日,https://detail.chiebukuro.yahoo.co.jp/qa/question_detail/q14324920104,祝！徹子の部屋５０周年 超豪華！芸能界総出でお祝いＳＰ 番組詳細 １９７６年２月２日のスタート以来、“テレビ界のレジェンド”黒柳徹子が各界の著名人、時の人、話題の人を迎えてトークを繰り広げてきた『徹子...,0,0
2756,2026/2/2 2:12,YouTube,悩み,16時間38分,1,25,25.0,0,0,0.025,4.0,0.01,0.08,あと3日,https://detail.chiebukuro.yahoo.co.jp/qa/question_detail/q13324920103,YouTubeの実況者キヨさんの動画を探しています。 ホラーではなく、文章を読むだけのストーリー系の動画でした。 「1日目」「2日目」のように決められた文章を読んでいき、 最後に最初から振り返ると意味...,0,0
2757,2026/2/2 2:12,iPhone,1151615949,16時間38分,1,11,11.0,0,0,0.011,9.09,0.0,0.06,あと3日,https://detail.chiebukuro.yahoo.co.jp/qa/question_detail/q12324920102,至急です！ TikTokショップに売っているHOTUのミニカメラを購入したのですがスマホに転送の仕方が調べてもわかりません。iPhone15なので直接ファイル内に送られるのかと思いましたが何もこないで...,0,0
2758,2026/2/2 2:12,ドラマ,jkr********,16時間38分,3,36,12.0,0,5,0.036,8.33,0.0,0.34,あと3日,https://detail.chiebukuro.yahoo.co.jp/qa/question_detail/q11324920101,科捜研の女 俳優入れ換えて新シリーズ作るなら 沢口靖子と内藤剛志と若村麻由美 それぞれ誰がいいですか？,0,0
2759,2026/2/2 2:11,法律相談,a142f7d11,16時間39分,3,23,7.7,0,2,0.023,13.04,0.0,0.23,あと3日,https://detail.chiebukuro.yahoo.co.jp/qa/question_detail/q10324920100,裁判するにあたっての最終書類で、身に覚えのないことまで書かれていて(証拠なし)弁護士会の市民窓口に苦情を入れようと思っているのですが、 相手側との話し合いで相手が有利になるように嘘も交えて話しているこ...,0,0
2760,2026/2/2 2:11,テーマパーク,1152994368,16時間39分,2,59,29.5,0,0,0.059,3.39,0.02,0.16,あと3日,https://detail.chiebukuro.yahoo.co.jp/qa/question_detail/q14324920099,アンバサダーホテルシェフミッキーについての質問です。 お誕生日ディズニーでアンバサダーホテルに泊まるのですが、朝食をエンパイアグリル？のテイクアウト朝食かシェフミッキーで迷っています。 宿泊者限定のエ...,0,0
2761,2026/2/2 2:11,パソコン,1252880876,16時間39分,7,28,4.0,0,3,0.028,25.0,0.0,0.47,あと3日,https://detail.chiebukuro.yahoo.co.jp/qa/question_detail/q13324920098,PCでまあまあな数の動画(一番大きくて10GB)と画像をほぼ確実に消えずに保存できるものって何がありますか？ デバイスでもサイトみたいな物でもなんでもいいです(出来ればあまりお金がかからない),0,0
2762,2026/2/2 2:11,料理、レシピ,*********,16時間39分,5,17,3.4,0,0,0.017,29.41,0.0,0.27,あと3日,https://detail.chiebukuro.yahoo.co.jp/qa/question_detail/q10324920095,カップヌードルってお湯入れてから何分待つのが正解ですか？ 私はいつも10分待ってます。,0,0
2763,2026/2/2 2:11,生き方、人生相談,ID 非公開,16時間39分,0,27,27.0,0,0,0.027,0.0,0.0,0.03,あと3日,https://detail.chiebukuro.yahoo.co.jp/qa/question_detail/q14324920094,静かにモテる女性のタイプはどんな人ですか？ 私は学生時代から容姿は良いほうでした。よく可愛い可愛いと言われていました。 しかし男子からは派手にモテるタイプではなかったです。 むしろ勇気がある男子は陰で...,0,0
2764,2026/2/2 2:11,母子家庭、父子家庭,知恵袋盛り上げ隊,16時間39分,5,52,10.4,0,0,0.052,9.62,0.01,0.3,あと3日,https://detail.chiebukuro.yahoo.co.jp/qa/question_detail/q13324920093,シングルマザーと 付き合ったら 何でも言う事 聞いてくれますか？,0,0
2765,2026/2/2 2:10,恋愛相談、人間関係の悩み,ID 非公開,16時間41分,3,44,14.7,0,0,0.044,6.82,0.01,0.19,あと3日,https://detail.chiebukuro.yahoo.co.jp/qa/question_detail/q12324920092,静かにモテる女性のタイプはどんな人ですか？ 私は学生時代から容姿は良いほうでした。よく可愛い可愛いと言われていました。 しかし男子からは派手にモテるタイプではなかったです。 むしろ勇気がある男子は陰で...,0,0
2766,2026/2/2 2:10,Yahoo!知恵袋,*********,16時間41分,1,3,3.0,0,0,0.003,33.33,0.0,0.05,あと3日,https://detail.chiebukuro.yahoo.co.jp/qa/question_detail/q11324920091,iPhoneの画面が割れたので、アロンアルファでくっつけても大丈夫ですか？,0,0
2767,2026/2/2 2:10,小説,c46eb5ad2,16時間41分,1,20,20.0,0,0,0.02,5.0,0.0,0.07,あと3日,https://detail.chiebukuro.yahoo.co.jp/qa/question_detail/q14324920089,おすすめの本を教えてください！！中華系ファンタジーの本をさがしています、、内容は ・お仕事系 ・恋愛もあり ・しかし帝と恋するのは苦手 ・どちらかと言うと臣下同士の夫婦とかがいい 読んだ本は↓↓↓ 「...,0,0
2768,2026/2/2 2:10,パソコン,c340e767,16時間41分,3,36,12.0,0,0,0.036,8.33,0.0,0.19,あと3日,https://detail.chiebukuro.yahoo.co.jp/qa/question_detail/q13324920088,PC電源について質問です。 電源ボタンが壊れ外部電源ボタン増設しようとしてます… これがそのピンですかね？,0,0
2769,2026/2/2 2:10,アニメ,c9d1b91f3,16時間41分,5,94,18.8,0,18,0.094,5.32,0.02,0.88,あと3日,https://detail.chiebukuro.yahoo.co.jp/qa/question_detail/q11324920086,宇宙戦艦ヤマト、電気、電力関係に詳しい方に質問です。 ２１９９の偽装解除からの初期発進の際、波動エンジンを始動させるには膨大な量の電力が必要でした。そのため、世界中から電力を送ってもらい波動エンジンを...,0,0
2770,2026/2/2 2:10,貯金,jdjrjfbd,16時間41分,6,74,12.3,0,0,0.074,8.11,0.01,0.37,あと3日,https://detail.chiebukuro.yahoo.co.jp/qa/question_detail/q10324920085,27歳独身の男です。 一人暮らしで社会人5年目、貯金は750万あります。ボーナスはないですが、月収は手取りで36万ほどです。家賃や食費、光熱費など必要経費を差し引くと20万ほど自由に使えるお金が残りま...,0,0
2771,2026/2/2 2:10,タブレット端末,hir********,16時間41分,2,20,10.0,0,1,0.02,10.0,0.0,0.15,あと3日,https://detail.chiebukuro.yahoo.co.jp/qa/question_detail/q14324920084,iPad買い替えについて 元々iPad第9世代を使っていましたが、NetflixとLINEとマーダーミステリーアプリウズ(人狼ゲームのようなもの) しか使わないので買い替えのタイミングでグレードを下げ...,0,0
2772,2026/2/2 2:10,生理,1252293401,16時間41分,1,9,9.0,0,0,0.009,11.11,0.0,0.06,あと3日,https://detail.chiebukuro.yahoo.co.jp/qa/question_detail/q13324920083,フリウェルLDを服用し始めてからかれこれ8ヶ月経つのですが、休薬期間は生理というより茶色い血が出て、休薬期間を終えピルを飲み初めてから1週間ほど立って茶色いおりものが永遠と続く感じになっています。 実...,0,0
2773,2026/2/2 2:10,家族関係の悩み,XOXO,16時間41分,1,18,18.0,0,0,0.018,5.56,0.0,0.07,あと3日,https://detail.chiebukuro.yahoo.co.jp/qa/question_detail/q12324920082,私の身内でもないのにきれてくるのは何故？？？,0,0
2774,2026/2/2 2:10,観光地、行楽地,cdc332cf8,16時間41分,4,34,8.5,0,3,0.034,11.76,0.0,0.32,あと3日,https://detail.chiebukuro.yahoo.co.jp/qa/question_detail/q11324920081,2月23〜27日に北海道の小樽、札幌に行くんですけど熊はでますか？,0,0
2775,2026/2/2 2:10,Yahoo!知恵袋,*********,16時間41分,2,21,10.5,0,0,0.021,9.52,0.0,0.12,あと3日,https://detail.chiebukuro.yahoo.co.jp/qa/question_detail/q10324920080,先輩の結婚式に白いスーツで行こうと思うのですが、ネクタイは何色がオシャレですか？,0,0
2776,2026/2/2 2:10,恋愛相談、人間関係の悩み,あああ,16時間41分,1,44,44.0,1,1,0.044,2.27,0.02,0.22,あと3日,https://detail.chiebukuro.yahoo.co.jp/qa/question_detail/q14324920079,同棲している彼の浮気相手が、 営業先の大企業の女でした。 しかも、お互い恋人と同棲していてそれがわかっていながらの浮気です。 まだ30にもなってないのでお互い平社員です。 どうにか女と彼を地獄に突き落...,0,0
2777,2026/2/2 2:09,マインクラフト,1252700666,16時間42分,1,15,15.0,0,0,0.015,6.67,0.0,0.06,あと3日,https://detail.chiebukuro.yahoo.co.jp/qa/question_detail/q13324920078,マインクラフト統合版で、自身が置いた葉っぱブロックから苗木はドロップしますか？,0,0
2778,2026/2/2 2:09,恋愛相談、人間関係の悩み,こはく,16時間42分,2,43,21.5,0,0,0.043,4.65,0.01,0.14,あと3日,https://detail.chiebukuro.yahoo.co.jp/qa/question_detail/q12324920077,メンヘラ彼氏なんですが 彼氏と少し喧嘩？したんですけど 彼氏が機嫌悪い時に電話かかってきて、いつも喧嘩になるので「機嫌悪い時に話したくない？」と聞かれたので「うん」と言ったら「じゃあお前いらないわ」と...,0,0
2779,2026/2/2 2:09,恋愛相談、人間関係の悩み,kam********,16時間43分,1,41,41.0,0,0,0.041,2.44,0.02,0.09,あと3日,https://detail.chiebukuro.yahoo.co.jp/qa/question_detail/q11324920076,28歳の男です。 僕は今まで恋愛経験がありません。 好きという感情が分からない訳ではないです。 ただ誰かと交際する、という事に妙な嫌さを感じます。他人と一緒にいると妙に疲れるのです。 学生の頃からです...,0,0
2780,2026/2/2 2:09,邦楽,a21b07045,16時間43分,7,54,7.7,0,0,0.054,12.96,0.0,0.4,あと3日,https://detail.chiebukuro.yahoo.co.jp/qa/question_detail/q10324920075,【藤井風】 最近藤井風を好きになったんですけど、皆さんのお気に入りの曲を教えていただきたいです。,0,0
2781,2026/2/2 2:09,Instagram,abbd94b5c,16時間43分,0,12,12.0,0,0,0.012,0.0,0.0,0.01,あと3日,https://detail.chiebukuro.yahoo.co.jp/qa/question_detail/q14324920074,インスタをやめたいのですがやめられません。依存ということではなく、自分の連絡先やヘアスタイル、最近の流行りなどもわからなくなると、友達との話や関わりがなくなってしまいそうで怖いからです。 また、現在中...,0,0
2782,2026/2/2 2:09,邦楽,知恵袋盛り上げ隊,16時間43分,2,14,7.0,0,0,0.014,14.29,0.0,0.11,あと3日,https://detail.chiebukuro.yahoo.co.jp/qa/question_detail/q13324920073,GLAY で好きな曲は？,0,0
2783,2026/2/2 2:09,カスタマイズ,lit********,16時間43分,5,26,5.2,0,0,0.026,19.23,0.0,0.27,不明,https://detail.chiebukuro.yahoo.co.jp/qa/question_detail/q12324920072,車載スマホホルダーでおすすめ教えてください クリップタイプ 吸盤 両面テープ エアコン吹き出し口に引っ掛けるタイプ 色々ありますがどれがおすすめですか？,0,0
2784,2026/2/2 2:09,ダイエット,につめし愚鈍ちゅるちゅる,16時間43分,1,24,24.0,0,1,0.024,4.17,0.01,0.1,あと3日,https://detail.chiebukuro.yahoo.co.jp/qa/question_detail/q11324920071,ボンキュボンってスタイルって聞いたことあるんですがどこの部位ですか？ あとどれくらいがボンでどれくらいがキュなんですか？,0,0
2785,2026/2/2 2:09,恋愛相談、人間関係の悩み,1152999384,16時間43分,1,18,18.0,0,1,0.018,5.56,0.0,0.1,あと3日,https://detail.chiebukuro.yahoo.co.jp/qa/question_detail/q10324920070,スタ連してくる人の事について質問です。 スタ連されても数十件とかだったらいいのですが、LINEを見れてなかったときに100件以上きて、スタ連して来た人に「スタ連のやり過ぎはやめて」って言ったらその人は...,0,0
2786,2026/2/2 2:09,郵便、宅配,おかあ,16時間43分,2,26,13.0,0,1,0.026,7.69,0.0,0.16,不明,https://detail.chiebukuro.yahoo.co.jp/qa/question_detail/q14324920069,外国の友人が手紙を送ってくれたのですが、不在で受け取れなかったので郵便局に受け取りに行こうと思います。 ですが、その際に身分証明書が必要になります。 私は学生なので学生証しかありません。 この場合どう...,0,0
2787,2026/2/2 2:09,恋愛相談、人間関係の悩み,ban********,16時間43分,3,50,16.7,0,0,0.05,6.0,0.01,0.2,あと3日,https://detail.chiebukuro.yahoo.co.jp/qa/question_detail/q13324920068,彼が怒ると怖いです 5回くらいそのようなことがありました。 口調が強くなり、声が大きくなり、怖さのあまり私が泣いてしまうことも何回もありました。 泣いたときも、それに対しては何もフォローなどがなく、攻...,0,0
2788,2026/2/2 2:09,職場の悩み,fil********,16時間43分,0,13,13.0,0,0,0.013,0.0,0.0,0.01,あと3日,https://detail.chiebukuro.yahoo.co.jp/qa/question_detail/q11324920066,1月半ばにパート倉庫業務である支店に入社しました。 段々人にも慣れて楽しくなってきたところに、支店長が暇でちょこちょこやってきて話してきたりしてウザくなってきてしまいました。ある曜日だけ一緒にやってる...,0,0
2789,2026/2/2 2:09,レディース腕時計、アクセサリー,cij********,16時間43分,1,21,21.0,0,0,0.021,4.76,0.0,0.07,あと3日,https://detail.chiebukuro.yahoo.co.jp/qa/question_detail/q10324920065,これはなんですか？なんのやつの偽物ですか？調べても出てきません。時計 レディース,0,0
2790,2026/2/2 2:08,Yahoo!知恵袋,チ。ーチキンナゲットについてー,16時間44分,3,36,12.0,0,0,0.036,8.33,0.0,0.18,不明,https://detail.chiebukuro.yahoo.co.jp/qa/question_detail/q14324920064,あのみなさんもう寝ませんか？,0,0
2791,2026/2/2 2:08,中古車,1052603992,16時間44分,7,42,6.0,0,1,0.042,16.67,0.0,0.42,あと3日,https://detail.chiebukuro.yahoo.co.jp/qa/question_detail/q13324920063,中古車は認定中古車以外あんまり買わない方がいいですか？,0,0
2792,2026/2/2 2:08,恋愛相談、人間関係の悩み,c50bd9d37,16時間44分,2,40,20.0,0,0,0.04,5.0,0.01,0.14,あと3日,https://detail.chiebukuro.yahoo.co.jp/qa/question_detail/q12324920062,恋愛相談です 私と彼氏は付き合って半年くらいなのですが最近お互いに忙しく１ヶ月くらい会ってないです 私も会いたいのですが忙しいし我慢していましたが、彼氏が電話する度に「会いたい」と何回も言っていたので...,0,0
2793,2026/2/2 2:08,男性アイドル,奇跡のあたりめ,16時間44分,0,5,5.0,2,0,0.005,0.0,0.0,0.2,あと3日,https://detail.chiebukuro.yahoo.co.jp/qa/question_detail/q11324920061,KATーTUNでもし赤西が脱退していなかったら、仁亀以外のメンバーの人気はどうなっていたと思いますか？ KATーTUNは当時仁亀が他と大差をつけて人気でしたが、赤西が抜けたことで、他メンの注目度が上が...,0,0
2794,2026/2/2 2:08,菓子、スイーツ,哀しみの王子,16時間45分,4,19,4.8,0,0,0.019,21.05,0.0,0.22,不明,https://detail.chiebukuro.yahoo.co.jp/qa/question_detail/q10324920060,歌舞伎揚げは好きなお菓子の一つに入ってますか？,0,0
2795,2026/2/2 2:08,大学,c7ec052f3,16時間45分,2,42,21.0,1,1,0.042,4.76,0.01,0.27,あと3日,https://detail.chiebukuro.yahoo.co.jp/qa/question_detail/q14324920059,質問です今年の春から大学で給付型奨学金と修学支援新制度を受けるんですけど在学採用で去年の親の年収299万で3分の2ほど授業料免除されるんですけど来年になると300万超えるので3分の2は受けれないてます...,0,0
2796,2026/2/2 2:08,交通事故,1151799795,16時間45分,6,69,11.5,0,1,0.069,8.7,0.01,0.4,あと3日,https://detail.chiebukuro.yahoo.co.jp/qa/question_detail/q13324920058,交通事故に巻き込まれてしまいました。 この前友人の運転する車に同乗していたのですが右直事故を起こされてしまい左足の脛骨を骨折してしまいました。 相手と友人の過失割合は色々なことを含めて5:5らしいので...,0,0
2797,2026/2/2 2:08,病気、症状,1251500402,16時間45分,1,23,23.0,0,0,0.023,4.35,0.01,0.07,あと3日,https://detail.chiebukuro.yahoo.co.jp/qa/question_detail/q11324920056,大学生女子です。ほぼ毎日お風呂に入るときシャワーを浴びるだけでとても疲れてしまい、たまに気持ち悪くなったり視界がグラグラ？砂嵐？ のような感じで倒れそうになったりします。座る、寝た状態から立つときも同...,0,0
2798,2026/2/2 2:08,ライブ、コンサート,あ,16時間45分,0,15,15.0,0,0,0.015,0.0,0.0,0.01,あと3日,https://detail.chiebukuro.yahoo.co.jp/qa/question_detail/q10324920055,NEXZの日本アリーナツアーは何か所あると思いますか？最近の日本での知名度はどのくらいですか？,0,0
2799,2026/2/2 2:08,職場の悩み,ID 非公開,16時間45分,4,35,8.8,0,0,0.035,11.43,0.0,0.23,あと3日,https://detail.chiebukuro.yahoo.co.jp/qa/question_detail/q14324920054,こう言うタイプは、意外とプライドが高いのでしょうか？？ 以前勤めていた職場に復職したのですが 後輩がまだ職場に残っていたので、声をかけたら 「あなたは私の先輩ではありません」と言うような態度を取られま...,0,0
2800,2026/2/2 2:07,ゲーム,非公開,16時間46分,1,7,7.0,0,0,0.007,14.29,0.0,0.06,あと3日,https://detail.chiebukuro.yahoo.co.jp/qa/question_detail/q13324920053,gtaについて 色んな友達と遊んでるんですけどみんなエンハンスドとレガシー両方持ってるのにレガシーを使います これってなにか理由があるんでしょうか？ 最近インストールした私からしたら新しい方でやればい...,0,0
2801,2026/2/2 2:07,恋愛相談、人間関係の悩み,匿名希望,16時間46分,2,33,16.5,0,0,0.033,6.06,0.01,0.13,あと3日,https://detail.chiebukuro.yahoo.co.jp/qa/question_detail/q12324920052,自分は男性です。友人の女性がどうやら彼氏さんに監視アプリを入れられているようで、それは流石にやりすぎだと女性にまずは伝えたいのだが、LINEは見られていると思うので伝えられず。 どうにか違う方法で伝え...,0,0
2802,2026/2/2 2:07,家族関係の悩み,c54046b60,16時間46分,13,153,11.8,0,7,0.152,8.5,0.02,1.01,あと3日,https://detail.chiebukuro.yahoo.co.jp/qa/question_detail/q11324920051,親の仕送りについて 私は現在大学4年生で実家暮らしをしています。東京で就職が決まっており、来年から一人暮らしをするのですが親に仕送りをしたくありません。 うちは母子家庭で母親が高卒で就職もしていないの...,0,0
2803,2026/2/2 2:07,邦楽,知恵袋盛り上げ隊,16時間46分,3,27,9.0,0,0,0.027,11.11,0.0,0.18,あと3日,https://detail.chiebukuro.yahoo.co.jp/qa/question_detail/q10324920050,フリッツ・クライスラー で好きな曲は？,0,0
2804,2026/2/2 2:07,パズルゲーム,あ,16時間46分,1,22,22.0,0,0,0.022,4.55,0.0,0.07,あと3日,https://detail.chiebukuro.yahoo.co.jp/qa/question_detail/q14324920049,ゼンゼロ復帰勢です。 現在メインで使っているアタッカーは葉瞬光と雅の2パーティーです。そして次のバージョンでくる千夏は葉瞬光と相性良さそうなので引くつもりですが、イーシェンを引くか、柚菜を引いて雅を強...,0,0
2805,2026/2/2 2:07,K-POP、アジア,a1fe33647,16時間46分,0,17,17.0,0,0,0.017,0.0,0.0,0.02,あと3日,https://detail.chiebukuro.yahoo.co.jp/qa/question_detail/q13324920048,このユウシは何歳の時ですか？ nctwish,0,0
2806,2026/2/2 2:07,数学,1151352533,16時間46分,4,48,12.0,0,0,0.048,8.33,0.01,0.25,あと3日,https://detail.chiebukuro.yahoo.co.jp/qa/question_detail/q12324920047,sinθ = 対辺 / 斜辺 cosθ = 隣辺 / 斜辺 tanθ = 対辺 / 隣辺 とかって図とかを使って覚えた方が早いですか？ すぐなぜって気になってしまうんですけど定義なので なぜとかないの...,0,0
2807,2026/2/2 2:07,ゴルフ,c1dfec096,16時間46分,7,47,6.7,0,0,0.047,14.89,0.0,0.39,あと3日,https://detail.chiebukuro.yahoo.co.jp/qa/question_detail/q11324920046,中古でアイアンを買おうと思い、テイラーメイド BURNER PLUS の状態がいいセットを購入させて頂きました。打感等は良く使い勝手もいいと思います。 初心者が扱うものとしてこのアイアンはどうでしょう...,0,0
2808,2026/2/2 2:07,生命保険,1052153764,16時間46分,3,51,17.0,0,0,0.051,5.88,0.01,0.2,あと3日,https://detail.chiebukuro.yahoo.co.jp/qa/question_detail/q10324920045,51歳のおじさんです。保険と健康の事で、教えてもらえたらです。去年の11月から入浴施設付きのジムに通ってます。最近はハマって、水泳、筋トレ、サウナ等週6くらい通ってます。月11000円です。 そこで考...,0,0
2810,2026/2/2 2:06,ゲーム,1050423274,16時間48分,0,7,7.0,0,0,0.007,0.0,0.0,0.01,あと3日,https://detail.chiebukuro.yahoo.co.jp/qa/question_detail/q12324920042,ps5でやってるゼンゼロをスマホでやろうとしてるのにホヨバからの認証メールが一生届きません。 迷惑メールの設定なども問題ないのにかないです改善策とかありますか？,0,0
2811,2026/2/2 2:06,ピアス,c725fbd4,16時間48分,1,9,9.0,0,0,0.009,11.11,0.0,0.06,あと3日,https://detail.chiebukuro.yahoo.co.jp/qa/question_detail/q11324920041,東京（区内）又は千葉東部、埼玉南部でファーストピアスを （強化）ガラス製で開けてくれるところはあるでしょうか 樹脂製で透明なものは多いですが、ガラス製を取り扱っていたり記載されてるクリニックが見当たり...,0,0
2812,2026/2/2 2:06,デジタル一眼レフ,nqk********,16時間48分,4,113,28.2,0,5,0.112,3.54,0.03,0.46,あと3日,https://detail.chiebukuro.yahoo.co.jp/qa/question_detail/q10324920040,68歳写真趣味 散歩、孫、花 ボディ：壊れたら買い替え９万 35mm FA35/2AL、M35/2.8、P35/3.5、super琢磨35/3.5 ５０～５５mm P55/1.8、50/1.4、DDR...,0,0
2813,2026/2/2 2:06,鳥類,two********,16時間48分,2,46,23.0,1,10,0.046,4.35,0.01,0.54,あと3日,https://detail.chiebukuro.yahoo.co.jp/qa/question_detail/q14324920039,オカメインコをお迎えしました。 オスかメスかわからないのですが、写真でわかりますでしょうか？,0,0
2814,2026/2/2 2:06,ファッション,1153154304,16時間48分,1,22,22.0,0,0,0.022,4.55,0.0,0.07,不明,https://detail.chiebukuro.yahoo.co.jp/qa/question_detail/q13324920038,画像のようなファッションはウエスタンコーデというのですか？,0,0
2815,2026/2/2 2:06,オンラインゲーム,rei********,16時間48分,0,2,2.0,0,0,0.002,0.0,0.0,0.0,あと3日,https://detail.chiebukuro.yahoo.co.jp/qa/question_detail/q12324920037,cs2(counterstrike2)について質問です。 cs2で強い撃ち方を教えてください。また、切り返し撃ちをする際は離しストッピングではなく、逆キーを押してストッピングするのでしょうか。,0,0
2816,2026/2/2 2:06,友人関係の悩み,.,16時間48分,6,55,9.2,0,3,0.055,10.91,0.01,0.44,あと3日,https://detail.chiebukuro.yahoo.co.jp/qa/question_detail/q11324920036,友人に距離を置かれているものです。 原因を自分なりに考えてみました。 もしかしたら 愚痴ばかり話してしまっていたかもしれないと気づきました、、 そりゃ会いたくもなくなるわなと思って、本当に後悔していま...,0,0
2817,2026/2/2 2:06,家族関係の悩み,初心者,16時間48分,4,50,12.5,0,2,0.05,8.0,0.01,0.31,あと3日,https://detail.chiebukuro.yahoo.co.jp/qa/question_detail/q10324920035,風呂キャン2日目 風呂がめんどくさすぎて入れません助けて,0,0
2818,2026/2/2 2:06,携帯型ゲーム全般,1052639665,16時間48分,0,6,6.0,0,0,0.006,0.0,0.0,0.01,あと3日,https://detail.chiebukuro.yahoo.co.jp/qa/question_detail/q14324920034,ドッカンバトルって今リセマラするのおすすめですか？元の垢がリバブルチームを組めてそれ以外はほとんど持ってないカス垢です。ある程度9周年までのLRは持ってます。,0,0
2820,2026/2/2 2:05,恋愛相談、人間関係の悩み,1053265696,16時間49分,1,24,24.0,0,1,0.024,4.17,0.01,0.1,不明,https://detail.chiebukuro.yahoo.co.jp/qa/question_detail/q12324920032,人間関係についての質問です。 自分は約6年仲良かったネッ友と半年前に縁を切りました。そのネッ友のことをふとした時に今でも思い出してしまい、もっと話しておけばよかったと後悔してしまいます。 どうすればそ...,0,0
2821,2026/2/2 2:05,宗教,AKIFUTARO,16時間49分,0,25,25.0,0,0,0.025,0.0,0.0,0.02,あと3日,https://detail.chiebukuro.yahoo.co.jp/qa/question_detail/q11324920031,そろそろ衆議院総選挙の投開票日も近付いて来ましたが、宗教法人の中でも大きな方で、先日までは、立憲民主党支援をしていたと言う立正佼成会は、結局、今回の衆議院総選挙では、 中道改革連合に全面的に協力するこ...,0,0
2822,2026/2/2 2:05,生き方、人生相談,yhu********,16時間49分,3,21,7.0,0,0,0.021,14.29,0.0,0.17,あと3日,https://detail.chiebukuro.yahoo.co.jp/qa/question_detail/q10324920030,興味のない話を聞いたり、コメントするのが苦痛です。 とてもよくしてくれる年配の方がいるのですが、友達がいっぱいいて道を歩けばみんなに声かけられるとか、すごいモテるみたいな、どぉぉぉぉでもいい話を延々さ...,0,0
2823,2026/2/2 2:05,ピアス,みう,16時間50分,3,31,10.3,0,0,0.031,9.68,0.0,0.18,あと3日,https://detail.chiebukuro.yahoo.co.jp/qa/question_detail/q14324920029,至急です！ピアスが埋まっちゃってキャッチはちゃんと出てる状態なんですけど触るだけで痛いしめっちゃ腫れてるので病院行くんですけど取る時めっちゃ痛いですよね！？そこのとこどうか教えてください！,0,0
2824,2026/2/2 2:05,友人関係の悩み,1051738234,16時間50分,0,11,11.0,0,0,0.011,0.0,0.0,0.01,あと3日,https://detail.chiebukuro.yahoo.co.jp/qa/question_detail/q13324920028,大学生の友達で貯金多い子がいるんですけど皆さんの周りにもいますか？できれば金額も教えてください,0,0
2825,2026/2/2 2:05,海外,gwa********,16時間50分,3,26,8.7,0,1,0.026,11.54,0.0,0.2,あと3日,https://detail.chiebukuro.yahoo.co.jp/qa/question_detail/q11324920026,中国広東省、香港あたりでモテる女性の顔ってどんな顔だと思いますか？ 私は旅行が好きで今まで色んな場所に行きましたが、香港と中国広東省で異様にモテました（笑） 直接道端やお店で声をかけられることもあれば...,0,0
2826,2026/2/2 2:05,生き方、人生相談,bkf********,16時間50分,6,43,7.2,0,0,0.043,13.95,0.0,0.34,あと3日,https://detail.chiebukuro.yahoo.co.jp/qa/question_detail/q14324920024,ずっと探していた理想の自分ってもうちょっとカッコ良かったですか？,0,0
2827,2026/2/2 2:05,母子家庭、父子家庭,知恵袋盛り上げ隊,16時間50分,2,19,9.5,0,1,0.019,10.53,0.0,0.15,あと3日,https://detail.chiebukuro.yahoo.co.jp/qa/question_detail/q13324920023,シングルマザーと 付き合っている男は 可哀想ですか？,0,0
2828,2026/2/2 2:05,恋愛相談、人間関係の悩み,ID 非公開,16時間50分,3,39,13.0,0,1,0.039,7.69,0.01,0.22,あと3日,https://detail.chiebukuro.yahoo.co.jp/qa/question_detail/q12324920022,女子高校生です。ほとんど喋ったことないクラスメイトの男子からXをフォローされましたがなぜだと思いますか？その男子も陽キャではなくおとなしめな感じで、だれかれ構わずフォローしてる感じではないです 普段割...,0,0
2829,2026/2/2 2:04,メンズ全般,bra********,16時間51分,3,18,6.0,0,1,0.018,16.67,0.0,0.2,不明,https://detail.chiebukuro.yahoo.co.jp/qa/question_detail/q10324920020,ZARAで一番高級なラインは何ですか？,0,0
2830,2026/2/2 2:04,年中行事,bkf********,16時間51分,5,11,2.2,0,3,0.011,45.45,0.0,0.35,あと3日,https://detail.chiebukuro.yahoo.co.jp/qa/question_detail/q14324920019,お内裏様とお雛様、2人並んでスガシカオと聴こえるのはありですか？,0,0
2831,2026/2/2 2:04,YouTube,さ,16時間51分,1,9,9.0,0,4,0.009,11.11,0.0,0.18,あと3日,https://detail.chiebukuro.yahoo.co.jp/qa/question_detail/q13324920018,ステパンで1番好きな動画を教えてください！,0,0
2832,2026/2/2 2:04,心理学,1053257854,16時間51分,2,14,7.0,0,0,0.014,14.29,0.0,0.11,あと3日,https://detail.chiebukuro.yahoo.co.jp/qa/question_detail/q12324920017,エニアグラムとmbtiについてです。 トライタイプ468ウイング4w5と、ENTPを併せ持つのは珍しいでしょうか？あり得ますか？,0,0
2833,2026/2/2 2:04,友人関係の悩み,ID 非公開,16時間51分,3,42,14.0,0,0,0.042,7.14,0.01,0.19,あと3日,https://detail.chiebukuro.yahoo.co.jp/qa/question_detail/q11324920016,女子高校生です。ほとんど喋ったことないクラスメイトの男子からXをフォローされましたがなぜだと思いますか？その男子も陽キャではなくおとなしめな感じで、だれかれ構わずフォローしてる感じではないです 普段割...,0,0
2834,2026/2/2 2:04,男性アイドル,たい焼き,16時間51分,0,8,8.0,0,0,0.008,0.0,0.0,0.01,あと3日,https://detail.chiebukuro.yahoo.co.jp/qa/question_detail/q10324920015,KPOPアイドルのVERIVERYは日本でいうとどのアイドルグループの立ち位置ですか？韓国でどれくらい有名ですか？,0,0
2835,2026/2/2 2:04,趣味,c75967735,16時間51分,0,2,2.0,0,0,0.002,0.0,0.0,0.0,あと3日,https://detail.chiebukuro.yahoo.co.jp/qa/question_detail/q14324920014,これぞフルティガーエアロってものを教えてほしいです。最近はただ青だったり透明なだけでフルティガーエアロ扱いでなんかそれは違くないと思ってしまいます。,0,0
2836,2026/2/2 2:04,大学受験,1253249927,16時間51分,0,1,1.0,0,0,0.001,0.0,0.0,0.0,あと3日,https://detail.chiebukuro.yahoo.co.jp/qa/question_detail/q13324920013,漆原の面白いシリーズの次何をしたらいいですか？,0,0
2837,2026/2/2 2:04,アニメ,ac2c87d83,16時間51分,0,8,8.0,0,0,0.008,0.0,0.0,0.01,あと3日,https://detail.chiebukuro.yahoo.co.jp/qa/question_detail/q12324920012,希望ヶ峰学園を実際に作るとしたら、どの程度の資産が必要ですか？また、実際にモデルとなっている学校や、再現するためのプロジェクトがあれば教えてほしいです。よろしくお願いします。,0,0
2838,2026/2/2 2:04,文学、古典,1251611060,16時間52分,1,29,29.0,0,0,0.029,3.45,0.01,0.08,あと3日,https://detail.chiebukuro.yahoo.co.jp/qa/question_detail/q11324920011,国語の模試か過去問か何かに出てきた文章を探しています。 人形浄瑠璃の脚本家である男がスランプに悩んで奈良へ旅をし奈良の文化に魅了される。 道中出会った畏怖し奈良の鹿に神を見出す。的な話でした。 石子詰...,0,0
2839,2026/2/2 2:03,海外,aki********,16時間53分,0,5,5.0,0,0,0.005,0.0,0.0,0.0,あと3日,https://detail.chiebukuro.yahoo.co.jp/qa/question_detail/q14324920009,韓国の紙幣が新しくなるのはいつ頃だと思いますか？ 検索 韓国ウォン 新紙幣,0,0
2840,2026/2/2 2:03,電子マネー、電子決済,c44bc31c1,16時間53分,1,9,9.0,0,0,0.009,11.11,0.0,0.06,あと3日,https://detail.chiebukuro.yahoo.co.jp/qa/question_detail/q13324920008,Fantiaについて質問です。 ファンクラブを退会したいなと思っているのですが、普通に退会するだけで大丈夫ですか？ バックナンバーというものを買って、これは退会したりしなくても月ごとに勝手に購入されま...,0,0
2841,2026/2/2 2:03,外国映画,b56fe4c9d,16時間53分,5,128,25.6,0,5,0.126,3.91,0.03,0.52,不明,https://detail.chiebukuro.yahoo.co.jp/qa/question_detail/q12324920007,映画音楽に詳しい人に質問します。 30年ぐらい前から何の映画のBGMだったか分からなくて、ずっとモヤモヤしています。 思い切って皆様のお知恵をお借りしたく質問します。 らららら らららら らららん〜ら...,0,0
2842,2026/2/2 2:03,恋愛相談、人間関係の悩み,1252468163,16時間53分,3,23,7.7,0,2,0.023,13.04,0.0,0.23,あと3日,https://detail.chiebukuro.yahoo.co.jp/qa/question_detail/q11324920006,彼女が欲しいのですが、人の嫌な部分ばかり見えてしまって心から好きだと思える人に出会えません。僕が高望みしすぎなんでしょうか?少しの欠点くらい受け入れるものですか?,0,0
2843,2026/2/2 2:03,コンビニ,くまたろう,16時間53分,1,12,12.0,0,0,0.012,8.33,0.0,0.06,あと3日,https://detail.chiebukuro.yahoo.co.jp/qa/question_detail/q10324920005,ローソンに設置されているマルチコピー機(新型)の文書(PDF)プリントについて教えてください。 無料アプリをスマホに入れて印刷したいPDFを登録しました。 マルチコピー機に接続し、印刷画面まで進んだの...,0,0
2844,2026/2/2 2:03,Facebook,hanahana,16時間53分,0,4,4.0,0,0,0.004,0.0,0.0,0.0,あと3日,https://detail.chiebukuro.yahoo.co.jp/qa/question_detail/q14324920004,Facebook 不正アクセスされてロックされてしまった為 異議申し立てを行いましたが 違反してるとの事で永久にロックされてしまいました。 不正アクセスされたアカウントを検索するを行いましたが 今使っ...,0,0
2845,2026/2/2 2:03,コンパクトデジタルカメラ,ruu********,16時間53分,1,25,25.0,0,0,0.025,4.0,0.01,0.07,あと3日,https://detail.chiebukuro.yahoo.co.jp/qa/question_detail/q13324920003,SDカード内のデータをiPhoneに移行できません 中古品のSONY DSC-HX90vを購入しました。 動画を撮りiPhoneに移行しようとしたところ、データがありませんと表示されます。カメラ内では...,0,0
2846,2026/2/2 2:03,シニアライフ、シルバーライフ,57は素数,16時間53分,4,49,12.2,0,6,0.048,8.16,0.01,0.42,あと3日,https://detail.chiebukuro.yahoo.co.jp/qa/question_detail/q12324920002,一昨日からずっと頭の中にヘンデルの「水上の音楽」より「アラ・ホーン・パイプ」がぐるぐると鳴り続けています。 どうやったら止まりますか？,0,0
2847,2026/2/2 2:03,数学,タコピー,16時間53分,1,15,15.0,0,2,0.015,6.67,0.0,0.12,不明,https://detail.chiebukuro.yahoo.co.jp/qa/question_detail/q11324920001,"術語論理についてです。 2つの命題A,Bの真偽が一致するとき、A≡Bと表すとします. ∀xP(x)≡∀xQ(x)が成り立つと仮定すると、任意の項tに対して、P(t)≡Q(t)は成り立つでしょうか？",0,0
2848,2026/2/2 2:03,鉄道、列車、駅,ca5399afd,16時間53分,7,58,8.3,0,15,0.057,12.07,0.0,0.85,あと3日,https://detail.chiebukuro.yahoo.co.jp/qa/question_detail/q10324920000,大学まで1時間半〜40分電車で歩き10分かかるんですけど、結構きついですか？また慣れますか？片道1300円かかるんですけど、学生割引の定期買うとどれくらいかかりますか？,0,0
2849,2026/2/2 2:02,病院、検査,1253037920,16時間54分,1,34,34.0,1,1,0.034,2.94,0.01,0.21,あと3日,https://detail.chiebukuro.yahoo.co.jp/qa/question_detail/q14324919999,質問です。ADHDで病院に行ってよくなることはありますか？ 自分は多分ADHDだと思っています。 病院に行ってみたいと思うのですが、病院に行くだけで何か変わるとも思えません。 将来の夢が看護師です。周...,0,0
2850,2026/2/2 2:02,恋愛相談、人間関係の悩み,oxo********,16時間54分,6,59,9.8,0,1,0.058,10.17,0.01,0.38,あと3日,https://detail.chiebukuro.yahoo.co.jp/qa/question_detail/q12324919997,女の人って胸が小さいと恥ずかしいのですか？ 個人的にはあまり気にならないし、むしろ大きいよりは控えめの方が良い派なのですが、女性はみんな胸を大きくしたいのですか？ やはり、ほとんどの男が大きい胸が好き...,0,0
2851,2026/2/2 2:02,ゲーム,c1346c803,16時間54分,0,7,7.0,0,0,0.007,0.0,0.0,0.01,あと3日,https://detail.chiebukuro.yahoo.co.jp/qa/question_detail/q14324817074,適当観について質問です。 ボンプ便はいつ解放されますか？ 15レベルのA級ボンプを10体所持する っていうミッションがクリアできないんです。お願いしますm(_ _)m,0,0
2852,2026/2/2 2:02,ギター、ベース,tom********,16時間54分,0,50,50.0,0,0,0.049,0.0,0.0,0.05,あと3日,https://detail.chiebukuro.yahoo.co.jp/qa/question_detail/q14324817109,PENICILLINの千聖さんが ESPのギターを使わなくなった理由を知りたいです。 フリマでなんかあったのですか？,0,0
2853,2026/2/2 2:02,iPhone,1150547307,16時間55分,0,11,11.0,0,0,0.011,0.0,0.0,0.01,あと3日,https://detail.chiebukuro.yahoo.co.jp/qa/question_detail/q14324817089,iPhoneでオンラインオリパのアプリを自分では開けない、またはインストールできないようにロックなどかける方法はありますか？スクリーンタイムなどは自分で解除してしまうので、いい方法あれば教えてください,0,0
2854,2026/2/2 2:02,マインクラフト,夢遊病,16時間55分,0,11,11.0,0,0,0.011,0.0,0.0,0.01,あと3日,https://detail.chiebukuro.yahoo.co.jp/qa/question_detail/q14324817149,マイクラ実況者さんについて質問です。 最近限界組？に興味を持ち始めた者です。限界の彼らを知るにはどの動画がおすすめでしょうか？いくつでも大丈夫なので彼らを知るためにおすすめな動画を教えてください。シリ...,0,0
2855,2026/2/2 2:02,アニメ,lD非公開,16時間55分,0,13,13.0,0,0,0.013,0.0,0.0,0.01,あと3日,https://detail.chiebukuro.yahoo.co.jp/qa/question_detail/q14324816814,なぜ最近のClariSはアイドル路線になったと思いますか？,0,0
2856,2026/2/2 2:02,メイク、コスメ,gen********,16時間55分,1,13,13.0,0,0,0.013,7.69,0.0,0.06,あと3日,https://detail.chiebukuro.yahoo.co.jp/qa/question_detail/q14324816884,毛穴が目立ちやすいタイプでHERA(ヘラ) エアリー パウダー プライマー を購入して使おうと思うのですがこれは どの順番で塗るものですか？ 下地⇒プライマー⇒ファンデーション⇒パウダー ですか？ そ...,0,0
2857,2026/2/2 2:02,カラオケ,1251954698,16時間55分,0,10,10.0,0,0,0.01,0.0,0.0,0.01,あと3日,https://detail.chiebukuro.yahoo.co.jp/qa/question_detail/q14324817024,ASH ISLANDさんとちゃんみなさんが歌われている「OST」のラスサビの｢映画みたいな〜」のちゃんみなさんが歌ってる音が聞き取れません。カラオケで見事に主旋律歌ってしまいます。 どなたか教えてくだ...,0,0
2858,2026/2/2 2:02,就職活動,ウマーベラス,16時間55分,2,22,11.0,0,1,0.022,9.09,0.0,0.15,あと3日,https://detail.chiebukuro.yahoo.co.jp/qa/question_detail/q10324919995,事務職未経験でも 面接100社受けたら受かりますか？,0,0
2859,2026/2/2 2:02,メルカリ,p,16時間55分,0,33,33.0,0,0,0.033,0.0,0.0,0.03,あと3日,https://detail.chiebukuro.yahoo.co.jp/qa/question_detail/q14324816984,メルカリのチャット問い合わせについて… 問い合わせに進み、何言かチャットでやり取りをしてから (チャット終了のボタンは押していません) 前の画面に戻ってしまう、またはメルカリを一旦閉じてしまうと もう...,0,0
2860,2026/2/2 2:02,テーマパーク,非公開,16時間55分,0,25,25.0,0,0,0.025,0.0,0.0,0.02,あと3日,https://detail.chiebukuro.yahoo.co.jp/qa/question_detail/q14324817034,昔、プールで無重力のあるスライダーに乗った時、強く掴んでいた手に力が入らなくなり全身麻酔で眠る前みたいなフワフワして意識が無いような感覚になったことがあります。それって気絶したんでしょうか…？ 最初は...,0,0
2861,2026/2/2 2:02,トレーディングカード,bea6658d2,16時間55分,0,3,3.0,0,0,0.003,0.0,0.0,0.0,あと3日,https://detail.chiebukuro.yahoo.co.jp/qa/question_detail/q14324816819,アシュテの質問なんですが DDの救出の仕方教えてください 前回強すぎて全然雑魚すら倒せなくて,0,0
2862,2026/2/2 2:02,メルカリ,c354c17df,16時間55分,1,17,17.0,0,0,0.017,5.88,0.0,0.07,あと3日,https://detail.chiebukuro.yahoo.co.jp/qa/question_detail/q14324816704,メルカリの品物をコンビニで受け取るとき、品物が、cerozでも親の同意があれば未成年でも受け取れますか？,0,0
2863,2026/2/2 2:02,レディース全般,141505738,16時間55分,0,7,7.0,0,0,0.007,0.0,0.0,0.01,あと3日,https://detail.chiebukuro.yahoo.co.jp/qa/question_detail/q14324816789,ベイビーあいへいちゅーの踊ってみたで＠小豆ちゃんが着ているワンピースどこのかわかりますか？,0,0
2864,2026/2/2 2:02,模型、プラモデル、ラジコン,sci********,16時間55分,1,21,21.0,0,0,0.021,4.76,0.0,0.07,あと3日,https://detail.chiebukuro.yahoo.co.jp/qa/question_detail/q14324816679,KATO製のE217系で実写で見かける、ぼんやり光るライトを再現したいのですが、どうすればいいのでしょうか?,0,0
2865,2026/2/2 2:02,コミック,oof********,16時間55分,0,16,16.0,1,0,0.016,0.0,0.0,0.11,あと3日,https://detail.chiebukuro.yahoo.co.jp/qa/question_detail/q14324816744,漫画アプリのおすすめを教えてください。 有料でも構いませんが、毎回本を見る度に払うのは嫌なので月額制がいいです。 無料に超したことはないです。全巻読めるやつがいいです。よろしくお願いします。,0,0
2866,2026/2/2 2:02,iPhone,n,16時間55分,1,32,32.0,0,0,0.032,3.12,0.01,0.08,あと3日,https://detail.chiebukuro.yahoo.co.jp/qa/question_detail/q14324816799,金融ブラックが一括払い等以外で値段の高いiPhoneを買う方法はありますか？,0,0
2867,2026/2/2 2:02,アルバイト、フリーター,1150627000,16時間55分,0,19,19.0,0,0,0.019,0.0,0.0,0.02,あと3日,https://detail.chiebukuro.yahoo.co.jp/qa/question_detail/q14324816539,花まる学習会でアルバイトをされている方に質問です。 今年の4月からアルバイトを始めたいのですが、応募する際にアルゴクラブで働きたいなどの指定は可能なのでしょうか？ 調べてもあまり出てこないのでどなたか...,0,0
2868,2026/2/2 2:02,スマホアプリ,a9c3711a2,16時間55分,1,36,36.0,0,0,0.035,2.78,0.01,0.08,あと3日,https://detail.chiebukuro.yahoo.co.jp/qa/question_detail/q14324816469,大至急です！ブルアカを久々にやろうと思って前のアカにアップルでサインインしていたのでアップルでログインしようとしたらアカウントがないと出てきましたどうすればいいですか？,0,0
2869,2026/2/2 2:02,動画サービス,pip********,16時間55分,0,12,12.0,0,0,0.012,0.0,0.0,0.01,あと3日,https://detail.chiebukuro.yahoo.co.jp/qa/question_detail/q14324816559,過去にXにて見た動画で、外国人の女の人が部屋の中で動画を撮ろうと準備した時に後ろに転けて、その時出た「あぁ！ 」と言う声で色々なセッション動画(ハリーポッターのテーマ曲など)を作られていたのですが見当...,0,0
2870,2026/2/2 2:02,アニメ,1252320953,16時間56分,0,25,25.0,0,0,0.025,0.0,0.0,0.02,あと3日,https://detail.chiebukuro.yahoo.co.jp/qa/question_detail/q14324816649,僕のヒーローアカデミアの葉隠透ちゃんのような髪色をしてみたいのですが、色落ちした後ってどんな感じになりそうですか？ また上の白っぽい方か、下の黄緑っぽい方だとどちらがやりやすいですか？,0,0
2871,2026/2/2 2:02,男性アイドル,wgc********,16時間56分,0,26,26.0,0,0,0.026,0.0,0.0,0.03,あと3日,https://detail.chiebukuro.yahoo.co.jp/qa/question_detail/q14324816379,KinKi Kids“硝子の少年”の映像について質問です。 ダンスの“舗道の空き缶を蹴飛ばすところ”の、足が上がっている映像を見たいのですが、“KinKi Kids Concert Thank you...,0,0
2872,2026/2/2 2:02,X（旧Twitter）,a96de1d24,16時間56分,0,9,9.0,0,0,0.009,0.0,0.0,0.01,あと3日,https://detail.chiebukuro.yahoo.co.jp/qa/question_detail/q14324816504,Xで誰かをメンションしたツイートはタイムラインに表示されないと聞いたのですが、タイムラインに表示されるメンションツイートもあると聞きました。表示されるツイートとされないツイートの違いはなんですか？,0,0
2873,2026/2/2 2:02,住宅,a832be843,16時間56分,0,7,7.0,0,0,0.007,0.0,0.0,0.01,あと3日,https://detail.chiebukuro.yahoo.co.jp/qa/question_detail/q14324816629,なくし物をしたのですが、ありそうな場所とかってありますか？ ちなみに家から持ち出したことないです。,0,0
2874,2026/2/2 2:02,X（旧Twitter）,cb0831f60,16時間56分,0,12,12.0,0,0,0.012,0.0,0.0,0.01,あと3日,https://detail.chiebukuro.yahoo.co.jp/qa/question_detail/q14324816459,とあるポスト（ツイート）またはアカウントを探しています。 ・ラバーファッション（ボンテージファッション？エナメルファッション？）に関心のある女性 ・白いもこもこのケープを着て「蚕みたい」「かわいい」と...,0,0
2875,2026/2/2 2:02,レディース全般,b69382136,16時間56分,0,23,23.0,0,0,0.023,0.0,0.0,0.02,あと3日,https://detail.chiebukuro.yahoo.co.jp/qa/question_detail/q14324816404,体型を隠せるスーツを探しています。 性別は女で体型は太っているわけではないです。 スーツの特に下半身のピチッとしたところが苦手で緩めかつシルエットがわかりにくいものがいいなと思っています。 よろしくお...,0,0
2876,2026/2/2 2:02,アニメ、コミック,05017015yN,16時間56分,0,20,20.0,0,0,0.02,0.0,0.0,0.02,あと3日,https://detail.chiebukuro.yahoo.co.jp/qa/question_detail/q14324816349,呪術廻戦のキャラグッズの現在のレートを教えてください。 主観で大丈夫です。,0,0
2877,2026/2/2 2:02,X（旧Twitter）,B,16時間56分,0,16,16.0,0,0,0.016,0.0,0.0,0.02,あと3日,https://detail.chiebukuro.yahoo.co.jp/qa/question_detail/q13324817138,障害を公言しているツイッタラーにやたらずんだもんの真似をしている人が多いのは何故でしょうか,0,0
2878,2026/2/2 2:02,ドラゴンクエスト,1253144294,16時間56分,1,33,33.0,0,0,0.032,3.03,0.01,0.08,あと3日,https://detail.chiebukuro.yahoo.co.jp/qa/question_detail/q13324817078,ファンパレの質問です。夢幻廻楼53階で詰まってます。夜夏油に宝珠使うのどう思いますか？,0,0
2879,2026/2/2 2:02,大学受験,コンビニ,16時間56分,1,66,66.0,0,0,0.065,1.52,0.04,0.11,あと3日,https://detail.chiebukuro.yahoo.co.jp/qa/question_detail/q13324817163,共通テスト利用のリサーチについて質問です。 判定が河合塾がA、駿台がC、東進がDでした。 この場合どれを信用したら良いのでしょうか？,0,0
2880,2026/2/2 2:02,ヘアスタイル,1052045803,16時間56分,0,21,21.0,0,0,0.021,0.0,0.0,0.02,あと3日,https://detail.chiebukuro.yahoo.co.jp/qa/question_detail/q13324817158,こちらの髪型についての質問です これは横はどういうスタイルでしょうか？ ツーブロではないですよね？ この写真を見せれば理容師さんは分かってくれますか？,0,0
2881,2026/2/2 2:02,クレジットカード,pm2wWdp2,16時間56分,1,35,35.0,0,1,0.034,2.86,0.01,0.11,あと3日,https://detail.chiebukuro.yahoo.co.jp/qa/question_detail/q13324817028,Netflixの支払いエラーについて。 お支払い処理ができませんでした、とメールがきましたが、現在進行形で使用できるカードなのでなぜ使用できないカードだと出てしまうのか分かりません。 上限も大丈夫です...,0,0
2882,2026/2/2 2:02,飲食店,ゆずんでぃ,16時間56分,0,15,15.0,0,0,0.015,0.0,0.0,0.01,あと3日,https://detail.chiebukuro.yahoo.co.jp/qa/question_detail/q13324816953,フォンダ デ ラ マドゥルガーダのお店に行こうと思ってるんですが、コースではなく単品で頼もうと思ってるんですが値段はいくらくらいしましたか？ あと、接客態度などを教えて欲しいです,0,0
2883,2026/2/2 2:02,ファッション,c1214af7,16時間56分,0,10,10.0,0,0,0.01,0.0,0.0,0.01,あと3日,https://detail.chiebukuro.yahoo.co.jp/qa/question_detail/q13324817048,みなみちゃんは基本どこで服を買っていますか？ 分かる人教えて欲しいです,0,0
2884,2026/2/2 2:02,美容整形,c289eafe,16時間56分,1,90,90.0,0,0,0.089,1.11,0.08,0.14,不明,https://detail.chiebukuro.yahoo.co.jp/qa/question_detail/q13324817063,至急 19日に埋没をしました。目の裏の方でチクチク？ します。糸がある感じがします右目は目をクルクルするとチクチクして左目は引っ張ったら針刺されたようにチクッとしていたいです。これは抜糸した方がいいで...,0,0
2885,2026/2/2 2:02,Yahoo!知恵袋,イオン,16時間56分,0,24,24.0,0,0,0.024,0.0,0.0,0.02,あと3日,https://detail.chiebukuro.yahoo.co.jp/qa/question_detail/q13324816913,答えを教えてください,0,0
2886,2026/2/2 2:02,バンド,非公開,16時間57分,1,15,15.0,0,0,0.015,6.67,0.0,0.06,あと3日,https://detail.chiebukuro.yahoo.co.jp/qa/question_detail/q13324817058,新興宗教楽団NoGoDはV系ですか？,0,0
2887,2026/2/2 2:02,X（旧Twitter）,1253323256,16時間57分,0,11,11.0,0,0,0.011,0.0,0.0,0.01,あと3日,https://detail.chiebukuro.yahoo.co.jp/qa/question_detail/q13324816958,X（Twitter）で一瞬見かけた画像を探しています。 特徴は メズマライザーの初音ミク単体で、服がはだけていて少しビキニ？下着？が見えていてハート目になっている画像です。,0,0
2888,2026/2/2 2:02,バンド,非公開,16時間57分,1,11,11.0,0,0,0.011,9.09,0.0,0.06,あと3日,https://detail.chiebukuro.yahoo.co.jp/qa/question_detail/q13324817073,MY HAIR IS BADのシングルで好きなものを何個でも良いのでお願いします,0,0
2889,2026/2/2 2:02,アニメ,女,16時間57分,0,20,20.0,0,0,0.02,0.0,0.0,0.02,あと3日,https://detail.chiebukuro.yahoo.co.jp/qa/question_detail/q13324816968,だいぶ前にTikTokで忍たまの多分勘くく? (忍たまを知る前に見たので覚えてないけど久々知兵助は多分居る)の死ネタで、実は死ネタじゃないみたいな動画を探しています。音源は星にでも願ってろだったような...,0,0
2890,2026/2/2 2:02,YouTube,あ,16時間57分,0,17,17.0,0,0,0.017,0.0,0.0,0.02,あと3日,https://detail.chiebukuro.yahoo.co.jp/qa/question_detail/q13324816838,最近YouTubeを見ていると、急にボイスチェンジャーを使っているかのような音になる時がよくあります。 そうなるとどの動画に飛んでもボイスチェンジャーを通したような声になり、一度YouTubeを閉じて...,0,0
2891,2026/2/2 2:02,コミック,abacf4467,16時間57分,0,41,41.0,0,0,0.04,0.0,0.0,0.04,あと3日,https://detail.chiebukuro.yahoo.co.jp/qa/question_detail/q13324816883,前に読んだ漫画が思い出せません。 主人公は男で、学園で飼ってる珍獣？を管理する棟の最奥にいるサキュバスに定期的に精気を与えに行く。その代わりに力を借りてダンジョン攻略するみたいな話だったと思います。 ...,0,0
2892,2026/2/2 2:02,ヘアスタイル,よしあち,16時間57分,0,21,21.0,0,0,0.021,0.0,0.0,0.02,あと3日,https://detail.chiebukuro.yahoo.co.jp/qa/question_detail/q13324816863,画像のような髪型にするにはどのように巻けば良いのでしょうか？ コテ初心者で、内巻き・外巻き・縦ロールなどわかりません。,0,0
2893,2026/2/2 2:02,メイク、コスメ,jin********,16時間57分,0,12,12.0,0,0,0.012,0.0,0.0,0.01,あと3日,https://detail.chiebukuro.yahoo.co.jp/qa/question_detail/q13324816758,ケイト ポッピングシルエットシャドウ PK-1 ラズベリーロゼポップ 左下のカラーに近いケイトの単色アイシャドウはありませんか？,0,0
2894,2026/2/2 2:02,マインクラフト,ちゅんぴーた,16時間57分,3,67,22.3,0,0,0.066,4.48,0.01,0.21,あと3日,https://detail.chiebukuro.yahoo.co.jp/qa/question_detail/q13324816683,スイッチでマイクラをしてます。 半自動釣り機つくりたくて統合版のやつ真似したらホッパー付きトロッコで止まってどうしてもチェストまで行かないんですけどやっぱり統合版とスイッチ版だと釣り機の作り方も違うん...,0,0
2895,2026/2/2 2:02,おもちゃ,spirits,16時間57分,0,5,5.0,0,0,0.005,0.0,0.0,0.0,あと3日,https://detail.chiebukuro.yahoo.co.jp/qa/question_detail/q13324816688,ダース・ベイダーのヘルメットの商品について教えてください。 以前にルービーズからスープリームメディションが出ていましたが、近年ハズブロから発売されたブラックシリーズの音が出るベイダーのヘルメット（目が...,0,0
2896,2026/2/2 2:02,病気、症状,a1785f211,16時間57分,0,9,9.0,0,0,0.009,0.0,0.0,0.01,あと3日,https://detail.chiebukuro.yahoo.co.jp/qa/question_detail/q13324816418,へその横、腸骨(股間の横に出っ張ってる骨) の間あたりたまに、一回だけチク(ピリッ)っときます。しかも、3.4回それが続きます。 腸の病気でしょうか？,0,0
2897,2026/2/2 2:02,大学受験,1052583829,16時間57分,0,26,26.0,0,0,0.026,0.0,0.0,0.03,あと3日,https://detail.chiebukuro.yahoo.co.jp/qa/question_detail/q13324816493,今年の明治学院のA日程の国語は古文と文語文どっちが出ると思いますか？ 古文がすごく苦手で文語文は取れるんです(T＿T),0,0
2898,2026/2/2 2:02,インターネットショッピング,1052133478,16時間57分,0,24,24.0,0,0,0.024,0.0,0.0,0.02,あと3日,https://detail.chiebukuro.yahoo.co.jp/qa/question_detail/q13324816368,Tiktokショップのこれって大丈夫ですかね？！ 気になるんですけどむっちゃ心配です 大丈夫だった場合コンビニ支払いにしようと思うのですがクレジットより安全ですよね？,0,0
2899,2026/2/2 2:02,レディース腕時計、アクセサリー,びっくばん,16時間57分,0,15,15.0,0,0,0.015,0.0,0.0,0.01,あと3日,https://detail.chiebukuro.yahoo.co.jp/qa/question_detail/q14324919994,ヴィヴィアンのネックレス買ったんですけど、長いから短くしたいんですけどこれってできますか？,0,0
2900,2026/2/2 2:02,デンタルケア,、。,16時間57分,1,14,14.0,0,0,0.014,7.14,0.0,0.06,あと3日,https://detail.chiebukuro.yahoo.co.jp/qa/question_detail/q13324919993,歯磨きを毎日せず怠り続けると虫歯ができて虫歯菌が生まれ虫歯が次々できてしまうんですか？,0,0
2901,2026/2/2 2:02,賃貸物件,1151571978,16時間58分,1,55,55.0,0,0,0.054,1.82,0.03,0.1,あと3日,https://detail.chiebukuro.yahoo.co.jp/qa/question_detail/q12324817137,賃貸ダクトレールの調光?について質問です。 写真左のダクトレールにペンダントライトをつけたいのですが、 ●調光タイプ＋調光対応電球、リモコンを購入すると、そのまま調光できるのでしょうか。 調べると工事...,0,0
2902,2026/2/2 2:02,YouTube,zer********,16時間58分,0,17,17.0,0,0,0.017,0.0,0.0,0.02,あと3日,https://detail.chiebukuro.yahoo.co.jp/qa/question_detail/q12324817162,ILLITのmagneticのYouTube動画について。 背景がピンク色で、上半身だけ映ってる状態で歌ってるPVのような動画があったですが、見当たりません。前半と後半でパートが入れ替わり、2部構成に...,0,0
2903,2026/2/2 2:02,ピアス,ooooooooo,16時間58分,0,23,23.0,0,0,0.023,0.0,0.0,0.02,あと3日,https://detail.chiebukuro.yahoo.co.jp/qa/question_detail/q12324817007,こちらの動画でゆりにゃちゃんがつけてるピアス？イヤリング？、どこのか教えて欲しいです...！！ https://vt.tiktok.com/ZSaxXmwcH/,0,0
2904,2026/2/2 2:02,音楽,1251957923,16時間58分,0,7,7.0,0,0,0.007,0.0,0.0,0.01,あと3日,https://detail.chiebukuro.yahoo.co.jp/qa/question_detail/q12324817042,2月にZORN/OZROSAURUSの武道館に行行くのですが、サブスクに無い曲が多くAppleMusicで買おうと思うのですが、どれを買えばいいか教えて欲しい欲しいです。 あとこれは聞いといた方がいい...,0,0
2905,2026/2/2 2:02,バス、タクシー,社会のゴミ,16時間58分,0,12,12.0,0,0,0.012,0.0,0.0,0.01,あと3日,https://detail.chiebukuro.yahoo.co.jp/qa/question_detail/q12324817117,鹿島海軍航空隊跡に公共交通機関で 行く為の費用はどれくらいかかりますか？ 公式サイトには土浦駅からバスで谷津入で下車して付近にタクシー会社とあるのですが やはり公共交通機関で 行くのは諦めたほうがいい...,0,0
2906,2026/2/2 2:02,アニメ,1150068075,16時間58分,0,21,21.0,0,0,0.021,0.0,0.0,0.02,あと3日,https://detail.chiebukuro.yahoo.co.jp/qa/question_detail/q12324817082,エンドフィールドで女管理人のタイツのクオリティ上げるグラフィック設定はどれを上げれば反映されますか？PC版です。,0,0
2907,2026/2/2 2:02,Instagram,******,16時間58分,0,11,11.0,0,0,0.011,0.0,0.0,0.01,あと3日,https://detail.chiebukuro.yahoo.co.jp/qa/question_detail/q12324817072,インスタのチャンネルで自分にだけdmが届かないことってありますか？ ツイッターで見つけた方にはこのようなものが来てて私のアカウントで見に行ったら前に来たdmのままでした。誰か詳しい方いませんか、、？,0,0
2908,2026/2/2 2:02,ポータブル音楽プレーヤー,あっそ,16時間58分,2,37,18.5,0,0,0.036,5.41,0.01,0.13,あと3日,https://detail.chiebukuro.yahoo.co.jp/qa/question_detail/q12324817027,Anker Soundcore P31i って言うイヤホンはお得ですか？,0,0
2909,2026/2/2 2:02,メルカリ,1152165966,16時間58分,1,37,37.0,0,1,0.036,2.7,0.01,0.11,あと3日,https://detail.chiebukuro.yahoo.co.jp/qa/question_detail/q12324816942,メルカリでリックオウエンスのジオバスケットを7万円で購入しようとしてるのですが、本物ですか？,0,0
2910,2026/2/2 2:02,これ、探してます,v,16時間58分,1,39,39.0,0,0,0.038,2.56,0.01,0.09,あと3日,https://detail.chiebukuro.yahoo.co.jp/qa/question_detail/q12324816817,難しいのは承知なのですが、この画像の商品を購入出来る所はございませんでしょうか？,0,0
2911,2026/2/2 2:02,iPhone,1251773624,16時間58分,1,25,25.0,0,0,0.025,4.0,0.01,0.07,あと3日,https://detail.chiebukuro.yahoo.co.jp/qa/question_detail/q12324919992,iPhone16Proの充電持ちについてお聞きしたいです。 私は去年の3月にiPhone16Proを購入しました。その時から充電の減りが少し早いなと感じており、色々調べてはみたのですが、最初はダウンロ...,0,0
2912,2026/2/2 2:02,オークション、フリマサービス,ca673a2bc,16時間58分,0,10,10.0,0,0,0.01,0.0,0.0,0.01,あと3日,https://detail.chiebukuro.yahoo.co.jp/qa/question_detail/q12324816872,ジモティー出品者です 遠方の為着払でオンライン決済になりジモティーから購入メールあったので郵送しましたが、宛名不完全で返送 郵便屋さんに送料請求されました 新住所聞いたので再送予定ですが送料のみの請求...,0,0
2913,2026/2/2 2:02,エステ、脱毛,19756390442,16時間58分,0,6,6.0,0,0,0.006,0.0,0.0,0.01,あと3日,https://detail.chiebukuro.yahoo.co.jp/qa/question_detail/q12324816867,山梨県でおすすめのマツエクありませんか？バサバサって感じではなくナチュラルな感じが良いのですが,0,0
2914,2026/2/2 2:02,就職活動,aae********,16時間58分,1,12,12.0,0,0,0.012,8.33,0.0,0.06,あと3日,https://detail.chiebukuro.yahoo.co.jp/qa/question_detail/q12324816972,今度仕事フェアに参加する予定なのですが履歴書に貼る写真をどうしようか迷っています。 いろんな企業様に渡す予定なので証明写真を2回ほど取らないといけなくてそうすると結構お金もかかってしまうのでスマホで撮...,0,0
2915,2026/2/2 2:02,X（旧Twitter）,Lo_o,16時間58分,0,19,19.0,0,0,0.019,0.0,0.0,0.02,あと3日,https://detail.chiebukuro.yahoo.co.jp/qa/question_detail/q12324816987,Twitterに登録してあるメールアドレスが携帯を変更したため届かなくなっているのですが、Twitter再ログインの際にメールアドレスに送信した番号を確認する作業はありますか？ パスワードとユーザー名...,0,0
2916,2026/2/2 2:02,目の病気,c289eafe,16時間58分,0,10,10.0,0,0,0.01,0.0,0.0,0.01,あと3日,https://detail.chiebukuro.yahoo.co.jp/qa/question_detail/q12324816892,眠たくなると目を瞑るのですが目を瞑っている時なんかこしょばい感じがします。これはなんですか？これのせいで眠りにくいです,0,0
2917,2026/2/2 2:02,動画サービス,twh********,16時間59分,0,9,9.0,0,0,0.009,0.0,0.0,0.01,あと3日,https://detail.chiebukuro.yahoo.co.jp/qa/question_detail/q12324816602,下記URLのTiktokでよくある歌詞動画について、どのように作成しているのでしょうか？ 何かテンプレートがあるのでしょうか？ もしない場合は元素材はどこから入手しているのでしょうか？ https:/...,0,0
2918,2026/2/2 2:02,携帯型ゲーム全般,tzj********,16時間59分,0,107,107.0,0,0,0.105,0.0,0.0,0.1,あと3日,https://detail.chiebukuro.yahoo.co.jp/qa/question_detail/q12324816772,質問というか愚痴を聞いていただきたいです。 ドカバトの11周年ガチャで1700個の龍石をドッカンフェスに注ぎ込みました。 結果は:目玉0、ドゥー1、リバチェンブルー1、リバチェンベジット3、Ｚコンビ3...,0,0
2919,2026/2/2 2:02,ゲーム,すい,16時間59分,0,11,11.0,0,0,0.011,0.0,0.0,0.01,あと3日,https://detail.chiebukuro.yahoo.co.jp/qa/question_detail/q12324816732,他のゲームではラグくならないのに discordのみ回線が不安定になりping4000とかになります。 APEXを開きながらdiscordひらくとAPEXはラグくないのにdiscordだけみんなの声が...,0,0
2920,2026/2/2 2:02,大学受験,b847a5905,16時間59分,0,15,15.0,0,0,0.015,0.0,0.0,0.01,あと3日,https://detail.chiebukuro.yahoo.co.jp/qa/question_detail/q12324816617,国士舘大経済学科スポーツ武道選抜二期受かるんですけど、面接どんな感じですか、どんなこと聞かれますか,0,0
2921,2026/2/2 2:02,アニメ,b76ec6b95,16時間59分,0,5,5.0,0,0,0.005,0.0,0.0,0.0,あと3日,https://detail.chiebukuro.yahoo.co.jp/qa/question_detail/q12324816622,賭ケグルイの妄とのギャンブルで追加された「たまを外したらこの分相手から打たれる」という設定はどこにいったんですか？,0,0
2922,2026/2/2 2:02,アルバイト、フリーター,b4b503800,16時間59分,0,36,36.0,0,0,0.035,0.0,0.0,0.04,あと3日,https://detail.chiebukuro.yahoo.co.jp/qa/question_detail/q12324816692,アルバイトのミスドについてです。 最近ミスドのバイトを始めたのですが、夜に入ってることが多いので夜ご飯をミスドにしています2個毎回食べてるのですが、太りますかね、、夜ご飯は本当にそれだけで帰っても食べ...,0,0
2923,2026/2/2 2:02,インターネットサービス,1152558822,16時間59分,1,14,14.0,0,1,0.014,7.14,0.0,0.09,あと3日,https://detail.chiebukuro.yahoo.co.jp/qa/question_detail/q11324919991,ビックローブ光で1月の初めに引っ越しの手続きを終わらせて退去日を1／31にし入居日を2／1にして、1／31に撤去工事(無派遣工事)を終わったのですが移転先の開通工事がずっと画像のように表示されていて、...,0,0
2924,2026/2/2 2:02,ポケットモンスター,非公開,16時間59分,2,54,27.0,1,0,0.053,3.7,0.01,0.25,あと3日,https://detail.chiebukuro.yahoo.co.jp/qa/question_detail/q12324816472,ポケモンの偉業について質問します。 これらの実績で偉業順に並べるならどうなりますか？ 1「ポケモン実況で登録者30万人以上になる」 2「ポケモンに関連する動画で再生数が100万回以上になる」 3「ポケ...,0,0
2925,2026/2/2 2:02,コミュニケーションサービス,アキオ,16時間59分,0,4,4.0,0,0,0.004,0.0,0.0,0.0,あと3日,https://detail.chiebukuro.yahoo.co.jp/qa/question_detail/q12324816467,Discordで特にルール等を破っていないのに特定のサーバーに何度入っても時間が経つと勝手にサーバーから抜けています 招待URLを踏んでも入れる時とこのように入れない時があります 乗っ取りなのでしょう...,0,0
2926,2026/2/2 2:02,ゲーム,jin********,16時間59分,0,6,6.0,0,0,0.006,0.0,0.0,0.01,あと3日,https://detail.chiebukuro.yahoo.co.jp/qa/question_detail/q12324816507,最近のグーグルゲームの広告は一定の時間になると強制的にはいるような仕様になってますが、これは健康のためなのでしょうね?,0,0
2927,2026/2/2 2:02,K-POP、アジア,a4d394ce,16時間59分,0,83,83.0,0,0,0.081,0.0,0.0,0.08,あと3日,https://detail.chiebukuro.yahoo.co.jp/qa/question_detail/q12324816527,質問があります！今度の福岡のSMTOWN1日目が当たったんですけど、スーパーゲートのVIP席で5番6番が当たりました！ 写真で見たら前5席後ろ5席っぽいんですけどこれって友達と前後ろで別れたりしますか...,0,0
2928,2026/2/2 2:02,大学受験,1151807349,16時間59分,0,26,26.0,0,0,0.025,0.0,0.0,0.03,あと3日,https://detail.chiebukuro.yahoo.co.jp/qa/question_detail/q12324816427,東京女子大の古文の配点どれくらいあると思いますか？ 均等に分けると50／50／50だとおもうんですが、個人的に現代文が簡単すぎるので、もしかしたら古文の配点思ってるより大きいんじゃないかと不安になって...,0,0
2929,2026/2/2 2:02,ニキビケア,1152705831,16時間59分,0,23,23.0,0,0,0.023,0.0,0.0,0.02,あと3日,https://detail.chiebukuro.yahoo.co.jp/qa/question_detail/q12324816367,エルリスの飲むやつってニキビ跡に効果ありますか？,0,0
2930,2026/2/2 2:02,邦楽,知恵袋盛り上げ隊,16時間59分,2,8,4.0,0,3,0.008,25.0,0.0,0.19,あと3日,https://detail.chiebukuro.yahoo.co.jp/qa/question_detail/q10324919990,博愛 で思い浮かぶ曲は？,0,0
2932,2026/2/2 2:02,音楽,どーなつ,16時間59分,0,16,16.0,0,0,0.016,0.0,0.0,0.02,あと3日,https://detail.chiebukuro.yahoo.co.jp/qa/question_detail/q12324816457,原神について質問です。 （6.3の魔神任務途中です） コロンビーナ単体で月の扉の中を探索する場所（レリルやソリンディス、月の三女神と出会う場所）がありましたが、そこで流れていたbgmを探しています。 ...,0,0
2933,2026/2/2 2:02,写真、ビデオ,1150262569,17時間0分,1,5,5.0,0,0,0.005,20.0,0.0,0.05,あと3日,https://detail.chiebukuro.yahoo.co.jp/qa/question_detail/q14324919989,TikTokのアカウントを消してすぐに同じ名前と同じ写真で作り直して、TikTokライブのアクセス取得を申請したのですが一向に申請が通りません。 何か原因があるのでしょうか？,0,0
2934,2026/2/2 2:02,オーディオ,1052352802,17時間0分,1,12,12.0,0,0,0.012,8.33,0.0,0.06,あと3日,https://detail.chiebukuro.yahoo.co.jp/qa/question_detail/q12324816357,イヤホンについてです BoseとJBL TOUR PRO 3はどっちの方が音質いいですか？また音の特徴も教えて欲しいです,0,0
2935,2026/2/2 2:02,郵便、宅配,hel********,17時間0分,2,26,13.0,0,1,0.025,7.69,0.0,0.15,あと3日,https://detail.chiebukuro.yahoo.co.jp/qa/question_detail/q13324919988,数年前に行ったパリの地下鉄で間違って 子供用のチケットを買ってしまいました 。使うことができないしパリはプリペイドカードになってしまっているので手元にあります。 知人のフランス人の姪っ子が6歳と聞いた...,0,0
2936,2026/2/2 2:01,留学、ホームステイ,1151595726,17時間1分,0,16,16.0,0,0,0.016,0.0,0.0,0.02,あと3日,https://detail.chiebukuro.yahoo.co.jp/qa/question_detail/q11324816841,EFで留学経験のある方に質問があります。 2月に留学に行くのですが、その前にEFで走行会があると知りました。 今まで自分は一回もEFに顔を出したことがなく、友達も0なのですが、他の人はもうすでに仲良く...,0,0
2937,2026/2/2 2:01,K-POP、アジア,MOA,17時間1分,0,16,16.0,0,0,0.016,0.0,0.0,0.02,あと3日,https://detail.chiebukuro.yahoo.co.jp/qa/question_detail/q11324816916,KCONドリームステージについて質問したいんですが。現在中学生で応募したいのですが何歳から応募可能ですか？Googleだと13歳以上と書いてあるのですがよく分からなくて…​,0,0
2938,2026/2/2 2:01,動画、映像,b67bce5c3,17時間1分,0,12,12.0,0,0,0.012,0.0,0.0,0.01,あと3日,https://detail.chiebukuro.yahoo.co.jp/qa/question_detail/q11324816911,アライトモーションでエクスポートするときの品質について質問です。 iPadでアライトモーションを使っています。 エクスポートする時に品質の項目を変更しようとしたのですが、スクロールしてもこれ以上下がら...,0,0
2939,2026/2/2 2:01,スマートフォンアクセサリー,a2635c276,17時間1分,1,17,17.0,0,0,0.017,5.88,0.0,0.07,あと3日,https://detail.chiebukuro.yahoo.co.jp/qa/question_detail/q11324816931,ヘッドホンの接続について質問です。 先日、anker soundcore Q30iを購入しました。 無線での性能もよく、便利なのですが、 サブスクでハイレゾ音をスマホで聴きたいく、 そのためには有線接...,0,0
2940,2026/2/2 2:01,YouTube,チ。ーチキンナゲットについてー,17時間1分,0,24,24.0,1,0,0.023,0.0,0.0,0.12,あと3日,https://detail.chiebukuro.yahoo.co.jp/qa/question_detail/q11324816941,最近youtubeのショート動画にたくさんあるAI生成の動画って何のアプリ、サイトで作ってるんですか？,0,0
2941,2026/2/2 2:01,ゲーム,lD非公開,17時間1分,0,188,188.0,0,0,0.184,0.0,0.0,0.18,あと3日,https://detail.chiebukuro.yahoo.co.jp/qa/question_detail/q11324817116,エンドフィールドの物理編成とその立ち回りを教えてほしいです。 現在、ポグ1凸餅・リーフォン餅・チェンセンユー・ダパンの火力特化テンプレ組んでます。 立ち回り(スキル回し)の動画見たんですが、その人はポ...,0,0
2942,2026/2/2 2:01,Yahoo!知恵袋,非公開,17時間1分,0,12,12.0,0,0,0.012,0.0,0.0,0.01,あと3日,https://detail.chiebukuro.yahoo.co.jp/qa/question_detail/q11324816871,口頭試問で聞かれる質問の数は、およそいくつくらいになると思いますか？ 時間は15分です。,0,0
2943,2026/2/2 2:01,オーディオ,wsdssdhdd,17時間1分,1,12,12.0,0,0,0.012,8.33,0.0,0.06,あと3日,https://detail.chiebukuro.yahoo.co.jp/qa/question_detail/q11324816746,イヤホンで質問です 初心者なんですけどアマゾンに売っているzstxとbc04ってどちらが良いとかありますか？ 何が違いますか？,0,0
2944,2026/2/2 2:01,お酒、ドリンク,cc73df47e,17時間1分,0,18,18.0,0,0,0.018,0.0,0.0,0.02,あと3日,https://detail.chiebukuro.yahoo.co.jp/qa/question_detail/q11324816696,平成で、昔ミリオンの自販機に売られてた30円の細長い炭酸缶ジュース覚えてる人いませんか？30円〜50円で買えたやつです！サイダー味とかグレープ味とかありました,0,0
2945,2026/2/2 2:01,Yahoo!知恵袋,c4804d1c3,17時間1分,0,6,6.0,0,0,0.006,0.0,0.0,0.01,あと3日,https://detail.chiebukuro.yahoo.co.jp/qa/question_detail/q11324816711,ご理解のある方のみ回答お願い致します。 ICEx 阿久根温世のお渡し会は何枚で閉めれますか？ そして 現在各メンバーにTOみたいな方はいますか？,0,0
2946,2026/2/2 2:01,ライブ、コンサート,ba9e8aab5,17時間1分,0,10,10.0,0,0,0.01,0.0,0.0,0.01,あと3日,https://detail.chiebukuro.yahoo.co.jp/qa/question_detail/q11324816716,スカについて教えてください。 よくみんながライブハウスでやっている音に乗って足踏みする スカ のやり方を教えて欲しいです！ 正解がわからずに上手くできません。コツなどあれば教えて欲しいです！またツース...,0,0
2947,2026/2/2 2:01,アニメ,倫乃,17時間1分,1,31,31.0,0,0,0.03,3.23,0.01,0.08,あと3日,https://detail.chiebukuro.yahoo.co.jp/qa/question_detail/q12324919987,ウマ娘初心者です 推しの私服を解放したいので親愛度を上げたいのですが、親密度獲得量UPキャンペーンみたいなのって次はいつ頃開催されますか？,0,0
2948,2026/2/2 2:01,本、雑誌,b83f66d27,17時間1分,1,27,27.0,0,0,0.026,3.7,0.01,0.08,あと3日,https://detail.chiebukuro.yahoo.co.jp/qa/question_detail/q11324816441,短編小説/絵本についての質問です。 子供の頃に読んだお話を探しています。ご存知の方がいれば教えていただきたいです。 国語の授業中に読んだのか、それとも絵本を読んだのかは分かりません。 以下覚えている内...,0,0
2949,2026/2/2 2:01,国内,junjunko36,17時間2分,0,4,4.0,0,0,0.004,0.0,0.0,0.0,あと3日,https://detail.chiebukuro.yahoo.co.jp/qa/question_detail/q11324816461,五斗美湖さんのナビゲートのツアーが気になってます。行った方どぅでしたか？,0,0
2950,2026/2/2 2:01,携帯型ゲーム全般,えんら,17時間2分,2,41,20.5,0,0,0.04,4.88,0.01,0.14,あと3日,https://detail.chiebukuro.yahoo.co.jp/qa/question_detail/q11324816406,アークナイツエンドフィールドについてです。 協約核心取り出し口にアイテムを指定した後偶に別のアイテムに勝手に変更されている事があります。これはバグでしょうか？カプセルを作りたくて花をセットしていたのに...,0,0
2951,2026/2/2 2:01,ゲーム,bf57c3663,17時間2分,0,6,6.0,0,0,0.006,0.0,0.0,0.01,あと3日,https://detail.chiebukuro.yahoo.co.jp/qa/question_detail/q11324816561,fc25のナショナルMODはありますか？,0,0
2952,2026/2/2 2:01,絵画,ＩＤ非公開,17時間2分,0,61,61.0,0,0,0.06,0.0,0.0,0.06,あと3日,https://detail.chiebukuro.yahoo.co.jp/qa/question_detail/q11324816361,このイラストの絵師さんを教えてください 先日、Xで見つけました 絵柄が好みだったのでフォローしたいです よろしくおねがいします,0,0
2953,2026/2/2 2:01,マインクラフト,1051985041,17時間2分,2,13,6.5,0,0,0.013,15.38,0.0,0.11,あと3日,https://detail.chiebukuro.yahoo.co.jp/qa/question_detail/q10324919985,スマホ版のマイクラはwiiu版のマイクラのように知らない人と繋がることはできますか？,0,0
2954,2026/2/2 2:01,Yahoo!オークション,b898dc9e,17時間2分,5,76,15.2,1,2,0.074,6.58,0.01,0.47,あと3日,https://detail.chiebukuro.yahoo.co.jp/qa/question_detail/q11324919986,キャリパーを交換したいと思って探しているのですが、ヤフオクで売られているブレンボ 4POT 40mmピッチのキャリパーが他の新品より安いのですが本物だと思いますか？？,0,0
2955,2026/2/2 2:01,釣り,1152557742,17時間2分,2,72,36.0,0,0,0.07,2.78,0.03,0.17,あと3日,https://detail.chiebukuro.yahoo.co.jp/qa/question_detail/q13324919983,アブガルシアのベイトリールで、ベイトシーバスにおすすめのモデルを教えてください。 希望としては、10〜50gくらいのルアーを扱えて、そこそこ飛距離が出るものを探しています。 ラインはPE2〜3号をメイ...,0,0
2956,2026/2/2 2:01,役所、手続き,c834b54f8,17時間2分,3,36,12.0,0,9,0.035,8.33,0.0,0.45,あと3日,https://detail.chiebukuro.yahoo.co.jp/qa/question_detail/q14324919984,明後日引越しなのですが、みなさんはいつカード類などの手続き、や市役所、区役所などに行くことをしていますか？ また、ほかにしないとダメなこともありますが？,0,0
